 $DATA  
Chloroacetaldehyde hydrate and water                                            
C1       0
CL         17.0      3.1522200000      0.7328500000      0.4238800000
   N21     3
        
C           6.0      2.7898600000      0.0933800000     -1.3185900000
   N21     3
        
C           6.0      3.2669800000      1.1036400000     -2.3237900000
   N21     3
        
O           8.0      2.4720300000      2.2423900000     -2.2810400000
   N21     3
        
H           1.0      1.7110200000     -0.0304100000     -1.3617200000
   N21     3
        
H           1.0      3.3248200000     -0.8449900000     -1.4122700000
   N21     3
        
O           8.0      3.1166800000      0.3543100000     -3.7294600000
   N21     3
        
O           8.0      4.0047100000      2.9386500000     -4.5660300000
   N21     3
        
H           1.0      3.5171500000      3.4308700000     -5.2651300000
   N21     3
        
H           1.0      3.7867600000      1.9763900000     -4.6885500000
   N21     3
        
H           1.0      2.1380600000      0.3715300000     -3.8923700000
   N21     3
        
H           1.0      4.3408500000      1.2750300000     -2.2827300000
   N21     3
        
H           1.0      2.8596100000      2.8960000000     -2.9268500000
   N21     3
        
 $END      
 $ZMAT   IZMAT(1)=
         1,   3,   7,
         1,   7,  10,
         1,   8,  13,
         1,   1,   2,
         1,   2,   6,
         1,   2,   5,
         1,   2,   3,
         1,   3,   4,
         1,   3,   7,
         1,   3,  12,
         1,   4,  13,
         1,   7,  11,
         1,   8,   9,
         1,   8,  10,
         2,   1,   2,   5,
         2,   1,   2,   6,
         2,   1,   2,   3,
         2,   2,   3,   7,
         2,   2,   3,  12,
         2,   2,   3,   4,
         2,   2,   3,   7,
         2,   3,   4,  13,
         2,   3,   2,   5,
         2,   3,   7,  11,
         2,   3,   2,   6,
         2,   3,   7,  10,
         2,   3,   7,  11,
         2,   3,   7,  10,
         2,   4,   3,  12,
         2,   4,   3,   7,
         2,   4,   3,   7,
         2,   4,  13,   8,
         2,   5,   2,   6,
         2,   7,   3,  12,
         2,   7,  10,   8,
         2,   7,   3,  12,
         2,   9,   8,  10,
         2,   9,   8,  13,
         2,  10,   8,  13,
         2,  10,   7,  11,
         3,   1,   2,   3,   4,
         3,   1,   2,   3,   7,
         3,   1,   2,   3,  12,
         3,   2,   3,   7,  11,
         3,   2,   3,   4,  13,
         3,   2,   3,   7,  10,
         3,   3,   4,  13,   8,
         3,   3,   7,  10,   8,
         3,   4,   3,   2,   5,
         3,   4,  13,   8,  10,
         3,   4,  13,   8,   9,
         3,   4,   3,   2,   6,
         3,   4,   3,   7,  10,
         3,   4,   3,   7,  11,
         3,   5,   2,   3,   7,
         3,   5,   2,   3,  12,
         3,   6,   2,   3,   7,
         3,   6,   2,   3,  12,
         3,   7,   3,   4,  13,
         3,   7,  10,   8,  13,
         3,   7,  10,   8,   9,
         3,   8,  10,   7,  11,
         3,  10,   7,   3,  12,
         3,  11,   7,   3,  12,
         3,  12,   3,   4,  13,
 $END
-------------------- DATA FROM NSERCH=   0 --------------------
 COORDINATES OF SYMMETRY UNIQUE ATOMS (ANGS)
   ATOM   CHARGE       X              Y              Z
 ------------------------------------------------------------
 CL         17.0   3.1517246247   0.7489739617   0.4401372618
 C           6.0   2.8034118213   0.1201296460  -1.3090515128
 C           6.0   3.2813354085   1.1400556767  -2.3040569091
 O           8.0   2.4984650677   2.2703202354  -2.2868106158
 H           1.0   1.7255241373  -0.0089916372  -1.3597046614
 H           1.0   3.3438791489  -0.8147321142  -1.4061337355
 O           8.0   3.1282651965   0.3411212833  -3.9097571754
 O           8.0   3.9452933057   2.8471324120  -4.4381217782
 H           1.0   3.4727247998   3.3627479746  -5.1306213744
 H           1.0   3.7322007870   1.8796748393  -4.6225788628
 H           1.0   2.1523958696   0.3635023382  -4.0878342544
 H           1.0   4.3544594360   1.3137822206  -2.2542458423
 H           1.0   2.9215641991   2.8853706666  -2.9580824029
--- CLOSED SHELL ORBITALS --- GENERATED AT 22:10:37 29-JUL-2026    
Chloroacetaldehyde hydrate and water                                            
E(R-WB97X-D)=     -762.2849786081, E(NUC)=  306.5227204538,   16 ITERS
 $VEC   
 1  1 9.85802900E-01 5.34276396E-02-2.18629173E-05-4.25408420E-05-1.71107323E-04
 1  2-1.87602521E-02 6.97662259E-05 1.34227514E-04 6.39580602E-04 1.02548907E-02
 1  3-2.52849080E-04-5.03467976E-04-1.77077471E-03-3.18850714E-05-4.17475047E-04
 1  4-7.08478860E-06-1.46541735E-05-1.52390698E-04 8.40340556E-04-4.79594361E-05
 1  5 3.36787514E-04-1.49313736E-03 9.07673313E-05 6.84290142E-04-1.07890438E-07
 1  6 2.40411317E-05 3.61103882E-04-2.30772731E-03 5.34013607E-04 6.95225198E-05
 1  7-1.67701197E-03-2.06026767E-05-1.51348016E-04-2.10992351E-05 2.13628101E-05
 1  8 1.43646076E-05 6.93952194E-04 1.98453885E-04-3.16533936E-04 1.46503001E-04
 1  9 1.51732624E-04-8.26630066E-04 2.00576624E-04-7.61047890E-04 9.86751816E-06
 1 10 9.43464605E-05 1.32614538E-05 1.12558779E-05 3.54867312E-05-2.97266194E-04
 1 11-6.23955665E-05-8.14428625E-05-1.84737668E-04 2.67556534E-07 8.34723474E-06
 1 12-6.50084490E-06-9.16653811E-06 2.74808457E-05 2.20070885E-05 1.52125298E-05
 1 13 1.79607307E-05-8.67580026E-05-2.58852479E-05 1.60189528E-05 5.02902089E-05
 1 14-1.75480710E-04 1.48490373E-06-2.77459089E-05 2.88715581E-04-1.99797796E-04
 1 15-4.23333058E-05 5.49045367E-05
 2  1 7.46774762E-06-5.80660619E-05-2.85923294E-05 1.63212113E-05 4.88568072E-05
 2  2 5.76167367E-04 1.81719169E-04-7.19423457E-05-3.03005861E-04-7.24843730E-04
 2  3-7.45480998E-04 2.38696847E-04 5.52970895E-04 1.61744886E-04 5.12207110E-04
 2  4-4.21937028E-04-6.21805260E-04 4.49385067E-04-5.13626603E-03 3.64493067E-03
 2  5-3.08636200E-03 1.57326369E-03-7.75524158E-04-3.19020009E-03-6.94172875E-04
 2  6 2.29876116E-03 1.20509518E-04 2.14299410E-02-1.02650288E-02 8.53133285E-03
 2  7-1.55290907E-05 9.82615856E-01 1.05386097E-01 3.22393673E-03-1.54504132E-03
 2  8-1.81069297E-03-5.32243938E-02-8.89492828E-03 6.56590411E-03 4.34823781E-03
 2  9 8.25957263E-04 1.67011873E-03-5.75394668E-04-3.85854265E-05 8.83454541E-03
 2 10 2.01775064E-03-3.60974561E-04 4.93495341E-04 3.37704734E-04-2.96838090E-03
 2 11 1.48486814E-03-2.19405731E-03-1.74010512E-03 5.71524824E-03 1.52212585E-03
 2 12-2.69762561E-04-5.42110393E-05 6.25507252E-04-2.03391855E-03 1.02655226E-03
 2 13 2.96411812E-04-2.21128854E-03 2.62818887E-04-8.79544203E-04 4.41732650E-04
 2 14-4.84986352E-04 9.60324872E-04-7.34620528E-04-9.69702827E-04 2.60353337E-04
 2 15 3.16591190E-03 7.08773258E-03
 3  1-6.63555319E-06 4.54505698E-05 1.08766915E-05 2.77753351E-05-5.04032438E-05
 3  2-6.95869726E-04-5.90605176E-05-1.63378120E-04 3.45417768E-04 9.84465749E-04
 3  3 1.84740230E-04 5.76519873E-04-1.10104664E-03 2.24216426E-04 9.37316187E-04
 3  4-1.28228187E-04-1.49480103E-04 4.82329642E-04-6.31174020E-03-4.49102273E-04
 3  5-1.51207223E-03 3.09550507E-03-8.86649062E-04-5.02059110E-03-9.36634818E-06
 3  6 7.94820562E-04 6.18368363E-04 1.66803496E-02-2.82762239E-03-4.65155896E-03
 3  7-5.50484404E-03-8.67013833E-03 2.43684304E-04-9.72459582E-05-4.00824164E-04
 3  8-3.92058587E-04-3.24329843E-03-2.42550476E-04 2.77529859E-03 1.92683538E-03
 3  9 7.77112239E-04-5.06183504E-04 3.35280315E-04 2.90346460E-04 9.82190111E-01
 3 10 1.02467859E-01-2.25624927E-03 1.55898710E-03 1.20071306E-03-4.25100301E-02
 3 11 4.50855031E-03-4.26718165E-03-3.80295297E-03 1.87893970E-02 2.99319499E-03
 3 12-2.81896167E-05-5.67014407E-04-7.12543653E-05-3.89644910E-03 2.03985072E-04
 3 13 2.54669372E-03 2.54838391E-04 3.70598558E-04-1.19151810E-03-1.69131622E-04
 3 14 5.64335751E-03 3.16212232E-03 6.22732279E-03-9.76781869E-04-1.32846414E-03
 3 15 4.47686785E-04-1.02225056E-03
 4  1-6.66131763E-07 5.84326633E-06 6.07166785E-06-3.20286579E-06-6.80094167E-06
 4  2-3.27388794E-05-3.02576856E-05 1.37709626E-05 3.76352224E-05-1.40375462E-05
 4  3 3.11299611E-05 1.78205528E-06 6.68294685E-06-1.91176112E-05-7.68444655E-05
 4  4-6.59831400E-05 5.88316539E-05-7.74174621E-05 8.96472168E-04 4.24462567E-04
 4  5 2.91211982E-04-2.56289416E-04 6.41289848E-05 3.59956834E-04-5.63512513E-05
 4  6-2.12605670E-04 1.71285610E-04-1.71748797E-03 6.82557977E-04 1.84821910E-04
 4  7-5.20101088E-04-5.35774767E-03 3.70669109E-04 5.30205299E-05 4.21599111E-04
 4  8-2.21874186E-04-2.64588207E-03-4.72362171E-04-1.85666382E-03 1.31221633E-03
 4  9-4.14466567E-05 2.69234284E-04-2.14335199E-05-1.94800363E-04-1.86327995E-02
 4 10-9.73061299E-04 3.82712878E-04 5.26974275E-04-3.72604329E-04-1.19560234E-03
 4 11-1.27873503E-03-2.00614346E-03 1.22798385E-03 9.82176848E-01 1.02711922E-01
 4 12-2.20301005E-03-1.18555128E-03-1.90726218E-03-4.32556985E-02 4.72303377E-03
 4 13 3.11820277E-03 3.77483520E-03 3.06393084E-03 6.01789893E-03 2.48060124E-03
 4 14 9.21750141E-03 4.57985235E-04-1.41565918E-03 6.57207286E-05-4.96198946E-04
 4 15-3.89058619E-04 5.08236741E-03
 5  1 7.75655741E-05-1.01183569E-04-1.22368623E-05 4.66530971E-05-2.14947534E-04
 5  2-2.36319224E-03 9.11432699E-05-3.07398783E-04 1.48070506E-03 3.26167959E-03
 5  3-5.87448229E-04-1.41648386E-04-2.51982281E-03-8.90072843E-03-4.03585432E-03
 5  4-2.32163469E-04-4.23207819E-04 2.79606983E-04 2.50755395E-02 5.21054940E-03
 5  5 1.02733890E-02-1.26095091E-02 9.86501448E-01 1.09866128E-01-2.07710241E-04
 5  6-6.82684241E-04-9.03312036E-05-8.21807922E-02 1.29726767E-03 9.95182623E-03
 5  7-6.43107404E-03-6.39955440E-06-3.29720750E-04 3.20942006E-04 2.93015052E-04
 5  8-2.04236096E-04 7.43968604E-03-6.18467117E-04-2.96830352E-03 1.26667069E-03
 5  9-1.49130382E-03 1.49134490E-03-1.56072418E-03 1.28749801E-03-3.50034079E-04
 5 10-2.48337275E-03-1.06773393E-04-9.25448834E-05-5.22121029E-04 8.41154887E-03
 5 11 7.38110117E-04 2.39713710E-03 6.63636629E-03 2.20852955E-05 1.58008721E-04
 5 12 6.75904850E-05 1.65441364E-04-5.95441461E-05-6.70168696E-04-6.19334119E-05
 5 13-3.71651433E-04-6.24260403E-05 3.15176331E-04-5.06162868E-04-4.86495871E-04
 5 14 9.77370136E-04-1.41110713E-03 3.31592067E-03-5.84692301E-04 1.61960964E-02
 5 15 2.21943468E-04 2.88011415E-03
 6  1-2.41925828E-05-1.70091492E-04 6.36875880E-05 1.13502059E-04 3.28185130E-04
 6  2-2.18645343E-03-3.72316070E-04-6.67333007E-04-1.86423966E-03 1.30076438E-02
 6  3-1.37759050E-03-2.39513700E-03-8.61429046E-03 9.86486786E-01 1.11853802E-01
 6  4 3.51943369E-04 7.04256408E-04 1.14011027E-03-9.02566478E-02-2.56352285E-03
 6  5-5.74044157E-03 2.59237280E-03 8.28934410E-03-1.97990602E-03 3.52243113E-04
 6  6 4.44671666E-04-5.37984862E-05 2.33021401E-02-4.92039892E-03-9.89880061E-03
 6  7 9.32269631E-03 3.60884301E-05-2.78736566E-05-4.89919207E-06 5.39019466E-04
 6  8-3.36152319E-04-1.33637917E-03-1.69954805E-04-5.83319115E-04 6.26996832E-04
 6  9-7.27581607E-05 1.54973732E-02-1.61960739E-04 1.54603691E-02 2.97189718E-05
 6 10 1.11988425E-04 1.35415626E-04 1.32868732E-04-1.78265493E-04-7.43055861E-04
 6 11-3.82846094E-04-3.72129933E-04-2.78023994E-04 7.81514247E-06 2.93001896E-05
 6 12-2.08917444E-05 9.96096773E-05-1.63552352E-04-3.63020843E-04 1.30875646E-04
 6 13-2.46745847E-04 5.27257037E-04 3.17554753E-04-2.25868175E-04-2.76833729E-04
 6 14 1.17714872E-03-1.92382776E-04-1.63410325E-04-1.19605046E-03 1.09858218E-03
 6 15 5.59234676E-04 1.29002722E-03
 7  1-3.05123001E-01 9.77078693E-01-1.56128693E-03-3.08002792E-03-8.43792923E-03
 7  2 1.54205739E-01-6.83998928E-04-1.32474311E-03-5.13919750E-03-6.76090241E-02
 7  3 1.78663851E-03 3.53127809E-03 1.18340076E-02-7.30427969E-06 1.69979955E-03
 7  4-3.60518199E-05-2.90147684E-05 4.95516885E-04-2.82053370E-03 6.45334032E-04
 7  5-1.40435678E-03 9.87456538E-03-1.14489758E-04-3.64571439E-03 2.06262091E-05
 7  6-1.54660626E-04-2.06250769E-03 1.26913555E-02-3.22302208E-03-3.69026024E-04
 7  7 9.63939347E-03 1.05808698E-04 7.39262373E-04 8.99405980E-05-1.23911023E-04
 7  8-6.75769513E-05-3.80497460E-03-1.05414133E-03 1.82182853E-03-8.31857375E-04
 7  9-9.68898122E-04 4.99945981E-03-1.25149724E-03 4.56331431E-03-5.63385845E-05
 7 10-5.12604836E-04-7.10623275E-05-5.22597872E-05-2.12867895E-04 1.75302851E-03
 7 11 3.65792701E-04 4.59630034E-04 1.20399418E-03-9.07719418E-08-2.92073516E-05
 7 12 3.24473349E-05 4.18350308E-05-1.34746231E-04-1.55836952E-04-8.32574005E-05
 7 13-7.25170211E-05 4.67325120E-04 1.39387063E-04-1.03212097E-04-2.72787031E-04
 7 14 1.03384528E-03-4.78761512E-05 2.66062666E-04-1.58598860E-03 1.42051624E-03
 7 15 1.87698023E-04-2.89603123E-04
 8  1-3.24318788E-03 1.09777756E-02 1.70523043E-01 3.12121864E-01 9.03183932E-01
 8  2-3.18238431E-03 1.56560809E-02 2.86451907E-02 8.40814761E-02 4.74003522E-03
 8  3-5.11759787E-03-9.46713377E-03-2.89515898E-02-6.92790861E-04-4.40076097E-03
 8  4-3.49505367E-05-1.17027144E-04-3.93087364E-04 9.18485106E-03 8.60935712E-04
 8  5 3.17055375E-03-3.25375224E-03 4.07308061E-04 2.85218364E-03 7.81358792E-05
 8  6 1.43671432E-04 9.25876096E-04-1.16709403E-02 1.68794048E-03 8.82682547E-04
 8  7-8.02914905E-03-7.13563478E-05-4.21703039E-04-1.04844308E-04-6.25645362E-05
 8  8 7.66280764E-05 2.57368399E-03 9.45776929E-04-8.48918624E-04 4.59111350E-04
 8  9-2.49581082E-04-3.87823460E-03-6.46139448E-05-3.60443015E-03 3.22825085E-05
 8 10 2.44048961E-04 4.27712397E-05 9.73617072E-05 2.41596853E-05-1.09378341E-03
 8 11-2.15742014E-04-5.30208059E-04-4.12961896E-04 7.97930548E-08 1.83874938E-05
 8 12-1.53133175E-05-4.31119070E-05 1.01138951E-04 1.35758974E-04 3.11444475E-05
 8 13 9.96422537E-05-3.56538291E-04-1.26285232E-04 8.78439959E-05 2.31695305E-04
 8 14-8.06075261E-04-1.13686723E-04 1.48545591E-04 1.18124772E-03-1.40580150E-04
 8 15-2.47672729E-04-1.47891915E-05
 9  1 1.17216050E-05-8.23855347E-05 5.97541801E-01 6.82178003E-01-3.48384650E-01
 9  2 3.66088771E-04 5.35571558E-02 6.11822843E-02-3.16919502E-02 3.29636813E-04
 9  3-1.67711625E-02-1.92416325E-02 9.66443616E-03 2.15925139E-05 1.18951421E-04
 9  4-3.59474744E-05 5.41300088E-05 5.35331386E-04-7.99402531E-04 8.42290236E-04
 9  5-6.65090722E-04-2.19487759E-03-1.59026899E-04-1.29890839E-03 9.68219981E-06
 9  6-1.83065402E-04-9.64641496E-04 2.48833414E-03-7.48930730E-04 2.02263512E-03
 9  7 4.43460527E-03 4.05847364E-05 2.23217563E-04 8.60039455E-05 9.99002208E-06
 9  8-8.84113464E-05-1.60460909E-03-7.49003074E-04 5.14474397E-04-1.89050649E-04
 9  9 6.20290422E-04-1.67810277E-03 8.21278444E-05-1.13278658E-03-4.18500839E-05
 9 10-3.17753520E-04-6.40466724E-05-8.67107649E-05-1.00342071E-04 1.19925787E-03
 9 11 3.08777856E-04 5.07634883E-04 7.94462249E-04-2.45946225E-06-2.26069601E-05
 9 12 2.82306452E-05 1.00562584E-05-1.88629010E-05 1.67474752E-05-9.21009473E-05
 9 13-2.03898458E-05 8.08323466E-05-3.22024718E-06-1.31753584E-05-5.84190840E-05
 9 14 2.15382197E-04-7.84065934E-05 3.95006174E-04-1.05435143E-03 1.67926374E-03
 9 15 1.87424579E-04-2.69762496E-04
10  1 3.39399344E-05-1.03831266E-04 7.46823116E-01-6.17228686E-01 7.22615348E-02
10  2-4.19095369E-05 6.67861020E-02-5.52303984E-02 6.56869652E-03-1.76652779E-04
10  3-2.03747753E-02 1.70343754E-02-1.94057442E-03-1.12025366E-06-2.02004201E-05
10  4-6.24483005E-05 5.87981182E-06-1.27914820E-04-2.11724328E-04 1.60692943E-03
10  5-1.03649016E-03 7.62160159E-04 5.04939365E-05 5.67904917E-04-4.20312632E-06
10  6 2.08476797E-04 1.54509016E-04-1.45690341E-03-1.08539987E-03-8.45233288E-04
10  7-4.62311946E-04 2.62332035E-06 1.07784676E-04-3.49660664E-05-8.55139525E-05
10  8 3.36904533E-04 1.48777785E-04 3.02960051E-04 2.42299488E-04-9.72815391E-04
10  9 6.33638542E-04-1.33296331E-03-7.76803082E-04 1.84177896E-03 8.04387660E-06
10 10 7.27660209E-05 1.41012762E-05-2.34419413E-05 3.70424519E-05-2.46776027E-04
10 11-1.83424815E-05 6.19360643E-05-1.74656121E-04-4.74711243E-06-4.16591654E-05
10 12 1.30139607E-05 5.05238336E-06-1.34149343E-05 1.21602371E-04-5.23883102E-05
10 13-3.32168823E-05 5.28419200E-05-2.26020636E-05 5.45432773E-05 2.60971500E-05
10 14-1.37267065E-04-5.45011314E-05 9.11070533E-05-4.61013456E-05 1.65764920E-03
10 15-2.09503403E-04-2.71091254E-04
11  1 2.29706173E-03-1.30338803E-02 5.87078152E-04 1.91601379E-04 3.88527534E-03
11  2 1.61665471E-02-1.17557669E-03-6.01939197E-04-7.00554936E-03 6.53325368E-03
11  3 2.31454667E-03 1.90673353E-03 4.64022254E-04-2.24799317E-02 2.00053330E-02
11  4 3.48291253E-03 1.95749191E-02-1.28129991E-02 4.29978273E-02-1.81541390E-02
11  5 1.56508499E-02 3.94433951E-03-9.33548324E-02 1.02081665E-01-5.76221582E-02
11  6 8.10494080E-02 1.50695657E-03 1.44004532E-01 1.79538647E-02-1.19695679E-02
11  7 2.38330629E-03-2.08324949E-01 1.91118874E-01 8.50479455E-02-4.21277451E-02
11  8-4.39431005E-02 6.46794842E-01 9.46413044E-02-4.86369561E-02-5.13730749E-02
11  9 5.20096361E-03-7.62496310E-03 7.52233192E-03 2.20278043E-03-3.50225330E-02
11 10 3.26692433E-02-1.08229838E-02 8.74342761E-03 9.33201339E-03 1.00062200E-01
11 11-1.56407302E-02 1.38975399E-02 5.26791436E-03-2.88253245E-02 2.44883067E-02
11 12-9.48207552E-03-5.37052512E-03-3.70437008E-03 9.01580630E-02-1.34835657E-02
11 13-7.55407745E-03 3.26384097E-03 1.16420259E-02 4.97301793E-03 1.48136790E-02
11 14 4.32132894E-03 1.58625721E-02 4.99018786E-03 2.47670909E-02-1.37886678E-02
11 15 8.75431679E-02 8.07525685E-03
12  1-7.81683010E-04 4.46615461E-03-2.02668023E-04-9.23142891E-05-1.08798933E-03
12  2-5.77550272E-03 4.54065973E-04 2.79997804E-04 2.09102824E-03-2.38716981E-03
12  3-7.08565761E-04-9.02833302E-04-5.94114742E-05 4.04847984E-03-5.45679760E-03
12  4-2.29209386E-04-4.11401951E-03 1.01575488E-03 4.27973550E-03 5.39418535E-03
12  5 1.33344562E-03-7.46456066E-03 1.23681258E-02-1.43095253E-02 1.24515322E-02
12  6-1.95155253E-02-8.09924440E-03-2.37959758E-02 2.92648917E-03 1.19349794E-02
12  7-1.65936395E-02 3.88063919E-02-3.56382776E-02-1.36098905E-02 1.06829492E-02
12  8 2.61168617E-03-1.28762927E-01-1.69254423E-02 8.49045923E-03 4.54567618E-03
12  9-1.68824334E-03 1.03377772E-03-1.84167601E-03-7.46150773E-05-3.23800703E-02
12 10 2.89562994E-02-9.66281567E-03 6.65712780E-03-1.50670499E-03 1.01499396E-01
12 11-6.34800339E-03 1.13601259E-02-2.80834258E-03-2.23294191E-01 2.08793219E-01
12 12-6.25419067E-02-2.95185097E-02-6.99196029E-02 6.89400983E-01-6.35963454E-02
12 13-3.35600313E-02-6.83478846E-02 1.16746423E-01 2.56994205E-02 1.07186600E-01
12 14 1.58969098E-02 1.60949976E-02 6.50953896E-03-3.78093164E-03 6.90054994E-03
12 15 2.51583564E-04 9.36584097E-03
13  1 1.42910930E-03-8.21930782E-03 1.62882926E-04 6.31223143E-04 2.01080744E-03
13  2 1.09322710E-02-2.70894283E-04-1.00380309E-03-4.61665840E-03 7.68556453E-03
13  3-8.80275878E-04-1.93441045E-03-7.50965420E-04-1.51257222E-02 1.30283482E-02
13  4 3.63150323E-03 2.41291273E-03-1.00623810E-02 3.58527237E-02 1.60841629E-03
13  5-5.96365791E-03-1.20047068E-02-2.21999421E-02 2.60399895E-02 5.58377389E-03
13  6-4.51825072E-02-3.34703178E-02 6.14780040E-02-1.69983490E-03-1.16005429E-02
13  7-1.18590378E-02 4.68761277E-02-4.46511976E-02-1.66211406E-02-6.46364896E-03
13  8 9.08463940E-03-1.53164429E-01-1.95210137E-02-1.83221416E-03 5.54251486E-03
13  9 5.03290262E-03-7.24079173E-04 5.48190608E-03-1.20705933E-03-2.22836955E-01
13 10 2.12019810E-01-8.73420063E-02 2.00380567E-02 1.08515632E-02 6.89606322E-01
13 11-8.08267665E-02 2.30715181E-02 1.65794053E-02 4.07046152E-02-3.71860839E-02
13 12 1.14380544E-02-1.53924325E-03 1.27655778E-02-1.32362552E-01 1.16090392E-02
13 13 1.68689912E-03 1.30901974E-02-2.33673253E-02-6.83348395E-03-1.65737100E-03
13 14 1.21177841E-02 1.30867629E-01 3.05384336E-02 9.02095189E-03 1.06853036E-03
13 15-2.85502054E-02-8.00966946E-03
14  1 6.25073493E-02-3.60600885E-01 7.99267032E-03 1.50391985E-02 4.50076758E-02
14  2 4.60751388E-01-1.62872401E-02-3.02635999E-02-9.11554930E-02 3.06982656E-01
14  3-8.06323148E-04-3.60408080E-03-7.56424921E-03-1.28765978E-01 1.11134367E-01
14  4 1.77027651E-02 3.07476031E-02 3.56096562E-02 3.92692703E-01 2.01788974E-02
14  5 3.00900629E-02 3.96295505E-02-4.20047656E-02 4.96170365E-02-2.30217037E-03
14  6-4.70632398E-02 5.66175318E-02 5.95948338E-02 7.10773117E-03-1.78286802E-03
14  7-5.22934007E-03 3.40771308E-02-3.14400964E-02-9.73956993E-03-2.11819939E-02
14  8 2.42622533E-02-1.18130555E-01-1.18641329E-02-1.08194372E-02 2.16631154E-02
14  9 5.28757092E-02-1.38600659E-02 5.34821389E-02-1.64846194E-02 2.37597922E-02
14 10-2.16927477E-02 1.22389981E-02-1.74366471E-03 8.20785104E-03-8.01849162E-02
14 11 1.04915026E-02-5.52016113E-03 2.54564156E-03-5.91157805E-03 5.68522668E-03
14 12-7.19160435E-04 2.90740418E-04-4.02634931E-03 2.05428645E-02 6.39036787E-05
14 13 1.55083459E-04-5.79037935E-03 4.03873838E-03 1.91818886E-03 1.78592935E-03
14 14-6.04603434E-03-1.65110463E-02-6.54446616E-03 2.25407132E-02-4.09500794E-03
14 15-2.80782105E-02-1.23007325E-02
15  1 4.94283645E-02-2.87875098E-01 1.27917041E-04 3.93160867E-04-1.12029824E-02
15  2 3.55012726E-01-9.54353119E-04-2.88444006E-03 2.06094818E-02 3.44075462E-01
15  3-3.82519232E-03-5.03357962E-03-1.64065311E-02 1.20332659E-01-1.24234982E-01
15  4-1.55692597E-02-2.76768754E-02 1.10612808E-01-3.23631711E-01-5.80790962E-03
15  5 3.11313042E-03 3.28524134E-02 1.19256421E-01-1.23914310E-01 5.37947177E-03
15  6 7.77888993E-02-7.74080455E-02-3.18940367E-01-5.59554992E-03 3.31499205E-02
15  7-3.71025182E-02-4.97442600E-02 4.44579297E-02 5.39125787E-04 8.00043532E-02
15  8-4.66554970E-02 1.95518542E-01 8.39474409E-03 5.29657483E-02-3.60516895E-02
15  9-6.60960714E-02-4.75814355E-03-6.90794508E-02-4.94418993E-04-3.41299370E-02
15 10 3.07692772E-02-2.82615183E-02-3.56498009E-03-3.74739393E-02 1.22839000E-01
15 11-2.30177863E-02 1.18102888E-03-2.09737590E-02 5.15468706E-03-4.84565647E-03
15 12-1.49802521E-03-5.39436264E-04 7.05015145E-03-2.00072326E-02-2.92058330E-03
15 13 6.49061170E-04 7.34763522E-03-5.02373826E-03-3.03783418E-03-6.79345615E-04
15 14 7.49967199E-03 3.26128075E-02 2.18010903E-02-6.63329453E-02 2.21769258E-03
15 15 6.23848047E-02 3.41364778E-02
16  1 1.78130027E-02-1.04796374E-01-1.48724759E-02-2.37482262E-02-2.79549390E-02
16  2 1.29393522E-01 2.97746520E-02 4.82676482E-02 5.42818282E-02 1.57501872E-01
16  3 1.41864448E-02 1.89373831E-02 1.04510334E-02 1.16652496E-01-1.04155024E-01
16  4 7.76793760E-02 1.19204333E-01-3.06164719E-02-4.47969130E-01 3.70543221E-02
16  5 4.20765008E-02-7.77370349E-03-1.30437976E-01 1.31019073E-01 9.04872969E-02
16  6 7.02259276E-02-1.53074367E-03 4.60118526E-01 6.68730260E-02 1.07926437E-02
16  7 2.28193495E-02 5.07121056E-02-4.63968349E-02 6.22230410E-02-1.37229487E-01
16  8 5.50035857E-02-2.09025458E-01 4.91179032E-02-1.11301010E-01 4.45190948E-02
16  9-1.21321241E-01-4.22107755E-02-1.06930319E-01-3.84790608E-02 1.23922481E-02
16 10-1.05255306E-02 4.86776254E-02 2.83271612E-02 4.30122371E-02-5.15173295E-02
16 11 3.89281414E-02 2.35667827E-02 2.77302706E-02-3.82503141E-04 2.26959957E-04
16 12 7.88302028E-03-1.76268542E-02-1.69148785E-04 3.43857885E-03 9.08202191E-03
16 13-1.63607149E-02 1.79688399E-03-7.14077546E-03-4.40403800E-03 1.28825552E-02
16 14 6.70504104E-03-3.92513870E-02-3.23996534E-02 1.39234853E-01 3.65301897E-02
16 15-8.24707523E-02-6.12083756E-02
17  1-1.98908917E-03 1.17530830E-02-1.41413835E-02 1.45998136E-02 5.00039154E-03
17  2-1.32787632E-02 2.91108594E-02-2.97518273E-02-1.05916838E-02-2.06041299E-02
17  3 1.69320782E-02-1.79987741E-02-1.22383126E-03-1.52578439E-02 1.04891685E-02
17  4 1.17475465E-01-1.05120057E-01 1.40769977E-02 8.32100097E-02 1.09667031E-01
17  5-7.83271063E-02-2.15610563E-03-1.02538081E-02 3.90978246E-03 2.54661391E-01
17  6-7.20528948E-02-5.38871094E-02 5.35001084E-02 1.65432835E-01-2.10449988E-03
17  7-5.61807203E-02 1.47454555E-02-1.51766991E-02 4.86194799E-02 2.50948676E-01
17  8-1.36301542E-01-5.62046313E-02 4.40656623E-02 2.25512935E-01-1.23689338E-01
17  9-4.52642518E-02-2.09174272E-02 8.86273703E-02 3.35970975E-02-2.97932201E-03
17 10 1.98020540E-03 7.40502982E-02 1.77481536E-02 3.16096439E-02 1.13718762E-02
17 11 6.47722756E-02 1.38345527E-02 2.48421130E-02 6.43650085E-03-8.36913634E-03
17 12 1.68975739E-03-5.62655284E-02 6.95807574E-02-2.03503963E-02-3.04954166E-03
17 13-4.90625196E-02 7.15979875E-02-5.49157378E-02-3.46930485E-02 2.82812211E-02
17 14 2.39970941E-02-4.94567376E-02-3.36505662E-02 1.31400485E-01 6.94551032E-02
17 15 1.57889519E-01 1.02824203E-01
18  1 8.83464456E-04-5.28136687E-03-1.58905017E-02-5.33352135E-03-7.50717795E-04
18  2 5.97262315E-03 3.31077311E-02 1.09891296E-02 9.38022809E-04 1.40090819E-02
18  3 1.92930020E-02 6.34878756E-03-3.34941132E-03 8.10388520E-03-4.33105922E-03
18  4 9.67935904E-02 1.56674611E-02-2.72558243E-02-6.67186526E-02 7.11145650E-02
18  5-1.05970908E-02-1.73103194E-02-9.40641447E-03 1.06687748E-02 5.99219248E-02
18  6-5.41795691E-02 4.61339484E-02 4.37795044E-02 2.50275137E-02-5.08460386E-02
18  7 7.17702588E-02-1.04091107E-02 1.01785215E-02-7.46810222E-03 7.91545861E-02
18  8 5.05983823E-03 4.02741651E-02-6.65681840E-03 7.48206694E-02 5.94798910E-03
18  9-6.20626377E-02-3.29520313E-02 1.56154955E-02 6.90470562E-03-6.34107195E-03
18 10 8.73129497E-03-5.76993107E-02-6.37545196E-02 1.42977712E-02 2.22866817E-02
18 11-5.50877794E-02-6.83219571E-02 1.91843864E-02 2.26779476E-03-8.62176276E-04
18 12-6.30962911E-02 3.49212926E-01-1.19374678E-01-1.25792417E-02-5.45052791E-02
18 13 3.19231996E-01-1.08800989E-01 2.05351464E-01 1.54131829E-01-2.02390897E-01
18 14-1.63306467E-01 3.91598922E-02 2.62126254E-02 3.39992051E-02 1.06399002E-02
18 15 2.69426631E-02 3.36992230E-02
19  1-9.82952351E-03 5.82671571E-02-2.38331605E-02 8.31138553E-04 8.60081427E-02
19  2-7.13226282E-02 5.01706307E-02-2.79696940E-03-1.81080338E-01-1.08086225E-01
19  3 3.65277005E-02 1.25312274E-02-1.02131341E-01-9.52693679E-03 2.97603198E-03
19  4 1.98401626E-01 9.82055934E-02 5.12505547E-02 4.62712513E-02 1.64613053E-01
19  5 8.71514840E-02 5.26573267E-02 2.67050690E-02-2.19257976E-02 4.67506048E-02
19  6-3.26687238E-03 2.16086840E-01-1.26822826E-01 3.48996801E-02 3.41262631E-02
19  7 1.90428445E-01-2.97741010E-02 2.81916587E-02-1.52393596E-02 6.46974800E-02
19  8 1.56234924E-01 1.20664462E-01-1.71019340E-02 6.64605380E-02 1.54008588E-01
19  9-1.27287842E-01-8.43305227E-02 1.19881852E-02 2.80400699E-03 2.66091276E-03
19 10-1.32265444E-03-1.31712064E-01-5.74286642E-02-1.65635676E-01-5.84375488E-03
19 11-1.15009446E-01-5.32256362E-02-1.55439535E-01-5.29011816E-03 6.37283602E-03
19 12 3.01238645E-02-1.10071043E-01 1.05511796E-02 1.85213474E-02 3.25083808E-02
19 13-1.00819160E-01-9.98229201E-04-5.52749201E-02-4.76522389E-02 6.05011899E-02
19 14 4.85184620E-02 1.07917948E-01 8.69865465E-02 9.82888889E-03 5.77060717E-03
19 15-2.62202765E-02-9.69501727E-03
20  1-9.55958695E-03 5.66615840E-02 3.08905364E-02 5.60778166E-02 5.96379438E-02
20  2-7.19194779E-02-6.55000882E-02-1.18162019E-01-1.25386443E-01-1.00741522E-01
20  3-3.68302452E-02-7.13964868E-02-6.99285838E-02-7.23690530E-03-5.25577842E-03
20  4-8.89210334E-02-1.54368295E-01 2.09277265E-01 9.59469941E-02-6.73126287E-02
20  5-1.05597509E-01 1.55252345E-01 4.22680722E-03 2.05481247E-03 1.11512368E-01
20  6 2.98934680E-01-6.48580496E-02-3.14666176E-02 1.29797129E-01 1.99104302E-01
20  7-3.79691015E-02 3.00906795E-02-2.99565897E-02 1.95318405E-01-1.22300568E-01
20  8 3.54205399E-02-1.09841191E-01 1.97736036E-01-1.28724685E-01 3.45405969E-02
20  9 6.61008456E-02 3.69596932E-02 5.15248592E-02 3.00622808E-02-2.39333107E-03
20 10 2.92474065E-03-4.90124397E-02 6.82777513E-03-8.87181753E-02 1.02182359E-02
20 11-4.90259503E-02 4.83128322E-03-8.34920860E-02 2.94955747E-03-2.85030616E-03
20 12-7.91118422E-03 6.85003039E-02-2.13485725E-02-1.15360125E-02-6.62650979E-03
20 13 6.63002026E-02-1.44171635E-02 3.92236814E-02 3.26399505E-02-3.48202476E-02
20 14-2.49047261E-02 4.52604334E-02 3.70605384E-02 9.08009894E-02 4.66916900E-02
20 15-4.10015124E-02-5.76982064E-02
21  1 4.41144212E-03-2.61741238E-02-5.85277853E-02 3.78526729E-02-4.63220056E-02
21  2 2.99782923E-02 1.23400782E-01-7.96502282E-02 9.87396601E-02 5.26788081E-02
21  3 7.95206340E-02-5.71635880E-02 5.46114257E-02 6.52985182E-03-1.82833931E-03
21  4 2.40040046E-01-2.38667645E-01-2.55377972E-02-4.51116799E-02 2.20224062E-01
21  5-2.05995099E-01-1.84724427E-02 7.50600254E-03-7.31663655E-03-1.08994681E-01
21  6 4.92198431E-02-7.58235894E-02-2.45108271E-02-1.07159760E-01 1.35670549E-03
21  7-5.45280465E-02-2.06668778E-02 1.70740367E-02-3.06065050E-02-1.77031974E-01
21  8 1.25652548E-02 9.58197293E-02-2.41134658E-02-1.75152924E-01 7.95018432E-03
21  9-1.42100678E-01-7.94355574E-02 2.12632630E-01 1.43436625E-01 3.73649464E-03
21 10-4.33004374E-03 1.55828746E-02 1.62339796E-02 3.33737092E-02-1.54383031E-02
21 11 1.47431917E-02 1.75153358E-02 3.20270696E-02 2.47246108E-03-1.38156541E-03
21 12 8.44385154E-03-2.84015707E-02-4.39702648E-02-1.16111831E-02 8.86738390E-03
21 13-2.94586739E-02-4.76926586E-02 5.36529335E-03 2.23919698E-03 1.95117968E-02
21 14 1.68474051E-02-1.82555471E-02-1.52448578E-02-7.29329459E-02-3.94073618E-02
21 15-8.78099051E-02-8.44475046E-02
22  1-6.68233462E-03 3.96912771E-02 2.30065032E-02 2.56299213E-02 7.97721441E-02
22  2-5.18794277E-02-4.83273157E-02-5.62807029E-02-1.67666383E-01-7.68503543E-02
22  3-3.24344190E-02-2.35162360E-02-1.10426431E-01 2.90666519E-03-9.51424396E-03
22  4 1.38166397E-02 1.98907901E-02 1.17408863E-01-1.62431921E-02-1.61960386E-02
22  5 5.48350045E-02 1.18940843E-01 2.87316856E-02-3.80379233E-02 2.59339256E-02
22  6-1.06195978E-03-1.77305063E-02-5.47214753E-02 3.90133582E-02-5.16234068E-02
22  7-1.77907547E-02-4.49520225E-02 3.74905944E-02-9.81996468E-02 1.63637878E-02
22  8 1.27935140E-01 2.17809876E-01-9.85205809E-02 1.63340683E-02 1.44695009E-01
22  9-2.11174533E-02-2.81000387E-02-1.83093190E-02 1.87470814E-02-7.54374712E-02
22 10 6.59698376E-02 3.31367156E-01 2.51398298E-03 2.11325216E-02 3.25327520E-01
22 11 3.27127730E-01-6.21090910E-03 1.16334927E-02 2.12094599E-02-1.30233634E-02
22 12-1.64640870E-02 1.69332309E-02-1.11453428E-01-1.13015917E-01-8.52672584E-03
22 13 2.50511544E-02-1.19725187E-01 5.81890434E-02 3.08657988E-02 1.41931988E-02
22 14 6.57925115E-02-1.96322518E-01-1.63119781E-01-1.53157528E-02-9.80782708E-03
22 15-6.32623088E-02-5.93916332E-02
23  1 7.73097167E-03-4.61856477E-02-2.07225810E-03-4.84603699E-02-1.51778960E-01
23  2 4.06360142E-02 5.80004197E-03 1.02433370E-01 3.25711588E-01 1.44858658E-01
23  3-8.42214614E-03 6.99910333E-02 1.84074123E-01 7.17595610E-03 1.06316066E-02
23  4-1.11061086E-01-1.54104568E-01-1.16783200E-01-1.16649592E-01-1.44555894E-01
23  5-1.47780168E-01-1.25822713E-01 1.00350174E-02-1.89945141E-02 1.44949071E-01
23  6 3.59157783E-02 6.58411274E-02 1.57632543E-02 1.19720047E-01 1.83526233E-02
23  7 1.43578564E-01-4.11496697E-02 3.59221585E-02-1.95272376E-02 7.94762558E-02
23  8 2.38064433E-01 1.86033894E-01-2.36218062E-02 8.70056181E-02 2.53849361E-01
23  9 9.94296561E-02 8.34534076E-02 6.34377399E-02 7.83770317E-02-1.20733408E-02
23 10 1.05692797E-02 1.22183450E-02-7.86551438E-02-7.03281313E-02 6.07186922E-02
23 11 2.06126713E-02-8.66071160E-02-6.69962067E-02 2.76231097E-03 9.07653834E-04
23 12 3.58322996E-02-4.34891767E-02-7.18405772E-02-1.91104249E-02 4.89460739E-02
23 13-4.08822778E-02-8.78450978E-02 5.89529470E-03-5.06809224E-03 2.58942921E-02
23 14 2.63166671E-02 8.90319883E-03 9.54688077E-03 9.25914131E-02 7.60879130E-02
23 15-6.67893085E-02-5.36629400E-02
24  1 9.56388067E-05-6.40328239E-04-1.08732110E-02-1.14441021E-02-2.29675803E-03
24  2-4.80167348E-03 2.36635868E-02 2.40644813E-02 6.05289887E-03 1.79826907E-02
24  3 1.50700927E-02 1.81667998E-02-8.46956623E-03-2.05853480E-03-3.48028210E-03
24  4 1.95101492E-02-1.04263530E-02-8.13474055E-03 4.54175853E-02 1.19252171E-03
24  5 1.44758017E-02-4.46396187E-02 1.47246218E-02-1.28135131E-02-6.75244181E-02
24  6 2.59831230E-02 3.73155626E-02-1.01024824E-01 5.10883829E-03 3.14273190E-02
24  7-4.74512800E-03 5.93234651E-03-1.12213824E-03 6.83642935E-02-2.96380334E-02
24  8 8.72246979E-02-4.26510783E-02 7.78575506E-02-5.04764687E-02 1.17410975E-01
24  9-1.58173621E-02-2.92081987E-02 1.78542347E-02 3.42744489E-02-3.70703754E-02
24 10 3.34305280E-02 9.94680684E-02-1.19474120E-01 2.20570661E-02 1.67720324E-01
24 11 9.98956859E-02-1.41287863E-01 2.67703035E-02-8.27538958E-02 7.28357394E-02
24 12 2.10547730E-01 1.36284772E-01 3.05424215E-01 3.64509937E-01 2.42028784E-01
24 13 1.57915723E-01 3.32502490E-01-1.19628529E-01-1.01044344E-01-1.06719010E-01
24 14-9.86385729E-02-5.63686215E-02-6.61263474E-02-6.13000100E-02-2.50861109E-02
24 15-2.19934910E-04 7.27276652E-02
25  1 1.87893359E-03-1.11266072E-02-6.32743350E-02-9.27120360E-02-1.72456366E-02
25  2 1.50088617E-02 1.35298269E-01 1.99797737E-01 3.66018746E-02 2.54806741E-02
25  3 1.09149376E-01 1.51026424E-01 2.12631433E-02-2.69900507E-02 2.83739293E-02
25  4 2.16434738E-02 3.71860446E-02-1.00762073E-01 1.59028186E-01 1.59126328E-02
25  5 3.49386388E-02-1.22582749E-01 9.83840798E-03 6.80258338E-04-1.48706540E-01
25  6 4.83403753E-02 1.03288823E-01-1.07825908E-01 6.97475142E-03 7.05023436E-02
25  7 6.92170448E-02 4.67793700E-02-4.39384598E-02 3.13683516E-01 1.47407491E-02
25  8-4.66955803E-02-1.85779884E-01 3.52918730E-01 9.37251779E-03-5.24580097E-02
25  9 5.26758660E-03-4.02886385E-02 2.20260013E-02 1.07133513E-02-3.56052274E-02
25 10 2.82309639E-02 1.35380520E-01-4.47849461E-02-1.13106189E-01 1.74047883E-01
25 11 1.35958445E-01-4.86256521E-02-1.19712261E-01 3.18328658E-02-2.80318233E-02
25 12-1.42559807E-01-2.31420067E-02-4.16269025E-02-1.47885681E-01-1.67101717E-01
25 13-1.91877936E-02-3.25593459E-02 4.15558233E-02 2.98170189E-02 2.92249688E-02
25 14 6.58287329E-02-6.85534696E-02-6.31407564E-02-1.24144926E-01-1.62831248E-01
25 15 8.78872157E-02 3.71831057E-02
26  1-2.47951445E-04 1.45075181E-03-2.03252794E-01-1.37015821E-01 8.77528211E-02
26  2-4.63064699E-03 4.37747926E-01 2.95196149E-01-1.88260769E-01 4.18428245E-03
26  3 3.72644493E-01 2.50306084E-01-1.65404505E-01 1.73232992E-03-4.83648811E-03
26  4-9.98726522E-02-6.96290255E-02 4.46510664E-02 3.14897783E-04-3.92676631E-02
26  5-2.77964529E-02 1.19593952E-02 1.79386954E-02-2.20433342E-02 7.07541033E-02
26  6 4.77805425E-02-9.29365920E-02-8.08813644E-02 7.42680519E-03 6.17680698E-02
26  7-7.22740961E-02-1.21258531E-02 1.17458397E-02-1.18492530E-01-3.17828833E-02
26  8-1.89856785E-02 4.48455985E-02-1.41249113E-01-3.04602127E-02-2.11110089E-02
26  9 8.68935633E-02 1.15885040E-01 1.86699165E-03 2.24020141E-03 7.17758075E-03
26 10-6.86044920E-03-1.54982673E-02 7.36533896E-02 1.16857122E-02-3.32944512E-02
26 11-1.38611857E-02 8.41394109E-02 1.83603158E-02-5.07096695E-03 5.04580358E-03
26 12 4.81135686E-02 2.88962834E-02 9.78568142E-04 2.03424740E-02 5.70330837E-02
26 13 3.09463344E-02 6.20889642E-05-6.79833831E-04 1.70832721E-03-1.27762876E-02
26 14-7.17855722E-03 8.54627568E-03 1.67884122E-02 5.39031408E-02 9.68266714E-02
26 15-3.48181624E-02-2.92356944E-02
27  1 3.21613641E-05-2.00223925E-04 1.72023572E-01-2.08845779E-01 4.98181844E-02
27  2-2.87840419E-05-3.70633824E-01 4.49973715E-01-1.07098142E-01 6.57335449E-04
27  3-3.16899849E-01 3.83161994E-01-9.15435218E-02 4.51256701E-04-4.48406177E-03
27  4 8.64583331E-02-9.53624350E-02 2.41059297E-02 1.64689588E-02 5.71108150E-02
27  5-4.22100576E-02 1.26879910E-03 9.18211386E-03-1.02259922E-02 9.49109436E-03
27  6 2.18279522E-02-6.14422686E-02-4.27614774E-02 1.63557521E-02 2.33109728E-02
27  7-5.75317210E-02-3.54043615E-03 8.11748279E-04-1.75437056E-02-2.78248419E-02
27  8-7.64961007E-03 2.53426154E-02-1.96581157E-02-3.49896908E-02-4.58825618E-03
27  9-6.39251586E-02-6.18599775E-02 1.00031996E-01 1.07292990E-01 7.94326607E-03
27 10-8.05551012E-03-2.95144963E-02 3.51531157E-02 4.23852492E-02-3.43926189E-02
27 11-3.33181495E-02 4.08086440E-02 5.08136274E-02-1.91057573E-03 1.27778514E-03
27 12 1.46502251E-02 3.39323189E-03-3.13134178E-03 1.10453016E-02 1.67339432E-02
27 13 1.11188665E-03-4.32274968E-03-9.44086974E-04 1.06029414E-03-2.80659471E-03
27 14-1.10857741E-02 1.01388084E-02 9.45041674E-03-5.65495873E-03-1.27211505E-02
27 15-1.60184406E-02-1.44674997E-02
28  1 1.08423262E-04-8.80355741E-04-1.66052158E-02 3.75259937E-03 4.21826954E-02
28  2-3.48093763E-03 3.59601342E-02-8.40276398E-03-9.17558854E-02 2.31465250E-02
28  3 2.78196440E-02-1.08938030E-02-9.09635042E-02 4.62936480E-03-9.28805048E-03
28  4-1.41433252E-02 1.98509187E-02 2.62584842E-02-1.63105779E-02-2.21332842E-02
28  5-1.87561102E-02-2.48840864E-02-7.60570607E-04 1.98889499E-03-3.83226932E-02
28  6-8.40287526E-03-5.84077766E-02 1.56832077E-02-1.74365969E-02-2.44121077E-02
28  7-2.18643480E-02 2.93676991E-03-6.75823887E-03 1.85739206E-01 9.33021130E-02
28  8-3.75280512E-03 2.34806519E-02 2.22951027E-01 1.23475443E-01-3.23175455E-03
28  9-1.93329136E-03-2.26177257E-02-2.95024398E-02-3.08702397E-02 4.73628578E-03
28 10-5.97540753E-03-6.27225953E-02-1.36758855E-01 2.19520549E-01-1.33707891E-02
28 11-7.38398869E-02-1.62820686E-01 2.58512881E-01-4.74661874E-03 1.77984197E-03
28 12 2.78499003E-01-9.10315796E-02-2.47867699E-01 3.58703989E-02 3.29605868E-01
28 13-1.10197282E-01-2.90527735E-01-5.99732151E-03-1.43167161E-03 1.41355217E-02
28 14-3.19074664E-02 8.50889609E-03-1.66929905E-02-5.08379547E-02-5.60183031E-02
28 15 2.15634123E-02-8.73045613E-02
29  1-4.51100775E-04 2.38400446E-03-2.27259528E-02 1.23885290E-02 3.28566411E-02
29  2-1.87135602E-02 5.03706098E-02-2.93258006E-02-6.82397702E-02 4.00813672E-02
29  3 3.39850984E-02-1.36204778E-02-9.32920804E-02 1.37759686E-02-1.80352830E-02
29  4-1.18304663E-02-3.45060028E-02 4.15520302E-02-5.98323650E-02-2.70173100E-02
29  5-4.53216127E-02-5.26573174E-03 7.74155536E-03-2.13733848E-02-2.73723101E-02
29  6-2.04043936E-02-7.58073409E-02 3.85331224E-02-3.24225769E-02 1.34710841E-02
29  7-4.13134330E-02-3.59213255E-03 7.38053391E-03 1.00080653E-01 1.01787363E-01
29  8 2.99472362E-01-1.98556715E-02 1.12838363E-01 1.19122256E-01 3.49904375E-01
29  9-8.33616901E-03-1.71349617E-02-2.02426869E-04 7.31811940E-03 1.18797557E-02
29 10-1.63607442E-02-8.62081596E-02 7.27170481E-02 2.71959722E-01-3.32401239E-02
29 11-9.51988924E-02 9.21324187E-02 3.19671340E-01 3.69541986E-03-6.25620147E-03
29 12-2.39209462E-01-3.04129935E-02 1.25126973E-01 6.84314597E-03-2.81267673E-01
29 13-4.79039317E-02 1.38472546E-01 4.39054971E-04 3.24703752E-04 1.82219459E-02
29 14-6.91359456E-02 1.21566315E-02-1.36285772E-02-5.65453359E-02-6.22404434E-02
29 15-2.22615379E-02 5.13679341E-02
30  1-2.04519443E-04 1.42618499E-03 4.82531283E-03 1.31267478E-02-2.85231301E-02
30  2 1.43329536E-03-1.01681070E-02-2.90993546E-02 6.27484718E-02-2.01720896E-02
30  3-9.90666759E-03-1.59206767E-02 6.51741743E-02-1.51786238E-02 2.15966989E-02
30  4 2.51693069E-02 2.60169055E-02-4.83756738E-02 8.63111260E-02 4.05584356E-02
30  5 1.63935506E-02 5.70772434E-03-2.23846292E-03 1.71919566E-03-4.77090062E-02
30  6-4.97741376E-02 4.95230280E-03 3.55013396E-02-5.36701615E-02 3.20889389E-02
30  7-3.05309030E-03 4.86484949E-03-1.02183760E-03 9.73020576E-02 1.08644699E-01
30  8 1.00261420E-01-4.66447635E-02 1.03739120E-01 1.38542262E-01 1.12845862E-01
30  9-6.42943131E-03-2.48990145E-02 1.05830204E-02-3.07752515E-02 5.77594425E-03
30 10-6.30384539E-03 5.98975860E-03 4.36504461E-01-8.94824548E-02-1.38601382E-02
30 11 2.38615920E-03 4.97407035E-01-9.84176272E-02-2.28956508E-03 6.12522005E-03
30 12 1.88897220E-01 1.04844727E-01-4.48494481E-02-2.05856742E-02 2.27208812E-01
30 13 1.28390837E-01-4.27431175E-02 8.98102035E-03 6.15775218E-03-2.02091784E-02
30 14 7.30457964E-02 6.76898322E-03-3.33810370E-02-5.82549760E-02-6.38165505E-02
30 15 8.06027682E-03-4.87619546E-03
31  1-1.88282022E-02 1.15767118E-01-2.48001844E-02-4.75334146E-02-1.56828471E-01
31  2-1.56554513E-01 5.40136002E-02 1.05485095E-01 3.48615989E-01-3.66818960E-01
31  3 1.06509691E-01 1.91966120E-01 5.92834388E-01-7.76322239E-02 5.57567612E-02
31  4 6.19492412E-02 1.18274300E-01 2.91048000E-01 5.51206763E-01 1.41891155E-01
31  5 2.13884529E-01 5.55991212E-01 3.80242867E-02-4.88638023E-02 5.04286893E-02
31  6 1.27027308E-01 1.94383739E-01-1.28793650E-01 2.25608534E-02 1.36107951E-01
31  7 2.05016326E-01 4.56151395E-03 1.48673244E-03-4.49221125E-02-3.72481017E-02
31  8-8.47827235E-02-5.04272426E-02-7.13227672E-02-3.95388304E-02-1.19688617E-01
31  9 1.02644859E-02 5.91751906E-03 6.60603821E-03-5.20888435E-03-4.29459763E-02
31 10 3.84001456E-02-2.63808580E-02 5.78214782E-02 2.13798959E-01 2.54355363E-01
31 11-4.51770449E-02 9.32780089E-02 2.84451901E-01-4.37858227E-03 1.76225227E-03
31 12-3.22632677E-04-1.68615049E-02-8.71498853E-03 3.48633771E-02-5.94535039E-03
31 13-2.88880350E-02-1.15627826E-02-5.46797068E-03-9.42856984E-03-6.06956730E-03
31 14-4.16328858E-02-1.68592102E-02-1.11773191E-01-7.81831363E-03-1.67075368E-02
31 15 1.57072140E-02 1.96598139E-02
32  1-8.59323663E-03 5.43893664E-02-2.93110565E-02-4.28146403E-02-5.97215871E-02
32  2-2.36148648E-02 6.89669999E-02 9.55482843E-02 1.23395391E-01-3.70241450E-01
32  3 1.04518601E-01 1.92976428E-01 4.31918234E-01-8.05265914E-02 4.10230295E-02
32  4 3.63248609E-02 4.22044313E-02 2.33485469E-01 8.55901525E-01 2.85731646E-02
32  5 1.34652120E-01 5.33195312E-01-7.12597571E-02 8.31112143E-02-2.18176952E-02
32  6-1.37201002E-01-3.72226377E-01 4.31902028E-01 9.11986664E-02-2.00544180E-01
32  7-5.81300936E-01-9.23478011E-03-8.84886422E-04 3.16707784E-02 8.21240296E-02
32  8 1.17181304E-01 1.04983263E-01 5.80226840E-02 9.45504279E-02 1.78696454E-01
32  9-3.57844300E-02-2.80494369E-01-4.04498072E-02-2.70718622E-01 5.09995578E-02
32 10-3.98953582E-02-2.09874995E-03-1.34488041E-01-1.96971609E-01-3.45689818E-01
32 11 2.01109590E-03-1.99139372E-01-3.16327398E-01-2.05819138E-03 1.40373567E-03
32 12-6.22614631E-03 8.04683201E-03 6.89391701E-03 2.04122951E-02-5.63541172E-03
32 13 4.08558096E-03 8.03940891E-03 6.17982176E-03 2.11316214E-03-3.18260606E-03
32 14-3.29324461E-02 3.70218826E-02 8.86787323E-02-3.22540126E-02-3.00447960E-01
32 15-3.78959837E-02-9.83799840E-02
33  1 4.87019095E-03-2.94721023E-02-2.97121081E-05-6.01208054E-04 2.16014392E-02
33  2 7.79678431E-02 2.53928643E-03 1.63628094E-03-5.28114023E-02-3.62697396E-03
33  3-2.27239794E-02 6.16195853E-03-6.15015919E-02-1.55070130E-02 1.36003198E-02
33  4 2.14819217E-03-8.81907497E-02-6.10783653E-02 2.19729132E-01 6.00454138E-02
33  5-3.39796789E-01-4.35938139E-02-2.65017247E-02 1.50903008E-02 1.28929901E-01
33  6-4.07395910E-02 3.38455159E-02 4.09619985E-01 3.07927090E-01-6.29297425E-02
33  7 7.61901719E-02-5.10078418E-02 4.09229159E-02 3.60120972E-02 1.45292032E-02
33  8-9.56336899E-02 3.80563698E-01 7.16572887E-02 3.23052958E-02-1.66236368E-01
33  9 4.10565124E-02-8.30674367E-03-4.97284879E-02-5.24678599E-01-4.41498651E-02
33 10 3.71469245E-02-8.66332977E-02 7.17164371E-02-5.64089937E-02 3.22018313E-01
33 11-1.86080874E-01 9.61742250E-02-9.17504109E-02-9.28376141E-02 6.60621096E-02
33 12-1.32179343E-01 2.75829511E-03-7.56217875E-02 7.20700434E-01-2.39713165E-01
33 13 1.27213491E-02-1.65309344E-01-9.01251494E-02-6.93643877E-01-6.23954910E-02
33 14-3.44359765E-01-4.48669009E-02-4.33935628E-01-3.86402703E-03-5.08449163E-01
33 15-7.87015750E-02-4.27275197E-01
34  1-4.10368117E-03 2.47172443E-02-2.37859549E-03-9.41420700E-03-1.13175113E-02
34  2-7.05119439E-02 1.34806258E-02 2.55591690E-02 2.70435351E-02 9.65962603E-03
34  3-7.02997434E-02 6.13601116E-04 4.65409341E-02 6.79173097E-02-3.87312408E-02
34  4 2.07406385E-01 5.70946915E-02 6.54998096E-02-9.33285355E-01 7.34752349E-01
34  5 1.73267332E-01 9.50830542E-02 1.05281654E-02-1.75403100E-02 1.08220787E-01
34  6-6.20140974E-02 1.03598134E-02-1.22374831E-02 2.46419721E-01-1.86720133E-01
34  7 1.35397235E-02-3.37538674E-02 1.26724009E-02 8.99472245E-02-2.19179940E-02
34  8-1.64656878E-02 3.25824209E-01 1.36689999E-01-8.97745090E-02-4.34644422E-02
34  9 1.02383554E-01 1.36677413E+00-3.52793643E-02 6.56643893E-02 4.60076858E-02
34 10-2.45871408E-02 1.59188307E-01 2.08010071E-02 4.84765326E-02-4.16607978E-01
34 11 2.97876489E-01 2.27686067E-02 7.89106058E-02-1.88778812E-02 1.54752832E-02
34 12-2.55149742E-02 4.75290120E-02 3.79330965E-03 1.32396707E-01-5.69113748E-02
34 13 8.17715816E-02-1.63541099E-02-3.36859703E-02-1.99560103E-01 8.19640056E-03
34 14 5.14158246E-02 9.04912263E-02 7.04147160E-01-6.74173537E-02-3.44368167E-01
34 15-3.58770387E-02-1.74873076E-01
35  1-5.89454779E-03 3.55749819E-02-2.96212440E-03-4.87896781E-03-1.51302912E-02
35  2-1.06202954E-01 2.24764625E-03 1.89240136E-02 3.90582070E-02 1.93730444E-02
35  3 6.13866313E-02-4.87761268E-02 5.32015488E-02 6.88723166E-02-3.21596798E-02
35  4-9.83584011E-02 2.08351181E-01 6.70662967E-02-9.59316099E-01-3.63048044E-01
35  5 7.26173106E-01 1.88812597E-01-1.02692166E-02 1.70582039E-02-1.43536841E-01
35  6 1.26768381E-02-9.94966893E-02-9.31811713E-02-3.25934849E-01-6.69624336E-02
35  7-1.39425065E-01 3.60658027E-02-3.00172984E-02-8.75465447E-03 7.37081843E-02
35  8 1.52575795E-02-2.53024669E-01-2.17388193E-02 1.13757833E-01 5.65598948E-02
35  9-3.24251035E-02-1.07276527E-02 1.13295709E-01 1.44195049E+00 2.61504753E-03
35 10-2.52558825E-03 7.38070624E-03 8.48418096E-03-7.49961931E-02-1.68020379E-02
35 11 1.44594667E-02-2.63238529E-03-1.02802242E-01-5.12322055E-02 2.83609870E-02
35 12-7.05022256E-02 1.94951293E-02-1.47365672E-01 4.64166424E-01-1.32591009E-01
35 13 4.37890785E-02-2.51711230E-01-7.44945620E-02-6.10274009E-01-5.20429542E-02
35 14-2.25195439E-01 2.55060417E-03-3.96642310E-02 3.44654943E-02 4.51571797E-01
35 15 4.76248043E-02 1.59317212E-01
36  1 1.39163088E-03-7.99036063E-03 1.46926948E-02 7.07267670E-03-6.06407541E-03
36  2 4.37269041E-02-4.57305095E-02-2.38131445E-02 1.11620176E-02-5.10584771E-02
36  3 3.86842344E-02 2.85471423E-02 4.04033957E-02-9.21047629E-02 4.61349186E-02
36  4-7.68446722E-02-4.43641569E-02-2.28270927E-02 1.17935718E+00-1.91867784E-01
36  5-1.32684975E-01-1.88125632E-01 9.95504788E-02-6.94368741E-02-9.52704475E-02
36  6-7.61871920E-04 2.93824389E-02-1.09061100E+00-2.93917983E-01 1.99075501E-02
36  7-3.27561180E-02-2.95793876E-02 2.14460685E-02 6.96416990E-02-1.12799921E-02
36  8-2.31693407E-02 2.45140164E-01 1.37662946E-01-2.55377424E-02-4.92318969E-02
36  9-6.94630020E-02-8.29394345E-01-3.76857913E-02-5.21892870E-01 3.57805095E-02
36 10-1.98854465E-02 1.69369352E-01 3.38782551E-02 9.64009366E-02-3.34423466E-01
36 11 3.22775464E-01 3.95390618E-02 1.67454701E-01-2.73487905E-02 1.68445221E-02
36 12-6.72500513E-02 9.02383858E-02-5.67093023E-02 2.33809665E-01-1.10741951E-01
36 13 1.57472043E-01-1.01347749E-01-4.46242126E-02-4.54723779E-01-4.28845679E-04
36 14 1.07560858E-01 1.02150738E-01 6.83338021E-01 6.93147868E-02 9.49309220E-01
36 15-3.90817042E-02-2.05631775E-01
37  1 2.67561398E-03-1.68179633E-02-1.14362177E-02 5.53146315E-03 1.01816491E-02
37  2 3.03192638E-02 2.84420746E-02-1.30146542E-02-2.41204675E-02 6.90843876E-02
37  3 3.48563908E-02-2.07494326E-02-1.06182746E-01 1.03555334E-02 8.54406070E-04
37  4-1.22439133E-01-6.84186204E-02 8.79243369E-03-4.84775060E-02-6.53650664E-01
37  5-3.28431479E-01 4.24910520E-02-1.17867346E-01 7.41617977E-02 1.26422843E-01
37  6 1.53661834E-01 1.22591362E-01 1.47653261E+00 4.52505219E-01 3.06440922E-01
37  7 4.15896919E-01 5.68500333E-02-3.86679021E-02-1.43314704E-01 6.76466926E-02
37  8-3.94423756E-03-4.83841948E-01-2.94847655E-01 1.40979485E-01-2.21474846E-02
37  9-7.30624373E-02-7.03780857E-01 3.86454363E-02 1.35558359E-01 2.97655855E-02
37 10-1.87092141E-02 1.42193881E-01-1.02952643E-02 5.12727339E-02-2.62838028E-01
37 11 2.43387133E-01-4.12536317E-03 1.00656509E-01-8.40337320E-03 4.73852346E-03
37 12 1.53640179E-02 3.14163008E-02-4.90634077E-02 7.82126243E-02-7.28686742E-03
37 13 7.06998068E-02-1.03161678E-01-5.38235365E-02-2.06953564E-01 9.01866869E-03
37 14 3.56786181E-02 5.94166702E-02 5.73678833E-01-5.98409637E-02-1.28571660E+00
37 15 2.71541395E-02 2.33271552E-01
38  1 3.98031542E-03-2.37533887E-02-1.91374992E-03 6.30090588E-03 6.15700069E-03
38  2 8.76446587E-02 1.42822508E-03-7.44824476E-03-2.19544473E-02-6.34724314E-02
38  3 3.95643051E-02-1.14474144E-01 4.38489277E-02-3.38483251E-02-3.29334769E-04
38  4-1.32418182E-01 2.18791376E-01-8.93546983E-02 5.21249449E-01-4.24530911E-01
38  5 9.52401049E-01-4.41816136E-01 4.72620827E-02-2.34181024E-02 1.93956030E-01
38  6 7.28386072E-02-2.68888093E-02-5.36688105E-01 7.50955568E-01 3.25043789E-01
38  7-4.45117359E-01-7.64058371E-02 4.58707022E-02 5.86544146E-02 7.58818763E-02
38  8-1.16963626E-01 7.05681051E-01 1.19641849E-01 6.73364023E-02-2.00995109E-01
38  9 4.86204977E-03-5.41551110E-01 5.57570226E-02 9.56189879E-01 7.61692452E-03
38 10-3.82785694E-03-2.14458443E-02 1.41836049E-02 5.07175052E-02-6.82301673E-02
38 11-2.77240625E-02-1.22847314E-02 5.76882369E-02 8.97412625E-03 3.83292909E-03
38 12-1.18693336E-02 1.95969320E-02 1.57670753E-01-1.43004557E-01 3.62922499E-04
38 13-3.76886179E-03 2.60704626E-01 7.32543831E-02 3.38174896E-01 3.20152576E-02
38 14 1.23235938E-01 3.01775592E-02 7.33005513E-02-1.84576118E-02-5.53133325E-01
38 15-1.40899589E-01-8.87787406E-01
39  1 3.24328438E-03-1.95989810E-02 8.63381485E-03 3.13676561E-02-7.72051365E-03
39  2 6.21854998E-02-1.53519008E-02-8.33515036E-02 1.60757473E-02 3.51045226E-03
39  3-1.07083787E-01-8.08524468E-02 2.21804849E-02-8.87911966E-02 2.10967817E-02
39  4 2.05716168E-01 8.11901640E-02-1.65504112E-01 1.36600336E+00 8.36849592E-01
39  5 6.68041621E-01-9.36581103E-01 5.27829328E-02-9.86851394E-03 5.47669221E-02
39  6 3.44410240E-01-2.01205223E-01-1.01303132E+00 1.39609577E-01 1.30345232E+00
39  7-8.12021017E-01 4.70847028E-02-2.56385288E-02-1.20726975E-01 5.52719402E-02
39  8 5.99144338E-02-4.77232561E-01-2.76307477E-01 1.39447549E-01 1.43290741E-01
39  9 2.79505900E-02 4.71428099E-01 4.96018375E-02-4.12902299E-01-1.18162395E-02
39 10 8.86775904E-03 2.20735162E-02-2.72437251E-02-9.86840853E-04 8.09217638E-02
39 11 2.28788641E-02-5.01165919E-02 4.18627890E-02-1.05690809E-02-4.45460793E-03
39 12-5.63648354E-03-2.81912800E-02-9.10485713E-02 1.68214842E-01-1.31685527E-02
39 13-8.75913108E-02-1.07757962E-01 1.72689991E-02-9.10511498E-02-5.37066508E-02
39 14-3.20341859E-01-1.90400019E-02 5.67090441E-04-1.08798582E-02-1.16344578E-01
39 15-7.02803368E-03 5.55664697E-02
40  1 2.76188099E-04-1.75037885E-03-3.42712321E-03 2.64259874E-03-1.17945619E-03
40  2 2.99727302E-03 1.20798701E-02-6.60884330E-03 2.91960049E-03 9.44502878E-03
40  3-2.12432033E-02-1.34963509E-02-4.93860791E-03-5.08702866E-03 2.27308295E-03
40  4 3.56161162E-02 2.25542220E-02-1.74823863E-02 2.58624833E-02 8.39670811E-02
40  5 8.04391515E-02-8.82730598E-02 7.57018698E-03 3.94125349E-05 4.83166532E-02
40  6 4.70376263E-02-3.16606379E-02-6.80682135E-02 1.00421338E-01 2.02982352E-02
40  7-2.78517172E-02 3.51854815E-03-6.69256305E-03-2.18379269E-02-2.05717768E-02
40  8 2.62035450E-02-5.88476571E-03-2.10554659E-02-4.51124585E-02 3.72079417E-02
40  9 1.96668504E-02 1.14966355E-01-1.33902388E-04-7.37364254E-03 1.32257500E-02
40 10-2.95944042E-02-1.58447203E-01-1.26976692E-01 7.33837366E-02 1.44812860E-02
40 11-2.59776030E-01-1.88188689E-01 7.38473542E-02 4.18837982E-02-3.31409936E-02
40 12-1.60678638E-02 3.37341385E-01-4.45175444E-02-3.41362928E-01-2.97115112E-02
40 13 6.71654893E-01-1.18971887E-01-1.03268718E-01-6.73674734E-01 2.00942775E-01
40 14 1.27055092E+00-7.59528987E-02-3.75429546E-01-7.06655763E-03-1.68096130E-01
40 15 1.00855341E-02 6.37673199E-02
41  1 6.46870584E-03-3.81856494E-02-1.14943892E-02 4.44980081E-03 1.17167729E-02
41  2 1.60644903E-01 3.20057111E-02-1.13025067E-02-3.72199736E-02-1.83867448E-01
41  3 2.68000680E-02-3.25715760E-02 8.99518435E-02-4.25967046E-02-5.61110571E-03
41  4-7.46506682E-02 3.93101383E-02-4.59264717E-02 6.11411330E-01-3.28055760E-01
41  5 6.69780338E-01-2.16720614E-01 9.00225971E-02-5.18965423E-02 2.88922419E-01
41  6-1.20852496E-01-3.22565014E-02-9.51022692E-01 1.02225943E+00-4.85695556E-01
41  7-3.21298955E-01-2.83663429E-02 1.27810705E-03 4.50033938E-02-3.41001528E-01
41  8 1.18476391E-01 3.69402602E-01 1.32072206E-01-7.72875214E-01 2.64873285E-01
41  9 3.09735045E-02-4.14839296E-01-8.14457377E-03 3.60378794E-01 1.93408083E-05
41 10 8.44751691E-03-2.05306395E-02 6.35321113E-02 1.27427360E-02-3.85613628E-02
41 11-3.15098366E-02 7.10135260E-02-8.72645249E-03 2.36818727E-03-1.25463186E-02
41 12 4.01908155E-02-4.76112623E-02-1.19368832E-01 4.73615998E-02 3.80590067E-02
41 13-5.95910502E-02-1.83905331E-01-4.95933382E-02-1.09137285E-01-3.31790442E-02
41 14-2.00856121E-01 4.95738582E-02 4.83717891E-02-3.56806183E-03-5.47522679E-01
41 15 1.52882288E-01 9.06482701E-01
42  1-6.37368278E-02 3.81779847E-01 3.82633872E-02 6.68211256E-02 1.03367025E-01
42  2-1.71396232E+00-1.24523973E-01-2.17631732E-01-3.33913887E-01 1.81418160E+00
42  3 6.45711383E-02 1.15094072E-01 9.49118132E-02-3.83942219E-04 5.84541600E-03
42  4-4.26840801E-02 2.83334642E-03-1.10759702E-01-7.15894618E-02-1.03566416E-01
42  5-2.01775683E-01-3.05935095E-01 1.51555319E-02-9.27184635E-02 9.16505830E-02
42  6-5.07059255E-02-1.93797969E-01 6.65260257E-02 1.16397711E-01 1.12588631E-01
42  7 2.12730230E-01-5.84578720E-03 8.55332871E-03 2.51049559E-03-5.30789251E-02
42  8-3.03541434E-02 1.85292316E-03-5.80586052E-03-4.07953299E-02-2.40167458E-02
42  9-6.71318292E-02-1.34405636E-01-1.02084465E-01-6.93239920E-02-2.19793630E-03
42 10-1.16276469E-02-5.31323496E-03 4.25117217E-03-2.97752442E-02 6.33695005E-02
42 11-2.78632809E-03 2.57889674E-02 3.88891778E-02-3.81952352E-04 1.85061033E-03
42 12 1.06371272E-04-3.52111045E-03 3.95156210E-03-4.70360583E-03 2.75151379E-04
42 13 3.40431980E-04 7.61877976E-04-3.35805651E-03 3.46567973E-03-1.45362039E-03
42 14 1.18533641E-02-1.83818509E-02 1.64597061E-02-8.64020529E-02-1.06873807E-01
42 15-1.41536904E-02 1.26277048E-02
43  1 8.33494969E-04-1.66103769E-03-1.40957385E-01-1.08980897E-01 2.61381584E-01
43  2 1.34797373E-01 4.81281785E-01 3.70298676E-01-9.09843221E-01-4.55466260E-01
43  3-3.83370414E-01-2.41634121E-01 1.20130466E+00-1.50963012E-03-6.94652720E-02
43  4 6.13722710E-02-6.52292926E-02-2.01813877E-01 4.56369517E-01 1.03002823E-01
43  5 3.76853176E-01 4.84897545E-01-4.30383045E-03 9.53368154E-02-6.39211278E-02
43  6 1.10824965E-01 3.02670756E-01-1.71087457E-01-1.01062314E-01-1.00764247E-01
43  7-3.84267810E-01 3.29117483E-03-2.18641757E-03 3.20313541E-03 4.95062411E-02
43  8 4.82899103E-02 1.60084770E-02 6.58033911E-03 2.96278593E-02 5.12042416E-02
43  9-5.57944528E-02 1.21591089E-01 8.23391639E-02 7.50485544E-02 1.21220600E-03
43 10 2.48502575E-02 1.04163930E-02 1.06734414E-03 6.26251103E-02-9.38023724E-02
43 11 6.58348460E-03-4.24678993E-02-5.43041736E-02 6.41351053E-04-3.74890857E-03
43 12 1.27519656E-03 4.25015530E-03-1.21371107E-02 1.03372041E-02 2.80857276E-04
43 13-6.87282313E-03-6.87532123E-04 1.18572389E-02-8.94224514E-03-7.32361862E-03
43 14-2.39539467E-02 4.24269661E-02-2.84417202E-02 1.74384860E-01 8.71885672E-02
43 15 2.60398793E-02-1.62891656E-02
44  1-1.47063795E-03 7.90001147E-03-2.75961592E-01 1.84716728E-01-6.07234233E-02
44  2-7.05606274E-02 9.54003836E-01-6.37740906E-01 2.12622025E-01 1.60484110E-01
44  3-9.37638784E-01 5.87628809E-01-3.00154271E-01 2.25445389E-03 1.29858914E-02
44  4 7.71159858E-02-1.93200133E-02 6.80693700E-02-8.05346497E-02-1.10389819E-01
44  5-6.47223747E-02-1.47152020E-01 1.41151779E-02-6.55628031E-02 7.65583387E-02
44  6-1.65618252E-01-3.39434584E-02-1.80569869E-02-9.43737189E-02 1.35521024E-01
44  7 3.60323999E-02-1.35138160E-03 2.76678863E-04 4.47258209E-02-1.93656484E-02
44  8-7.24489549E-02-2.47555898E-02 1.01063116E-02-1.12440887E-02-9.39100662E-05
44  9-1.59365745E-01-2.65818822E-02 1.32457370E-01-1.85324803E-02-1.52046950E-03
44 10-3.03627290E-03 1.38930415E-03 1.93002625E-03-1.34489400E-02 2.69386807E-02
44 11 3.78041860E-03-9.25936797E-06 1.68906588E-02-8.21398961E-04 1.05959107E-03
44 12-2.92631803E-03 1.92331076E-03 7.18221943E-03 4.76307338E-03-3.46410359E-03
44 13-1.17752869E-03 1.45306084E-02 1.28143655E-02 1.21831410E-03-1.96368365E-03
44 14 1.01211304E-02-1.47856033E-02-1.83491757E-04 5.97126538E-02 5.20563847E-02
44 15 4.23543088E-02-1.03889797E-01
45  1 1.56588148E-02-8.98841106E-02 1.27367615E-01 2.56797441E-01 1.28838055E-01
45  2 5.91313323E-01-4.49036967E-01-9.04259823E-01-4.72269538E-01-1.02040555E+00
45  3 5.39473403E-01 1.06363338E+00 9.35073789E-01 1.96474646E-02-1.37994140E-01
45  4-7.74577514E-02-1.75602287E-01-4.18110768E-02 4.10936031E-01 2.03048844E-01
45  5 4.15889505E-01 6.71487030E-01-2.34525851E-02 9.09280368E-02-7.43082369E-02
45  6-9.74235929E-04 1.14823405E-01-1.47424150E-02-1.95964136E-02-1.62367551E-01
45  7-1.81232831E-01 4.32556606E-03-1.57060608E-02-4.94539051E-03 4.19096497E-02
45  8-3.02277482E-03 4.42244354E-02 1.77432125E-02 6.81717453E-03 2.07410905E-02
45  9 1.60435817E-01 1.66117275E-01 1.58880664E-01 1.62308993E-01 3.60510507E-03
45 10 6.57401749E-03-1.84706611E-03-2.13663653E-02 2.73222838E-02-6.11822895E-02
45 11 9.52033555E-03-2.07196970E-02-2.92189120E-02 5.12733759E-04-1.61248029E-03
45 12 1.20283445E-03 5.40058536E-03 9.92100987E-04 1.37595842E-03-4.76766087E-04
45 13 2.68654477E-03 1.75591402E-03 9.63507420E-04 9.26840380E-04 9.25429745E-03
45 14-6.98028688E-03 4.96415633E-02-1.43191643E-02-4.20280092E-03 2.36503368E-02
45 15 2.37909296E-02-1.66771538E-02
46  1 3.93357809E-03-2.38098622E-02 8.26610428E-02-1.94757473E-02 2.32881645E-02
46  2 1.23865789E-01-3.10658165E-01 6.65813494E-02-8.97442609E-02-1.19088063E-01
46  3 4.35885059E-01-5.99528132E-02 9.15004929E-02-6.79530357E-04-1.82742021E-02
46  4 3.54015676E-01 1.14623240E-01 7.90266163E-03 3.45775906E-01-4.67952140E-01
46  5-1.01823108E-01-2.02242409E-02 3.22821795E-02-1.54536324E-01 4.77225113E-01
46  6-6.54470458E-01 1.22757729E-01 1.30108558E-01-6.73220249E-01 8.97593614E-01
46  7-1.70850766E-01-5.18895885E-03 5.54117282E-02 1.42839990E-01-1.03528697E-01
46  8 8.71500803E-03-3.80440479E-01-4.27010557E-02 8.77119386E-02 8.37825708E-03
46  9-2.93615924E-01-1.59036423E-02 1.92057067E-01-4.33707252E-02-1.49848858E-02
46 10 2.35347647E-02 2.77554282E-02-4.64922350E-02 1.14974641E-02 7.23889782E-02
46 11-1.55505407E-02-4.10606215E-02 3.69528805E-02 5.02874174E-04-8.83907926E-03
46 12 1.27858465E-02 1.90494265E-02-1.62703022E-02 2.94142910E-02-1.12529263E-02
46 13-2.45894505E-02 4.31382091E-02 7.70870037E-02-3.45293469E-02-3.56784976E-02
46 14 9.30670896E-03-1.69233111E-01 3.88470095E-02 2.66981869E-01 7.04602192E-02
46 15 1.18212083E-01-3.25322495E-01
47  1-7.32572963E-03 4.30969522E-02-4.68992213E-03-5.59916910E-02-1.33147028E-02
47  2-2.60150234E-01 2.54399737E-02 2.28404777E-01 5.14184388E-02 3.79582759E-01
47  3-1.23378260E-01-5.16700362E-01-9.93805922E-02 2.55695320E-02-7.30584395E-02
47  4-2.92206215E-01-8.22792390E-01 4.34579026E-01 6.32449023E-02 4.99316584E-01
47  5 1.43728436E+00-8.68586095E-01-1.94756136E-02 5.06491163E-02 1.20710325E-01
47  6-1.61265824E-01 5.95054762E-02-8.69875903E-01-2.93634641E-02 4.09265802E-01
47  7-3.58805414E-01 1.24815752E-02-3.62377502E-02 4.08829018E-02 7.06620724E-02
47  8-5.02992292E-02-1.07612866E-02-1.48397104E-03-3.08085771E-02 2.86683727E-02
47  9 1.29123774E-01 1.81466440E-01 2.90721815E-01 2.05915123E-01-8.47445531E-04
47 10-9.55118217E-03-5.47325934E-03-6.09523797E-03-4.21247929E-02 2.45588926E-02
47 11-1.22823736E-02-3.91005072E-03 2.24691803E-02 7.37624052E-04-5.42261634E-03
47 12 8.47931160E-03 1.43947655E-02 4.98482373E-03 1.79811569E-02-9.39621690E-03
47 13-1.23791798E-03 3.22419446E-02 4.48119988E-02-1.00386042E-02 2.12206723E-02
47 14-1.10499096E-02-6.78163935E-02 1.62287335E-02-3.34919048E-03 2.31922945E-02
47 15 1.95961666E-01-2.52460993E-01
48  1-1.85656775E-03 1.39794231E-02-2.59599241E-02-3.22122218E-02-3.52391484E-02
48  2-2.30437752E-02 1.04792741E-01 1.25249950E-01 1.51659844E-01-2.12578902E-01
48  3-1.28385941E-01-7.21391924E-02 8.10420319E-03 2.63033808E-02 1.23162698E-02
48  4-1.80581529E-01-7.87026913E-02-5.42014941E-01 2.42003678E-01 3.93483632E-01
48  5 2.02892361E-01 5.07299578E-01-1.18948994E-02-2.56436948E-02-2.28528258E-01
48  6-6.04733300E-01 3.49775297E-02 2.04885626E-01 4.33541130E-01 9.05216146E-01
48  7-2.42337934E-01-4.59106046E-03 2.44160066E-02-6.99486396E-02-7.74158245E-02
48  8-2.19920907E-02-1.60653485E-01-9.64890319E-02 1.70241816E-02 1.21908217E-02
48  9 2.99135295E-01 3.12610489E-02 1.06991389E-01-7.89171904E-03 8.29131609E-03
48 10-1.12443855E-02 2.19269775E-02-1.27851375E-01 8.00209836E-02 9.38788222E-03
48 11 8.58074999E-02-1.72261488E-02 8.09398319E-02 7.88874457E-03-2.62279813E-02
48 12-7.38936837E-03 3.09744188E-02-6.67155374E-02 2.02344087E-02 2.07038921E-02
48 13-7.43382238E-02 5.92231176E-02 2.12831444E-01-1.47244014E-01-1.20469806E-01
48 14 4.79092045E-02 3.35242872E-01-9.35016080E-02-3.68917100E-01-7.34293263E-02
48 15-2.67037278E-02-1.69696880E-01
49  1 6.54431645E-04-2.61239968E-04 7.81173758E-03-1.82851772E-02-3.81297252E-02
49  2 9.93347523E-02-3.21687497E-02 8.11469912E-02 1.48895383E-01-4.53506518E-01
49  3 1.61717461E-01-2.98188193E-02 1.29790808E-01 2.15520554E-03 1.14930891E-01
49  4 1.03678559E-01-2.29694983E-01-5.94994660E-01-8.81533500E-01-3.47907473E-01
49  5 2.64240396E-01 1.15449664E+00 7.27667055E-03 1.08975312E-02 1.56784263E-01
49  6 2.38278313E-01-5.52818361E-01 3.83649546E-01-5.51338254E-01-8.91074514E-01
49  7 8.17645020E-01 3.39443247E-03-5.29823804E-03 9.93690473E-02 1.63377773E-02
49  8-4.79002792E-02 4.88549843E-02 7.10029510E-02 8.96497673E-03-6.22487970E-02
49  9-3.81417341E-04-1.93410643E-02 3.40838130E-01 8.29228513E-02-1.27260239E-02
49 10 2.97489191E-02 8.31328906E-02-4.70322057E-02 8.00718514E-02 8.26502018E-02
49 11 7.95657812E-02 1.13986761E-01 1.54001633E-02-7.58118395E-03 2.84863507E-02
49 12-7.72333706E-04-1.06833456E-02 9.02676024E-02-3.22575235E-02-2.57248882E-02
49 13 1.22807276E-01-7.16673428E-02-3.17879290E-01 2.34245719E-01 2.58352647E-01
49 14-9.80488192E-02 1.70508459E-01-3.93288322E-02 3.40035508E-01 9.63167604E-02
49 15 5.86072152E-02 1.39834483E-01
50  1 1.09985268E-02-6.56483877E-02-3.25754851E-02-1.30637439E-02 6.93692380E-02
50  2 3.76093170E-01 1.41977558E-01 4.00442810E-02-2.76545242E-01-4.70427665E-01
50  3-3.76395066E-01 5.67749138E-02 4.51964941E-01 1.96918787E-03-7.04814396E-03
50  4-6.76439611E-01 3.04049500E-01 7.01270007E-02-1.28365594E-01 1.59470642E+00
50  5-8.22988259E-01 9.07457628E-02-1.11862289E-03-4.97180903E-02 3.88420229E-01
50  6-1.90765002E-01-3.23426855E-01 2.94518433E-02-1.25561132E+00 4.57888900E-01
50  7 6.82702707E-01 1.35217896E-03 4.16505181E-02 8.66402651E-02-7.65589299E-02
50  8 2.63200780E-02-4.80806427E-01-1.86724668E-02 2.47716156E-01-1.48439480E-01
50  9 2.06233421E-01 5.78984239E-01-3.16213687E-02-6.60279265E-01-2.87040098E-02
50 10 2.39347052E-02 3.55141469E-02-3.78559992E-02-3.36031406E-02 1.96460746E-01
50 11-2.04022383E-02 7.91859574E-02 1.16204565E-01-5.20738190E-03 1.76148692E-02
50 12-1.40681293E-02-4.64515314E-03 1.84083741E-02-1.86057267E-02-8.93839271E-03
50 13 5.26986520E-02-7.67435039E-02-2.29900717E-01 1.47228093E-01 8.57404120E-02
50 14-7.48615917E-02-3.65799969E-01 2.41286954E-01-3.49383410E-02 6.04537018E-01
50 15-3.60640266E-01 2.11741066E-01
51  1 7.03878990E-03-4.62402139E-02-5.86454822E-03-2.10112883E-02 8.72259857E-02
51  2 1.48451944E-01 1.89738820E-02 8.64873086E-02-3.48447973E-01 2.01957586E-01
51  3-5.89774695E-02-3.06852544E-01 1.42687970E-01 1.26927474E-02-5.93117201E-02
51  4 3.23146520E-01 1.56664390E-01 4.78282925E-01 4.23838296E-01-6.50270766E-01
51  5-8.67343332E-02-1.03824118E+00 4.27660335E-03 4.99726274E-02-5.15658394E-01
51  6-3.37489803E-01-4.60346206E-01-8.97065759E-02 1.12577378E+00 7.23030311E-01
51  7 7.88434165E-01-8.58571965E-03 2.76866172E-02-8.44692324E-02-7.57222904E-02
51  8-1.01011039E-01 2.88479570E-02-8.05271353E-02-6.82266557E-02-8.23795004E-02
51  9 2.38990034E-01-5.25768790E-01 1.64644972E-01-4.52080917E-02-1.93538389E-02
51 10-1.07148400E-02 7.09653868E-02 4.00284834E-02-3.57670037E-02 3.13954160E-01
51 11 4.01600560E-02 1.26350682E-01 2.62015196E-01 3.59282607E-03-2.74846310E-03
51 12-1.36656899E-02 4.32009105E-02 8.62077383E-03-2.03498821E-02 8.57036490E-04
51 13 9.38174905E-02-3.12740720E-02-2.27228899E-01 1.95510597E-01 3.21606723E-01
51 14-1.99164075E-01 1.93597463E-01 2.52091140E-02 1.63732359E-01-7.42501359E-01
51 15-3.85676416E-02 4.44566083E-02
52  1 2.77404433E-03-1.70334075E-02 1.24360012E-04-2.78834315E-05 1.75342168E-02
52  2 9.19550775E-02 7.67843591E-03-4.82507118E-03-7.43667355E-02-7.30170188E-02
52  3-1.03536764E-01 4.84611532E-02 8.30685827E-02-5.69617337E-03-1.27899178E-02
52  4-2.91944418E-01 2.40729155E-01 4.36621198E-02-4.91048334E-02 6.70244571E-01
52  5-5.71135531E-01-4.10541857E-02-5.32671344E-03-1.12820174E-02 1.47975846E-02
52  6 7.71906557E-02-2.25561818E-01 2.10468061E-01-3.57468095E-01 1.23630960E-01
52  7 3.36933090E-01 2.40588598E-02-2.68024353E-02-1.36416539E-01-9.28537093E-02
52  8 1.64595446E-01-9.09965334E-02-3.40048819E-02 1.90168046E-02 2.18394650E-03
52  9-5.88192878E-02 3.89237105E-01 2.05449512E-02-4.80406872E-01-2.21786891E-03
52 10-8.52580837E-03 7.00092573E-02-1.54442782E-02 1.63220058E-02 8.78145482E-02
52 11 3.99216460E-02 4.49577130E-02 4.42861209E-02 2.34469539E-02-4.65924509E-02
52 12 1.53581712E-01 8.60122833E-03 1.60051555E-01 5.86232738E-02-1.31988549E-03
52 13-3.06942895E-02 1.74396781E-01 8.15974763E-01-5.46262218E-01 2.51054940E-01
52 14 1.65372818E-02 1.50616965E-01-8.93799610E-02 2.01051171E-01-3.40036444E-02
52 15 7.91335144E-01-6.13477677E-01
53  1 6.49561772E-03-3.93444177E-02-1.29248734E-03-4.37427111E-03 3.37069178E-02
53  2 2.20644117E-01-1.09308486E-03 1.04960522E-02-1.40061161E-01-2.36908524E-01
53  3 2.84482079E-02 2.48692530E-03 1.99238978E-01-1.89907932E-02-1.36124731E-02
53  4 5.53861819E-02-6.03401117E-02 1.36957463E-01-1.08057226E-02-9.39875841E-02
53  5-3.02821409E-02-5.02247840E-02-2.50089836E-02 8.56143375E-02 4.65520033E-01
53  6 6.49830061E-02 2.56071822E-02-3.19306925E-01-7.37439891E-01-7.08979539E-02
53  7 4.50020147E-03 6.56839980E-03-1.37735891E-02 1.50235293E-02-9.18962659E-03
53  8-1.35398759E-01-1.74224571E-01 4.68737840E-02 9.61011129E-02 5.01849316E-02
53  9-2.94847114E-01 1.53897361E-01-1.79659332E-01 1.44641700E-01 1.52680702E-02
53 10-4.70590262E-02 1.51290576E-01-6.34505773E-02-1.15458588E-01 1.29057739E-01
53 11 1.51368699E-01 7.74726575E-02 5.48624066E-02 2.35216758E-02-4.65113786E-02
53 12-5.04324548E-03 8.45511085E-02-7.26363565E-03-4.48200756E-04 6.63970771E-02
53 13 5.49285903E-02 2.80465586E-02 7.43947327E-02 2.73978737E-02 5.61241141E-01
53 14-4.43889555E-01 7.71734135E-01-6.48726021E-01-6.05246634E-01 1.02112038E+00
53 15-2.31663105E-01 2.43451918E-01
54  1 1.35710534E-02-8.03917672E-02-2.04000103E-02-1.19878959E-02 6.66153300E-02
54  2 5.08162770E-01 6.79819220E-02 4.76015439E-02-2.80611700E-01-7.00087944E-01
54  3 3.83126681E-02-5.30829100E-02 5.56435143E-01-1.49678010E-02-5.43231718E-02
54  4 4.08173712E-01-2.58152636E-01-3.58993021E-02-2.15301595E-01-9.69827022E-01
54  5 1.79468274E-01 3.83263445E-01-1.89036353E-02-4.20499736E-02 1.71939200E-01
54  6 6.26176353E-02-5.28301106E-01 2.27095362E-01 7.50621032E-03-3.56352877E-01
54  7 1.13117069E+00 6.93338584E-03-3.96053262E-02-4.44922404E-02-1.49774341E-02
54  8-1.01017837E-01 4.55202035E-02 5.53645418E-02-5.28441475E-03-1.06850683E-01
54  9 6.37776654E-02-6.15621969E-01-3.17387558E-01 6.98101405E-01-1.21630095E-02
54 10-4.17331560E-03-1.35629123E-01 6.65549157E-02-8.19563700E-03 9.83177749E-02
54 11-1.05862514E-02 1.52750904E-02 1.59516495E-01-3.92604892E-04 1.31347432E-02
54 12-2.30543922E-02-1.14186652E-01 1.23137106E-01-5.85442916E-02 4.55544245E-02
54 13-5.05417482E-02-1.53391113E-02 4.36687873E-01-4.51216568E-01-4.76390417E-01
54 14 6.02986874E-01-3.74087126E-01 3.56758036E-01-5.21494606E-01 4.48813978E-01
54 15-4.12620649E-02 1.11775588E-01
55  1-2.42599788E-03 1.56551166E-02-1.90458299E-03 9.00149656E-03-2.38408852E-02
55  2-5.81587683E-02 7.26894173E-03-3.34181824E-02 9.54464954E-02-3.06633539E-02
55  3 2.46700181E-02 5.25133550E-02-3.64189012E-02-7.13094341E-03 6.94667529E-02
55  4 1.10515775E-01-2.21323297E-01-1.20102552E-01-6.55909280E-02-1.67631818E-01
55  5 4.47416091E-01 1.66979987E-01 2.41935876E-02-8.93434432E-02-1.80290144E-01
55  6-4.49628709E-02 1.17788385E-01 5.23571056E-02 3.32121274E-01-5.72107109E-02
55  7-2.56940075E-01-6.64918681E-03 7.18363437E-03 1.67249343E-01-9.48393479E-03
55  8-1.04480158E-01-6.18931240E-02-5.65987844E-02 2.20030342E-02 3.30162302E-02
55  9 1.45994214E-01-1.99508519E-01-2.68639174E-01 5.50210633E-01-1.42740492E-02
55 10 2.81906438E-02-7.09194801E-02-3.20395372E-02 2.78538778E-02-3.35888627E-02
55 11-3.33720068E-02 7.59852710E-02-1.07857087E-01 3.77289939E-02-6.38924870E-02
55 12 1.89859035E-01 2.64801287E-02 6.44676455E-02 6.64911553E-02 4.27368609E-02
55 13 2.78707739E-02 2.79143344E-02 5.90438226E-01-3.77908104E-01 7.53936380E-01
55 14-7.32020501E-01-4.08240282E-01 3.75120141E-01 2.93534189E-01-4.52281788E-01
55 15-6.12535861E-01 7.25086165E-01
56  1 8.88038137E-03-5.10106624E-02 2.69307339E-03 1.25180677E-02 1.53419197E-02
56  2 3.89744977E-01-1.04310953E-02-5.69211343E-02-8.41870182E-02-6.63872775E-01
56  3 2.44932506E-02 1.50709070E-01 4.15514015E-01-7.29927582E-02 1.28434935E-01
56  4-1.76802688E-01-3.50055319E-01-1.33929730E-01 3.19620088E-01 4.26932210E-01
56  5 5.54539255E-01 4.75894833E-02 1.39539211E-02-1.73137439E-01-2.23856754E-01
56  6-2.37890095E-01-8.36722783E-02 4.42305630E-02 4.93241559E-01 8.53202290E-01
56  7-2.02055387E-01 1.07014630E-02-1.10965148E-02-9.37695548E-02 1.44662880E-02
56  8 2.33216866E-02-7.29566677E-02-8.76979179E-02-2.68339457E-02 2.35813385E-02
56  9-5.35722751E-01 6.93565592E-01-8.63730532E-01 8.83497761E-01-1.48383333E-02
56 10 2.84631353E-02-2.48182531E-02 2.10218974E-02 3.76036580E-03 6.50659070E-02
56 11-1.18794828E-02-2.63893235E-03 5.44333001E-02-1.23971937E-02 1.49412746E-02
56 12-2.56651767E-02 8.77634717E-02-1.01982348E-01 5.75057436E-02-5.63645495E-02
56 13 1.26767316E-02 5.59335228E-02-4.22657658E-01 4.34393485E-01 2.08616012E-01
56 14-3.15570712E-01-1.41227246E-01 1.72192693E-01 8.94554757E-02-4.78672872E-01
56 15 4.10472424E-01-5.65793454E-01
57  1 4.41334580E-03-2.61868005E-02 3.11841382E-02-1.03844522E-02 1.47578360E-02
57  2 1.74217446E-01-1.31475503E-01 4.39744955E-02-7.02476794E-02-2.33844681E-01
57  3 2.29500840E-01-8.98486538E-02 1.70357371E-01-2.60202693E-02 6.37982812E-02
57  4-3.87987715E-01 7.90432087E-03 3.40261793E-02-7.09710299E-02 3.50393383E-02
57  5 2.02586589E-01-6.28950481E-02 1.10256532E-02-5.87453256E-02-3.36717342E-01
57  6 3.14989711E-03-1.67969516E-01 7.90282320E-02 1.01051482E+00-1.79617849E-01
57  7 2.78399536E-01-1.61897027E-02 1.25271620E-02 5.75958145E-02-2.30405363E-03
57  8-1.53019999E-01 2.00472387E-01-1.99410879E-02-1.20953760E-01 2.52097812E-02
57  9-9.95229537E-01 1.06936368E+00 4.81392359E-01-4.57909700E-01-9.70470778E-04
57 10 1.50006096E-03-9.68692856E-02 3.29528344E-02 3.08102597E-02 2.59393609E-02
57 11 1.72752748E-02-4.51398891E-03 5.16284963E-02 8.55133820E-03-1.11243529E-02
57 12-8.31018042E-04-6.18361636E-02 3.96079393E-02-6.05663375E-02 5.19663323E-02
57 13-1.73205660E-02-4.98040453E-02 2.51895335E-01-2.87301762E-01-2.26780130E-01
57 14 2.80817469E-01 2.23833029E-02 2.44665521E-02-4.60301980E-03-6.49174128E-01
57 15-4.08519520E-01 5.17480267E-01
58  1 1.10755980E-03-7.31311612E-03 1.55521461E-03 1.29931199E-02 3.40494782E-03
58  2 3.26378930E-02 3.68071421E-03-5.34629494E-02-2.12036271E-02 1.14178894E-02
58  3-9.98493661E-02 6.11582300E-02 5.29977854E-03-1.46450197E-02 1.17643548E-01
58  4-6.08502403E-02-1.49366382E-01 1.25038139E-01-4.28175249E-01 4.98087845E-01
58  5-3.24768209E-02-1.58037669E-01 2.25277865E-02-1.10480333E-01 1.73185243E-02
58  6-3.66913587E-02-8.66327996E-02 1.81119576E-01-5.78065749E-01 1.34732658E-01
58  7 1.94354423E-01 7.58190866E-03 3.80232905E-03 2.01377992E-01-9.15649874E-03
58  8-2.86456409E-02-2.90515481E-01-1.13978989E-01 1.63130312E-01-4.44045263E-02
58  9 1.54103911E-01 1.77740534E-01-5.04866036E-01 4.13899493E-01 1.47053910E-02
58 10-3.09536482E-02 2.72367681E-01-5.88959706E-02 2.60884277E-02 9.21134597E-02
58 11-5.76501211E-02-3.13032754E-02 6.37450801E-02 9.13178618E-05 2.08008093E-03
58 12-2.02872682E-02-7.53802507E-02 1.25742659E-01-1.17067029E-01 2.72767197E-02
58 13-2.86637479E-02-1.30927184E-01 2.02344318E-01-3.48401125E-01-6.15763438E-01
58 14 7.81149316E-01 6.43326901E-01-6.83151251E-01 6.66019634E-01-4.13507117E-01
58 15-3.40167171E-01 3.27687077E-01
59  1-1.40249920E-03 8.68472625E-03 5.22560424E-03-4.18598751E-04-9.11658593E-03
59  2-5.33939301E-02-1.72987361E-02-1.42879937E-03 4.27138549E-02 3.24981144E-02
59  3-3.17104701E-03 3.31566275E-02-4.57763877E-02 2.03176173E-04 1.07449088E-01
59  4-5.86890666E-02 6.14150288E-03-4.77682823E-02-7.03931309E-02 3.36364666E-01
59  5 4.56319183E-02 7.52628326E-02-5.41032220E-03 1.55402500E-01 5.11603597E-05
59  6 1.25661639E-02 1.01373425E-01-2.77722853E-02-3.09230144E-01 1.44300654E-01
59  7-4.11122133E-01 2.79261873E-02-9.21617349E-02 1.01539852E-02-3.40015643E-01
59  8-2.50842903E-01-1.49882123E-01-6.24932759E-02 3.95892385E-01 3.55262547E-01
59  9 6.93010567E-02 1.60091685E-01-2.79298379E-02-6.96469032E-03 1.22739985E-02
59 10-3.39448494E-02-9.30519362E-02 2.85039525E-01 3.42706804E-02-8.57213355E-02
59 11 1.10178818E-01-3.25522975E-01-9.19918867E-02 2.53995792E-02-7.90243969E-02
59 12-8.33678148E-01-3.79428062E-02 1.55871264E-01-4.89169662E-02 8.54133794E-01
59 13 6.87435663E-02-1.02726965E-01 1.38497700E-01 2.59973074E-02 1.85169716E-01
59 14-6.19019280E-02-1.24252076E-02 4.24010216E-02 1.26735154E-01 2.43483144E-02
59 15 9.12489270E-02 5.73920890E-02
60  1 2.14347467E-03-9.20718814E-03 2.82606314E-04-1.63637112E-02-3.29855032E-03
60  2 1.88389254E-01-1.90222512E-03 5.96153834E-02 4.41518739E-04-5.21739395E-01
60  3 6.49238215E-02 6.78414911E-02 3.35279314E-01 8.04010285E-03-6.77897901E-01
60  4-4.22942833E-02 1.70652555E-02-1.38588225E-01 1.01992356E+00 6.56782334E-02
60  5-1.86832169E-01 5.16378902E-01 1.71142507E-02-9.20883646E-01-7.11980482E-02
60  6 1.22243251E-01 6.32163466E-02 1.42486336E+00 8.74790046E-02 4.11506797E-02
60  7-7.38263729E-02 2.77805026E-02-9.59576640E-02 5.30092760E-02-1.07559518E-01
60  8-2.64387550E-01-1.89404117E-01-1.53474823E-01 2.09561228E-01 2.94770309E-01
60  9 5.93616594E-02-2.68320114E-01 5.28589002E-02-4.21887788E-01 1.90760827E-02
60 10-5.52234345E-02 9.34075761E-04 1.74285319E-01-5.53890143E-01-1.02607911E-01
60 11-1.51834680E-03-2.36042311E-01 4.29370720E-01-9.80905059E-03 1.61945451E-02
60 12 1.19698437E-01 3.90980239E-01 1.72036537E-01 4.07868281E-02-1.37219333E-01
60 13-4.40605239E-01-1.81080959E-01-7.19972948E-02 9.95085082E-02-1.11684148E-01
60 14-7.35298098E-02 2.11783622E-02 1.04256739E-02 3.35426947E-02-4.71449573E-01
60 15 1.02332517E-01-9.73471738E-02
61  1 2.06654923E-03-1.08565496E-02-3.09275129E-03-9.54679455E-03 6.17741765E-03
61  2 1.35133927E-01 1.21914837E-02 3.55763238E-02-3.87966441E-02-2.64581787E-01
61  3 7.29860370E-03 1.31660089E-02 1.98811625E-01 3.22134524E-03-5.94816699E-01
61  4-1.10705734E-02 6.12660939E-02 1.87141132E-02 8.45448173E-01-1.21933768E-01
61  5-3.40467562E-01 9.04432348E-02 9.43469937E-03-6.56158160E-01-4.63862252E-02
61  6 9.38766280E-02-1.08825099E-01 9.62000618E-01 3.42672497E-01-4.27424718E-02
61  7 3.58433734E-01 4.24710379E-03 7.47613071E-03 2.52077010E-01 3.07361370E-01
61  8-8.13181067E-03-6.30121283E-02-3.23397577E-01-3.41783209E-01-9.17605554E-03
61  9 2.11950734E-02-3.43012446E-01-2.09073577E-02-3.58537290E-01 7.64167543E-03
61 10-3.49631635E-02-7.02528026E-02-3.35538130E-01-7.78206042E-02 7.47802991E-03
61 11 7.18913258E-02 3.38330323E-01 7.11027678E-02 2.64826977E-02-7.47634775E-02
61 12-3.37748843E-01-3.50960779E-01-5.22014356E-01-9.55497587E-02 3.91273832E-01
61 13 3.79711875E-01 6.15137180E-01 1.78570625E-01 4.04815186E-02 1.48282827E-01
61 14 8.89807745E-02 3.53616238E-02 1.66272695E-02 2.20736978E-02-5.19727482E-01
61 15 1.58040457E-01-8.66791139E-02
62  1-5.58281474E-04 4.48987388E-03 6.15989685E-03-8.10736471E-03-7.25511281E-03
62  2 3.01784900E-03-1.99910129E-02 2.34391513E-02 3.21886010E-02-1.00447482E-01
62  3-3.37404447E-03 6.21199169E-02 4.57763209E-02 3.42928877E-04-1.89991176E-01
62  4-8.28843281E-02 6.25090182E-02-2.48668325E-02 3.36168239E-01 5.12543004E-01
62  5-1.52627856E-01 1.59226172E-01 1.51758117E-03 4.02094261E-02 1.57395329E-01
62  6 2.89027096E-03 1.90698801E-02-2.63420780E-01-7.14582796E-01-1.40699959E-01
62  7-4.23658155E-01-4.39787943E-03 4.11072481E-02-4.26771091E-01-5.83958294E-02
62  8-7.06460893E-01-7.96935351E-02 5.14996288E-01 1.06499280E-01 8.19433919E-01
62  9 9.14702108E-02 1.10464748E-01-7.57481697E-02-2.37087275E-01 2.48993771E-02
62 10-1.10197787E-01-4.64281405E-02 1.42890475E-01 2.13407963E-01-4.41740244E-02
62 11 6.30117251E-02-2.19055578E-01-2.94207509E-01 3.41181405E-03-1.13764382E-03
62 12 2.75149290E-01-2.62193141E-01-3.05165216E-01-6.13631304E-02-2.79593381E-01
62 13 3.22256742E-01 3.05544021E-01-1.52125318E-02-5.25983374E-02-3.18783881E-02
62 14 2.31201602E-01 5.50276604E-02-1.25722154E-01 2.40185657E-01 2.56131860E-01
62 15 5.98592093E-02-7.05305478E-02
63  1-5.07888527E-04 3.47371946E-03 6.12389235E-04 3.19277758E-03-5.80802724E-03
63  2-8.97565517E-03-8.12807277E-03-1.02613026E-02 2.45403037E-02-3.33560392E-02
63  3 6.78388017E-02 3.91098849E-04 4.35827936E-03 8.20412901E-06 6.03466564E-02
63  4 4.81209568E-02-8.98404525E-02-2.87780387E-02-2.76672306E-01-2.98887003E-01
63  5 3.11733423E-01 1.47644977E-01 2.44682281E-02-2.32721573E-02-1.84837972E-02
63  6 5.04754538E-02 8.65411651E-02-3.37044120E-01 1.92919089E-01-5.26216579E-01
63  7 5.22577710E-02-3.49520493E-02 1.11905641E-01-5.70584730E-01-1.00867259E-01
63  8-1.04038278E-02 2.33594006E-01 7.38717738E-01-5.59129931E-03-3.55660343E-02
63  9-9.42307040E-02 1.60737928E-02 6.81759916E-02 2.35420750E-01-2.72097963E-02
63 10 1.18273156E-01 4.59571055E-01-5.40813747E-01-2.73407009E-01-2.13789540E-02
63 11-6.03763537E-01 5.81807317E-01 2.51721841E-01 3.93087831E-03-2.12006971E-02
63 12-2.04483106E-01-3.81161515E-02 1.10209657E-01 8.32119626E-03 2.19491599E-01
63 13 2.19185648E-02-1.17444255E-01 5.11642654E-02-6.45561746E-02-2.64019966E-02
63 14 2.39708623E-02-3.07709184E-01 6.71660854E-02 7.40536601E-02-2.32734885E-02
63 15-1.89084223E-01 2.01691591E-01
64  1 1.31089202E-03-1.01751583E-02 1.97344735E-03-2.42893097E-03 1.91554135E-02
64  2-2.11955457E-02-5.19293368E-03 9.47028785E-03-7.10398102E-02 1.98360878E-01
64  3-4.16004697E-02-6.39555432E-02-9.20724578E-02 3.89158225E-03 3.12600576E-01
64  4 2.85951877E-03 5.71409689E-02 1.12252743E-01-5.52930880E-01 2.39862719E-02
64  5-1.67742010E-01-1.95724628E-01-6.05946215E-03-8.64835970E-02-8.78213509E-02
64  6 1.23935327E-01 1.17607838E-01 5.31727991E-01-4.28999992E-02 1.12782188E-01
64  7-9.87832545E-02 3.78317805E-02-1.54085261E-01 2.98297921E-01-3.89151099E-01
64  8-2.80840023E-01-5.88099944E-02-4.33976362E-01 5.04356900E-01 3.51872938E-01
64  9 5.93775127E-02 5.54582425E-02-1.68877345E-02 5.35934128E-02 1.06762978E-02
64 10-8.92065728E-03-3.31695218E-01-6.28154374E-01 8.55276482E-02-1.22549533E-01
64 11 4.06198188E-01 6.37865854E-01-1.46599097E-01-3.61553189E-02 1.54706704E-01
64 12 1.29398644E-01-1.05341604E-01 2.63316150E-01 6.84312744E-02-1.99035627E-01
64 13 7.95160366E-02-3.15134879E-01-2.03601839E-01 7.48351502E-02-3.45058357E-02
64 14-2.56329379E-01 3.26561734E-02 1.71663647E-01-1.12149189E-01 2.87615739E-02
64 15 2.67113651E-01-2.60609805E-01
65  1 5.86240989E-04-3.62130483E-03-7.52672843E-04 9.89621968E-04 3.10977053E-03
65  2 1.98177892E-02 4.68343451E-03-3.12476745E-03-1.29345320E-02-3.02869749E-02
65  3-2.18761776E-02 9.70845650E-03 2.26249769E-02 5.73397463E-03 1.05892931E-01
65  4-1.64128517E-02-3.28339904E-02-1.09564447E-02-3.31457426E-01 1.44779665E-01
65  5-7.16853320E-02 1.18675792E-01 1.11732736E-02-4.60052171E-01 8.93920401E-02
65  6-1.50893615E-01 9.57447399E-02 4.62118036E-01-3.59825765E-01 1.30953894E-01
65  7 6.31865393E-02-4.50460320E-03 3.32579065E-02-3.33539866E-01 1.68754063E-01
65  8 2.40684409E-01-2.17399404E-01 3.92473371E-01-1.17291031E-01-2.95597340E-01
65  9 5.09083390E-02 9.49794339E-02 2.55932584E-03 7.14312774E-03 3.03399961E-02
65 10-1.26570239E-01-4.42035813E-01 1.03640121E-01-2.15965180E-01-3.36235761E-02
65 11 6.17587799E-01-1.56614355E-01 2.49351124E-01 8.54447282E-04-3.21859197E-02
65 12 3.07757696E-02-5.62312477E-01 4.20657302E-01 7.66464017E-02-7.51733483E-02
65 13 8.10343780E-01-5.58835516E-01-1.64374170E-01-3.38786245E-01 1.64839301E-01
65 14 2.01292778E-01 2.88562833E-01-7.09481657E-03 1.08880128E-01-3.10951401E-02
65 15-1.68849423E-01 1.21959031E-01
66  1-1.54188992E-03 1.23318137E-02-3.94348771E-03-8.51271287E-03-2.01540195E-02
66  2 4.26606292E-02 1.18128748E-02 2.87502111E-02 6.77686326E-02-2.43680781E-01
66  3 4.22333318E-02 4.59427863E-02 1.46432660E-01-8.48529229E-03-1.01892937E+00
66  4-4.25785977E-03-5.63510472E-03 7.00021931E-02 1.83444905E+00-8.28897276E-02
66  5 2.88599949E-02-1.01288208E-01-1.03959950E-02-4.94139928E-01 1.63074897E-02
66  6-2.44860848E-02-2.23175115E-02 3.09199387E-01 2.79463349E-01-3.89241201E-02
66  7-4.29388999E-01 7.35587456E-03-6.01768965E-02-1.36588015E-01 1.73391608E-01
66  8 3.26763130E-02-2.09143957E-02 1.51815733E-01-2.59353553E-01 3.80861363E-02
66  9-1.05580060E-01-3.98219986E-01-7.02168079E-02-3.72491641E-01 1.17522806E-02
66 10-8.49312297E-02 9.77386659E-02-8.96293646E-02 6.90982503E-01 5.84111996E-02
66 11-1.76076445E-01 8.54897081E-02-9.23745422E-01-1.76462737E-02 7.18023165E-02
66 12-9.96362504E-02 1.66673992E-01 3.88549602E-01 1.05458081E-01 9.99123818E-02
66 13-2.53605854E-01-4.98506160E-01-9.98769180E-02 7.39349773E-02 7.94262247E-02
66 14-5.15027931E-01-1.39083458E-02-2.15521893E-01-9.16432090E-02-1.86172795E-01
66 15-7.79516470E-02 2.97029322E-01
67  1-7.77195986E-04 6.54904269E-03-1.04272854E-03-3.92333856E-03-1.17100443E-02
67  2 2.48328661E-02 3.86670261E-04 1.48270047E-02 4.29465311E-02-1.59532323E-01
67  3 5.19705590E-02 1.18898230E-02 9.39793713E-02-1.14694571E-02-3.58684608E-01
67  4 8.42944694E-03-2.00048406E-02-7.05457188E-02 1.10100139E+00-9.73005174E-02
67  5 3.23903953E-01-8.50946291E-02-8.50085386E-03 2.00268362E-02-1.80961645E-01
67  6 4.76927423E-03 1.09608329E-01 2.79612223E-02 6.86486958E-01 4.88747831E-01
67  7-5.60543885E-01 1.74285627E-02-9.70973162E-02 3.11588004E-01-2.18975305E-01
67  8-7.34375598E-03 1.05903216E-01-4.97994269E-01 2.61636127E-01 7.27513928E-02
67  9-1.11542310E-01-1.12136984E-01 3.09106832E-03-4.14792767E-02 1.22979222E-03
67 10-6.07969389E-02 5.88881730E-01 2.24150314E-01-1.87817809E-02 9.40595009E-02
67 11-9.03248083E-01-3.55699166E-01-2.56485067E-02 7.80770053E-03-7.25358882E-02
67 12 1.69009005E-01-5.92451642E-01 1.85408902E-01 4.33100827E-02-2.54775806E-01
67 13 9.32770852E-01-2.78341372E-01-1.91339446E-01-3.11523869E-01 1.33834602E-01
67 14 4.50018627E-01-2.50732668E-01-2.39436313E-01-3.03690114E-01-1.46505019E-01
67 15 1.94971824E-01-3.80269730E-01
68  1 2.31901652E-03-1.42137196E-02-4.14905801E-03 4.64934135E-03 1.04289890E-02
68  2 9.48622299E-02 1.28970486E-02-1.22676738E-02-5.03185899E-02-1.32538433E-01
68  3 2.36261447E-02-6.22355734E-03 9.47645396E-02 2.55447840E-02 1.03122972E-01
68  4 5.05122599E-02-1.93379787E-01 8.96670244E-02-1.19874515E+00-3.30852196E-01
68  5-5.63368216E-02 4.46542716E-01-4.02230630E-02-8.05313806E-01-5.34362953E-03
68  6 1.86447417E-01-4.57755362E-02 2.21951494E+00-6.59969990E-01-4.23108516E-01
68  7 4.84871751E-01 7.11709892E-03-4.39965807E-02-1.72127547E-01-6.82211965E-01
68  8 4.23032095E-01-9.87051875E-02 2.27080152E-01 1.32066737E+00-7.53153334E-01
68  9 1.38024176E-02-1.41727231E-02 1.09027317E-01 2.27323871E-01 3.77478595E-02
68 10-2.41319472E-01-2.52200829E-02 8.13745303E-02 1.93882707E-01 1.08899809E-01
68 11 3.47011874E-02-1.43121336E-01-3.83563383E-01-1.35754218E-02 1.43394069E-01
68 12 5.93765318E-02-2.07579416E-03-3.68492943E-01-1.68037556E-01-7.02855894E-02
68 13-1.90095957E-02 5.53689922E-01 3.91113031E-02 2.29313656E-01 1.81139981E-02
68 14 6.58773501E-02 1.07546231E-01-2.60791917E-01-2.93969771E-02-6.77388282E-02
68 15-2.88195211E-01-6.69260488E-01
69  1-4.77038550E-03 3.52400899E-02-8.20353292E-03-5.31640441E-03-5.36440061E-02
69  2 2.51577001E-02 3.00566000E-02 1.54296965E-02 1.93648028E-01-4.37902973E-01
69  3 2.13040796E-02 9.53904269E-02 2.43793470E-01-5.57071263E-02-1.49765089E+00
69  4-1.78280604E-02-8.52555744E-02-9.24344135E-02 3.62507359E+00 3.49396523E-01
69  5 6.32989859E-01-4.71891982E-01 5.55145026E-02 1.16721754E+00 1.39286734E-02
69  6-2.62228255E-02-7.13269954E-02-3.01358265E+00-4.03132516E-02 8.52831133E-01
69  7-4.42462227E-01-2.18441396E-02 8.67611810E-02-1.02975042E-02-3.11044309E-01
69  8 1.60991462E-01 1.83463565E-01 8.82413870E-02 3.41082752E-01-2.41793059E-01
69  9-2.34362578E-01-3.53172062E-01-2.70103747E-01-3.13243364E-01-3.38034660E-02
69 10 2.41078551E-01-2.63497373E-01-8.11879001E-02-1.88399925E-01-9.77339498E-02
69 11 4.64963450E-01 1.62227244E-01 4.94022249E-01-1.28394398E-03 1.09372965E-02
69 12 4.65645741E-02-6.09821111E-02-3.83372530E-02-2.18543957E-02-6.66438796E-02
69 13 9.45923306E-02 4.38961105E-02-1.77177168E-02-1.75217494E-02-3.69076464E-02
69 14 9.97580720E-02 1.17608377E-01 2.80544110E-01 2.70044150E-01 3.81103657E-01
69 15-1.47965167E-01-1.54108811E-01
70  1 1.38272022E-04-1.55759549E-05-9.23880903E-04-1.71780312E-03-2.08102435E-03
70  2 3.32633347E-02 4.48596482E-03 7.56099658E-03 2.98377189E-03-8.43874809E-02
70  3-1.26486406E-02-1.36351684E-02 7.05760375E-02-1.92698693E-02-1.38146780E-01
70  4-7.95054672E-03 1.00438956E-02-5.97806130E-02 7.03470441E-01 1.36608200E-01
70  5 1.65825816E-01-2.25735900E-01 3.99022855E-02 5.00473305E-01-2.72223022E-02
70  6-4.61601860E-02-2.58332742E-02-1.25311465E+00 1.97574404E-01 4.43631541E-01
70  7 1.17683121E-01-2.33812487E-02 3.96570274E-01 6.81271188E-02 9.34422683E-02
70  8-1.93544180E-02-4.46053923E-01-1.50084261E-01-3.09682391E-01 7.33583401E-02
70  9-6.43300767E-02 4.79538055E-02-6.01980684E-02-3.03481114E-02 5.74360378E-02
70 10-1.10587663E+00 8.11881826E-02-3.30721696E-02-1.38680309E-01 1.35150881E+00
70 11-2.46849865E-01 1.06213747E-01 3.53151882E-01-5.77792172E-02 1.08129934E+00
70 12-9.37840212E-02 3.03990127E-03-2.45541862E-03-1.27435562E+00 2.48767827E-01
70 13 1.34166016E-02 8.23132428E-02 1.99520293E-01 2.00850307E-01 1.74441797E-01
70 14 9.96591781E-02-1.95352474E-01-1.92790816E-01 6.63013159E-02 7.11670499E-02
70 15 3.55411749E-02 4.28152191E-01
71  1 1.12298140E-03-6.71415134E-03-2.99196981E-03 1.00213112E-04 4.89496065E-03
71  2 5.65364051E-02 1.39981718E-02 1.21541765E-03-2.68683483E-02-7.70287424E-02
71  3-3.64366861E-02-7.23589242E-03 6.78454679E-02-9.87933985E-04-3.75484450E-02
71  4-5.68013651E-03-3.47783135E-02 9.76551248E-03 2.52208503E-02 1.11094239E-01
71  5-5.28710978E-02-3.04155919E-02-1.44770134E-02 4.02539065E-02-4.72079520E-02
71  6 1.16744244E-01-2.84979719E-02 3.55754031E-01-2.80468282E-01 4.11398868E-01
71  7 1.58256358E-01-4.53893684E-02 9.97236376E-01 1.17199766E-01-1.07830615E-01
71  8-1.54277326E-02-1.33218094E+00-3.42381919E-01 3.02687861E-01 4.49416213E-02
71  9 6.17198465E-03 3.80832580E-02-4.75142252E-02 1.61369573E-02 3.93658845E-02
71 10-7.25395240E-01-3.77370122E-02-8.93281741E-02 2.81073664E-02 8.48335520E-01
71 11 3.04365332E-02 1.78231734E-01-4.50941093E-02 5.21024034E-02-1.09359749E+00
71 12 5.07333303E-02 1.00317047E-01 9.64695313E-02 1.40441005E+00-1.77050786E-01
71 13-2.65042450E-01-2.70072900E-01-2.08352160E-01-1.38943436E-01-1.46838286E-01
71 14-5.54129725E-01-1.13836066E-01-6.70530212E-02-3.07532042E-02 7.48435184E-02
71 15 1.88879122E-01-1.28742740E-02
72  1 9.11849545E-04-6.30513352E-03-5.95819615E-04 1.95229639E-03 6.16710058E-03
72  2 1.74182386E-02 4.99780387E-03-8.09091029E-03-2.46555461E-02 6.47471956E-03
72  3-3.13863370E-02 2.73550006E-02-1.09383164E-02 2.54587669E-02 1.51675982E-01
72  4-2.96430724E-02-4.21915711E-02 6.16140961E-02-7.99924402E-01 1.35159002E-01
72  5-2.89916106E-01 2.75207569E-01-8.29329747E-02-6.22206551E-01-5.25132116E-02
72  6 1.88685795E-01 5.83232975E-02 2.21668852E+00-5.77614175E-01 1.30308587E-01
72  7-1.92332092E-01-3.26551748E-02 1.34838503E+00 1.21122033E-01-9.85113795E-02
72  8-9.35733430E-02-2.17988130E+00-4.79700346E-01 4.60127379E-01 3.13017336E-01
72  9 1.12203428E-01 7.15502587E-02 5.53563278E-03 8.67750767E-03-2.68688610E-02
72 10 9.13401333E-01-3.35784880E-02 1.39152956E-01 8.87456402E-02-1.25479189E+00
72 11 1.52747991E-01-3.80894370E-01-3.18409783E-01-1.92958872E-02 5.76871786E-01
72 12-4.43297791E-02-7.44730610E-02 4.52963907E-02-7.79781163E-01 1.34108262E-01
72 13 2.14761111E-01-5.44502544E-02 9.69088420E-02-1.49584800E-02 1.03015978E-01
72 14 3.09394252E-01 2.27117200E-01 5.37482551E-03-1.51376410E-01-1.28870346E-01
72 15 2.39987563E-01 2.42061727E-01
 $END   
 POPULATION ANALYSIS
CL          17.07981  -0.07981  17.12103  -0.12103
C            6.61239  -0.61239   6.20566  -0.20566
C            5.81010   0.18990   5.84667   0.15333
O            8.61316  -0.61316   8.32863  -0.32863
H            0.68620   0.31380   0.85374   0.14626
H            0.68249   0.31751   0.85068   0.14932
O            8.56049  -0.56049   8.40503  -0.40503
O            8.73243  -0.73243   8.47414  -0.47414
H            0.61924   0.38076   0.74407   0.25593
H            0.62972   0.37028   0.76791   0.23209
H            0.63454   0.36546   0.76219   0.23781
H            0.72847   0.27153   0.89283   0.10717
H            0.61095   0.38905   0.74741   0.25259
 --- SOLUTE ELECTROSTATIC MOMENTS ---
 MOMENTS AT POINT    1 X,Y,Z=  5.937372  2.281992 -3.647518
 DIPOLE      -1.926661 -0.457537 -4.186380
 --- SYSTEM ELECTROSTATIC MOMENTS ---
 MOMENTS AT POINT    1 X,Y,Z=  5.937372  2.281992 -3.647518
 DIPOLE      -1.926661 -0.457537 -4.186380
 $GRAD  
E=     -762.2849786081  GMAX=   0.0574085  GRMS=   0.0135307
CL          17.   -6.2751571599E-04   -5.1644598334E-04    1.8389152115E-03
C            6.    2.5466289292E-03    3.6279106191E-03    8.5138981281E-03
C            6.    1.2139978638E-02    1.9262220661E-02    4.1532726093E-02
O            8.   -1.4559596063E-03    7.6155862664E-03    2.4377906870E-04
H            1.   -3.2195280192E-04    2.2413171865E-04   -4.2855555419E-04
H            1.    3.0379180848E-04    3.4868311399E-04   -4.4908778429E-05
O            8.   -1.4313457775E-02   -2.8198276445E-02   -5.7408462901E-02
O            8.    6.4426025647E-03   -1.8806430621E-03   -5.8671600132E-04
H            1.   -7.4546614798E-04   -2.4945381773E-03    3.1917860023E-04
H            1.    3.2778837239E-04    3.9676845251E-03   -8.4463278195E-03
H            1.    2.0456616262E-03   -2.6900872445E-03   -5.4160311978E-03
H            1.   -7.4782360268E-05    3.8023302471E-03    8.7143995398E-03
H            1.   -6.2673172415E-03   -3.0685561528E-03    1.1168105724E-02
 $END
-------------------- DATA FROM NSERCH=   1 --------------------
 COORDINATES OF SYMMETRY UNIQUE ATOMS (ANGS)
   ATOM   CHARGE       X              Y              Z
 ------------------------------------------------------------
 CL         17.0   3.1510264783   0.7469457456   0.4314520854
 C           6.0   2.7988874740   0.1155408183  -1.3133122199
 C           6.0   3.2798177066   1.1452697664  -2.2893634973
 O           8.0   2.5030198240   2.2723092851  -2.2836220912
 H           1.0   1.7218596647  -0.0159169994  -1.3658845654
 H           1.0   3.3391320596  -0.8191286639  -1.4158227750
 O           8.0   3.1317589925   0.3373945135  -3.8910551634
 O           8.0   3.9442394115   2.8524739641  -4.4496644312
 H           1.0   3.4713924603   3.3663417436  -5.1458385369
 H           1.0   3.7261228696   1.8784566940  -4.6064983392
 H           1.0   2.1516330554   0.3654602644  -4.0538033880
 H           1.0   4.3520807107   1.3186325934  -2.2523217825
 H           1.0   2.9256827594   2.8932420635  -2.9661280114
--- CLOSED SHELL ORBITALS --- GENERATED AT 22:10:47 29-JUL-2026    
Chloroacetaldehyde hydrate and water                                            
E(R-WB97X-D)=     -762.2862267516, E(NUC)=  306.9081718908,    9 ITERS
 $VEC   
 1  1 9.85802594E-01 5.34297534E-02-2.21467536E-05-4.24019747E-05-1.72916147E-04
 1  2-1.87795760E-02 6.96847857E-05 1.31643017E-04 6.50335516E-04 1.02794095E-02
 1  3-2.51765868E-04-4.97191105E-04-1.79149993E-03-3.39494873E-05-4.30875970E-04
 1  4-8.12922502E-06-1.88220609E-05-1.51005286E-04 8.93256991E-04-3.72926340E-05
 1  5 3.92027730E-04-1.50511769E-03 9.45320874E-05 7.08214942E-04-7.60149584E-07
 1  6 2.13430463E-05 3.61750978E-04-2.41182083E-03 5.61635120E-04 9.31474669E-05
 1  7-1.71841903E-03-2.10557131E-05-1.54787332E-04-2.08797856E-05 2.09823995E-05
 1  8 1.35299656E-05 7.12948260E-04 1.97714431E-04-3.23685032E-04 1.57546285E-04
 1  9 1.48390235E-04-8.21075384E-04 1.99706902E-04-7.45971979E-04 9.84078858E-06
 1 10 9.40991818E-05 1.22529541E-05 1.08013525E-05 3.53375310E-05-2.97493219E-04
 1 11-5.87445478E-05-7.98813748E-05-1.83291519E-04-1.96064616E-08 5.63170298E-06
 1 12-6.05370977E-06-7.96865456E-06 2.77545726E-05 2.96497864E-05 1.33764591E-05
 1 13 1.26507612E-05-8.67699531E-05-2.71450368E-05 1.78229946E-05 5.05737126E-05
 1 14-1.85409759E-04 1.88502284E-06-2.42992320E-05 2.90521684E-04-2.06939270E-04
 1 15-4.00904207E-05 5.23305102E-05
 2  1 7.66720825E-06-5.93764634E-05-2.80807095E-05 1.56583773E-05 4.95885847E-05
 2  2 6.01883626E-04 1.80191020E-04-6.69052815E-05-3.11470610E-04-7.61894572E-04
 2  3-7.68258427E-04 2.25361858E-04 5.87000082E-04 1.59800836E-04 5.02379989E-04
 2  4-4.45108053E-04-6.05962450E-04 4.49356792E-04-5.04006688E-03 3.89367657E-03
 2  5-3.20304834E-03 1.51560256E-03-7.66756544E-04-3.16722344E-03-6.85331992E-04
 2  6 2.31413829E-03 1.08027201E-04 2.16978504E-02-1.05023864E-02 8.78608896E-03
 2  7-2.22878084E-04 9.82626015E-01 1.05419418E-01 3.21888121E-03-1.61323420E-03
 2  8-1.77059900E-03-5.34037124E-02-8.88861397E-03 6.87005420E-03 4.18436214E-03
 2  9 8.51887897E-04 1.76826928E-03-6.07796394E-04-1.54307649E-04 8.37369794E-03
 2 10 1.97587697E-03-3.58940170E-04 5.00639621E-04 3.36852262E-04-2.97121949E-03
 2 11 1.48205711E-03-2.23891360E-03-1.75202744E-03 5.48828190E-03 1.47118641E-03
 2 12-2.63764756E-04-5.39841475E-05 6.20567176E-04-1.94978831E-03 9.91318916E-04
 2 13 2.85910943E-04-2.17910965E-03 2.38234637E-04-8.42599443E-04 4.44651969E-04
 2 14-5.21832937E-04 9.48348085E-04-7.57330268E-04-9.80974091E-04 3.42784769E-04
 2 15 3.13052164E-03 6.79178318E-03
 3  1-6.67710767E-06 4.42954600E-05 1.04588487E-05 2.84585602E-05-4.65528200E-05
 3  2-7.41665822E-04-5.68869667E-05-1.66193170E-04 3.28845240E-04 1.16785271E-03
 3  3 1.68429564E-04 5.44975352E-04-1.21610467E-03 2.24916184E-04 9.20509887E-04
 3  4-1.18248278E-04-1.47934579E-04 5.59958765E-04-6.47789119E-03-6.29940022E-04
 3  5-1.67231566E-03 2.92133177E-03-8.96246255E-04-5.06191979E-03-4.26892958E-05
 3  6 8.17518689E-04 6.07116757E-04 1.69670617E-02-2.67057092E-03-4.79223270E-03
 3  7-5.51063988E-03-8.21267244E-03 2.97659565E-04-9.41550949E-05-4.01210549E-04
 3  8-3.93469651E-04-3.27704135E-03-2.51957946E-04 2.79984177E-03 1.92775157E-03
 3  9 7.72941876E-04-6.26097643E-04 3.24458692E-04 2.94775189E-04 9.82161921E-01
 3 10 1.02481148E-01-2.24783854E-03 1.58944509E-03 1.22653989E-03-4.25386032E-02
 3 11 4.50082871E-03-4.36105040E-03-3.90256378E-03 2.05011379E-02 3.17627809E-03
 3 12-3.90314724E-05-5.78943085E-04-6.28673991E-05-3.97826458E-03 2.29991428E-04
 3 13 2.57406916E-03 2.08577061E-04 3.64437747E-04-1.15861167E-03-1.75570238E-04
 3 14 5.68118395E-03 3.19443730E-03 6.16697135E-03-1.03787616E-03-1.46200634E-03
 3 15 4.50965148E-04-1.02592984E-03
 4  1-4.87140060E-07 4.33614813E-06 6.34254429E-06-3.09538429E-06-5.11701787E-06
 4  2-2.36836575E-05-3.19616303E-05 1.34220349E-05 2.91581026E-05-1.98818548E-05
 4  3 3.90356461E-05 3.28563170E-06 9.75374306E-06-1.33726141E-05-3.90361991E-05
 4  4-5.96695408E-05 5.54011526E-05-7.62133711E-05 6.62873070E-04 3.52410255E-04
 4  5 2.23845017E-04-1.70664417E-04 6.59287786E-05 3.84764752E-04-3.81340578E-05
 4  6-1.82381875E-04 1.15364351E-04-1.67546821E-03 6.18233726E-04 3.75500707E-06
 4  7-2.86710042E-04-5.13206427E-03 3.65727225E-04 4.98343464E-05 4.20068394E-04
 4  8-2.24315660E-04-2.52999847E-03-4.30789650E-04-1.85340488E-03 1.29101318E-03
 4  9-4.03165219E-05 2.69847738E-04-2.88870405E-06-1.87201016E-04-2.03405718E-02
 4 10-1.14923982E-03 3.85611069E-04 5.33777192E-04-3.83390253E-04-1.10557519E-03
 4 11-1.27691395E-03-2.00451107E-03 1.27218465E-03 9.82142182E-01 1.02678364E-01
 4 12-2.21909690E-03-1.20239875E-03-1.84829054E-03-4.31892805E-02 4.72735612E-03
 4 13 3.14156084E-03 3.61909647E-03 3.01570253E-03 6.03053482E-03 2.41782960E-03
 4 14 9.26534462E-03 4.57261284E-04-1.43003220E-03 8.51578806E-05-4.76827024E-04
 4 15-4.22932079E-04 5.06277562E-03
 5  1 7.91629107E-05-1.02952403E-04-1.27122152E-05 4.64465365E-05-2.18318570E-04
 5  2-2.46842608E-03 9.34228702E-05-3.09979423E-04 1.51711129E-03 3.37585706E-03
 5  3-5.73610067E-04-7.53439995E-05-2.61998344E-03-9.05286458E-03-4.03915613E-03
 5  4-2.59540311E-04-4.61818951E-04 2.56633571E-04 2.52211970E-02 5.37203601E-03
 5  5 1.04249084E-02-1.24834721E-02 9.86491469E-01 1.09919874E-01-2.29117237E-04
 5  6-7.09673697E-04-1.45205610E-04-8.23511399E-02 1.33814321E-03 1.03972767E-02
 5  7-6.08193890E-03 1.93211162E-06-3.24679225E-04 3.11334450E-04 3.29927561E-04
 5  8-1.95183389E-04 7.36408057E-03-7.57459099E-04-2.87674013E-03 1.21720962E-03
 5  9-1.46530655E-03 1.53613813E-03-1.55826136E-03 1.27066669E-03-3.52137183E-04
 5 10-2.49265033E-03-1.15663073E-04-1.11802603E-04-5.15081946E-04 8.49667375E-03
 5 11 7.69237904E-04 2.51379929E-03 6.66574249E-03 2.34149419E-05 1.78525694E-04
 5 12 6.46192714E-05 1.45365299E-04-4.68240834E-05-7.05635289E-04-5.64083103E-05
 5 13-3.02046809E-04-9.59539116E-05 2.99297015E-04-5.05939534E-04-4.63676218E-04
 5 14 9.98817240E-04-1.40513819E-03 3.37025798E-03-6.09260959E-04 1.61657841E-02
 5 15 2.12877578E-04 2.76862676E-03
 6  1-2.46872413E-05-1.70901739E-04 6.36135435E-05 1.12380404E-04 3.32308364E-04
 6  2-2.14473265E-03-3.71717590E-04-6.59699551E-04-1.90296727E-03 1.30520332E-02
 6  3-1.43044258E-03-2.47927895E-03-8.59392702E-03 9.86486998E-01 1.11908270E-01
 6  4 3.59199045E-04 7.16532069E-04 1.14517633E-03-9.05608710E-02-2.67667379E-03
 6  5-5.95892680E-03 2.56268346E-03 8.46421409E-03-1.94480276E-03 3.75285503E-04
 6  6 4.80394831E-04-4.12060606E-05 2.34695764E-02-5.07531446E-03-1.01662184E-02
 6  7 9.17993280E-03 3.48266925E-05-3.43232049E-05-1.19853573E-05 5.30229709E-04
 6  8-3.29404398E-04-1.27953673E-03-1.02655124E-04-5.33023741E-04 5.85934794E-04
 6  9-8.40150754E-05 1.54876380E-02-1.55347383E-04 1.54382312E-02 2.88139043E-05
 6 10 9.11942154E-05 1.48906025E-04 1.50967402E-04-2.08130135E-04-7.52189725E-04
 6 11-4.35866256E-04-4.52226458E-04-2.10957697E-04 9.85803398E-06 5.07641455E-05
 6 12-2.44361285E-05 8.80821036E-05-1.57287512E-04-4.16825589E-04 1.44348098E-04
 6 13-1.96764357E-04 4.98507510E-04 3.16798977E-04-2.38071642E-04-2.64634404E-04
 6 14 1.21387167E-03-2.34225997E-04-1.49952524E-04-1.17082060E-03 1.16461579E-03
 6 15 5.14847293E-04 1.29787526E-03
 7  1-3.05120533E-01 9.77063373E-01-1.60646013E-03-3.12944735E-03-8.43271410E-03
 7  2 1.54324329E-01-6.89828922E-04-1.31508582E-03-5.20697706E-03-6.77599268E-02
 7  3 1.78540065E-03 3.49862866E-03 1.19608081E-02 5.56839922E-07 1.76331937E-03
 7  4-3.21070378E-05-7.27262722E-06 4.85763754E-04-3.08493623E-03 5.87278192E-04
 7  5-1.72192410E-03 9.93351839E-03-1.26944763E-04-3.77184756E-03 2.24076911E-05
 7  6-1.42749274E-04-2.07132389E-03 1.32611168E-02-3.36713966E-03-4.78227349E-04
 7  7 9.90438496E-03 1.08148247E-04 7.55590802E-04 8.95072905E-05-1.21528461E-04
 7  8-6.22744475E-05-3.90991376E-03-1.05503480E-03 1.85886173E-03-8.98799071E-04
 7  9-9.52151504E-04 4.96257206E-03-1.24864103E-03 4.46974831E-03-5.69720529E-05
 7 10-5.17796419E-04-6.60975697E-05-5.09939134E-05-2.14255258E-04 1.77378158E-03
 7 11 3.46063940E-04 4.57464417E-04 1.21096356E-03 1.28434633E-06-1.65196321E-05
 7 12 3.04153947E-05 3.57509382E-05-1.35756763E-04-1.96077752E-04-7.39652590E-05
 7 13-4.28906892E-05 4.65992913E-04 1.45173577E-04-1.13538735E-04-2.75161587E-04
 7 14 1.09082344E-03-5.47415493E-05 2.56511654E-04-1.59663502E-03 1.45916275E-03
 7 15 1.76340779E-04-2.77486030E-04
 8  1-3.25431596E-03 1.10181877E-02 1.74742574E-01 3.16831448E-01 9.00726525E-01
 8  2-3.24037408E-03 1.60404000E-02 2.90671711E-02 8.38969732E-02 4.80814598E-03
 8  3-5.23101630E-03-9.57974381E-03-2.89415481E-02-7.04410493E-04-4.44818963E-03
 8  4-3.60726457E-05-1.22820300E-04-3.62808455E-04 9.43807382E-03 9.36076898E-04
 8  5 3.39925722E-03-3.35738737E-03 4.19093407E-04 2.89168251E-03 6.51752060E-05
 8  6 1.26136968E-04 8.52892712E-04-1.20602245E-02 1.85431121E-03 1.14764986E-03
 8  7-8.01499904E-03-7.08543188E-05-4.18015233E-04-9.65007015E-05-6.31146026E-05
 8  8 7.58519394E-05 2.57087327E-03 8.93269355E-04-8.64519845E-04 4.77107018E-04
 8  9-2.52071343E-04-3.85518606E-03-6.44664171E-05-3.55249270E-03 2.87552173E-05
 8 10 2.15798689E-04 3.72211986E-05 9.19751697E-05 1.06027198E-05-1.00804548E-03
 8 11-1.91717834E-04-4.99575421E-04-3.32304918E-04-1.24473319E-06 7.28873892E-06
 8 12-1.27820104E-05-3.82701865E-05 9.97868119E-05 1.67637361E-04 2.04061650E-05
 8 13 7.65501232E-05-3.47269049E-04-1.30102045E-04 9.59694184E-05 2.28938000E-04
 8 14-8.34228568E-04-1.29481916E-04 2.07449042E-04 1.16117657E-03-2.03533728E-04
 8 15-2.24520920E-04-4.89454899E-05
 9  1 1.68179401E-05-1.03390615E-04 5.92527907E-01 6.83108585E-01-3.55042293E-01
 9  2 4.41465488E-04 5.31136796E-02 6.12782233E-02-3.23322208E-02 2.32805032E-04
 9  3-1.66455426E-02-1.92952046E-02 9.93652525E-03 2.62406974E-05 1.64122764E-04
 9  4-3.05434422E-05 6.62582759E-05 5.34647608E-04-8.92367959E-04 8.09247653E-04
 9  5-7.41927246E-04-2.17898915E-03-1.68330888E-04-1.33629731E-03-8.03421034E-07
 9  6-1.90974522E-04-9.41895107E-04 2.72483350E-03-7.26707904E-04 2.02654655E-03
 9  7 4.53980473E-03 4.09873871E-05 2.24406145E-04 8.77207646E-05 1.44226175E-05
 9  8-9.06247355E-05-1.63314318E-03-7.61065039E-04 5.08897571E-04-2.03435665E-04
 9  9 6.19271060E-04-1.65108277E-03 8.37231959E-05-1.13435270E-03-4.12975555E-05
 9 10-3.12237212E-04-6.14370711E-05-8.87149652E-05-9.55695051E-05 1.18987858E-03
 9 11 2.98016202E-04 5.18468615E-04 7.75789260E-04-2.16177742E-06-2.02921494E-05
 9 12 2.74357572E-05 8.70195773E-06-1.93808808E-05 9.66987354E-06-8.87787922E-05
 9 13-1.38897806E-05 8.18863530E-05-1.84440513E-06-1.39033348E-05-5.58145558E-05
 9 14 2.21736367E-04-8.35553162E-05 3.99780903E-04-1.06726270E-03 1.66219513E-03
 9 15 1.89991104E-04-2.67575763E-04
10  1 3.20308753E-05-9.68332447E-05 7.49832603E-01-6.13782714E-01 7.03894188E-02
10  2-5.67285491E-05 6.70600540E-02-5.49286408E-02 6.40832074E-03-1.50565827E-04
10  3-2.04554542E-02 1.69432579E-02-1.91153642E-03-1.47447326E-06-2.60490558E-05
10  4-5.89303281E-05 1.06952906E-06-1.24018892E-04-2.23884523E-04 1.57222729E-03
10  5-1.02163415E-03 7.47211797E-04 5.19577601E-05 5.68303745E-04-1.96477879E-05
10  6 2.18721507E-04 1.40250007E-04-1.48212296E-03-9.93616135E-04-9.09366107E-04
10  7-4.30626215E-04 1.77848764E-06 1.02198550E-04-3.70224349E-05-8.51029310E-05
10  8 3.43954884E-04 1.93894617E-04 3.14908862E-04 2.23098988E-04-9.96159990E-04
10  9 6.30718239E-04-1.34760243E-03-7.69858424E-04 1.83561681E-03 8.08978668E-06
10 10 7.41270641E-05 1.90090293E-05-2.74422180E-05 3.82265499E-05-2.52375287E-04
10 11-3.61023338E-05 7.73648282E-05-1.76523821E-04-4.84752084E-06-4.26802970E-05
10 12 1.30494394E-05 6.10987551E-06-1.32869313E-05 1.25124223E-04-5.20066941E-05
10 13-3.78003988E-05 5.19601516E-05-2.21439350E-05 5.44162716E-05 2.77097618E-05
10 14-1.47305325E-04-7.00566356E-05 1.17587760E-04-5.99706030E-05 1.63916191E-03
10 15-2.17009793E-04-2.52487909E-04
11  1 2.36928337E-03-1.34427150E-02 6.07117701E-04 1.90165208E-04 4.01863764E-03
11  2 1.67237742E-02-1.20692249E-03-6.10256851E-04-7.26417898E-03 6.62979313E-03
11  3 2.35857920E-03 1.98973708E-03 5.41497085E-04-2.27868685E-02 2.02833321E-02
11  4 3.63377587E-03 1.99645067E-02-1.27809901E-02 4.30714004E-02-1.88375680E-02
11  5 1.58531895E-02 4.35157615E-03-9.48124687E-02 1.03613609E-01-5.86531924E-02
11  6 8.23673777E-02 6.48359703E-04 1.45026754E-01 1.83076441E-02-1.34235566E-02
11  7 2.52153118E-03-2.08191355E-01 1.90973510E-01 8.47919190E-02-4.52749073E-02
11  8-4.20314534E-02 6.46707618E-01 9.46108430E-02-5.12644430E-02-4.98523761E-02
11  9 5.22933191E-03-8.02617279E-03 7.64421927E-03 2.41326398E-03-3.51850554E-02
11 10 3.28459773E-02-1.08910273E-02 8.92364862E-03 9.59228569E-03 1.00344241E-01
11 11-1.57535558E-02 1.40595402E-02 5.43491934E-03-2.74235290E-02 2.32962470E-02
11 12-9.06445577E-03-5.20871930E-03-3.20266272E-03 8.56133588E-02-1.28682301E-02
11 13-7.36708860E-03 3.63688640E-03 1.10251113E-02 4.65909720E-03 1.42575231E-02
11 14 4.52861836E-03 1.60759824E-02 4.99323941E-03 2.52133982E-02-1.40209259E-02
11 15 8.43313383E-02 9.08900339E-03
12  1-7.85622357E-04 4.48970098E-03-2.04338246E-04-8.77475326E-05-1.09435028E-03
12  2-5.82588155E-03 4.56963905E-04 2.68526066E-04 2.12473211E-03-2.43569707E-03
12  3-6.95086731E-04-8.57327605E-04-5.43292671E-05 3.88039170E-03-5.32972126E-03
12  4-2.33479477E-04-4.05064781E-03 8.05457867E-04 5.02410376E-03 5.63934611E-03
12  5 1.62408782E-03-7.49258017E-03 1.20971390E-02-1.39820625E-02 1.23011972E-02
12  6-1.94726548E-02-7.81860865E-03-2.34784409E-02 2.90362204E-03 1.23650512E-02
12  7-1.67486193E-02 3.74840626E-02-3.43757368E-02-1.30643876E-02 1.10305302E-02
12  8 1.91657794E-03-1.24849228E-01-1.64124299E-02 8.70158325E-03 3.94689088E-03
12  9-1.62275204E-03 1.14726047E-03-1.79683609E-03-6.85390268E-05-3.24837858E-02
12 10 2.90809486E-02-9.71935171E-03 6.69451741E-03-1.31748220E-03 1.01780374E-01
12 11-6.52357909E-03 1.13251184E-02-2.61048428E-03-2.23693372E-01 2.09170160E-01
12 12-6.29628477E-02-2.99148948E-02-6.78346120E-02 6.90931522E-01-6.41733132E-02
12 13-3.40942111E-02-6.60077171E-02 1.16385180E-01 2.59765847E-02 1.06608517E-01
12 14 1.63080638E-02 1.61054486E-02 6.50356716E-03-3.68209571E-03 6.84580867E-03
12 15 1.58357312E-03 9.50595128E-03
13  1 1.55610941E-03-8.94552991E-03 1.85389223E-04 6.86776033E-04 2.16972907E-03
13  2 1.19876131E-02-3.14538023E-04-1.10594556E-03-4.95312199E-03 7.91437068E-03
13  3-9.04957207E-04-1.95412158E-03-5.29004721E-04-1.60625975E-02 1.38528791E-02
13  4 3.85341700E-03 2.72176108E-03-1.06367259E-02 3.87929215E-02 2.15721586E-03
13  5-5.73022630E-03-1.23450683E-02-2.20944606E-02 2.60146934E-02 6.05734402E-03
13  6-4.67782092E-02-3.31821979E-02 6.09449390E-02-2.17742380E-03-1.13460436E-02
13  7-1.22415751E-02 4.78250604E-02-4.54971578E-02-1.69145601E-02-5.86084447E-03
13  8 8.80540405E-03-1.56624222E-01-1.99181077E-02-1.20799858E-03 5.41885127E-03
13  9 5.36674829E-03-5.77435142E-04 5.82393644E-03-1.25407187E-03-2.22510037E-01
13 10 2.11586507E-01-8.68833620E-02 2.06478759E-02 1.21847329E-02 6.88829089E-01
13 11-8.06416857E-02 2.37334819E-02 1.78727308E-02 4.06174163E-02-3.70699544E-02
13 12 1.14617646E-02-1.39275153E-03 1.24239579E-02-1.32170188E-01 1.17092738E-02
13 13 2.02279652E-03 1.26041458E-02-2.31901129E-02-6.83175962E-03-1.44633321E-03
13 14 1.21996960E-02 1.30150035E-01 3.05301809E-02 9.30490753E-03 1.53287630E-03
13 15-2.82331985E-02-8.40968545E-03
14  1 6.22613658E-02-3.59150046E-01 8.13436963E-03 1.51296670E-02 4.52896323E-02
14  2 4.58898356E-01-1.65867363E-02-3.04571122E-02-9.16305405E-02 3.04687172E-01
14  3-6.82910775E-04-3.38174582E-03-7.49130162E-03-1.29257006E-01 1.11450316E-01
14  4 1.82075697E-02 3.19083999E-02 3.57119698E-02 3.94933706E-01 2.07105635E-02
14  5 3.17895690E-02 3.94580503E-02-4.21756006E-02 4.98656958E-02-2.65940814E-03
14  6-4.86120076E-02 5.73506231E-02 5.84598136E-02 7.78516615E-03-8.70677240E-04
14  7-5.17327798E-03 3.45709895E-02-3.18388002E-02-9.92870727E-03-2.04568445E-02
14  8 2.42284996E-02-1.20061925E-01-1.23069063E-02-1.03200303E-02 2.18168793E-02
14  9 5.28232253E-02-1.39002902E-02 5.33083714E-02-1.63646100E-02 2.49660047E-02
14 10-2.28558008E-02 1.26531396E-02-1.97631445E-03 8.17583819E-03-8.39278457E-02
14 11 1.09969723E-02-5.74221962E-03 2.59207691E-03-6.13635748E-03 5.84021529E-03
14 12-8.00346002E-04 3.41208908E-04-4.06156213E-03 2.14345051E-02-8.92793819E-05
14 13 3.70786219E-05-5.70845146E-03 4.15448212E-03 2.04430457E-03 1.67352046E-03
14 14-6.34886865E-03-1.71032848E-02-6.62559192E-03 2.22150656E-02-4.67381909E-03
14 15-2.74459182E-02-1.25570272E-02
15  1 4.97957081E-02-2.90022925E-01 1.41988980E-04 4.55875631E-04-1.13099394E-02
15  2 3.57498677E-01-9.88648785E-04-3.04115535E-03 2.07555176E-02 3.47299498E-01
15  3-4.01637081E-03-5.14908361E-03-1.68141636E-02 1.20453472E-01-1.24408360E-01
15  4-1.56990094E-02-2.86862107E-02 1.10686178E-01-3.24274054E-01-5.62002172E-03
15  5 2.39933193E-03 3.27080752E-02 1.18356893E-01-1.23061229E-01 6.37057368E-03
15  6 7.96168346E-02-7.64333922E-02-3.16024417E-01-4.99532528E-03 3.43411448E-02
15  7-3.57620310E-02-4.98665038E-02 4.44822028E-02 7.32149687E-04 7.85205431E-02
15  8-4.61829956E-02 1.96227775E-01 8.52300043E-03 5.20070535E-02-3.61055169E-02
15  9-6.62491549E-02-4.78267625E-03-6.91133020E-02-6.12446243E-04-3.49860717E-02
15 10 3.14801080E-02-2.82970500E-02-3.34987113E-03-3.74870137E-02 1.26083909E-01
15 11-2.31473112E-02 1.55965740E-03-2.06668186E-02 5.29079646E-03-4.91953840E-03
15 12-1.38567071E-03-7.82605918E-04 7.15823412E-03-2.06198327E-02-2.72423879E-03
15 13 5.95439288E-04 7.31215010E-03-5.20410859E-03-3.22308344E-03-3.79878558E-04
15 14 7.89865849E-03 3.24800582E-02 2.22087604E-02-6.52094106E-02 2.28782036E-03
15 15 6.08399899E-02 3.40590000E-02
16  1 1.74549972E-02-1.02690856E-01-1.50345401E-02-2.38138091E-02-2.70253432E-02
16  2 1.26916458E-01 3.00998954E-02 4.84384742E-02 5.23008688E-02 1.54389897E-01
16  3 1.43510458E-02 1.88314384E-02 9.97118104E-03 1.15843581E-01-1.03460043E-01
16  4 7.88136766E-02 1.19452696E-01-2.96043728E-02-4.45254165E-01 3.71972405E-02
16  5 4.22545049E-02-7.14849988E-03-1.30529685E-01 1.31403487E-01 9.13898876E-02
16  6 7.03258757E-02-1.21380441E-03 4.59938978E-01 6.82717814E-02 9.49712397E-03
16  7 2.14689524E-02 5.19211033E-02-4.73313694E-02 6.35937830E-02-1.37338215E-01
16  8 5.63203384E-02-2.14021509E-01 4.99490355E-02-1.11652671E-01 4.63052556E-02
16  9-1.21607315E-01-4.26313402E-02-1.06080988E-01-3.80364411E-02 1.23972835E-02
16 10-1.04349866E-02 4.84017614E-02 2.84399049E-02 4.18000587E-02-5.19081509E-02
16 11 3.85866413E-02 2.33310106E-02 2.64267965E-02-5.32015408E-04 3.73531771E-04
16 12 7.71146228E-03-1.69625251E-02-7.39989994E-04 3.93655296E-03 8.93537748E-03
16 13-1.57850805E-02 1.32443430E-03-6.50715142E-03-3.98528474E-03 1.27070545E-02
16 14 6.64253086E-03-3.85870857E-02-3.26175107E-02 1.39884921E-01 3.62693038E-02
16 15-8.23848789E-02-6.20781260E-02
17  1-1.98935077E-03 1.17561182E-02-1.41430498E-02 1.46074471E-02 4.92951985E-03
17  2-1.32491950E-02 2.91127911E-02-2.97680225E-02-1.04156833E-02-2.07976811E-02
17  3 1.69539084E-02-1.78869807E-02-1.02838737E-03-1.54731338E-02 1.06501065E-02
17  4 1.16586092E-01-1.04943783E-01 1.34099366E-02 8.50288085E-02 1.09095084E-01
17  5-7.70687532E-02-2.53178020E-03-1.00500654E-02 3.44485494E-03 2.55508191E-01
17  6-7.22708843E-02-5.39019297E-02 5.34295558E-02 1.65666615E-01-4.99860878E-04
17  7-5.68907738E-02 1.34664060E-02-1.43736815E-02 4.81587738E-02 2.49634740E-01
17  8-1.36891328E-01-5.05970440E-02 4.41756001E-02 2.24682933E-01-1.24927069E-01
17  9-4.43808627E-02-2.02081870E-02 8.81875743E-02 3.33790060E-02-2.56431150E-03
17 10 1.58713214E-03 7.42113797E-02 1.80065167E-02 3.10219353E-02 9.77257541E-03
17 11 6.49900628E-02 1.40890978E-02 2.42908950E-02 6.79127073E-03-8.69196857E-03
17 12 1.77939590E-03-5.76472732E-02 7.05335382E-02-2.17398072E-02-2.88816096E-03
17 13-5.04484174E-02 7.24211796E-02-5.58613337E-02-3.54325742E-02 3.00290635E-02
17 14 2.51835188E-02-4.96264083E-02-3.39378772E-02 1.31657260E-01 6.91587219E-02
17 15 1.56310297E-01 1.03793229E-01
18  1 8.39344295E-04-5.01923697E-03-1.59368946E-02-5.05780943E-03-5.44328145E-04
18  2 5.69787329E-03 3.32067243E-02 1.04119120E-02 4.85326022E-04 1.35693917E-02
18  3 1.92063857E-02 5.88741770E-03-3.47781663E-03 8.05294040E-03-4.30995620E-03
18  4 9.72110121E-02 1.41748893E-02-2.64705147E-02-6.65857676E-02 7.12359022E-02
18  5-1.20940741E-02-1.72155188E-02-8.98705052E-03 1.00921731E-02 6.11870528E-02
18  6-5.51718997E-02 4.38232323E-02 4.34616676E-02 2.52714094E-02-5.15512163E-02
18  7 6.99444740E-02-1.12847960E-02 1.07720324E-02-8.52096997E-03 8.14647607E-02
18  8 3.71084285E-03 4.46828912E-02-7.22976393E-03 7.70121332E-02 4.55521787E-03
18  9-6.20776209E-02-3.28450139E-02 1.65243453E-02 7.46684166E-03-6.82706649E-03
18 10 9.08234115E-03-5.43149898E-02-6.24798007E-02 1.64882872E-02 2.43251731E-02
18 11-5.18745881E-02-6.69672406E-02 2.11253109E-02 2.48227282E-03-1.02154718E-03
18 12-6.17593574E-02 3.47135981E-01-1.25521464E-01-1.34759630E-02-5.33154745E-02
18 13 3.17684269E-01-1.14662236E-01 2.05409275E-01 1.53639977E-01-2.02210721E-01
18 14-1.63152741E-01 3.67758411E-02 2.46711582E-02 3.38080289E-02 1.08295839E-02
18 15 2.72679420E-02 3.38603332E-02
19  1-9.18702389E-03 5.44654579E-02-2.54975851E-02-5.06446149E-03 8.30250460E-02
19  2-6.62149710E-02 5.37323619E-02 9.57766844E-03-1.74810545E-01-1.02258168E-01
19  3 3.81512108E-02 2.02796751E-02-9.83060093E-02-8.61899229E-03 3.09152522E-03
19  4 2.04604251E-01 1.21879152E-01 3.24739361E-02 3.67765361E-02 1.69020241E-01
19  5 1.04246767E-01 3.89815591E-02 2.60390894E-02-2.19076106E-02 3.23786123E-02
19  6-4.02979291E-02 2.23667664E-01-1.23015886E-01 1.93897409E-02 1.09158212E-02
19  7 1.94281299E-01-3.29917280E-02 3.13978722E-02-3.82103155E-02 8.38352517E-02
19  8 1.51515029E-01 1.32251797E-01-4.00562889E-02 8.57177769E-02 1.49484764E-01
19  9-1.33132795E-01-8.77127532E-02 1.07500457E-03-3.63440944E-03 7.97438677E-04
19 10 1.74515677E-04-1.20414008E-01-5.81668821E-02-1.51316975E-01 1.99593381E-03
19 11-1.04294808E-01-5.38826483E-02-1.41784690E-01-5.67392912E-03 6.71146972E-03
19 12 2.92274397E-02-1.13098838E-01 1.61440634E-02 1.99801364E-02 3.14212960E-02
19 13-1.03964127E-01 4.00082316E-03-5.82038372E-02-4.98817571E-02 6.16045196E-02
19 14 4.95458884E-02 9.75496576E-02 7.96757782E-02-3.12417891E-03-9.68821406E-04
19 15-1.88699202E-02-8.23960995E-04
20  1-1.03082236E-02 6.10915894E-02 2.37103081E-02 5.73377040E-02 6.50803401E-02
20  2-7.76572970E-02-5.03163142E-02-1.20895957E-01-1.36720860E-01-1.07913782E-01
20  3-2.65803649E-02-7.14778376E-02-7.67817453E-02-8.77694541E-03-4.45040805E-03
20  4-5.02968173E-02-1.62450582E-01 2.10043000E-01 1.03199633E-01-3.41866033E-02
20  5-1.09043872E-01 1.55480105E-01 8.82978062E-03-1.74510455E-03 1.11123223E-01
20  6 2.99316555E-01-4.23683337E-02-5.33710741E-02 1.29906163E-01 2.00751789E-01
20  7-1.72324612E-02 2.39664801E-02-2.42266252E-02 1.89134098E-01-1.22182074E-01
20  8 6.09880750E-02-8.37576349E-02 1.90622803E-01-1.28486124E-01 6.03866805E-02
20  9 4.29299293E-02 2.21418886E-02 6.86861797E-02 4.15588153E-02-3.59588433E-03
20 10 3.95626652E-03-5.92593696E-02-1.13201206E-03-1.05274912E-01 1.62573358E-02
20 11-5.74690879E-02-2.69611140E-03-9.86920804E-02 2.62501820E-03-2.17824944E-03
20 12-3.10580692E-03 5.24006657E-02-2.70504936E-02-1.10790214E-02-1.19208821E-03
20 13 5.13016093E-02-2.21076794E-02 3.39052629E-02 2.72863278E-02-2.55515855E-02
20 14-1.67374930E-02 5.34514242E-02 4.45584070E-02 8.63376284E-02 4.31104193E-02
20 15-5.13736012E-02-6.56963554E-02
21  1 5.12115159E-03-3.03841508E-02-6.10517522E-02 3.32390026E-02-5.05605118E-02
21  2 3.51828635E-02 1.28750047E-01-6.99216013E-02 1.07637127E-01 6.07127809E-02
21  3 8.23066530E-02-5.09830906E-02 5.92143069E-02 6.57252486E-03-8.72409335E-04
21  4 2.47493208E-01-2.26669540E-01-4.22783267E-02-5.11460740E-02 2.26536171E-01
21  5-1.99082319E-01-3.09293568E-02 7.56897026E-03-7.74929639E-03-1.15173371E-01
21  6 2.84312448E-02-6.84284396E-02-2.42050461E-02-1.15489537E-01-1.32219070E-02
21  7-4.86769886E-02-2.24719802E-02 1.91483647E-02-4.39024386E-02-1.67130887E-01
21  8 1.28327354E-02 1.01678016E-01-3.79150965E-02-1.64891703E-01 8.68144571E-03
21  9-1.46910258E-01-8.19154288E-02 2.09060614E-01 1.40002056E-01 4.39525277E-03
21 10-4.93738410E-03 1.62188252E-02 1.38092328E-02 3.70582913E-02-1.81194941E-02
21 11 1.56352405E-02 1.52708496E-02 3.54212051E-02 1.56001427E-03-5.44433829E-04
21 12 1.02592853E-02-3.61868774E-02-3.99896405E-02-7.80879843E-03 1.06635587E-02
21 13-3.68921260E-02-4.43956948E-02 4.46448318E-04-1.71595789E-03 2.27752952E-02
21 14 1.91721834E-02-1.89946179E-02-1.62054049E-02-7.83788904E-02-4.14385912E-02
21 15-8.45005323E-02-8.08508179E-02
22  1-6.20008374E-03 3.68186557E-02 2.32065549E-02 2.44040028E-02 7.30533247E-02
22  2-4.86684436E-02-4.86677711E-02-5.36733608E-02-1.53370227E-01-7.01291011E-02
22  3-3.34191217E-02-2.22093157E-02-1.02025975E-01 2.84375789E-03-8.89213559E-03
22  4 9.61108317E-03 1.55315954E-02 1.10208079E-01-1.78831247E-02-2.06106695E-02
22  5 5.03617807E-02 1.11462545E-01 2.85247973E-02-3.79984324E-02 2.23159218E-02
22  6-2.61246723E-03-1.72839253E-02-5.39244906E-02 3.79183409E-02-5.28706984E-02
22  7-1.83325645E-02-4.46913290E-02 3.72839095E-02-9.86733015E-02 1.61559982E-02
22  8 1.26623882E-01 2.16942603E-01-9.91897942E-02 1.57247868E-02 1.43955570E-01
22  9-1.77972319E-02-2.63966678E-02-1.67892851E-02 2.11120632E-02-7.66916056E-02
22 10 6.70154651E-02 3.38121022E-01 1.31255541E-03 1.91157399E-02 3.30933701E-01
22 11 3.33829949E-01-7.56181725E-03 9.71303490E-03 2.03335220E-02-1.21475506E-02
22 12-1.50356914E-02 1.43511453E-02-1.08968653E-01-1.09649872E-01-6.94878111E-03
22 13 2.31733602E-02-1.17624636E-01 5.60707001E-02 2.93348873E-02 1.43296910E-02
22 14 6.71810385E-02-2.00801425E-01-1.67761506E-01-1.72362321E-02-1.09144132E-02
22 15-6.27405337E-02-6.04084855E-02
23  1 7.89909454E-03-4.71850861E-02-4.98072044E-03-5.32499606E-02-1.51375471E-01
23  2 4.17900884E-02 1.20358728E-02 1.12639304E-01 3.24681520E-01 1.47947867E-01
23  3-4.44794594E-03 7.68431249E-02 1.82492172E-01 6.61758594E-03 1.11593937E-02
23  4-1.08805207E-01-1.48551388E-01-1.23407180E-01-1.13810107E-01-1.42127253E-01
23  5-1.44283723E-01-1.34053952E-01 9.68510234E-03-1.83301116E-02 1.41004154E-01
23  6 3.14999907E-02 7.12988870E-02 1.55436483E-02 1.16021436E-01 1.71949359E-02
23  7 1.47139413E-01-4.03660188E-02 3.54164173E-02-1.83371420E-02 8.48255870E-02
23  8 2.40241759E-01 1.81424209E-01-2.23746086E-02 9.21469471E-02 2.56613318E-01
23  9 9.83793604E-02 8.18786167E-02 6.18747627E-02 7.62549702E-02-1.14234959E-02
23 10 1.00119737E-02 6.43743659E-03-8.24631021E-02-6.73815322E-02 5.80325349E-02
23 11 1.49024334E-02-9.04931330E-02-6.38037459E-02 4.14979024E-04 2.79917694E-03
23 12 3.87992472E-02-4.53940658E-02-6.23227519E-02-8.10477131E-03 5.19294352E-02
23 13-4.30040895E-02-7.81472928E-02 9.09624489E-04-8.50453909E-03 2.45578522E-02
23 14 2.27484902E-02 1.11434973E-02 1.10609848E-02 8.95381603E-02 7.47730426E-02
23 15-6.47618023E-02-5.09409529E-02
24  1 1.48417304E-04-9.49974561E-04-1.24107736E-02-1.40252541E-02-1.38159221E-03
24  2-4.01826099E-03 2.69245436E-02 2.96660349E-02 3.98656029E-03 1.77861249E-02
24  3 1.77178589E-02 2.20503316E-02-9.44750611E-03-3.23354736E-03-2.54397814E-03
24  4 2.10047282E-02-5.36118881E-03-1.17565535E-02 5.37258144E-02 3.58401648E-03
24  5 1.84040917E-02-4.91936353E-02 1.39155083E-02-1.07337937E-02-7.71714466E-02
24  6 2.77915218E-02 4.01164459E-02-1.04077708E-01 3.01706158E-03 3.33624309E-02
24  7-3.61602971E-03 9.80170813E-03-4.62771107E-03 8.57877794E-02-2.98305206E-02
24  8 7.63580174E-02-5.84370416E-02 9.71928590E-02-5.12689375E-02 1.05799483E-01
24  9-1.66449935E-02-3.20924339E-02 1.67261737E-02 3.25663173E-02-3.78896576E-02
24 10 3.39730112E-02 1.02224792E-01-1.21588165E-01 2.01497486E-02 1.72201187E-01
24 11 1.02174434E-01-1.43328611E-01 2.49856300E-02-8.05958153E-02 7.06954963E-02
24 12 2.04673367E-01 1.40268939E-01 3.03275907E-01 3.55686552E-01 2.34905416E-01
24 13 1.62173728E-01 3.31599581E-01-1.17420042E-01-9.91474895E-02-1.05522511E-01
24 14-9.84694008E-02-5.85042861E-02-6.87874287E-02-6.81023967E-02-3.38278728E-02
24 15 7.48683161E-03 7.73855685E-02
25  1 1.87990061E-03-1.11219964E-02-6.35758002E-02-9.32921385E-02-1.62095377E-02
25  2 1.55133483E-02 1.35927484E-01 2.01085526E-01 3.43187661E-02 2.39079825E-02
25  3 1.09857173E-01 1.52018512E-01 2.06455175E-02-2.69026271E-02 2.83968247E-02
25  4 2.10711875E-02 3.80802153E-02-1.00538554E-01 1.58523865E-01 1.69636239E-02
25  5 3.59174738E-02-1.20924348E-01 8.70895695E-03 2.12508619E-03-1.46518462E-01
25  6 4.61550557E-02 1.00101024E-01-1.04085034E-01 6.24799205E-03 6.92681191E-02
25  7 6.78614484E-02 4.64454230E-02-4.38068604E-02 3.09480996E-01 1.50764636E-02
25  8-5.27477737E-02-1.83989505E-01 3.48180394E-01 1.06535319E-02-6.05436908E-02
25  9 5.89169189E-03-3.84021303E-02 2.15683985E-02 9.83293417E-03-3.32179238E-02
25 10 2.60906654E-02 1.26478756E-01-4.02926522E-02-1.13120632E-01 1.63283856E-01
25 11 1.26683381E-01-4.28195391E-02-1.19774959E-01 3.54148232E-02-3.12272383E-02
25 12-1.55551143E-01-2.93735680E-02-5.19830120E-02-1.63557600E-01-1.82128667E-01
25 13-2.65704927E-02-4.43188639E-02 4.66110798E-02 3.46490940E-02 3.33852616E-02
25 14 6.92697734E-02-6.49657362E-02-5.94584600E-02-1.22015325E-01-1.61758026E-01
25 15 8.81180595E-02 3.73003389E-02
26  1-2.40491948E-04 1.40322950E-03-2.11423876E-01-1.24701676E-01 8.74756107E-02
26  2-4.34720858E-03 4.55296547E-01 2.68678596E-01-1.87730965E-01 3.71024146E-03
26  3 3.87935765E-01 2.27823873E-01-1.64527968E-01 1.85668060E-03-4.71327570E-03
26  4-1.03451770E-01-6.34937987E-02 4.35719660E-02-1.85209765E-03-4.10344808E-02
26  5-2.46519463E-02 1.32641137E-02 1.77697366E-02-2.23136806E-02 6.88393149E-02
26  6 4.59429545E-02-8.85683301E-02-7.83246715E-02 5.29428244E-03 5.91435456E-02
26  7-6.77549402E-02-1.17698770E-02 1.16422121E-02-1.19622036E-01-3.17635817E-02
26  8-2.23240344E-02 4.25000541E-02-1.42746277E-01-3.02741185E-02-2.51795569E-02
26  9 8.94079654E-02 1.18418450E-01-4.31422431E-03-4.73272820E-03 6.29630443E-03
26 10-5.99157517E-03-1.11896489E-02 7.08616589E-02 8.26877997E-03-2.95061760E-02
26 11-9.12183202E-03 8.10131140E-02 1.42281161E-02-5.70843635E-03 5.68274392E-03
26 12 5.25887095E-02 2.94946079E-02 1.02833670E-03 2.27179117E-02 6.22500119E-02
26 13 3.21345342E-02 2.80925272E-04-1.70930247E-03 4.91140831E-04-1.31847110E-02
26 14-5.97365609E-03 6.94399788E-03 1.58049800E-02 5.32271197E-02 9.65112370E-02
26 15-3.35864874E-02-2.92657401E-02
27  1 2.11699052E-05-1.39871481E-04 1.61260875E-01-2.15253162E-01 5.57327326E-02
27  2-1.95294053E-04-3.47438709E-01 4.63764338E-01-1.19818619E-01 7.36969623E-04
27  3-2.97140583E-01 3.95078972E-01-1.02530392E-01 6.49376246E-04-4.90845199E-03
27  4 8.12187043E-02-9.85172452E-02 2.66656052E-02 1.62335397E-02 5.50600361E-02
27  5-4.29447089E-02 2.62541194E-03 1.04038053E-02-1.19684029E-02 1.33631103E-02
27  6 2.40448117E-02-6.64973970E-02-4.75149175E-02 1.66273105E-02 2.63502495E-02
27  7-6.14612347E-02-4.01282722E-03 1.34598640E-03-2.51154478E-02-2.97836965E-02
27  8-1.09875048E-02 2.67820103E-02-2.89193232E-02-3.69087193E-02-8.14679070E-03
27  9-5.97319929E-02-5.63245383E-02 9.96777257E-02 1.07020866E-01 8.27390759E-03
27 10-8.39304893E-03-2.92780294E-02 3.86736470E-02 4.35385591E-02-3.58712316E-02
27 11-3.28739656E-02 4.48708564E-02 5.23696453E-02-2.35113275E-03 1.70264273E-03
27 12 1.88246341E-02 4.83529817E-03-3.52037889E-03 1.28056123E-02 2.16189876E-02
27 13 2.72828866E-03-4.67381017E-03-1.24845920E-03 8.30636786E-04-3.54811363E-03
27 14-1.11629108E-02 1.04042435E-02 1.01666642E-02-2.91438574E-03-8.00928942E-03
27 15-1.74032212E-02-1.63491797E-02
28  1 1.54687020E-04-1.14972266E-03-1.57665116E-02 4.55286592E-03 4.17785729E-02
28  2-2.52642845E-03 3.41348187E-02-1.00793399E-02-9.10429942E-02 2.22566946E-02
28  3 2.62198839E-02-1.28507286E-02-8.90933215E-02 3.96667867E-03-8.94684761E-03
28  4-1.30316652E-02 2.31200066E-02 2.40565404E-02-9.99581318E-03-1.98194478E-02
28  5-1.45374988E-02-2.77878370E-02-1.97729198E-04 1.86958109E-03-3.92960597E-02
28  6-9.19382958E-03-5.65086264E-02 1.05732792E-02-1.67092169E-02-2.24384817E-02
28  7-2.35529147E-02 2.77450677E-03-6.78873041E-03 1.85520443E-01 9.32316277E-02
28  8-1.02412028E-02 2.48024966E-02 2.22827662E-01 1.24015152E-01-1.13664407E-02
28  9-2.60812607E-03-2.32384731E-02-3.07165996E-02-3.24632998E-02 4.21075452E-03
28 10-5.52370796E-03-5.72045862E-02-1.31159292E-01 2.13658090E-01-1.08836406E-02
28 11-6.80571707E-02-1.56356792E-01 2.51548251E-01-5.03987078E-03 2.11965567E-03
28 12 2.82547502E-01-9.55288972E-02-2.51672364E-01 3.63737181E-02 3.34208338E-01
28 13-1.15752901E-01-2.94535826E-01-5.80681067E-03-1.30428630E-03 1.29339414E-02
28 14-3.00905868E-02 7.46787707E-03-1.82397388E-02-5.21225039E-02-5.80316803E-02
28 15 2.13054963E-02-8.93884812E-02
29  1-4.13291872E-04 2.14032803E-03-2.41896669E-02 1.13032298E-02 3.72745932E-02
29  2-1.84983722E-02 5.35495428E-02-2.69809377E-02-7.79430963E-02 4.15301704E-02
29  3 3.64521865E-02-1.18430923E-02-1.02004740E-01 1.45988620E-02-1.93677610E-02
29  4-1.37577601E-02-3.54182914E-02 4.47912016E-02-6.22597478E-02-2.77066892E-02
29  5-4.70036080E-02-5.82333632E-03 8.42311350E-03-2.21324383E-02-2.70907082E-02
29  6-1.83277271E-02-7.92294209E-02 3.61430167E-02-3.29968929E-02 1.31994166E-02
29  7-4.62021612E-02-3.72917831E-03 7.56121908E-03 9.80432595E-02 1.00880189E-01
29  8 2.94130532E-01-1.85957603E-02 1.10536932E-01 1.18123564E-01 3.44629361E-01
29  9-8.02847630E-03-1.61750343E-02-2.00167164E-03 5.57965140E-03 1.16312627E-02
29 10-1.61403705E-02-8.29026951E-02 6.46296993E-02 2.82254055E-01-3.21284129E-02
29 11-9.20225233E-02 8.24589910E-02 3.31195633E-01 3.81960464E-03-6.58221134E-03
29 12-2.35959157E-01-2.99650506E-02 1.22281901E-01 7.37313679E-03-2.77693281E-01
29 13-4.78968988E-02 1.35506784E-01 3.98692078E-04 7.00707428E-04 1.89200261E-02
29 14-7.16215340E-02 1.16779828E-02-1.55953467E-02-5.63231739E-02-6.12611247E-02
29 15-2.20729301E-02 4.91630864E-02
30  1-2.25559252E-04 1.55664213E-03 4.25665768E-03 1.23128921E-02-2.91293553E-02
30  2 1.09333038E-03-8.92249796E-03-2.73787189E-02 6.41834303E-02-2.05163518E-02
30  3-8.80591024E-03-1.37370693E-02 6.61923201E-02-1.52965256E-02 2.21547520E-02
30  4 2.54457135E-02 2.43582009E-02-4.82305840E-02 8.60979607E-02 4.13641847E-02
30  5 1.39618434E-02 7.83883821E-03-1.98492905E-03 7.85846191E-04-4.88526429E-02
30  6-5.02417997E-02 4.81872544E-03 3.77228857E-02-5.62369557E-02 3.24136462E-02
30  7-4.20742021E-03 4.84173149E-03-8.78428856E-04 9.91829251E-02 1.10306764E-01
30  8 1.06576818E-01-4.82367832E-02 1.06106523E-01 1.40811925E-01 1.19813115E-01
30  9-6.23078226E-03-2.46064098E-02 1.22389823E-02-3.07254295E-02 6.06537403E-03
30 10-6.73032768E-03 6.03750615E-03 4.38075813E-01-8.85778699E-02-1.46315375E-02
30 11 2.43318753E-03 4.99597370E-01-9.74481831E-02-2.35540062E-03 6.37533431E-03
30 12 1.80450442E-01 1.03636432E-01-3.99017168E-02-2.06075022E-02 2.17546618E-01
30 13 1.27867605E-01-3.75883831E-02 8.71537444E-03 5.39820935E-03-1.93080315E-02
30 14 7.34403918E-02 6.88618433E-03-3.42620920E-02-5.98560842E-02-6.48359667E-02
30 15 7.13710467E-03-2.92701147E-03
 $END   
 $GRAD  
E=     -762.2862267516  GMAX=   0.0560547  GRMS=   0.0135690
CL          17.   -2.4978094953E-04    1.3882363330E-04   -4.9652038598E-04
C            6.    1.6860873424E-03    2.9944825101E-03    6.5380153259E-03
C            6.    8.7924824613E-03    2.1074932136E-02    4.6715134488E-02
O            8.   -1.1024531391E-03    2.9431059215E-04    4.3862664420E-03
H            1.    8.3433441916E-05   -2.3217040677E-04   -4.1287268055E-04
H            1.   -3.5222732273E-05   -1.9102666049E-04   -5.0978462729E-05
O            8.   -1.1372606165E-02   -2.9580032985E-02   -5.6054686503E-02
O            8.    7.3943750582E-03   -1.1357203510E-03   -2.3128931612E-03
H            1.   -1.2031795033E-03    1.1673115416E-04   -6.5302997679E-04
H            1.    6.1252092862E-04    1.8895419880E-03   -6.4354851522E-03
H            1.    5.1526360067E-04   -2.1236722725E-03   -4.0372017854E-03
H            1.   -9.8602185885E-04    4.3568527368E-03    6.7196610111E-03
H            1.   -4.1348980689E-03    2.3969480365E-03    6.0945908800E-03
 $END
-------------------- DATA FROM NSERCH=   2 --------------------
 COORDINATES OF SYMMETRY UNIQUE ATOMS (ANGS)
   ATOM   CHARGE       X              Y              Z
 ------------------------------------------------------------
 CL         17.0   3.1482184704   0.7378261918   0.4318746912
 C           6.0   2.7983212928   0.1197119163  -1.3187996969
 C           6.0   3.2822960651   1.1570070970  -2.2793096986
 O           8.0   2.5093425128   2.2814177258  -2.2881390004
 H           1.0   1.7214562515  -0.0114139423  -1.3739145774
 H           1.0   3.3384823401  -0.8139011712  -1.4286770832
 O           8.0   3.1366109153   0.3341056016  -3.8735521412
 O           8.0   3.9383763398   2.8536457270  -4.4662137963
 H           1.0   3.4644303280   3.3586493203  -5.1657381742
 H           1.0   3.7183530400   1.8772697933  -4.5948151848
 H           1.0   2.1536155574   0.3687752631  -4.0183038242
 H           1.0   4.3553692107   1.3262647680  -2.2591721471
 H           1.0   2.9265613242   2.8974921694  -2.9781587356
--- CLOSED SHELL ORBITALS --- GENERATED AT 22:10:56 29-JUL-2026    
Chloroacetaldehyde hydrate and water                                            
E(R-WB97X-D)=     -762.2870486506, E(NUC)=  307.0801798580,    9 ITERS
 $VEC   
 1  1 9.85802543E-01 5.34300930E-02-2.20313341E-05-4.09413967E-05-1.73425185E-04
 1  2-1.87834463E-02 6.90000231E-05 1.26088450E-04 6.53153637E-04 1.02851658E-02
 1  3-2.49180214E-04-4.81918573E-04-1.80060288E-03-3.39448323E-05-4.32715140E-04
 1  4-7.97351510E-06-1.82126868E-05-1.50384435E-04 9.10676596E-04-3.44718488E-05
 1  5 4.15428733E-04-1.50936125E-03 9.49950343E-05 7.12056523E-04 2.45822985E-08
 1  6 1.87149983E-05 3.61825388E-04-2.44150677E-03 5.76057287E-04 1.11963245E-04
 1  7-1.71884642E-03-2.11733372E-05-1.57723085E-04-1.99696378E-05 2.25281863E-05
 1  8 7.85426479E-06 7.15204937E-04 1.90375455E-04-3.28114100E-04 1.78235872E-04
 1  9 1.47868507E-04-8.22410123E-04 1.99413670E-04-7.42228158E-04 9.75807901E-06
 1 10 9.33831849E-05 1.09840073E-05 1.02867824E-05 3.51942362E-05-2.94758300E-04
 1 11-5.37549958E-05-7.74708808E-05-1.80832218E-04-2.61285670E-07 3.37840023E-06
 1 12-5.43564732E-06-6.67319417E-06 2.82058777E-05 3.62071695E-05 1.12356203E-05
 1 13 7.61150278E-06-8.74625630E-05-2.84635672E-05 1.93728048E-05 5.06417853E-05
 1 14-1.94165215E-04 2.25482834E-06-1.94886155E-05 2.78472850E-04-2.01397408E-04
 1 15-3.45062388E-05 5.18752693E-05
 2  1 7.94082600E-06-6.15736266E-05-2.65081646E-05 1.27238082E-05 5.22343372E-05
 2  2 6.17029955E-04 1.73303006E-04-5.25568113E-05-3.24460098E-04-7.79813128E-04
 2  3-7.76584997E-04 2.17343015E-04 6.07103056E-04 1.59467956E-04 5.07157576E-04
 2  4-4.67010920E-04-5.81550271E-04 4.47607244E-04-4.97880117E-03 4.12741031E-03
 2  5-3.31656677E-03 1.48581238E-03-7.56661922E-04-3.12453613E-03-6.70988109E-04
 2  6 2.32919625E-03 9.07286260E-05 2.17969343E-02-1.07413340E-02 8.91435244E-03
 2  7-4.62914166E-04 9.82636366E-01 1.05488116E-01 3.21319000E-03-1.65495567E-03
 2  8-1.74808076E-03-5.36757341E-02-8.88510143E-03 7.03899416E-03 4.09618759E-03
 2  9 8.78046413E-04 1.86660103E-03-6.33262949E-04-2.63259930E-04 8.02943945E-03
 2 10 1.94545982E-03-3.55453021E-04 5.07693204E-04 3.35181246E-04-2.98040120E-03
 2 11 1.47356865E-03-2.28448762E-03-1.76016608E-03 5.25596275E-03 1.43556167E-03
 2 12-2.58929831E-04-4.92673844E-05 6.22164573E-04-1.90728056E-03 9.71468472E-04
 2 13 2.66641387E-04-2.18301897E-03 2.24222782E-04-8.28916732E-04 4.47806233E-04
 2 14-5.59809508E-04 9.34239957E-04-7.82125305E-04-9.58011404E-04 4.52064126E-04
 2 15 3.12060804E-03 6.74450113E-03
 3  1-6.66677919E-06 4.32452815E-05 9.40487916E-06 2.91631589E-05-4.33011922E-05
 3  2-7.68136890E-04-5.15989513E-05-1.69564146E-04 3.13148584E-04 1.29110920E-03
 3  3 1.52813519E-04 5.22084491E-04-1.28405317E-03 2.22129253E-04 8.77884749E-04
 3  4-1.08164851E-04-1.50929992E-04 6.36907564E-04-6.57205435E-03-8.21989659E-04
 3  5-1.79794627E-03 2.75679320E-03-9.07463201E-04-5.11646664E-03-7.87441785E-05
 3  6 8.37380715E-04 5.84401444E-04 1.72562062E-02-2.49062375E-03-4.94288369E-03
 3  7-5.48581481E-03-7.86328440E-03 3.38656898E-04-9.00837666E-05-4.06066784E-04
 3  8-3.93181710E-04-3.29229193E-03-2.70290905E-04 2.83199329E-03 1.91854222E-03
 3  9 7.63473648E-04-7.67202674E-04 3.05469937E-04 3.16571900E-04 9.82162487E-01
 3 10 1.02504079E-01-2.24108858E-03 1.62652805E-03 1.25216089E-03-4.25911139E-02
 3 11 4.50000794E-03-4.47735240E-03-3.99083289E-03 2.07155544E-02 3.20770903E-03
 3 12-4.31445592E-05-5.89672303E-04-5.01432855E-05-4.01590245E-03 2.40075246E-04
 3 13 2.60807594E-03 1.52032796E-04 3.58119690E-04-1.15329831E-03-1.75738117E-04
 3 14 5.72982127E-03 3.22709377E-03 6.13675508E-03-1.11409439E-03-1.60714873E-03
 3 15 4.64076523E-04-1.04907749E-03
 4  1-3.46724897E-07 3.16049570E-06 6.51756998E-06-2.78092888E-06-3.82915075E-06
 4  2-1.60287653E-05-3.30730730E-05 1.20556287E-05 2.23920252E-05-2.42132603E-05
 4  3 4.44234062E-05 4.17820278E-06 1.20634803E-05-8.33164509E-06-6.68236869E-06
 4  4-5.49485595E-05 5.20526446E-05-7.42525767E-05 4.58361815E-04 2.91327603E-04
 4  5 1.63553484E-04-9.79897297E-05 6.59407946E-05 3.94603977E-04-2.39481156E-05
 4  6-1.58290279E-04 7.34320970E-05-1.61725031E-03 5.66028902E-04-1.60977047E-04
 4  7-1.01957763E-04-4.90796219E-03 3.77789925E-04 4.49652221E-05 4.19500838E-04
 4  8-2.28791147E-04-2.48511475E-03-3.94122173E-04-1.85498098E-03 1.29620318E-03
 4  9-3.94253626E-05 2.73166299E-04 1.40580471E-05-1.83701875E-04-2.05503929E-02
 4 10-1.16552890E-03 3.84622105E-04 5.42108842E-04-3.93798066E-04-1.09283251E-03
 4 11-1.26832906E-03-2.01560065E-03 1.31422346E-03 9.82140110E-01 1.02699343E-01
 4 12-2.23694578E-03-1.23970253E-03-1.79645691E-03-4.32719173E-02 4.75484713E-03
 4 13 3.22472921E-03 3.49094566E-03 2.98965892E-03 6.06282899E-03 2.38375637E-03
 4 14 9.37597602E-03 4.66225195E-04-1.44749202E-03 1.00844215E-04-4.71254932E-04
 4 15-4.28677439E-04 5.07383444E-03
 5  1 7.95313071E-05-1.03013513E-04-1.13338703E-05 4.82070594E-05-2.19276754E-04
 5  2-2.48346680E-03 8.39961832E-05-3.22959661E-04 1.52511676E-03 3.36808551E-03
 5  3-5.54480795E-04-3.28427035E-05-2.62013395E-03-9.12968419E-03-4.04355681E-03
 5  4-2.86354059E-04-5.00595357E-04 2.27931606E-04 2.53971627E-02 5.54300311E-03
 5  5 1.05735945E-02-1.23690885E-02 9.86484817E-01 1.09962089E-01-2.59511328E-04
 5  6-7.53119125E-04-2.33421801E-04-8.24767429E-02 1.41670681E-03 1.09018908E-02
 5  7-5.63930401E-03 1.03211378E-05-3.00822526E-04 3.09495585E-04 3.60897611E-04
 5  8-1.91079857E-04 7.20404649E-03-8.98659458E-04-2.82052148E-03 1.18257884E-03
 5  9-1.44372066E-03 1.58547792E-03-1.56028284E-03 1.25840931E-03-3.55515748E-04
 5 10-2.51221537E-03-1.26688825E-04-1.36585121E-04-5.10875624E-04 8.62002477E-03
 5 11 8.15290876E-04 2.67801447E-03 6.70994484E-03 2.43407159E-05 1.92069970E-04
 5 12 6.23681285E-05 1.32150307E-04-3.98630244E-05-7.31285589E-04-5.19413242E-05
 5 13-2.58041783E-04-1.14777286E-04 2.90799597E-04-5.08510758E-04-4.46109997E-04
 5 14 1.01827417E-03-1.40030953E-03 3.44168064E-03-6.22222751E-04 1.60891416E-02
 5 15 2.26157365E-04 2.71208287E-03
 6  1-2.53879699E-05-1.69529155E-04 6.30969372E-05 1.09705196E-04 3.34718931E-04
 6  2-2.12681163E-03-3.68328972E-04-6.42909860E-04-1.91752721E-03 1.30127899E-02
 6  3-1.41771474E-03-2.42063101E-03-8.58367137E-03 9.86484958E-01 1.11920521E-01
 6  4 3.59059586E-04 7.06207881E-04 1.13874751E-03-9.07172314E-02-2.73687096E-03
 6  5-6.04402769E-03 2.56791624E-03 8.55859931E-03-1.91736806E-03 3.91347386E-04
 6  6 5.03562911E-04-5.75346324E-05 2.35628540E-02-5.20714847E-03-1.03106645E-02
 6  7 9.13115440E-03 3.54035056E-05-2.56870167E-05-1.82070073E-05 5.16323800E-04
 6  8-3.23424721E-04-1.27804615E-03-5.37699552E-05-4.71764838E-04 5.46171744E-04
 6  9-8.70202628E-05 1.54779584E-02-1.52499576E-04 1.54487917E-02 2.59064106E-05
 6 10 5.18848646E-05 1.62660085E-04 1.66173673E-04-2.46569591E-04-7.08019180E-04
 6 11-4.91866123E-04-5.22072374E-04-9.71650282E-05 1.15195948E-05 6.79278087E-05
 6 12-2.76495573E-05 7.72593412E-05-1.53438072E-04-4.62694862E-04 1.56527153E-04
 6 13-1.52547292E-04 4.81056435E-04 3.17912030E-04-2.49030956E-04-2.53344857E-04
 6 14 1.25397164E-03-2.87756121E-04-1.20819449E-04-1.15169471E-03 1.22807622E-03
 6 15 4.89380912E-04 1.29786323E-03
 7  1-3.05120131E-01 9.77060811E-01-1.60611305E-03-3.05688130E-03-8.44327565E-03
 7  2 1.54348795E-01-6.85421397E-04-1.26957691E-03-5.22824732E-03-6.77924825E-02
 7  3 1.76850909E-03 3.39541405E-03 1.20188199E-02-2.90341796E-06 1.77356513E-03
 7  4-3.26911016E-05-7.61815955E-06 4.81447230E-04-3.18058620E-03 5.67169937E-04
 7  5-1.86881979E-03 9.95761519E-03-1.27592373E-04-3.79126307E-03 1.64302033E-05
 7  6-1.30053809E-04-2.07470872E-03 1.34283278E-02-3.43434612E-03-5.71946249E-04
 7  7 9.92487339E-03 1.08666840E-04 7.69231657E-04 8.57827630E-05-1.28369998E-04
 7  8-3.23440267E-05-3.92032497E-03-1.01873888E-03 1.87877591E-03-1.01995773E-03
 7  9-9.49491716E-04 4.96823178E-03-1.24690538E-03 4.44616696E-03-5.70228747E-05
 7 10-5.18170386E-04-5.94319322E-05-4.91413496E-05-2.14795375E-04 1.76991835E-03
 7 11 3.17318377E-04 4.48545658E-04 1.20617177E-03 2.42811263E-06-6.10549673E-06
 7 12 2.75355111E-05 2.93027692E-05-1.37653697E-04-2.30230767E-04-6.30181262E-05
 7 13-1.51315257E-05 4.68442067E-04 1.51388801E-04-1.22348087E-04-2.75994844E-04
 7 14 1.14026066E-03-6.11405247E-05 2.37789840E-04-1.53030990E-03 1.41621482E-03
 7 15 1.47168367E-04-2.77404689E-04
 8  1-3.25044023E-03 1.10059005E-02 1.74493129E-01 3.10753573E-01 9.02889366E-01
 8  2-3.25294728E-03 1.60146638E-02 2.84982789E-02 8.41000317E-02 4.82701718E-03
 8  3-5.21896721E-03-9.38167406E-03-2.90211444E-02-7.04741461E-04-4.46185790E-03
 8  4-3.73545387E-05-1.21836942E-04-3.70685304E-04 9.56230696E-03 9.56327947E-04
 8  5 3.48719295E-03-3.38312268E-03 4.21774202E-04 2.90247313E-03 5.70988075E-05
 8  6 1.11522986E-04 8.28661302E-04-1.22038479E-02 1.98248340E-03 1.31192398E-03
 8  7-7.95781650E-03-7.12943849E-05-4.26124445E-04-8.86891272E-05-5.39763404E-05
 8  8 6.09684542E-05 2.57123153E-03 8.40640985E-04-8.96395676E-04 5.43056483E-04
 8  9-2.52719499E-04-3.86363768E-03-6.41345950E-05-3.54438205E-03 2.64524495E-05
 8 10 1.97307836E-04 3.25686659E-05 8.78969938E-05 9.72091389E-07-9.51977658E-04
 8 11-1.71115456E-04-4.76672405E-04-2.75025261E-04-2.31213000E-06-1.51588679E-06
 8 12-1.05835854E-05-3.32633903E-05 1.00047305E-04 1.95366834E-04 1.14785887E-05
 8 13 5.46859799E-05-3.44847243E-04-1.34214835E-04 1.03377741E-04 2.27877083E-04
 8 14-8.67539189E-04-1.44774569E-04 2.65821384E-04 1.11792981E-03-2.41551660E-04
 8 15-1.96483922E-04-6.22526769E-05
 9  1 1.93422485E-05-1.12638467E-04 5.80137776E-01 6.95554460E-01-3.51315707E-01
 9  2 4.57215980E-04 5.20055296E-02 6.23992256E-02-3.20067401E-02 2.11229501E-04
 9  3-1.63040074E-02-1.96451261E-02 9.84909726E-03 2.70511168E-05 1.73181114E-04
 9  4-2.88876514E-05 6.17503922E-05 5.33192037E-04-8.94534107E-04 7.73167582E-04
 9  5-7.06552332E-04-2.19507705E-03-1.72335197E-04-1.36624517E-03-1.50424453E-05
 9  6-1.92579362E-04-9.40617495E-04 2.86409965E-03-6.51399160E-04 2.03770178E-03
 9  7 4.57045646E-03 4.18192218E-05 2.32738349E-04 9.23514819E-05 1.60062058E-05
 9  8-8.26085722E-05-1.64875053E-03-7.75441322E-04 4.98672013E-04-2.47343235E-04
 9  9 6.07342616E-04-1.62187292E-03 9.76934010E-05-1.15220492E-03-4.03952099E-05
 9 10-3.04246496E-04-6.01494559E-05-9.00296577E-05-9.08761578E-05 1.16923780E-03
 9 11 2.91120735E-04 5.27289824E-04 7.53206625E-04-1.86417474E-06-1.81675241E-05
 9 12 2.59560090E-05 7.70091378E-06-2.13510292E-05 1.09057085E-06-8.34248660E-05
 9 13-8.64877962E-06 8.74997656E-05 1.63646896E-06-1.58894881E-05-5.66585182E-05
 9 14 2.36386032E-04-8.59826858E-05 4.04689721E-04-1.04274101E-03 1.53445756E-03
 9 15 1.90043524E-04-2.65772341E-04
10  1 2.85896773E-05-8.60643805E-05 7.59516962E-01-6.02817067E-01 6.06534603E-02
10  2-5.47758729E-05 6.79259201E-02-5.39467692E-02 5.52931040E-03-1.33260553E-04
10  3-2.07199977E-02 1.66306234E-02-1.65002576E-03-1.20997531E-06-2.37989269E-05
10  4-5.95102159E-05 6.37427984E-06-1.13690557E-04-2.29769202E-04 1.56607726E-03
10  5-1.04012799E-03 6.94148119E-04 4.97547242E-05 5.42260620E-04-3.33330292E-05
10  6 2.16268909E-04 1.24464306E-04-1.42912303E-03-9.08506166E-04-9.02441572E-04
10  7-3.59420682E-04 1.85143172E-07 8.48825297E-05-3.62284451E-05-7.79321953E-05
10  8 3.30412900E-04 2.31778800E-04 3.06387162E-04 1.93609264E-04-9.57330632E-04
10  9 6.38389594E-04-1.37902203E-03-7.66801387E-04 1.80692079E-03 8.00068524E-06
10 10 7.47613903E-05 2.25780663E-05-3.15323450E-05 3.90339652E-05-2.52122596E-04
10 11-4.79211974E-05 9.34817851E-05-1.72733912E-04-4.87668848E-06-4.28596470E-05
10 12 1.26912471E-05 7.06260118E-06-1.22991239E-05 1.27569201E-04-5.04080543E-05
10 13-4.19592608E-05 4.84114775E-05-2.18442469E-05 5.39684938E-05 2.97150766E-05
10 14-1.58918055E-04-8.49907666E-05 1.51037456E-04-8.32562458E-05 1.59699395E-03
10 15-2.14596636E-04-2.31434214E-04
11  1 2.30816864E-03-1.30916483E-02 5.86098741E-04 1.55863770E-04 3.94039284E-03
11  2 1.63494868E-02-1.16374628E-03-5.43941479E-04-7.12210584E-03 6.23339295E-03
11  3 2.39182264E-03 1.92380186E-03 6.63517363E-04-2.26190180E-02 2.01147443E-02
11  4 3.68735220E-03 1.99339798E-02-1.27099040E-02 4.22272869E-02-1.94436399E-02
11  5 1.58469797E-02 4.53798148E-03-9.53216788E-02 1.04081199E-01-5.92725964E-02
11  6 8.30599652E-02-7.90895960E-04 1.44573307E-01 1.87025201E-02-1.46226971E-02
11  7 2.29210587E-03-2.08329054E-01 1.91051447E-01 8.49033881E-02-4.66151482E-02
11  8-4.14767097E-02 6.47412056E-01 9.47462772E-02-5.27394362E-02-4.91673265E-02
11  9 5.11311537E-03-8.29236704E-03 7.64680657E-03 2.61189354E-03-3.49968893E-02
11 10 3.26882158E-02-1.08626260E-02 9.09851096E-03 9.74622698E-03 9.95558392E-02
11 11-1.57525472E-02 1.41908279E-02 5.49844242E-03-2.66087327E-02 2.25656556E-02
11 12-8.86222748E-03-5.20344109E-03-2.84758039E-03 8.29831920E-02-1.25768599E-02
11 13-7.29516071E-03 4.08161134E-03 1.06904545E-02 4.49764353E-03 1.40156642E-02
11 14 4.66737720E-03 1.61741294E-02 4.97500613E-03 2.51413078E-02-1.41887857E-02
11 15 8.39234985E-02 9.08805872E-03
12  1-7.50632819E-04 4.28994668E-03-1.94528035E-04-7.13424974E-05-1.05360027E-03
12  2-5.59553362E-03 4.36034225E-04 2.29190432E-04 2.06466730E-03-2.30532042E-03
12  3-6.85239478E-04-7.90625938E-04-7.51942067E-05 3.65878523E-03-5.13815262E-03
12  4-2.22279674E-04-3.94661093E-03 6.45511309E-04 5.84679789E-03 5.90166276E-03
12  5 1.89787428E-03-7.44924970E-03 1.18870451E-02-1.37402959E-02 1.22173063E-02
12  6-1.94863202E-02-7.39895671E-03-2.32151335E-02 2.80607703E-03 1.27367708E-02
12  7-1.68459701E-02 3.67130674E-02-3.36367064E-02-1.27851043E-02 1.11186933E-02
12  8 1.54952331E-03-1.22694954E-01-1.61453768E-02 8.80964470E-03 3.57793478E-03
12  9-1.53112711E-03 1.23435440E-03-1.73641568E-03-6.84103979E-05-3.22448270E-02
12 10 2.88470868E-02-9.67593762E-03 6.72779226E-03-1.14268849E-03 1.01060822E-01
12 11-6.54668896E-03 1.13741192E-02-2.48873715E-03-2.23898084E-01 2.09358454E-01
12 12-6.36642760E-02-3.10189426E-02-6.63767079E-02 6.91390083E-01-6.48005948E-02
12 13-3.52786676E-02-6.41246463E-02 1.16748843E-01 2.58665912E-02 1.06861771E-01
12 14 1.61517606E-02 1.59401537E-02 6.47032962E-03-3.54902385E-03 6.84436472E-03
12 15 2.10414552E-03 9.61417202E-03
13  1 1.68759753E-03-9.69726886E-03 2.05960849E-04 7.10463957E-04 2.34425605E-03
13  2 1.30001657E-02-3.51502363E-04-1.14853498E-03-5.29824491E-03 8.29139595E-03
13  3-9.25015394E-04-1.89597343E-03-4.38317209E-04-1.71670860E-02 1.49024889E-02
13  4 4.08388196E-03 3.12338011E-03-1.13649289E-02 4.18114908E-02 2.63094243E-03
13  5-5.53734873E-03-1.26546657E-02-2.24877190E-02 2.65408613E-02 6.18507669E-03
13  6-4.81274113E-02-3.26173399E-02 6.12871952E-02-2.90111684E-03-1.12950441E-02
13  7-1.24885137E-02 4.82954116E-02-4.59152533E-02-1.70996315E-02-5.90016099E-03
13  8 8.90379388E-03-1.58496652E-01-2.00759187E-02-1.03351317E-03 5.45661572E-03
13  9 5.77786120E-03-4.25397319E-04 6.26950126E-03-1.29230278E-03-2.22178588E-01
13 10 2.11176497E-01-8.67038427E-02 2.14497650E-02 1.36988269E-02 6.87824913E-01
13 11-8.05941055E-02 2.46382218E-02 1.93156753E-02 4.02206412E-02-3.66691532E-02
13 12 1.14801908E-02-1.20042530E-03 1.21401812E-02-1.30953896E-01 1.17667486E-02
13 13 2.33041551E-03 1.20914831E-02-2.30259451E-02-6.73557323E-03-1.25841872E-03
13 14 1.22357529E-02 1.29866600E-01 3.02696166E-02 9.83270467E-03 2.09210664E-03
13 15-2.84861954E-02-8.54200564E-03
14  1 6.20156812E-02-3.57718612E-01 8.07670563E-03 1.46981875E-02 4.54109538E-02
14  2 4.57001155E-01-1.64640444E-02-2.95808162E-02-9.18175924E-02 3.03242986E-01
14  3-6.62162485E-04-3.18442505E-03-7.51696641E-03-1.29792024E-01 1.12006541E-01
14  4 1.83406097E-02 3.22634019E-02 3.53586259E-02 3.96642599E-01 2.05397695E-02
14  5 3.21784805E-02 3.95071577E-02-4.28608017E-02 5.06281618E-02-3.42633936E-03
14  6-4.94126939E-02 5.79955769E-02 5.92825176E-02 8.08793691E-03-7.45371345E-04
14  7-5.23968039E-03 3.41960985E-02-3.15091693E-02-9.86297951E-03-2.04457358E-02
14  8 2.43857133E-02-1.18924849E-01-1.22655438E-02-1.04286383E-02 2.20779155E-02
14  9 5.30400632E-02-1.40276263E-02 5.34777559E-02-1.63485317E-02 2.63232272E-02
14 10-2.41155848E-02 1.32263819E-02-2.14112247E-03 8.32476440E-03-8.83817741E-02
14 11 1.15867752E-02-5.97055320E-03 2.57221110E-03-6.25383020E-03 5.91016625E-03
14 12-8.62696982E-04 3.80863043E-04-4.09778059E-03 2.19595455E-02-1.82733542E-04
14 13-9.61206842E-05-5.67153103E-03 4.25769763E-03 2.13250211E-03 1.54159772E-03
14 14-6.71217315E-03-1.78609651E-02-6.81794490E-03 2.19845520E-02-5.08684690E-03
14 15-2.72960406E-02-1.25384206E-02
15  1 5.00939795E-02-2.91743273E-01 2.18316946E-04 6.51482355E-04-1.09818060E-02
15  2 3.59690480E-01-1.14590981E-03-3.40236166E-03 2.00268695E-02 3.48782812E-01
15  3-4.05474932E-03-5.11914637E-03-1.69891073E-02 1.19933769E-01-1.24114258E-01
15  4-1.60413404E-02-3.02752932E-02 1.10794071E-01-3.21955547E-01-5.20171398E-03
15  5 1.78396316E-03 3.27721857E-02 1.18113347E-01-1.22883600E-01 7.75911125E-03
15  6 8.01430506E-02-7.56380980E-02-3.14931241E-01-4.12944853E-03 3.56872517E-02
15  7-3.43323098E-02-4.94281595E-02 4.41255310E-02 8.37372417E-04 7.84705252E-02
15  8-4.70098437E-02 1.94482467E-01 8.24186560E-03 5.20744508E-02-3.69447829E-02
15  9-6.58749797E-02-4.61482601E-03-6.87059181E-02-5.18929270E-04-3.60778355E-02
15 10 3.23940669E-02-2.85979154E-02-3.32830437E-03-3.75720580E-02 1.30223305E-01
15 11-2.34341586E-02 1.83968439E-03-2.02582124E-02 5.43301482E-03-5.03516469E-03
15 12-1.28277986E-03-9.48254415E-04 7.33935317E-03-2.11896467E-02-2.62580254E-03
15 13 6.07392570E-04 7.44283542E-03-5.44239691E-03-3.35492116E-03-1.63349179E-04
15 14 8.33327213E-03 3.25734898E-02 2.27395198E-02-6.43310310E-02 2.30599885E-03
15 15 6.09465775E-02 3.37974453E-02
16  1 1.74004203E-02-1.02362645E-01-1.48118258E-02-2.34285238E-02-2.69155527E-02
16  2 1.26438270E-01 2.96586372E-02 4.76488035E-02 5.21020652E-02 1.53721916E-01
16  3 1.41408893E-02 1.86890560E-02 9.87516386E-03 1.15681189E-01-1.03405371E-01
16  4 7.83755590E-02 1.19316748E-01-2.77374670E-02-4.44418721E-01 3.61227128E-02
16  5 4.27715457E-02-5.87410447E-03-1.30291484E-01 1.31514501E-01 8.95479963E-02
16  6 7.22264265E-02-2.16963684E-03 4.58342941E-01 6.79854983E-02 8.61231052E-03
16  7 1.91980691E-02 5.20353576E-02-4.74670158E-02 6.44201564E-02-1.40320998E-01
16  8 5.97944519E-02-2.14071003E-01 5.08096828E-02-1.14445355E-01 4.96490238E-02
16  9-1.21337590E-01-4.27269229E-02-1.05836238E-01-3.73909002E-02 1.23475515E-02
16 10-1.03185856E-02 4.79637926E-02 2.88504093E-02 4.01535864E-02-5.20835678E-02
16 11 3.80582005E-02 2.33817871E-02 2.47761711E-02-6.80949968E-04 5.69303518E-04
16 12 7.70232687E-03-1.66153771E-02-1.32053381E-03 4.33424393E-03 9.03444670E-03
16 13-1.54489071E-02 6.68203378E-04-5.97147608E-03-3.69742292E-03 1.27653138E-02
16 14 6.64442598E-03-3.77906402E-02-3.26465399E-02 1.38910920E-01 3.55177812E-02
16 15-8.48003877E-02-6.31738297E-02
17  1-1.90495892E-03 1.12570583E-02-1.39593587E-02 1.39281311E-02 4.77781126E-03
17  2-1.25821242E-02 2.87245607E-02-2.83433791E-02-1.01116971E-02-2.01405112E-02
17  3 1.66741202E-02-1.70819161E-02-8.02386160E-04-1.49588724E-02 1.02426404E-02
17  4 1.16093166E-01-1.01806541E-01 1.12964420E-02 8.35952814E-02 1.08084285E-01
17  5-7.39348229E-02-3.68400111E-03-1.14041083E-02 4.63775926E-03 2.56475550E-01
17  6-7.41291211E-02-5.33169381E-02 5.86098067E-02 1.66774056E-01-4.40208394E-04
17  7-5.75884843E-02 1.37297816E-02-1.47266058E-02 4.81384380E-02 2.47654337E-01
17  8-1.39378689E-01-5.16829769E-02 4.40516012E-02 2.22668880E-01-1.27090937E-01
17  9-4.45286599E-02-2.02935605E-02 8.59760596E-02 3.22548964E-02-2.01021355E-03
17 10 1.08710621E-03 7.50477646E-02 1.84767759E-02 3.11398226E-02 7.53478319E-03
17 11 6.56355071E-02 1.44532402E-02 2.42075528E-02 7.03535131E-03-8.96522171E-03
17 12 2.33545328E-03-5.87648487E-02 7.16567669E-02-2.25297127E-02-2.40983464E-03
17 13-5.13803840E-02 7.34511703E-02-5.69566363E-02-3.58464616E-02 3.16977011E-02
17 14 2.61648864E-02-5.03582980E-02-3.46599771E-02 1.32966393E-01 6.85121793E-02
17 15 1.55857377E-01 1.02646386E-01
18  1 9.29757332E-04-5.55363967E-03-1.57169019E-02-4.91734421E-03-1.09704544E-03
18  2 6.38927288E-03 3.27416723E-02 1.01331841E-02 1.60897750E-03 1.44619897E-02
18  3 1.87995951E-02 5.54584241E-03-2.84814145E-03 8.32568931E-03-4.54177961E-03
18  4 9.65923996E-02 1.31556114E-02-2.61597023E-02-6.76730806E-02 7.01910702E-02
18  5-1.31736446E-02-1.74961810E-02-9.23154002E-03 1.02649345E-02 6.24389373E-02
18  6-5.57860648E-02 4.12017511E-02 4.52284230E-02 2.60073220E-02-5.21928823E-02
18  7 6.77127424E-02-1.16398357E-02 1.09529324E-02-8.99126685E-03 8.29051361E-02
18  8 1.52902716E-03 4.67877406E-02-7.38309709E-03 7.82512971E-02 2.58410500E-03
18  9-6.16796364E-02-3.25630143E-02 1.67055080E-02 7.70933417E-03-7.26576663E-03
18 10 9.43377880E-03-5.03589585E-02-6.08119833E-02 1.94066006E-02 2.60178251E-02
18 11-4.81792158E-02-6.53181826E-02 2.37082153E-02 2.60923390E-03-1.11406250E-03
18 12-6.17079550E-02 3.45268188E-01-1.32736020E-01-1.40176205E-02-5.31494907E-02
18 13 3.15540849E-01-1.21131721E-01 2.06251094E-01 1.52847290E-01-2.02865227E-01
18 14-1.62503899E-01 3.40119099E-02 2.25883015E-02 3.41325857E-02 1.10597259E-02
18 15 2.77337202E-02 3.35173314E-02
19  1-7.61770403E-03 4.51690538E-02-2.85033709E-02-1.38273935E-02 7.33811653E-02
19  2-5.42419527E-02 6.01035857E-02 2.80425977E-02-1.54592730E-01-8.63578954E-02
19  3 4.12472889E-02 3.08020724E-02-8.66855377E-02-6.78379153E-03 3.29309557E-03
19  4 2.11087090E-01 1.48703876E-01 3.24686631E-03 1.90688255E-02 1.73038106E-01
19  5 1.21459823E-01 1.78854110E-02 2.37422265E-02-2.05628122E-02 1.29677503E-02
19  6-8.80573381E-02 2.28786874E-01-1.11207147E-01-2.70667798E-03-2.07230198E-02
19  7 1.95547694E-01-3.66720368E-02 3.50561473E-02-6.85024022E-02 1.05294809E-01
19  8 1.40675899E-01 1.45127680E-01-7.00509819E-02 1.07735260E-01 1.38955636E-01
19  9-1.39486096E-01-9.10393072E-02-1.13313622E-02-1.09559780E-02-2.57354204E-04
19 10 9.70364048E-04-1.06192181E-01-5.78958667E-02-1.29391758E-01 6.12092397E-03
19 11-9.09024821E-02-5.35428745E-02-1.21249850E-01-6.01582315E-03 6.97877258E-03
19 12 2.82723468E-02-1.15391830E-01 2.22651062E-02 2.13871461E-02 3.01205883E-02
19 13-1.06412975E-01 9.43761150E-03-6.10146663E-02-5.17269783E-02 6.24729894E-02
19 14 4.96010481E-02 8.41844166E-02 6.93160521E-02-1.88805475E-02-8.46465860E-03
19 15-9.79192808E-03 1.06894962E-02
20  1-1.14541364E-02 6.78829330E-02 1.59499612E-02 5.63044208E-02 7.55049529E-02
20  2-8.60735414E-02-3.38919320E-02-1.18868962E-01-1.58540342E-01-1.20132805E-01
20  3-1.56775154E-02-6.79881422E-02-8.93289792E-02-1.07456149E-02-3.42297368E-03
20  4-4.82321198E-03-1.57350982E-01 2.09202217E-01 1.11670349E-01 4.18993325E-03
20  5-1.01941574E-01 1.55723146E-01 1.42105969E-02-6.37855199E-03 1.11567035E-01
20  6 2.89195011E-01-9.60423345E-03-7.85633256E-02 1.29817191E-01 1.98308557E-01
20  7 1.17042852E-02 1.59485522E-02-1.68088433E-02 1.77554287E-01-1.10291173E-01
20  8 9.17456741E-02-5.00510534E-02 1.78444500E-01-1.16448971E-01 9.13261941E-02
20  9 1.46237866E-02 3.77782940E-03 8.06471544E-02 4.94406621E-02-5.38159443E-03
20 10 5.54820634E-03-7.17457532E-02-1.22416739E-02-1.25098238E-01 2.48950207E-02
20 11-6.75707499E-02-1.32121750E-02-1.16967318E-01 1.82217904E-03-1.02091932E-03
20 12 2.29992632E-03 3.20135960E-02-2.87095428E-02-8.81441573E-03 4.93700615E-03
20 13 3.23512380E-02-2.62627578E-02 2.52716173E-02 1.91266391E-02-1.44386181E-02
20 14-6.98066967E-03 6.31460421E-02 5.34053235E-02 8.00487521E-02 3.89453935E-02
20 15-5.90419154E-02-6.91149449E-02
21  1 5.75425510E-03-3.41380620E-02-6.17142939E-02 3.03321740E-02-5.46576104E-02
21  2 3.98773742E-02 1.30139658E-01-6.37838932E-02 1.16233442E-01 6.76514079E-02
21  3 8.27447509E-02-4.72159918E-02 6.38277907E-02 6.80643968E-03-2.41916899E-04
21  4 2.48744015E-01-2.19750187E-01-5.53787278E-02-5.69316602E-02 2.27352567E-01
21  5-1.95756963E-01-4.10003205E-02 7.55544104E-03-8.33738045E-03-1.19349220E-01
21  6 1.29095599E-02-6.75462785E-02-2.24237604E-02-1.21851110E-01-2.47386790E-02
21  7-4.78017101E-02-2.34461803E-02 2.02494825E-02-5.37965577E-02-1.59890748E-01
21  8 1.07205700E-02 1.04761198E-01-4.79176632E-02-1.57189976E-01 6.48517198E-03
21  9-1.47838825E-01-8.20146820E-02 2.06070838E-01 1.37208694E-01 4.77414547E-03
21 10-5.33230117E-03 1.99294546E-02 1.30127516E-02 4.30572256E-02-1.96662807E-02
21 11 1.92012587E-02 1.45605938E-02 4.10804426E-02 1.01307430E-03-6.16482507E-05
21 12 1.07053516E-02-3.96049314E-02-3.60608463E-02-5.49604878E-03 1.10344377E-02
21 13-4.01878588E-02-4.07429095E-02-2.27094023E-03-3.84802915E-03 2.38180325E-02
21 14 1.96631595E-02-2.18160703E-02-1.87897552E-02-8.19694886E-02-4.23913998E-02
21 15-8.10512026E-02-7.62271371E-02
22  1-5.57548269E-03 3.31016771E-02 2.28133816E-02 2.11631190E-02 6.45247089E-02
22  2-4.43738296E-02-4.77554962E-02-4.67595759E-02-1.35253129E-01-6.14984296E-02
22  3-3.35046691E-02-1.83150524E-02-9.10877322E-02 2.81046964E-03-8.00855477E-03
22  4 2.68255158E-03 1.02875705E-02 1.00606287E-01-2.15650790E-02-2.81926954E-02
22  5 4.48411488E-02 1.02153345E-01 2.83731790E-02-3.81232668E-02 2.16636194E-02
22  6-4.64239609E-03-1.52321263E-02-5.22113607E-02 3.84140603E-02-5.47629969E-02
22  7-1.54421184E-02-4.52988348E-02 3.78550798E-02-1.00304424E-01 1.89122343E-02
22  8 1.29417882E-01 2.19675887E-01-1.01011232E-01 1.85340070E-02 1.47445079E-01
22  9-1.22910763E-02-2.29253815E-02-1.55009516E-02 2.40012061E-02-7.80752841E-02
22 10 6.81716490E-02 3.44219925E-01-1.73719722E-03 1.53230782E-02 3.37236377E-01
22 11 3.39834226E-01-1.08773764E-02 6.16301520E-03 1.94515719E-02-1.12064098E-02
22 12-1.32405940E-02 1.07593830E-02-1.06426800E-01-1.06411567E-01-4.78182582E-03
22 13 2.01898604E-02-1.15674760E-01 5.36493939E-02 2.69384333E-02 1.46901372E-02
22 14 6.85666596E-02-2.04642177E-01-1.71258810E-01-1.69748884E-02-9.75953913E-03
22 15-6.28343136E-02-6.01001195E-02
23  1 8.15616963E-03-4.87122057E-02-6.32858201E-03-5.40111005E-02-1.53306944E-01
23  2 4.39885999E-02 1.48858410E-02 1.14306983E-01 3.28574265E-01 1.50655347E-01
23  3-2.46249656E-03 7.74828303E-02 1.85132619E-01 6.28330544E-03 1.13834384E-02
23  4-1.08025419E-01-1.44088589E-01-1.30196782E-01-1.10725696E-01-1.40204395E-01
23  5-1.41556755E-01-1.43025301E-01 8.73290438E-03-1.68704375E-02 1.37940221E-01
23  6 2.82659353E-02 7.38594871E-02 1.61460090E-02 1.12572038E-01 1.80447408E-02
23  7 1.48231720E-01-3.89856037E-02 3.44023315E-02-1.57723868E-02 9.06458270E-02
23  8 2.39383603E-01 1.73897747E-01-1.96182573E-02 9.80395884E-02 2.55964029E-01
23  9 9.82018479E-02 8.17638717E-02 6.04923045E-02 7.39710498E-02-9.18024544E-03
23 10 8.05904310E-03-5.60580949E-03-8.57894094E-02-6.25099847E-02 4.83215366E-02
23 11 2.89100871E-03-9.37109731E-02-5.84781409E-02-2.11406208E-03 4.74806351E-03
23 12 4.19961446E-02-4.65424745E-02-5.10041817E-02 4.13758496E-03 5.50867898E-02
23 13-4.46121858E-02-6.64666528E-02-4.53573780E-03-1.20966752E-02 2.27146274E-02
23 14 1.72149228E-02 1.67611529E-02 1.54247466E-02 8.76163046E-02 7.43434646E-02
23 15-6.17797518E-02-4.58492031E-02
24  1 2.28415491E-04-1.41985408E-03-1.42123639E-02-1.65627772E-02-1.17781222E-03
24  2-2.93975720E-03 3.07364793E-02 3.51754675E-02 3.43255857E-03 1.77075315E-02
24  3 2.08700303E-02 2.57664370E-02-9.22636078E-03-4.53328722E-03-1.51860979E-03
24  4 2.25216669E-02 2.85907436E-04-1.61284068E-02 6.29800558E-02 6.10649837E-03
24  5 2.32827915E-02-5.46843602E-02 1.31744205E-02-8.73531092E-03-8.68338671E-02
24  6 2.90081989E-02 4.33455018E-02-1.07815914E-01 1.17281013E-03 3.56957995E-02
24  7-2.48267957E-03 1.35348709E-02-8.02729470E-03 1.03308207E-01-2.90677826E-02
24  8 6.55563119E-02-7.40601285E-02 1.16837295E-01-5.08194606E-02 9.41465974E-02
24  9-1.73900485E-02-3.48557876E-02 1.54105440E-02 3.08504376E-02-3.86565675E-02
24 10 3.44708206E-02 1.04708145E-01-1.23592844E-01 1.78479858E-02 1.76472847E-01
24 11 1.04090529E-01-1.45195169E-01 2.28562695E-02-7.85498912E-02 6.86344557E-02
24 12 1.97902027E-01 1.44909020E-01 2.99469875E-01 3.47202944E-01 2.26718471E-01
24 13 1.67124857E-01 3.28515583E-01-1.14901008E-01-9.62055739E-02-1.03988391E-01
24 14-9.69718171E-02-6.04919560E-02-7.12375460E-02-7.51502335E-02-4.28105835E-02
24 15 1.49045605E-02 8.21639317E-02
25  1 1.91614627E-03-1.13337721E-02-6.21069800E-02-9.17087156E-02-1.87047224E-02
25  2 1.59538813E-02 1.32786861E-01 1.97676193E-01 3.96402254E-02 2.37551504E-02
25  3 1.07123268E-01 1.49243005E-01 2.52439008E-02-2.67496519E-02 2.84915098E-02
25  4 2.06981404E-02 3.90729509E-02-1.01024511E-01 1.56840142E-01 1.72736548E-02
25  5 3.64666672E-02-1.20009612E-01 7.37919486E-03 3.78504445E-03-1.43259826E-01
25  6 4.40974305E-02 9.85126334E-02-9.90230901E-02 6.80756770E-03 6.74753858E-02
25  7 6.78891527E-02 4.58380068E-02-4.35143574E-02 3.06616976E-01 1.66535004E-02
25  8-5.66561380E-02-1.80154729E-01 3.44966896E-01 1.30940533E-02-6.60104915E-02
25  9 6.38309024E-03-3.70211134E-02 2.11667439E-02 9.22123305E-03-3.10778083E-02
25 10 2.42126099E-02 1.17697221E-01-3.80179448E-02-1.13192085E-01 1.53561723E-01
25 11 1.17459855E-01-3.95985129E-02-1.19977310E-01 3.90947501E-02-3.44798020E-02
25 12-1.66202171E-01-3.82407754E-02-6.53175619E-02-1.79638081E-01-1.94392266E-01
25 13-3.67659902E-02-5.93036193E-02 5.17992153E-02 3.89886516E-02 3.81827006E-02
25 14 7.31481228E-02-6.14747026E-02-5.58571305E-02-1.19370689E-01-1.60565869E-01
25 15 8.76746545E-02 3.33927470E-02
26  1-2.24227340E-04 1.30676011E-03-2.09489252E-01-1.29159008E-01 8.71136070E-02
26  2-4.11798874E-03 4.51054828E-01 2.78262947E-01-1.86955849E-01 3.63297612E-03
26  3 3.84526800E-01 2.35942534E-01-1.63763346E-01 1.60709469E-03-4.47320668E-03
26  4-1.01396699E-01-6.45155299E-02 4.21179481E-02-4.39957742E-04-3.93722206E-02
26  5-2.44500108E-02 1.23140641E-02 1.81441012E-02-2.29198387E-02 6.76706311E-02
26  6 4.62789595E-02-8.72038821E-02-7.97486430E-02 5.94875133E-03 5.92859877E-02
26  7-6.61991444E-02-1.14583747E-02 1.13558671E-02-1.19064838E-01-3.36153868E-02
26  8-2.46802392E-02 4.13032942E-02-1.42328630E-01-3.26377947E-02-2.79882671E-02
26  9 8.80630838E-02 1.16725253E-01-2.65222708E-03-3.23541707E-03 5.74439005E-03
26 10-5.49343840E-03-7.98494551E-03 6.94808842E-02 4.70410070E-03-2.70157760E-02
26 11-5.60938877E-03 7.95770099E-02 1.02179218E-02-6.06184855E-03 6.05670949E-03
26 12 5.48464163E-02 3.03429309E-02 1.21619348E-03 2.38696406E-02 6.48995067E-02
26 13 3.34606758E-02 6.06698147E-04-2.27601962E-03-1.92765394E-04-1.35281103E-02
26 14-4.85454663E-03 5.87226054E-03 1.55056983E-02 5.22731602E-02 9.45990575E-02
26 15-3.28686682E-02-2.88994510E-02
27  1 1.51184213E-05-1.05455627E-04 1.64294762E-01-2.14064137E-01 5.34350963E-02
27  2-2.37749482E-04-3.53938204E-01 4.61154739E-01-1.14867000E-01 7.23688947E-04
27  3-3.02747249E-01 3.92957773E-01-9.83243338E-02 6.05047692E-04-4.83985201E-03
27  4 8.24293281E-02-9.72973403E-02 2.51514803E-02 1.63643341E-02 5.50884893E-02
27  5-4.17840163E-02 2.01339866E-03 1.04391013E-02-1.20641340E-02 1.24986182E-02
27  6 2.33667556E-02-6.41703364E-02-4.77437185E-02 1.73900164E-02 2.49759039E-02
27  7-5.94114550E-02-3.93346389E-03 1.25216961E-03-2.39552789E-02-3.00728090E-02
27  8-1.24682725E-02 2.69008996E-02-2.76068750E-02-3.74706099E-02-9.74106705E-03
27  9-6.09304482E-02-5.81165466E-02 9.92799873E-02 1.06697061E-01 7.87202408E-03
27 10-8.03140203E-03-2.71615381E-02 3.49996098E-02 4.22014948E-02-3.40045140E-02
27 11-3.05672715E-02 4.07209859E-02 5.07838995E-02-2.40409693E-03 1.76775065E-03
27 12 1.97731842E-02 4.01026938E-03-4.43713131E-03 1.29371389E-02 2.27315974E-02
27 13 1.96628083E-03-5.63665538E-03-1.45746481E-03 4.96361082E-04-3.35096583E-03
27 14-1.05394446E-02 9.86722806E-03 9.67391940E-03-3.52118827E-03-9.66893060E-03
27 15-1.65810938E-02-1.62046072E-02
28  1 1.69478923E-04-1.23292293E-03-1.57853877E-02 5.21370148E-03 4.20336250E-02
28  2-2.08285119E-03 3.41855391E-02-1.14645978E-02-9.16467428E-02 2.14664651E-02
28  3 2.61873638E-02-1.42163672E-02-8.88123612E-02 3.74715044E-03-9.09148034E-03
28  4-1.25498652E-02 2.52939785E-02 2.31158027E-02-5.90446295E-03-1.80647083E-02
28  5-1.08486002E-02-2.95037985E-02 2.54201729E-04 1.65139008E-03-3.95866488E-02
28  6-1.03401398E-02-5.60798266E-02 6.96392139E-03-1.64687217E-02-2.05121403E-02
28  7-2.61780235E-02 2.32938981E-03-6.42292570E-03 1.83314447E-01 9.30270718E-02
28  8-1.38757882E-02 2.71821673E-02 2.20082794E-01 1.24320997E-01-1.58757153E-02
28  9-3.19399503E-03-2.33445017E-02-3.19507787E-02-3.36326306E-02 4.02720363E-03
28 10-5.40208711E-03-5.28599332E-02-1.23070405E-01 2.10935643E-01-9.84555728E-03
28 11-6.34473209E-02-1.46994121E-01 2.48164433E-01-5.36991957E-03 2.49024870E-03
28 12 2.86365956E-01-9.95586986E-02-2.54349863E-01 3.72429387E-02 3.38693499E-01
28 13-1.20579139E-01-2.97235275E-01-5.69044416E-03-1.18820770E-03 1.20180062E-02
28 14-2.87808472E-02 6.95903661E-03-1.96960305E-02-5.25977795E-02-5.86746627E-02
28 15 2.06797590E-02-9.24561314E-02
29  1-3.58996682E-04 1.81339423E-03-2.48358173E-02 9.08175414E-03 4.11998562E-02
29  2-1.76139367E-02 5.49162438E-02-2.21238873E-02-8.65800237E-02 4.12244381E-02
29  3 3.77426052E-02-7.87386899E-03-1.08610576E-01 1.49467852E-02-2.02440513E-02
29  4-1.46137228E-02-3.55760622E-02 4.62842655E-02-6.11675741E-02-2.68510551E-02
29  5-4.67885389E-02-6.57156132E-03 9.07016043E-03-2.28922629E-02-2.80255137E-02
29  6-1.79044902E-02-8.23138287E-02 3.36456997E-02-3.43486379E-02 1.36999595E-02
29  7-5.14823498E-02-3.73938187E-03 7.67803229E-03 9.74477079E-02 1.03285386E-01
29  8 2.89491736E-01-1.88940675E-02 1.09788974E-01 1.21271341E-01 3.39889009E-01
29  9-8.29052252E-03-1.61162854E-02-3.37814673E-03 3.67605745E-03 1.15334895E-02
29 10-1.61337430E-02-7.79838594E-02 6.66826978E-02 2.88588358E-01-3.13279265E-02
29 11-8.70913772E-02 8.45550773E-02 3.38174054E-01 3.94015261E-03-6.77701781E-03
29 12-2.31543924E-01-2.70842276E-02 1.20986939E-01 7.25430641E-03-2.72590790E-01
29 13-4.48974797E-02 1.34544003E-01 6.59504167E-04 1.20085055E-03 1.91359507E-02
29 14-7.27108975E-02 1.11536581E-02-1.81403234E-02-5.72299691E-02-6.19746377E-02
29 15-2.19789630E-02 4.85151859E-02
30  1-2.25151188E-04 1.56550276E-03 4.59497759E-03 1.07714336E-02-3.00117430E-02
30  2 1.32980761E-03-9.67414180E-03-2.40065165E-02 6.61252656E-02-2.17146694E-02
30  3-9.25449206E-03-1.06403056E-02 6.84906227E-02-1.56845458E-02 2.30550340E-02
30  4 2.61458847E-02 2.26634497E-02-4.83812026E-02 8.67463473E-02 4.29521879E-02
30  5 1.16709359E-02 1.08539329E-02-1.83734289E-03 1.57053768E-04-4.93906662E-02
30  6-5.01303981E-02 5.56193034E-03 3.91962056E-02-5.87521690E-02 3.19192802E-02
30  7-5.22159183E-03 4.84363317E-03-7.79785360E-04 9.81576683E-02 1.10202721E-01
30  8 1.06488910E-01-4.92625650E-02 1.05108706E-01 1.40974863E-01 1.19492579E-01
30  9-5.92403216E-03-2.39302795E-02 1.43940759E-02-3.07667832E-02 6.17668535E-03
30 10-6.87072841E-03 7.89093699E-03 4.38635464E-01-9.42711658E-02-1.50426596E-02
30 11 4.43674010E-03 5.00292003E-01-1.04201643E-01-2.47943426E-03 6.69483702E-03
30 12 1.75812949E-01 1.03625050E-01-3.76395247E-02-2.09100434E-02 2.12361969E-01
30 13 1.28787241E-01-3.54377569E-02 8.49040955E-03 4.70980961E-03-1.90955710E-02
30 14 7.53563335E-02 6.81670067E-03-3.50558025E-02-6.01180441E-02-6.40519554E-02
30 15 6.61770807E-03-2.21037121E-03
 $END   
 $GRAD  
E=     -762.2870486506  GMAX=   0.0551847  GRMS=   0.0138031
CL          17.   -4.2674670649E-05    2.5541106409E-04   -1.1788625626E-03
C            6.    1.3486365229E-03    2.3925784232E-03    4.3363083663E-03
C            6.    5.4664212112E-03    2.2970298580E-02    5.0282361314E-02
O            8.    1.1260280652E-03   -8.7253277240E-04    3.1949309561E-03
H            1.    1.5376592937E-04   -3.9807301984E-04   -3.2320182913E-04
H            1.   -1.9643698330E-04   -2.7811960514E-04   -4.7574103359E-05
O            8.   -9.4540871858E-03   -3.0982116966E-02   -5.5184675979E-02
O            8.    6.3458322095E-03   -1.2881704450E-03   -5.5232211482E-03
H            1.   -3.9656616322E-04    3.4705927563E-04    4.1870001794E-04
H            1.    1.0140925587E-03    2.7022325272E-03   -4.1750438382E-03
H            1.    3.3755290077E-04   -1.4485175974E-03   -2.2785467037E-03
H            1.   -9.2992709446E-04    4.3220367000E-03    4.4987159014E-03
H            1.   -4.7726371847E-03    2.2779138957E-03    5.9801096272E-03
 $END
-------------------- DATA FROM NSERCH=   3 --------------------
 COORDINATES OF SYMMETRY UNIQUE ATOMS (ANGS)
   ATOM   CHARGE       X              Y              Z
 ------------------------------------------------------------
 CL         17.0   3.1420079715   0.7180637054   0.4400543873
 C           6.0   2.7988152459   0.1321654519  -1.3277401378
 C           6.0   3.2910606279   1.1790035634  -2.2665212839
 O           8.0   2.5200496545   2.3001306113  -2.2991881294
 H           1.0   1.7213771735   0.0075641302  -1.3874439132
 H           1.0   3.3364857322  -0.8006589562  -1.4505992536
 O           8.0   3.1458741824   0.3291251777  -3.8465933157
 O           8.0   3.9260277765   2.8551706805  -4.4995847387
 H           1.0   3.4480795910   3.3396721262  -5.2107326719
 H           1.0   3.7048515186   1.8747685009  -4.5804400677
 H           1.0   2.1584419256   0.3777005183  -3.9615809918
 H           1.0   4.3664424393   1.3325445493  -2.2773076677
 H           1.0   2.9268737301   2.9049146335  -3.0031834788
--- CLOSED SHELL ORBITALS --- GENERATED AT 22:11:05 29-JUL-2026    
Chloroacetaldehyde hydrate and water                                            
E(R-WB97X-D)=     -762.2876834048, E(NUC)=  306.9357102976,    9 ITERS
 $VEC   
 1  1 9.85802671E-01 5.34291948E-02-2.16059642E-05-3.77341664E-05-1.73058858E-04
 1  2-1.87771572E-02 6.76881340E-05 1.15438608E-04 6.51123630E-04 1.02786813E-02
 1  3-2.44585118E-04-4.52139273E-04-1.80461189E-03-3.19567784E-05-4.24653299E-04
 1  4-6.37030588E-06-1.44183292E-05-1.50362090E-04 9.05672440E-04-3.91347596E-05
 1  5 4.28776074E-04-1.51143178E-03 9.29532846E-05 7.01983535E-04 5.69873433E-07
 1  6 1.48752172E-05 3.61713222E-04-2.41912179E-03 5.97336667E-04 1.39134936E-04
 1  7-1.68647881E-03-2.09657888E-05-1.60315397E-04-1.74835969E-05 2.58997609E-05
 1  8-3.32042488E-06 7.02674932E-04 1.72256201E-04-3.31587920E-04 2.12599035E-04
 1  9 1.49152605E-04-8.30713241E-04 1.99948706E-04-7.40133631E-04 9.59599491E-06
 1 10 9.20038635E-05 8.98805541E-06 9.48559256E-06 3.50307496E-05-2.88642579E-04
 1 11-4.57153555E-05-7.29621521E-05-1.76683825E-04-6.57498631E-07-3.61363883E-07
 1 12-4.21763656E-06-4.39093241E-06 2.86517196E-05 4.66599703E-05 7.27786617E-06
 1 13-1.16577408E-06-8.74160470E-05-3.04775339E-05 2.20488750E-05 5.05326023E-05
 1 14-2.07378041E-04 2.23780612E-06-1.00203707E-05 2.46930448E-04-1.90295301E-04
 1 15-2.24868305E-05 5.06297496E-05
 2  1 8.30790970E-06-6.46992450E-05-2.35231730E-05 7.30947641E-06 5.65446338E-05
 2  2 6.26729754E-04 1.59727948E-04-2.79521401E-05-3.41505232E-04-7.92312600E-04
 2  3-7.75927575E-04 2.18828191E-04 6.23038235E-04 1.60583450E-04 5.22805326E-04
 2  4-5.01284487E-04-5.46819196E-04 4.46392685E-04-4.98480982E-03 4.46343644E-03
 2  5-3.49861142E-03 1.49575007E-03-7.43452608E-04-3.05743656E-03-6.27338322E-04
 2  6 2.34097947E-03 5.83639685E-05 2.17558093E-02-1.12179200E-02 8.94899235E-03
 2  7-8.14406636E-04 9.82647677E-01 1.05555189E-01 3.19290394E-03-1.70620985E-03
 2  8-1.71980960E-03-5.39581861E-02-8.82566574E-03 7.23288556E-03 3.96858774E-03
 2  9 9.16725255E-04 2.03263158E-03-6.62682401E-04-4.15151731E-04 7.59809536E-03
 2 10 1.90415984E-03-3.50960598E-04 5.16220593E-04 3.31420010E-04-2.99020003E-03
 2 11 1.45987249E-03-2.34487172E-03-1.76732718E-03 4.94712299E-03 1.38800406E-03
 2 12-2.52170540E-04-3.71196547E-05 6.25001889E-04-1.85106376E-03 9.43095877E-04
 2 13 2.19357958E-04-2.19382224E-03 2.01757704E-04-8.02445079E-04 4.48584220E-04
 2 14-6.24074152E-04 9.01420629E-04-8.14544720E-04-8.63485855E-04 7.28552564E-04
 2 15 3.09575318E-03 6.73968518E-03
 3  1-6.61676222E-06 4.17336345E-05 7.26126278E-06 3.01716059E-05-3.87723883E-05
 3  2-7.95476075E-04-4.11007132E-05-1.74563715E-04 2.90168437E-04 1.43726772E-03
 3  3 1.32792209E-04 4.93323856E-04-1.35630759E-03 2.14183002E-04 7.86383148E-04
 3  4-9.12281714E-05-1.62667377E-04 7.56152268E-04-6.64541550E-03-1.15411429E-03
 3  5-1.94273631E-03 2.49441906E-03-9.26468729E-04-5.21463386E-03-1.33920759E-04
 3  6 8.65055120E-04 5.40478652E-04 1.76852322E-02-2.17952850E-03-5.20495155E-03
 3  7-5.43744443E-03-7.42401025E-03 3.86017902E-04-8.13283903E-05-4.15341068E-04
 3  8-3.93631695E-04-3.27487858E-03-3.05928573E-04 2.87465557E-03 1.89991796E-03
 3  9 7.40516333E-04-1.01332843E-03 2.67534903E-04 3.79515561E-04 9.82171794E-01
 3 10 1.02537418E-01-2.22505427E-03 1.69486373E-03 1.29286547E-03-4.26638066E-02
 3 11 4.48175722E-03-4.68510975E-03-4.12893382E-03 2.05907945E-02 3.20593099E-03
 3 12-4.67976604E-05-6.04751411E-04-2.61376071E-05-4.04524841E-03 2.45942076E-04
 3 13 2.65316221E-03 4.85021216E-05 3.49534790E-04-1.15042262E-03-1.83037452E-04
 3 14 5.79985333E-03 3.27829796E-03 6.08470712E-03-1.25487887E-03-1.84749230E-03
 3 15 4.92362083E-04-1.09916945E-03
 4  1-1.13750021E-07 1.20234414E-06 6.69412242E-06-2.27865437E-06-1.64151582E-06
 4  2-3.21927161E-06-3.42675548E-05 9.99451005E-06 1.06572151E-05-2.90732853E-05
 4  3 5.12149622E-05 3.45619947E-06 1.52643501E-05-2.40157387E-07 4.49801440E-05
 4  4-4.73732465E-05 4.74707608E-05-6.93030856E-05 1.23923062E-04 1.89563789E-04
 4  5 5.47671681E-05 1.09520925E-05 6.58341430E-05 4.08377428E-04-3.47634837E-06
 4  6-1.19860058E-04 7.58168735E-06-1.51058242E-03 4.84386059E-04-4.37159220E-04
 4  7 1.94167180E-04-4.61298417E-03 3.93857923E-04 3.62938625E-05 4.18212231E-04
 4  8-2.38353330E-04-2.42028382E-03-3.30630945E-04-1.85563558E-03 1.31573382E-03
 4  9-3.79964720E-05 2.77358261E-04 4.16645239E-05-1.83552424E-04-2.04201548E-02
 4 10-1.14496021E-03 3.79708292E-04 5.54344320E-04-4.11108160E-04-1.08885398E-03
 4 11-1.24486513E-03-2.02915604E-03 1.38212608E-03 9.82145788E-01 1.02717767E-01
 4 12-2.25937735E-03-1.31921691E-03-1.70903351E-03-4.33495334E-02 4.78256891E-03
 4 13 3.40118557E-03 3.26775964E-03 2.95571981E-03 6.07149143E-03 2.33709851E-03
 4 14 9.53842107E-03 4.86930346E-04-1.47695456E-03 1.30801634E-04-4.67771182E-04
 4 15-4.39478281E-04 5.10687119E-03
 5  1 7.92001774E-05-1.01782050E-04-7.59492229E-06 5.21457886E-05-2.19123532E-04
 5  2-2.43748059E-03 5.92879385E-05-3.48932657E-04 1.51688060E-03 3.25800729E-03
 5  3-5.20424182E-04 1.40066727E-05-2.54199940E-03-9.15316820E-03-4.03970358E-03
 5  4-3.25638018E-04-5.48082352E-04 1.69022375E-04 2.56904267E-02 5.85184401E-03
 5  5 1.07672306E-02-1.21868310E-02 9.86481630E-01 1.10029561E-01-3.13423414E-04
 5  6-8.55000213E-04-3.99925952E-04-8.26610103E-02 1.59309666E-03 1.17735743E-02
 5  7-4.84935913E-03 1.97781545E-05-2.59721966E-04 3.14331057E-04 3.87944273E-04
 5  8-1.81301558E-04 6.93272985E-03-1.07607216E-03-2.75901402E-03 1.09803384E-03
 5  9-1.41271402E-03 1.66002428E-03-1.56559428E-03 1.22457848E-03-3.61883214E-04
 5 10-2.55219688E-03-1.42361340E-04-1.78913636E-04-5.06293378E-04 8.85050778E-03
 5 11 8.95091032E-04 2.97110308E-03 6.79084960E-03 2.59116079E-05 2.13441809E-04
 5 12 5.64075590E-05 1.13907791E-04-3.17954773E-05-7.75746074E-04-3.70522966E-05
 5 13-1.95230013E-04-1.37749609E-04 2.82146386E-04-5.13035696E-04-4.18417569E-04
 5 14 1.05696339E-03-1.38728470E-03 3.55814105E-03-6.24390379E-04 1.59656002E-02
 5 15 2.25585793E-04 2.65827693E-03
 6  1-2.68252728E-05-1.64952576E-04 6.23039515E-05 1.04066254E-04 3.36930710E-04
 6  2-2.12199513E-03-3.62473999E-04-6.07056979E-04-1.91716789E-03 1.28705606E-02
 6  3-1.35140085E-03-2.22591457E-03-8.56122713E-03 9.86479956E-01 1.11896930E-01
 6  4 3.52085981E-04 6.78217044E-04 1.11144467E-03-9.07640273E-02-2.77883398E-03
 6  5-6.07573926E-03 2.60732131E-03 8.60500633E-03-1.87121158E-03 4.11413433E-04
 6  6 5.17712898E-04-9.61462848E-05 2.35821632E-02-5.42203450E-03-1.04022493E-02
 6  7 9.09468270E-03 3.67024452E-05-8.97472593E-06-2.74175788E-05 4.93607264E-04
 6  8-3.16517542E-04-1.29772298E-03 9.64169390E-06-3.77799921E-04 4.93548614E-04
 6  9-8.79657663E-05 1.54762797E-02-1.54287669E-04 1.54697621E-02 1.94256609E-05
 6 10-2.64294255E-05 1.85487534E-04 1.85590255E-04-3.13292640E-04-5.89850838E-04
 6 11-5.85531586E-04-6.17001819E-04 1.25541990E-04 1.40231299E-05 9.43471808E-05
 6 12-3.32175040E-05 5.96873744E-05-1.46333766E-04-5.31789398E-04 1.75757243E-04
 6 13-8.02530847E-05 4.48785662E-04 3.17127154E-04-2.64929921E-04-2.34616502E-04
 6 14 1.31521136E-03-3.83715621E-04-5.82117305E-05-1.12592164E-03 1.33591711E-03
 6 15 4.54387157E-04 1.28588798E-03
 7  1-3.05121256E-01 9.77067587E-01-1.57310941E-03-2.85605720E-03-8.45142964E-03
 7  2 1.54309845E-01-6.72251377E-04-1.17335583E-03-5.22005743E-03-6.77415689E-02
 7  3 1.73411538E-03 3.18530052E-03 1.20443906E-02-1.98154189E-05 1.73983449E-03
 7  4-3.92188397E-05-2.02030446E-05 4.82234546E-04-3.17849297E-03 5.81625012E-04
 7  5-1.97500355E-03 9.97361638E-03-1.18061987E-04-3.73612058E-03 1.06254619E-05
 7  6-1.10567928E-04-2.07698484E-03 1.33160627E-02-3.52969235E-03-7.13733654E-04
 7  7 9.75937931E-03 1.07467582E-04 7.81134213E-04 7.48678793E-05-1.43777835E-04
 7  8 2.60259890E-05-3.84811026E-03-9.25473527E-04 1.88953850E-03-1.21967751E-03
 7  9-9.55559376E-04 5.01442715E-03-1.24749054E-03 4.43459957E-03-5.66889814E-05
 7 10-5.15342964E-04-4.85645518E-05-4.59856333E-05-2.15119492E-04 1.74700119E-03
 7 11 2.69595281E-04 4.28677966E-04 1.19172640E-03 4.29185357E-06 1.11019504E-05
 7 12 2.17552881E-05 1.80139132E-05-1.39241424E-04-2.84105547E-04-4.24896196E-05
 7 13 3.27074562E-05 4.65814050E-04 1.60808664E-04-1.37335313E-04-2.75864273E-04
 7 14 1.21351890E-03-6.73875369E-05 1.96360670E-04-1.35656463E-03 1.32854374E-03
 7 15 8.44141142E-05-2.74066154E-04
 8  1-3.22823151E-03 1.09306536E-02 1.71292258E-01 2.93529330E-01 9.09250192E-01
 8  2-3.23950909E-03 1.57160612E-02 2.68993402E-02 8.46603594E-02 4.82704984E-03
 8  3-5.12188509E-03-8.85447323E-03-2.92032715E-02-6.93761286E-04-4.45251441E-03
 8  4-3.87086520E-05-1.19960424E-04-4.20391702E-04 9.63548092E-03 9.32016053E-04
 8  5 3.52827923E-03-3.37902701E-03 4.18424256E-04 2.89766007E-03 4.15699073E-05
 8  6 9.03434156E-05 8.29183380E-04-1.22067688E-02 2.19762252E-03 1.50380867E-03
 8  7-7.83086863E-03-7.21277978E-05-4.42817709E-04-7.52385478E-05-3.39735027E-05
 8  8 3.04754144E-05 2.56156070E-03 7.51135029E-04-9.54744444E-04 6.65782232E-04
 8  9-2.51651328E-04-3.91018973E-03-5.55356343E-05-3.54463027E-03 2.37656387E-05
 8 10 1.75671101E-04 2.64982147E-05 8.23403913E-05-1.09749615E-05-8.87131938E-04
 8 11-1.43396004E-04-4.44868073E-04-2.03737786E-04-4.04266078E-06-1.58539203E-05
 8 12-6.92833044E-06-2.44356048E-05 1.00171712E-04 2.40622942E-04-2.67484150E-06
 8 13 1.57392132E-05-3.39011699E-04-1.40114489E-04 1.16351439E-04 2.27143463E-04
 8 14-9.26721100E-04-1.70512965E-04 3.63562668E-04 1.02377405E-03-3.11041671E-04
 8 15-1.44160858E-04-7.41702775E-05
 9  1 2.10155092E-05-1.17106642E-04 5.59928729E-01 7.18673400E-01-3.37299161E-01
 9  2 4.37769108E-04 5.01948451E-02 6.44730573E-02-3.07361756E-02 2.27439274E-04
 9  3-1.57372262E-02-2.02718779E-02 9.43452909E-03 2.58673097E-05 1.62989091E-04
 9  4-2.97815479E-05 4.15718445E-05 5.28521728E-04-8.45777765E-04 7.24830599E-04
 9  5-5.68302274E-04-2.22431007E-03-1.73088974E-04-1.39923588E-03-3.54419413E-05
 9  6-1.89031798E-04-9.55400587E-04 2.96647865E-03-5.22554092E-04 2.03109033E-03
 9  7 4.55935251E-03 4.28001083E-05 2.46852591E-04 9.88955036E-05 1.60224287E-05
 9  8-6.12382589E-05-1.64331603E-03-7.84363090E-04 4.78379132E-04-3.37693127E-04
 9  9 5.84563683E-04-1.57156808E-03 1.27080758E-04-1.17886979E-03-3.86741088E-05
 9 10-2.89774925E-04-6.00530373E-05-9.13367491E-05-8.38709226E-05 1.12710923E-03
 9 11 2.87545966E-04 5.38133885E-04 7.14624577E-04-1.25623836E-06-1.39353341E-05
 9 12 2.27016645E-05 6.05802240E-06-2.56366620E-05-1.70005361E-05-7.16923392E-05
 9 13 6.01000968E-07 9.94600376E-05 1.00283039E-05-2.14605479E-05-6.12674685E-05
 9 14 2.70538365E-04-8.53566974E-05 4.09317812E-04-9.64184612E-04 1.28429010E-03
 9 15 1.80434233E-04-2.56591414E-04
10  1 2.30701930E-05-6.93312390E-05 7.75253476E-01-5.84051921E-01 4.24678211E-02
10  2-4.40021091E-05 6.93282395E-02-5.22605154E-02 3.88289392E-03-1.10306566E-04
10  3-2.11483295E-02 1.60868969E-02-1.15141372E-03-1.11813211E-06-2.08496878E-05
10  4-6.32601454E-05 2.09811329E-05-9.49083481E-05-2.05172496E-04 1.57096581E-03
10  5-1.08660648E-03 5.83128469E-04 4.39102369E-05 4.84090660E-04-5.59279272E-05
10  6 2.03283427E-04 1.01696339E-04-1.29230853E-03-7.59426594E-04-8.28942026E-04
10  7-2.43063732E-04-2.26556453E-06 5.47524114E-05-3.13367202E-05-6.14078269E-05
10  8 2.96806099E-04 2.72631215E-04 2.71395464E-04 1.34413380E-04-8.56131803E-04
10  9 6.54771582E-04-1.43558746E-03-7.67101249E-04 1.74155856E-03 8.09894946E-06
10 10 7.79863158E-05 2.70886077E-05-3.77431260E-05 4.09738143E-05-2.55986826E-04
10 11-6.19599451E-05 1.17592688E-04-1.67610686E-04-4.85677239E-06-4.25024328E-05
10 12 1.14686966E-05 8.57448266E-06-1.03194570E-05 1.30493409E-04-4.56355368E-05
10 13-4.87402064E-05 4.15671305E-05-2.08737596E-05 5.29006977E-05 3.34651915E-05
10 14-1.79640462E-04-1.06517072E-04 2.09916695E-04-1.21731437E-04 1.48305249E-03
10 15-1.99025496E-04-1.93052296E-04
11  1 2.16098998E-03-1.22501040E-02 5.34597742E-04 9.02581225E-05 3.72504417E-03
11  2 1.54252601E-02-1.06370117E-03-4.04797453E-04-6.73642875E-03 5.44188689E-03
11  3 2.42412502E-03 1.70436571E-03 8.86817363E-04-2.23145933E-02 1.98247587E-02
11  4 3.76702128E-03 1.97443496E-02-1.27065155E-02 4.10438331E-02-2.02591852E-02
11  5 1.58459045E-02 4.57980177E-03-9.55962461E-02 1.04198458E-01-6.00815474E-02
11  6 8.31711845E-02-3.33503955E-03 1.44161649E-01 1.92978153E-02-1.61068740E-02
11  7 1.55371598E-03-2.08542795E-01 1.91216934E-01 8.48059648E-02-4.78734477E-02
11  8-4.10193116E-02 6.48518739E-01 9.46460073E-02-5.44214913E-02-4.84101634E-02
11  9 4.96350449E-03-8.59422268E-03 7.64871570E-03 2.91891131E-03-3.51334187E-02
11 10 3.28703382E-02-1.09437154E-02 9.50651364E-03 1.00237544E-02 9.95935200E-02
11 11-1.58565402E-02 1.44583569E-02 5.61812890E-03-2.56712841E-02 2.17320664E-02
11 12-8.60504759E-03-5.32047345E-03-2.33269121E-03 7.99333942E-02-1.22144774E-02
11 13-7.24503619E-03 4.73065402E-03 1.02537312E-02 4.29083723E-03 1.38511828E-02
11 14 4.97688931E-03 1.66146220E-02 5.01521045E-03 2.46420708E-02-1.47175803E-02
11 15 8.38966517E-02 8.99097598E-03
12  1-6.81032861E-04 3.89241449E-03-1.74336289E-04-4.00941690E-05-9.67413965E-04
12  2-5.12481737E-03 3.92471873E-04 1.52637482E-04 1.92384397E-03-2.03557127E-03
12  3-6.74535643E-04-6.73916460E-04-1.20076533E-04 3.27966638E-03-4.79661331E-03
12  4-1.91804681E-04-3.78261569E-03 3.93492006E-04 7.07450263E-03 6.35442620E-03
12  5 2.21356015E-03-7.34239183E-03 1.15368592E-02-1.33360311E-02 1.21891102E-02
12  6-1.96898039E-02-6.83502042E-03-2.27541872E-02 2.59191627E-03 1.31350863E-02
12  7-1.69667714E-02 3.61225183E-02-3.30543303E-02-1.25408225E-02 1.11431913E-02
12  8 1.15659253E-03-1.21307260E-01-1.59331344E-02 8.93131504E-03 3.16655698E-03
12  9-1.37714875E-03 1.36117631E-03-1.62499933E-03-8.13303958E-05-3.25828868E-02
12 10 2.91628966E-02-9.84918931E-03 6.90370681E-03-8.37607219E-04 1.02145604E-01
12 11-6.83909949E-03 1.15805376E-02-2.24435488E-03-2.24025931E-01 2.09468724E-01
12 12-6.43793968E-02-3.35583866E-02-6.37366079E-02 6.91738651E-01-6.55501458E-02
12 13-3.78566785E-02-6.10634686E-02 1.16570261E-01 2.58650329E-02 1.07210879E-01
12 14 1.61734305E-02 1.60594612E-02 6.51160267E-03-3.24729185E-03 6.89894026E-03
12 15 2.54328324E-03 9.81335484E-03
13  1 1.84612426E-03-1.06024850E-02 2.25872061E-04 7.07684331E-04 2.56869812E-03
13  2 1.41791893E-02-3.82856129E-04-1.14048157E-03-5.72469585E-03 8.78579162E-03
13  3-9.54829638E-04-1.74595667E-03-3.91016872E-04-1.88391050E-02 1.65867969E-02
13  4 4.46052869E-03 3.68600436E-03-1.26081206E-02 4.59785157E-02 3.31340471E-03
13  5-5.42519902E-03-1.30607357E-02-2.31929672E-02 2.74457869E-02 6.36470301E-03
13  6-5.02039274E-02-3.16640634E-02 6.20207363E-02-4.33058677E-03-1.15304034E-02
13  7-1.27508813E-02 4.92537868E-02-4.67852380E-02-1.74060732E-02-6.07824282E-03
13  8 9.29062896E-03-1.62076487E-01-2.03082460E-02-7.99662090E-04 5.71058734E-03
13  9 6.43022664E-03-1.73713476E-04 7.02928868E-03-1.34242508E-03-2.21453081E-01
13 10 2.10359113E-01-8.60793084E-02 2.30508716E-02 1.62109569E-02 6.85662831E-01
13 11-8.02672450E-02 2.64333440E-02 2.16622461E-02 4.04597184E-02-3.68416812E-02
13 12 1.17024496E-02-5.93625441E-04 1.18956180E-02-1.31735980E-01 1.20846200E-02
13 13 3.08539567E-03 1.14755980E-02-2.30703174E-02-6.70697145E-03-1.37541560E-03
13 14 1.21440722E-02 1.29095372E-01 2.97299562E-02 1.09215713E-02 3.19810443E-03
13 15-2.91731996E-02-8.76557502E-03
14  1 6.16742036E-02-3.55747116E-01 7.84629944E-03 1.36387242E-02 4.53545006E-02
14  2 4.54296701E-01-1.59761569E-02-2.74265416E-02-9.16513947E-02 3.02160677E-01
14  3-7.17278259E-04-2.94812412E-03-7.67164007E-03-1.30516903E-01 1.12923616E-01
14  4 1.82827997E-02 3.20620872E-02 3.44598539E-02 3.98502760E-01 1.97520604E-02
14  5 3.17400849E-02 3.96232382E-02-4.40694808E-02 5.18972471E-02-4.80027817E-03
14  6-5.02537315E-02 5.87013571E-02 6.17119993E-02 8.37363543E-03-1.29800904E-03
14  7-5.47304149E-03 3.33362792E-02-3.07776567E-02-9.57914379E-03-2.05883641E-02
14  8 2.45924807E-02-1.16114911E-01-1.19502602E-02-1.07896470E-02 2.25157592E-02
14  9 5.36009056E-02-1.42906280E-02 5.39744284E-02-1.63102052E-02 2.84239219E-02
14 10-2.60229446E-02 1.41132682E-02-2.40179080E-03 8.67381329E-03-9.55091939E-02
14 11 1.24920024E-02-6.39997981E-03 2.48076924E-03-6.39335179E-03 5.97174834E-03
14 12-9.40320285E-04 4.13770199E-04-4.14086773E-03 2.26673543E-02-3.17506570E-04
14 13-3.58077367E-04-5.58175702E-03 4.37614345E-03 2.27764807E-03 1.30019270E-03
14 14-7.32547673E-03-1.89820378E-02-7.18378820E-03 2.17007680E-02-5.61657178E-03
14 15-2.70520283E-02-1.24336479E-02
15  1 5.04884659E-02-2.93998835E-01 3.60621053E-04 9.69066523E-04-1.02437282E-02
15  2 3.62704477E-01-1.43496557E-03-3.93782139E-03 1.84626355E-02 3.49815087E-01
15  3-3.99217570E-03-4.91489380E-03-1.70252948E-02 1.18952696E-01-1.23551378E-01
15  4-1.68482061E-02-3.28308116E-02 1.10657305E-01-3.17277748E-01-4.51739219E-03
15  5 1.03299645E-03 3.30143677E-02 1.17966871E-01-1.22732644E-01 9.72204874E-03
15  6 8.05233923E-02-7.43049362E-02-3.14172739E-01-2.69378802E-03 3.81623227E-02
15  7-3.18457069E-02-4.86861706E-02 4.35665836E-02 7.81186081E-04 7.82416327E-02
15  8-4.85175700E-02 1.91301878E-01 7.56545170E-03 5.20666585E-02-3.85055503E-02
15  9-6.51337781E-02-4.24587263E-03-6.80113768E-02-2.38486127E-04-3.80280945E-02
15 10 3.40286393E-02-2.91967254E-02-3.32200220E-03-3.78040782E-02 1.37686555E-01
15 11-2.40023389E-02 2.35990546E-03-1.96031631E-02 5.67420867E-03-5.22647632E-03
15 12-1.11688833E-03-1.15127453E-03 7.62099545E-03-2.21781207E-02-2.45779171E-03
15 13 6.85412853E-04 7.64889562E-03-5.79447706E-03-3.56986239E-03 1.97588033E-04
15 14 9.09822258E-03 3.27592411E-02 2.37214607E-02-6.34000174E-02 2.20187012E-03
15 15 6.11511393E-02 3.33127570E-02
16  1 1.74605220E-02-1.02699896E-01-1.43306434E-02-2.23677635E-02-2.72331567E-02
16  2 1.26636906E-01 2.87098119E-02 4.54581922E-02 5.28767922E-02 1.53681224E-01
16  3 1.37378744E-02 1.83347137E-02 1.00961028E-02 1.15604882E-01-1.03527137E-01
16  4 7.79341005E-02 1.18059388E-01-2.45198290E-02-4.43440134E-01 3.46554536E-02
16  5 4.32086577E-02-3.40870391E-03-1.30146789E-01 1.31800653E-01 8.75523764E-02
16  6 7.44008266E-02-5.02273105E-03 4.56841424E-01 6.77540946E-02 6.66301306E-03
16  7 1.44478689E-02 5.17350089E-02-4.73581915E-02 6.57742768E-02-1.43340600E-01
16  8 6.47687958E-02-2.11903668E-01 5.23970417E-02-1.17562771E-01 5.45676270E-02
16  9-1.20812061E-01-4.28140715E-02-1.05276526E-01-3.62017630E-02 1.23568688E-02
16 10-1.02235138E-02 4.78838192E-02 2.97763925E-02 3.78786078E-02-5.27739052E-02
16 11 3.77748005E-02 2.36730872E-02 2.24457728E-02-8.29563117E-04 7.84806932E-04
16 12 7.65400511E-03-1.60340920E-02-1.95429198E-03 4.66600759E-03 9.13457632E-03
16 13-1.48918101E-02-8.96095648E-05-5.19393120E-03-3.31184245E-03 1.27815980E-02
16 14 6.64049674E-03-3.69265027E-02-3.30332804E-02 1.37843189E-01 3.46358974E-02
16 15-8.76337258E-02-6.41995268E-02
17  1-1.81122405E-03 1.07022072E-02-1.33887713E-02 1.29379451E-02 4.67325271E-03
17  2-1.18595683E-02 2.75397414E-02-2.62749849E-02-9.89252994E-03-1.94263831E-02
17  3 1.58923278E-02-1.58877760E-02-6.09224834E-04-1.44112935E-02 9.86717950E-03
17  4 1.14934370E-01-9.80605953E-02 8.35426543E-03 8.20245009E-02 1.05845140E-01
17  5-6.96470768E-02-4.97357060E-03-1.30566633E-02 6.14477455E-03 2.57213830E-01
17  6-7.79474617E-02-5.28696599E-02 6.47502522E-02 1.68664575E-01-2.09715483E-03
17  7-5.92673741E-02 1.39375467E-02-1.50527765E-02 4.66968831E-02 2.44672718E-01
17  8-1.44547648E-01-5.22332637E-02 4.25209205E-02 2.19358339E-01-1.31366313E-01
17  9-4.47002770E-02-2.06276410E-02 8.31804641E-02 3.11129059E-02-1.14834844E-03
17 10 3.31192754E-04 7.64475668E-02 1.88818853E-02 3.12598442E-02 3.95139080E-03
17 11 6.67448048E-02 1.47110223E-02 2.40339701E-02 7.44677098E-03-9.38604627E-03
17 12 3.07116587E-03-5.87074069E-02 7.33590951E-02-2.39975771E-02-1.71404732E-03
17 13-5.12432556E-02 7.50503445E-02-5.77985976E-02-3.61744505E-02 3.34930573E-02
17 14 2.72555732E-02-5.14708637E-02-3.58500502E-02 1.34593765E-01 6.70345767E-02
17 15 1.55692924E-01 1.01330559E-01
18  1 1.11956416E-03-6.67652570E-03-1.54143937E-02-4.68455300E-03-2.24185805E-03
18  2 7.77723142E-03 3.21078100E-02 9.67545867E-03 3.96078820E-03 1.63931985E-02
18  3 1.82756903E-02 5.05621898E-03-1.66115264E-03 8.80945003E-03-4.95053329E-03
18  4 9.63801430E-02 1.13646902E-02-2.60026544E-02-6.96611414E-02 6.88532862E-02
18  5-1.47517158E-02-1.82580158E-02-9.45079107E-03 1.04690589E-02 6.34438165E-02
18  6-5.69093571E-02 3.79940259E-02 4.69979975E-02 2.68228466E-02-5.36212640E-02
18  7 6.50270156E-02-1.25151858E-02 1.15587973E-02-1.05463685E-02 8.43325185E-02
18  8-1.26203709E-03 5.14456970E-02-8.47912564E-03 7.94189534E-02 2.48989606E-04
18  9-6.16241942E-02-3.25673914E-02 1.72176229E-02 8.43416032E-03-7.89430255E-03
18 10 9.93070383E-03-4.50276171E-02-5.88266369E-02 2.36901506E-02 2.84750182E-02
18 11-4.31783008E-02-6.33436813E-02 2.75145020E-02 2.46659003E-03-9.91869233E-04
18 12-6.20952722E-02 3.40320035E-01-1.46136198E-01-1.33013472E-02-5.34319776E-02
18 13 3.10703906E-01-1.33572273E-01 2.06915363E-01 1.52259838E-01-2.03435633E-01
18 14-1.62197580E-01 3.02118205E-02 1.97700062E-02 3.42567790E-02 1.11050753E-02
18 15 2.76521854E-02 3.24389925E-02
19  1-3.69070355E-03 2.18991892E-02-3.21801246E-02-2.98160830E-02 4.65797246E-02
19  2-2.46681279E-02 6.78681108E-02 6.18525921E-02-9.84206952E-02-4.55020835E-02
19  3 4.42781121E-02 4.86205480E-02-5.47539287E-02-2.14364793E-03 3.33848865E-03
19  4 2.06854773E-01 1.92405737E-01-5.53585046E-02-2.11104518E-02 1.66795269E-01
19  5 1.46097443E-01-2.50731306E-02 1.67355669E-02-1.56823685E-02-2.58674997E-02
19  6-1.72509566E-01 2.22393537E-01-7.65598080E-02-4.68609953E-02-8.01807818E-02
19  7 1.83968725E-01-3.97352353E-02 3.84275295E-02-1.21133023E-01 1.34243056E-01
19  8 1.03862241E-01 1.53035378E-01-1.21897928E-01 1.38210260E-01 1.02464982E-01
19  9-1.40451595E-01-8.98018636E-02-3.63684944E-02-2.61248134E-02 3.74977309E-05
19 10 4.41220197E-04-7.59982403E-02-5.10251938E-02-8.01020581E-02 3.76576248E-03
19 11-6.33325207E-02-4.67693920E-02-7.54579750E-02-6.25242135E-03 6.90732226E-03
19 12 2.52828223E-02-1.14388358E-01 3.46427209E-02 2.29289783E-02 2.60767928E-02
19 13-1.06357811E-01 2.16548212E-02-6.42951900E-02-5.33989953E-02 6.14691261E-02
19 14 4.72529804E-02 5.66576979E-02 4.68490600E-02-4.54227233E-02-2.01564449E-02
19 15 8.89874599E-03 3.18006935E-02
20  1-1.29693668E-02 7.68718106E-02 1.93791460E-03 4.92683240E-02 9.26553322E-02
20  2-9.67472483E-02-4.25878297E-03-1.04351276E-01-1.94541405E-01-1.37460310E-01
20  3 3.52938302E-03-5.55091994E-02-1.09794781E-01-1.31452451E-02-1.75847902E-03
20  4 7.76377501E-02-1.24991290E-01 1.95919824E-01 1.16906253E-01 7.24271432E-02
20  5-7.37151105E-02 1.49455497E-01 2.20182296E-02-1.32362051E-02 1.05359941E-01
20  6 2.45882163E-01 5.64852703E-02-1.14957358E-01 1.20730745E-01 1.79192448E-01
20  7 6.80692364E-02 3.28918170E-05-2.01073453E-03 1.42675667E-01-7.30137270E-02
20  8 1.41599147E-01 1.52850271E-02 1.43146123E-01-7.88395671E-02 1.41626242E-01
20  9-3.90640735E-02-3.10461042E-02 8.95472585E-02 5.56574849E-02-9.09711868E-03
20 10 8.84366560E-03-8.89731438E-02-3.25177807E-02-1.52732215E-01 4.24136625E-02
20 11-8.08668824E-02-3.23167846E-02-1.42700697E-01 6.17966769E-05 1.28965319E-03
20 12 1.14099231E-02-6.16495795E-03-2.52858041E-02-3.39406284E-03 1.50386148E-02
20 13-3.12731883E-03-2.76589539E-02 7.16650626E-03 2.95324310E-03 6.00760345E-03
20 14 1.05869822E-02 7.52585859E-02 6.51556373E-02 6.23007860E-02 2.91371652E-02
20 15-6.58012716E-02-6.70236304E-02
21  1 6.74685757E-03-4.00243768E-02-6.06256857E-02 2.76071814E-02-6.19543718E-02
21  2 4.72566479E-02 1.27800324E-01-5.79938039E-02 1.31527864E-01 7.84617445E-02
21  3 8.07365130E-02-4.40616426E-02 7.23294447E-02 7.40184238E-03 4.46577439E-04
21  4 2.41992231E-01-2.15095669E-01-7.24905345E-02-6.54752636E-02 2.21149557E-01
21  5-1.95475276E-01-5.50046656E-02 7.03177484E-03-8.89541388E-03-1.25283752E-01
21  6-3.31841973E-03-7.32358201E-02-1.69547479E-02-1.30469439E-01-3.75042262E-02
21  7-5.22305148E-02-2.30107503E-02 2.01256718E-02-6.26052671E-02-1.54559398E-01
21  8 3.63669833E-03 1.01479450E-01-5.67673778E-02-1.51140645E-01-1.06979277E-03
21  9-1.44237637E-01-7.90423050E-02 2.01826203E-01 1.33243094E-01 5.76740140E-03
21 10-6.32980456E-03 2.68373674E-02 1.39675589E-02 5.44336883E-02-2.38619228E-02
21 11 2.54985427E-02 1.55576081E-02 5.19461553E-02 4.21035666E-04 3.65046897E-04
21 12 1.06002842E-02-4.14881101E-02-2.98631589E-02-2.72530186E-03 1.06665490E-02
21 13-4.21516709E-02-3.44261127E-02-4.78173885E-03-5.58201407E-03 2.36884311E-02
21 14 1.89484841E-02-2.68916515E-02-2.36155380E-02-8.56027904E-02-4.29375859E-02
21 15-7.57646472E-02-7.02569606E-02
22  1-4.45205926E-03 2.64205495E-02 2.15900421E-02 1.50963780E-02 4.95457227E-02
22  2-3.64468818E-02-4.50528822E-02-3.37884989E-02-1.03476609E-01-4.64655904E-02
22  3-3.26696183E-02-1.10962034E-02-7.15811832E-02 2.71831808E-03-6.36285176E-03
22  4-9.26323062E-03 2.33845633E-03 8.27598312E-02-2.82351386E-02-4.09109364E-02
22  5 3.63345821E-02 8.52359279E-02 2.80684251E-02-3.81200400E-02 2.09811110E-02
22  6-8.97289732E-03-1.14320497E-02-4.97326085E-02 3.82110259E-02-5.85810454E-02
22  7-9.53686251E-03-4.65963196E-02 3.91096587E-02-1.03703356E-01 2.41329769E-02
22  8 1.34832412E-01 2.25128357E-01-1.04511751E-01 2.41711171E-02 1.53821839E-01
22  9-2.66099557E-03-1.63580325E-02-1.35368246E-02 2.87969328E-02-7.97803241E-02
22 10 6.96146903E-02 3.52033161E-01-8.47359020E-03 9.15355670E-03 3.45105895E-01
22 11 3.47673998E-01-1.79731920E-02 5.28530470E-04 1.78811628E-02-9.61682551E-03
22 12-9.95333688E-03 3.87769705E-03-1.01900611E-01-1.00248364E-01-9.58159194E-04
22 13 1.41690414E-02-1.12324912E-01 4.93347969E-02 2.30985938E-02 1.54990404E-02
22 14 7.02473920E-02-2.09682944E-01-1.76188623E-01-1.58023303E-02-6.28726729E-03
22 15-6.33274633E-02-5.96124447E-02
23  1 8.50481969E-03-5.07829283E-02-7.15237084E-03-5.19338151E-02-1.56616251E-01
23  2 4.73506756E-02 1.65612516E-02 1.09978870E-01 3.35247808E-01 1.52955784E-01
23  3-9.56749643E-04 7.37675603E-02 1.90656556E-01 6.03797217E-03 1.12357016E-02
23  4-1.07520650E-01-1.37153775E-01-1.38813181E-01-1.05426919E-01-1.36963688E-01
23  5-1.36481525E-01-1.55653041E-01 6.84365093E-03-1.39443958E-02 1.35056562E-01
23  6 2.45379087E-02 7.52615758E-02 1.70014997E-02 1.08180723E-01 2.10528672E-02
23  7 1.47625975E-01-3.66563709E-02 3.26646704E-02-1.19039722E-02 9.91276434E-02
23  8 2.35554653E-01 1.61412824E-01-1.54976588E-02 1.06686753E-01 2.52162162E-01
23  9 9.78406743E-02 8.24965411E-02 5.82553467E-02 7.00965675E-02-4.39905356E-03
23 10 3.88627441E-03-2.92478815E-02-8.99581134E-02-5.35632292E-02 2.74838943E-02
23 11-2.07608337E-02-9.75357787E-02-4.88034319E-02-5.83114368E-03 7.47700263E-03
23 12 4.68631024E-02-4.80556508E-02-3.35927521E-02 2.26878069E-02 5.97215189E-02
23 13-4.72669504E-02-4.83519604E-02-1.27634159E-02-1.71757997E-02 2.00129356E-02
23 14 7.69303635E-03 2.82387459E-02 2.46179954E-02 8.62344867E-02 7.47851215E-02
23 15-5.73016610E-02-3.82956960E-02
24  1 4.19243723E-04-2.54617131E-03-1.73911727E-02-2.14773637E-02-2.79966523E-03
24  2-8.28517956E-04 3.74683098E-02 4.58150230E-02 6.72052474E-03 1.87026243E-02
24  3 2.63128400E-02 3.30198340E-02-6.10311468E-03-6.85586516E-03 5.43340293E-04
24  4 2.46353194E-02 9.30621210E-03-2.49606943E-02 7.85459004E-02 9.45333106E-03
24  5 3.10535172E-02-6.54430272E-02 1.18447976E-02-5.35969394E-03-1.02328926E-01
24  6 3.19588243E-02 5.02598967E-02-1.12929035E-01 1.15397898E-04 4.04938283E-02
24  7 1.42336282E-03 1.97456738E-02-1.37949283E-02 1.35365076E-01-2.67772825E-02
24  8 4.86945268E-02-9.95760678E-02 1.52807250E-01-4.87389858E-02 7.56560335E-02
24  9-1.79345485E-02-3.92223439E-02 1.37544467E-02 2.87342645E-02-4.02830540E-02
24 10 3.56123855E-02 1.09336349E-01-1.28419298E-01 1.24498581E-02 1.85272086E-01
24 11 1.07714044E-01-1.49752301E-01 1.76049142E-02-7.43487170E-02 6.45929711E-02
24 12 1.82763874E-01 1.51735416E-01 2.88419449E-01 3.29325860E-01 2.08693331E-01
24 13 1.74246973E-01 3.18053005E-01-1.09589021E-01-9.10973195E-02-1.00453174E-01
24 14-9.35457446E-02-6.42377042E-02-7.58582275E-02-8.68742844E-02-5.91071299E-02
24 15 2.71141536E-02 8.88272128E-02
25  1 2.00306318E-03-1.18499870E-02-5.81925047E-02-8.73094016E-02-2.53748429E-02
25  2 1.66395533E-02 1.24423632E-01 1.88163583E-01 5.39055574E-02 2.45260375E-02
25  3 9.98445343E-02 1.41744937E-01 3.65744906E-02-2.62719302E-02 2.86861609E-02
25  4 1.94213552E-02 3.99908261E-02-1.01983235E-01 1.51213097E-01 1.65384369E-02
25  5 3.57673047E-02-1.17994464E-01 4.92997882E-03 6.43461000E-03-1.34388379E-01
25  6 4.06098460E-02 9.64785271E-02-8.68674471E-02 9.19950429E-03 6.36426157E-02
25  7 6.91736074E-02 4.41970523E-02-4.25811128E-02 2.99219257E-01 2.16717247E-02
25  8-6.08292455E-02-1.70722354E-01 3.36642251E-01 1.99804465E-02-7.26480101E-02
25  9 7.83592687E-03-3.42228403E-02 2.03859879E-02 8.02271407E-03-2.71867429E-02
25 10 2.08678480E-02 1.02169131E-01-3.37890958E-02-1.13388368E-01 1.35699405E-01
25 11 1.01359684E-01-3.38235711E-02-1.20603159E-01 4.58683967E-02-4.04207945E-02
25 12-1.83844741E-01-5.67755492E-02-9.09246027E-02-2.09369890E-01-2.14513578E-01
25 13-5.78774244E-02-8.81719031E-02 6.16583086E-02 4.72897341E-02 4.72600135E-02
25 14 8.09286617E-02-5.49386426E-02-4.92182658E-02-1.12576986E-01-1.56179931E-01
25 15 8.58148126E-02 2.47924661E-02
26  1-1.91837379E-04 1.11708360E-03-2.03343437E-01-1.42389801E-01 8.49766816E-02
26  2-3.77962026E-03 4.37673729E-01 3.06698448E-01-1.82317313E-01 3.78448490E-03
26  3 3.73379623E-01 2.60032017E-01-1.59878737E-01 9.08602171E-04-3.88325809E-03
26  4-9.58132533E-02-6.82989367E-02 3.87607095E-02 4.19015263E-03-3.54251491E-02
26  5-2.48470264E-02 8.98969542E-03 1.88453247E-02-2.36632914E-02 6.55330831E-02
26  6 4.75985097E-02-8.55945750E-02-8.42910750E-02 8.40895517E-03 6.06966386E-02
26  7-6.44410911E-02-1.08424135E-02 1.06797769E-02-1.15191716E-01-3.73204048E-02
26  8-2.75519889E-02 3.96015704E-02-1.38177258E-01-3.75942589E-02-3.13706959E-02
26  9 8.41703626E-02 1.11809205E-01 3.23035071E-03 2.64121819E-03 4.94221917E-03
26 10-4.80474655E-03-3.32045872E-03 6.67094738E-02-1.40099986E-03-2.32709100E-02
26 11-4.89207602E-04 7.66822330E-02 3.49057165E-03-6.50607536E-03 6.53710597E-03
26 12 5.77171684E-02 3.15777547E-02 9.38569879E-04 2.52451348E-02 6.82655766E-02
26 13 3.54428152E-02 4.60955262E-04-3.02834223E-03-1.16534375E-03-1.39525063E-02
26 14-3.12208867E-03 4.38974188E-03 1.53190457E-02 5.00958173E-02 9.01248482E-02
26 15-3.15366259E-02-2.83535571E-02
27  1 1.84395326E-06-2.78023859E-05 1.73389379E-01-2.09514479E-01 4.65812860E-02
27  2-3.43100728E-04-3.73431465E-01 4.51237260E-01-1.00099641E-01 7.47597976E-04
27  3-3.19566533E-01 3.84669979E-01-8.57818581E-02 5.07281135E-04-4.62136617E-03
27  4 8.59123468E-02-9.36318044E-02 2.14560983E-02 1.63554555E-02 5.51994303E-02
27  5-3.93217907E-02 2.87679837E-04 9.96609506E-03-1.14228073E-02 9.28738170E-03
27  6 2.11635728E-02-5.80218843E-02-4.61001656E-02 1.86799354E-02 2.10034763E-02
27  7-5.41232366E-02-3.69427172E-03 9.35284982E-04-1.80313263E-02-2.93969172E-02
27  8-1.30808615E-02 2.71515557E-02-2.05096601E-02-3.71897012E-02-1.03885965E-02
27  9-6.44985007E-02-6.32755202E-02 9.80551666E-02 1.05630146E-01 7.06557894E-03
27 10-7.29913199E-03-2.39267405E-02 2.62896449E-02 4.05419930E-02-3.02377317E-02
27 11-2.71234991E-02 3.08209613E-02 4.86970644E-02-2.29839434E-03 1.67954824E-03
27 12 2.03704397E-02 1.14600860E-03-6.90749355E-03 1.24637013E-02 2.34374166E-02
27 13-1.01174615E-03-8.36623945E-03-1.68463750E-03-2.68935707E-06-2.53282194E-03
27 14-9.57532913E-03 8.93632275E-03 8.48554769E-03-5.75288729E-03-1.45364066E-02
27 15-1.46283221E-02-1.57666024E-02
28  1 1.65038407E-04-1.20019261E-03-1.65590843E-02 7.02909937E-03 4.26536796E-02
28  2-1.87755458E-03 3.58926104E-02-1.53334126E-02-9.29653434E-02 2.04499506E-02
28  3 2.74705673E-02-1.75632116E-02-8.92020238E-02 3.65366968E-03-9.57048643E-03
28  4-1.23729464E-02 2.85400347E-02 2.22979064E-02-6.11787485E-04-1.60289323E-02
28  5-5.17448828E-03-3.15276252E-02 9.34205956E-04 1.00811722E-03-4.00005366E-02
28  6-1.26036193E-02-5.57906596E-02 2.89993472E-03-1.62296841E-02-1.72834508E-02
28  7-3.05683317E-02 1.55060485E-03-5.70420269E-03 1.79637356E-01 9.40933439E-02
28  8-1.65335716E-02 3.06371225E-02 2.15283359E-01 1.26377785E-01-1.95291413E-02
28  9-3.89930258E-03-2.34310336E-02-3.42941506E-02-3.56503648E-02 3.89869868E-03
28 10-5.40232131E-03-4.71303174E-02-1.09529292E-01 2.09424934E-01-8.72901379E-03
28 11-5.73831245E-02-1.31194204E-01 2.46020482E-01-5.78168978E-03 2.94800900E-03
28 12 2.90469556E-01-1.07504276E-01-2.56137918E-01 3.83594646E-02 3.43482632E-01
28 13-1.30050502E-01-2.98620708E-01-5.47716957E-03-1.17201618E-03 1.10277883E-02
28 14-2.71113785E-02 6.47525547E-03-2.21957852E-02-5.32228108E-02-5.96361103E-02
28 15 1.94022704E-02-9.69115296E-02
29  1-2.79046703E-04 1.34350893E-03-2.55972778E-02 5.07315787E-03 4.65340454E-02
29  2-1.59661525E-02 5.64893368E-02-1.33321423E-02-9.83054043E-02 3.94066061E-02
29  3 3.95523796E-02-6.23857430E-04-1.16637274E-01 1.51986605E-02-2.12598203E-02
29  4-1.56136835E-02-3.54015843E-02 4.73197665E-02-5.75722871E-02-2.50441561E-02
29  5-4.49246953E-02-7.43620144E-03 1.01000095E-02-2.41692327E-02-2.97037785E-02
29  6-1.78877864E-02-8.62532925E-02 2.95790067E-02-3.61981955E-02 1.48689169E-02
29  7-5.92185383E-02-3.80860970E-03 8.00822029E-03 9.61035482E-02 1.08289868E-01
29  8 2.82925500E-01-1.97216366E-02 1.07857765E-01 1.27584152E-01 3.33051427E-01
29  9-8.84881106E-03-1.63032984E-02-5.20786849E-03 8.91555965E-04 1.12889541E-02
29 10-1.60685401E-02-6.83132344E-02 7.54784382E-02 2.94396030E-01-2.94798380E-02
29 11-7.71977871E-02 9.43211899E-02 3.44355463E-01 4.19627974E-03-7.05449970E-03
29 12-2.26308097E-01-2.06845237E-02 1.20897187E-01 6.18162793E-03-2.66434092E-01
29 13-3.77972425E-02 1.35428174E-01 1.23738749E-03 2.09896469E-03 1.92573583E-02
29 14-7.30667673E-02 1.01969944E-02-2.25614137E-02-5.85303248E-02-6.36332642E-02
29 15-2.20325848E-02 4.84383420E-02
30  1-2.12212068E-04 1.50726453E-03 5.80191513E-03 8.15668250E-03-3.18971083E-02
30  2 1.94793422E-03-1.23314807E-02-1.82639207E-02 7.01968361E-02-2.36828436E-02
30  3-1.12024313E-02-5.75762624E-03 7.32118329E-02-1.65153420E-02 2.47084482E-02
30  4 2.76127609E-02 1.99661137E-02-4.89780493E-02 8.81810654E-02 4.56923399E-02
30  5 7.70801153E-03 1.55168802E-02-1.63330292E-03-7.73724653E-04-4.99761185E-02
30  6-4.97594391E-02 7.37522970E-03 4.11680396E-02-6.24551224E-02 3.03455237E-02
30  7-6.21053961E-03 4.82586854E-03-6.24005422E-04 9.53559265E-02 1.10078158E-01
30  8 1.03688016E-01-5.03455804E-02 1.02113815E-01 1.41178307E-01 1.15900019E-01
30  9-5.35119763E-03-2.27765495E-02 1.80047130E-02-3.10119461E-02 6.23866226E-03
30 10-6.96798814E-03 1.23237129E-02 4.37964274E-01-1.06175384E-01-1.52629658E-02
30 11 9.28518234E-03 4.99388395E-01-1.18188601E-01-2.82491558E-03 7.37075349E-03
30 12 1.70784073E-01 1.04733990E-01-3.55087348E-02-2.08655104E-02 2.06830674E-01
30 13 1.31714865E-01-3.38722694E-02 8.00347888E-03 3.52911198E-03-1.91693153E-02
30 14 7.86665082E-02 6.56692970E-03-3.63336299E-02-5.98590418E-02-6.20738545E-02
30 15 5.96229239E-03-1.39163466E-03
 $END   
 $GRAD  
E=     -762.2876834048  GMAX=   0.0544752  GRMS=   0.0142064
CL          17.    1.4793260084E-04    2.9000187330E-04   -7.4739594649E-04
C            6.    8.5005557351E-04    1.3180499445E-03    6.7867812953E-04
C            6.    2.1917077320E-03    2.5637769454E-02    5.4475152977E-02
O            8.    2.4579321933E-03   -4.7129839618E-04    1.0201824338E-03
H            1.    8.0379671138E-05   -4.0618137686E-04   -1.4582641105E-04
H            1.   -2.7538578153E-04   -1.7335123750E-04   -1.9516999986E-04
O            8.   -5.7997700155E-03   -3.3385118701E-02   -5.3536594909E-02
O            8.    6.0955879624E-03   -1.8354134081E-03   -8.4192977609E-03
H            1.   -4.0132764480E-04    1.4333950514E-03    3.5994696664E-04
H            1.    1.3471099143E-03    3.6034598206E-03   -9.6847436524E-04
H            1.   -2.8922376499E-04   -1.5496044525E-04    5.2937686033E-04
H            1.   -4.5631919491E-04    2.8639083043E-03    6.1888424744E-04
H            1.   -5.9486789872E-03    1.2797391199E-03    6.3305378249E-03
 $END
-------------------- DATA FROM NSERCH=   4 --------------------
 COORDINATES OF SYMMETRY UNIQUE ATOMS (ANGS)
   ATOM   CHARGE       X              Y              Z
 ------------------------------------------------------------
 CL         17.0   3.1407302823   0.7147024442   0.4431260019
 C           6.0   2.7983034298   0.1349069190  -1.3286502490
 C           6.0   3.2947222401   1.1821061330  -2.2658568021
 O           8.0   2.5219168557   2.3023143661  -2.3011573289
 H           1.0   1.7203691059   0.0153159614  -1.3892083764
 H           1.0   3.3333674327  -0.7991809297  -1.4526473909
 O           8.0   3.1475582357   0.3292765000  -3.8441547376
 O           8.0   3.9230513204   2.8558040496  -4.5054236739
 H           1.0   3.4456449281   3.3323669250  -5.2209646467
 H           1.0   3.7030849696   1.8747800180  -4.5809104123
 H           1.0   2.1602029235   0.3812491391  -3.9570560771
 H           1.0   4.3711512692   1.3271118778  -2.2816299447
 H           1.0   2.9264373541   2.9047940167  -3.0073046579
--- CLOSED SHELL ORBITALS --- GENERATED AT 22:11:14 29-JUL-2026    
Chloroacetaldehyde hydrate and water                                            
E(R-WB97X-D)=     -762.2877574252, E(NUC)=  306.8179631997,    8 ITERS
 $VEC   
 1  1 9.85802741E-01 5.34287195E-02-2.15286707E-05-3.71898793E-05-1.72679642E-04
 1  2-1.87734228E-02 6.75780139E-05 1.13964646E-04 6.49213552E-04 1.02741879E-02
 1  3-2.44301740E-04-4.47776902E-04-1.80251576E-03-3.10906848E-05-4.20111346E-04
 1  4-5.68581843E-06-1.33917790E-05-1.50792888E-04 8.93901650E-04-4.28643553E-05
 1  5 4.23493891E-04-1.51055914E-03 9.19781337E-05 6.96631853E-04 6.23063065E-08
 1  6 1.42638398E-05 3.61594257E-04-2.39544247E-03 6.02899084E-04 1.41230880E-04
 1  7-1.67290552E-03-2.08476070E-05-1.60020371E-04-1.68753597E-05 2.63986941E-05
 1  8-4.68072280E-06 6.97955592E-04 1.68615868E-04-3.30857823E-04 2.15380518E-04
 1  9 1.49827089E-04-8.33833100E-04 2.00652035E-04-7.39967782E-04 9.54185469E-06
 1 10 9.15590868E-05 8.95766869E-06 9.35385869E-06 3.49682220E-05-2.86802720E-04
 1 11-4.55424552E-05-7.20473850E-05-1.75744435E-04-7.01876715E-07-7.58229077E-07
 1 12-3.98372983E-06-4.12810868E-06 2.86684332E-05 4.76850415E-05 6.56237503E-06
 1 13-2.10945486E-06-8.73230440E-05-3.09252607E-05 2.25562904E-05 5.05171946E-05
 1 14-2.08369563E-04 1.87659717E-06-8.52304093E-06 2.39158341E-04-1.90294857E-04
 1 15-2.06985606E-05 4.99977860E-05
 2  1 8.32732438E-06-6.48523837E-05-2.30672128E-05 6.78589069E-06 5.67584403E-05
 2  2 6.25939181E-04 1.57508704E-04-2.63130460E-05-3.41107684E-04-7.98408006E-04
 2  3-7.70644238E-04 2.28840326E-04 6.24622697E-04 1.61825759E-04 5.27699591E-04
 2  4-5.07951881E-04-5.47821932E-04 4.47243418E-04-5.06442150E-03 4.49523377E-03
 2  5-3.53798980E-03 1.54596757E-03-7.41827960E-04-3.04592708E-03-6.09337885E-04
 2  6 2.34453230E-03 5.27266762E-05 2.16905794E-02-1.13922262E-02 8.86789414E-03
 2  7-8.28715951E-04 9.82648780E-01 1.05555492E-01 3.18667964E-03-1.70695068E-03
 2  8-1.72060090E-03-5.39696312E-02-8.79920847E-03 7.23959826E-03 3.96471928E-03
 2  9 9.22507035E-04 2.06531598E-03-6.62075640E-04-4.27089905E-04 7.50566508E-03
 2 10 1.89719726E-03-3.52261149E-04 5.15490273E-04 3.31462793E-04-2.99990229E-03
 2 11 1.46661970E-03-2.34773124E-03-1.77424035E-03 4.89692893E-03 1.38216232E-03
 2 12-2.51460124E-04-3.45528077E-05 6.25554274E-04-1.84849564E-03 9.40322285E-04
 2 13 2.10845913E-04-2.19751968E-03 1.95637354E-04-7.96219736E-04 4.47938640E-04
 2 14-6.29236505E-04 8.99891803E-04-8.17051849E-04-8.10738376E-04 8.47015692E-04
 2 15 3.08907054E-03 6.76542575E-03
 3  1-6.59031653E-06 4.15029024E-05 7.11583628E-06 3.02865096E-05-3.83769448E-05
 3  2-7.94282667E-04-4.05536503E-05-1.75161595E-04 2.88004854E-04 1.43954576E-03
 3  3 1.34166161E-04 4.92514420E-04-1.35532483E-03 2.13977504E-04 7.79295659E-04
 3  4-9.01726301E-05-1.66865991E-04 7.67871804E-04-6.66944229E-03-1.19776745E-03
 3  5-1.95343362E-03 2.48252855E-03-9.30886876E-04-5.24172141E-03-1.35716778E-04
 3  6 8.70843766E-04 5.35172786E-04 1.77676553E-02-2.17733187E-03-5.24842880E-03
 3  7-5.42893388E-03-7.32984550E-03 3.98616228E-04-7.93822555E-05-4.17118513E-04
 3  8-3.93061102E-04-3.28649559E-03-3.15605992E-04 2.88694435E-03 1.89553941E-03
 3  9 7.38529981E-04-1.03678721E-03 2.65087073E-04 3.91841072E-04 9.82172729E-01
 3 10 1.02546444E-01-2.22205706E-03 1.70731141E-03 1.29499119E-03-4.26873810E-02
 3 11 4.47718933E-03-4.72047784E-03-4.14140065E-03 2.06204775E-02 3.20908970E-03
 3 12-4.59315200E-05-6.06526610E-04-2.29084603E-05-4.04669777E-03 2.42231316E-04
 3 13 2.65849049E-03 3.51993484E-05 3.53338430E-04-1.15871947E-03-1.83823692E-04
 3 14 5.81120930E-03 3.28553724E-03 6.08367416E-03-1.27957660E-03-1.86827689E-03
 3 15 4.97751448E-04-1.11016420E-03
 4  1-8.98822475E-08 9.92055994E-07 6.69019424E-06-2.20906263E-06-1.39215799E-06
 4  2-2.14953906E-06-3.42666907E-05 9.69855056E-06 9.32906374E-06-2.83262771E-05
 4  3 5.16033219E-05 3.31754329E-06 1.46962349E-05 7.61702378E-07 5.15058704E-05
 4  4-4.63699172E-05 4.76950501E-05-6.86450576E-05 8.45531253E-05 1.77291547E-04
 4  5 3.89513146E-05 2.25169502E-05 6.58047588E-05 4.09295018E-04-1.95302091E-06
 4  6-1.14863146E-04 1.01873551E-06-1.49420580E-03 4.79013133E-04-4.71229425E-04
 4  7 2.26967239E-04-4.56472116E-03 3.98196002E-04 3.51907675E-05 4.18501836E-04
 4  8-2.40008956E-04-2.41763187E-03-3.21961046E-04-1.85712717E-03 1.32082302E-03
 4  9-3.73971959E-05 2.76800560E-04 4.46643717E-05-1.84520916E-04-2.04491087E-02
 4 10-1.14872683E-03 3.78520173E-04 5.54436537E-04-4.13041708E-04-1.08263059E-03
 4 11-1.23938168E-03-2.02682204E-03 1.38941026E-03 9.82146145E-01 1.02726890E-01
 4 12-2.25645705E-03-1.34001076E-03-1.70812016E-03-4.33764686E-02 4.78037540E-03
 4 13 3.44588024E-03 3.26848454E-03 2.96146205E-03 6.08446944E-03 2.34566093E-03
 4 14 9.54318353E-03 4.92788582E-04-1.48521710E-03 1.36582885E-04-4.72121381E-04
 4 15-4.41797112E-04 5.11873134E-03
 5  1 7.89399147E-05-1.01387638E-04-6.66794344E-06 5.27465042E-05-2.18533968E-04
 5  2-2.41753636E-03 5.33253691E-05-3.52285179E-04 1.50982089E-03 3.23165062E-03
 5  3-5.16515488E-04 1.25786909E-05-2.52040403E-03-9.10307173E-03-4.03257598E-03
 5  4-3.27030363E-04-5.39543046E-04 1.56700245E-04 2.57202328E-02 5.91147685E-03
 5  5 1.07454344E-02-1.21810536E-02 9.86485079E-01 1.10045768E-01-3.26192125E-04
 5  6-8.82602174E-04-4.29376422E-04-8.26768593E-02 1.66382235E-03 1.19255328E-02
 5  7-4.70629939E-03 2.00737972E-05-2.53450861E-04 3.14208795E-04 3.86154396E-04
 5  8-1.78018612E-04 6.89595402E-03-1.07909652E-03-2.76215621E-03 1.07637727E-03
 5  9-1.41227663E-03 1.66135685E-03-1.56908837E-03 1.20241667E-03-3.63767575E-04
 5 10-2.56726576E-03-1.41983299E-04-1.84146130E-04-5.09499291E-04 8.91050937E-03
 5 11 9.00606047E-04 3.01065975E-03 6.82097193E-03 2.60770941E-05 2.15121888E-04
 5 12 5.37530180E-05 1.13371398E-04-3.24443762E-05-7.80244891E-04-2.89338602E-05
 5 13-1.93746448E-04-1.35633441E-04 2.84285739E-04-5.13275171E-04-4.16079166E-04
 5 14 1.06053539E-03-1.39091266E-03 3.56926331E-03-6.18651664E-04 1.59481184E-02
 5 15 2.17216311E-04 2.67386312E-03
 6  1-2.71006548E-05-1.63657884E-04 6.23925018E-05 1.03125737E-04 3.36699817E-04
 6  2-2.13121470E-03-3.62498927E-04-6.00697518E-04-1.90964991E-03 1.28364048E-02
 6  3-1.33602419E-03-2.18100310E-03-8.55814243E-03 9.86478821E-01 1.11875716E-01
 6  4 3.49603042E-04 6.74593865E-04 1.10666312E-03-9.06619374E-02-2.76872874E-03
 6  5-6.05039068E-03 2.59849207E-03 8.55342704E-03-1.86533384E-03 4.09981316E-04
 6  6 5.07163958E-04-9.62169219E-05 2.35116124E-02-5.45047928E-03-1.03597087E-02
 6  7 9.07063282E-03 3.67186482E-05-9.02105281E-06-2.80768834E-05 4.93652003E-04
 6  8-3.19216951E-04-1.30482834E-03 1.04165684E-05-3.80375210E-04 5.04438732E-04
 6  9-8.93943663E-05 1.54834656E-02-1.60657677E-04 1.54637942E-02 1.86212474E-05
 6 10-3.53861609E-05 1.88531777E-04 1.87005596E-04-3.20350400E-04-5.73915501E-04
 6 11-5.97672662E-04-6.25047293E-04 1.51737980E-04 1.43406571E-05 9.77287941E-05
 6 12-3.44738908E-05 5.74757145E-05-1.44844466E-04-5.39735335E-04 1.79770624E-04
 6 13-7.15984001E-05 4.43382709E-04 3.17480839E-04-2.66870062E-04-2.31853478E-04
 6 14 1.31866561E-03-3.94106239E-04-5.00024691E-05-1.12756085E-03 1.34546604E-03
 6 15 4.55903332E-04 1.28658190E-03
 7  1-3.05121857E-01 9.77071272E-01-1.56361858E-03-2.81272690E-03-8.44504896E-03
 7  2 1.54285878E-01-6.70184687E-04-1.15758477E-03-5.20762603E-03-6.77089376E-02
 7  3 1.73078415E-03 3.15180735E-03 1.20293883E-02-2.54480407E-05 1.71948168E-03
 7  4-4.22288589E-05-2.38432393E-05 4.86097989E-04-3.12517509E-03 6.00135661E-04
 7  5-1.95164967E-03 9.96822935E-03-1.14100434E-04-3.70802662E-03 1.29457702E-05
 7  6-1.07134708E-04-2.07628513E-03 1.31899817E-02-3.55744070E-03-7.24565279E-04
 7  7 9.68287039E-03 1.06891270E-04 7.80053606E-04 7.20996422E-05-1.46185100E-04
 7  8 3.32053857E-05-3.82329626E-03-9.06743021E-04 1.88500382E-03-1.23635019E-03
 7  9-9.58827257E-04 5.03259477E-03-1.25056831E-03 4.43441964E-03-5.64098523E-05
 7 10-5.13075453E-04-4.81712014E-05-4.52851282E-05-2.14728084E-04 1.73662220E-03
 7 11 2.67709643E-04 4.23476876E-04 1.18617832E-03 4.49420289E-06 1.28820092E-05
 7 12 2.06079754E-05 1.67272117E-05-1.39239960E-04-2.89101309E-04-3.86947318E-05
 7 13 3.77499861E-05 4.64965462E-04 1.63059404E-04-1.40184864E-04-2.75759702E-04
 7 14 1.21860805E-03-6.59549177E-05 1.88499839E-04-1.31403692E-03 1.32356233E-03
 7 15 7.50928683E-05-2.71034067E-04
 8  1-3.22035181E-03 1.09036133E-02 1.70562050E-01 2.89887914E-01 9.10557696E-01
 8  2-3.23090646E-03 1.56480477E-02 2.65633064E-02 8.47688390E-02 4.82529479E-03
 8  3-5.10127932E-03-8.74991202E-03-2.92373800E-02-6.88652210E-04-4.44210966E-03
 8  4-3.85917247E-05-1.21187911E-04-4.37012151E-04 9.59563022E-03 9.10996782E-04
 8  5 3.50252092E-03-3.37332382E-03 4.15709550E-04 2.88898161E-03 3.73884737E-05
 8  6 8.71425700E-05 8.38357392E-04-1.21263613E-02 2.24110929E-03 1.51180951E-03
 8  7-7.79615165E-03-7.21294120E-05-4.44351513E-04-7.30196163E-05-3.12845661E-05
 8  8 2.72940754E-05 2.55674143E-03 7.38142932E-04-9.59248674E-04 6.76061568E-04
 8  9-2.51392191E-04-3.92798383E-03-5.06037895E-05-3.54435346E-03 2.35816735E-05
 8 10 1.74255794E-04 2.68448921E-05 8.18620440E-05-1.17260694E-05-8.82334189E-04
 8 11-1.44686072E-04-4.41806784E-04-1.98733515E-04-4.24684014E-06-1.74916180E-05
 8 12-6.31121571E-06-2.33982069E-05 1.00139558E-04 2.45714221E-04-4.92097305E-06
 8 13 1.12309534E-05-3.38253137E-04-1.41556364E-04 1.18830015E-04 2.27457855E-04
 8 14-9.33423781E-04-1.74009513E-04 3.74491548E-04 1.00268614E-03-3.32154854E-04
 8 15-1.37903861E-04-7.65954223E-05
 9  1 2.07192341E-05-1.15402037E-04 5.59069648E-01 7.20866949E-01-3.34031561E-01
 9  2 4.25232033E-04 5.01170402E-02 6.46675891E-02-3.04347404E-02 2.39210936E-04
 9  3-1.57102842E-02-2.03244206E-02 9.32992441E-03 2.52767875E-05 1.56354043E-04
 9  4-3.14363538E-05 3.60213674E-05 5.27184954E-04-8.30590458E-04 7.25434624E-04
 9  5-5.33967041E-04-2.22465226E-03-1.71330743E-04-1.39697795E-03-3.64242415E-05
 9  6-1.87096322E-04-9.62089695E-04 2.93933289E-03-5.11384121E-04 2.01836984E-03
 9  7 4.54620525E-03 4.26143896E-05 2.46868395E-04 9.89811445E-05 1.59654085E-05
 9  8-5.72174925E-05-1.63031545E-03-7.79638823E-04 4.71692361E-04-3.50977219E-04
 9  9 5.81492999E-04-1.56062709E-03 1.32426568E-04-1.18184581E-03-3.84810475E-05
 9 10-2.88292003E-04-6.06974534E-05-9.15104286E-05-8.33612332E-05 1.12179693E-03
 9 11 2.89836548E-04 5.39158380E-04 7.10702269E-04-1.16836093E-06-1.34246616E-05
 9 12 2.19799667E-05 6.10234190E-06-2.66309863E-05-1.98118910E-05-6.90888163E-05
 9 13 9.23121516E-07 1.02254373E-04 1.23454668E-05-2.32057270E-05-6.30644487E-05
 9 14 2.77047172E-04-8.42165166E-05 4.08137027E-04-9.40771336E-04 1.24964584E-03
 9 15 1.76699033E-04-2.51108382E-04
10  1 2.24034805E-05-6.73715563E-05 7.76035167E-01-5.83170489E-01 4.02668849E-02
10  2-4.19261645E-05 6.93960604E-02-5.21791669E-02 3.68269773E-03-1.07116434E-04
10  3-2.11683745E-02 1.60562296E-02-1.09020309E-03-1.35781772E-06-2.20888773E-05
10  4-6.40592969E-05 2.39566405E-05-9.21946373E-05-1.88241210E-04 1.57259458E-03
10  5-1.09726289E-03 5.61944353E-04 4.27008012E-05 4.73617633E-04-5.85782161E-05
10  6 1.99088161E-04 9.95048304E-05-1.26546689E-03-7.37897168E-04-7.97719327E-04
10  7-2.30702042E-04-2.43848585E-06 5.14665181E-05-2.96555888E-05-5.82412848E-05
10  8 2.90893261E-04 2.69398519E-04 2.60870874E-04 1.25415184E-04-8.37725622E-04
10  9 6.57441336E-04-1.44419004E-03-7.68750975E-04 1.72821135E-03 8.08045431E-06
10 10 7.81707183E-05 2.74304959E-05-3.81898604E-05 4.11200814E-05-2.55043671E-04
10 11-6.31402198E-05 1.19393223E-04-1.66063546E-04-4.83502861E-06-4.22825624E-05
10 12 1.10502645E-05 8.75167829E-06-1.00849112E-05 1.30468660E-04-4.41526562E-05
10 13-4.96022768E-05 4.07934727E-05-2.04783189E-05 5.29102775E-05 3.39378638E-05
10 14-1.82396865E-04-1.08446982E-04 2.16152155E-04-1.27028787E-04 1.45578016E-03
10 15-1.95130237E-04-1.87866148E-04
11  1 2.12695157E-03-1.20560734E-02 5.23862744E-04 7.89512484E-05 3.67136002E-03
11  2 1.51975763E-02-1.04407762E-03-3.77572193E-04-6.63895380E-03 5.30699946E-03
11  3 2.42521121E-03 1.63712359E-03 9.13762210E-04-2.22416003E-02 1.97508802E-02
11  4 3.79197186E-03 1.96701745E-02-1.27209453E-02 4.10373229E-02-2.03403670E-02
11  5 1.60028173E-02 4.43603455E-03-9.54432922E-02 1.04007873E-01-6.02912700E-02
11  6 8.29141449E-02-3.66701141E-03 1.43979795E-01 1.96315710E-02-1.61583409E-02
11  7 1.30539893E-03-2.08604672E-01 1.91274323E-01 8.47983028E-02-4.77172723E-02
11  8-4.11576073E-02 6.48848657E-01 9.46106220E-02-5.44302640E-02-4.84780277E-02
11  9 4.94298311E-03-8.60214054E-03 7.63744559E-03 3.00470889E-03-3.51930217E-02
11 10 3.29291564E-02-1.09612690E-02 9.58601546E-03 1.00440205E-02 9.97363018E-02
11 11-1.58874964E-02 1.45238092E-02 5.62870480E-03-2.56798839E-02 2.17396785E-02
11 12-8.59389693E-03-5.38297806E-03-2.33968776E-03 7.99516987E-02-1.21960943E-02
11 13-7.29461935E-03 4.75806061E-03 1.02908407E-02 4.26853012E-03 1.38852645E-02
11 14 5.00520458E-03 1.66917470E-02 5.04372483E-03 2.43170607E-02-1.50806688E-02
11 15 8.41261011E-02 8.89518815E-03
12  1-6.67662996E-04 3.81589293E-03-1.70444145E-04-3.53908814E-05-9.51640706E-04
12  2-5.03114774E-03 3.83802044E-04 1.39898718E-04 1.89631664E-03-1.98441577E-03
12  3-6.72222741E-04-6.49834716E-04-1.28098887E-04 3.25260638E-03-4.76569830E-03
12  4-1.97825772E-04-3.76465835E-03 3.96711560E-04 7.07160502E-03 6.41394624E-03
12  5 2.18842329E-03-7.25882477E-03 1.15308639E-02-1.33277489E-02 1.22126979E-02
12  6-1.96476348E-02-6.71548058E-03-2.27383820E-02 2.53809023E-03 1.31041544E-02
12  7-1.68830226E-02 3.61187913E-02-3.30470378E-02-1.25507455E-02 1.11014823E-02
12  8 1.17240516E-03-1.21329439E-01-1.59327873E-02 8.90647042E-03 3.18284204E-03
12  9-1.36333782E-03 1.36962106E-03-1.61662245E-03-9.53370370E-05-3.23400696E-02
12 10 2.89301680E-02-9.76735578E-03 6.90898715E-03-8.44840464E-04 1.01396133E-01
12 11-6.77103890E-03 1.15955325E-02-2.27183448E-03-2.24020674E-01 2.09460385E-01
12 12-6.43521985E-02-3.41503308E-02-6.38686508E-02 6.91651155E-01-6.54877685E-02
12 13-3.85384291E-02-6.11093560E-02 1.16850405E-01 2.57747264E-02 1.07209631E-01
12 14 1.61122135E-02 1.59175315E-02 6.50125605E-03-3.17487230E-03 6.90554744E-03
12 15 2.49248864E-03 9.86880113E-03
13  1 1.83856804E-03-1.05587924E-02 2.22777622E-04 6.95067367E-04 2.56342743E-03
13  2 1.41097101E-02-3.74209405E-04-1.11709566E-03-5.70816522E-03 8.76494674E-03
13  3-9.62203338E-04-1.71237920E-03-4.08971895E-04-1.89064179E-02 1.66757039E-02
13  4 4.49880470E-03 3.68917839E-03-1.27081164E-02 4.60484574E-02 3.36967046E-03
13  5-5.47555458E-03-1.30614821E-02-2.32551173E-02 2.75355112E-02 6.42547401E-03
13  6-5.03324203E-02-3.16102931E-02 6.20575806E-02-4.59850214E-03-1.16316271E-02
13  7-1.27756517E-02 4.94034586E-02-4.69320863E-02-1.74358648E-02-6.14947477E-03
13  8 9.37728246E-03-1.62601189E-01-2.03224515E-02-8.21647333E-04 5.76495176E-03
13  9 6.46676476E-03-1.45494675E-04 7.07674823E-03-1.34233718E-03-2.21418152E-01
13 10 2.10311535E-01-8.60188007E-02 2.34157907E-02 1.63684541E-02 6.85537867E-01
13 11-8.01852453E-02 2.68289643E-02 2.17922268E-02 4.02350834E-02-3.66286022E-02
13 12 1.16414147E-02-5.06292826E-04 1.18848442E-02-1.31032019E-01 1.20164772E-02
13 13 3.18640350E-03 1.14125957E-02-2.30004693E-02-6.65545816E-03-1.25703553E-03
13 14 1.21545645E-02 1.29104797E-01 2.96406333E-02 1.11856063E-02 3.49595322E-03
13 15-2.92920977E-02-8.73977639E-03
14  1 6.16695235E-02-3.55727327E-01 7.79766465E-03 1.34277284E-02 4.52589050E-02
14  2 4.54216902E-01-1.58724912E-02-2.69977321E-02-9.14657646E-02 3.02555181E-01
14  3-7.47836581E-04-2.94582310E-03-7.73988903E-03-1.30499966E-01 1.12974971E-01
14  4 1.82136813E-02 3.17764462E-02 3.43004542E-02 3.98212071E-01 1.95305220E-02
14  5 3.13999697E-02 3.96878142E-02-4.42219132E-02 5.20245158E-02-5.01256691E-03
14  6-5.01630879E-02 5.86025388E-02 6.24338874E-02 8.33043093E-03-1.61181003E-03
14  7-5.47364120E-03 3.31548040E-02-3.06212038E-02-9.48729832E-03-2.07319417E-02
14  8 2.46565089E-02-1.15510469E-01-1.18481686E-02-1.09221753E-02 2.25848576E-02
14  9 5.37255391E-02-1.43379012E-02 5.40811063E-02-1.62413904E-02 2.85270021E-02
14 10-2.61013213E-02 1.41776255E-02-2.43469661E-03 8.76437406E-03-9.59336078E-02
14 11 1.25450746E-02-6.45928896E-03 2.48186807E-03-6.35306568E-03 5.92754448E-03
14 12-9.31292522E-04 4.12222590E-04-4.15268716E-03 2.25618500E-02-3.15252705E-04
14 13-3.91420599E-04-5.57213386E-03 4.37329552E-03 2.28829389E-03 1.25423213E-03
14 14-7.38334242E-03-1.90538688E-02-7.22678119E-03 2.17500844E-02-5.62302664E-03
14 15-2.70739717E-02-1.24248848E-02
15  1 5.04883996E-02-2.93991139E-01 3.77744032E-04 9.93905403E-04-1.01356151E-02
15  2 3.62720807E-01-1.47026848E-03-3.96044308E-03 1.82532746E-02 3.49531257E-01
15  3-3.96330680E-03-4.86278533E-03-1.69791883E-02 1.18779910E-01-1.23440683E-01
15  4-1.70319199E-02-3.30254548E-02 1.10385487E-01-3.16406037E-01-4.42771080E-03
15  5 9.73654755E-04 3.28872699E-02 1.18067639E-01-1.22791422E-01 9.88913507E-03
15  6 8.03396844E-02-7.40133589E-02-3.14651265E-01-2.44103013E-03 3.86533007E-02
15  7-3.14877755E-02-4.85935754E-02 4.35066355E-02 6.45822805E-04 7.84165274E-02
15  8-4.88553602E-02 1.90881243E-01 7.39124755E-03 5.22268801E-02-3.88397001E-02
15  9-6.50513465E-02-4.18727111E-03-6.79105146E-02-2.40130851E-04-3.82228099E-02
15 10 3.41767792E-02-2.93386539E-02-3.30112768E-03-3.79122933E-02 1.38494146E-01
15 11-2.41236461E-02 2.45794587E-03-1.95476730E-02 5.68439753E-03-5.23479853E-03
15 12-1.10414557E-03-1.16823634E-03 7.69026582E-03-2.22269467E-02-2.44816241E-03
15 13 6.95132935E-04 7.70812258E-03-5.85469725E-03-3.59952635E-03 2.47068309E-04
15 14 9.19167806E-03 3.28487827E-02 2.38754058E-02-6.36058006E-02 2.07029667E-03
15 15 6.13236640E-02 3.32979752E-02
16  1 1.75240276E-02-1.03069678E-01-1.42779184E-02-2.21125320E-02-2.74100094E-02
16  2 1.27040815E-01 2.86079068E-02 4.49271561E-02 5.32742716E-02 1.54076920E-01
16  3 1.37063495E-02 1.82380850E-02 1.02264792E-02 1.15780180E-01-1.03725659E-01
16  4 7.81635382E-02 1.17406708E-01-2.41075967E-02-4.43795239E-01 3.46266952E-02
16  5 4.29843649E-02-3.02246999E-03-1.30219387E-01 1.31881330E-01 8.77869838E-02
16  6 7.40354935E-02-5.80689310E-03 4.57008146E-01 6.78400673E-02 5.91720810E-03
16  7 1.35231147E-02 5.14520356E-02-4.71769747E-02 6.60450701E-02-1.42893267E-01
16  8 6.49707067E-02-2.10492618E-01 5.27644297E-02-1.17343277E-01 5.48394840E-02
16  9-1.20774252E-01-4.28191488E-02-1.05237106E-01-3.60452592E-02 1.23952940E-02
16 10-1.02414121E-02 4.81739911E-02 2.98631438E-02 3.78676477E-02-5.30424217E-02
16 11 3.80046323E-02 2.36880333E-02 2.23463072E-02-8.10523304E-04 7.68997199E-04
16 12 7.63164502E-03-1.58876239E-02-1.93973727E-03 4.58267580E-03 9.11512272E-03
16 13-1.47529563E-02-8.83713939E-05-5.08928495E-03-3.25874450E-03 1.27166397E-02
16 14 6.61333782E-03-3.70399074E-02-3.32079194E-02 1.37928644E-01 3.46471889E-02
16 15-8.74717440E-02-6.39433019E-02
17  1-1.82066789E-03 1.07577818E-02-1.31659886E-02 1.28592691E-02 4.70364404E-03
17  2-1.19247125E-02 2.70794228E-02-2.61117304E-02-9.94916379E-03-1.95438457E-02
17  3 1.56266797E-02-1.57721654E-02-6.08973227E-04-1.45357112E-02 1.00000745E-02
17  4 1.14127430E-01-9.81280667E-02 8.16372556E-03 8.22766486E-02 1.04976918E-01
17  5-6.94735419E-02-4.87434702E-03-1.31135351E-02 6.19922985E-03 2.57068072E-01
17  6-7.90495176E-02-5.30195280E-02 6.50219987E-02 1.68792715E-01-3.15538824E-03
17  7-5.95579955E-02 1.38230093E-02-1.49646579E-02 4.56953620E-02 2.44739828E-01
17  8-1.45697477E-01-5.15690137E-02 4.15759255E-02 2.19194502E-01-1.32270849E-01
17  9-4.44491998E-02-2.05728311E-02 8.29710275E-02 3.10913635E-02-1.02139159E-03
17 10 2.26708055E-04 7.65232326E-02 1.87336545E-02 3.13478854E-02 3.37861851E-03
17 11 6.67823978E-02 1.45786313E-02 2.40711978E-02 7.38986739E-03-9.34386859E-03
17 12 3.14688598E-03-5.81044006E-02 7.36627931E-02-2.37557424E-02-1.66110336E-03
17 13-5.06701205E-02 7.52877270E-02-5.77363563E-02-3.60594413E-02 3.34089234E-02
17 14 2.72179679E-02-5.15355442E-02-3.58742638E-02 1.34726691E-01 6.67074501E-02
17 15 1.56049546E-01 1.01399188E-01
18  1 1.14195265E-03-6.80917409E-03-1.53358996E-02-4.57237883E-03-2.42077499E-03
18  2 7.92453635E-03 3.19454610E-02 9.44491069E-03 4.33567491E-03 1.66366684E-02
18  3 1.81825940E-02 4.91378099E-03-1.48781839E-03 8.83642701E-03-4.98230116E-03
18  4 9.62752584E-02 1.06110870E-02-2.58363350E-02-6.97518340E-02 6.84875366E-02
18  5-1.51996449E-02-1.82516779E-02-9.37967893E-03 1.04024446E-02 6.33877168E-02
18  6-5.70034995E-02 3.76154845E-02 4.68480657E-02 2.68472481E-02-5.39383475E-02
18  7 6.47881177E-02-1.27900152E-02 1.17889084E-02-1.11124114E-02 8.43232485E-02
18  8-1.38865719E-03 5.27663369E-02-9.00057135E-03 7.94058255E-02 2.09480543E-04
18  9-6.15448713E-02-3.25375192E-02 1.74150361E-02 8.69218710E-03-8.00776181E-03
18 10 1.00319148E-02-4.45394819E-02-5.87123742E-02 2.41061172E-02 2.89073670E-02
18 11-4.26891216E-02-6.32432399E-02 2.78820517E-02 2.51054968E-03-9.90163952E-04
18 12-6.24807523E-02 3.39207663E-01-1.49119118E-01-1.35721856E-02-5.36925067E-02
18 13 3.09619987E-01-1.36277774E-01 2.07145281E-01 1.52244142E-01-2.03462229E-01
18 14-1.62450375E-01 2.98184641E-02 1.94978517E-02 3.42906073E-02 1.10883657E-02
18 15 2.73289183E-02 3.19598038E-02
19  1-3.49289135E-03 2.07260572E-02-3.25926095E-02-3.01838123E-02 4.50004638E-02
19  2-2.32069740E-02 6.87280558E-02 6.26445851E-02-9.51186501E-02-4.33003386E-02
19  3 4.48140012E-02 4.88835585E-02-5.29259315E-02-1.90502366E-03 3.25736874E-03
19  4 2.07951852E-01 1.92143404E-01-5.70835311E-02-2.28762675E-02 1.67538995E-01
19  5 1.45402789E-01-2.64337661E-02 1.63069003E-02-1.52833630E-02-2.73806255E-02
19  6-1.74635786E-01 2.21993542E-01-7.47270047E-02-4.87059349E-02-8.19612753E-02
19  7 1.83587981E-01-3.97776642E-02 3.85115742E-02-1.23166781E-01 1.34280804E-01
19  8 1.02642722E-01 1.52958445E-01-1.23901134E-01 1.38381604E-01 1.01302198E-01
19  9-1.40772106E-01-8.98587277E-02-3.63993540E-02-2.61273733E-02 8.78850653E-05
19 10 3.98656879E-04-7.51022939E-02-5.06418700E-02-7.80940436E-02 3.47535064E-03
19 11-6.25612599E-02-4.64478182E-02-7.36482764E-02-6.26970919E-03 6.89986670E-03
19 12 2.52902432E-02-1.13865900E-01 3.57788495E-02 2.30807027E-02 2.60122428E-02
19 13-1.05926558E-01 2.27057448E-02-6.43105795E-02-5.32997930E-02 6.13075287E-02
19 14 4.70484183E-02 5.56364707E-02 4.59960055E-02-4.60514120E-02-2.01803444E-02
19 15 9.00801900E-03 3.21810744E-02
20  1-1.28772311E-02 7.63269116E-02 8.13466952E-04 4.90118008E-02 9.23521790E-02
20  2-9.60868460E-02-1.88537904E-03-1.03815529E-01-1.93883750E-01-1.36420439E-01
20  3 4.98932579E-03-5.53148709E-02-1.09566368E-01-1.30923178E-02-1.73751384E-03
20  4 8.28764395E-02-1.26963605E-01 1.94052941E-01 1.16253467E-01 7.68933962E-02
20  5-7.53983173E-02 1.48273035E-01 2.19987326E-02-1.31243844E-02 1.03988011E-01
20  6 2.43743572E-01 5.73923817E-02-1.15169668E-01 1.19784155E-01 1.77823756E-01
20  7 6.88357803E-02-8.32607015E-04-1.30257184E-03 1.41524119E-01-7.22542760E-02
20  8 1.43567953E-01 1.92608196E-02 1.42213894E-01-7.82146405E-02 1.43657026E-01
20  9-4.27498009E-02-3.34187603E-02 9.22767209E-02 5.75922051E-02-9.32643248E-03
20 10 9.01699467E-03-8.82774479E-02-3.28471993E-02-1.52526935E-01 4.34877717E-02
20 11-8.01492455E-02-3.26258222E-02-1.42551291E-01 1.01573107E-04 1.29063079E-03
20 12 1.17267550E-02-7.93509755E-03-2.54835735E-02-3.67300108E-03 1.53948516E-02
20 13-4.82257406E-03-2.80471978E-02 6.62307306E-03 2.41688563E-03 6.97313855E-03
20 14 1.15417209E-02 7.45151398E-02 6.45756990E-02 6.01880536E-02 2.78294625E-02
20 15-6.66205217E-02-6.74490654E-02
21  1 6.93327156E-03-4.11298197E-02-6.01482829E-02 2.72528196E-02-6.34468183E-02
21  2 4.86781674E-02 1.26780084E-01-5.72283256E-02 1.34648641E-01 8.03907966E-02
21  3 8.00469298E-02-4.37551278E-02 7.41898303E-02 7.53926775E-03 5.47745035E-04
21  4 2.39554105E-01-2.14850295E-01-7.53585652E-02-6.67703114E-02 2.18925206E-01
21  5-1.95852909E-01-5.75175966E-02 6.81051414E-03-8.86384476E-03-1.27012663E-01
21  6-5.84423513E-03-7.49815519E-02-1.55711334E-02-1.32369516E-01-3.91250876E-02
21  7-5.39554190E-02-2.25733911E-02 1.97910600E-02-6.31516449E-02-1.54170538E-01
21  8 1.10191477E-03 9.92335346E-02-5.73496072E-02-1.50539813E-01-3.76223280E-03
21  9-1.43270504E-01-7.83103556E-02 2.00848533E-01 1.32471591E-01 5.96096133E-03
21 10-6.53434470E-03 2.83695947E-02 1.45821739E-02 5.70526338E-02-2.46777133E-02
21 11 2.68475765E-02 1.61773078E-02 5.44852159E-02 4.47673225E-04 2.95813745E-04
21 12 1.03962844E-02-4.14628242E-02-2.87771161E-02-2.71065581E-03 1.03633346E-02
21 13-4.21863979E-02-3.32179686E-02-4.97099888E-03-5.67345231E-03 2.35409980E-02
21 14 1.87130456E-02-2.81150806E-02-2.46967034E-02-8.63543572E-02-4.31405433E-02
21 15-7.44704834E-02-6.91001992E-02
22  1-4.29457497E-03 2.54839651E-02 2.13088234E-02 1.42908486E-02 4.73842186E-02
22  2-3.53609232E-02-4.44458970E-02-3.20644605E-02-9.88829181E-02-4.42669669E-02
22  3-3.23645358E-02-1.01642188E-02-6.88166695E-02 2.77670974E-03-6.19115420E-03
22  4-1.08836780E-02 6.38742421E-04 8.04202833E-02-2.95161599E-02-4.24979331E-02
22  5 3.47933601E-02 8.29420380E-02 2.81912662E-02-3.82726082E-02 2.17959596E-02
22  6-9.35364585E-03-1.09318322E-02-5.00594473E-02 3.81813589E-02-5.88804612E-02
22  7-8.39522788E-03-4.71113226E-02 3.95923733E-02-1.04622902E-01 2.51386098E-02
22  8 1.36838426E-01 2.27287992E-01-1.05387547E-01 2.54272938E-02 1.55937887E-01
22  9-1.30815489E-03-1.51288180E-02-1.28985162E-02 2.96855260E-02-7.98187016E-02
22 10 6.96307677E-02 3.52016141E-01-1.00706340E-02 8.45094154E-03 3.45368192E-01
22 11 3.47724024E-01-1.95895537E-02-7.67907617E-05 1.78442678E-02-9.56133214E-03
22 12-9.37529872E-03 1.75136198E-03-1.02043014E-01-1.00079958E-01-2.94655077E-04
22 13 1.20790569E-02-1.12734023E-01 4.87968792E-02 2.24456992E-02 1.61663460E-02
22 14 7.06788741E-02-2.09657849E-01-1.76144545E-01-1.49609954E-02-4.85043263E-03
22 15-6.39654420E-02-6.01020302E-02
23  1 8.55106048E-03-5.10570616E-02-7.02975547E-03-5.08739572E-02-1.57340397E-01
23  2 4.78829219E-02 1.62817695E-02 1.07736416E-01 3.36734866E-01 1.52840698E-01
23  3-1.05001410E-03 7.21481965E-02 1.92123714E-01 6.11079552E-03 1.11077152E-02
23  4-1.07997164E-01-1.36855570E-01-1.39454218E-01-1.04897660E-01-1.36661543E-01
23  5-1.35994260E-01-1.56714561E-01 6.41393481E-03-1.33441267E-02 1.35453371E-01
23  6 2.42716643E-02 7.42482999E-02 1.75738487E-02 1.07721901E-01 2.16572439E-02
23  7 1.46397511E-01-3.63995758E-02 3.24697498E-02-1.21045718E-02 9.96246482E-02
23  8 2.34239451E-01 1.60018522E-01-1.57540840E-02 1.07190103E-01 2.50741939E-01
23  9 9.78506164E-02 8.30769420E-02 5.82866873E-02 6.97684209E-02-3.22478473E-03
23 10 2.86541664E-03-3.42371660E-02-8.95570090E-02-5.22789027E-02 2.22655777E-02
23 11-2.57539675E-02-9.70176705E-02-4.74371163E-02-6.13193679E-03 7.64466825E-03
23 12 4.73350308E-02-4.85688393E-02-3.16329531E-02 2.44232147E-02 6.00973512E-02
23 13-4.80339748E-02-4.63288189E-02-1.36656243E-02-1.76140760E-02 1.99502779E-02
23 14 6.45522100E-03 3.08338404E-02 2.67843220E-02 8.67665095E-02 7.53495942E-02
23 15-5.69789682E-02-3.76079310E-02
24  1 4.53479252E-04-2.74997587E-03-1.74678766E-02-2.18997428E-02-3.57010761E-03
24  2-5.75932212E-04 3.76271878E-02 4.67149531E-02 8.36182236E-03 1.91956550E-02
24  3 2.63797625E-02 3.36422790E-02-4.98989081E-03-7.04696120E-03 7.79864046E-04
24  4 2.46144737E-02 9.87840447E-03-2.61427798E-02 7.94333038E-02 9.36700781E-03
24  5 3.14453874E-02-6.67361255E-02 1.16799205E-02-5.14881837E-03-1.03102907E-01
24  6 3.23690481E-02 5.13099998E-02-1.12223717E-01 9.97006688E-04 4.08890165E-02
24  7 2.47264086E-03 2.01911210E-02-1.42182064E-02 1.38391537E-01-2.54752140E-02
24  8 4.85306155E-02-1.01393061E-01 1.56180126E-01-4.72956301E-02 7.54819777E-02
24  9-1.77332474E-02-3.95234418E-02 1.36430207E-02 2.86769393E-02-4.06606287E-02
24 10 3.59193371E-02 1.10154614E-01-1.29051377E-01 1.20154218E-02 1.87111739E-01
24 11 1.08364741E-01-1.50354778E-01 1.71634492E-02-7.40627543E-02 6.43401477E-02
24 12 1.80215272E-01 1.53461557E-01 2.86489211E-01 3.27956497E-01 2.05709525E-01
24 13 1.76087293E-01 3.15842982E-01-1.09055229E-01-9.02890813E-02-1.00209561E-01
24 14-9.31640094E-02-6.49514591E-02-7.66984481E-02-8.77626611E-02-6.10233983E-02
24 15 2.79468231E-02 8.93202230E-02
25  1 2.03220523E-03-1.20253681E-02-5.71643192E-02-8.64066783E-02-2.69285786E-02
25  2 1.67794893E-02 1.22226730E-01 1.86190617E-01 5.72319019E-02 2.51082620E-02
25  3 9.78856112E-02 1.40194882E-01 3.89662324E-02-2.62219579E-02 2.87649750E-02
25  4 1.92619465E-02 4.04053784E-02-1.02621174E-01 1.50119053E-01 1.60491457E-02
25  5 3.55957124E-02-1.18256607E-01 4.54625844E-03 6.72821293E-03-1.32995404E-01
25  6 3.99956841E-02 9.67806420E-02-8.43046445E-02 1.00723142E-02 6.25175034E-02
25  7 6.98808172E-02 4.40090747E-02-4.25112283E-02 2.98936022E-01 2.41143333E-02
25  8-6.03577270E-02-1.69451785E-01 3.36363041E-01 2.28322794E-02-7.22422402E-02
25  9 8.11470580E-03-3.42211096E-02 2.00069409E-02 7.70167005E-03-2.68779647E-02
25 10 2.06073439E-02 1.00784673E-01-3.41026406E-02-1.12450290E-01 1.34305483E-01
25 11 9.99041579E-02-3.41199733E-02-1.19660847E-01 4.65951984E-02-4.10506237E-02
25 12-1.84509183E-01-5.96730343E-02-9.42714256E-02-2.12524733E-01-2.15167556E-01
25 13-6.11575075E-02-9.19078139E-02 6.27721597E-02 4.79821737E-02 4.82610540E-02
25 14 8.16716216E-02-5.44343853E-02-4.89058190E-02-1.11913418E-01-1.55584387E-01
25 15 8.57323775E-02 2.36211618E-02
26  1-1.84288499E-04 1.07358996E-03-2.03475850E-01-1.43572175E-01 8.39762778E-02
26  2-3.71136973E-03 4.37926274E-01 3.09230125E-01-1.80149945E-01 3.84327399E-03
26  3 3.73643408E-01 2.62152999E-01-1.58081230E-01 7.15203123E-04-3.66980433E-03
26  4-9.52392415E-02-6.84207594E-02 3.78565441E-02 5.35575019E-03-3.50243346E-02
26  5-2.47562659E-02 8.11349723E-03 1.88944870E-02-2.35418319E-02 6.49919754E-02
26  6 4.80030720E-02-8.48902541E-02-8.53907591E-02 8.94606213E-03 6.13284975E-02
26  7-6.38353077E-02-1.06487787E-02 1.04773352E-02-1.13446233E-01-3.81670231E-02
26  8-2.78400310E-02 3.89962322E-02-1.36203887E-01-3.87489189E-02-3.17525965E-02
26  9 8.36649770E-02 1.11034272E-01 4.14213610E-03 3.52988087E-03 4.75235000E-03
26 10-4.64786015E-03-2.37294990E-03 6.59871068E-02-3.12246568E-03-2.23556992E-02
26 11 5.43740394E-04 7.59124752E-02 1.62361818E-03-6.46940067E-03 6.51518245E-03
26 12 5.73382953E-02 3.17977134E-02 9.64350669E-04 2.49803616E-02 6.78145324E-02
26 13 3.57977854E-02 5.56650718E-04-3.01348012E-03-1.19919909E-03-1.39381073E-02
26 14-2.68580543E-03 4.11802328E-03 1.52465740E-02 4.95945023E-02 8.92347482E-02
26 15-3.11288282E-02-2.80735726E-02
27  1-1.79173110E-06-6.23799461E-06 1.73664116E-01-2.09575161E-01 4.57937133E-02
27  2-3.85972506E-04-3.74000095E-01 4.51339161E-01-9.83969864E-02 7.67992216E-04
27  3-3.20094609E-01 3.84806621E-01-8.43688803E-02 5.18181723E-04-4.60168209E-03
27  4 8.57640117E-02-9.34198760E-02 2.11075696E-02 1.61086524E-02 5.48426320E-02
27  5-3.92105051E-02 1.58098371E-04 9.90091193E-03-1.13106501E-02 9.02236381E-03
27  6 2.09181652E-02-5.73984686E-02-4.58185473E-02 1.88435878E-02 2.04797291E-02
27  7-5.35082841E-02-3.74244032E-03 9.60767121E-04-1.74510021E-02-2.92739741E-02
27  8-1.28954845E-02 2.75656615E-02-1.97662271E-02-3.70660942E-02-1.02148254E-02
27  9-6.47019861E-02-6.35482895E-02 9.77135098E-02 1.05281080E-01 6.98255673E-03
27 10-7.22244103E-03-2.36151819E-02 2.54174324E-02 4.04164203E-02-2.98548704E-02
27 11-2.67876798E-02 2.98275084E-02 4.85509628E-02-2.30112469E-03 1.68538570E-03
27 12 2.08692746E-02 7.75900755E-04-7.40648078E-03 1.24701928E-02 2.40352885E-02
27 13-1.40396092E-03-8.93902062E-03-1.71589506E-03-5.75163920E-05-2.44309105E-03
27 14-9.47306018E-03 8.85027164E-03 8.37172011E-03-5.84820470E-03-1.48199502E-02
27 15-1.45413121E-02-1.58906594E-02
28  1 1.57300129E-04-1.15211957E-03-1.68099462E-02 7.43953939E-03 4.26195700E-02
28  2-1.93501832E-03 3.64412973E-02-1.62108950E-02-9.28624340E-02 2.02071761E-02
28  3 2.79212014E-02-1.82645700E-02-8.90320361E-02 3.62823587E-03-9.60446296E-03
28  4-1.24585291E-02 2.89773033E-02 2.21583730E-02 1.15323281E-04-1.57987894E-02
28  5-4.40525348E-03-3.15326591E-02 9.63655019E-04 8.62212879E-04-3.97956986E-02
28  6-1.31132563E-02-5.57089600E-02 3.07957811E-03-1.62628212E-02-1.67334232E-02
28  7-3.12681180E-02 1.42797686E-03-5.55323928E-03 1.78062868E-01 9.46682218E-02
28  8-1.67229780E-02 3.08907158E-02 2.13265620E-01 1.27159464E-01-1.98181125E-02
28  9-3.80269793E-03-2.32491339E-02-3.46706671E-02-3.60638628E-02 3.96176463E-03
28 10-5.45196666E-03-4.72095487E-02-1.07081640E-01 2.08993304E-01-8.99258158E-03
28 11-5.74708772E-02-1.28406642E-01 2.45435952E-01-5.86519649E-03 3.03697031E-03
28 12 2.92923160E-01-1.08326862E-01-2.55119095E-01 3.86453618E-02 3.46413185E-01
28 13-1.30993794E-01-2.97359926E-01-5.50203623E-03-1.29408813E-03 1.09252252E-02
28 14-2.69273469E-02 6.64338278E-03-2.23965351E-02-5.29672520E-02-5.93436413E-02
28 15 1.91293968E-02-9.73872415E-02
29  1-2.71435178E-04 1.30154408E-03-2.57722648E-02 4.54009411E-03 4.70738195E-02
29  2-1.57228004E-02 5.68524986E-02-1.21551768E-02-9.94819505E-02 3.88857431E-02
29  3 3.99788711E-02 3.56213661E-04-1.17238168E-01 1.51602164E-02-2.12784267E-02
29  4-1.58291086E-02-3.52183917E-02 4.72107575E-02-5.68758094E-02-2.48311350E-02
29  5-4.45081717E-02-7.34428857E-03 1.01562470E-02-2.42763234E-02-2.97854809E-02
29  6-1.81461632E-02-8.69696840E-02 2.96487107E-02-3.65114971E-02 1.49707415E-02
29  7-6.02384957E-02-3.83946895E-03 8.06781323E-03 9.59182158E-02 1.09784888E-01
29  8 2.82158432E-01-1.97870492E-02 1.07534171E-01 1.29461094E-01 3.32118459E-01
29  9-8.85977041E-03-1.62830540E-02-5.42416815E-03 4.44768858E-04 1.13491950E-02
29 10-1.61316041E-02-6.76433638E-02 7.78408474E-02 2.94916849E-01-2.96850501E-02
29 11-7.65298337E-02 9.69790773E-02 3.44876782E-01 4.19827987E-03-7.04749998E-03
29 12-2.25266230E-01-1.99251323E-02 1.20002141E-01 6.07878062E-03-2.65180185E-01
29 13-3.69434999E-02 1.34495934E-01 1.27194411E-03 2.28960815E-03 1.91873720E-02
29 14-7.29561604E-02 1.02093430E-02-2.29666774E-02-5.85668140E-02-6.40507311E-02
29 15-2.21414568E-02 4.82163563E-02
30  1-2.09005026E-04 1.49134359E-03 6.08609113E-03 7.93900864E-03-3.23565922E-02
30  2 2.10092505E-03-1.29564610E-02-1.77782672E-02 7.11698282E-02-2.40390464E-02
30  3-1.16631856E-02-5.42190743E-03 7.43317596E-02-1.66831937E-02 2.49794569E-02
30  4 2.78894992E-02 1.98375433E-02-4.92556874E-02 8.84612065E-02 4.60632435E-02
30  5 7.49443975E-03 1.60864014E-02-1.65303981E-03-8.45745636E-04-4.97885825E-02
30  6-4.97401379E-02 7.85502128E-03 4.14922525E-02-6.27073279E-02 2.99582763E-02
30  7-6.15201880E-03 4.82470368E-03-6.09006428E-04 9.37439474E-02 1.09994388E-01
30  8 1.02476959E-01-5.04723309E-02 1.00203054E-01 1.41027754E-01 1.14441554E-01
30  9-5.20686995E-03-2.25047771E-02 1.83325630E-02-3.10836619E-02 6.23963014E-03
30 10-6.94899862E-03 1.38641441E-02 4.37956655E-01-1.08492027E-01-1.53270660E-02
30 11 1.10427015E-02 4.99341180E-01-1.20964458E-01-2.81775204E-03 7.42550144E-03
30 12 1.70056912E-01 1.05418919E-01-3.53171113E-02-2.11955476E-02 2.06008951E-01
30 13 1.32740093E-01-3.37179966E-02 8.05017893E-03 3.46579417E-03-1.92871482E-02
30 14 7.93806482E-02 6.56115232E-03-3.64803866E-02-5.93966822E-02-6.14926528E-02
30 15 5.84809426E-03-1.14554463E-03
 $END   
 $GRAD  
E=     -762.2877574252  GMAX=   0.0544340  GRMS=   0.0142470
CL          17.    1.4726960445E-04    3.0169504083E-04   -2.6645931151E-04
C            6.    5.5729807735E-04    8.8471275741E-04    3.6166691632E-04
C            6.    3.1007879615E-03    2.6868859382E-02    5.4433990465E-02
O            8.    1.5922356782E-03    4.9285554070E-05    5.8143678106E-04
H            1.    4.8655802723E-05   -3.0208658779E-04   -9.5808902576E-05
H            1.   -2.3960357281E-04   -1.2744836736E-04   -2.1936513714E-04
O            8.   -5.6722463592E-03   -3.3542414142E-02   -5.3272748042E-02
O            8.    5.9524856238E-03   -1.1543798785E-03   -8.9086701326E-03
H            1.   -8.9110983789E-05    6.2966393173E-04    8.9001569874E-04
H            1.    1.0991872871E-03    3.8809568330E-03   -9.9995163226E-04
H            1.   -1.0439255966E-04    4.0826703856E-06    7.4784419766E-04
H            1.   -2.5590674690E-04    1.8233047395E-03    3.7572211133E-05
H            1.   -6.1366593042E-03    6.8376803513E-04    6.7104769586E-03
 $END
-------------------- DATA FROM NSERCH=   5 --------------------
 COORDINATES OF SYMMETRY UNIQUE ATOMS (ANGS)
   ATOM   CHARGE       X              Y              Z
 ------------------------------------------------------------
 CL         17.0   3.1390682099   0.7117773771   0.4468054362
 C           6.0   2.7970146170   0.1375331857  -1.3289798014
 C           6.0   3.3003876647   1.1842204978  -2.2655535885
 O           8.0   2.5248686090   2.3029960919  -2.3025046601
 H           1.0   1.7182674935   0.0267344177  -1.3907537895
 H           1.0   3.3275755954  -0.7990764131  -1.4527094747
 O           8.0   3.1493925211   0.3305226425  -3.8430200505
 O           8.0   3.9187028235   2.8570668682  -4.5114336506
 H           1.0   3.4437931235   3.3231196808  -5.2364488962
 H           1.0   3.7018617565   1.8748878243  -4.5844470054
 H           1.0   2.1625831283   0.3866552799  -3.9585159103
 H           1.0   4.3784648306   1.3148827747  -2.2850142254
 H           1.0   2.9263258780   2.9036411070  -3.0104277082
--- CLOSED SHELL ORBITALS --- GENERATED AT 22:11:22 29-JUL-2026    
Chloroacetaldehyde hydrate and water                                            
E(R-WB97X-D)=     -762.2878217201, E(NUC)=  306.6573743970,    8 ITERS
 $VEC   
 1  1 9.85802818E-01 5.34282014E-02-2.14350904E-05-3.67275708E-05-1.72227983E-04
 1  2-1.87693624E-02 6.74301684E-05 1.12901756E-04 6.47037248E-04 1.02692406E-02
 1  3-2.44072784E-04-4.44400023E-04-1.79982222E-03-3.01388415E-05-4.15002076E-04
 1  4-4.75009405E-06-1.23870873E-05-1.51474379E-04 8.79941223E-04-4.73403364E-05
 1  5 4.15994245E-04-1.50967822E-03 9.08922169E-05 6.90609013E-04-1.02563831E-06
 1  6 1.35658944E-05 3.61289602E-04-2.36586367E-03 6.12331989E-04 1.42162624E-04
 1  7-1.65693890E-03-2.07223618E-05-1.59482524E-04-1.61656501E-05 2.67704169E-05
 1  8-5.33752846E-06 6.93773855E-04 1.64959964E-04-3.29910154E-04 2.15691933E-04
 1  9 1.50419849E-04-8.38413664E-04 2.01686817E-04-7.39889917E-04 9.46061001E-06
 1 10 9.09125462E-05 9.23648007E-06 9.19294224E-06 3.48362793E-05-2.84344915E-04
 1 11-4.66165958E-05-7.09147147E-05-1.74446885E-04-7.21072437E-07-9.10612248E-07
 1 12-3.71199972E-06-4.03955431E-06 2.87085564E-05 4.79229600E-05 5.83572938E-06
 1 13-2.42317354E-06-8.73159251E-05-3.15037621E-05 2.30178299E-05 5.05918041E-05
 1 14-2.08076370E-04 1.06120096E-06-7.08957752E-06 2.31128867E-04-1.93210285E-04
 1 15-1.92881603E-05 4.89943683E-05
 2  1 8.32704765E-06-6.47784355E-05-2.26884934E-05 6.68212507E-06 5.65067935E-05
 2  2 6.26039081E-04 1.55614789E-04-2.70534340E-05-3.38399248E-04-8.12682059E-04
 2  3-7.63386429E-04 2.46778487E-04 6.28728680E-04 1.63707865E-04 5.32555093E-04
 2  4-5.17207469E-04-5.54255856E-04 4.48861542E-04-5.20190536E-03 4.52121352E-03
 2  5-3.59478110E-03 1.63599787E-03-7.39519844E-04-3.03119196E-03-5.81245328E-04
 2  6 2.35126100E-03 4.71623613E-05 2.16028048E-02-1.16681035E-02 8.74612911E-03
 2  7-8.12779246E-04 9.82650131E-01 1.05555579E-01 3.17767802E-03-1.70442456E-03
 2  8-1.72351786E-03-5.39886977E-02-8.76000731E-03 7.24581186E-03 3.96858712E-03
 2  9 9.29251201E-04 2.10680646E-03-6.59882647E-04-4.35252059E-04 7.37908415E-03
 2 10 1.89023762E-03-3.55705364E-04 5.13093025E-04 3.32077736E-04-3.02123285E-03
 2 11 1.48314717E-03-2.34704475E-03-1.78764673E-03 4.85621451E-03 1.37831788E-03
 2 12-2.50292575E-04-3.15286850E-05 6.25283334E-04-1.85224213E-03 9.35930736E-04
 2 13 2.02146894E-04-2.20066633E-03 1.82723568E-04-7.81237966E-04 4.46015118E-04
 2 14-6.28633360E-04 9.04440066E-04-8.16925713E-04-7.24827928E-04 1.03391699E-03
 2 15 3.07856687E-03 6.79837381E-03
 3  1-6.55184185E-06 4.12367162E-05 7.27921796E-06 3.03822869E-05-3.81371644E-05
 3  2-7.90756197E-04-4.16260097E-05-1.75708280E-04 2.86695199E-04 1.43246892E-03
 3  3 1.38626023E-04 4.94454747E-04-1.34982261E-03 2.15217944E-04 7.81652968E-04
 3  4-9.19727367E-05-1.72234845E-04 7.75013418E-04-6.72191157E-03-1.22243519E-03
 3  5-1.96840278E-03 2.49567407E-03-9.36735861E-04-5.28046554E-03-1.27921619E-04
 3  6 8.79697269E-04 5.34386515E-04 1.78749723E-02-2.24776856E-03-5.28867097E-03
 3  7-5.42421425E-03-7.20266397E-03 4.19437670E-04-7.76076596E-05-4.18866385E-04
 3  8-3.90995423E-04-3.32822824E-03-3.27565739E-04 2.91033011E-03 1.88874758E-03
 3  9 7.39565068E-04-1.03784822E-03 2.66102039E-04 3.96891601E-04 9.82164471E-01
 3 10 1.02556612E-01-2.21828329E-03 1.72005893E-03 1.28931583E-03-4.27165803E-02
 3 11 4.46774788E-03-4.75476186E-03-4.13780025E-03 2.11079588E-02 3.25826646E-03
 3 12-4.44302616E-05-6.07445040E-04-2.20614307E-05-4.06269766E-03 2.35044278E-04
 3 13 2.66091760E-03 2.95727029E-05 3.62851140E-04-1.16829607E-03-1.83215506E-04
 3 14 5.82176653E-03 3.29104775E-03 6.08048152E-03-1.30147815E-03-1.85981446E-03
 3 15 5.02067640E-04-1.12194392E-03
 4  1-7.85710109E-08 8.88835163E-07 6.67580627E-06-2.15022680E-06-1.26466736E-06
 4  2-1.72731588E-06-3.41999670E-05 9.42228820E-06 8.65844358E-06-2.75274714E-05
 4  3 5.17750820E-05 3.51317723E-06 1.39688723E-05 1.45807967E-06 5.66341690E-05
 4  4-4.54561332E-05 4.88272380E-05-6.91901495E-05 6.05639319E-05 1.69030925E-04
 4  5 2.72922486E-05 3.03716766E-05 6.62498686E-05 4.11836952E-04-1.25662373E-06
 4  6-1.11080511E-04-2.37441854E-06-1.48983587E-03 4.82677183E-04-4.95609862E-04
 4  7 2.48654748E-04-4.52310237E-03 4.02266105E-04 3.42812625E-05 4.20274048E-04
 4  8-2.41087701E-04-2.41870693E-03-3.13706664E-04-1.86511261E-03 1.32533575E-03
 4  9-3.65062693E-05 2.75253754E-04 4.63513077E-05-1.85187924E-04-2.09360116E-02
 4 10-1.20181839E-03 3.78063547E-04 5.51689412E-04-4.15029130E-04-1.05418131E-03
 4 11-1.23487588E-03-2.01744483E-03 1.39654439E-03 9.82136529E-01 1.02725642E-01
 4 12-2.23775723E-03-1.36988325E-03-1.71995197E-03-4.33706839E-02 4.74480088E-03
 4 13 3.51375117E-03 3.29440872E-03 2.97158121E-03 6.07278288E-03 2.36315546E-03
 4 14 9.53133133E-03 4.99827045E-04-1.49858422E-03 1.44682497E-04-4.80202056E-04
 4 15-4.47551594E-04 5.14416108E-03
 5  1 7.86308784E-05-1.01011913E-04-5.63030564E-06 5.31442815E-05-2.17669736E-04
 5  2-2.39763145E-03 4.66767785E-05-3.54132440E-04 1.50072106E-03 3.21437684E-03
 5  3-5.14614300E-04 6.19539947E-06-2.50365738E-03-9.01187580E-03-4.02193287E-03
 5  4-3.23764753E-04-5.17531985E-04 1.43756757E-04 2.57547608E-02 5.98650234E-03
 5  5 1.06845084E-02-1.22038137E-02 9.86491376E-01 1.10069899E-01-3.42237356E-04
 5  6-9.18202720E-04-4.55467551E-04-8.26978373E-02 1.77025834E-03 1.21060610E-02
 5  7-4.57274253E-03 2.01149359E-05-2.47736489E-04 3.10779390E-04 3.82851190E-04
 5  8-1.73480544E-04 6.86247707E-03-1.06794104E-03-2.76752274E-03 1.04959573E-03
 5  9-1.41652886E-03 1.65395365E-03-1.57523347E-03 1.16431116E-03-3.66523746E-04
 5 10-2.59145179E-03-1.38669691E-04-1.87281065E-04-5.16027444E-04 8.99523015E-03
 5 11 8.97727589E-04 3.03691839E-03 6.86651609E-03 2.61072453E-05 2.15108283E-04
 5 12 4.89269657E-05 1.15253522E-04-3.52746904E-05-7.81599499E-04-1.45554942E-05
 5 13-2.01338663E-04-1.26726874E-04 2.88736949E-04-5.08194785E-04-4.16887736E-04
 5 14 1.05824662E-03-1.39921350E-03 3.56153731E-03-6.06051344E-04 1.59366427E-02
 5 15 2.01545810E-04 2.70242923E-03
 6  1-2.74066382E-05-1.62223514E-04 6.26199170E-05 1.02346733E-04 3.36384046E-04
 6  2-2.14431659E-03-3.63240562E-04-5.95253981E-04-1.90056779E-03 1.28065598E-02
 6  3-1.32173190E-03-2.13724409E-03-8.55867297E-03 9.86477762E-01 1.11847136E-01
 6  4 3.47554579E-04 6.75660410E-04 1.10553419E-03-9.04962673E-02-2.75686843E-03
 6  5-6.02608885E-03 2.56465485E-03 8.45661455E-03-1.86277270E-03 4.04880465E-04
 6  6 4.87710998E-04-8.83196278E-05 2.34015318E-02-5.47655206E-03-1.02840981E-02
 6  7 9.02255151E-03 3.64092140E-05-1.29923077E-05-2.80976811E-05 4.97651608E-04
 6  8-3.25163758E-04-1.31090292E-03 5.16546572E-06-4.00271214E-04 5.32157863E-04
 6  9-9.18081440E-05 1.54943033E-02-1.72847284E-04 1.54449763E-02 1.82221620E-05
 6 10-3.97755585E-05 1.91186819E-04 1.87582487E-04-3.23364894E-04-5.65153453E-04
 6 11-6.07263870E-04-6.29092385E-04 1.63822426E-04 1.45762705E-05 1.00586991E-04
 6 12-3.61924901E-05 5.61083712E-05-1.43177153E-04-5.44986383E-04 1.84284050E-04
 6 13-6.60295286E-05 4.37271012E-04 3.17385261E-04-2.66974739E-04-2.29984564E-04
 6 14 1.31490516E-03-3.96640594E-04-4.84230017E-05-1.13617398E-03 1.34657303E-03
 6 15 4.62796130E-04 1.29104641E-03
 7  1-3.05122522E-01 9.77075334E-01-1.55293687E-03-2.77047436E-03-8.43409630E-03
 7  2 1.54259525E-01-6.67795547E-04-1.14441088E-03-5.19285723E-03-6.76720842E-02
 7  3 1.72780544E-03 3.12400503E-03 1.20094792E-02-3.16136728E-05 1.69661732E-03
 7  4-4.64746741E-05-2.72359389E-05 4.92000621E-04-3.06134583E-03 6.22946108E-04
 7  5-1.91606654E-03 9.96118254E-03-1.09817476E-04-3.67684317E-03 1.84518561E-05
 7  6-1.03146507E-04-2.07437810E-03 1.30325074E-02-3.60759808E-03-7.27557594E-04
 7  7 9.59190662E-03 1.06330419E-04 7.78200806E-04 6.88267430E-05-1.48098126E-04
 7  8 3.68639197E-05-3.80312825E-03-8.88281752E-04 1.88023994E-03-1.23935905E-03
 7  9-9.61710017E-04 5.05933658E-03-1.25556088E-03 4.43475605E-03-5.59689613E-05
 7 10-5.09605020E-04-4.92646089E-05-4.43140188E-05-2.13890439E-04 1.72252901E-03
 7 11 2.72457527E-04 4.16491278E-04 1.17804649E-03 4.57293909E-06 1.35088351E-05
 7 12 1.92500411E-05 1.62885189E-05-1.39364510E-04-2.89874279E-04-3.47656700E-05
 7 13 3.93457041E-05 4.64647299E-04 1.66052301E-04-1.42716336E-04-2.76088500E-04
 7 14 1.21635617E-03-6.15802335E-05 1.79597341E-04-1.27033395E-03 1.33524145E-03
 7 15 6.77014236E-05-2.65973637E-04
 8  1-3.21108773E-03 1.08718794E-02 1.69848292E-01 2.86436452E-01 9.11785901E-01
 8  2-3.22221713E-03 1.55811012E-02 2.62458789E-02 8.48685596E-02 4.82583210E-03
 8  3-5.08073468E-03-8.65443302E-03-2.92700689E-02-6.82862865E-04-4.43127583E-03
 8  4-3.79115742E-05-1.23765805E-04-4.55312623E-04 9.54164403E-03 8.85308302E-04
 8  5 3.46687380E-03-3.36998737E-03 4.12368434E-04 2.87701474E-03 3.17314628E-05
 8  6 8.38685188E-05 8.48952215E-04-1.20133865E-02 2.29806214E-03 1.51286318E-03
 8  7-7.75463036E-03-7.19870197E-05-4.44172952E-04-7.06355015E-05-2.98711722E-05
 8  8 2.68719120E-05 2.55152253E-03 7.25743901E-04-9.59116801E-04 6.75070228E-04
 8  9-2.53027624E-04-3.95303822E-03-4.48603486E-05-3.54321384E-03 2.34348599E-05
 8 10 1.73234764E-04 2.85029230E-05 8.15785570E-05-1.20241312E-05-8.77793023E-04
 8 11-1.51656360E-04-4.39460495E-04-1.95907631E-04-4.34512343E-06-1.82783817E-05
 8 12-5.58289017E-06-2.30536616E-05 1.00143440E-04 2.47589741E-04-7.08423372E-06
 8 13 9.52615296E-06-3.37604299E-04-1.43261102E-04 1.20810170E-04 2.28160323E-04
 8 14-9.34216232E-04-1.76963866E-04 3.79870367E-04 9.81663157E-04-3.65366583E-04
 8 15-1.34087929E-04-8.13073711E-05
 9  1 2.04251262E-05-1.13581317E-04 5.60982469E-01 7.20882747E-01-3.30779330E-01
 9  2 4.10986942E-04 5.02877573E-02 6.46663178E-02-3.01333495E-02 2.51468859E-04
 9  3-1.57602788E-02-2.03148143E-02 9.22472199E-03 2.47090112E-05 1.49077127E-04
 9  4-3.42335016E-05 3.03791303E-05 5.25647485E-04-8.17990185E-04 7.34248952E-04
 9  5-5.02505970E-04-2.21958024E-03-1.68682000E-04-1.38931839E-03-3.48147464E-05
 9  6-1.84766359E-04-9.69632354E-04 2.88895231E-03-5.15926161E-04 1.99775656E-03
 9  7 4.53140617E-03 4.21682791E-05 2.44699374E-04 9.81907242E-05 1.62209403E-05
 9  8-5.39921039E-05-1.61167615E-03-7.70480345E-04 4.62878298E-04-3.60325053E-04
 9  9 5.79576830E-04-1.54726282E-03 1.37165797E-04-1.18491030E-03-3.84019192E-05
 9 10-2.87845576E-04-6.17999547E-05-9.17210609E-05-8.33119408E-05 1.11933457E-03
 9 11 2.94419208E-04 5.39683334E-04 7.09033990E-04-1.11856832E-06-1.33026341E-05
 9 12 2.11102094E-05 6.55746157E-06-2.78845344E-05-2.15752812E-05-6.59722992E-05
 9 13-4.46242415E-07 1.05865092E-04 1.55234858E-05-2.52717806E-05-6.55684368E-05
 9 14 2.82282096E-04-8.21294331E-05 4.04297438E-04-9.13299258E-04 1.23256323E-03
 9 15 1.72003481E-04-2.42327336E-04
10  1 2.19966468E-05-6.61973760E-05 7.74811342E-01-5.84857924E-01 3.93714531E-02
10  2-4.05707555E-05 6.92843463E-02-5.23275683E-02 3.60008678E-03-1.03873752E-04
10  3-2.11326829E-02 1.60957212E-02-1.06509662E-03-1.78510171E-06-2.47609480E-05
10  4-6.37285695E-05 2.62540140E-05-9.02112427E-05-1.63821701E-04 1.56683293E-03
10  5-1.10606726E-03 5.41972593E-04 4.16342466E-05 4.65047710E-04-6.03693127E-05
10  6 1.94243271E-04 9.85144287E-05-1.24322723E-03-7.17705787E-04-7.58464167E-04
10  7-2.25608462E-04-2.46915765E-06 4.96586541E-05-2.77563804E-05-5.52978033E-05
10  8 2.86461254E-04 2.61886427E-04 2.49308191E-04 1.17903749E-04-8.23516098E-04
10  9 6.58941437E-04-1.45464939E-03-7.70392432E-04 1.71863963E-03 7.98362007E-06
10 10 7.76135449E-05 2.78170278E-05-3.81830888E-05 4.09877894E-05-2.51814960E-04
10 11-6.49081377E-05 1.19541802E-04-1.63681666E-04-4.79823173E-06-4.19674046E-05
10 12 1.04302199E-05 8.84901676E-06-1.00152569E-05 1.29987006E-04-4.19580060E-05
10 13-5.01938093E-05 4.06707178E-05-1.96547753E-05 5.28852904E-05 3.42165686E-05
10 14-1.83958866E-04-1.09631648E-04 2.18309871E-04-1.32014056E-04 1.42677528E-03
10 15-1.92019434E-04-1.83913501E-04
11  1 2.09323802E-03-1.18639442E-02 5.13054697E-04 6.82372048E-05 3.61805425E-03
11  2 1.49639945E-02-1.02513873E-03-3.50377638E-04-6.54072331E-03 5.19346241E-03
11  3 2.43045223E-03 1.55559796E-03 9.30933945E-04-2.21677671E-02 1.96744733E-02
11  4 3.84284466E-03 1.95941859E-02-1.27338645E-02 4.11667168E-02-2.04459041E-02
11  5 1.63386651E-02 4.20332995E-03-9.52289385E-02 1.03765070E-01-6.06453015E-02
11  6 8.26281263E-02-3.88662765E-03 1.43667183E-01 2.02882880E-02-1.62091274E-02
11  7 1.06521846E-03-2.08744127E-01 1.91398246E-01 8.48354281E-02-4.74234937E-02
11  8-4.13765968E-02 6.49527786E-01 9.45964535E-02-5.43679088E-02-4.86128146E-02
11  9 4.92536191E-03-8.60528253E-03 7.62453729E-03 3.14745468E-03-3.51566199E-02
11 10 3.28867278E-02-1.09189950E-02 9.64976179E-03 1.00197374E-02 9.96218788E-02
11 11-1.58886335E-02 1.45967872E-02 5.61263191E-03-2.55321459E-02 2.15973792E-02
11 12-8.47546528E-03-5.45785335E-03-2.33398157E-03 7.95293169E-02-1.20738361E-02
11 13-7.36095336E-03 4.78311396E-03 1.02205887E-02 4.22186836E-03 1.38205161E-02
11 14 4.99312455E-03 1.66543621E-02 5.08519000E-03 2.37933778E-02-1.57425908E-02
11 15 8.44254140E-02 8.75019174E-03
12  1-6.53296254E-04 3.73372886E-03-1.66175172E-04-3.08828441E-05-9.32971989E-04
12  2-4.92890623E-03 3.74218285E-04 1.27550055E-04 1.86210044E-03-1.93013762E-03
12  3-6.68365445E-04-6.25974160E-04-1.36839453E-04 3.20554568E-03-4.71838908E-03
12  4-2.03106073E-04-3.73342611E-03 3.90408443E-04 7.03943494E-03 6.44918159E-03
12  5 2.11837432E-03-7.16490849E-03 1.14184813E-02-1.31971347E-02 1.22041083E-02
12  6-1.95666078E-02-6.66496860E-03-2.24899201E-02 2.51724949E-03 1.29871207E-02
12  7-1.67723227E-02 3.60001374E-02-3.29378972E-02-1.25215404E-02 1.09933060E-02
12  8 1.17716085E-03-1.20992354E-01-1.58765368E-02 8.78572787E-03 3.18323131E-03
12  9-1.34889268E-03 1.36042232E-03-1.60030336E-03-1.16294793E-04-3.24216353E-02
12 10 2.90035549E-02-9.79351000E-03 6.97134321E-03-8.82435360E-04 1.01630301E-01
12 11-6.80498097E-03 1.16814163E-02-2.32954650E-03-2.23982558E-01 2.09413180E-01
12 12-6.37312953E-02-3.52021675E-02-6.42834197E-02 6.91597886E-01-6.49052034E-02
12 13-3.96102966E-02-6.16018816E-02 1.16687679E-01 2.58123539E-02 1.07278787E-01
12 14 1.61483347E-02 1.59533697E-02 6.56833052E-03-3.03501869E-03 6.87043670E-03
12 15 2.44136239E-03 9.99340218E-03
13  1 1.82421461E-03-1.04763974E-02 2.17940651E-04 6.80900441E-04 2.54634756E-03
13  2 1.39872678E-02-3.61477633E-04-1.09187820E-03-5.66755688E-03 8.72286569E-03
13  3-9.65733136E-04-1.67596825E-03-4.30525887E-04-1.88697323E-02 1.66638125E-02
13  4 4.53645796E-03 3.65548070E-03-1.27158920E-02 4.58128846E-02 3.35537328E-03
13  5-5.52847262E-03-1.29771541E-02-2.33289576E-02 2.76487761E-02 6.46471560E-03
13  6-5.02542820E-02-3.16127804E-02 6.21358807E-02-4.79981617E-03-1.18117312E-02
13  7-1.27698862E-02 4.93978116E-02-4.69525339E-02-1.73964510E-02-6.30096738E-03
13  8 9.44017523E-03-1.62569592E-01-2.02538694E-02-9.54633201E-04 5.78357272E-03
13  9 6.46569762E-03-1.49780437E-04 7.07917139E-03-1.32657276E-03-2.21405587E-01
13 10 2.10291520E-01-8.58883584E-02 2.38227838E-02 1.61541703E-02 6.85480719E-01
13 11-8.00181038E-02 2.72398676E-02 2.15440900E-02 4.03184190E-02-3.67083656E-02
13 12 1.15595556E-02-2.93796439E-04 1.20119785E-02-1.31304193E-01 1.19238652E-02
13 13 3.38601712E-03 1.15391177E-02-2.30098819E-02-6.66199576E-03-1.28606028E-03
13 14 1.21383715E-02 1.29079158E-01 2.96173442E-02 1.15277420E-02 3.83565527E-03
13 15-2.93822345E-02-8.69945500E-03
14  1 6.16973190E-02-3.55897593E-01 7.74907964E-03 1.32298728E-02 4.51347921E-02
14  2 4.54366656E-01-1.57688246E-02-2.65952953E-02-9.12280791E-02 3.03222078E-01
14  3-7.78887595E-04-2.96059694E-03-7.82078870E-03-1.30375441E-01 1.12920553E-01
14  4 1.81483048E-02 3.13903574E-02 3.42112857E-02 3.97509243E-01 1.93248907E-02
14  5 3.10111556E-02 3.98365681E-02-4.43122270E-02 5.20665511E-02-5.20530566E-03
14  6-4.99472746E-02 5.83762905E-02 6.32520691E-02 8.24663232E-03-2.02553615E-03
14  7-5.40772310E-03 3.29862125E-02-3.04703880E-02-9.38660537E-03-2.09616573E-02
14  8 2.47622588E-02-1.14963305E-01-1.17440040E-02-1.10984186E-02 2.26538170E-02
14  9 5.38369211E-02-1.43851442E-02 5.41757656E-02-1.61130592E-02 2.84935575E-02
14 10-2.60485342E-02 1.41845203E-02-2.47230164E-03 8.88390326E-03-9.59170056E-02
14 11 1.25325591E-02-6.51168176E-03 2.51463431E-03-6.31494285E-03 5.88934441E-03
14 12-9.03509546E-04 3.86201478E-04-4.17694398E-03 2.24468603E-02-2.99002474E-04
14 13-4.23013248E-04-5.58681884E-03 4.35536914E-03 2.29689810E-03 1.22919329E-03
14 14-7.38375595E-03-1.90710072E-02-7.26065525E-03 2.19055300E-02-5.57906495E-03
14 15-2.71463541E-02-1.24247397E-02
15  1 5.04429377E-02-2.93720603E-01 3.93781101E-04 1.00098465E-03-1.00607619E-02
15  2 3.62377904E-01-1.50446001E-03-3.94571845E-03 1.81229400E-02 3.49057135E-01
15  3-3.93592607E-03-4.81842675E-03-1.69416918E-02 1.18561601E-01-1.23278722E-01
15  4-1.73058845E-02-3.30713093E-02 1.09918292E-01-3.15333122E-01-4.38849632E-03
15  5 8.99163284E-04 3.25272937E-02 1.18260901E-01-1.22924151E-01 9.96551790E-03
15  6 8.00249206E-02-7.36655046E-02-3.15592074E-01-2.19665145E-03 3.92605056E-02
15  7-3.12479696E-02-4.85485041E-02 4.34877835E-02 4.29040136E-04 7.88503423E-02
15  8-4.92760663E-02 1.90657450E-01 7.18986374E-03 5.26043857E-02-3.92389741E-02
15  9-6.49803814E-02-4.14179362E-03-6.77845502E-02-3.17162955E-04-3.82938396E-02
15 10 3.42012794E-02-2.94910474E-02-3.24011206E-03-3.81145346E-02 1.38890103E-01
15 11-2.42547747E-02 2.57207356E-03-1.95652589E-02 5.69526761E-03-5.24654648E-03
15 12-1.11488975E-03-1.15869599E-03 7.78740971E-03-2.22684643E-02-2.45450735E-03
15 13 7.01477697E-04 7.81359696E-03-5.90736391E-03-3.63292766E-03 2.74184968E-04
15 14 9.23699493E-03 3.30145946E-02 2.40065813E-02-6.41287293E-02 1.85278433E-03
15 15 6.16360680E-02 3.33377966E-02
16  1 1.76315902E-02-1.03698398E-01-1.42718729E-02-2.18558238E-02-2.76675705E-02
16  2 1.27759050E-01 2.85997907E-02 4.43888666E-02 5.38355028E-02 1.54859717E-01
16  3 1.37237755E-02 1.81360134E-02 1.03949565E-02 1.16167561E-01-1.04114781E-01
16  4 7.86213219E-02 1.16439519E-01-2.37985824E-02-4.44882709E-01 3.46856106E-02
16  5 4.24551208E-02-2.70665830E-03-1.30286691E-01 1.31933573E-01 8.82773736E-02
16  6 7.31395064E-02-6.64488588E-03 4.57204608E-01 6.79586716E-02 4.68445357E-03
16  7 1.27760834E-02 5.09818477E-02-4.68567035E-02 6.63641078E-02-1.41984816E-01
16  8 6.48031812E-02-2.08232922E-01 5.32178725E-02-1.16821227E-01 5.47843922E-02
16  9-1.20783052E-01-4.28370986E-02-1.05329736E-01-3.59731858E-02 1.24316621E-02
16 10-1.02504371E-02 4.85627631E-02 2.97795192E-02 3.81496593E-02-5.33209584E-02
16 11 3.83412758E-02 2.35849952E-02 2.24826771E-02-7.68650414E-04 7.28176913E-04
16 12 7.55856207E-03-1.55112041E-02-2.00132674E-03 4.42088793E-03 9.03693861E-03
16 13-1.44137151E-02-1.46999303E-04-4.83549922E-03-3.13560728E-03 1.24764150E-02
16 14 6.49222880E-03-3.72742016E-02-3.33933419E-02 1.38049141E-01 3.46958142E-02
16 15-8.69907171E-02-6.34235273E-02
17  1-1.82999401E-03 1.08126091E-02-1.29271675E-02 1.28102723E-02 4.71602390E-03
17  2-1.19830376E-02 2.65851117E-02-2.60112685E-02-9.97082588E-03-1.96629331E-02
17  3 1.53468673E-02-1.56799949E-02-5.88715388E-04-1.46824308E-02 1.01707463E-02
17  4 1.13196664E-01-9.84977555E-02 8.06844906E-03 8.21152222E-02 1.04025603E-01
17  5-6.97474171E-02-4.55386274E-03-1.31906576E-02 6.26494491E-03 2.57081664E-01
17  6-8.08669664E-02-5.30926197E-02 6.56013097E-02 1.68742071E-01-5.06907026E-03
17  7-5.94262193E-02 1.35290004E-02-1.47268226E-02 4.41406867E-02 2.45514012E-01
17  8-1.46941423E-01-5.00600300E-02 4.01677354E-02 2.19622433E-01-1.33269586E-01
17  9-4.43066283E-02-2.05062610E-02 8.28322040E-02 3.10874221E-02-9.01132118E-04
17 10 1.48408869E-04 7.62666116E-02 1.82497967E-02 3.16819535E-02 2.77024523E-03
17 11 6.65274997E-02 1.41413746E-02 2.43318334E-02 7.28146662E-03-9.23358599E-03
17 12 2.87414814E-03-5.59034143E-02 7.33715806E-02-2.33731751E-02-1.86644369E-03
17 13-4.87172063E-02 7.50238761E-02-5.67109383E-02-3.54709828E-02 3.22913828E-02
17 14 2.64668010E-02-5.13726650E-02-3.56917844E-02 1.35059880E-01 6.64873643E-02
17 15 1.56688931E-01 1.01643198E-01
18  1 1.14615019E-03-6.83464168E-03-1.52983712E-02-4.52512174E-03-2.51509394E-03
18  2 7.92504168E-03 3.18741816E-02 9.34464285E-03 4.54088542E-03 1.67371779E-02
18  3 1.81682160E-02 4.89651124E-03-1.42489781E-03 8.82471436E-03-4.97533160E-03
18  4 9.62255787E-02 1.01965057E-02-2.57449110E-02-6.98717715E-02 6.80898529E-02
18  5-1.52980581E-02-1.82545225E-02-9.05093103E-03 1.00916440E-02 6.21524558E-02
18  6-5.73001824E-02 3.81770699E-02 4.56839188E-02 2.59389659E-02-5.45062885E-02
18  7 6.54367998E-02-1.33727309E-02 1.23300479E-02-1.24960929E-02 8.37492505E-02
18  8-3.47785952E-04 5.52826142E-02-1.03509874E-02 7.89266503E-02 1.31753888E-03
18  9-6.15573452E-02-3.25691920E-02 1.73842940E-02 8.90690792E-03-8.12369527E-03
18 10 1.01515574E-02-4.50219811E-02-5.91140323E-02 2.39386707E-02 2.93504164E-02
18 11-4.30597966E-02-6.36701609E-02 2.77578715E-02 2.33347044E-03-8.08590243E-04
18 12-6.25548132E-02 3.37685385E-01-1.52733056E-01-1.28710005E-02-5.37533829E-02
18 13 3.08399020E-01-1.39878472E-01 2.07100521E-01 1.52830636E-01-2.03266388E-01
18 14-1.63021426E-01 3.00290343E-02 1.97330533E-02 3.37201530E-02 1.08273897E-02
18 15 2.62605431E-02 3.10742748E-02
19  1-3.78253059E-03 2.24414403E-02-3.28381995E-02-2.88545606E-02 4.67964343E-02
19  2-2.53958404E-02 6.92321915E-02 5.98449351E-02-9.88951608E-02-4.61761306E-02
19  3 4.54005061E-02 4.73164772E-02-5.51128494E-02-2.22681561E-03 3.11032726E-03
19  4 2.11007113E-01 1.86905704E-01-5.15958941E-02-1.96885089E-02 1.70128155E-01
19  5 1.42121493E-01-2.24840246E-02 1.66959380E-02-1.54262070E-02-2.44140681E-02
19  6-1.67337135E-01 2.23822165E-01-7.70666368E-02-4.54294157E-02-7.67001551E-02
19  7 1.85772781E-01-3.97023730E-02 3.84356338E-02-1.19949086E-01 1.31794935E-01
19  8 1.07116632E-01 1.52862217E-01-1.20776104E-01 1.35881026E-01 1.05849051E-01
19  9-1.41587345E-01-9.04601051E-02-3.36478830E-02-2.44089012E-02-2.60355424E-05
19 10 5.32193488E-04-7.79077605E-02-5.11791347E-02-8.24977679E-02 4.03644314E-03
19 11-6.51359287E-02-4.70393471E-02-7.78598006E-02-6.19870911E-03 6.87300309E-03
19 12 2.57778404E-02-1.14541749E-01 3.66444646E-02 2.27217962E-02 2.65762714E-02
19 13-1.06565387E-01 2.33957738E-02-6.46129002E-02-5.37158528E-02 6.20248299E-02
19 14 4.78372465E-02 5.78778134E-02 4.79228423E-02-4.35585408E-02-1.87646798E-02
19 15 6.69191268E-03 3.01331589E-02
20  1-1.25672128E-02 7.44894417E-02 6.42092197E-04 5.00275894E-02 8.96758697E-02
20  2-9.39416307E-02-1.53126642E-03-1.05919584E-01-1.88210293E-01-1.32755636E-01
20  3 5.10696842E-03-5.72700804E-02-1.06608478E-01-1.27803593E-02-1.89330863E-03
20  4 8.13363448E-02-1.37093841E-01 1.93440089E-01 1.15286984E-01 7.60774545E-02
20  5-8.38008327E-02 1.47509726E-01 2.10759739E-02-1.21312374E-02 1.02944727E-01
20  6 2.47884762E-01 4.95857857E-02-1.11507555E-01 1.20065682E-01 1.79157705E-01
20  7 6.22862290E-02-9.41979776E-05-2.17157547E-03 1.45700057E-01-7.72914474E-02
20  8 1.40814198E-01 1.71373983E-02 1.46793086E-01-8.35733525E-02 1.40909413E-01
20  9-4.21967295E-02-3.29827738E-02 9.73729959E-02 6.10236391E-02-9.08676338E-03
20 10 8.73718941E-03-8.53544766E-02-3.05795574E-02-1.49296251E-01 4.24779864E-02
20 11-7.76855691E-02-3.04626568E-02-1.39546718E-01 4.58153652E-04 9.37273258E-04
20 12 1.10825858E-02-6.01378478E-03-2.68920396E-02-5.09515106E-03 1.46892150E-02
20 13-3.12256854E-03-2.91145201E-02 8.26988164E-03 3.79670006E-03 6.01223234E-03
20 14 1.09347371E-02 7.23242584E-02 6.25286627E-02 5.91324587E-02 2.68463617E-02
20 15-6.77171543E-02-6.91375638E-02
21  1 7.14955037E-03-4.24119275E-02-5.97194306E-02 2.65684731E-02-6.50712076E-02
21  2 5.03662412E-02 1.25858494E-01-5.57601291E-02 1.38034118E-01 8.25217314E-02
21  3 7.94303182E-02-4.30337773E-02 7.62860148E-02 7.66987136E-03 7.25500363E-04
21  4 2.37360556E-01-2.13225224E-01-7.91269145E-02-6.81913731E-02 2.16859178E-01
21  5-1.95263833E-01-6.06882447E-02 6.54527511E-03-8.78418871E-03-1.29965348E-01
21  6-1.02558965E-02-7.60027358E-02-1.41824447E-02-1.35421311E-01-4.15103168E-02
21  7-5.54809125E-02-2.21127161E-02 1.94861066E-02-6.44170744E-02-1.52919897E-01
21  8-2.37430524E-03 9.65849993E-02-5.87137408E-02-1.48946126E-01-7.41043414E-03
21  9-1.42920392E-01-7.79262209E-02 1.99084518E-01 1.31147000E-01 6.13230863E-03
21 10-6.72413531E-03 3.00859200E-02 1.52520599E-02 6.02253077E-02-2.54000072E-02
21 11 2.83752813E-02 1.68739005E-02 5.75535149E-02 5.40959165E-04 1.50158317E-04
21 12 1.01620963E-02-4.19130426E-02-2.72427328E-02-2.93223455E-03 9.98275949E-03
21 13-4.26905922E-02-3.15426043E-02-5.43397138E-03-6.00298165E-03 2.36818373E-02
21 14 1.86885410E-02-2.96682668E-02-2.59919604E-02-8.78279323E-02-4.37028949E-02
21 15-7.25057188E-02-6.72783286E-02
22  1-4.18631478E-03 2.48393295E-02 2.10642630E-02 1.38373390E-02 4.58298067E-02
22  2-3.46854345E-02-4.39207060E-02-3.10986792E-02-9.55639183E-02-4.25417275E-02
22  3-3.21019654E-02-9.66529272E-03-6.69782860E-02 2.94916283E-03-6.20453154E-03
22  4-1.20384431E-02-1.57650843E-03 7.91977078E-02-3.09754305E-02-4.34437582E-02
22  5 3.29929297E-02 8.15063421E-02 2.85120518E-02-3.86587055E-02 2.35690122E-02
22  6-9.22896533E-03-1.06950165E-02-5.10745840E-02 3.81621446E-02-5.86450633E-02
22  7-7.35920665E-03-4.78834028E-02 4.03186144E-02-1.05874058E-01 2.63201866E-02
22  8 1.39983142E-01 2.30501499E-01-1.06609485E-01 2.70440387E-02 1.59222768E-01
22  9-3.65332049E-04-1.39182237E-02-1.19352823E-02 3.06318550E-02-7.96023572E-02
22 10 6.94206568E-02 3.50693410E-01-1.19805704E-02 8.52172820E-03 3.44531445E-01
22 11 3.46618803E-01-2.15103057E-02 8.21277026E-05 1.80080950E-02-9.70594344E-03
22 12-8.59388459E-03-1.24317250E-03-1.03115731E-01-1.00647798E-01 5.37132012E-04
22 13 9.04691832E-03-1.14172779E-01 4.84768249E-02 2.20983028E-02 1.73195741E-02
22 14 7.11957115E-02-2.08750541E-01-1.75460565E-01-1.35322582E-02-2.62457927E-03
22 15-6.51027056E-02-6.11628854E-02
23  1 8.59688202E-03-5.13278221E-02-6.80741009E-03-4.95506561E-02-1.58276963E-01
23  2 4.84308353E-02 1.57910250E-02 1.04930197E-01 3.38682718E-01 1.52547794E-01
23  3-1.28933734E-03 7.01687992E-02 1.94070964E-01 6.22409472E-03 1.10028912E-02
23  4-1.08915628E-01-1.37353677E-01-1.39766206E-01-1.04745218E-01-1.36551553E-01
23  5-1.35977167E-01-1.57052846E-01 5.90279588E-03-1.27127481E-02 1.36260296E-01
23  6 2.40800073E-02 7.23845283E-02 1.87683592E-02 1.07172464E-01 2.20644382E-02
23  7 1.44331794E-01-3.62391603E-02 3.23296057E-02-1.30088852E-02 9.92853454E-02
23  8 2.32438601E-01 1.59173510E-01-1.67928777E-02 1.06836563E-01 2.48737315E-01
23  9 9.79480301E-02 8.40400274E-02 5.87809644E-02 6.98192433E-02-1.78904238E-03
23 10 1.61694220E-03-3.96267499E-02-8.79946660E-02-5.14369583E-02 1.58259152E-02
23 11-3.11533269E-02-9.52697488E-02-4.65805259E-02-6.00317586E-03 7.44444245E-03
23 12 4.70910052E-02-4.97303596E-02-3.06679833E-02 2.42399190E-02 5.96564566E-02
23 13-4.94894310E-02-4.53636439E-02-1.40738339E-02-1.76695529E-02 2.05084183E-02
23 14 5.91942144E-03 3.37701958E-02 2.92995893E-02 8.77056175E-02 7.61271489E-02
23 15-5.69565447E-02-3.74338885E-02
24  1 4.92528395E-04-2.98399604E-03-1.72703674E-02-2.22284229E-02-4.74606794E-03
24  2-4.13004473E-04 3.72068856E-02 4.73916095E-02 1.08966589E-02 2.00753179E-02
24  3 2.59209475E-02 3.41915254E-02-3.47218024E-03-7.10282435E-03 9.63308695E-04
24  4 2.42640618E-02 9.56490749E-03-2.72286413E-02 7.90310272E-02 8.64460789E-03
24  5 3.10297906E-02-6.78345351E-02 1.16254441E-02-5.33078644E-03-1.02418510E-01
24  6 3.28047058E-02 5.24577909E-02-1.10399282E-01 2.96682425E-03 4.10073815E-02
24  7 4.09858095E-03 2.01435202E-02-1.41808124E-02 1.39776031E-01-2.31058615E-02
24  8 5.12949288E-02-1.01196831E-01 1.57690138E-01-4.46661751E-02 7.85468083E-02
24  9-1.72411230E-02-3.95244382E-02 1.37666678E-02 2.89767001E-02-4.11954690E-02
24 10 3.63702839E-02 1.11202832E-01-1.29619449E-01 1.20586884E-02 1.89613980E-01
24 11 1.09298247E-01-1.50900726E-01 1.71752454E-02-7.40518572E-02 6.44043384E-02
24 12 1.76794243E-01 1.55518593E-01 2.84968747E-01 3.27584064E-01 2.01872450E-01
24 13 1.78234481E-01 3.13825528E-01-1.08947254E-01-9.01440284E-02-1.00184684E-01
24 14-9.29664639E-02-6.58473832E-02-7.77496963E-02-8.79100541E-02-6.26904790E-02
24 15 2.77979432E-02 8.95298743E-02
25  1 2.06033844E-03-1.21954832E-02-5.61089519E-02-8.57838854E-02-2.82439985E-02
25  2 1.68895947E-02 1.19973063E-01 1.84806447E-01 6.00471061E-02 2.57580182E-02
25  3 9.58646255E-02 1.39161421E-01 4.08934833E-02-2.62438274E-02 2.88946792E-02
25  4 1.91696540E-02 4.12123750E-02-1.03410378E-01 1.49270010E-01 1.54170316E-02
25  5 3.56462914E-02-1.18758677E-01 4.22056406E-03 6.85843521E-03-1.31820246E-01
25  6 3.92290058E-02 9.70811622E-02-8.15533187E-02 1.10966880E-02 6.08153436E-02
25  7 7.05913626E-02 4.38679320E-02-4.24919273E-02 2.99457989E-01 2.80095915E-02
25  8-5.94574987E-02-1.68267487E-01 3.37071169E-01 2.73264452E-02-7.12120851E-02
25  9 8.44213609E-03-3.46359124E-02 1.93028313E-02 7.14228064E-03-2.67946903E-02
25 10 2.05333060E-02 1.00593466E-01-3.48314291E-02-1.10206000E-01 1.33990396E-01
25 11 9.96891378E-02-3.49822660E-02-1.17313197E-01 4.70555568E-02-4.14458529E-02
25 12-1.83007504E-01-6.23293680E-02-9.78817131E-02-2.14505419E-01-2.13284041E-01
25 13-6.41456246E-02-9.59018776E-02 6.37464505E-02 4.86792149E-02 4.89012522E-02
25 14 8.20607846E-02-5.44669956E-02-4.93820697E-02-1.11839240E-01-1.55235097E-01
25 15 8.58757368E-02 2.24739112E-02
26  1-1.77951696E-04 1.03737963E-03-2.05498388E-01-1.42348221E-01 8.24626978E-02
26  2-3.66660749E-03 4.42243747E-01 3.06578840E-01-1.76874265E-01 3.92719559E-03
26  3 3.77410951E-01 2.59884113E-01-1.55387620E-01 5.39693569E-04-3.42223430E-03
26  4-9.56343537E-02-6.77282807E-02 3.68634931E-02 6.23816014E-03-3.52703235E-02
26  5-2.44970928E-02 7.30952415E-03 1.88544207E-02-2.32317094E-02 6.45759708E-02
26  6 4.84567998E-02-8.37026370E-02-8.63444595E-02 9.43524315E-03 6.21296032E-02
26  7-6.27860017E-02-1.04266800E-02 1.02699205E-02-1.11451552E-01-3.91576789E-02
26  8-2.78787412E-02 3.81572913E-02-1.33947240E-01-4.00875103E-02-3.18935756E-02
26  9 8.37122756E-02 1.10869163E-01 4.36637945E-03 3.70993679E-03 4.50067957E-03
26 10-4.43603134E-03-1.23078930E-03 6.49412510E-02-5.36132291E-03-2.11471000E-02
26 11 1.79226443E-03 7.47745389E-02-8.00374531E-04-6.40560755E-03 6.46081553E-03
26 12 5.63115120E-02 3.21566663E-02 1.49471819E-03 2.46265806E-02 6.65824427E-02
26 13 3.63106970E-02 1.25132816E-03-2.99421071E-03-1.25976205E-03-1.39312049E-02
26 14-2.25368623E-03 3.82315009E-03 1.51171193E-02 4.92485908E-02 8.87594875E-02
26 15-3.06630147E-02-2.75444369E-02
27  1-6.70890956E-06 2.29414525E-05 1.71720499E-01-2.11148396E-01 4.59260129E-02
27  2-4.55504826E-04-3.69789281E-01 4.54693367E-01-9.86679890E-02 8.00432754E-04
27  3-3.16549801E-01 3.87753751E-01-8.46768781E-02 5.65772899E-04-4.62198941E-03
27  4 8.44921370E-02-9.40519115E-02 2.12762421E-02 1.56059467E-02 5.40427433E-02
27  5-3.95628125E-02 3.38592898E-04 9.95327076E-03-1.13446654E-02 9.53914330E-03
27  6 2.10331004E-02-5.76477792E-02-4.59762125E-02 1.90209491E-02 2.04274291E-02
27  7-5.34978135E-02-3.93153804E-03 1.12517306E-03-1.83233177E-02-2.94817310E-02
27  8-1.27645294E-02 2.84787012E-02-2.07330933E-02-3.72477766E-02-1.01354316E-02
27  9-6.41591994E-02-6.26929859E-02 9.73723441E-02 1.04888090E-01 6.99390389E-03
27 10-7.22808849E-03-2.36035379E-02 2.56344665E-02 4.02022814E-02-2.99322020E-02
27 11-2.67405172E-02 3.00867105E-02 4.83594360E-02-2.37792013E-03 1.76353242E-03
27 12 2.19739216E-02 8.50687220E-04-7.66326281E-03 1.27746140E-02 2.53502585E-02
27 13-1.30431426E-03-9.25020817E-03-1.79401296E-03-1.40134512E-04-2.51930236E-03
27 14-9.44368829E-03 8.89679641E-03 8.52022057E-03-5.29084967E-03-1.39796004E-02
27 15-1.48771609E-02-1.62423479E-02
28  1 1.47131287E-04-1.09038629E-03-1.71254349E-02 7.82014057E-03 4.26976160E-02
28  2-2.07724192E-03 3.71333484E-02-1.70335890E-02-9.29831344E-02 2.00959989E-02
28  3 2.84676114E-02-1.88567727E-02-8.91995892E-02 3.65661531E-03-9.71383474E-03
28  4-1.25868365E-02 2.90922709E-02 2.21959740E-02 5.90701508E-04-1.56074326E-02
28  5-3.95794022E-03-3.14400708E-02 9.95028618E-04 5.64081792E-04-3.92958248E-02
28  6-1.37951410E-02-5.60512360E-02 3.81966990E-03-1.64701690E-02-1.59869562E-02
28  7-3.23557258E-02 1.23220550E-03-5.27499973E-03 1.75511349E-01 9.58042113E-02
28  8-1.56332034E-02 3.10156845E-02 2.10031389E-01 1.28602292E-01-1.85408856E-02
28  9-3.64680880E-03-2.29530786E-02-3.49735103E-02-3.64744432E-02 4.17470302E-03
28 10-5.62371574E-03-4.90154931E-02-1.04456793E-01 2.09556127E-01-9.96398161E-03
28 11-5.94148983E-02-1.25466847E-01 2.46003287E-01-5.95437606E-03 3.10746077E-03
28 12 2.96854306E-01-1.08746883E-01-2.51763970E-01 3.91503834E-02 3.51121839E-01
28 13-1.31492332E-01-2.93444878E-01-5.62182215E-03-1.60924059E-03 1.09758940E-02
28 14-2.72608539E-02 7.16415641E-03-2.23119128E-02-5.25203916E-02-5.87299450E-02
28 15 1.85393417E-02-9.74394168E-02
29  1-2.67092187E-04 1.28106845E-03-2.58610153E-02 4.20666873E-03 4.71154471E-02
29  2-1.54936544E-02 5.70273069E-02-1.14122090E-02-9.95672389E-02 3.81935917E-02
29  3 4.02748378E-02 1.02772247E-03-1.16852888E-01 1.50282134E-02-2.10810797E-02
29  4-1.60019498E-02-3.49911172E-02 4.67241666E-02-5.61920761E-02-2.45011277E-02
29  5-4.42174646E-02-6.89773968E-03 1.00652210E-02-2.42381140E-02-2.94444690E-02
29  6-1.86279003E-02-8.76186708E-02 3.07253389E-02-3.70037631E-02 1.51225324E-02
29  7-6.08842013E-02-3.84726005E-03 8.10213091E-03 9.50629484E-02 1.11644434E-01
29  8 2.81704094E-01-2.01490296E-02 1.06354159E-01 1.31799673E-01 3.31352280E-01
29  9-8.80114634E-03-1.61056337E-02-5.41938655E-03-5.37253015E-05 1.15425144E-02
29 10-1.62742175E-02-6.83408004E-02 8.23396584E-02 2.94259325E-01-3.06473614E-02
29 11-7.72831014E-02 1.02104254E-01 3.44036510E-01 4.17663616E-03-6.98298453E-03
29 12-2.25190997E-01-1.90507596E-02 1.18554802E-01 5.85122771E-03-2.65027286E-01
29 13-3.59075015E-02 1.32842117E-01 1.26778419E-03 2.59759142E-03 1.89694176E-02
29 14-7.24466022E-02 1.04292257E-02-2.27718981E-02-5.82292528E-02-6.43916230E-02
29 15-2.23748174E-02 4.80667654E-02
30  1-2.06970488E-04 1.48332698E-03 6.37673436E-03 7.88331363E-03-3.29469674E-02
30  2 2.29935590E-03-1.35995107E-02-1.76392570E-02 7.24123344E-02-2.45466043E-02
30  3-1.20965151E-02-5.43033094E-03 7.58332024E-02-1.68945194E-02 2.52690894E-02
30  4 2.82007826E-02 2.00950324E-02-4.97144614E-02 8.89690799E-02 4.63920930E-02
30  5 7.89880236E-03 1.65522076E-02-1.73882293E-03-7.96968357E-04-4.93252229E-02
30  6-4.97281870E-02 8.55570350E-03 4.17671783E-02-6.25374963E-02 2.95677776E-02
30  7-5.98437059E-03 4.83679594E-03-6.25890464E-04 9.08925626E-02 1.09522958E-01
30  8 1.00159302E-01-5.05821523E-02 9.68146435E-02 1.40332494E-01 1.11704900E-01
30  9-4.98968812E-03-2.21363241E-02 1.83895238E-02-3.11415953E-02 6.22010164E-03
30 10-6.86331797E-03 1.63640818E-02 4.37919500E-01-1.11283257E-01-1.54446973E-02
30 11 1.39563053E-02 4.99238060E-01-1.24386696E-01-2.73961510E-03 7.40798639E-03
30 12 1.70174187E-01 1.06589324E-01-3.52893153E-02-2.18587806E-02 2.06121825E-01
30 13 1.34280839E-01-3.36322059E-02 8.24874723E-03 3.58405405E-03-1.95468047E-02
30 14 8.02539319E-02 6.61939465E-03-3.65028757E-02-5.85032261E-02-6.06173910E-02
30 15 5.73105791E-03-8.81631640E-04
 $END   
 $GRAD  
E=     -762.2878217201  GMAX=   0.0540353  GRMS=   0.0142713
CL          17.    1.2276960990E-04    3.0231006930E-04    3.0233664037E-04
C            6.    1.6450884218E-04    2.2594085831E-04    2.7505558564E-04
C            6.    5.0833968758E-03    2.8988101845E-02    5.4035327396E-02
O            8.    7.7985577571E-05    4.4594931352E-04    3.9666801001E-05
H            1.    4.2017384247E-06   -6.6010012637E-05   -2.6819606640E-05
H            1.   -1.4072722200E-04   -6.2738617999E-05   -1.9142325298E-04
O            8.   -5.7762664969E-03   -3.3360715082E-02   -5.2823953080E-02
O            8.    6.6104810739E-03   -8.0891311718E-04   -7.8812682749E-03
H            1.   -4.6935305125E-04    2.1920327455E-04    2.3365602530E-04
H            1.    6.6505011403E-04    4.0249443675E-03   -1.5101086872E-03
H            1.   -5.0818387488E-05    3.8858476712E-05    5.2721868282E-04
H            1.    9.9500352646E-07    1.4922266431E-04   -3.3986912052E-04
H            1.   -6.2922233066E-03   -9.6154005025E-05    7.3601809815E-03
 $END
-------------------- DATA FROM NSERCH=   6 --------------------
 COORDINATES OF SYMMETRY UNIQUE ATOMS (ANGS)
   ATOM   CHARGE       X              Y              Z
 ------------------------------------------------------------
 CL         17.0   3.1384391438   0.7117315633   0.4469821335
 C           6.0   2.7964466757   0.1373474871  -1.3288636104
 C           6.0   3.3020268011   1.1839091585  -2.2649482335
 O           8.0   2.5266452480   2.3024549953  -2.3017431672
 H           1.0   1.7174926071   0.0291417866  -1.3910821696
 H           1.0   3.3258413649  -0.8000059250  -1.4517698978
 O           8.0   3.1499033041   0.3313242358  -3.8429081162
 O           8.0   3.9168086762   2.8575397814  -4.5127408958
 H           1.0   3.4450441232   3.3205883490  -5.2411690654
 H           1.0   3.7018611056   1.8747252409  -4.5867198687
 H           1.0   2.1636544991   0.3882729821  -3.9618497198
 H           1.0   4.3805822176   1.3103155665  -2.2836862800
 H           1.0   2.9272267217   2.9036746907  -3.0098772538
--- CLOSED SHELL ORBITALS --- GENERATED AT 22:11:29 29-JUL-2026    
Chloroacetaldehyde hydrate and water                                            
E(R-WB97X-D)=     -762.2878363442, E(NUC)=  306.6551163324,    6 ITERS
 $VEC   
 1  1 9.85802809E-01 5.34282658E-02-2.13885774E-05-3.67423442E-05-1.72268807E-04
 1  2-1.87699235E-02 6.72350292E-05 1.12961631E-04 6.47351768E-04 1.02698633E-02
 1  3-2.43575460E-04-4.44483428E-04-1.80034335E-03-3.01983693E-05-4.15485619E-04
 1  4-4.56045457E-06-1.25444269E-05-1.51624855E-04 8.81778164E-04-4.71054237E-05
 1  5 4.17027948E-04-1.51002665E-03 9.09760251E-05 6.91151512E-04-1.48946327E-06
 1  6 1.33672640E-05 3.61138910E-04-2.36659407E-03 6.16458939E-04 1.42643172E-04
 1  7-1.65670806E-03-2.07368084E-05-1.59486946E-04-1.60627054E-05 2.67064699E-05
 1  8-4.94976451E-06 6.94942606E-04 1.64648128E-04-3.30234150E-04 2.14661860E-04
 1  9 1.50165281E-04-8.39688743E-04 2.01823808E-04-7.39617890E-04 9.44080399E-06
 1 10 9.07721338E-05 9.41526761E-06 9.14221824E-06 3.47882680E-05-2.83919420E-04
 1 11-4.73476947E-05-7.06256371E-05-1.74145262E-04-7.17331353E-07-8.48003643E-07
 1 12-3.65161251E-06-4.11606068E-06 2.87421554E-05 4.76921194E-05 5.67578080E-06
 1 13-2.10601722E-06-8.74597006E-05-3.17792235E-05 2.30101993E-05 5.06861415E-05
 1 14-2.07395243E-04 6.96802077E-07-6.91054117E-06 2.31089651E-04-1.95469335E-04
 1 15-1.92888597E-05 4.85645034E-05
 2  1 8.32437513E-06-6.47088037E-05-2.27187504E-05 6.88900438E-06 5.62662887E-05
 2  2 6.27501779E-04 1.55817114E-04-2.82037472E-05-3.37352226E-04-8.18607919E-04
 2  3-7.63663243E-04 2.51261278E-04 6.30983746E-04 1.63953452E-04 5.31856753E-04
 2  4-5.20347818E-04-5.56424695E-04 4.49176277E-04-5.23062001E-03 4.53118803E-03
 2  5-3.61309130E-03 1.65713522E-03-7.38340773E-04-3.02676702E-03-5.73274492E-04
 2  6 2.35355931E-03 4.69519140E-05 2.15967535E-02-1.17410667E-02 8.73770007E-03
 2  7-8.05549287E-04 9.82650839E-01 1.05557753E-01 3.17414914E-03-1.70564598E-03
 2  8-1.72323434E-03-5.40051252E-02-8.74634658E-03 7.26001215E-03 3.96680462E-03
 2  9 9.31457076E-04 2.11736366E-03-6.61052557E-04-4.40049847E-04 7.33439670E-03
 2 10 1.88849825E-03-3.56925300E-04 5.12437704E-04 3.32200630E-04-3.02972635E-03
 2 11 1.48954327E-03-2.34730309E-03-1.79127138E-03 4.83304436E-03 1.37462532E-03
 2 12-2.48761798E-04-3.10482417E-05 6.24718318E-04-1.85081890E-03 9.30433480E-04
 2 13 2.01478008E-04-2.20033423E-03 1.74351291E-04-7.73937068E-04 4.44331057E-04
 2 14-6.24042236E-04 9.09082174E-04-8.15865089E-04-7.02763211E-04 1.08119635E-03
 2 15 3.07371505E-03 6.79140451E-03
 3  1-6.54619312E-06 4.11640671E-05 7.45973644E-06 3.03882836E-05-3.80547433E-05
 3  2-7.91276778E-04-4.25538197E-05-1.75762716E-04 2.86398712E-04 1.43501206E-03
 3  3 1.39419987E-04 4.94936740E-04-1.35196922E-03 2.15860480E-04 7.84810279E-04
 3  4-9.39936777E-05-1.72805701E-04 7.76115530E-04-6.74181697E-03-1.21442485E-03
 3  5-1.98041347E-03 2.49936307E-03-9.37882529E-04-5.28893624E-03-1.22055702E-04
 3  6 8.82627260E-04 5.37523643E-04 1.78985899E-02-2.29435686E-03-5.28756031E-03
 3  7-5.42892528E-03-7.15737525E-03 4.27717379E-04-7.77018827E-05-4.18939877E-04
 3  8-3.89916077E-04-3.35125926E-03-3.28766553E-04 2.91967300E-03 1.88690356E-03
 3  9 7.41056476E-04-1.02756182E-03 2.66708855E-04 3.89407664E-04 9.82161292E-01
 3 10 1.02559405E-01-2.21823981E-03 1.72137032E-03 1.28272391E-03-4.27250744E-02
 3 11 4.46655235E-03-4.75712863E-03-4.12469044E-03 2.12832237E-02 3.27455073E-03
 3 12-4.33227412E-05-6.06830361E-04-2.28366868E-05-4.06429045E-03 2.30759929E-04
 3 13 2.65889771E-03 3.18428767E-05 3.66239752E-04-1.17142446E-03-1.82616278E-04
 3 14 5.82021683E-03 3.29103708E-03 6.08064960E-03-1.30095811E-03-1.84239530E-03
 3 15 5.01846624E-04-1.12348951E-03
 4  1-8.22218018E-08 9.21459395E-07 6.68642975E-06-2.13504683E-06-1.30888716E-06
 4  2-1.88916149E-06-3.42624156E-05 9.32547676E-06 8.91421806E-06-2.78576109E-05
 4  3 5.20573489E-05 4.02495057E-06 1.39573786E-05 1.53245721E-06 5.73925311E-05
 4  4-4.53042387E-05 4.91082178E-05-6.99833451E-05 5.97419738E-05 1.68886950E-04
 4  5 2.73673479E-05 3.24723055E-05 6.63232340E-05 4.11766476E-04-8.06164171E-07
 4  6-1.10392772E-04-1.94617760E-06-1.48963574E-03 4.84808227E-04-4.97317123E-04
 4  7 2.47529596E-04-4.49993212E-03 4.03119709E-04 3.41311046E-05 4.20860592E-04
 4  8-2.40419435E-04-2.41579314E-03-3.11500550E-04-1.86747865E-03 1.32295021E-03
 4  9-3.60529257E-05 2.74640320E-04 4.62646549E-05-1.84124302E-04-2.11112268E-02
 4 10-1.22218061E-03 3.77804476E-04 5.49349676E-04-4.15129381E-04-1.04234190E-03
 4 11-1.23287196E-03-2.01060786E-03 1.39686710E-03 9.82132876E-01 1.02725567E-01
 4 12-2.22341413E-03-1.37512254E-03-1.73154464E-03-4.33704871E-02 4.71591933E-03
 4 13 3.52303823E-03 3.32127685E-03 2.97097947E-03 6.08461472E-03 2.36818155E-03
 4 14 9.51414457E-03 5.01735812E-04-1.50149732E-03 1.47839850E-04-4.82989470E-04
 4 15-4.51455420E-04 5.14877861E-03
 5  1 7.86599722E-05-1.01073818E-04-5.49974859E-06 5.30590178E-05-2.17646121E-04
 5  2-2.40151158E-03 4.57604265E-05-3.53659642E-04 1.50093217E-03 3.22364616E-03
 5  3-5.14235318E-04 6.41663783E-06-2.51008649E-03-8.98815352E-03-4.01926462E-03
 5  4-3.21779122E-04-5.10752796E-04 1.42032000E-04 2.57694329E-02 6.00930567E-03
 5  5 1.06694131E-02-1.22141815E-02 9.86492753E-01 1.10076475E-01-3.44636841E-04
 5  6-9.24999574E-04-4.54529378E-04-8.27091378E-02 1.79218645E-03 1.21518791E-02
 5  7-4.56921539E-03 2.04360667E-05-2.47562209E-04 3.07870528E-04 3.83641372E-04
 5  8-1.72344279E-04 6.85676876E-03-1.06614954E-03-2.76208227E-03 1.04359736E-03
 5  9-1.41852435E-03 1.65153448E-03-1.57666094E-03 1.15354181E-03-3.67175160E-04
 5 10-2.59770472E-03-1.37416851E-04-1.86720889E-04-5.17589104E-04 9.01522235E-03
 5 11 8.94274674E-04 3.03270248E-03 6.87638808E-03 2.60063173E-05 2.14008406E-04
 5 12 4.71483044E-05 1.16386989E-04-3.65620770E-05-7.79062528E-04-9.52610447E-06
 5 13-2.06732156E-04-1.21813633E-04 2.90071773E-04-5.03151828E-04-4.19024153E-04
 5 14 1.05350543E-03-1.40065563E-03 3.54731278E-03-6.00936519E-04 1.59414183E-02
 5 15 1.95115339E-04 2.70455395E-03
 6  1-2.74952867E-05-1.62099974E-04 6.26467405E-05 1.02375387E-04 3.36642479E-04
 6  2-2.14409300E-03-3.63366911E-04-5.95369091E-04-1.90204257E-03 1.28105040E-02
 6  3-1.32189378E-03-2.13914442E-03-8.56092279E-03 9.86477791E-01 1.11844847E-01
 6  4 3.48226453E-04 6.79569284E-04 1.10880090E-03-9.04685636E-02-2.76242765E-03
 6  5-6.03946004E-03 2.54230974E-03 8.43140484E-03-1.86360221E-03 4.03693620E-04
 6  6 4.83252496E-04-8.29933641E-05 2.33841823E-02-5.48556697E-03-1.02716848E-02
 6  7 9.00068194E-03 3.61667680E-05-1.56127915E-05-2.78786334E-05 4.99723605E-04
 6  8-3.26646198E-04-1.30865351E-03 4.31229384E-06-4.08600047E-04 5.40151665E-04
 6  9-9.26940601E-05 1.54954138E-02-1.77012223E-04 1.54353569E-02 1.83140438E-05
 6 10-3.90267062E-05 1.91560898E-04 1.87804672E-04-3.22454254E-04-5.66718370E-04
 6 11-6.08184416E-04-6.29897973E-04 1.59915984E-04 1.46256148E-05 1.01159369E-04
 6 12-3.65975156E-05 5.62008030E-05-1.42685070E-04-5.45665815E-04 1.85221091E-04
 6 13-6.66359645E-05 4.35908326E-04 3.17643095E-04-2.65640092E-04-2.30326955E-04
 6 14 1.31074848E-03-3.93107709E-04-5.25308346E-05-1.14025293E-03 1.34536946E-03
 6 15 4.63982312E-04 1.29301338E-03
 7  1-3.05122456E-01 9.77074901E-01-1.55131613E-03-2.77090475E-03-8.43152275E-03
 7  2 1.54262855E-01-6.66428301E-04-1.14475679E-03-5.19451674E-03-6.76752033E-02
 7  3 1.72474397E-03 3.12428680E-03 1.20121402E-02-3.17093977E-05 1.69912940E-03
 7  4-4.73905052E-05-2.62560251E-05 4.93064826E-04-3.07103372E-03 6.21462023E-04
 7  5-1.92239367E-03 9.96190077E-03-1.10135988E-04-3.67992317E-03 2.09220596E-05
 7  6-1.02139322E-04-2.07363101E-03 1.30368235E-02-3.63064770E-03-7.28173582E-04
 7  7 9.59103083E-03 1.06438355E-04 7.78462363E-04 6.83390426E-05-1.47836677E-04
 7  8 3.49706212E-05-3.81065669E-03-8.87008310E-04 1.88250330E-03-1.23390216E-03
 7  9-9.60484944E-04 5.06663248E-03-1.25648612E-03 4.43294029E-03-5.58878850E-05
 7 10-5.09059843E-04-5.01214765E-05-4.40201763E-05-2.13677736E-04 1.72088234E-03
 7 11 2.76304352E-04 4.14783394E-04 1.17665205E-03 4.55225376E-06 1.32102613E-05
 7 12 1.89346063E-05 1.66536135E-05-1.39523543E-04-2.88549490E-04-3.38740505E-05
 7 13 3.76481520E-05 4.65385458E-04 1.67514558E-04-1.42682747E-04-2.76590405E-04
 7 14 1.21247658E-03-5.94214139E-05 1.77984755E-04-1.27026068E-03 1.34794108E-03
 7 15 6.76619711E-05-2.63690218E-04
 8  1-3.21042137E-03 1.08697849E-02 1.69762726E-01 2.86556046E-01 9.11764145E-01
 8  2-3.22450473E-03 1.55725645E-02 2.62570823E-02 8.48674798E-02 4.82907456E-03
 8  3-5.07664364E-03-8.65874546E-03-2.92718111E-02-6.83073079E-04-4.43449746E-03
 8  4-3.73618854E-05-1.24983488E-04-4.55725959E-04 9.54954595E-03 8.85667489E-04
 8  5 3.47125969E-03-3.37359520E-03 4.12531275E-04 2.87702227E-03 3.01105667E-05
 8  6 8.31176083E-05 8.46800149E-04-1.20111002E-02 2.31684487E-03 1.52020775E-03
 8  7-7.74912589E-03-7.19015554E-05-4.43135916E-04-7.01337951E-05-3.05566443E-05
 8  8 2.85481413E-05 2.55219353E-03 7.23221489E-04-9.57938239E-04 6.68898600E-04
 8  9-2.55388861E-04-3.95903642E-03-4.48633290E-05-3.54152189E-03 2.33066854E-05
 8 10 1.72294431E-04 2.92511981E-05 8.14499505E-05-1.22965161E-05-8.74192242E-04
 8 11-1.54909774E-04-4.38371008E-04-1.93908307E-04-4.32419099E-06-1.80707814E-05
 8 12-5.39100454E-06-2.33754928E-05 1.00103703E-04 2.46437542E-04-7.60604556E-06
 8 13 1.10514218E-05-3.37563917E-04-1.44022698E-04 1.20443700E-04 2.28369647E-04
 8 14-9.30045161E-04-1.77350831E-04 3.78601017E-04 9.81732837E-04-3.77011161E-04
 8 15-1.34296862E-04-8.41748968E-05
 9  1 2.06376426E-05-1.14348165E-04 5.62632402E-01 7.19614676E-01-3.30737615E-01
 9  2 4.12481794E-04 5.04362056E-02 6.45530317E-02-3.01303140E-02 2.48457742E-04
 9  3-1.58067946E-02-2.02797884E-02 9.22584111E-03 2.48748979E-05 1.50245119E-04
 9  4-3.48046177E-05 3.07340393E-05 5.25470304E-04-8.22558976E-04 7.38133104E-04
 9  5-5.07008933E-04-2.21557564E-03-1.68510891E-04-1.38759454E-03-3.33573079E-05
 9  6-1.84757596E-04-9.69172477E-04 2.88434283E-03-5.26173280E-04 1.99293854E-03
 9  7 4.53384963E-03 4.20438856E-05 2.43549783E-04 9.77499001E-05 1.65700255E-05
 9  8-5.46253381E-05-1.61019028E-03-7.68057578E-04 4.61740557E-04-3.58375512E-04
 9  9 5.80174710E-04-1.54526671E-03 1.36921337E-04-1.18553034E-03-3.84312559E-05
 9 10-2.88132243E-04-6.21000456E-05-9.17859949E-05-8.33899587E-05 1.12029625E-03
 9 11 2.95919330E-04 5.39565284E-04 7.09499087E-04-1.14174652E-06-1.35751834E-05
 9 12 2.09119514E-05 6.85375463E-06-2.81946150E-05-2.08968112E-05-6.52623686E-05
 9 13-1.70142745E-06 1.06849381E-04 1.64234786E-05-2.54359111E-05-6.61505811E-05
 9 14 2.81312959E-04-8.13318481E-05 4.02412722E-04-9.11195005E-04 1.24295601E-03
 9 15 1.71407767E-04-2.39794803E-04
10  1 2.20948450E-05-6.64639738E-05 7.73632634E-01-5.86358875E-01 4.02128021E-02
10  2-4.13757106E-05 6.91790964E-02-5.24620866E-02 3.67592632E-03-1.02957211E-04
10  3-2.10996893E-02 1.61365485E-02-1.08893752E-03-1.92591155E-06-2.59296696E-05
10  4-6.23857653E-05 2.55223576E-05-9.04839620E-05-1.59066729E-04 1.55754461E-03
10  5-1.10365745E-03 5.42066888E-04 4.17397621E-05 4.66060737E-04-6.05440117E-05
10  6 1.94127807E-04 9.87462970E-05-1.24618676E-03-7.13623048E-04-7.55527519E-04
10  7-2.28557366E-04-2.43982703E-06 5.01529821E-05-2.77982228E-05-5.54949136E-05
10  8 2.87669404E-04 2.61744438E-04 2.49360583E-04 1.18247655E-04-8.27161170E-04
10  9 6.57734018E-04-1.45882796E-03-7.69847034E-04 1.72219760E-03 7.93054745E-06
10 10 7.71591503E-05 2.81211276E-05-3.80784420E-05 4.08464328E-05-2.50488482E-04
10 11-6.63316713E-05 1.19209138E-04-1.63185627E-04-4.78970931E-06-4.19201956E-05
10 12 1.02253625E-05 8.85305414E-06-1.01701982E-05 1.29743784E-04-4.12371989E-05
10 13-5.02518062E-05 4.12563581E-05-1.92456997E-05 5.29423863E-05 3.41366534E-05
10 14-1.83544310E-04-1.09922379E-04 2.16882109E-04-1.32981365E-04 1.42451371E-03
10 15-1.93158161E-04-1.84083226E-04
11  1 2.09550912E-03-1.18767805E-02 5.12381980E-04 6.76425351E-05 3.62258739E-03
11  2 1.49767115E-02-1.02415594E-03-3.49253489E-04-6.54848700E-03 5.20691665E-03
11  3 2.43602171E-03 1.54940523E-03 9.29296611E-04-2.21768442E-02 1.96837194E-02
11  4 3.87317327E-03 1.96078125E-02-1.27259894E-02 4.12188214E-02-2.05096868E-02
11  5 1.64585396E-02 4.17240477E-03-9.52470510E-02 1.03793740E-01-6.07581266E-02
11  6 8.26921961E-02-3.85292651E-03 1.43613528E-01 2.05184298E-02-1.63146216E-02
11  7 1.11009876E-03-2.08790556E-01 1.91437483E-01 8.48222248E-02-4.74739023E-02
11  8-4.13544627E-02 6.49759215E-01 9.45636605E-02-5.44476933E-02-4.85889202E-02
11  9 4.92595266E-03-8.62593714E-03 7.63043649E-03 3.20056091E-03-3.50953234E-02
11 10 3.28205623E-02-1.08843170E-02 9.64557221E-03 9.98756268E-03 9.94528405E-02
11 11-1.58730679E-02 1.46131023E-02 5.58651834E-03-2.54303759E-02 2.15055800E-02
11 12-8.39787454E-03-5.44980223E-03-2.35247058E-03 7.92230632E-02-1.19760633E-02
11 13-7.36695374E-03 4.76547708E-03 1.02027150E-02 4.18854989E-03 1.37475221E-02
11 14 4.96584097E-03 1.65838463E-02 5.09157887E-03 2.36709548E-02-1.59470685E-02
11 15 8.43540458E-02 8.75795814E-03
12  1-6.52128273E-04 3.72705003E-03-1.65383286E-04-3.06967337E-05-9.31557085E-04
12  2-4.92105310E-03 3.72230849E-04 1.26730931E-04 1.85994523E-03-1.92590126E-03
12  3-6.65147869E-04-6.22133662E-04-1.38971135E-04 3.19917328E-03-4.70988353E-03
12  4-2.08284993E-04-3.72441567E-03 3.90178357E-04 6.99573422E-03 6.43574246E-03
12  5 2.09715646E-03-7.13353272E-03 1.13826300E-02-1.31507339E-02 1.21619437E-02
12  6-1.95061382E-02-6.65058284E-03-2.24105772E-02 2.54051857E-03 1.29319472E-02
12  7-1.67064557E-02 3.58555665E-02-3.28044618E-02-1.24734829E-02 1.09692288E-02
12  8 1.15417098E-03-1.20526652E-01-1.58124798E-02 8.72590406E-03 3.16118251E-03
12  9-1.34804785E-03 1.35363234E-03-1.59698716E-03-1.20181136E-04-3.23762955E-02
12 10 2.89600536E-02-9.77937736E-03 6.97444346E-03-9.27223991E-04 1.01475446E-01
12 11-6.79350587E-03 1.16881365E-02-2.37830482E-03-2.23991529E-01 2.09423388E-01
12 12-6.33306424E-02-3.53418038E-02-6.47345781E-02 6.91592592E-01-6.44668915E-02
12 13-3.98057439E-02-6.20357108E-02 1.16855506E-01 2.57939915E-02 1.07198866E-01
12 14 1.61716724E-02 1.59325602E-02 6.59453456E-03-3.00666370E-03 6.81015722E-03
12 15 2.46854101E-03 1.00607554E-02
13  1 1.82440093E-03-1.04775021E-02 2.17084755E-04 6.81379329E-04 2.54505484E-03
13  2 1.39910983E-02-3.59268142E-04-1.09304903E-03-5.66480717E-03 8.71461265E-03
13  3-9.63192709E-04-1.67530806E-03-4.23953510E-04-1.88429166E-02 1.66341650E-02
13  4 4.54971157E-03 3.64565185E-03-1.26836120E-02 4.57632762E-02 3.33751358E-03
13  5-5.50260818E-03-1.29433395E-02-2.33132003E-02 2.76418120E-02 6.46497135E-03
13  6-5.02019427E-02-3.16304911E-02 6.20921278E-02-4.75194407E-03-1.18337171E-02
13  7-1.27901772E-02 4.93572403E-02-4.69265825E-02-1.73665596E-02-6.31051988E-03
13  8 9.41070339E-03-1.62413349E-01-2.02162870E-02-9.91108184E-04 5.75453077E-03
13  9 6.45391852E-03-1.60988321E-04 7.06608235E-03-1.31481444E-03-2.21439768E-01
13 10 2.10322507E-01-8.58825832E-02 2.38897994E-02 1.58653054E-02 6.85565720E-01
13 11-7.99799167E-02 2.72911749E-02 2.12491140E-02 4.02520394E-02-3.66529367E-02
13 12 1.14681797E-02-2.84914857E-04 1.20827732E-02-1.31084040E-01 1.18071016E-02
13 13 3.39157067E-03 1.16208247E-02-2.30087564E-02-6.64873669E-03-1.23117811E-03
13 14 1.21441948E-02 1.29124020E-01 2.96554531E-02 1.15769109E-02 3.88174587E-03
13 15-2.93354121E-02-8.68842652E-03
14  1 6.17017399E-02-3.55923091E-01 7.74200548E-03 1.32317455E-02 4.51330130E-02
14  2 4.54388782E-01-1.57543963E-02-2.65986250E-02-9.12228155E-02 3.03261772E-01
14  3-7.72038024E-04-2.96139406E-03-7.82068194E-03-1.30337760E-01 1.12874418E-01
14  4 1.81727380E-02 3.13756175E-02 3.42651679E-02 3.97366911E-01 1.93506368E-02
14  5 3.10506730E-02 3.99133205E-02-4.42984288E-02 5.20453279E-02-5.23092613E-03
14  6-4.99491703E-02 5.83260542E-02 6.33014907E-02 8.26166931E-03-2.07241724E-03
14  7-5.35543392E-03 3.30138793E-02-3.04914113E-02-9.39138384E-03-2.10013997E-02
14  8 2.47932320E-02-1.15068763E-01-1.17571113E-02-1.11226877E-02 2.26642561E-02
14  9 5.38302944E-02-1.43920061E-02 5.41708344E-02-1.60719338E-02 2.84588965E-02
14 10-2.60140240E-02 1.41753119E-02-2.48825428E-03 8.92256363E-03-9.57992494E-02
14 11 1.25133585E-02-6.51947050E-03 2.55151731E-03-6.30521330E-03 5.88208551E-03
14 12-8.90474420E-04 3.83959040E-04-4.19809913E-03 2.24043836E-02-2.88283187E-04
14 13-4.15430056E-04-5.60833995E-03 4.35946096E-03 2.29461774E-03 1.22403523E-03
14 14-7.35559568E-03-1.90820761E-02-7.25870589E-03 2.19769552E-02-5.57942376E-03
14 15-2.71654786E-02-1.24356136E-02
15  1 5.04328801E-02-2.93662709E-01 3.99775722E-04 9.98644482E-04-1.00743893E-02
15  2 3.62276877E-01-1.51731552E-03-3.94068360E-03 1.81544156E-02 3.49079083E-01
15  3-3.94005352E-03-4.82613836E-03-1.69706795E-02 1.18499439E-01-1.23221892E-01
15  4-1.74252524E-02-3.30583992E-02 1.09784552E-01-3.15065157E-01-4.42852833E-03
15  5 8.47993532E-04 3.23547783E-02 1.18300177E-01-1.22958726E-01 9.96865017E-03
15  6 8.00156947E-02-7.35709445E-02-3.15818029E-01-2.19325379E-03 3.94242414E-02
15  7-3.12864165E-02-4.85813434E-02 4.35157885E-02 3.94464992E-04 7.89933129E-02
15  8-4.93207660E-02 1.90785130E-01 7.17310191E-03 5.27421854E-02-3.92879925E-02
15  9-6.49543546E-02-4.14716934E-03-6.77448532E-02-3.71248434E-04-3.82295656E-02
15 10 3.41313932E-02-2.95144751E-02-3.20025529E-03-3.82142774E-02 1.38689573E-01
15 11-2.42679460E-02 2.59973251E-03-1.96294645E-02 5.68720425E-03-5.24166702E-03
15 12-1.12279842E-03-1.17189352E-03 7.83746525E-03-2.22294258E-02-2.46002396E-03
15 13 6.78884771E-04 7.86694859E-03-5.93739828E-03-3.64398598E-03 2.88578684E-04
15 14 9.22381486E-03 3.31008943E-02 2.40031729E-02-6.43064050E-02 1.81224152E-03
15 15 6.16939024E-02 3.33603593E-02
16  1 1.76572787E-02-1.03849296E-01-1.42994949E-02-2.18571280E-02-2.77097023E-02
16  2 1.27942201E-01 2.86555401E-02 4.43892242E-02 5.39165928E-02 1.55095479E-01
16  3 1.37549629E-02 1.81315071E-02 1.04070393E-02 1.16307854E-01-1.04243864E-01
16  4 7.87671062E-02 1.16244899E-01-2.37877796E-02-4.45403499E-01 3.46858677E-02
16  5 4.22479666E-02-2.72277671E-03-1.30246738E-01 1.31903245E-01 8.83331369E-02
16  6 7.28621147E-02-6.63862630E-03 4.57058568E-01 6.79514832E-02 4.25858394E-03
16  7 1.29078086E-02 5.08813675E-02-4.67794493E-02 6.64119963E-02-1.41888994E-01
16  8 6.47270358E-02-2.07756815E-01 5.32818721E-02-1.16823837E-01 5.47372869E-02
16  9-1.20812323E-01-4.28588540E-02-1.05421928E-01-3.60161519E-02 1.23939200E-02
16 10-1.02093171E-02 4.85781284E-02 2.96483272E-02 3.82868786E-02-5.31976686E-02
16 11 3.83555901E-02 2.34833444E-02 2.25882843E-02-7.72013530E-04 7.31946638E-04
16 12 7.51276507E-03-1.52971035E-02-2.13631242E-03 4.42792075E-03 8.98959056E-03
16 13-1.42242848E-02-2.77677990E-04-4.66072589E-03-3.03595489E-03 1.23302836E-02
16 14 6.41584430E-03-3.73162396E-02-3.33689069E-02 1.37977296E-01 3.46633231E-02
16 15-8.69203869E-02-6.33253541E-02
17  1-1.81618293E-03 1.07311433E-02-1.29286080E-02 1.27958485E-02 4.66448234E-03
17  2-1.18739821E-02 2.65869706E-02-2.59818278E-02-9.86664792E-03-1.95515666E-02
17  3 1.53459832E-02-1.56561234E-02-5.35070206E-04-1.46247170E-02 1.01368634E-02
17  4 1.13140834E-01-9.85054706E-02 8.02191675E-03 8.15512863E-02 1.03998301E-01
17  5-6.98986611E-02-4.43950217E-03-1.32764579E-02 6.32809793E-03 2.57153359E-01
17  6-8.14915639E-02-5.29665789E-02 6.61204740E-02 1.68535597E-01-5.65573031E-03
17  7-5.91191652E-02 1.33956562E-02-1.46257672E-02 4.37910783E-02 2.45802323E-01
17  8-1.46973887E-01-4.94562851E-02 3.98867455E-02 2.19874477E-01-1.33341514E-01
17  9-4.44426488E-02-2.04958615E-02 8.27381886E-02 3.10206576E-02-8.73914316E-04
17 10 1.33352810E-04 7.60974228E-02 1.80760392E-02 3.18805671E-02 2.62739497E-03
17 11 6.63743148E-02 1.39948061E-02 2.44942685E-02 7.16040183E-03-9.12164661E-03
17 12 2.75484203E-03-5.52522475E-02 7.32971828E-02-2.29050618E-02-1.95933547E-03
17 13-4.81402106E-02 7.49399174E-02-5.64338378E-02-3.52751473E-02 3.19017747E-02
17 14 2.62055410E-02-5.12760202E-02-3.55839292E-02 1.35219222E-01 6.65777223E-02
17 15 1.56754385E-01 1.01715319E-01
18  1 1.13315617E-03-6.75789135E-03-1.52846097E-02-4.49859611E-03-2.47355245E-03
18  2 7.82212461E-03 3.18478185E-02 9.28648596E-03 4.45785052E-03 1.66285453E-02
18  3 1.81585955E-02 4.88135452E-03-1.47451783E-03 8.78570564E-03-4.94881017E-03
18  4 9.60909711E-02 1.00011301E-02-2.55845775E-02-6.97388672E-02 6.79406799E-02
18  5-1.53653387E-02-1.81551450E-02-8.86481763E-03 9.88938881E-03 6.17461487E-02
18  6-5.72916653E-02 3.83726484E-02 4.50806950E-02 2.55802818E-02-5.45417874E-02
18  7 6.56336466E-02-1.35829506E-02 1.25241394E-02-1.28739175E-02 8.35710466E-02
18  8 1.42194264E-04 5.61771765E-02-1.07239584E-02 7.88017154E-02 1.80785914E-03
18  9-6.14586144E-02-3.24923416E-02 1.73873021E-02 8.95750073E-03-8.18143297E-03
18 10 1.02143368E-02-4.52936853E-02-5.92698665E-02 2.36687669E-02 2.95648493E-02
18 11-4.32802997E-02-6.38470935E-02 2.75282718E-02 2.38937057E-03-8.21990368E-04
18 12-6.23774195E-02 3.37335038E-01-1.53803484E-01-1.31926862E-02-5.35469488E-02
18 13 3.08125650E-01-1.40881406E-01 2.07203325E-01 1.52902188E-01-2.03172695E-01
18 14-1.63197763E-01 3.01919146E-02 1.98715745E-02 3.35332753E-02 1.07919184E-02
18 15 2.58854862E-02 3.07191040E-02
19  1-4.01242182E-03 2.38037167E-02-3.26582795E-02-2.81579766E-02 4.83705623E-02
19  2-2.71077653E-02 6.88496879E-02 5.83683577E-02-1.02196643E-01-4.85836477E-02
19  3 4.52828429E-02 4.65832254E-02-5.69657214E-02-2.44740872E-03 3.03876364E-03
19  4 2.11349493E-01 1.85103170E-01-4.81565549E-02-1.75185880E-02 1.70475683E-01
19  5 1.41275472E-01-1.99579356E-02 1.69745195E-02-1.55870639E-02-2.23700857E-02
19  6-1.63157636E-01 2.24935095E-01-7.85695500E-02-4.30540121E-02-7.34252489E-02
19  7 1.86993695E-01-3.95466899E-02 3.82739050E-02-1.17485476E-01 1.30921404E-01
19  8 1.09574611E-01 1.52365907E-01-1.18367743E-01 1.34925549E-01 1.08302152E-01
19  9-1.41437660E-01-9.04648544E-02-3.29127834E-02-2.39891488E-02-2.98584589E-05
19 10 5.55590554E-04-7.98308597E-02-5.15217318E-02-8.54966709E-02 4.11086308E-03
19 11-6.68828696E-02-4.73850213E-02-8.06680317E-02-6.16564555E-03 6.85037555E-03
19 12 2.58183605E-02-1.14550693E-01 3.67596122E-02 2.25758393E-02 2.66438449E-02
19 13-1.06530589E-01 2.34331912E-02-6.45823995E-02-5.36776041E-02 6.21645236E-02
19 14 4.80649017E-02 5.95715032E-02 4.93232323E-02-4.19469634E-02-1.80555724E-02
19 15 5.83896197E-03 2.92758794E-02
20  1-1.24381502E-02 7.37235196E-02 8.45252898E-04 5.06051621E-02 8.82888236E-02
20  2-9.30562790E-02-1.96449661E-03-1.07113978E-01-1.85273212E-01-1.31194400E-01
20  3 4.78908760E-03-5.82661879E-02-1.05003883E-01-1.26562935E-02-1.94662265E-03
20  4 7.89850205E-02-1.41526011E-01 1.93516810E-01 1.15007712E-01 7.43792208E-02
20  5-8.74892470E-02 1.47288301E-01 2.06531353E-02-1.17122442E-02 1.02862970E-01
20  6 2.50402338E-01 4.56302939E-02-1.09786748E-01 1.20371861E-01 1.80031545E-01
20  7 5.89534044E-02 5.41428634E-04-2.80383527E-03 1.47972993E-01-8.00710660E-02
20  8 1.38686584E-01 1.47840485E-02 1.49140202E-01-8.64544812E-02 1.38747276E-01
20  9-4.07745785E-02-3.19721589E-02 9.91430852E-02 6.21142795E-02-8.79930608E-03
20 10 8.45579784E-03-8.42664936E-02-2.92952606E-02-1.47800886E-01 4.12377720E-02
20 11-7.68019893E-02-2.92205063E-02-1.38114614E-01 6.41428524E-04 7.43698524E-04
20 12 1.06765429E-02-4.76092437E-03-2.75321301E-02-5.78273962E-03 1.42308725E-02
20 13-2.00261481E-03-2.95401722E-02 9.16625575E-03 4.57049244E-03 5.38767657E-03
20 14 1.04182612E-02 7.16915765E-02 6.18217735E-02 5.92442133E-02 2.67733661E-02
20 15-6.79781650E-02-6.98193099E-02
21  1 7.19294788E-03-4.26689649E-02-5.97930619E-02 2.61844443E-02-6.52846506E-02
21  2 5.07150320E-02 1.26010140E-01-5.49462094E-02 1.38472103E-01 8.29250342E-02
21  3 7.95137941E-02-4.25329028E-02 7.65682135E-02 7.66087950E-03 8.19222535E-04
21  4 2.37754676E-01-2.11733783E-01-8.02517943E-02-6.85028233E-02 2.17141286E-01
21  5-1.94279495E-01-6.15053115E-02 6.53566728E-03-8.78768457E-03-1.31039836E-01
21  6-1.22393477E-02-7.52620216E-02-1.42160430E-02-1.36530060E-01-4.25383889E-02
21  7-5.51435472E-02-2.21681689E-02 1.95846771E-02-6.54701143E-02-1.51931431E-01
21  8-2.99328203E-03 9.65581295E-02-5.98113791E-02-1.47857344E-01-8.01225620E-03
21  9-1.43483809E-01-7.82385497E-02 1.98343619E-01 1.30582802E-01 6.10428586E-03
21 10-6.70313585E-03 3.03296992E-02 1.51807038E-02 6.07698972E-02-2.52793677E-02
21 11 2.86138953E-02 1.68201124E-02 5.80602831E-02 5.73526715E-04 1.06993294E-04
21 12 1.01691234E-02-4.24597695E-02-2.67533516E-02-3.02746649E-03 9.95093814E-03
21 13-4.32276977E-02-3.10707889E-02-5.75410394E-03-6.26743799E-03 2.39664984E-02
21 14 1.88924978E-02-3.00089190E-02-2.62338627E-02-8.85443227E-02-4.40294908E-02
21 15-7.19130673E-02-6.66361269E-02
22  1-4.21112525E-03 2.49860472E-02 2.11022282E-02 1.39831289E-02 4.61431416E-02
22  2-3.49160470E-02-4.40003790E-02-3.14178749E-02-9.62182160E-02-4.27060165E-02
22  3-3.21808928E-02-9.82512303E-03-6.75137127E-02 3.02107593E-03-6.31873538E-03
22  4-1.18902917E-02-1.87469457E-03 7.97845827E-02-3.11144633E-02-4.31736270E-02
22  5 3.28074057E-02 8.18713744E-02 2.86623616E-02-3.88552429E-02 2.41402633E-02
22  6-9.00707259E-03-1.07121994E-02-5.15639037E-02 3.81227873E-02-5.82977244E-02
22  7-7.34738912E-03-4.80453718E-02 4.04747666E-02-1.06099447E-01 2.66810241E-02
22  8 1.40773766E-01 2.31160684E-01-1.06870514E-01 2.75431983E-02 1.60067174E-01
22  9-5.34853942E-04-1.39053188E-02-1.17985002E-02 3.06494748E-02-7.94675662E-02
22 10 6.92898194E-02 3.49896423E-01-1.22861617E-02 9.05525468E-03 3.43984059E-01
22 11 3.45913325E-01-2.18195877E-02 6.04758619E-04 1.81735859E-02-9.86037529E-03
22 12-8.35303499E-03-2.30616594E-03-1.03741471E-01-1.01279147E-01 7.61337807E-04
22 13 7.92985712E-03-1.14886409E-01 4.84779944E-02 2.20319606E-02 1.78306566E-02
22 14 7.14298229E-02-2.08207276E-01-1.75054459E-01-1.32024115E-02-2.09349428E-03
22 15-6.53502853E-02-6.15615847E-02
23  1 8.60584199E-03-5.13803156E-02-6.78655015E-03-4.95272958E-02-1.58468766E-01
23  2 4.85120252E-02 1.57477318E-02 1.04878734E-01 3.39088154E-01 1.52560265E-01
23  3-1.32119496E-03 7.01506460E-02 1.94442742E-01 6.21791724E-03 1.10666425E-02
23  4-1.09154316E-01-1.37586326E-01-1.39904869E-01-1.04904848E-01-1.36587028E-01
23  5-1.36112199E-01-1.56954548E-01 5.81503686E-03-1.26591989E-02 1.36351303E-01
23  6 2.38340961E-02 7.19966565E-02 1.93341110E-02 1.06892378E-01 2.17715823E-02
23  7 1.43881830E-01-3.62619309E-02 3.23320261E-02-1.33812451E-02 9.90009391E-02
23  8 2.32052800E-01 1.59326629E-01-1.72088078E-02 1.06561138E-01 2.48281551E-01
23  9 9.80122379E-02 8.42917470E-02 5.89814293E-02 6.99409049E-02-1.54581202E-03
23 10 1.40448041E-03-4.00870348E-02-8.72453643E-02-5.15599986E-02 1.47129271E-02
23 11-3.16144712E-02-9.44632890E-02-4.67540429E-02-5.67430807E-03 7.15074274E-03
23 12 4.64770463E-02-5.04276691E-02-3.13033366E-02 2.28207873E-02 5.89364633E-02
23 13-5.02397274E-02-4.60899652E-02-1.37645005E-02-1.73791205E-02 2.10457171E-02
23 14 6.41038133E-03 3.40834532E-02 2.95706831E-02 8.78370187E-02 7.61660223E-02
23 15-5.70223712E-02-3.76792545E-02
24  1 4.97336847E-04-3.01376042E-03-1.70960267E-02-2.22530859E-02-5.06889573E-03
24  2-4.73674116E-04 3.68390009E-02 4.74272244E-02 1.16077381E-02 2.03932596E-02
24  3 2.55823287E-02 3.42942798E-02-3.15057385E-03-7.01798648E-03 9.36905405E-04
24  4 2.40222160E-02 8.92311099E-03-2.72169525E-02 7.81941439E-02 8.17106588E-03
24  5 3.04909885E-02-6.77941369E-02 1.16944027E-02-5.57002826E-03-1.01466264E-01
24  6 3.29890339E-02 5.26357562E-02-1.09710602E-01 3.83956367E-03 4.09014169E-02
24  7 4.68859007E-03 1.98460544E-02-1.38973011E-02 1.38913314E-01-2.24569177E-02
24  8 5.34634402E-02-9.99987969E-02 1.56690901E-01-4.39955125E-02 8.09452099E-02
24  9-1.70241490E-02-3.93212027E-02 1.39790996E-02 2.93160702E-02-4.13378870E-02
24 10 3.64914041E-02 1.11386783E-01-1.29688592E-01 1.23262971E-02 1.90254776E-01
24 11 1.09510702E-01-1.50959872E-01 1.74300903E-02-7.41832070E-02 6.45586512E-02
24 12 1.75593050E-01 1.56162691E-01 2.85280667E-01 3.28018378E-01 2.00605287E-01
24 13 1.78978551E-01 3.13968840E-01-1.09053185E-01-9.00826503E-02-1.00286945E-01
24 14-9.30468982E-02-6.60034263E-02-7.79025450E-02-8.74487535E-02-6.27532979E-02
24 15 2.71746579E-02 8.95445985E-02
25  1 2.05294544E-03-1.21515175E-02-5.61854251E-02-8.61210733E-02-2.79058652E-02
25  2 1.68401130E-02 1.20137775E-01 1.85525031E-01 5.93215462E-02 2.56576693E-02
25  3 9.60138577E-02 1.39788315E-01 4.03508464E-02-2.63068415E-02 2.89266758E-02
25  4 1.92294011E-02 4.15503076E-02-1.03356851E-01 1.49625295E-01 1.54311482E-02
25  5 3.59470891E-02-1.18789547E-01 4.25159176E-03 6.77314907E-03-1.31928633E-01
25  6 3.90839520E-02 9.68035379E-02-8.15187907E-02 1.11671297E-02 6.04317152E-02
25  7 7.03646892E-02 4.38635091E-02-4.25012540E-02 2.99994536E-01 2.89387844E-02
25  8-5.94991022E-02-1.68130436E-01 3.37749881E-01 2.84275430E-02-7.11995228E-02
25  9 8.48453828E-03-3.48717180E-02 1.90553531E-02 6.94816386E-03-2.68722788E-02
25 10 2.05896412E-02 1.01216820E-01-3.50440225E-02-1.09120406E-01 1.34386265E-01
25 11 1.00339414E-01-3.52719574E-02-1.16159161E-01 4.69226258E-02-4.13187730E-02
25 12-1.81636579E-01-6.24060028E-02-9.84726136E-02-2.13934113E-01-2.11684047E-01
25 13-6.42742469E-02-9.65147638E-02 6.37117760E-02 4.85472705E-02 4.86849329E-02
25 14 8.18290088E-02-5.47438139E-02-4.98018930E-02-1.12244453E-01-1.55372974E-01
25 15 8.60011123E-02 2.23518321E-02
26  1-1.79264792E-04 1.04504522E-03-2.07139905E-01-1.40145540E-01 8.20089306E-02
26  2-3.68478140E-03 4.45771925E-01 3.01833869E-01-1.75895492E-01 3.93441319E-03
26  3 3.80470943E-01 2.55877780E-01-1.54586842E-01 5.76007544E-04-3.41316130E-03
26  4-9.64982942E-02-6.69857713E-02 3.67792261E-02 5.83099944E-03-3.58357508E-02
26  5-2.43228266E-02 7.45514143E-03 1.87797682E-02-2.31209751E-02 6.47039943E-02
26  6 4.83903947E-02-8.32317987E-02-8.60509089E-02 9.31696993E-03 6.21020016E-02
26  7-6.23106963E-02-1.04128687E-02 1.02843774E-02-1.11536060E-01-3.92407356E-02
26  8-2.77379566E-02 3.79569191E-02-1.34056507E-01-4.01821640E-02-3.17707233E-02
26  9 8.42177369E-02 1.11439432E-01 3.64193058E-03 2.95946850E-03 4.44011713E-03
26 10-4.37656627E-03-1.00098013E-03 6.46183135E-02-5.77860854E-03-2.08772248E-02
26 11 2.05371914E-03 7.44078102E-02-1.26659326E-03-6.42387166E-03 6.47157649E-03
26 12 5.60773255E-02 3.22880250E-02 1.94814691E-03 2.47212632E-02 6.62958113E-02
26 13 3.64780138E-02 1.78477108E-03-3.05484412E-03-1.33112271E-03-1.39535843E-02
26 14-2.24905653E-03 3.78355173E-03 1.50558247E-02 4.94168913E-02 8.91658240E-02
26 15-3.06162995E-02-2.73331686E-02
27  1-8.05713750E-06 3.08228709E-05 1.69733497E-01-2.12468093E-01 4.67758057E-02
27  2-4.79098191E-04-3.65507381E-01 4.57529675E-01-1.00491617E-01 8.05104470E-04
27  3-3.12904767E-01 3.90213432E-01-8.62626341E-02 6.00881304E-04-4.66627695E-03
27  4 8.34893237E-02-9.47819065E-02 2.17296973E-02 1.53935200E-02 5.36557236E-02
27  5-3.99130814E-02 6.25438036E-04 1.00836513E-02-1.15144904E-02 1.03114430E-02
27  6 2.13854177E-02-5.84298196E-02-4.65000963E-02 1.90690615E-02 2.08758453E-02
27  7-5.40353907E-02-4.05325164E-03 1.24841990E-03-1.97759164E-02-2.98676152E-02
27  8-1.29914237E-02 2.88943134E-02-2.24621476E-02-3.76389527E-02-1.04074037E-02
27  9-6.34611484E-02-6.16503453E-02 9.73663911E-02 1.04847002E-01 7.07518305E-03
27 10-7.29821970E-03-2.38300328E-02 2.65104194E-02 4.00704590E-02-3.03312839E-02
27 11-2.69454629E-02 3.11007933E-02 4.82597800E-02-2.45109421E-03 1.83399652E-03
27 12 2.25397820E-02 1.24575422E-03-7.42341718E-03 1.30685775E-02 2.60191759E-02
27 13-8.64422347E-04-8.98408760E-03-1.84933902E-03-1.68677044E-04-2.67472811E-03
27 14-9.49853916E-03 9.01688186E-03 8.76448281E-03-4.66588081E-03-1.29331365E-02
27 15-1.52337089E-02-1.64363154E-02
28  1 1.47398485E-04-1.09196741E-03-1.70633298E-02 7.81472977E-03 4.27264435E-02
28  2-2.08628778E-03 3.70000965E-02-1.70239708E-02-9.30386455E-02 2.01112423E-02
28  3 2.83420609E-02-1.88338453E-02-8.92695181E-02 3.65513799E-03-9.74963534E-03
28  4-1.24741119E-02 2.90243089E-02 2.21857433E-02 8.63901969E-04-1.54029056E-02
28  5-3.89761086E-03-3.15271889E-02 1.02069477E-03 4.74305038E-04-3.91426434E-02
28  6-1.39539012E-02-5.62175238E-02 3.82427078E-03-1.65577403E-02-1.56370517E-02
28  7-3.27643665E-02 1.17750736E-03-5.17422807E-03 1.74703413E-01 9.60049490E-02
28  8-1.51468441E-02 3.08886902E-02 2.09026911E-01 1.28842394E-01-1.78901444E-02
28  9-3.70497655E-03-2.29339958E-02-3.49297209E-02-3.65244203E-02 4.26026400E-03
28 10-5.68610518E-03-5.01877695E-02-1.04017052E-01 2.09731476E-01-1.03806993E-02
28 11-6.06830336E-02-1.25010980E-01 2.46207862E-01-5.98645284E-03 3.12536895E-03
28 12 2.98766180E-01-1.08529577E-01-2.49801067E-01 3.93867517E-02 3.53457158E-01
28 13-1.31266271E-01-2.91229638E-01-5.70968590E-03-1.75527763E-03 1.10096632E-02
28 14-2.75669138E-02 7.40231796E-03-2.21446075E-02-5.24261874E-02-5.85002462E-02
28 15 1.82971238E-02-9.70862379E-02
29  1-2.66524062E-04 1.27809168E-03-2.58301872E-02 4.30146257E-03 4.69900119E-02
29  2-1.54795302E-02 5.69576080E-02-1.16183484E-02-9.92957811E-02 3.81506306E-02
29  3 4.02402735E-02 8.84385353E-04-1.16603543E-01 1.50001355E-02-2.09886100E-02
29  4-1.60541191E-02-3.49532671E-02 4.65723413E-02-5.63009293E-02-2.44218151E-02
29  5-4.44056667E-02-6.73689750E-03 9.98713362E-03-2.41519697E-02-2.91031941E-02
29  6-1.87038652E-02-8.77575592E-02 3.13658095E-02-3.71514719E-02 1.51779878E-02
29  7-6.07585555E-02-3.84068122E-03 8.08169594E-03 9.47429480E-02 1.11960922E-01
29  8 2.81601569E-01-2.02244807E-02 1.05939435E-01 1.32241189E-01 3.31086640E-01
29  9-8.76082031E-03-1.59911265E-02-5.38658040E-03-2.69232782E-04 1.16317579E-02
29 10-1.63273071E-02-6.93875073E-02 8.36190448E-02 2.93968664E-01-3.11577933E-02
29 11-7.84027534E-02 1.03587418E-01 3.43716587E-01 4.13477100E-03-6.92730733E-03
29 12-2.25622268E-01-1.91172134E-02 1.17533720E-01 5.91720702E-03-2.65546910E-01
29 13-3.59790692E-02 1.31611859E-01 1.19136188E-03 2.67812333E-03 1.88638515E-02
29 14-7.22733372E-02 1.05477908E-02-2.23670619E-02-5.79766573E-02-6.43706790E-02
29 15-2.24544956E-02 4.78126431E-02
30  1-2.08874779E-04 1.49581040E-03 6.37289045E-03 7.91718098E-03-3.30759597E-02
30  2 2.32036452E-03-1.35946203E-02-1.77101770E-02 7.26880560E-02-2.46971985E-02
30  3-1.20574279E-02-5.49812705E-03 7.61860571E-02-1.69407148E-02 2.53196900E-02
30  4 2.82620653E-02 2.02604986E-02-4.98295107E-02 8.91917192E-02 4.64238248E-02
30  5 8.23356603E-03 1.66130193E-02-1.77428835E-03-7.52471655E-04-4.92028688E-02
30  6-4.97273173E-02 8.70759029E-03 4.18044063E-02-6.23150702E-02 2.96156325E-02
30  7-6.02343331E-03 4.84660833E-03-6.37615185E-04 9.00366944E-02 1.09196432E-01
30  8 9.96036590E-02-5.06768752E-02 9.58119476E-02 1.39890711E-01 1.11075301E-01
30  9-4.92657716E-03-2.20466648E-02 1.83188077E-02-3.10884520E-02 6.21485875E-03
30 10-6.82654614E-03 1.71954810E-02 4.37976143E-01-1.11726816E-01-1.55150485E-02
30 11 1.49510425E-02 4.99301810E-01-1.24980706E-01-2.65328477E-03 7.33340953E-03
30 12 1.70373345E-01 1.06987771E-01-3.50059163E-02-2.22815937E-02 2.06347018E-01
30 13 1.34737236E-01-3.32102680E-02 8.41997769E-03 3.72134860E-03-1.95900536E-02
30 14 8.04111178E-02 6.67236803E-03-3.64585305E-02-5.82620588E-02-6.04361670E-02
30 15 5.68358196E-03-7.01716667E-04
 $END   
 $GRAD  
E=     -762.2878363442  GMAX=   0.0540833  GRMS=   0.0142785
CL          17.    1.1072618981E-04    3.1073234576E-04    2.4919531876E-04
C            6.    1.3392403693E-04    3.9882874609E-05    2.9510897160E-04
C            6.    5.5981343824E-03    2.9607970704E-02    5.4083346993E-02
O            8.   -2.2675476518E-04    9.0584643573E-05    3.8056450450E-05
H            1.   -8.8516921815E-07    2.6077952574E-05    9.1331985896E-07
H            1.   -1.0348758726E-04   -4.9717198457E-05   -1.4323443337E-04
O            8.   -6.0802640432E-03   -3.3125317285E-02   -5.2598159599E-02
O            8.    6.4744631434E-03   -3.1613737624E-04   -7.8821785534E-03
H            1.   -2.5496825585E-04   -1.5934234048E-04    4.0035417509E-04
H            1.    5.3029127502E-04    3.8710045065E-03   -1.8416372963E-03
H            1.    2.2787698636E-05   -4.6077498215E-05    2.4560718829E-04
H            1.    3.0300820308E-05   -2.5605146949E-04   -2.5439156963E-04
H            1.   -6.2342674397E-03    6.3900836560E-06    7.4070190369E-03
 $END
-------------------- DATA FROM NSERCH=   7 --------------------
 COORDINATES OF SYMMETRY UNIQUE ATOMS (ANGS)
   ATOM   CHARGE       X              Y              Z
 ------------------------------------------------------------
 CL         17.0   3.1371265195   0.7114400953   0.4468778826
 C           6.0   2.7960267350   0.1368038884  -1.3289378883
 C           6.0   3.3041025831   1.1836941285  -2.2634957044
 O           8.0   2.5303329917   2.3025746866  -2.3000650665
 H           1.0   1.7169215572   0.0308793281  -1.3918408779
 H           1.0   3.3247161164  -0.8010350742  -1.4507990824
 O           8.0   3.1509799415   0.3323863600  -3.8420483771
 O           8.0   3.9132530679   2.8577802454  -4.5153941521
 H           1.0   3.4468064177   3.3184156383  -5.2491084011
 H           1.0   3.7015571676   1.8741895117  -4.5901845679
 H           1.0   2.1654488350   0.3901975301  -3.9659719584
 H           1.0   4.3831429682   1.3061074311  -2.2806493995
 H           1.0   2.9297542359   2.9045317501  -3.0085615983
--- CLOSED SHELL ORBITALS --- GENERATED AT 22:11:37 29-JUL-2026    
Chloroacetaldehyde hydrate and water                                            
E(R-WB97X-D)=     -762.2878519579, E(NUC)=  306.6691903286,    7 ITERS
 $VEC   
 1  1 9.85802782E-01 5.34284522E-02-2.12564576E-05-3.67540984E-05-1.72424970E-04
 1  2-1.87714447E-02 6.66867633E-05 1.12923963E-04 6.48285503E-04 1.02715319E-02
 1  3-2.42007324E-04-4.44238682E-04-1.80187377E-03-3.04267185E-05-4.17141771E-04
 1  4-4.33581376E-06-1.29031401E-05-1.51747568E-04 8.87032487E-04-4.56070221E-05
 1  5 4.20338444E-04-1.51023858E-03 9.12687887E-05 6.92896984E-04-2.01213845E-06
 1  6 1.30904584E-05 3.60881494E-04-2.37287791E-03 6.21169517E-04 1.43265040E-04
 1  7-1.65808067E-03-2.07835651E-05-1.59689085E-04-1.60100083E-05 2.66096729E-05
 1  8-4.42143454E-06 6.97483636E-04 1.64404876E-04-3.31147620E-04 2.13571512E-04
 1  9 1.49717850E-04-8.41266927E-04 2.01857987E-04-7.39358017E-04 9.42812186E-06
 1 10 9.07144046E-05 9.59565079E-06 9.06230945E-06 3.47595656E-05-2.83741000E-04
 1 11-4.80883562E-05-7.02300402E-05-1.73940272E-04-7.16273497E-07-8.17939124E-07
 1 12-3.54948698E-06-4.21546386E-06 2.88083054E-05 4.74942362E-05 5.42994193E-06
 1 13-1.66851429E-06-8.76856202E-05-3.21762281E-05 2.28609415E-05 5.08246599E-05
 1 14-2.06364127E-04 2.47287311E-07-6.65623290E-06 2.32102550E-04-1.97763083E-04
 1 15-1.92881117E-05 4.80322403E-05
 2  1 8.32923452E-06-6.47140199E-05-2.28201043E-05 7.09783717E-06 5.61141119E-05
 2  2 6.29384104E-04 1.56514161E-04-2.91842569E-05-3.37002807E-04-8.22076178E-04
 2  3-7.66869891E-04 2.53425136E-04 6.32097997E-04 1.63923705E-04 5.30454616E-04
 2  4-5.24311868E-04-5.56361957E-04 4.49248661E-04-5.23952128E-03 4.54852737E-03
 2  5-3.63685577E-03 1.66430940E-03-7.36432173E-04-3.02022693E-03-5.65319612E-04
 2  6 2.35595721E-03 4.70171335E-05 2.16043882E-02-1.17918615E-02 8.76269805E-03
 2  7-8.04963503E-04 9.82651846E-01 1.05563612E-01 3.16840501E-03-1.71095097E-03
 2  8-1.72259482E-03-5.40354879E-02-8.72638241E-03 7.28879840E-03 3.96356630E-03
 2  9 9.34721195E-04 2.12750960E-03-6.64846570E-04-4.51839789E-04 7.28844023E-03
 2 10 1.88642713E-03-3.57907908E-04 5.12549611E-04 3.31869054E-04-3.03633514E-03
 2 11 1.49496278E-03-2.34994479E-03-1.79180723E-03 4.80168415E-03 1.36886962E-03
 2 12-2.45533968E-04-3.01481595E-05 6.24129064E-04-1.84765661E-03 9.18951635E-04
 2 13 2.00159283E-04-2.20096460E-03 1.59828288E-04-7.61295143E-04 4.42169228E-04
 2 14-6.18219579E-04 9.15276405E-04-8.14820145E-04-6.86755179E-04 1.11408380E-03
 2 15 3.06827556E-03 6.77428529E-03
 3  1-6.54879920E-06 4.10927598E-05 7.66320935E-06 3.03874001E-05-3.78567062E-05
 3  2-7.94158563E-04-4.35600415E-05-1.75789607E-04 2.85606437E-04 1.44630531E-03
 3  3 1.38866441E-04 4.94177482E-04-1.35942033E-03 2.16045415E-04 7.84535395E-04
 3  4-9.67709645E-05-1.72440227E-04 7.80380647E-04-6.75532700E-03-1.20254449E-03
 3  5-2.00166273E-03 2.48791898E-03-9.38504267E-04-5.29428853E-03-1.15060642E-04
 3  6 8.85908214E-04 5.41972508E-04 1.79131010E-02-2.34660595E-03-5.27869864E-03
 3  7-5.43802869E-03-7.11059918E-03 4.36009242E-04-7.83034871E-05-4.18981819E-04
 3  8-3.88752175E-04-3.37529836E-03-3.26680242E-04 2.92980308E-03 1.88538890E-03
 3  9 7.41902589E-04-1.01678124E-03 2.65349716E-04 3.75001014E-04 9.82158413E-01
 3 10 1.02561328E-01-2.21860010E-03 1.72262708E-03 1.27236817E-03-4.27304668E-02
 3 11 4.46539379E-03-4.75862505E-03-4.10192563E-03 2.14385014E-02 3.28860410E-03
 3 12-4.14814435E-05-6.05472422E-04-2.40154320E-05-4.06559457E-03 2.23887604E-04
 3 13 2.65555562E-03 3.47292914E-05 3.69165620E-04-1.17254283E-03-1.80824939E-04
 3 14 5.81653923E-03 3.29106845E-03 6.07811764E-03-1.29738207E-03-1.81948340E-03
 3 15 5.01868484E-04-1.12573079E-03
 4  1-8.30110974E-08 9.36957820E-07 6.72368883E-06-2.10715175E-06-1.34810339E-06
 4  2-1.71850543E-06-3.44841415E-05 9.16005183E-06 9.14760654E-06-2.92617193E-05
 4  3 5.29464535E-05 4.93857542E-06 1.45122350E-05 1.78466621E-06 5.93404520E-05
 4  4-4.50218257E-05 4.90243473E-05-7.12222988E-05 5.16673545E-05 1.67001505E-04
 4  5 2.70038213E-05 3.89258573E-05 6.63549277E-05 4.11488757E-04 6.90148273E-07
 4  6-1.08634352E-04-2.49961572E-06-1.48670406E-03 4.84056700E-04-5.05354750E-04
 4  7 2.50387097E-04-4.46904871E-03 4.03504049E-04 3.38781966E-05 4.21520955E-04
 4  8-2.39158613E-04-2.40941642E-03-3.07657371E-04-1.87011732E-03 1.31824144E-03
 4  9-3.54699513E-05 2.74403244E-04 4.67807066E-05-1.81800934E-04-2.12663492E-02
 4 10-1.24046078E-03 3.77209048E-04 5.46186041E-04-4.15894461E-04-1.03196543E-03
 4 11-1.22958428E-03-2.00192275E-03 1.39986950E-03 9.82129451E-01 1.02722507E-01
 4 12-2.19756578E-03-1.38124036E-03-1.74553661E-03-4.33630672E-02 4.65874854E-03
 4 13 3.53618648E-03 3.34755661E-03 2.96222744E-03 6.09070759E-03 2.36732221E-03
 4 14 9.50618333E-03 5.04793002E-04-1.50489018E-03 1.53201859E-04-4.86373591E-04
 4 15-4.58132348E-04 5.15525930E-03
 5  1 7.87467129E-05-1.01175207E-04-5.31788110E-06 5.29821170E-05-2.17798073E-04
 5  2-2.40967047E-03 4.43934964E-05-3.53477321E-04 1.50297412E-03 3.23611721E-03
 5  3-5.11567400E-04 1.04370345E-05-2.52023157E-03-8.96760452E-03-4.01586228E-03
 5  4-3.20427382E-04-5.06427010E-04 1.39727300E-04 2.57873474E-02 6.04306231E-03
 5  5 1.06675236E-02-1.22111115E-02 9.86493148E-01 1.10080218E-01-3.45198538E-04
 5  6-9.29446232E-04-4.50197095E-04-8.27173211E-02 1.80230503E-03 1.22054080E-02
 5  7-4.57712222E-03 2.13444174E-05-2.46708518E-04 3.04398083E-04 3.86491754E-04
 5  8-1.71457521E-04 6.84303356E-03-1.07342546E-03-2.74803241E-03 1.03880676E-03
 5  9-1.41940643E-03 1.65351427E-03-1.57735178E-03 1.14560702E-03-3.67674619E-04
 5 10-2.60261895E-03-1.36863341E-04-1.86362325E-04-5.17793982E-04 9.03238368E-03
 5 11 8.92797881E-04 3.02773789E-03 6.88044491E-03 2.58446421E-05 2.12656725E-04
 5 12 4.48608913E-05 1.17783983E-04-3.82690709E-05-7.75560312E-04-3.73357416E-06
 5 13-2.14335685E-04-1.15017933E-04 2.90967134E-04-4.93189274E-04-4.22460560E-04
 5 14 1.04533009E-03-1.39931783E-03 3.52546452E-03-5.95168691E-04 1.59512999E-02
 5 15 1.88927148E-04 2.69862797E-03
 6  1-2.76460385E-05-1.62010445E-04 6.25176757E-05 1.02414404E-04 3.37262914E-04
 6  2-2.14032096E-03-3.62708676E-04-5.95636975E-04-1.90670159E-03 1.28180908E-02
 6  3-1.31940809E-03-2.14460923E-03-8.56400852E-03 9.86477801E-01 1.11845333E-01
 6  4 3.49470055E-04 6.84366371E-04 1.11419326E-03-9.04548098E-02-2.77654316E-03
 6  5-6.06487451E-03 2.50842575E-03 8.41049645E-03-1.86389532E-03 4.03392783E-04
 6  6 4.80342971E-04-7.73336568E-05 2.33765469E-02-5.50290335E-03-1.02667430E-02
 6  7 8.97263886E-03 3.59606018E-05-1.76579736E-05-2.74167929E-05 5.01213144E-04
 6  8-3.26851208E-04-1.30604293E-03 5.38655028E-06-4.13261918E-04 5.43130620E-04
 6  9-9.43008667E-05 1.54935792E-02-1.81272250E-04 1.54253654E-02 1.82643215E-05
 6 10-4.01913924E-05 1.92215369E-04 1.88596612E-04-3.22617052E-04-5.65051128E-04
 6 11-6.10037426E-04-6.32969449E-04 1.59270683E-04 1.47149202E-05 1.02291989E-04
 6 12-3.70725975E-05 5.62922526E-05-1.42048877E-04-5.47589906E-04 1.85867513E-04
 6 13-6.72609862E-05 4.33721319E-04 3.17506116E-04-2.62669132E-04-2.31047089E-04
 6 14 1.30518587E-03-3.89153360E-04-5.79764289E-05-1.14408760E-03 1.34693118E-03
 6 15 4.63001427E-04 1.29398055E-03
 7  1-3.05122246E-01 9.77073544E-01-1.54633598E-03-2.77344835E-03-8.42992829E-03
 7  2 1.54272355E-01-6.62431985E-04-1.14483355E-03-5.20021322E-03-6.76854148E-02
 7  3 1.71488346E-03 3.12302430E-03 1.20214857E-02-3.12607107E-05 1.70719686E-03
 7  4-4.84049378E-05-2.42650001E-05 4.93679194E-04-3.09725773E-03 6.12450863E-04
 7  5-1.94126199E-03 9.96181083E-03-1.11268528E-04-3.68923598E-03 2.37313086E-05
 7  6-1.00811900E-04-2.07242718E-03 1.30706958E-02-3.65686304E-03-7.28725468E-04
 7  7 9.59968440E-03 1.06704062E-04 7.79574155E-04 6.80839289E-05-1.47369524E-04
 7  8 3.23446893E-05-3.82547374E-03-8.86082682E-04 1.88788988E-03-1.22805733E-03
 7  9-9.58393544E-04 5.07562412E-03-1.25703070E-03 4.43096531E-03-5.58728946E-05
 7 10-5.09171954E-04-5.10006353E-05-4.36112963E-05-2.13650363E-04 1.72140055E-03
 7 11 2.80226025E-04 4.12671946E-04 1.17637003E-03 4.54404395E-06 1.30692179E-05
 7 12 1.84112354E-05 1.71235204E-05-1.39834714E-04-2.87415231E-04-3.25087952E-05
 7 13 3.53337124E-05 4.66536222E-04 1.69590368E-04-1.41829367E-04-2.77333264E-04
 7 14 1.20665640E-03-5.67770747E-05 1.75944777E-04-1.27589937E-03 1.36111698E-03
 7 15 6.76030280E-05-2.60836808E-04
 8  1-3.21036666E-03 1.08699680E-02 1.69311678E-01 2.86850099E-01 9.11754833E-01
 8  2-3.22955888E-03 1.55299155E-02 2.62840215E-02 8.48702139E-02 4.83343549E-03
 8  3-5.05976262E-03-8.66630147E-03-2.92755745E-02-6.84251503E-04-4.44204637E-03
 8  4-3.65052789E-05-1.26359037E-04-4.54592577E-04 9.57471273E-03 8.90978857E-04
 8  5 3.48536238E-03-3.37630629E-03 4.13433210E-04 2.87976056E-03 2.83975544E-05
 8  6 8.20771780E-05 8.41265903E-04-1.20311114E-02 2.34002083E-03 1.53349242E-03
 8  7-7.74369610E-03-7.18783602E-05-4.42440424E-04-6.96772272E-05-3.13069524E-05
 8  8 3.04514499E-05 2.55608795E-03 7.19794852E-04-9.58898413E-04 6.62358639E-04
 8  9-2.59157553E-04-3.96575473E-03-4.60683727E-05-3.54026238E-03 2.30757430E-05
 8 10 1.70551439E-04 3.00498541E-05 8.11535148E-05-1.29535779E-05-8.67972788E-04
 8 11-1.58287766E-04-4.36225443E-04-1.89667586E-04-4.30210588E-06-1.78945494E-05
 8 12-5.06766212E-06-2.38181508E-05 1.00077539E-04 2.45005812E-04-8.35813491E-06
 8 13 1.33154815E-05-3.37451103E-04-1.44982385E-04 1.19097548E-04 2.28579612E-04
 8 14-9.23039439E-04-1.78033033E-04 3.77701896E-04 9.84585937E-04-3.88764405E-04
 8 15-1.34062797E-04-8.77856687E-05
 9  1 2.10406017E-05-1.15904848E-04 5.64516305E-01 7.18200763E-01-3.30599039E-01
 9  2 4.16895101E-04 5.06063794E-02 6.44276590E-02-3.01204827E-02 2.41987023E-04
 9  3-1.58606734E-02-2.02425484E-02 9.22759059E-03 2.51594244E-05 1.52849155E-04
 9  4-3.52344021E-05 3.19017588E-05 5.25250492E-04-8.28353175E-04 7.41762708E-04
 9  5-5.16052008E-04-2.21122409E-03-1.68816595E-04-1.38736211E-03-3.17581771E-05
 9  6-1.84848741E-04-9.67119028E-04 2.89003786E-03-5.38173234E-04 1.99044606E-03
 9  7 4.53871861E-03 4.20034727E-05 2.42804793E-04 9.74531988E-05 1.69711600E-05
 9  8-5.59229537E-05-1.61299124E-03-7.66484389E-04 4.62316490E-04-3.54808378E-04
 9  9 5.80985103E-04-1.54513328E-03 1.36055971E-04-1.18604921E-03-3.84328077E-05
 9 10-2.88182652E-04-6.24125755E-05-9.18384859E-05-8.33096418E-05 1.12085724E-03
 9 11 2.97543307E-04 5.39321713E-04 7.09361221E-04-1.18027422E-06-1.39923332E-05
 9 12 2.06255641E-05 7.24053512E-06-2.86541981E-05-1.97303040E-05-6.42705624E-05
 9 13-3.47806638E-06 1.08363278E-04 1.76546820E-05-2.52184079E-05-6.68390679E-05
 9 14 2.79064218E-04-8.02634238E-05 4.00151987E-04-9.12106586E-04 1.25603043E-03
 9 15 1.71338701E-04-2.37533352E-04
10  1 2.22258866E-05-6.67983613E-05 7.72357636E-01-5.87945764E-01 4.15206940E-02
10  2-4.27504475E-05 6.90657490E-02-5.26048856E-02 3.79396166E-03-1.01625844E-04
10  3-2.10639462E-02 1.61803125E-02-1.12615635E-03-2.05261190E-06-2.71695433E-05
10  4-6.01836440E-05 2.41036812E-05-9.09416578E-05-1.56690745E-04 1.54227576E-03
10  5-1.09892912E-03 5.44748856E-04 4.19796137E-05 4.67957630E-04-6.10012794E-05
10  6 1.94710440E-04 9.88130067E-05-1.25112423E-03-7.08029292E-04-7.58128552E-04
10  7-2.31527776E-04-2.44611236E-06 5.06489142E-05-2.83586531E-05-5.63045015E-05
10  8 2.89887920E-04 2.64361459E-04 2.51748643E-04 1.19845109E-04-8.34350257E-04
10  9 6.55608906E-04-1.46575056E-03-7.68573541E-04 1.72935017E-03 7.87171019E-06
10 10 7.66376041E-05 2.86472711E-05-3.80838299E-05 4.06791662E-05-2.49283390E-04
10 11-6.85972559E-05 1.19267144E-04-1.62808193E-04-4.78554957E-06-4.19334392E-05
10 12 9.94460845E-06 8.86788114E-06-1.04414215E-05 1.29586843E-04-4.02333430E-05
10 13-5.03730248E-05 4.23146528E-05-1.85836313E-05 5.29162338E-05 3.39263543E-05
10 14-1.82771259E-04-1.10747733E-04 2.15692003E-04-1.34155873E-04 1.42375418E-03
10 15-1.95769440E-04-1.84711864E-04
11  1 2.10203976E-03-1.19137643E-02 5.10639249E-04 6.66087240E-05 3.63476876E-03
11  2 1.50183443E-02-1.02123178E-03-3.48932879E-04-6.56978851E-03 5.23153016E-03
11  3 2.44545308E-03 1.55496826E-03 9.28401835E-04-2.21901265E-02 1.96995065E-02
11  4 3.92023821E-03 1.96351085E-02-1.26981894E-02 4.11981154E-02-2.06160613E-02
11  5 1.65638637E-02 4.19145833E-03-9.53322792E-02 1.03898168E-01-6.08236070E-02
11  6 8.29187044E-02-3.79833494E-03 1.43590633E-01 2.07368005E-02-1.65345545E-02
11  7 1.23434369E-03-2.08861198E-01 1.91496986E-01 8.47555448E-02-4.76886972E-02
11  8-4.13056314E-02 6.50069727E-01 9.44688922E-02-5.46750768E-02-4.85391226E-02
11  9 4.92121920E-03-8.67264956E-03 7.64254455E-03 3.26410217E-03-3.49773519E-02
11 10 3.27005634E-02-1.08244668E-02 9.62915633E-03 9.93592931E-03 9.91117776E-02
11 11-1.58370167E-02 1.46225875E-02 5.53395288E-03-2.51914364E-02 2.12890262E-02
11 12-8.23864717E-03-5.42506502E-03-2.33533004E-03 7.84993733E-02-1.17778153E-02
11 13-7.35275329E-03 4.78140965E-03 1.01104336E-02 4.13031433E-03 1.36044469E-02
11 14 4.92044319E-03 1.64617674E-02 5.09001602E-03 2.35920031E-02-1.61208600E-02
11 15 8.42074516E-02 8.78527923E-03
12  1-6.49948997E-04 3.71466292E-03-1.63811120E-04-2.98241807E-05-9.27822488E-04
12  2-4.90624898E-03 3.68613516E-04 1.24878000E-04 1.85347475E-03-1.91732729E-03
12  3-6.60677935E-04-6.20484674E-04-1.42328793E-04 3.15773937E-03-4.67107114E-03
12  4-2.09246145E-04-3.70022335E-03 3.58719301E-04 7.04455489E-03 6.41789721E-03
12  5 2.09433697E-03-7.12298666E-03 1.12750773E-02-1.30187714E-02 1.20648238E-02
12  6-1.94798826E-02-6.67618272E-03-2.21959345E-02 2.60015693E-03 1.28615093E-02
12  7-1.66549394E-02 3.56190130E-02-3.25847917E-02-1.23807566E-02 1.09386032E-02
12  8 1.10324980E-03-1.19792495E-01-1.57075417E-02 8.63465815E-03 3.10914235E-03
12  9-1.33620587E-03 1.34706692E-03-1.58191999E-03-1.20683868E-04-3.26413501E-02
12 10 2.92080992E-02-9.88268662E-03 7.02013126E-03-9.71418649E-04 1.02276051E-01
12 11-6.89727835E-03 1.17514852E-02-2.42543740E-03-2.23989582E-01 2.09426618E-01
12 12-6.25517773E-02-3.56095788E-02-6.51980731E-02 6.91574473E-01-6.36527968E-02
12 13-4.00670566E-02-6.25256515E-02 1.16805248E-01 2.58362646E-02 1.07212426E-01
12 14 1.62409272E-02 1.60866974E-02 6.68162181E-03-2.96707271E-03 6.69615692E-03
12 15 2.52179254E-03 1.01772571E-02
13  1 1.83604950E-03-1.05442430E-02 2.17259225E-04 6.85285199E-04 2.55772326E-03
13  2 1.40850683E-02-3.59194825E-04-1.10034327E-03-5.69039690E-03 8.73787300E-03
13  3-9.56251070E-04-1.67770905E-03-4.06966558E-04-1.88784258E-02 1.66627812E-02
13  4 4.57837865E-03 3.66870603E-03-1.26727989E-02 4.58935857E-02 3.31314022E-03
13  5-5.43569990E-03-1.29089529E-02-2.33237474E-02 2.76661996E-02 6.40964510E-03
13  6-5.01621607E-02-3.16162817E-02 6.20976793E-02-4.64607517E-03-1.18559873E-02
13  7-1.28080991E-02 4.92414293E-02-4.68332314E-02-1.73049758E-02-6.31099314E-03
13  8 9.37145438E-03-1.61996525E-01-2.01353622E-02-1.02165157E-03 5.71845577E-03
13  9 6.46227121E-03-1.75107024E-04 7.07708830E-03-1.29629876E-03-2.21433743E-01
13 10 2.10317773E-01-8.58530330E-02 2.39465139E-02 1.54572772E-02 6.85519409E-01
13 11-7.99297299E-02 2.73152011E-02 2.08325976E-02 4.04757959E-02-3.68733534E-02
13 12 1.13885827E-02-2.13860899E-04 1.22464923E-02-1.31760838E-01 1.16939713E-02
13 13 3.44755850E-03 1.18095346E-02-2.31244031E-02-6.67894343E-03-1.32602226E-03
13 14 1.21149084E-02 1.29135623E-01 2.97088116E-02 1.16020185E-02 3.87755145E-03
13 15-2.92627690E-02-8.70438432E-03
14  1 6.16911329E-02-3.55859701E-01 7.71659831E-03 1.32407037E-02 4.51553751E-02
14  2 4.54297090E-01-1.57028734E-02-2.66155838E-02-9.12605671E-02 3.03149269E-01
14  3-7.54551944E-04-2.95371624E-03-7.80656190E-03-1.30326975E-01 1.12841312E-01
14  4 1.82086157E-02 3.14176468E-02 3.43550778E-02 3.97348167E-01 1.93963250E-02
14  5 3.11660727E-02 4.00311335E-02-4.42915673E-02 5.20414984E-02-5.29377351E-03
14  6-5.00258320E-02 5.83026394E-02 6.32787928E-02 8.32007211E-03-2.08407179E-03
14  7-5.28135499E-03 3.30628780E-02-3.05322678E-02-9.41674083E-03-2.10222840E-02
14  8 2.48278840E-02-1.15242361E-01-1.17860454E-02-1.11412535E-02 2.26808147E-02
14  9 5.38186886E-02-1.43971830E-02 5.41649597E-02-1.60379611E-02 2.84853122E-02
14 10-2.60389374E-02 1.41880985E-02-2.51432488E-03 8.98224588E-03-9.58656238E-02
14 11 1.25118828E-02-6.53291641E-03 2.61338748E-03-6.31752177E-03 5.89531098E-03
14 12-8.74351477E-04 3.77460038E-04-4.23157661E-03 2.24316301E-02-2.77173520E-04
14 13-4.06909174E-04-5.64639155E-03 4.37069920E-03 2.29422910E-03 1.22552511E-03
14 14-7.31664017E-03-1.91398200E-02-7.26113712E-03 2.20484437E-02-5.60956251E-03
14 15-2.71795073E-02-1.24386464E-02
15  1 5.04387411E-02-2.93697730E-01 4.13885487E-04 1.00364905E-03-1.00889380E-02
15  2 3.62278593E-01-1.54588250E-03-3.95345118E-03 1.81840354E-02 3.49250142E-01
15  3-3.94242942E-03-4.83765372E-03-1.70276930E-02 1.18408936E-01-1.23141727E-01
15  4-1.76288029E-02-3.31158845E-02 1.09640165E-01-3.14698891E-01-4.50153920E-03
15  5 7.56930462E-04 3.21576606E-02 1.18323428E-01-1.22993467E-01 1.00310710E-02
15  6 8.00636830E-02-7.34444796E-02-3.15967530E-01-2.22150538E-03 3.96166912E-02
15  7-3.13493756E-02-4.86169716E-02 4.35460848E-02 4.07454784E-04 7.91403103E-02
15  8-4.93457669E-02 1.90916727E-01 7.17604169E-03 5.28962752E-02-3.93184361E-02
15  9-6.48860756E-02-4.15793940E-03-6.76853136E-02-4.33196562E-04-3.81661351E-02
15 10 3.40610225E-02-2.95339141E-02-3.14816117E-03-3.83629104E-02 1.38492519E-01
15 11-2.42725010E-02 2.63065715E-03-1.97374404E-02 5.68696298E-03-5.24410170E-03
15 12-1.13135886E-03-1.19306204E-03 7.91101694E-03-2.22155207E-02-2.46206258E-03
15 13 6.43990364E-04 7.95165306E-03-5.97985650E-03-3.66316069E-03 3.09485915E-04
15 14 9.20753471E-03 3.32275385E-02 2.39910138E-02-6.44506457E-02 1.80875893E-03
15 15 6.17464575E-02 3.33569738E-02
16  1 1.76834322E-02-1.04003030E-01-1.43142132E-02-2.18821903E-02-2.77431803E-02
16  2 1.28131283E-01 2.86849093E-02 4.44388732E-02 5.39713560E-02 1.55361867E-01
16  3 1.37782770E-02 1.81317805E-02 1.03994695E-02 1.16463044E-01-1.04388067E-01
16  4 7.88338280E-02 1.16132490E-01-2.37098219E-02-4.46032609E-01 3.45791490E-02
16  5 4.20516042E-02-2.75934380E-03-1.30133236E-01 1.31829790E-01 8.81322990E-02
16  6 7.27625745E-02-6.44832206E-03 4.56605257E-01 6.78169476E-02 3.81571236E-03
16  7 1.32451200E-02 5.08073959E-02-4.67124699E-02 6.63763629E-02-1.42240038E-01
16  8 6.49005442E-02-2.07406521E-01 5.32619261E-02-1.17206802E-01 5.49014132E-02
16  9-1.20836678E-01-4.28852801E-02-1.05557380E-01-3.60711161E-02 1.23056628E-02
16 10-1.01212488E-02 4.84458458E-02 2.94560015E-02 3.83583964E-02-5.28766428E-02
16 11 3.82378870E-02 2.33325147E-02 2.26566297E-02-7.91833542E-04 7.57767890E-04
16 12 7.43465735E-03-1.49528925E-02-2.44029629E-03 4.47920675E-03 8.92123180E-03
16 13-1.39187184E-02-5.80611877E-04-4.34138233E-03-2.85810948E-03 1.21052506E-02
16 14 6.28403660E-03-3.72651016E-02-3.32549327E-02 1.37712338E-01 3.45421440E-02
16 15-8.71445292E-02-6.33575422E-02
17  1-1.77125427E-03 1.04660656E-02-1.29984258E-02 1.27287554E-02 4.52684244E-03
17  2-1.15318091E-02 2.67290143E-02-2.58423872E-02-9.59048814E-03-1.91566739E-02
17  3 1.54145801E-02-1.55888435E-02-4.11765267E-04-1.43865373E-02 9.95637244E-03
17  4 1.13382156E-01-9.82105954E-02 7.81647299E-03 8.01950045E-02 1.04222478E-01
17  5-6.99507442E-02-4.39387841E-03-1.35356849E-02 6.54549889E-03 2.57349439E-01
17  6-8.23220465E-02-5.27045008E-02 6.73717070E-02 1.68273047E-01-6.31499768E-03
17  7-5.86195157E-02 1.32984441E-02-1.45621786E-02 4.36942342E-02 2.45979643E-01
17  8-1.46863545E-01-4.90534029E-02 3.98422762E-02 2.20090861E-01-1.33331568E-01
17  9-4.48400033E-02-2.05583594E-02 8.24743035E-02 3.08475375E-02-8.34157591E-04
17 10 1.09482628E-04 7.59289479E-02 1.78893709E-02 3.22338942E-02 2.43391723E-03
17 11 6.62220839E-02 1.38334896E-02 2.47830545E-02 7.01047505E-03-8.97430533E-03
17 12 2.56681886E-03-5.43822946E-02 7.31545079E-02-2.23459743E-02-2.07160644E-03
17 13-4.73804650E-02 7.48318624E-02-5.60234701E-02-3.50425219E-02 3.13783672E-02
17 14 2.58202905E-02-5.11981442E-02-3.55093405E-02 1.35545485E-01 6.67998875E-02
17 15 1.56696939E-01 1.01652474E-01
18  1 1.11813102E-03-6.66911141E-03-1.52553543E-02-4.47896819E-03-2.43075324E-03
18  2 7.70215888E-03 3.17897354E-02 9.24171963E-03 4.37264690E-03 1.65116697E-02
18  3 1.81258993E-02 4.87355889E-03-1.52910696E-03 8.73503562E-03-4.91708856E-03
18  4 9.58140232E-02 9.83888511E-03-2.53557728E-02-6.95158791E-02 6.77009916E-02
18  5-1.53923037E-02-1.80578151E-02-8.59218701E-03 9.59197408E-03 6.11151170E-02
18  6-5.72524348E-02 3.85738362E-02 4.41694340E-02 2.50300063E-02-5.44910372E-02
18  7 6.57818049E-02-1.38354233E-02 1.27617959E-02-1.32572017E-02 8.32977489E-02
18  8 8.00924146E-04 5.72252623E-02-1.11000721E-02 7.85968067E-02 2.48095116E-03
18  9-6.12692281E-02-3.23568326E-02 1.73575543E-02 8.99046318E-03-8.27305776E-03
18 10 1.03161786E-02-4.55869793E-02-5.94478693E-02 2.33452518E-02 2.98960264E-02
18 11-4.35215895E-02-6.40787922E-02 2.72727142E-02 2.35801008E-03-7.76895332E-04
18 12-6.18066147E-02 3.36957063E-01-1.55110012E-01-1.30993413E-02-5.30361621E-02
18 13 3.07860522E-01-1.42199513E-01 2.07270611E-01 1.53085639E-01-2.03117960E-01
18 14-1.63274618E-01 3.03746159E-02 2.00011883E-02 3.32015203E-02 1.07635828E-02
18 15 2.54007887E-02 3.02852391E-02
19  1-4.19346613E-03 2.48765685E-02-3.24116619E-02-2.77393675E-02 4.95826841E-02
19  2-2.84470090E-02 6.83260449E-02 5.74756814E-02-1.04736125E-01-5.04995392E-02
19  3 4.50353780E-02 4.61864631E-02-5.83673392E-02-2.58509166E-03 2.96145718E-03
19  4 2.10925732E-01 1.84371481E-01-4.54347825E-02-1.59601207E-02 1.70149460E-01
19  5 1.41082591E-01-1.79444730E-02 1.71066210E-02-1.56616477E-02-2.09946951E-02
19  6-1.60279286E-01 2.25807653E-01-7.92823501E-02-4.13414091E-02-7.09466372E-02
19  7 1.87884506E-01-3.93305878E-02 3.80634234E-02-1.15552496E-01 1.30581264E-01
19  8 1.11254598E-01 1.51512083E-01-1.16482048E-01 1.34519128E-01 1.09949260E-01
19  9-1.40905228E-01-9.02050045E-02-3.29391326E-02-2.40872823E-02 7.32277258E-05
19 10 4.76321677E-04-8.14331487E-02-5.15909365E-02-8.79075959E-02 3.72571897E-03
19 11-6.83374779E-02-4.74365336E-02-8.29223254E-02-6.06286049E-03 6.76370837E-03
19 12 2.55308717E-02-1.14349082E-01 3.70750788E-02 2.21317239E-02 2.63622014E-02
19 13-1.06308250E-01 2.37041889E-02-6.44927262E-02-5.35858304E-02 6.22382369E-02
19 14 4.81640935E-02 6.10505747E-02 5.05193528E-02-4.05984295E-02-1.75507596E-02
19 15 5.49538286E-03 2.88611331E-02
20  1-1.23150583E-02 7.29922811E-02 7.31555713E-04 5.10041933E-02 8.68783735E-02
20  2-9.22113964E-02-1.72994608E-03-1.07931368E-01-1.82280492E-01-1.29664768E-01
20  3 4.89097789E-03-5.89681542E-02-1.03342974E-01-1.25807310E-02-1.92868347E-03
20  4 7.78633263E-02-1.45572420E-01 1.93039025E-01 1.14690603E-01 7.37331268E-02
20  5-9.09007503E-02 1.46644298E-01 2.03935840E-02-1.14686629E-02 1.02807267E-01
20  6 2.51905072E-01 4.29041479E-02-1.08756794E-01 1.20376393E-01 1.80267769E-01
20  7 5.66750059E-02 9.05029230E-04-3.15999195E-03 1.49343177E-01-8.23178226E-02
20  8 1.37121019E-01 1.34480115E-02 1.50513902E-01-8.87496450E-02 1.37123494E-01
20  9-4.00884749E-02-3.13646252E-02 1.01158756E-01 6.32994964E-02-8.47111899E-03
20 10 8.13514532E-03-8.35217292E-02-2.82867081E-02-1.46728660E-01 3.98618396E-02
20 11-7.61788821E-02-2.82221932E-02-1.37048079E-01 8.24173925E-04 5.61523926E-04
20 12 1.04073527E-02-4.32020408E-03-2.80900730E-02-6.49264208E-03 1.39080377E-02
20 13-1.64984627E-03-2.99906656E-02 9.71071709E-03 5.05522519E-03 5.23096723E-03
20 14 1.02539581E-02 7.14400474E-02 6.14150693E-02 5.91385116E-02 2.66697651E-02
20 15-6.83229829E-02-7.03786755E-02
21  1 7.24543467E-03-4.29797974E-02-5.98774690E-02 2.56785000E-02-6.55353150E-02
21  2 5.11258376E-02 1.26183460E-01-5.38767322E-02 1.38987897E-01 8.34370660E-02
21  3 7.96009892E-02-4.18522618E-02 7.68760901E-02 7.63573925E-03 9.44008067E-04
21  4 2.38388545E-01-2.09680003E-01-8.15821498E-02-6.88966375E-02 2.17605704E-01
21  5-1.92867069E-01-6.24291442E-02 6.55627847E-03-8.82313271E-03-1.32312651E-01
21  6-1.46645350E-02-7.43198047E-02-1.43768672E-02-1.37857530E-01-4.39310619E-02
21  7-5.46913405E-02-2.23038620E-02 1.97597637E-02-6.71279452E-02-1.50597356E-01
21  8-3.57676117E-03 9.68713281E-02-6.15062872E-02-1.46439420E-01-8.53860632E-03
21  9-1.44151976E-01-7.86199740E-02 1.97406836E-01 1.29878098E-01 6.01593064E-03
21 10-6.62542345E-03 3.07509451E-02 1.50182995E-02 6.14249294E-02-2.49156354E-02
21 11 2.90336425E-02 1.66756708E-02 5.86459898E-02 6.20396732E-04 5.19888568E-05
21 12 1.01423937E-02-4.31218698E-02-2.61533310E-02-3.18524424E-03 9.88124331E-03
21 13-4.38723891E-02-3.04966764E-02-6.13102402E-03-6.58629622E-03 2.43111926E-02
21 14 1.91348637E-02-3.05245148E-02-2.66146720E-02-8.94801816E-02-4.44857528E-02
21 15-7.12330010E-02-6.58230862E-02
22  1-4.25176361E-03 2.52263871E-02 2.12045559E-02 1.41587180E-02 4.67076749E-02
22  2-3.52810613E-02-4.42151741E-02-3.18066773E-02-9.74033609E-02-4.30097152E-02
22  3-3.23771242E-02-9.99068006E-03-6.84436720E-02 3.10181062E-03-6.47762398E-03
22  4-1.17904564E-02-1.95785212E-03 8.06313617E-02-3.11462507E-02-4.29310825E-02
22  5 3.27590267E-02 8.23700854E-02 2.88346713E-02-3.91070715E-02 2.46874523E-02
22  6-8.80921172E-03-1.06783597E-02-5.20850067E-02 3.80753605E-02-5.78443730E-02
22  7-7.42066875E-03-4.81565500E-02 4.05906290E-02-1.06209792E-01 2.72907981E-02
22  8 1.41523168E-01 2.31572902E-01-1.07063758E-01 2.82890607E-02 1.60914874E-01
22  9-7.41219060E-04-1.40027622E-02-1.18463676E-02 3.05051990E-02-7.93293950E-02
22 10 6.91546795E-02 3.49015589E-01-1.26166802E-02 9.95045024E-03 3.43438725E-01
22 11 3.45151083E-01-2.21787411E-02 1.47956480E-03 1.83238700E-02-1.00102637E-02
22 12-7.88562333E-03-3.54567049E-03-1.04274893E-01-1.01821431E-01 1.18232056E-03
22 13 6.63467186E-03-1.15530350E-01 4.83624239E-02 2.19720204E-02 1.83871563E-02
22 14 7.16388405E-02-2.07600495E-01-1.74701512E-01-1.29653156E-02-1.61699793E-03
22 15-6.54609078E-02-6.18617847E-02
23  1 8.62299403E-03-5.14813402E-02-6.74671779E-03-4.97134042E-02-1.58709464E-01
23  2 4.86391348E-02 1.56648606E-02 1.05270868E-01 3.39594389E-01 1.52734331E-01
23  3-1.37631468E-03 7.04552028E-02 1.94835197E-01 6.16477054E-03 1.12200529E-02
23  4-1.09303328E-01-1.37558942E-01-1.40444164E-01-1.05078560E-01-1.36550733E-01
23  5-1.36148952E-01-1.57179854E-01 5.73833412E-03-1.26550376E-02 1.36185920E-01
23  6 2.31452242E-02 7.17942374E-02 2.00932120E-02 1.06344018E-01 2.11015023E-02
23  7 1.43582504E-01-3.62835158E-02 3.23296501E-02-1.36856068E-02 9.88977249E-02
23  8 2.31592697E-01 1.59468486E-01-1.75471241E-02 1.06521095E-01 2.47717225E-01
23  9 9.81207053E-02 8.45270466E-02 5.90647020E-02 6.99500548E-02-1.31444062E-03
23 10 1.19440065E-03-4.01788591E-02-8.63561600E-02-5.16062176E-02 1.36701631E-02
23 11-3.17119819E-02-9.34862177E-02-4.68732227E-02-5.14059056E-03 6.68472918E-03
23 12 4.53816797E-02-5.15524952E-02-3.23707400E-02 2.04784731E-02 5.76693207E-02
23 13-5.14303782E-02-4.73164271E-02-1.32601582E-02-1.69291082E-02 2.19120906E-02
23 14 7.23001250E-03 3.41915189E-02 2.96660670E-02 8.77558969E-02 7.59976355E-02
23 15-5.69893995E-02-3.79222190E-02
24  1 5.11163615E-04-3.09740430E-03-1.70812416E-02-2.26331874E-02-5.60474623E-03
24  2-4.99000801E-04 3.68131489E-02 4.82224181E-02 1.27807159E-02 2.09294851E-02
24  3 2.55136754E-02 3.49952308E-02-2.58279046E-03-6.99000210E-03 9.88950393E-04
24  4 2.37415835E-02 8.16256794E-03-2.75396471E-02 7.76036378E-02 7.58794370E-03
24  5 2.99065548E-02-6.81888948E-02 1.18105073E-02-5.83479165E-03-1.00646387E-01
24  6 3.34988271E-02 5.32775356E-02-1.09376306E-01 4.99181057E-03 4.10589616E-02
24  7 5.83191342E-03 1.96253377E-02-1.36832330E-02 1.38798068E-01-2.18723824E-02
24  8 5.61546401E-02-9.91219261E-02 1.56506679E-01-4.34904273E-02 8.38927463E-02
24  9-1.66957609E-02-3.90986278E-02 1.43788848E-02 2.98702036E-02-4.15379160E-02
24 10 3.66478530E-02 1.11638720E-01-1.30072518E-01 1.22450813E-02 1.91226018E-01
24 11 1.09833406E-01-1.51313870E-01 1.73265095E-02-7.41106508E-02 6.45440450E-02
24 12 1.73096712E-01 1.56631051E-01 2.85754586E-01 3.27530039E-01 1.97954188E-01
24 13 1.79549539E-01 3.14340111E-01-1.08970726E-01-9.00066980E-02-1.00121416E-01
24 14-9.28323405E-02-6.61757485E-02-7.80507222E-02-8.71493281E-02-6.33158660E-02
24 15 2.66480526E-02 8.98208494E-02
25  1 2.02954078E-03-1.20113391E-02-5.65052171E-02-8.67591594E-02-2.70686518E-02
25  2 1.67262038E-02 1.20822465E-01 1.86900073E-01 5.75210823E-02 2.51923336E-02
25  3 9.66732192E-02 1.40994003E-01 3.91358062E-02-2.63869820E-02 2.89474995E-02
25  4 1.92314985E-02 4.19610421E-02-1.02867360E-01 1.50200325E-01 1.56472967E-02
25  5 3.64355717E-02-1.18372218E-01 4.31053065E-03 6.67036751E-03-1.31822787E-01
25  6 3.88780392E-02 9.58969058E-02-8.16910556E-02 1.10678822E-02 6.00389178E-02
25  7 6.96612300E-02 4.37560914E-02-4.24311592E-02 3.00199258E-01 2.95661560E-02
25  8-6.03720511E-02-1.67452908E-01 3.38087099E-01 2.93213207E-02-7.21974188E-02
25  9 8.59611285E-03-3.48972109E-02 1.87140114E-02 6.59402574E-03-2.67986068E-02
25 10 2.05110814E-02 1.01682996E-01-3.47508314E-02-1.07836111E-01 1.34078209E-01
25 11 1.00859722E-01-3.49876875E-02-1.14817724E-01 4.69219430E-02-4.12975319E-02
25 12-1.80210803E-01-6.28588707E-02-1.00458934E-01-2.14004865E-01-2.10050653E-01
25 13-6.48552294E-02-9.86809798E-02 6.40149753E-02 4.88039901E-02 4.86198723E-02
25 14 8.17874120E-02-5.48656731E-02-5.00004218E-02-1.12487797E-01-1.55301290E-01
25 15 8.60067831E-02 2.16610413E-02
26  1-1.83073505E-04 1.06708965E-03-2.09413348E-01-1.36803925E-01 8.13446571E-02
26  2-3.73448110E-03 4.50660792E-01 2.94633454E-01-1.74462407E-01 3.94329780E-03
26  3 3.84722939E-01 2.49829124E-01-1.53422811E-01 6.85213256E-04-3.46195025E-03
26  4-9.78135477E-02-6.59638983E-02 3.67700081E-02 4.88770796E-03-3.67213516E-02
26  5-2.41107547E-02 7.84153892E-03 1.86586924E-02-2.30224638E-02 6.50516654E-02
26  6 4.81140441E-02-8.26625176E-02-8.52484137E-02 9.05132048E-03 6.18053295E-02
26  7-6.16959118E-02-1.04499983E-02 1.03708604E-02-1.12294076E-01-3.91290760E-02
26  8-2.73012822E-02 3.78143387E-02-1.34946989E-01-4.00191539E-02-3.13060005E-02
26  9 8.50021706E-02 1.12364283E-01 2.40984916E-03 1.71566757E-03 4.39167740E-03
26 10-4.31899773E-03-8.44113888E-04 6.42286186E-02-5.97459828E-03-2.06828421E-02
26 11 2.25227945E-03 7.39545407E-02-1.51134832E-03-6.50213247E-03 6.52737131E-03
26 12 5.59234575E-02 3.24828450E-02 2.83010221E-03 2.51236703E-02 6.60944515E-02
26 13 3.67064603E-02 2.79229672E-03-3.23229593E-03-1.52263638E-03-1.40203086E-02
26 14-2.37482763E-03 3.78927519E-03 1.49841765E-02 4.98053068E-02 8.99553059E-02
26 15-3.06559548E-02-2.69869989E-02
27  1-9.95610073E-06 4.18840261E-05 1.66852093E-01-2.14292785E-01 4.80781057E-02
27  2-5.11204192E-04-3.59298972E-01 4.61451841E-01-1.03286808E-01 8.04013093E-04
27  3-3.07621767E-01 3.93624529E-01-8.86872460E-02 6.57357616E-04-4.74353321E-03
27  4 8.20533995E-02-9.58431154E-02 2.24226817E-02 1.50952264E-02 5.31440630E-02
27  5-4.03853409E-02 1.07708424E-03 1.02951133E-02-1.18004299E-02 1.15538650E-02
27  6 2.19550256E-02-5.96198946E-02-4.73713503E-02 1.91573926E-02 2.16082526E-02
27  7-5.48786208E-02-4.22298345E-03 1.42788231E-03-2.21528622E-02-3.05220940E-02
27  8-1.34073396E-02 2.94103172E-02-2.53112862E-02-3.83379181E-02-1.08808685E-02
27  9-6.23793363E-02-6.00440157E-02 9.73851247E-02 1.04818553E-01 7.20152839E-03
27 10-7.40612202E-03-2.41892268E-02 2.78059016E-02 3.98275304E-02-3.09546927E-02
27 11-2.72670352E-02 3.26046737E-02 4.80513068E-02-2.56186224E-03 1.93772646E-03
27 12 2.31739862E-02 1.89022283E-03-6.84693309E-03 1.35251232E-02 2.67651253E-02
27 13-1.48917797E-04-8.33212526E-03-1.94390821E-03-2.27470767E-04-2.92181689E-03
27 14-9.60349819E-03 9.21485507E-03 9.15650270E-03-3.68583311E-03-1.13097864E-02
27 15-1.57518601E-02-1.66278695E-02
28  1 1.48804808E-04-1.10170551E-03-1.69621616E-02 7.68903633E-03 4.30161807E-02
28  2-2.12440008E-03 3.67844229E-02-1.67608258E-02-9.36549280E-02 2.02801058E-02
28  3 2.81215848E-02-1.85818689E-02-8.99209846E-02 3.72487045E-03-9.92219936E-03
28  4-1.22659231E-02 2.87474141E-02 2.23929715E-02 1.12188386E-03-1.50661786E-02
28  5-3.89763623E-03-3.17878381E-02 1.13122077E-03 2.85897608E-04-3.90354087E-02
28  6-1.41248909E-02-5.67841861E-02 3.42489561E-03-1.67277329E-02-1.50003232E-02
28  7-3.36406947E-02 1.06457976E-03-4.98603718E-03 1.73925610E-01 9.61766537E-02
28  8-1.37271195E-02 3.07928078E-02 2.08070866E-01 1.29015502E-01-1.60540279E-02
28  9-3.95370362E-03-2.30108409E-02-3.48188306E-02-3.64876827E-02 4.39947728E-03
28 10-5.81265868E-03-5.20168934E-02-1.03535316E-01 2.10932476E-01-1.09850328E-02
28 11-6.26729736E-02-1.24488647E-01 2.47621545E-01-6.01994812E-03 3.12772594E-03
28 12 3.00772622E-01-1.08355013E-01-2.46432496E-01 3.97782769E-02 3.55968015E-01
28 13-1.31147379E-01-2.87443732E-01-5.85182838E-03-1.97553481E-03 1.11296820E-02
28 14-2.83264318E-02 7.74188644E-03-2.19576715E-02-5.25025838E-02-5.83129006E-02
28 15 1.78345226E-02-9.63748478E-02
29  1-2.65487721E-04 1.27285389E-03-2.56586508E-02 4.46651106E-03 4.66543471E-02
29  2-1.54480701E-02 5.65800830E-02-1.19786670E-02-9.85724984E-02 3.80595692E-02
29  3 3.99703402E-02 6.45745865E-04-1.15936509E-01 1.49279412E-02-2.07971950E-02
29  4-1.59917272E-02-3.49092442E-02 4.61994538E-02-5.62892505E-02-2.41326405E-02
29  5-4.47243132E-02-6.51125627E-03 9.88550573E-03-2.40161314E-02-2.86919681E-02
29  6-1.87724600E-02-8.76558777E-02 3.21760744E-02-3.73891201E-02 1.53925229E-02
29  7-6.03405995E-02-3.80962433E-03 8.04107006E-03 9.44032454E-02 1.12105296E-01
29  8 2.81496255E-01-2.05075096E-02 1.05473546E-01 1.32488518E-01 3.30749697E-01
29  9-8.74485559E-03-1.58915144E-02-5.25218895E-03-6.27323137E-04 1.17193805E-02
29 10-1.63730648E-02-7.05785934E-02 8.62973072E-02 2.92719452E-01-3.16914998E-02
29 11-7.96835962E-02 1.06729925E-01 3.42320560E-01 4.08201791E-03-6.83710357E-03
29 12-2.27135323E-01-1.87291655E-02 1.16595209E-01 5.88763354E-03-2.67356294E-01
29 13-3.54824034E-02 1.30473793E-01 1.10201023E-03 2.80038513E-03 1.86531757E-02
29 14-7.17961535E-02 1.06103583E-02-2.17812177E-02-5.76868983E-02-6.43848781E-02
29 15-2.25482835E-02 4.76791147E-02
30  1-2.11880659E-04 1.51574485E-03 6.38682725E-03 7.88941228E-03-3.32828419E-02
30  2 2.35394134E-03-1.36316243E-02-1.76430816E-02 7.31324679E-02-2.49549542E-02
30  3-1.20358270E-02-5.45646813E-03 7.67597380E-02-1.70252324E-02 2.54235199E-02
30  4 2.83714922E-02 2.04641027E-02-4.99896249E-02 8.96612714E-02 4.65185812E-02
30  5 8.69255088E-03 1.67404144E-02-1.82276981E-03-6.72181602E-04-4.91343435E-02
30  6-4.96650037E-02 8.97288829E-03 4.17277961E-02-6.19702903E-02 2.97589204E-02
30  7-6.11770036E-03 4.85904341E-03-6.53258559E-04 8.91763782E-02 1.08456763E-01
30  8 9.85601221E-02-5.07556609E-02 9.48528760E-02 1.38977902E-01 1.09921992E-01
30  9-4.83715211E-03-2.19202251E-02 1.83113506E-02-3.09715908E-02 6.18598266E-03
30 10-6.74904897E-03 1.83580874E-02 4.37730317E-01-1.12713879E-01-1.55430878E-02
30 11 1.63340033E-02 4.98985702E-01-1.26215073E-01-2.53799945E-03 7.22780243E-03
30 12 1.71383028E-01 1.07432698E-01-3.46958494E-02-2.28479591E-02 2.07521382E-01
30 13 1.35234002E-01-3.27105212E-02 8.67186561E-03 3.91495167E-03-1.96803081E-02
30 14 8.06635675E-02 6.73012119E-03-3.63885255E-02-5.80011130E-02-6.01681077E-02
30 15 5.66248348E-03-5.59463465E-04
 $END   
 $GRAD  
E=     -762.2878519579  GMAX=   0.0543466  GRMS=   0.0142829
CL          17.    8.9738531549E-05    3.2016278067E-04    5.4282414563E-05
C            6.    1.6722722709E-04   -1.7431654971E-04    2.1316399510E-04
C            6.    5.8496932902E-03    3.0143123430E-02    5.4346647259E-02
O            8.   -2.0767781187E-04   -4.5396332769E-04   -6.8804055444E-06
H            1.   -7.1979127587E-06    1.2361829237E-04    6.1526935807E-05
H            1.   -5.7489075198E-05   -3.2222933062E-05   -6.3946910540E-05
O            8.   -6.4152524664E-03   -3.2832765963E-02   -5.2246831599E-02
O            8.    6.3677712586E-03   -3.3639159017E-04   -7.5114012895E-03
H            1.   -2.3009091499E-04   -6.6465536456E-05    4.6551511973E-05
H            1.    5.1465580054E-04    3.7160751742E-03   -2.1376445909E-03
H            1.    5.2136255451E-05   -1.6247990597E-04   -1.4890722578E-04
H            1.    3.7321182195E-05   -4.9657924139E-04   -1.0100250865E-04
H            1.   -6.1608351931E-03    2.5220534833E-04    7.4944424500E-03
 $END
-------------------- DATA FROM NSERCH=   8 --------------------
 COORDINATES OF SYMMETRY UNIQUE ATOMS (ANGS)
   ATOM   CHARGE       X              Y              Z
 ------------------------------------------------------------
 CL         17.0   3.1355201308   0.7105462982   0.4470580698
 C           6.0   2.7961844087   0.1365588122  -1.3293089691
 C           6.0   3.3058526049   1.1840450702  -2.2620827027
 O           8.0   2.5344257387   2.3039928093  -2.2983463945
 H           1.0   1.7170816758   0.0313092433  -1.3929435681
 H           1.0   3.3250699211  -0.8011947739  -1.4506476791
 O           8.0   3.1523261714   0.3330067814  -3.8407414580
 O           8.0   3.9094092817   2.8576335092  -4.5190007836
 H           1.0   3.4477965302   3.3168189573  -5.2563453639
 H           1.0   3.7007160558   1.8734396915  -4.5932937717
 H           1.0   2.1672265983   0.3915833318  -3.9676629219
 H           1.0   4.3851083459   1.3050756948  -2.2780791605
 H           1.0   2.9330541597   2.9059814768  -3.0075798790
--- CLOSED SHELL ORBITALS --- GENERATED AT 22:11:45 29-JUL-2026    
Chloroacetaldehyde hydrate and water                                            
E(R-WB97X-D)=     -762.2878629821, E(NUC)=  306.6678446337,    7 ITERS
 $VEC   
 1  1 9.85802768E-01 5.34285579E-02-2.10681194E-05-3.66831998E-05-1.72537199E-04
 1  2-1.87722665E-02 6.59650859E-05 1.12624952E-04 6.48917716E-04 1.02722714E-02
 1  3-2.39892070E-04-4.43203922E-04-1.80299777E-03-3.05309569E-05-4.18137468E-04
 1  4-4.13265817E-06-1.30799150E-05-1.51809705E-04 8.89740748E-04-4.38497049E-05
 1  5 4.22469626E-04-1.50957013E-03 9.14379303E-05 6.93892910E-04-2.25140198E-06
 1  6 1.29268892E-05 3.60594908E-04-2.37713504E-03 6.22804159E-04 1.42937578E-04
 1  7-1.65782828E-03-2.08225431E-05-1.59940137E-04-1.60343560E-05 2.65684393E-05
 1  8-4.14444804E-06 6.99252514E-04 1.64162180E-04-3.31914867E-04 2.12942863E-04
 1  9 1.49558485E-04-8.42267690E-04 2.01863335E-04-7.39505125E-04 9.43115425E-06
 1 10 9.07882278E-05 9.64853503E-06 8.98228375E-06 3.47846933E-05-2.83862609E-04
 1 11-4.82832243E-05-6.98595533E-05-1.73976911E-04-7.26203814E-07-9.07620221E-07
 1 12-3.43306613E-06-4.23473951E-06 2.88290441E-05 4.75899309E-05 5.12528620E-06
 1 13-1.48424938E-06-8.77636189E-05-3.25108413E-05 2.26794546E-05 5.08918519E-05
 1 14-2.05531159E-04-4.66471524E-09-6.35823464E-06 2.32818545E-04-1.97775701E-04
 1 15-1.92110581E-05 4.76030159E-05
 2  1 8.33998027E-06-6.48231318E-05-2.29463616E-05 7.12824250E-06 5.62391530E-05
 2  2 6.29767483E-04 1.57386939E-04-2.91727786E-05-3.37857484E-04-8.18534327E-04
 2  3-7.71026887E-04 2.51478756E-04 6.29830671E-04 1.63707080E-04 5.29874851E-04
 2  4-5.26379041E-04-5.53798693E-04 4.49209830E-04-5.22540150E-03 4.55769669E-03
 2  5-3.65269975E-03 1.65142164E-03-7.35164839E-04-3.01563776E-03-5.61336686E-04
 2  6 2.35657733E-03 4.68296662E-05 2.16134051E-02-1.17813963E-02 8.80291158E-03
 2  7-8.06562929E-04 9.82652315E-01 1.05566689E-01 3.16241267E-03-1.71811919E-03
 2  8-1.72356707E-03-5.40498322E-02-8.70641322E-03 7.31453399E-03 3.96434203E-03
 2  9 9.36688838E-04 2.12954487E-03-6.68539785E-04-4.62560582E-04 7.27444647E-03
 2 10 1.88491984E-03-3.57970996E-04 5.13751744E-04 3.31112447E-04-3.03379574E-03
 2 11 1.49534696E-03-2.35357328E-03-1.78704709E-03 4.76907904E-03 1.36287531E-03
 2 12-2.42059245E-04-2.91723948E-05 6.24386718E-04-1.84304301E-03 9.06533842E-04
 2 13 1.98391928E-04-2.20390598E-03 1.46532638E-04-7.51133887E-04 4.41036179E-04
 2 14-6.14591853E-04 9.19069254E-04-8.14974512E-04-6.86811909E-04 1.11067660E-03
 2 15 3.06565466E-03 6.75896547E-03
 3  1-6.55851847E-06 4.10792001E-05 7.73495349E-06 3.03680150E-05-3.76678984E-05
 3  2-7.97367925E-04-4.39155940E-05-1.75710083E-04 2.84759001E-04 1.45880825E-03
 3  3 1.37626682E-04 4.92300097E-04-1.36673157E-03 2.15332950E-04 7.78549542E-04
 3  4-9.82713963E-05-1.71455586E-04 7.86185129E-04-6.74742814E-03-1.19911329E-03
 3  5-2.01762833E-03 2.46399024E-03-9.38144925E-04-5.29278847E-03-1.11787791E-04
 3  6 8.87281258E-04 5.44005269E-04 1.79052280E-02-2.36493474E-03-5.26921072E-03
 3  7-5.44389395E-03-7.09482543E-03 4.37593048E-04-7.90696703E-05-4.19162761E-04
 3  8-3.88584019E-04-3.37826137E-03-3.21118282E-04 2.93272450E-03 1.88548743E-03
 3  9 7.40688636E-04-1.01602178E-03 2.62297817E-04 3.63386956E-04 9.82163609E-01
 3 10 1.02561385E-01-2.21904613E-03 1.72429375E-03 1.26498700E-03-4.27284847E-02
 3 11 4.46523439E-03-4.76086793E-03-4.08372924E-03 2.11982187E-02 3.26208952E-03
 3 12-3.91805023E-05-6.03965569E-04-2.39793501E-05-4.05223392E-03 2.16456412E-04
 3 13 2.65238739E-03 3.39875379E-05 3.69325546E-04-1.17416668E-03-1.79696269E-04
 3 14 5.81125309E-03 3.29201904E-03 6.07464884E-03-1.29431867E-03-1.80788104E-03
 3 15 5.03205436E-04-1.12904001E-03
 4  1-7.80671324E-08 9.02511236E-07 6.76811981E-06-2.06556917E-06-1.33111663E-06
 4  2-1.28673300E-06-3.47521383E-05 8.93676939E-06 9.08936425E-06-3.06576025E-05
 4  3 5.40173615E-05 5.87357698E-06 1.50373439E-05 2.26501632E-06 6.23906037E-05
 4  4-4.47154119E-05 4.84800376E-05-7.18166719E-05 3.33315781E-05 1.62857510E-04
 4  5 2.38238712E-05 4.85752331E-05 6.60081269E-05 4.09535431E-04 2.64802351E-06
 4  6-1.05657315E-04-4.38027951E-06-1.47392797E-03 4.77475971E-04-5.20878188E-04
 4  7 2.57804076E-04-4.43912250E-03 4.04128009E-04 3.36939711E-05 4.21439402E-04
 4  8-2.38240249E-04-2.40325196E-03-3.03934493E-04-1.86899899E-03 1.31424816E-03
 4  9-3.48082082E-05 2.74688499E-04 4.80518536E-05-1.79527755E-04-2.10259194E-02
 4 10-1.21672907E-03 3.75538540E-04 5.44231557E-04-4.16696403E-04-1.04018453E-03
 4 11-1.22388929E-03-1.99640417E-03 1.40319171E-03 9.82134676E-01 1.02723972E-01
 4 12-2.17511362E-03-1.38485660E-03-1.75423912E-03-4.33688581E-02 4.60770243E-03
 4 13 3.54330558E-03 3.36176143E-03 2.94982387E-03 6.10487825E-03 2.36170068E-03
 4 14 9.50868292E-03 5.08513735E-04-1.50519378E-03 1.58086730E-04-4.88640631E-04
 4 15-4.64075676E-04 5.15834503E-03
 5  1 7.87911366E-05-1.01176756E-04-5.02846212E-06 5.30580280E-05-2.17968459E-04
 5  2-2.41313151E-03 4.23174761E-05-3.54242091E-04 1.50463872E-03 3.23732863E-03
 5  3-5.06771727E-04 1.58415654E-05-2.52306652E-03-8.96253968E-03-4.01339877E-03
 5  4-3.21178290E-04-5.07648178E-04 1.37098804E-04 2.57951814E-02 6.07335767E-03
 5  5 1.06815620E-02-1.21893543E-02 9.86492319E-01 1.10077404E-01-3.43836776E-04
 5  6-9.29565444E-04-4.46902496E-04-8.27123847E-02 1.79744456E-03 1.22349613E-02
 5  7-4.58360216E-03 2.21604763E-05-2.45057071E-04 3.03493081E-04 3.88587301E-04
 5  8-1.71169111E-04 6.82704258E-03-1.08579261E-03-2.73446366E-03 1.03727903E-03
 5  9-1.41813004E-03 1.66028942E-03-1.57686828E-03 1.14636739E-03-3.67704946E-04
 5 10-2.60288535E-03-1.37698053E-04-1.86990878E-04-5.16246877E-04 9.03612454E-03
 5 11 8.96185297E-04 3.02869352E-03 6.87540562E-03 2.57346757E-05 2.12041007E-04
 5 12 4.32701163E-05 1.18420508E-04-3.91484337E-05-7.73473604E-04-1.48809182E-07
 5 13-2.19311294E-04-1.10807107E-04 2.91008871E-04-4.84462506E-04-4.25141648E-04
 5 14 1.03889501E-03-1.39591769E-03 3.51173970E-03-5.93181695E-04 1.59596273E-02
 5 15 1.86520200E-04 2.68915133E-03
 6  1-2.77935170E-05-1.61832153E-04 6.22288156E-05 1.02323884E-04 3.37788653E-04
 6  2-2.13674018E-03-3.61145208E-04-5.95115457E-04-1.91030813E-03 1.28188536E-02
 6  3-1.31097901E-03-2.14352381E-03-8.56548974E-03 9.86477513E-01 1.11844953E-01
 6  4 3.49979727E-04 6.85698850E-04 1.11741425E-03-9.04508892E-02-2.78943884E-03
 6  5-6.07841726E-03 2.48438973E-03 8.40655090E-03-1.86239238E-03 4.03970909E-04
 6  6 4.79904428E-04-7.58485136E-05 2.33755489E-02-5.51978961E-03-1.02656301E-02
 6  7 8.95554005E-03 3.59749758E-05-1.72512792E-05-2.67415580E-05 5.00987768E-04
 6  8-3.25460173E-04-1.30617630E-03 6.95567523E-06-4.10565332E-04 5.38649160E-04
 6  9-9.62717762E-05 1.54902006E-02-1.82946793E-04 1.54225309E-02 1.79526248E-05
 6 10-4.41434547E-05 1.92978141E-04 1.89534064E-04-3.24763901E-04-5.57657565E-04
 6 11-6.12692053E-04-6.36802294E-04 1.66441781E-04 1.48432238E-05 1.03772058E-04
 6 12-3.74047809E-05 5.60340395E-05-1.41327506E-04-5.50809358E-04 1.86226297E-04
 6 13-6.66420577E-05 4.31224582E-04 3.17320118E-04-2.60030547E-04-2.31526451E-04
 6 14 1.30193083E-03-3.88559940E-04-6.02880696E-05-1.14504637E-03 1.35086917E-03
 6 15 4.60214306E-04 1.29317375E-03
 7  1-3.05122129E-01 9.77072778E-01-1.53739596E-03-2.77047668E-03-8.42995705E-03
 7  2 1.54277557E-01-6.56758348E-04-1.14253431E-03-5.20423374E-03-6.76900245E-02
 7  3 1.70108127E-03 3.11638186E-03 1.20286602E-02-3.14496384E-05 1.71208206E-03
 7  4-4.91628085E-05-2.31336723E-05 4.93884505E-04-3.11066005E-03 6.01237215E-04
 7  5-1.95368957E-03 9.95778597E-03-1.11921752E-04-3.69437853E-03 2.50370787E-05
 7  6-1.00037360E-04-2.07098947E-03 1.30931986E-02-3.66557813E-03-7.25505701E-04
 7  7 9.59863828E-03 1.06900084E-04 7.80696132E-04 6.82003985E-05-1.47106369E-04
 7  8 3.09277171E-05-3.83508817E-03-8.84843433E-04 1.89199438E-03-1.22451826E-03
 7  9-9.57758063E-04 5.08141095E-03-1.25723945E-03 4.43163733E-03-5.59275807E-05
 7 10-5.09857442E-04-5.12490299E-05-4.32310412E-05-2.13885297E-04 1.72314947E-03
 7 11 2.81176395E-04 4.10774499E-04 1.17727699E-03 4.58822393E-06 1.34801693E-05
 7 12 1.78247253E-05 1.72087799E-05-1.39920314E-04-2.87807667E-04-3.08441662E-05
 7 13 3.43681438E-05 4.66861508E-04 1.71316223E-04-1.40799759E-04-2.77696217E-04
 7 14 1.20190184E-03-5.53447904E-05 1.74069450E-04-1.27974789E-03 1.36096438E-03
 7 15 6.72025015E-05-2.58461214E-04
 8  1-3.20985573E-03 1.08685024E-02 1.68414478E-01 2.86593147E-01 9.12001355E-01
 8  2-3.23239332E-03 1.54462120E-02 2.62599293E-02 8.48949589E-02 4.83480555E-03
 8  3-5.02975757E-03-8.65653605E-03-2.92846334E-02-6.84808624E-04-4.44692740E-03
 8  4-3.59671690E-05-1.27025609E-04-4.55136226E-04 9.59144047E-03 8.96171773E-04
 8  5 3.49384320E-03-3.37262576E-03 4.14119561E-04 2.88253394E-03 2.76675674E-05
 8  6 8.14564242E-05 8.37545759E-04-1.20497032E-02 2.35270460E-03 1.53922467E-03
 8  7-7.73690271E-03-7.19953060E-05-4.43182396E-04-6.96731045E-05-3.13495674E-05
 8  8 3.10787128E-05 2.56184656E-03 7.17742667E-04-9.62365423E-04 6.59969619E-04
 8  9-2.61365640E-04-3.96993799E-03-4.71741229E-05-3.54145069E-03 2.29209419E-05
 8 10 1.69376156E-04 3.04407187E-05 8.08550645E-05-1.35073067E-05-8.63895565E-04
 8 11-1.59766883E-04-4.34286655E-04-1.86314229E-04-4.32279059E-06-1.80909049E-05
 8 12-4.73217185E-06-2.39534786E-05 9.99705478E-05 2.44786814E-04-9.22584143E-06
 8 13 1.44434027E-05-3.37051880E-04-1.45775055E-04 1.17706968E-04 2.28659728E-04
 8 14-9.17632741E-04-1.78829488E-04 3.78630838E-04 9.86729649E-04-3.91487637E-04
 8 15-1.33229867E-04-8.99024817E-05
 9  1 2.12312946E-05-1.16642379E-04 5.65522613E-01 7.17774267E-01-3.29803433E-01
 9  2 4.19047338E-04 5.06976439E-02 6.43905449E-02-3.00504700E-02 2.38818852E-04
 9  3-1.58893279E-02-2.02321384E-02 9.20809737E-03 2.52201005E-05 1.53739932E-04
 9  4-3.55631380E-05 3.23921578E-05 5.24907612E-04-8.26985080E-04 7.43809476E-04
 9  5-5.18500849E-04-2.21027440E-03-1.69190062E-04-1.38861448E-03-3.12472456E-05
 9  6-1.84565828E-04-9.65543517E-04 2.89850309E-03-5.41263117E-04 1.99222353E-03
 9  7 4.53897379E-03 4.20934719E-05 2.43226846E-04 9.76196239E-05 1.70773166E-05
 9  8-5.68484859E-05-1.61802830E-03-7.66821622E-04 4.64450821E-04-3.52042654E-04
 9  9 5.81288023E-04-1.54710439E-03 1.35371125E-04-1.18555972E-03-3.83699947E-05
 9 10-2.87685131E-04-6.26286154E-05-9.18117349E-05-8.30567689E-05 1.11963724E-03
 9 11 2.98566210E-04 5.38970507E-04 7.08178672E-04-1.20184516E-06-1.42476016E-05
 9 12 2.03258870E-05 7.46252725E-06-2.90817251E-05-1.90224420E-05-6.32523026E-05
 9 13-4.61913037E-06 1.09781844E-04 1.87029677E-05-2.48343075E-05-6.74067929E-05
 9 14 2.77300720E-04-7.95408584E-05 3.99169715E-04-9.13547517E-04 1.25751766E-03
 9 15 1.71751937E-04-2.36727058E-04
10  1 2.22674017E-05-6.68868227E-05 7.71817356E-01-5.88591293E-01 4.24060919E-02
10  2-4.34670988E-05 6.90178370E-02-5.26632370E-02 3.87365370E-03-1.00826188E-04
10  3-2.10486126E-02 1.61982121E-02-1.15115123E-03-2.05884583E-06-2.74743807E-05
10  4-5.88078130E-05 2.32688412E-05-9.11475643E-05-1.58402411E-04 1.53204692E-03
10  5-1.09706634E-03 5.47760585E-04 4.20561878E-05 4.68415721E-04-6.15071618E-05
10  6 1.95234497E-04 9.86498731E-05-1.25061939E-03-7.04849060E-04-7.61942726E-04
10  7-2.31589032E-04-2.46937660E-06 5.07874493E-05-2.90554550E-05-5.71564958E-05
10  8 2.91216484E-04 2.66800592E-04 2.54286456E-04 1.21835257E-04-8.39105256E-04
10  9 6.54311322E-04-1.47064616E-03-7.67772675E-04 1.73428786E-03 7.85240106E-06
10 10 7.64526144E-05 2.89950273E-05-3.82060026E-05 4.05777415E-05-2.49152013E-04
10 11-6.99693218E-05 1.19660553E-04-1.62660366E-04-4.78618250E-06-4.19765242E-05
10 12 9.70560074E-06 8.89368843E-06-1.06797421E-05 1.29559527E-04-3.93827322E-05
10 13-5.05218540E-05 4.32638591E-05-1.80276973E-05 5.28721914E-05 3.36926629E-05
10 14-1.82180987E-04-1.11655921E-04 2.16141570E-04-1.34564835E-04 1.42237949E-03
10 15-1.97947337E-04-1.85435909E-04
11  1 2.10589123E-03-1.19355605E-02 5.06922163E-04 6.45054363E-05 3.64197722E-03
11  2 1.50431603E-02-1.01469653E-03-3.47060630E-04-6.58195990E-03 5.24258520E-03
11  3 2.45141867E-03 1.56659896E-03 9.30213211E-04-2.21967909E-02 1.97105852E-02
11  4 3.95919386E-03 1.96534967E-02-1.26697940E-02 4.11173160E-02-2.06832466E-02
11  5 1.65800843E-02 4.24371311E-03-9.54135377E-02 1.03990552E-01-6.07539621E-02
11  6 8.31449374E-02-3.75662519E-03 1.43645570E-01 2.07678150E-02-1.67121529E-02
11  7 1.32654277E-03-2.08902275E-01 1.91533850E-01 8.46214526E-02-4.79499834E-02
11  8-4.13044956E-02 6.50225711E-01 9.43152918E-02-5.49275820E-02-4.85412645E-02
11  9 4.91557513E-03-8.71127430E-03 7.65308740E-03 3.29348275E-03-3.49063772E-02
11 10 3.26335343E-02-1.07886576E-02 9.62090009E-03 9.90007393E-03 9.88933025E-02
11 11-1.58106680E-02 1.46241445E-02 5.48407133E-03-2.50155646E-02 2.11324279E-02
11 12-8.11109418E-03-5.40008795E-03-2.31918047E-03 7.79571694E-02-1.16064887E-02
11 13-7.33385296E-03 4.80743260E-03 1.00580691E-02 4.08215242E-03 1.35006063E-02
11 14 4.88758833E-03 1.63887723E-02 5.08401389E-03 2.36086383E-02-1.61396436E-02
11 15 8.40820629E-02 8.81918535E-03
12  1-6.46666553E-04 3.69594882E-03-1.61707786E-04-2.83405737E-05-9.22838639E-04
12  2-4.88302304E-03 3.64004778E-04 1.21857375E-04 1.84438369E-03-1.90417333E-03
12  3-6.57317725E-04-6.20094410E-04-1.45584890E-04 3.11270463E-03-4.62830223E-03
12  4-2.09293985E-04-3.67687039E-03 3.24048265E-04 7.12486385E-03 6.40862974E-03
12  5 2.10660915E-03-7.12248640E-03 1.11913317E-02-1.29132321E-02 1.19641061E-02
12  6-1.94936555E-02-6.69694446E-03-2.20356011E-02 2.65496175E-03 1.28053027E-02
12  7-1.66135489E-02 3.54562973E-02-3.24300760E-02-1.23066811E-02 1.09266568E-02
12  8 1.07792497E-03-1.19296395E-01-1.56359633E-02 8.57517268E-03 3.08695936E-03
12  9-1.32045120E-03 1.34685546E-03-1.56635522E-03-1.18016831E-04-3.29039305E-02
12 10 2.94534653E-02-9.98977755E-03 7.06215747E-03-9.96025758E-04 1.03079318E-01
12 11-7.00820091E-03 1.18122745E-02-2.45211214E-03-2.23981579E-01 2.09429191E-01
12 12-6.19165526E-02-3.57555132E-02-6.55340804E-02 6.91482825E-01-6.29513874E-02
12 13-4.02166289E-02-6.28339730E-02 1.16870714E-01 2.58366810E-02 1.07230014E-01
12 14 1.62844235E-02 1.62370548E-02 6.76054140E-03-2.95318534E-03 6.58179893E-03
12 15 2.54387706E-03 1.02785056E-02
13  1 1.84697005E-03-1.06067079E-02 2.16843780E-04 6.87560645E-04 2.57138664E-03
13  2 1.41718478E-02-3.57950566E-04-1.10393634E-03-5.71767345E-03 8.76238255E-03
13  3-9.50554718E-04-1.67994359E-03-3.94337136E-04-1.89484071E-02 1.67292026E-02
13  4 4.60414519E-03 3.70389628E-03-1.27019411E-02 4.61077603E-02 3.30819281E-03
13  5-5.37728158E-03-1.29109398E-02-2.33413697E-02 2.76913111E-02 6.33133194E-03
13  6-5.01849382E-02-3.15845156E-02 6.21150213E-02-4.57402751E-03-1.18489071E-02
13  7-1.28250529E-02 4.91662466E-02-4.67685819E-02-1.72588038E-02-6.27142699E-03
13  8 9.36376902E-03-1.61727716E-01-2.00716809E-02-9.91410307E-04 5.71987450E-03
13  9 6.48493391E-03-1.74010960E-04 7.10474854E-03-1.28269780E-03-2.21403515E-01
13 10 2.10291790E-01-8.58262744E-02 2.40047828E-02 1.52117103E-02 6.85408420E-01
13 11-7.99044981E-02 2.73501776E-02 2.05788750E-02 4.07094650E-02-3.71026598E-02
13 12 1.13385012E-02-1.62527739E-04 1.23941204E-02-1.32456682E-01 1.16094014E-02
13 13 3.49014281E-03 1.19638363E-02-2.32694273E-02-6.70257482E-03-1.42983743E-03
13 14 1.20781373E-02 1.29121711E-01 2.97289311E-02 1.15860738E-02 3.84692384E-03
13 15-2.92068206E-02-8.73210121E-03
14  1 6.16724997E-02-3.55750403E-01 7.66994407E-03 1.32229058E-02 4.51742939E-02
14  2 4.54148113E-01-1.56076669E-02-2.65777562E-02-9.12924805E-02 3.03017299E-01
14  3-7.41666083E-04-2.94576267E-03-7.79496806E-03-1.30352988E-01 1.12857463E-01
14  4 1.82086774E-02 3.14438083E-02 3.43971424E-02 3.97445336E-01 1.93933927E-02
14  5 3.12138001E-02 4.01176432E-02-4.43069746E-02 5.20675635E-02-5.38653960E-03
14  6-5.01298689E-02 5.83009462E-02 6.32618966E-02 8.37319953E-03-2.09526371E-03
14  7-5.23274592E-03 3.30906872E-02-3.05592113E-02-9.44100782E-03-2.10109721E-02
14  8 2.48419652E-02-1.15328094E-01-1.17993223E-02-1.11460607E-02 2.26976540E-02
14  9 5.38306887E-02-1.43975183E-02 5.41808895E-02-1.60351964E-02 2.85531191E-02
14 10-2.61031740E-02 1.42166622E-02-2.53625494E-03 9.03752841E-03-9.60760475E-02
14 11 1.25282691E-02-6.54861212E-03 2.66497418E-03-6.32551510E-03 5.90280051E-03
14 12-8.64002560E-04 3.78786768E-04-4.26036851E-03 2.24513087E-02-2.70593627E-04
14 13-3.99965225E-04-5.67503776E-03 4.38485215E-03 2.29352933E-03 1.21913021E-03
14 14-7.29610642E-03-1.92069337E-02-7.26797521E-03 2.20661594E-02-5.64850514E-03
14 15-2.71752733E-02-1.24323790E-02
15  1 5.04577628E-02-2.93808060E-01 4.30355269E-04 1.01437462E-03-1.00823668E-02
15  2 3.62393459E-01-1.57782513E-03-3.97607022E-03 1.81688917E-02 3.49421409E-01
15  3-3.92975347E-03-4.83279105E-03-1.70659610E-02 1.18352486E-01-1.23100928E-01
15  4-1.78274458E-02-3.32233285E-02 1.09557056E-01-3.14457596E-01-4.56346738E-03
15  5 6.95835431E-04 3.20794843E-02 1.18312588E-01-1.23000406E-01 1.01312574E-02
15  6 8.01407672E-02-7.33455964E-02-3.15936784E-01-2.24087215E-03 3.97354372E-02
15  7-3.13660815E-02-4.86289113E-02 4.35583649E-02 4.68613407E-04 7.91537975E-02
15  8-4.93273174E-02 1.90941750E-01 7.19341159E-03 5.29310067E-02-3.93119828E-02
15  9-6.48184379E-02-4.16150239E-03-6.76498511E-02-4.54346295E-04-3.81584617E-02
15 10 3.40478566E-02-2.95475226E-02-3.11319777E-03-3.84770342E-02 1.38482790E-01
15 11-2.42718812E-02 2.65402287E-03-1.98239888E-02 5.68548999E-03-5.24372031E-03
15 12-1.12698895E-03-1.22430914E-03 7.97658394E-03-2.22025362E-02-2.45289088E-03
15 13 6.09749576E-04 8.02277345E-03-6.02531844E-03-3.68172448E-03 3.40940048E-04
15 14 9.21192204E-03 3.33169436E-02 2.39861973E-02-6.44635942E-02 1.84366773E-03
15 15 6.17363945E-02 3.33196631E-02
16  1 1.76950408E-02-1.04071065E-01-1.42895292E-02-2.18809613E-02-2.77660822E-02
16  2 1.28213496E-01 2.86356604E-02 4.44367981E-02 5.40087196E-02 1.55483041E-01
16  3 1.37701402E-02 1.81209466E-02 1.04006538E-02 1.16518775E-01-1.04445672E-01
16  4 7.88190083E-02 1.16127720E-01-2.35666151E-02-4.46287675E-01 3.44556932E-02
16  5 4.19816679E-02-2.76016278E-03-1.30039367E-01 1.31779210E-01 8.78982613E-02
16  6 7.28654253E-02-6.22827630E-03 4.56207157E-01 6.76705852E-02 3.62406468E-03
16  7 1.35071964E-02 5.08094594E-02-4.67025498E-02 6.62585996E-02-1.42756208E-01
16  8 6.51950584E-02-2.07413494E-01 5.31570770E-02-1.17675991E-01 5.51637690E-02
16  9-1.20843391E-01-4.29033161E-02-1.05612233E-01-3.60836237E-02 1.22219588E-02
16 10-1.00417973E-02 4.82861633E-02 2.93399542E-02 3.83129296E-02-5.25633154E-02
16 11 3.80898136E-02 2.32365444E-02 2.26385544E-02-8.15829648E-04 7.88464597E-04
16 12 7.36648058E-03-1.46833178E-02-2.72670116E-03 4.54508899E-03 8.86598223E-03
16 13-1.36780012E-02-8.71808708E-04-4.06732409E-03-2.70023213E-03 1.19377136E-02
16 14 6.17689898E-03-3.71645938E-02-3.31382983E-02 1.37477524E-01 3.44325973E-02
16 15-8.74744635E-02-6.34766614E-02
17  1-1.72369246E-03 1.01855304E-02-1.30665824E-02 1.26578534E-02 4.38840751E-03
17  2-1.11730760E-02 2.68685056E-02-2.56939985E-02-9.31230671E-03-1.87353465E-02
17  3 1.54768604E-02-1.55344830E-02-2.90471277E-04-1.41467532E-02 9.76663589E-03
17  4 1.13661563E-01-9.78953555E-02 7.61016270E-03 7.90684632E-02 1.04472411E-01
17  5-6.98901373E-02-4.43357066E-03-1.37574273E-02 6.73818639E-03 2.57398804E-01
17  6-8.28620002E-02-5.25575268E-02 6.83458314E-02 1.68100726E-01-6.64672356E-03
17  7-5.83590816E-02 1.33051757E-02-1.45799429E-02 4.39196190E-02 2.45816652E-01
17  8-1.46740090E-01-4.91281000E-02 4.00662315E-02 2.20021326E-01-1.33294532E-01
17  9-4.51781667E-02-2.06374069E-02 8.22472020E-02 3.07124965E-02-7.98441170E-04
17 10 7.97617409E-05 7.59354968E-02 1.78371755E-02 3.24968188E-02 2.28582327E-03
17 11 6.62255561E-02 1.37952846E-02 2.49957564E-02 6.86742702E-03-8.83875811E-03
17 12 2.54326178E-03-5.41367815E-02 7.32857501E-02-2.17990384E-02-2.04297452E-03
17 13-4.71611213E-02 7.49692455E-02-5.60045452E-02-3.50209810E-02 3.12656117E-02
17 14 2.57151221E-02-5.12330148E-02-3.55420784E-02 1.35744885E-01 6.69719402E-02
17 15 1.56537745E-01 1.01514998E-01
18  1 1.11446427E-03-6.64738003E-03-1.51931111E-02-4.40982968E-03-2.45924191E-03
18  2 7.66540019E-03 3.16606684E-02 9.09626763E-03 4.43520846E-03 1.65000199E-02
18  3 1.80445002E-02 4.78535505E-03-1.50549034E-03 8.68901021E-03-4.89392579E-03
18  4 9.54668236E-02 9.38987031E-03-2.50538031E-02-6.91913827E-02 6.74307849E-02
18  5-1.56473843E-02-1.79514809E-02-8.40455300E-03 9.37747091E-03 6.09559203E-02
18  6-5.70805250E-02 3.82688134E-02 4.35662503E-02 2.48806014E-02-5.43074502E-02
18  7 6.54576952E-02-1.39522430E-02 1.28649765E-02-1.32264323E-02 8.32138205E-02
18  8 9.43029579E-04 5.77447332E-02-1.10598787E-02 7.85412378E-02 2.65699934E-03
18  9-6.10004686E-02-3.21824900E-02 1.74968965E-02 9.09488151E-03-8.37763728E-03
18 10 1.04245878E-02-4.54302645E-02-5.94215847E-02 2.33341825E-02 3.02765341E-02
18 11-4.33674367E-02-6.41151065E-02 2.72953336E-02 2.38761774E-03-7.85544233E-04
18 12-6.13636105E-02 3.36726445E-01-1.56236035E-01-1.32629294E-02-5.26246030E-02
18 13 3.07639092E-01-1.43245837E-01 2.07450582E-01 1.53062054E-01-2.03187669E-01
18 14-1.63220204E-01 3.02677854E-02 1.98834689E-02 3.31096341E-02 1.08570733E-02
18 15 2.52063493E-02 2.99984893E-02
19  1-4.16329442E-03 2.46975868E-02-3.24448828E-02-2.79213581E-02 4.92973736E-02
19  2-2.82192213E-02 6.83924890E-02 5.78553759E-02-1.04133844E-01-5.01719301E-02
19  3 4.50530803E-02 4.64115687E-02-5.80132735E-02-2.50874562E-03 2.93668838E-03
19  4 2.10727759E-01 1.84972420E-01-4.56736707E-02-1.64318334E-02 1.69943847E-01
19  5 1.41341217E-01-1.81077647E-02 1.69593116E-02-1.55577867E-02-2.16537064E-02
19  6-1.61135439E-01 2.25745402E-01-7.85295733E-02-4.19091121E-02-7.13619977E-02
19  7 1.87801411E-01-3.92569996E-02 3.80051750E-02-1.15754160E-01 1.30914131E-01
19  8 1.10862321E-01 1.51080029E-01-1.16676583E-01 1.34863570E-01 1.09521085E-01
19  9-1.40756781E-01-9.00822765E-02-3.33731205E-02-2.44396346E-02 2.41455883E-04
19 10 3.23498559E-04-8.16099466E-02-5.13638352E-02-8.77353152E-02 3.01585188E-03
19 11-6.85086787E-02-4.71895531E-02-8.27558476E-02-5.98503407E-03 6.68268828E-03
19 12 2.50656459E-02-1.13683116E-01 3.73737132E-02 2.18324898E-02 2.58481862E-02
19 13-1.05678293E-01 2.39757211E-02-6.42404924E-02-5.32664001E-02 6.19885481E-02
19 14 4.78765189E-02 6.12150764E-02 5.06070282E-02-4.06702100E-02-1.77128919E-02
19 15 5.84731472E-03 2.91979069E-02
20  1-1.22853609E-02 7.28150388E-02 3.04100446E-04 5.08737928E-02 8.64541037E-02
20  2-9.20088536E-02-8.30794271E-04-1.07648678E-01-1.81370653E-01-1.29235125E-01
20  3 5.43947108E-03-5.87921968E-02-1.02814582E-01-1.26234181E-02-1.83399791E-03
20  4 7.89506689E-02-1.46463224E-01 1.92260608E-01 1.14592736E-01 7.47452264E-02
20  5-9.16794844E-02 1.45997747E-01 2.05065194E-02-1.16001127E-02 1.02964658E-01
20  6 2.51160277E-01 4.35641368E-02-1.09216966E-01 1.20155730E-01 1.79615150E-01
20  7 5.72592215E-02 6.61809808E-04-2.91801513E-03 1.48685862E-01-8.23696587E-02
20  8 1.37423990E-01 1.43887580E-02 1.49777317E-01-8.87586143E-02 1.37379005E-01
20  9-4.07648021E-02-3.16765381E-02 1.02110236E-01 6.38232882E-02-8.33989247E-03
20 10 8.00613841E-03-8.36804183E-02-2.82888032E-02-1.46990077E-01 3.93558121E-02
20 11-7.62718604E-02-2.81896827E-02-1.37251499E-01 9.08171404E-04 4.97618363E-04
20 12 1.04723252E-02-5.28490960E-03-2.82121362E-02-6.86891227E-03 1.39584330E-02
20 13-2.58387783E-03-3.02183596E-02 9.45030282E-03 4.82576277E-03 5.82755308E-03
20 14 1.07260724E-02 7.17824339E-02 6.16304941E-02 5.88833507E-02 2.66155641E-02
20 15-6.85830975E-02-7.04661657E-02
21  1 7.28247092E-03-4.31992869E-02-5.97692418E-02 2.54716051E-02-6.58182280E-02
21  2 5.13975155E-02 1.25951479E-01-5.34395768E-02 1.39580467E-01 8.38379242E-02
21  3 7.94402384E-02-4.15785398E-02 7.72108776E-02 7.62678779E-03 1.00338298E-03
21  4 2.38257912E-01-2.08876089E-01-8.21492550E-02-6.91206719E-02 2.17429823E-01
21  5-1.92305982E-01-6.28337132E-02 6.55971810E-03-8.84691271E-03-1.33005734E-01
21  6-1.54856935E-02-7.43634975E-02-1.43731371E-02-1.38510966E-01-4.45596210E-02
21  7-5.49232919E-02-2.23173886E-02 1.97865270E-02-6.80144230E-02-1.50145149E-01
21  8-3.98982891E-03 9.68814624E-02-6.23878566E-02-1.45997894E-01-8.89652452E-03
21  9-1.44123820E-01-7.86028882E-02 1.96960455E-01 1.29579422E-01 5.91181072E-03
21 10-6.53296429E-03 3.13643609E-02 1.50094116E-02 6.20297402E-02-2.44980520E-02
21 11 2.96130066E-02 1.66639858E-02 5.91848718E-02 6.74826702E-04-7.30581183E-06
21 12 1.00280410E-02-4.32494634E-02-2.58712192E-02-3.38246382E-03 9.73639155E-03
21 13-4.40053871E-02-3.02002046E-02-6.18128460E-03-6.62945186E-03 2.43645393E-02
21 14 1.91660237E-02-3.10772307E-02-2.70646935E-02-9.00061519E-02-4.47936196E-02
21 15-7.09140812E-02-6.54536956E-02
22  1-4.27102659E-03 2.53400162E-02 2.12632674E-02 1.41301200E-02 4.70103663E-02
22  2-3.54680267E-02-4.43374832E-02-3.17566946E-02-9.80375745E-02-4.31002668E-02
22  3-3.25039953E-02-9.89519471E-03-6.89727678E-02 3.12430540E-03-6.55057122E-03
22  4-1.19792092E-02-1.76926809E-03 8.09499535E-02-3.10301642E-02-4.30611550E-02
22  5 3.28805115E-02 8.24400670E-02 2.89267832E-02-3.92590620E-02 2.48733861E-02
22  6-8.87016712E-03-1.04963598E-02-5.23553050E-02 3.80924850E-02-5.76163218E-02
22  7-7.40155287E-03-4.81749568E-02 4.06176157E-02-1.06122990E-01 2.79027354E-02
22  8 1.41858859E-01 2.31599689E-01-1.07046549E-01 2.89444126E-02 1.61325388E-01
22  9-7.18990810E-04-1.40756914E-02-1.20723019E-02 3.03098717E-02-7.92929067E-02
22 10 6.91153607E-02 3.48667271E-01-1.29299669E-02 1.05081336E-02 3.43328551E-01
22 11 3.44861784E-01-2.25273868E-02 2.02839294E-03 1.83657271E-02-1.00585583E-02
22 12-7.43660144E-03-4.47190320E-03-1.04310635E-01-1.01933761E-01 1.58848038E-03
22 13 5.68297936E-03-1.15639158E-01 4.80913494E-02 2.17570437E-02 1.87366404E-02
22 14 7.17659228E-02-2.07346863E-01-1.74641746E-01-1.29660129E-02-1.45769913E-03
22 15-6.53775623E-02-6.18884301E-02
23  1 8.64134077E-03-5.15899922E-02-6.63514735E-03-4.98687333E-02-1.58919634E-01
23  2 4.87772346E-02 1.54255542E-02 1.05597763E-01 3.40031922E-01 1.52941588E-01
23  3-1.51035153E-03 7.07171696E-02 1.95140341E-01 6.10226208E-03 1.13589355E-02
23  4-1.09278213E-01-1.37183274E-01-1.41156441E-01-1.05107935E-01-1.36430868E-01
23  5-1.35969048E-01-1.57755641E-01 5.69846681E-03-1.26671388E-02 1.35916728E-01
23  6 2.23079595E-02 7.18193613E-02 2.05614934E-02 1.05864703E-01 2.04517057E-02
23  7 1.43562781E-01-3.62850798E-02 3.23242829E-02-1.37168156E-02 9.90961129E-02
23  8 2.31181969E-01 1.59455147E-01-1.75862710E-02 1.06812140E-01 2.47202676E-01
23  9 9.82257989E-02 8.46375707E-02 5.89176015E-02 6.97609376E-02-1.13728214E-03
23 10 1.02536830E-03-4.02570920E-02-8.58583720E-02-5.13987118E-02 1.29060337E-02
23 11-3.18008998E-02-9.29053443E-02-4.67024509E-02-4.73214669E-03 6.32468849E-03
23 12 4.44717749E-02-5.25041036E-02-3.31614842E-02 1.87052436E-02 5.66057144E-02
23 13-5.24448292E-02-4.82648408E-02-1.29078614E-02-1.65858023E-02 2.26016806E-02
23 14 7.80672488E-03 3.42194672E-02 2.97019905E-02 8.75611715E-02 7.57527925E-02
23 15-5.68648641E-02-3.79894099E-02
24  1 5.28711214E-04-3.20267707E-03-1.72211589E-02-2.31232471E-02-6.14338692E-03
24  2-4.52637077E-04 3.71138307E-02 4.92629458E-02 1.39485014E-02 2.14107555E-02
24  3 2.57385545E-02 3.58368760E-02-1.94437953E-03-7.03014827E-03 1.08938774E-03
24  4 2.35322702E-02 7.69416598E-03-2.80400241E-02 7.75354713E-02 7.18700219E-03
24  5 2.95720126E-02-6.88267982E-02 1.18862161E-02-5.93263463E-03-1.00368106E-01
24  6 3.41542757E-02 5.40878807E-02-1.09535714E-01 5.83711240E-03 4.14089998E-02
24  7 6.99424543E-03 1.96275034E-02-1.36806548E-02 1.39556844E-01-2.18350290E-02
24  8 5.77279731E-02-9.91509083E-02 1.57295625E-01-4.36216484E-02 8.55837172E-02
24  9-1.63980520E-02-3.89284577E-02 1.47366292E-02 3.03330439E-02-4.16796160E-02
24 10 3.67519177E-02 1.11731391E-01-1.30709154E-01 1.17509118E-02 1.91964001E-01
24 11 1.09987554E-01-1.51914206E-01 1.68171932E-02-7.38863924E-02 6.43696801E-02
24 12 1.70708994E-01 1.56924160E-01 2.85991796E-01 3.26451156E-01 1.95391540E-01
24 13 1.79951277E-01 3.14550806E-01-1.08681241E-01-8.96683390E-02-9.97994707E-02
24 14-9.24734339E-02-6.62255579E-02-7.80528840E-02-8.71066827E-02-6.40313830E-02
24 15 2.65222970E-02 9.02585704E-02
25  1 2.00698483E-03-1.18759484E-02-5.68543869E-02-8.72532571E-02-2.64076299E-02
25  2 1.66391049E-02 1.21568924E-01 1.87974258E-01 5.60936448E-02 2.46757178E-02
25  3 9.74088336E-02 1.41941680E-01 3.82637889E-02-2.64403236E-02 2.89515321E-02
25  4 1.91429181E-02 4.22341378E-02-1.02271613E-01 1.50697191E-01 1.59468776E-02
25  5 3.68450353E-02-1.17816771E-01 4.34427083E-03 6.64554980E-03-1.31460654E-01
25  6 3.87643510E-02 9.49893219E-02-8.19680805E-02 1.09396263E-02 5.99485818E-02
25  7 6.89281333E-02 4.36076625E-02-4.23284771E-02 2.99964453E-01 2.94400072E-02
25  8-6.17709454E-02-1.66608871E-01 3.37891513E-01 2.93943894E-02-7.38596672E-02
25  9 8.76319958E-03-3.46252712E-02 1.84573138E-02 6.25418794E-03-2.66039830E-02
25 10 2.03389148E-02 1.01593249E-01-3.42842011E-02-1.07300722E-01 1.33173137E-01
25 11 1.00812840E-01-3.44724558E-02-1.14289269E-01 4.70565816E-02-4.13905658E-02
25 12-1.79489558E-01-6.35903740E-02-1.02699834E-01-2.14694237E-01-2.09244529E-01
25 13-6.57524348E-02-1.01142567E-01 6.44544360E-02 4.91397778E-02 4.87398637E-02
25 14 8.19647843E-02-5.47090037E-02-4.97816313E-02-1.12323669E-01-1.54924616E-01
25 15 8.59075500E-02 2.07332353E-02
26  1-1.86768412E-04 1.08845670E-03-2.10848511E-01-1.34615031E-01 8.07397740E-02
26  2-3.78708153E-03 4.53746806E-01 2.89911938E-01-1.73155275E-01 3.95871733E-03
26  3 3.87415599E-01 2.45898013E-01-1.52365000E-01 7.94063870E-04-3.53655503E-03
26  4-9.86682302E-02-6.53767310E-02 3.67710433E-02 4.04722148E-03-3.73151513E-02
26  5-2.40163318E-02 8.15777413E-03 1.85626414E-02-2.29951748E-02 6.53842569E-02
26  6 4.77721829E-02-8.23890648E-02-8.44216011E-02 8.83664762E-03 6.14227233E-02
26  7-6.13675650E-02-1.05126484E-02 1.04732975E-02-1.13193988E-01-3.88212722E-02
26  8-2.66678538E-02 3.78102424E-02-1.35993286E-01-3.96247181E-02-3.05792224E-02
26  9 8.54883389E-02 1.12953058E-01 1.54087794E-03 8.66717545E-04 4.39640817E-03
26 10-4.31028067E-03-8.82107613E-04 6.40659620E-02-5.75428230E-03-2.07264297E-02
26 11 2.24208426E-03 7.37528436E-02-1.29953857E-03-6.59883224E-03 6.59839253E-03
26 12 5.59720522E-02 3.26324272E-02 3.60454700E-03 2.56198593E-02 6.61379352E-02
26 13 3.68710282E-02 3.66386880E-03-3.43068027E-03-1.71984235E-03-1.40825122E-02
26 14-2.56803088E-03 3.85652496E-03 1.49440461E-02 5.01331329E-02 9.05444102E-02
26 15-3.07563198E-02-2.67017193E-02
27  1-1.16003557E-05 5.15236799E-05 1.64987165E-01-2.15437093E-01 4.89092118E-02
27  2-5.36713119E-04-3.55278567E-01 4.63908426E-01-1.05069134E-01 8.00323191E-04
27  3-3.04208911E-01 3.95774058E-01-9.02369910E-02 6.99625405E-04-4.80534687E-03
27  4 8.11096829E-02-9.65188787E-02 2.28770903E-02 1.49049701E-02 5.28174555E-02
27  5-4.06549336E-02 1.38324662E-03 1.04427370E-02-1.20074256E-02 1.24121606E-02
27  6 2.23525225E-02-6.03964180E-02-4.79860342E-02 1.92312544E-02 2.21105233E-02
27  7-5.54507626E-02-4.32536761E-03 1.54253423E-03-2.38194412E-02-3.09750584E-02
27  8-1.36560923E-02 2.96715669E-02-2.73227595E-02-3.88481449E-02-1.11460649E-02
27  9-6.16263200E-02-5.89384150E-02 9.73803654E-02 1.04780023E-01 7.28451303E-03
27 10-7.47632869E-03-2.44283325E-02 2.86250893E-02 3.96792736E-02-3.13648351E-02
27 11-2.74762173E-02 3.35575279E-02 4.79191677E-02-2.63716241E-03 2.00487799E-03
27 12 2.34509572E-02 2.33637085E-03-6.30028480E-03 1.38489097E-02 2.70894501E-02
27 13 3.43478382E-04-7.70660608E-03-2.02112020E-03-2.79365666E-04-3.08890931E-03
27 14-9.69788791E-03 9.35682184E-03 9.41598286E-03-3.02587998E-03-1.02258349E-02
27 15-1.60729973E-02-1.66718686E-02
28  1 1.48738207E-04-1.10330978E-03-1.69104990E-02 7.56659738E-03 4.34330590E-02
28  2-2.19534054E-03 3.66763437E-02-1.65056070E-02-9.45433906E-02 2.05076336E-02
28  3 2.79894609E-02-1.83355258E-02-9.08516794E-02 3.83712813E-03-1.01601734E-02
28  4-1.20799494E-02 2.84564569E-02 2.27328066E-02 1.26212540E-03-1.47778586E-02
28  5-3.88503264E-03-3.21056353E-02 1.27605891E-03 9.47701575E-05-3.91087210E-02
28  6-1.42211509E-02-5.74136316E-02 2.76124596E-03-1.68730940E-02-1.43773932E-02
28  7-3.45311564E-02 9.61328590E-04-4.81845836E-03 1.73731845E-01 9.62028545E-02
28  8-1.20945411E-02 3.07396459E-02 2.07842096E-01 1.28971071E-01-1.39693347E-02
28  9-4.28345938E-03-2.31716847E-02-3.47428392E-02-3.63982864E-02 4.50352245E-03
28 10-5.93043251E-03-5.33555733E-02-1.03245539E-01 2.12624397E-01-1.13612512E-02
28 11-6.41418700E-02-1.24133682E-01 2.49609010E-01-6.03441768E-03 3.11054431E-03
28 12 3.01601425E-01-1.08421667E-01-2.43448538E-01 4.01077098E-02 3.57097016E-01
28 13-1.31332806E-01-2.84112721E-01-5.97035270E-03-2.13841528E-03 1.12812316E-02
28 14-2.91530099E-02 7.96873871E-03-2.19205168E-02-5.27643957E-02-5.83205544E-02
28 15 1.74152262E-02-9.56222709E-02
29  1-2.65275374E-04 1.27311585E-03-2.54353950E-02 4.59541288E-03 4.62676975E-02
29  2-1.54062815E-02 5.60876930E-02-1.22587479E-02-9.77387662E-02 3.79021213E-02
29  3 3.96245871E-02 4.70056866E-04-1.15126446E-01 1.48326413E-02-2.05996908E-02
29  4-1.58305995E-02-3.48300679E-02 4.57450423E-02-5.60002388E-02-2.37827620E-02
29  5-4.49051281E-02-6.38658417E-03 9.82856299E-03-2.39080243E-02-2.85570460E-02
29  6-1.87906804E-02-8.72765319E-02 3.25897978E-02-3.75357254E-02 1.56593965E-02
29  7-5.97916410E-02-3.77732653E-03 8.01122308E-03 9.45348620E-02 1.12011434E-01
29  8 2.81411888E-01-2.07918294E-02 1.05561911E-01 1.32412435E-01 3.30489558E-01
29  9-8.77708530E-03-1.59300961E-02-5.09706501E-03-9.33836212E-04 1.17273728E-02
29 10-1.63695569E-02-7.08785293E-02 8.89649489E-02 2.91035835E-01-3.17829881E-02
29 11-8.00196279E-02 1.09888464E-01 3.40430315E-01 4.05208386E-03-6.76460540E-03
29 12-2.29014727E-01-1.79921773E-02 1.16416056E-01 5.74066107E-03-2.69614054E-01
29 13-3.45583125E-02 1.30264346E-01 1.05210296E-03 2.88940069E-03 1.84392692E-02
29 14-7.12065184E-02 1.05140228E-02-2.14291830E-02-5.76124347E-02-6.45507946E-02
29 15-2.25898372E-02 4.77458475E-02
30  1-2.13300674E-04 1.52596260E-03 6.46256850E-03 7.81727065E-03-3.34843663E-02
30  2 2.39359328E-03-1.38028421E-02-1.74782990E-02 7.35642063E-02-2.51637084E-02
30  3-1.21441432E-02-5.34894956E-03 7.72906510E-02-1.71120428E-02 2.55402439E-02
30  4 2.84943692E-02 2.05774976E-02-5.01172096E-02 9.01407905E-02 4.66352259E-02
30  5 8.97255772E-03 1.68669400E-02-1.85254815E-03-6.12631060E-04-4.92136945E-02
30  6-4.95712593E-02 9.23319559E-03 4.15546687E-02-6.17047295E-02 2.98913780E-02
30  7-6.20602703E-03 4.86153984E-03-6.53514264E-04 8.89361327E-02 1.07728725E-01
30  8 9.75775588E-02-5.07446820E-02 9.46455938E-02 1.38120723E-01 1.08871887E-01
30  9-4.77044389E-03-2.18375030E-02 1.84034436E-02-3.08658997E-02 6.14594247E-03
30 10-6.67639131E-03 1.92971275E-02 4.37191492E-01-1.13867270E-01-1.54765439E-02
30 11 1.74277951E-02 4.98303845E-01-1.27588202E-01-2.46439599E-03 7.16315876E-03
30 12 1.72669202E-01 1.07699836E-01-3.46066870E-02-2.32357895E-02 2.09046291E-01
30 13 1.35545118E-01-3.25073475E-02 8.86957837E-03 4.03092767E-03-1.97658898E-02
30 14 8.08903441E-02 6.74624918E-03-3.63771345E-02-5.79026687E-02-5.99717245E-02
30 15 5.69203812E-03-5.18853206E-04
 $END   
 $GRAD  
E=     -762.2878629821  GMAX=   0.0545937  GRMS=   0.0142778
CL          17.    7.0556885099E-05    3.2162899443E-04   -7.0175670175E-05
C            6.    2.0302394053E-04   -2.9271971328E-04    3.1387770672E-05
C            6.    5.7028399038E-03    3.0179330933E-02    5.4593739357E-02
O            8.    4.5430179379E-05   -7.3966014510E-04   -1.7455943087E-06
H            1.   -9.7532805436E-06    1.6512950149E-04    1.2470860311E-04
H            1.   -2.0037758764E-05   -1.4766947742E-05   -1.0168225492E-05
O            8.   -6.5525744677E-03   -3.2725025145E-02   -5.2003910197E-02
O            8.    5.9533423843E-03   -3.4204506460E-04   -7.6612931571E-03
H            1.    1.7743416017E-05   -2.6243598153E-05    5.1601456216E-05
H            1.    5.8517581629E-04    3.6140666302E-03   -2.2384047262E-03
H            1.    5.9834513437E-05   -2.1309054446E-04   -3.6625076094E-04
H            1.    2.6587159819E-05   -4.0627192537E-04   -1.2201565743E-05
H            1.   -6.0821688160E-03    4.7966700998E-04    7.5627127356E-03
 $END
-------------------- DATA FROM NSERCH=   9 --------------------
 COORDINATES OF SYMMETRY UNIQUE ATOMS (ANGS)
   ATOM   CHARGE       X              Y              Z
 ------------------------------------------------------------
 CL         17.0   3.1333484345   0.7089307404   0.4478133131
 C           6.0   2.7967701917   0.1367749891  -1.3299613128
 C           6.0   3.3079989353   1.1848689707  -2.2607622397
 O           8.0   2.5395166917   2.3066556520  -2.2963599762
 H           1.0   1.7177512390   0.0315515656  -1.3947169125
 H           1.0   3.3261660850  -0.8006818730  -1.4510763641
 O           8.0   3.1541664929   0.3333233099  -3.8391175759
 O           8.0   3.9046566057   2.8572668384  -4.5240957753
 H           1.0   3.4471163225   3.3151745311  -5.2647159094
 H           1.0   3.6991282600   1.8725956069  -4.5965193641
 H           1.0   2.1692560891   0.3931894892  -3.9671365032
 H           1.0   4.3873373177   1.3057347635  -2.2761732200
 H           1.0   2.9375433287   2.9076556383  -3.0068110692
--- CLOSED SHELL ORBITALS --- GENERATED AT 22:11:53 29-JUL-2026    
Chloroacetaldehyde hydrate and water                                            
E(R-WB97X-D)=     -762.2878729042, E(NUC)=  306.6348866042,    7 ITERS
 $VEC   
 1  1 9.85802772E-01 5.34285337E-02-2.08012135E-05-3.65129495E-05-1.72561965E-04
 1  2-1.87720050E-02 6.49951983E-05 1.12052886E-04 6.49032805E-04 1.02716202E-02
 1  3-2.37088572E-04-4.41307955E-04-1.80341253E-03-3.04243780E-05-4.17954656E-04
 1  4-3.88085913E-06-1.30102066E-05-1.51862272E-04 8.88322441E-04-4.18135690E-05
 1  5 4.22542855E-04-1.50795642E-03 9.14040667E-05 6.93711752E-04-2.32171076E-06
 1  6 1.28656186E-05 3.60215832E-04-2.37692688E-03 6.22109639E-04 1.41277680E-04
 1  7-1.65453632E-03-2.08498272E-05-1.60187115E-04-1.61092830E-05 2.65525808E-05
 1  8-3.96013011E-06 7.00182392E-04 1.63837081E-04-3.32384723E-04 2.12066150E-04
 1  9 1.49745733E-04-8.42813036E-04 2.01949067E-04-7.40063838E-04 9.44256094E-06
 1 10 9.09364731E-05 9.62379283E-06 8.87461578E-06 3.48503811E-05-2.84088690E-04
 1 11-4.81201807E-05-6.93676129E-05-1.74150354E-04-7.48040686E-07-1.13791380E-06
 1 12-3.26817156E-06-4.17036369E-06 2.87879531E-05 4.79813548E-05 4.69011724E-06
 1 13-1.58124850E-06-8.76067093E-05-3.27932870E-05 2.25262809E-05 5.08863540E-05
 1 14-2.04805607E-04-1.52625732E-07-5.88448983E-06 2.32667932E-04-1.95675841E-04
 1 15-1.91751526E-05 4.71116505E-05
 2  1 8.35307767E-06-6.49984934E-05-2.31198416E-05 7.05074659E-06 5.65694175E-05
 2  2 6.28640537E-04 1.58526640E-04-2.85990582E-05-3.39487781E-04-8.09246364E-04
 2  3-7.75355433E-04 2.47141701E-04 6.24294055E-04 1.63471550E-04 5.30206137E-04
 2  4-5.26856996E-04-5.50173166E-04 4.49399208E-04-5.20485847E-03 4.55347179E-03
 2  5-3.66516660E-03 1.62851596E-03-7.34531042E-04-3.01231332E-03-5.58646795E-04
 2  6 2.35646630E-03 4.60046457E-05 2.16159364E-02-1.17305367E-02 8.84432331E-03
 2  7-8.00696698E-04 9.82652207E-01 1.05566412E-01 3.15503061E-03-1.72681988E-03
 2  8-1.72785885E-03-5.40468036E-02-8.68166021E-03 7.33612176E-03 3.97421098E-03
 2  9 9.37112579E-04 2.12444694E-03-6.71225283E-04-4.70302933E-04 7.28755303E-03
 2 10 1.88364940E-03-3.57450183E-04 5.15819539E-04 3.30121223E-04-3.02279325E-03
 2 11 1.49205658E-03-2.35737253E-03-1.77829898E-03 4.74034158E-03 1.35767551E-03
 2 12-2.38171163E-04-2.77995968E-05 6.25580636E-04-1.83906270E-03 8.92505042E-04
 2 13 1.95384441E-04-2.20988828E-03 1.33143126E-04-7.41049575E-04 4.41072427E-04
 2 14-6.13097789E-04 9.21049021E-04-8.16510193E-04-6.95406144E-04 1.08671630E-03
 2 15 3.06581330E-03 6.75114105E-03
 3  1-6.57175290E-06 4.11098955E-05 7.71834630E-06 3.03175111E-05-3.75037446E-05
 3  2-8.00251795E-04-4.38909870E-05-1.75460149E-04 2.83918119E-04 1.47035689E-03
 3  3 1.36808959E-04 4.89566248E-04-1.37258955E-03 2.13889595E-04 7.67703207E-04
 3  4-9.86758501E-05-1.70276621E-04 7.93167961E-04-6.72215430E-03-1.20610205E-03
 3  5-2.02784387E-03 2.43139648E-03-9.37206590E-04-5.28715061E-03-1.11274378E-04
 3  6 8.87275332E-04 5.43676674E-04 1.78816891E-02-2.35698997E-03-5.26144050E-03
 3  7-5.44594349E-03-7.10574061E-03 4.33276410E-04-7.99721905E-05-4.19516622E-04
 3  8-3.89463085E-04-3.36189451E-03-3.12260106E-04 2.92926931E-03 1.88763042E-03
 3  9 7.37586381E-04-1.02463658E-03 2.58270120E-04 3.54720358E-04 9.82174485E-01
 3 10 1.02560189E-01-2.21907386E-03 1.72784121E-03 1.26061960E-03-4.27213153E-02
 3 11 4.46500335E-03-4.76721701E-03-4.07071143E-03 2.06695264E-02 3.20631557E-03
 3 12-3.63906750E-05-6.02351409E-04-2.30209180E-05-4.02943888E-03 2.07890123E-04
 3 13 2.64967087E-03 3.01551417E-05 3.68098465E-04-1.17648513E-03-1.78729111E-04
 3 14 5.80608945E-03 3.29486571E-03 6.06962036E-03-1.29310602E-03-1.80578767E-03
 3 15 5.06514245E-04-1.13456659E-03
 4  1-6.49723971E-08 7.96901374E-07 6.82466491E-06-2.01314639E-06-1.23147032E-06
 4  2-4.91834649E-07-3.50900696E-05 8.67133685E-06 8.60348303E-06-3.19789043E-05
 4  3 5.52831450E-05 6.79920735E-06 1.55071859E-05 3.04686667E-06 6.71241528E-05
 4  4-4.43357351E-05 4.76702149E-05-7.18196960E-05 2.07759650E-06 1.55930918E-04
 4  5 1.63082862E-05 6.21322324E-05 6.54244765E-05 4.06733964E-04 5.17181573E-06
 4  6-1.01003187E-04-7.97807437E-06-1.45248419E-03 4.65016819E-04-5.47040137E-04
 4  7 2.72466401E-04-4.41450508E-03 4.04877201E-04 3.36120496E-05 4.20992606E-04
 4  8-2.37778582E-04-2.39827854E-03-2.99904961E-04-1.86582487E-03 1.31148798E-03
 4  9-3.39586805E-05 2.75633684E-04 5.01847699E-05-1.77560864E-04-2.04970594E-02
 4 10-1.16203743E-03 3.72919431E-04 5.43243090E-04-4.17905610E-04-1.06245522E-03
 4 11-1.21576117E-03-1.99353983E-03 1.40812036E-03 9.82145997E-01 1.02727243E-01
 4 12-2.15385534E-03-1.39033889E-03-1.75762881E-03-4.33795397E-02 4.55737580E-03
 4 13 3.55632260E-03 3.36183003E-03 2.93498696E-03 6.11472809E-03 2.35286636E-03
 4 14 9.52503042E-03 5.13695200E-04-1.50472035E-03 1.63756839E-04-4.90529051E-04
 4 15-4.70222052E-04 5.16342510E-03
 5  1 7.87748434E-05-1.01066140E-04-4.50330311E-06 5.32893547E-05-2.18092442E-04
 5  2-2.41070236E-03 3.86993233E-05-3.55898610E-04 1.50525358E-03 3.22709130E-03
 5  3-4.99381986E-04 2.16590034E-05-2.51809589E-03-8.96374181E-03-4.01085723E-03
 5  4-3.23704568E-04-5.11898523E-04 1.33438859E-04 2.57947017E-02 6.10756856E-03
 5  5 1.07029785E-02-1.21523636E-02 9.86490931E-01 1.10070427E-01-3.42292820E-04
 5  6-9.27534543E-04-4.45957829E-04-8.26973011E-02 1.79256989E-03 1.22480960E-02
 5  7-4.58189634E-03 2.27758710E-05-2.42203456E-04 3.04966325E-04 3.89123821E-04
 5  8-1.71070856E-04 6.80877426E-03-1.10045515E-03-2.72344770E-03 1.03723390E-03
 5  9-1.41532782E-03 1.67012733E-03-1.57568537E-03 1.15240990E-03-3.67448063E-04
 5 10-2.60017518E-03-1.39540852E-04-1.88514206E-04-5.13614751E-04 9.03152197E-03
 5 11 9.04175333E-04 3.03519543E-03 6.86509200E-03 2.56773537E-05 2.12232337E-04
 5 12 4.17678659E-05 1.18593670E-04-3.94467126E-05-7.73049306E-04 2.87275130E-06
 5 13-2.22721516E-04-1.08624207E-04 2.90512775E-04-4.76249895E-04-4.27268511E-04
 5 14 1.03352139E-03-1.39171415E-03 3.50634748E-03-5.94523599E-04 1.59653612E-02
 5 15 1.86896340E-04 2.68079612E-03
 6  1-2.79439325E-05-1.61478216E-04 6.17648179E-05 1.02062906E-04 3.38149658E-04
 6  2-2.13493684E-03-3.58525847E-04-5.93493978E-04-1.91183282E-03 1.28110657E-02
 6  3-1.29526175E-03-2.13319556E-03-8.56569359E-03 9.86476851E-01 1.11841349E-01
 6  4 3.49451059E-04 6.83945566E-04 1.11819055E-03-9.04410247E-02-2.80054184E-03
 6  5-6.07663889E-03 2.46806827E-03 8.40977826E-03-1.85904220E-03 4.04736064E-04
 6  6 4.79932508E-04-7.74583851E-05 2.33703407E-02-5.53773108E-03-1.02600408E-02
 6  7 8.94411057E-03 3.61427234E-05-1.52230042E-05-2.55945184E-05 5.00054050E-04
 6  8-3.23383693E-04-1.30893200E-03 7.33963910E-06-4.05242881E-04 5.31517201E-04
 6  9-9.87227188E-05 1.54866113E-02-1.83109379E-04 1.54247718E-02 1.73860578E-05
 6 10-5.07416683E-05 1.94012070E-04 1.90510964E-04-3.28660546E-04-5.44491155E-04
 6 11-6.16718488E-04-6.40961598E-04 1.80803170E-04 1.50249307E-05 1.05899065E-04
 6 12-3.78213033E-05 5.53800608E-05-1.40255886E-04-5.55710560E-04 1.86723217E-04
 6 13-6.43917251E-05 4.27200380E-04 3.16720403E-04-2.57721200E-04-2.31614297E-04
 6 14 1.30015781E-03-3.91094692E-04-6.00239060E-05-1.14434716E-03 1.35585716E-03
 6 15 4.57312055E-04 1.29217667E-03
 7  1-3.05122170E-01 9.77072989E-01-1.52320905E-03-2.75968253E-03-8.43070098E-03
 7  2 1.54275959E-01-6.48771729E-04-1.13740665E-03-5.20511317E-03-6.76856576E-02
 7  3 1.68230855E-03 3.10344752E-03 1.20314955E-02-3.27354916E-05 1.71138971E-03
 7  4-4.99539260E-05-2.30900427E-05 4.94157174E-04-3.10368304E-03 5.87370612E-04
 7  5-1.95514248E-03 9.94930551E-03-1.11767552E-04-3.69318800E-03 2.54443670E-05
 7  6-9.97280512E-05-2.06893932E-03 1.30914752E-02-3.66088544E-03-7.16284440E-04
 7  7 9.57978455E-03 1.07015721E-04 7.81653304E-04 6.85649124E-05-1.46922873E-04
 7  8 2.99341057E-05-3.83942264E-03-8.82920122E-04 1.89415745E-03-1.21940489E-03
 7  9-9.58850487E-04 5.08469763E-03-1.25765396E-03 4.43510054E-03-5.60085321E-05
 7 10-5.10779579E-04-5.10961943E-05-4.27185419E-05-2.14288744E-04 1.72491682E-03
 7 11 2.80118200E-04 4.08174848E-04 1.17863160E-03 4.68763923E-06 1.45260509E-05
 7 12 1.70047457E-05 1.68938819E-05-1.39698556E-04-2.89696483E-04-2.84841621E-05
 7 13 3.48739939E-05 4.65891501E-04 1.72748038E-04-1.39911013E-04-2.77663483E-04
 7 14 1.19762624E-03-5.46028781E-05 1.71495357E-04-1.27870282E-03 1.34809624E-03
 7 15 6.70795694E-05-2.55655210E-04
 8  1-3.20820489E-03 1.08630192E-02 1.66965880E-01 2.85591371E-01 9.12581964E-01
 8  2-3.23211015E-03 1.53114901E-02 2.61671047E-02 8.49477130E-02 4.83318367E-03
 8  3-4.98334104E-03-8.62457829E-03-2.93009459E-02-6.84222250E-04-4.44775055E-03
 8  4-3.57099540E-05-1.27279684E-04-4.58633146E-04 9.59242468E-03 9.00644828E-04
 8  5 3.49267541E-03-3.36241948E-03 4.14302378E-04 2.88430379E-03 2.75149266E-05
 8  6 8.12122640E-05 8.36487869E-04-1.20563510E-02 2.35889200E-03 1.53492602E-03
 8  7-7.72509250E-03-7.22473221E-05-4.45224064E-04-7.01179193E-05-3.09229531E-05
 8  8 3.10822010E-05 2.56982803E-03 7.17197143E-04-9.67412979E-04 6.58685645E-04
 8  9-2.61790016E-04-3.97267872E-03-4.76137320E-05-3.54480878E-03 2.28532429E-05
 8 10 1.68880874E-04 3.06507830E-05 8.05174155E-05-1.38826900E-05-8.62217664E-04
 8 11-1.60302472E-04-4.32342679E-04-1.84176058E-04-4.39306485E-06-1.87567818E-05
 8 12-4.28627783E-06-2.37667915E-05 9.97030325E-05 2.45889063E-04-1.04156754E-05
 8 13 1.42818682E-05-3.35914465E-04-1.46360303E-04 1.16511597E-04 2.28641652E-04
 8 14-9.13606709E-04-1.79980772E-04 3.81655748E-04 9.86777321E-04-3.87283612E-04
 8 15-1.32502729E-04-9.13768283E-05
 9  1 2.11456189E-05-1.16276729E-04 5.66305153E-01 7.17936941E-01-3.28102332E-01
 9  2 4.17721525E-04 5.07684917E-02 6.44056781E-02-2.98971510E-02 2.40051186E-04
 9  3-1.59105719E-02-2.02366197E-02 9.15915944E-03 2.50216549E-05 1.52402056E-04
 9  4-3.62194946E-05 3.18940530E-05 5.24324904E-04-8.17899959E-04 7.46449574E-04
 9  5-5.12987185E-04-2.21199290E-03-1.69398509E-04-1.39054334E-03-3.15783325E-05
 9  6-1.83729902E-04-9.64964313E-04 2.90482208E-03-5.36555189E-04 1.99679739E-03
 9  7 4.53305563E-03 4.22706393E-05 2.44473568E-04 9.81475783E-05 1.69716234E-05
 9  8-5.75618672E-05-1.62401071E-03-7.68391880E-04 4.67544858E-04-3.49000341E-04
 9  9 5.81257386E-04-1.55008983E-03 1.34928999E-04-1.18396522E-03-3.82407315E-05
 9 10-2.86640864E-04-6.28864567E-05-9.16765064E-05-8.26771161E-05 1.11650032E-03
 9 11 2.99611770E-04 5.38267675E-04 7.06060936E-04-1.20371633E-06-1.43355988E-05
 9 12 1.99209389E-05 7.56738837E-06-2.95633935E-05-1.88576800E-05-6.18955001E-05
 9 13-5.28939846E-06 1.11330073E-04 1.98230296E-05-2.44801360E-05-6.80455431E-05
 9 14 2.76242695E-04-7.90431462E-05 3.99297540E-04-9.13384507E-04 1.24695175E-03
 9 15 1.72611251E-04-2.36464843E-04
10  1 2.22491854E-05-6.68309273E-05 7.71558613E-01-5.88880271E-01 4.30959436E-02
10  2-4.34424410E-05 6.89945906E-02-5.26892941E-02 3.93525049E-03-1.00620335E-04
10  3-2.10410664E-02 1.62059546E-02-1.16998625E-03-1.95664641E-06-2.69428359E-05
10  4-5.82875738E-05 2.30514956E-05-9.11452778E-05-1.63073912E-04 1.52659443E-03
10  5-1.09902306E-03 5.50866765E-04 4.19035946E-05 4.67053349E-04-6.20533241E-05
10  6 1.95343015E-04 9.83946232E-05-1.24280492E-03-7.03936361E-04-7.63505348E-04
10  7-2.29230864E-04-2.47066151E-06 5.08857593E-05-2.97899471E-05-5.80431974E-05
10  8 2.91806241E-04 2.67440331E-04 2.56249933E-04 1.24580146E-04-8.41950891E-04
10  9 6.53950209E-04-1.47299791E-03-7.67656148E-04 1.73681500E-03 7.86567606E-06
10 10 7.65422507E-05 2.91225786E-05-3.83711289E-05 4.04721670E-05-2.49878712E-04
10 11-7.03365613E-05 1.20108203E-04-1.62433808E-04-4.79313515E-06-4.20720498E-05
10 12 9.44946580E-06 8.92453558E-06-1.09313781E-05 1.29713793E-04-3.84820635E-05
10 13-5.07030787E-05 4.43013470E-05-1.74764758E-05 5.28153064E-05 3.34022791E-05
10 14-1.81714242E-04-1.12602530E-04 2.18210174E-04-1.34127255E-04 1.41802744E-03
10 15-1.99798881E-04-1.86652573E-04
11  1 2.10515032E-03-1.19312631E-02 5.00269886E-04 6.07257892E-05 3.64118396E-03
11  2 1.50354810E-02-1.00292296E-03-3.42212790E-04-6.57865872E-03 5.23799741E-03
11  3 2.45334873E-03 1.57980375E-03 9.33183028E-04-2.21949727E-02 1.97146939E-02
11  4 3.99759828E-03 1.96614172E-02-1.26441730E-02 4.10182008E-02-2.06989875E-02
11  5 1.65486542E-02 4.29850309E-03-9.54628158E-02 1.04039641E-01-6.05608028E-02
11  6 8.33417097E-02-3.70990368E-03 1.43741778E-01 2.06617109E-02-1.68237863E-02
11  7 1.34836190E-03-2.08928196E-01 1.91560857E-01 8.44139475E-02-4.82213759E-02
11  8-4.14139372E-02 6.50286922E-01 9.40913055E-02-5.51924974E-02-4.86538010E-02
11  9 4.91094379E-03-8.73339201E-03 7.65969527E-03 3.29656750E-03-3.48780461E-02
11 10 3.26157437E-02-1.07726370E-02 9.62571169E-03 9.87888185E-03 9.87829662E-02
11 11-1.57928582E-02 1.46228109E-02 5.43826819E-03-2.48618130E-02 2.09960316E-02
11 12-7.99051729E-03-5.38770698E-03-2.28734209E-03 7.74809951E-02-1.14393188E-02
11 13-7.31788773E-03 4.85818697E-03 1.00072595E-02 4.03988862E-03 1.34206498E-02
11 14 4.86279978E-03 1.63633325E-02 5.07750707E-03 2.36748551E-02-1.60629920E-02
11 15 8.40301467E-02 8.83257395E-03
12  1-6.41178552E-04 3.66462045E-03-1.58722638E-04-2.58103394E-05-9.14665536E-04
12  2-4.84285369E-03 3.57666648E-04 1.16782253E-04 1.82856910E-03-1.88240515E-03
12  3-6.55258607E-04-6.20769663E-04-1.49098541E-04 3.05101979E-03-4.57081213E-03
12  4-2.07080568E-04-3.64997089E-03 2.76984436E-04 7.25540164E-03 6.41093722E-03
12  5 2.12260215E-03-7.13469549E-03 1.10945115E-02-1.27921365E-02 1.18526698E-02
12  6-1.95622922E-02-6.74328368E-03-2.18494494E-02 2.71034594E-03 1.27446532E-02
12  7-1.65867170E-02 3.53673684E-02-3.23405946E-02-1.22485734E-02 1.09165178E-02
12  8 1.08415785E-03-1.19049819E-01-1.55966321E-02 8.53045867E-03 3.09953425E-03
12  9-1.29753020E-03 1.35062751E-03-1.54582100E-03-1.14579373E-04-3.33419171E-02
12 10 2.98635316E-02-1.01664723E-02 7.13299870E-03-9.91668729E-04 1.04432815E-01
12 11-7.18924628E-03 1.19117170E-02-2.44883682E-03-2.23944005E-01 2.09405911E-01
12 12-6.13137618E-02-3.59949929E-02-6.56793904E-02 6.91296599E-01-6.22836471E-02
12 13-4.04264015E-02-6.29580960E-02 1.16832746E-01 2.58429672E-02 1.07326121E-01
12 14 1.63255007E-02 1.64831710E-02 6.86240681E-03-2.94363972E-03 6.45903008E-03
12 15 2.52190376E-03 1.03810312E-02
13  1 1.85382631E-03-1.06457741E-02 2.14971277E-04 6.86647421E-04 2.58213392E-03
13  2 1.42260001E-02-3.53547836E-04-1.10097336E-03-5.73875438E-03 8.77583405E-03
13  3-9.46171524E-04-1.67963671E-03-3.87777842E-04-1.90347187E-02 1.68195541E-02
13  4 4.62718767E-03 3.74444275E-03-1.27624306E-02 4.63266460E-02 3.31461474E-03
13  5-5.34357701E-03-1.29322135E-02-2.33772279E-02 2.77307997E-02 6.21457036E-03
13  6-5.02290875E-02-3.15463383E-02 6.21678953E-02-4.56956228E-03-1.18317337E-02
13  7-1.28213479E-02 4.91017792E-02-4.67062841E-02-1.72154472E-02-6.21114126E-03
13  8 9.40024017E-03-1.61506761E-01-2.00068289E-02-9.10800924E-04 5.76530390E-03
13  9 6.51746665E-03-1.56782779E-04 7.14145521E-03-1.27631836E-03-2.21326446E-01
13 10 2.10225311E-01-8.57869860E-02 2.41123111E-02 1.51235865E-02 6.85161646E-01
13 11-7.98859347E-02 2.74389810E-02 2.04827834E-02 4.11332738E-02-3.75093687E-02
13 12 1.13479615E-02-6.02628660E-05 1.25677271E-02-1.33740227E-01 1.15879056E-02
13 13 3.58191239E-03 1.21359840E-02-2.34972076E-02-6.74738727E-03-1.64072241E-03
13 14 1.20144220E-02 1.29074171E-01 2.97040740E-02 1.15565423E-02 3.81925765E-03
13 15-2.91816397E-02-8.77504607E-03
14  1 6.16506213E-02-3.55623793E-01 7.59527434E-03 1.31675779E-02 4.51781356E-02
14  2 4.53975528E-01-1.54549335E-02-2.64631298E-02-9.12974223E-02 3.02933614E-01
14  3-7.34562306E-04-2.94198904E-03-7.79078275E-03-1.30399717E-01 1.12913437E-01
14  4 1.81681368E-02 3.14191547E-02 3.43839443E-02 3.97572879E-01 1.93273246E-02
14  5 3.11551049E-02 4.01807130E-02-4.43485592E-02 5.21218073E-02-5.53329322E-03
14  6-5.02357939E-02 5.82936985E-02 6.33219522E-02 8.40133576E-03-2.14449307E-03
14  7-5.19758325E-03 3.30918746E-02-3.05666059E-02-9.46055811E-03-2.09997001E-02
14  8 2.48553892E-02-1.15312087E-01-1.17909819E-02-1.11528544E-02 2.27238490E-02
14  9 5.38719701E-02-1.43950969E-02 5.42234504E-02-1.60514983E-02 2.86393041E-02
14 10-2.61838983E-02 1.42532038E-02-2.55945867E-03 9.09305932E-03-9.63634049E-02
14 11 1.25532800E-02-6.57048977E-03 2.70593254E-03-6.33361149E-03 5.90853857E-03
14 12-8.57771766E-04 3.78701450E-04-4.28575975E-03 2.24786182E-02-2.69250170E-04
14 13-4.01373769E-04-5.69647437E-03 4.39724294E-03 2.29478407E-03 1.21104923E-03
14 14-7.28804281E-03-1.92720752E-02-7.27767213E-03 2.20461449E-02-5.68539121E-03
14 15-2.71750356E-02-1.24205919E-02
15  1 5.04833099E-02-2.93954661E-01 4.51081336E-04 1.02999420E-03-1.00505581E-02
15  2 3.62571266E-01-1.61703726E-03-4.00507323E-03 1.81039081E-02 3.49537344E-01
15  3-3.89831400E-03-4.80821615E-03-1.70824694E-02 1.18312251E-01-1.23085318E-01
15  4-1.80545607E-02-3.33627925E-02 1.09498433E-01-3.14249141E-01-4.61351397E-03
15  5 6.72385377E-04 3.20900157E-02 1.18290120E-01-1.22993420E-01 1.02864219E-02
15  6 8.02088517E-02-7.32494110E-02-3.15837032E-01-2.20555699E-03 3.98136961E-02
15  7-3.13341787E-02-4.86159955E-02 4.35517484E-02 5.67266424E-04 7.90908667E-02
15  8-4.92985103E-02 1.90862782E-01 7.21771384E-03 5.28834557E-02-3.92973786E-02
15  9-6.47540526E-02-4.15500768E-03-6.76249891E-02-4.41028214E-04-3.82022175E-02
15 10 3.40861947E-02-2.95648768E-02-3.07970363E-03-3.85650787E-02 1.38653336E-01
15 11-2.42748628E-02 2.68374992E-03-1.98882431E-02 5.68862626E-03-5.24571066E-03
15 12-1.10988981E-03-1.25650204E-03 8.03981860E-03-2.22125804E-02-2.43007928E-03
15 13 5.80689694E-04 8.09010223E-03-6.07090845E-03-3.70253695E-03 3.77912031E-04
15 14 9.23380448E-03 3.33736333E-02 2.39941750E-02-6.44010457E-02 1.89032772E-03
15 15 6.17036639E-02 3.32561864E-02
16  1 1.77006087E-02-1.04103167E-01-1.42277478E-02-2.18340046E-02-2.77990220E-02
16  2 1.28248013E-01 2.85132444E-02 4.43425764E-02 5.40728845E-02 1.55517349E-01
16  3 1.37353110E-02 1.80886747E-02 1.04278782E-02 1.16512747E-01-1.04451026E-01
16  4 7.87971729E-02 1.16132995E-01-2.33336115E-02-4.46282000E-01 3.43479804E-02
16  5 4.19740563E-02-2.69269377E-03-1.29977249E-01 1.31755199E-01 8.77377518E-02
16  6 7.30576987E-02-6.03065182E-03 4.55932471E-01 6.75297646E-02 3.58676015E-03
16  7 1.36555484E-02 5.08384855E-02-4.67155818E-02 6.60647244E-02-1.43312882E-01
16  8 6.55385488E-02-2.07556619E-01 5.29895360E-02-1.18138929E-01 5.54643433E-02
16  9-1.20837993E-01-4.29135126E-02-1.05599208E-01-3.60560511E-02 1.21477534E-02
16 10-9.97453987E-03 4.81483468E-02 2.92722534E-02 3.81895504E-02-5.22832655E-02
16 11 3.79549559E-02 2.31735254E-02 2.25609229E-02-8.36085693E-04 8.16227243E-04
16 12 7.29400921E-03-1.44374957E-02-3.00746843E-03 4.59600436E-03 8.80925790E-03
16 13-1.34564428E-02-1.15989890E-03-3.80684398E-03-2.55095076E-03 1.17928852E-02
16 14 6.07577192E-03-3.70401478E-02-3.30388225E-02 1.37315433E-01 3.43549640E-02
16 15-8.78283625E-02-6.36115644E-02
17  1-1.67579722E-03 9.90314019E-03-1.31123964E-02 1.25975606E-02 4.24943711E-03
17  2-1.08127072E-02 2.69629183E-02-2.55664159E-02-9.03228816E-03-1.83139988E-02
17  3 1.55093165E-02-1.55084889E-02-1.65666449E-04-1.39398751E-02 9.59957665E-03
17  4 1.13885711E-01-9.76970616E-02 7.44212806E-03 7.82425485E-02 1.04662457E-01
17  5-6.98285206E-02-4.50493312E-03-1.39428407E-02 6.91184570E-03 2.57307030E-01
17  6-8.32851473E-02-5.25709858E-02 6.90551062E-02 1.68042763E-01-6.84734973E-03
17  7-5.83283722E-02 1.33925351E-02-1.46587298E-02 4.43742695E-02 2.45433687E-01
17  8-1.46694931E-01-4.95510278E-02 4.04734429E-02 2.19745272E-01-1.33296057E-01
17  9-4.54341068E-02-2.07266672E-02 8.21011334E-02 3.06404340E-02-7.67118217E-04
17 10 4.78983860E-05 7.60839726E-02 1.78342522E-02 3.27068475E-02 2.17289098E-03
17 11 6.63480347E-02 1.38003860E-02 2.51686774E-02 6.74189034E-03-8.71730687E-03
17 12 2.63369265E-03-5.41081962E-02 7.35457041E-02-2.13277879E-02-1.89716536E-03
17 13-4.71313032E-02 7.52428639E-02-5.61261507E-02-3.51060934E-02 3.13270950E-02
17 14 2.57222002E-02-5.13543439E-02-3.56561037E-02 1.35853565E-01 6.70706709E-02
17 15 1.56361179E-01 1.01328790E-01
18  1 1.12036274E-03-6.68220669E-03-1.51061971E-02-4.30195030E-03-2.55566059E-03
18  2 7.69432033E-03 3.14796916E-02 8.87180831E-03 4.64009647E-03 1.65871965E-02
18  3 1.79310028E-02 4.63872239E-03-1.41407800E-03 8.64155715E-03-4.87262753E-03
18  4 9.50813675E-02 8.70282069E-03-2.46943899E-02-6.87864133E-02 6.71124064E-02
18  5-1.60700528E-02-1.78468071E-02-8.24519090E-03 9.19773109E-03 6.09881316E-02
18  6-5.68441121E-02 3.76410663E-02 4.30326116E-02 2.49248840E-02-5.40827846E-02
18  7 6.48483540E-02-1.40071947E-02 1.29079336E-02-1.29649023E-02 8.31888098E-02
18  8 8.16959793E-04 5.80269010E-02-1.07863644E-02 7.85207159E-02 2.58761970E-03
18  9-6.06825038E-02-3.19988241E-02 1.77651669E-02 9.27646685E-03-8.49731445E-03
18 10 1.05443538E-02-4.50066339E-02-5.93040730E-02 2.35692172E-02 3.07173414E-02
18 11-4.29776950E-02-6.40737665E-02 2.75474761E-02 2.36954322E-03-7.68772226E-04
18 12-6.10604767E-02 3.36483877E-01-1.57406590E-01-1.31819439E-02-5.23655926E-02
18 13 3.07375689E-01-1.44345661E-01 2.07630535E-01 1.53032666E-01-2.03350066E-01
18 14-1.63095939E-01 2.99754703E-02 1.96058560E-02 3.31071805E-02 1.10124583E-02
18 15 2.51221939E-02 2.97756784E-02
19  1-3.98439913E-03 2.36370611E-02-3.27851946E-02-2.84140661E-02 4.79272005E-02
19  2-2.68986812E-02 6.91056771E-02 5.88950700E-02-1.01254423E-01-4.82365237E-02
19  3 4.54122654E-02 4.69246427E-02-5.64031510E-02-2.29292932E-03 2.95133964E-03
19  4 2.11302045E-01 1.85871516E-01-4.78019502E-02-1.82645777E-02 1.70334710E-01
19  5 1.41417655E-01-1.96562639E-02 1.66428330E-02-1.53398534E-02-2.37839216E-02
19  6-1.64326495E-01 2.24922230E-01-7.68930809E-02-4.40726101E-02-7.36872462E-02
19  7 1.87010418E-01-3.93180527E-02 3.80844197E-02-1.17317051E-01 1.31435747E-01
19  8 1.09207562E-01 1.51117008E-01-1.18188894E-01 1.35457903E-01 1.07840278E-01
19  9-1.41175608E-01-9.02438120E-02-3.36198544E-02-2.46647684E-02 4.30258737E-04
19 10 1.38758721E-04-8.07839672E-02-5.09011043E-02-8.57890573E-02 2.19175225E-03
19 11-6.77810999E-02-4.67092436E-02-8.09385919E-02-5.89766071E-03 6.59095502E-03
19 12 2.45276448E-02-1.12781231E-01 3.76849237E-02 2.14966042E-02 2.52304922E-02
19 13-1.04855291E-01 2.42790497E-02-6.38890968E-02-5.28583951E-02 6.15950077E-02
19 14 4.73900524E-02 6.04057125E-02 4.98860763E-02-4.17578780E-02-1.83438216E-02
19 15 6.46811461E-03 2.98699831E-02
20  1-1.23100031E-02 7.29602135E-02-3.33746086E-04 5.03947012E-02 8.66305284E-02
20  2-9.21823912E-02 5.13794949E-04-1.06641609E-01-1.81728013E-01-1.29437005E-01
20  3 6.27929311E-03-5.80573904E-02-1.02982038E-01-1.27395265E-02-1.68782392E-03
20  4 8.13601011E-02-1.45530406E-01 1.91299945E-01 1.14618991E-01 7.67314740E-02
20  5-9.09291669E-02 1.45374067E-01 2.08568740E-02-1.19735219E-02 1.03305792E-01
20  6 2.48970188E-01 4.62716453E-02-1.10561417E-01 1.19857245E-01 1.78378261E-01
20  7 5.95740338E-02 5.00487851E-06-2.27924366E-03 1.46732646E-01-8.11262463E-02
20  8 1.38934054E-01 1.69185920E-02 1.47710356E-01-8.74153890E-02 1.38841260E-01
20  9-4.23116561E-02-3.25866195E-02 1.02469939E-01 6.40092628E-02-8.37595692E-03
20 10 8.03550029E-03-8.42793391E-02-2.88727228E-02-1.48035115E-01 3.95791643E-02
20 11-7.66985212E-02-2.87160469E-02-1.38213043E-01 9.50336185E-04 4.92898842E-04
20 12 1.07033359E-02-7.11372152E-03-2.81396149E-02-7.13322056E-03 1.41981239E-02
20 13-4.30468642E-03-3.03944949E-02 8.74010773E-03 4.19419937E-03 6.90035701E-03
20 14 1.16323933E-02 7.23521410E-02 6.21405440E-02 5.85031190E-02 2.65637459E-02
20 15-6.88480883E-02-7.03032427E-02
21  1 7.32089645E-03-4.34273383E-02-5.94249136E-02 2.55242601E-02-6.62915687E-02
21  2 5.16600012E-02 1.25222192E-01-5.35490837E-02 1.40581512E-01 8.42986999E-02
21  3 7.89724237E-02-4.16793478E-02 7.77810909E-02 7.65059040E-03 1.00586742E-03
21  4 2.37111895E-01-2.09281800E-01-8.21859416E-02-6.92994287E-02 2.16386570E-01
21  5-1.92623303E-01-6.29115578E-02 6.50639127E-03-8.83145850E-03-1.33375194E-01
21  6-1.49558664E-02-7.54930547E-02-1.40241384E-02-1.38748754E-01-4.45347905E-02
21  7-5.60041004E-02-2.21547702E-02 1.96226394E-02-6.81816435E-02-1.50527338E-01
21  8-4.57255207E-03 9.63120772E-02-6.25174164E-02-1.46461254E-01-9.44386957E-03
21  9-1.43349688E-01-7.81469239E-02 1.96868043E-01 1.29600214E-01 5.80752286E-03
21 10-6.44257843E-03 3.23068139E-02 1.52221685E-02 6.28393293E-02-2.40941062E-02
21 11 3.04720109E-02 1.68559469E-02 5.99240537E-02 7.53964186E-04-9.14432996E-05
21 12 9.79812167E-03-4.28757135E-02-2.57946514E-02-3.67753042E-03 9.47455178E-03
21 13-4.36643893E-02-3.00472068E-02-5.93084521E-03-6.42005262E-03 2.41407196E-02
21 14 1.89851176E-02-3.17837255E-02-2.76860967E-02-9.02413893E-02-4.50045418E-02
21 15-7.08012945E-02-6.53987422E-02
22  1-4.25833690E-03 2.52638743E-02 2.12491270E-02 1.38559404E-02 4.68771765E-02
22  2-3.54204221E-02-4.43049287E-02-3.11807664E-02-9.77463614E-02-4.27877887E-02
22  3-3.25245544E-02-9.48564101E-03-6.89017223E-02 3.10268169E-03-6.53742798E-03
22  4-1.25702995E-02-1.56474614E-03 8.06057336E-02-3.08684554E-02-4.36704675E-02
22  5 3.29947398E-02 8.19073598E-02 2.89677544E-02-3.93392298E-02 2.48810315E-02
22  6-9.15709206E-03-1.01773521E-02-5.24906393E-02 3.82247038E-02-5.75861118E-02
22  7-7.22843577E-03-4.81819849E-02 4.06295457E-02-1.05916030E-01 2.85796363E-02
22  8 1.42110782E-01 2.31592471E-01-1.06883763E-01 2.95947538E-02 1.61637063E-01
22  9-3.81640571E-04-1.40115950E-02-1.23425077E-02 3.01791470E-02-7.93420640E-02
22 10 6.91575675E-02 3.48738432E-01-1.35022354E-02 1.07234886E-02 3.43589964E-01
22 11 3.44939093E-01-2.31422756E-02 2.25389462E-03 1.82986294E-02-1.00083878E-02
22 12-6.94598948E-03-5.28789047E-03-1.03919665E-01-1.01593865E-01 2.03388161E-03
22 13 4.87609494E-03-1.15320864E-01 4.76464239E-02 2.14279244E-02 1.89482238E-02
22 14 7.18057315E-02-2.07371439E-01-1.74810675E-01-1.30658940E-02-1.41601661E-03
22 15-6.52349066E-02-6.17375101E-02
23  1 8.66444282E-03-5.17273686E-02-6.42166045E-03-4.98982139E-02-1.59175600E-01
23  2 4.89635561E-02 1.49639913E-02 1.05657112E-01 3.40561777E-01 1.53169264E-01
23  3-1.75743042E-03 7.07970868E-02 1.95504701E-01 6.04607056E-03 1.14689158E-02
23  4-1.09174198E-01-1.36554406E-01-1.42046893E-01-1.05006963E-01-1.36236107E-01
23  5-1.35606543E-01-1.58677994E-01 5.65093922E-03-1.26376739E-02 1.35669743E-01
23  6 2.13003741E-02 7.18655495E-02 2.08444314E-02 1.05445724E-01 1.98474542E-02
23  7 1.43634771E-01-3.62614910E-02 3.23103815E-02-1.35306297E-02 9.94648878E-02
23  8 2.30628935E-01 1.59252303E-01-1.73951299E-02 1.07298620E-01 2.46511872E-01
23  9 9.83450900E-02 8.47166696E-02 5.86096201E-02 6.93883355E-02-8.63753807E-04
23 10 7.64578477E-04-4.09165058E-02-8.55276746E-02-5.09355234E-02 1.17497973E-02
23 11-3.24780821E-02-9.24687266E-02-4.62371045E-02-4.41356604E-03 6.03407468E-03
23 12 4.36635991E-02-5.34191572E-02-3.36479722E-02 1.73720950E-02 5.56325720E-02
23 13-5.34461564E-02-4.89071774E-02-1.27221609E-02-1.63453049E-02 2.32018120E-02
23 14 8.12618906E-03 3.44846204E-02 2.99670820E-02 8.73826167E-02 7.55149058E-02
23 15-5.66757300E-02-3.78944838E-02
24  1 5.55202110E-04-3.36084984E-03-1.75069660E-02-2.37518625E-02-6.84301640E-03
24  2-3.10453407E-04 3.77215757E-02 5.06081995E-02 1.54514413E-02 2.19474163E-02
24  3 2.62348261E-02 3.68623061E-02-1.02419674E-03-7.14136621E-03 1.26171761E-03
24  4 2.33418291E-02 7.43306864E-03-2.88455498E-02 7.79038775E-02 6.88210227E-03
24  5 2.93746432E-02-6.98275406E-02 1.19166349E-02-5.88292564E-03-1.00488243E-01
24  6 3.50218571E-02 5.52009090E-02-1.09984597E-01 6.61706731E-03 4.19429131E-02
24  7 8.37882633E-03 1.98348189E-02-1.38749902E-02 1.41262506E-01-2.21825320E-02
24  8 5.84457140E-02-1.00005775E-01 1.59129272E-01-4.42164214E-02 8.62995622E-02
24  9-1.60548905E-02-3.87733094E-02 1.50869246E-02 3.07333188E-02-4.18010017E-02
24 10 3.68376794E-02 1.11669569E-01-1.31709267E-01 1.07613193E-02 1.92642211E-01
24 11 1.09964284E-01-1.52870533E-01 1.58108511E-02-7.35206108E-02 6.40591643E-02
24 12 1.68196115E-01 1.57166776E-01 2.85825564E-01 3.24784288E-01 1.92665210E-01
24 13 1.80280297E-01 3.14384340E-01-1.08237172E-01-8.92444051E-02-9.93227729E-02
24 14-9.19477512E-02-6.61885840E-02-7.79518208E-02-8.72687232E-02-6.50229632E-02
24 15 2.67491897E-02 9.08624740E-02
25  1 1.98866941E-03-1.17656891E-02-5.71561077E-02-8.75295354E-02-2.60443130E-02
25  2 1.66025036E-02 1.22212203E-01 1.88586623E-01 5.52974969E-02 2.41595842E-02
25  3 9.80749354E-02 1.42492999E-01 3.79250862E-02-2.64733483E-02 2.89560132E-02
25  4 1.89600979E-02 4.24694052E-02-1.01669689E-01 1.51066164E-01 1.62902231E-02
25  5 3.71762160E-02-1.17186658E-01 4.32707519E-03 6.70495001E-03-1.30736764E-01
25  6 3.86636354E-02 9.41613090E-02-8.21195784E-02 1.08734394E-02 6.00000323E-02
25  7 6.82497572E-02 4.34149972E-02-4.21996527E-02 2.99315515E-01 2.88699341E-02
25  8-6.37145127E-02-1.65532413E-01 3.37198915E-01 2.90105804E-02-7.62010804E-02
25  9 9.03424644E-03-3.40876286E-02 1.81897974E-02 5.82974828E-03-2.62965544E-02
25 10 2.00828585E-02 1.00971609E-01-3.37346264E-02-1.07406591E-01 1.31704093E-01
25 11 1.00218998E-01-3.38385874E-02-1.14464079E-01 4.73529020E-02-4.16218081E-02
25 12-1.79211790E-01-6.48108753E-02-1.05501099E-01-2.16118774E-01-2.08946021E-01
25 13-6.71859873E-02-1.04243338E-01 6.51327737E-02 4.97065324E-02 4.90787356E-02
25 14 8.23899037E-02-5.43003596E-02-4.91967041E-02-1.11733655E-01-1.54161928E-01
25 15 8.57423036E-02 1.94406921E-02
26  1-1.89918679E-04 1.10670126E-03-2.11683156E-01-1.33421215E-01 8.00879767E-02
26  2-3.84033753E-03 4.55540095E-01 2.87328872E-01-1.71743705E-01 3.98623243E-03
26  3 3.88984193E-01 2.43795250E-01-1.51223571E-01 8.91625426E-04-3.62114150E-03
26  4-9.91201263E-02-6.51581044E-02 3.67147430E-02 3.37181672E-03-3.76420332E-02
26  5-2.40147297E-02 8.35297660E-03 1.84885611E-02-2.30143629E-02 6.56719862E-02
26  6 4.74135556E-02-8.23481473E-02-8.36466678E-02 8.70830661E-03 6.10537929E-02
26  7-6.12759154E-02-1.05783580E-02 1.05723738E-02-1.14074602E-01-3.83683740E-02
26  8-2.57672565E-02 3.78421368E-02-1.37012009E-01-3.90733463E-02-2.95131085E-02
26  9 8.56835930E-02 1.13206194E-01 1.06015011E-03 4.37572215E-04 4.43904702E-03
26 10-4.33914065E-03-1.01958145E-03 6.41316198E-02-5.25417366E-03-2.09294200E-02
26 11 2.12890132E-03 7.38058810E-02-7.74809949E-04-6.70650896E-03 6.67654915E-03
26 12 5.60316169E-02 3.28050212E-02 4.37555039E-03 2.61771351E-02 6.61952051E-02
26 13 3.70519067E-02 4.52844699E-03-3.64888780E-03-1.93170745E-03-1.41457945E-02
26 14-2.80407508E-03 3.96678022E-03 1.49200240E-02 5.03593585E-02 9.08838444E-02
26 15-3.08839201E-02-2.63963790E-02
27  1-1.31702293E-05 6.08462729E-05 1.63918926E-01-2.16100670E-01 4.93345924E-02
27  2-5.60199904E-04-3.52971411E-01 4.65327284E-01-1.05978090E-01 7.98601536E-04
27  3-3.02264800E-01 3.97032454E-01-9.10380059E-02 7.28384014E-04-4.85158066E-03
27  4 8.05474067E-02-9.68953250E-02 2.31290661E-02 1.48144012E-02 5.26203360E-02
27  5-4.07735207E-02 1.56097454E-03 1.05302726E-02-1.21383489E-02 1.28896452E-02
27  6 2.25914538E-02-6.08073742E-02-4.83451967E-02 1.92842426E-02 2.23991668E-02
27  7-5.57882481E-02-4.36615879E-03 1.59751620E-03-2.47867483E-02-3.12122012E-02
27  8-1.36560273E-02 2.97016837E-02-2.85063082E-02-3.91475159E-02-1.11152311E-02
27  9-6.11731435E-02-5.82868739E-02 9.73480978E-02 1.04721159E-01 7.32707560E-03
27 10-7.51295358E-03-2.45367646E-02 2.90809034E-02 3.96644998E-02-3.15710233E-02
27 11-2.75610906E-02 3.40884285E-02 4.79110500E-02-2.67808086E-03 2.03674463E-03
27 12 2.33838875E-02 2.61586248E-03-5.76820197E-03 1.40437229E-02 2.70087858E-02
27 13 6.47638789E-04-7.08859565E-03-2.08046417E-03-3.27624327E-04-3.18120645E-03
27 14-9.78193511E-03 9.44129164E-03 9.53733004E-03-2.68358375E-03-9.66291747E-03
27 15-1.62185178E-02-1.65677672E-02
28  1 1.45484372E-04-1.08696895E-03-1.69895909E-02 7.45525038E-03 4.40625660E-02
28  2-2.33957902E-03 3.68529386E-02-1.62787486E-02-9.58812129E-02 2.08432811E-02
28  3 2.80882990E-02-1.80879776E-02-9.22688897E-02 4.02017054E-03-1.05068547E-02
28  4-1.19682682E-02 2.80703148E-02 2.33045434E-02 1.18889002E-03-1.45831350E-02
28  5-3.92523057E-03-3.24626157E-02 1.47281325E-03-1.66691883E-04-3.93310680E-02
28  6-1.42884173E-02-5.82696462E-02 1.95266133E-03-1.70471464E-02-1.36996768E-02
28  7-3.55966401E-02 8.38798765E-04-4.63202080E-03 1.73973383E-01 9.62569965E-02
28  8-9.77075428E-03 3.07556367E-02 2.08153558E-01 1.28911216E-01-1.10708468E-02
28  9-4.67771488E-03-2.33870598E-02-3.47201420E-02-3.62659490E-02 4.60679521E-03
28 10-6.07707502E-03-5.44640369E-02-1.03004928E-01 2.15287934E-01-1.16386261E-02
28 11-6.53737520E-02-1.23775550E-01 2.52719048E-01-6.02746998E-03 3.06551514E-03
28 12 3.01212479E-01-1.08764219E-01-2.40419301E-01 4.04218018E-02 3.56796040E-01
28 13-1.31871376E-01-2.80742034E-01-6.07967254E-03-2.29021258E-03 1.15189576E-02
28 14-3.01922197E-02 8.14410675E-03-2.20420408E-02-5.32180083E-02-5.85081925E-02
28 15 1.69442754E-02-9.47708759E-02
29  1-2.67192734E-04 1.28764007E-03-2.51543592E-02 4.73951069E-03 4.56784210E-02
29  2-1.53496101E-02 5.54653906E-02-1.25695602E-02-9.64617464E-02 3.75788120E-02
29  3 3.92101316E-02 2.84386479E-04-1.13837990E-01 1.46681806E-02-2.03207122E-02
29  4-1.55432126E-02-3.46554655E-02 4.50518958E-02-5.52632058E-02-2.33077989E-02
29  5-4.48749737E-02-6.28479537E-03 9.79517547E-03-2.38079197E-02-2.87218296E-02
29  6-1.88163013E-02-8.65281521E-02 3.27497880E-02-3.76465483E-02 1.60104333E-02
29  7-5.90498038E-02-3.73529477E-03 7.99338512E-03 9.51076754E-02 1.11750924E-01
29  8 2.81407479E-01-2.12004051E-02 1.06141017E-01 1.32093735E-01 3.30348944E-01
29  9-8.84751255E-03-1.61088774E-02-4.86210824E-03-1.20449466E-03 1.16648651E-02
29 10-1.63228628E-02-7.01631401E-02 9.23828553E-02 2.88417217E-01-3.14783862E-02
29 11-7.92696477E-02 1.13941166E-01 3.37453715E-01 4.05515092E-03-6.70584684E-03
29 12-2.31581047E-01-1.66496014E-02 1.17203001E-01 5.34799428E-03-2.72681013E-01
29 13-3.28848599E-02 1.31230587E-01 1.06716439E-03 2.99082110E-03 1.81782712E-02
29 14-7.03291376E-02 1.02523321E-02-2.12989395E-02-5.77571708E-02-6.49446148E-02
29 15-2.25956521E-02 4.81488928E-02
30  1-2.12705219E-04 1.52424337E-03 6.63954609E-03 7.73369185E-03-3.37481735E-02
30  2 2.46233813E-03-1.41954505E-02-1.72848162E-02 7.41245897E-02-2.53679829E-02
30  3-1.24449068E-02-5.25501839E-03 7.79440722E-02-1.72237589E-02 2.56963279E-02
30  4 2.86622313E-02 2.06905661E-02-5.02830872E-02 9.06977817E-02 4.67866892E-02
30  5 9.17913127E-03 1.69871807E-02-1.88019814E-03-5.46263764E-04-4.94039582E-02
30  6-4.94425083E-02 9.59038473E-03 4.12721259E-02-6.14512741E-02 2.99697702E-02
30  7-6.23527363E-03 4.85372267E-03-6.41253521E-04 8.90801117E-02 1.06900351E-01
30  8 9.62555619E-02-5.06058779E-02 9.49137765E-02 1.37176823E-01 1.07469323E-01
30  9-4.70154168E-03-2.17751111E-02 1.85523406E-02-3.07828697E-02 6.08366551E-03
30 10-6.58955854E-03 2.03479404E-02 4.36236074E-01-1.15483412E-01-1.52902384E-02
30 11 1.86147228E-02 4.97092204E-01-1.29457918E-01-2.43639554E-03 7.14571106E-03
30 12 1.74548342E-01 1.07909173E-01-3.49499219E-02-2.34595861E-02 2.11282822E-01
30 13 1.35822335E-01-3.28438351E-02 9.01890157E-03 4.07992755E-03-1.99070655E-02
30 14 8.11930789E-02 6.72236201E-03-3.64394531E-02-5.78665172E-02-5.97480810E-02
30 15 5.78736827E-03-6.20749362E-04
 $END   
 $GRAD  
E=     -762.2878729042  GMAX=   0.0547177  GRMS=   0.0142620
CL          17.    5.4930154258E-05    3.1765092331E-04   -6.4539558748E-05
C            6.    1.9259229011E-04   -3.4289321708E-04   -2.2890566579E-04
C            6.    5.3778055295E-03    2.9895187917E-02    5.4717710904E-02
O            8.    3.6640298309E-04   -6.7746135966E-04    2.4206193956E-05
H            1.   -1.0236323988E-05    1.7027275323E-04    1.8166103153E-04
H            1.    1.7300639301E-05    8.0510904377E-06    1.9809089123E-05
O            8.   -6.5033613611E-03   -3.2789200234E-02   -5.1875441452E-02
O            8.    5.5450448287E-03   -6.1966180043E-04   -7.8002430313E-03
H            1.    1.7775612964E-04    1.8675789170E-04   -8.8082725293E-05
H            1.    7.1008627722E-04    3.6299575480E-03   -2.1904880761E-03
H            1.    6.0560322300E-05   -1.8856640621E-04   -4.1695260293E-04
H            1.    7.7170977995E-06   -1.3123989847E-04   -8.5023452001E-07
H            1.   -5.9965984640E-03    5.4114485262E-04    7.7221162415E-03
 $END
-------------------- DATA FROM NSERCH=  10 --------------------
 COORDINATES OF SYMMETRY UNIQUE ATOMS (ANGS)
   ATOM   CHARGE       X              Y              Z
 ------------------------------------------------------------
 CL         17.0   3.1315553781   0.7076344491   0.4486858706
 C           6.0   2.7973503792   0.1371263837  -1.3304035704
 C           6.0   3.3098309139   1.1852983662  -2.2601606111
 O           8.0   2.5435005066   2.3088898630  -2.2947408509
 H           1.0   1.7184237530   0.0317426324  -1.3963841895
 H           1.0   3.3269367791  -0.8002366244  -1.4513590295
 O           8.0   3.1556080864   0.3332999770  -3.8382335070
 O           8.0   3.9010581495   2.8571688844  -4.5282322958
 H           1.0   3.4448095441   3.3138309591  -5.2701730158
 H           1.0   3.6974931916   1.8722096139  -4.5985739984
 H           1.0   2.1705779888   0.3947162945  -3.9651260364
 H           1.0   4.3891536945   1.3065548751  -2.2755305550
 H           1.0   2.9414016865   2.9085494719  -3.0062534821
--- CLOSED SHELL ORBITALS --- GENERATED AT 22:12:00 29-JUL-2026    
Chloroacetaldehyde hydrate and water                                            
E(R-WB97X-D)=     -762.2878793216, E(NUC)=  306.5887145987,    6 ITERS
 $VEC   
 1  1 9.85802789E-01 5.34284152E-02-2.05777753E-05-3.63756580E-05-1.72503349E-04
 1  2-1.87709995E-02 6.41961326E-05 1.11640311E-04 6.48659775E-04 1.02701998E-02
 1  3-2.34874920E-04-4.39922873E-04-1.80302906E-03-3.02058838E-05-4.16876769E-04
 1  4-3.70088500E-06-1.28159460E-05-1.51863495E-04 8.83848720E-04-4.00527039E-05
 1  5 4.20675741E-04-1.50638152E-03 9.12401996E-05 6.92796649E-04-2.29032945E-06
 1  6 1.29803957E-05 3.59888179E-04-2.37321313E-03 6.20057984E-04 1.38896691E-04
 1  7-1.65027827E-03-2.08586915E-05-1.60272864E-04-1.62138664E-05 2.64915290E-05
 1  8-3.69304823E-06 7.00225093E-04 1.63766525E-04-3.32294566E-04 2.10586197E-04
 1  9 1.50108393E-04-8.42515171E-04 2.02084476E-04-7.40648698E-04 9.45322577E-06
 1 10 9.10600463E-05 9.58941002E-06 8.77409508E-06 3.49125371E-05-2.84276850E-04
 1 11-4.79026543E-05-6.89265945E-05-1.74336748E-04-7.72434915E-07-1.40633695E-06
 1 12-3.12514249E-06-4.05780026E-06 2.86774452E-05 4.84776742E-05 4.29560238E-06
 1 13-1.90114593E-06-8.72185582E-05-3.29042734E-05 2.25228311E-05 5.08152785E-05
 1 14-2.04469358E-04-2.05639757E-07-5.43198477E-06 2.31981889E-04-1.92942683E-04
 1 15-1.93897408E-05 4.66447585E-05
 2  1 8.35605345E-06-6.50921585E-05-2.33090315E-05 7.02803336E-06 5.68241092E-05
 2  2 6.26743600E-04 1.59626725E-04-2.83544002E-05-3.40599910E-04-7.99962590E-04
 2  3-7.77703003E-04 2.43587299E-04 6.18424683E-04 1.63370745E-04 5.30891514E-04
 2  4-5.25568961E-04-5.48303106E-04 4.49821398E-04-5.19538824E-03 4.53341651E-03
 2  5-3.66973776E-03 1.61243252E-03-7.34932550E-04-3.01245221E-03-5.57106668E-04
 2  6 2.35597487E-03 4.51544497E-05 2.16094614E-02-1.16723874E-02 8.86211110E-03
 2  7-7.83769008E-04 9.82651469E-01 1.05561611E-01 3.14910589E-03-1.73254805E-03
 2  8-1.73392914E-03-5.40243068E-02-8.66084242E-03 7.34315551E-03 3.98997144E-03
 2  9 9.35451220E-04 2.11395854E-03-6.71138135E-04-4.69694021E-04 7.32364890E-03
 2 10 1.88376402E-03-3.56702332E-04 5.17494489E-04 3.29584224E-04-3.00996930E-03
 2 11 1.48710718E-03-2.35871100E-03-1.77119233E-03 4.72701587E-03 1.35535972E-03
 2 12-2.35488379E-04-2.67556515E-05 6.27082236E-04-1.83739612E-03 8.82647454E-04
 2 13 1.92815740E-04-2.21584059E-03 1.25536569E-04-7.35427934E-04 4.41873803E-04
 2 14-6.13288946E-04 9.20582716E-04-8.18444449E-04-7.04921938E-04 1.06044495E-03
 2 15 3.06774307E-03 6.75430516E-03
 3  1-6.58064697E-06 4.11662684E-05 7.68244200E-06 3.02438794E-05-3.74725019E-05
 3  2-8.01119292E-04-4.38336642E-05-1.75074284E-04 2.83657441E-04 1.47397777E-03
 3  3 1.37650988E-04 4.87594077E-04-1.37365356E-03 2.12697315E-04 7.59359062E-04
 3  4-9.81059086E-05-1.69451860E-04 7.96587446E-04-6.69624245E-03-1.21800057E-03
 3  5-2.02738722E-03 2.41124340E-03-9.36245747E-04-5.28086908E-03-1.12684167E-04
 3  6 8.86068135E-04 5.41723200E-04 1.78561287E-02-2.33545763E-03-5.25789596E-03
 3  7-5.44389949E-03-7.14007439E-03 4.25296483E-04-8.06918938E-05-4.19724400E-04
 3  8-3.90876456E-04-3.33650327E-03-3.04042125E-04 2.92171982E-03 1.89093725E-03
 3  9 7.34717520E-04-1.03549547E-03 2.56240655E-04 3.51966181E-04 9.82185865E-01
 3 10 1.02558393E-01-2.21830805E-03 1.73188434E-03 1.26150271E-03-4.27126848E-02
 3 11 4.46391880E-03-4.77471930E-03-4.06980475E-03 2.00937692E-02 3.14619977E-03
 3 12-3.41985878E-05-6.01335112E-04-2.16825205E-05-4.00572937E-03 2.01466366E-04
 3 13 2.64823142E-03 2.56232244E-05 3.66775109E-04-1.17991449E-03-1.78837303E-04
 3 14 5.80326708E-03 3.29846781E-03 6.06481739E-03-1.29351600E-03-1.81074428E-03
 3 15 5.10077774E-04-1.13993780E-03
 4  1-4.98285018E-08 6.67177099E-07 6.87007703E-06-1.97795280E-06-1.09038900E-06
 4  2 2.22393956E-07-3.53528043E-05 8.50151057E-06 7.90414594E-06-3.23931958E-05
 4  3 5.61173602E-05 7.32129511E-06 1.55334728E-05 3.78210186E-06 7.14544764E-05
 4  4-4.40765129E-05 4.70919279E-05-7.11919816E-05-2.80732265E-05 1.49671585E-04
 4  5 7.37548017E-06 7.33231472E-05 6.48790763E-05 4.04405475E-04 7.18820029E-06
 4  6-9.65992924E-05-1.16820153E-05-1.43191176E-03 4.52093776E-04-5.72311339E-04
 4  7 2.87418070E-04-4.40489351E-03 4.05437571E-04 3.37005230E-05 4.20505765E-04
 4  8-2.37856377E-04-2.39648875E-03-2.97338907E-04-1.86250392E-03 1.31060111E-03
 4  9-3.31493928E-05 2.76694550E-04 5.20332939E-05-1.76788293E-04-1.99213000E-02
 4 10-1.10194354E-03 3.70370751E-04 5.43412654E-04-4.18711028E-04-1.08717583E-03
 4 11-1.20821095E-03-1.99356875E-03 1.41140835E-03 9.82158078E-01 1.02731861E-01
 4 12-2.14405280E-03-1.39550488E-03-1.75548710E-03-4.33927933E-02 4.53312958E-03
 4 13 3.56856397E-03 3.35291499E-03 2.92624214E-03 6.12191724E-03 2.34721720E-03
 4 14 9.54046870E-03 5.18227294E-04-1.50372832E-03 1.68222591E-04-4.91272420E-04
 4 15-4.74217768E-04 5.16872695E-03
 5  1 7.87287654E-05-1.00944297E-04-3.98486810E-06 5.34920674E-05-2.18127556E-04
 5  2-2.40559281E-03 3.51926361E-05-3.57188321E-04 1.50486313E-03 3.21481607E-03
 5  3-4.92970506E-04 2.43769112E-05-2.51079170E-03-8.96624061E-03-4.00927368E-03
 5  4-3.26128700E-04-5.15397720E-04 1.30988732E-04 2.57867529E-02 6.13016485E-03
 5  5 1.07151071E-02-1.21235108E-02 9.86490080E-01 1.10064128E-01-3.41937030E-04
 5  6-9.24672870E-04-4.46504356E-04-8.26827752E-02 1.79866496E-03 1.22358145E-02
 5  7-4.57798341E-03 2.27291813E-05-2.40261649E-04 3.07676842E-04 3.87299219E-04
 5  8-1.71051781E-04 6.80146160E-03-1.10713757E-03-2.72138276E-03 1.03822368E-03
 5  9-1.41316757E-03 1.67557518E-03-1.57449439E-03 1.15915229E-03-3.67055131E-04
 5 10-2.59623527E-03-1.41193409E-04-1.89519596E-04-5.11686190E-04 9.02103997E-03
 5 11 9.12406560E-04 3.03956279E-03 6.85652809E-03 2.57035295E-05 2.13161148E-04
 5 12 4.07012970E-05 1.18204906E-04-3.89569917E-05-7.74486069E-04 5.03394418E-06
 5 13-2.22932952E-04-1.09548418E-04 2.89976004E-04-4.72694157E-04-4.28027182E-04
 5 14 1.03190922E-03-1.38929966E-03 3.51108746E-03-5.98147053E-04 1.59660000E-02
 5 15 1.88269087E-04 2.67958066E-03
 6  1-2.79949163E-05-1.61218349E-04 6.13366572E-05 1.01825276E-04 3.38159690E-04
 6  2-2.13590568E-03-3.56043392E-04-5.91992590E-04-1.91076935E-03 1.28017908E-02
 6  3-1.28107835E-03-2.12203157E-03-8.56538785E-03 9.86476252E-01 1.11836872E-01
 6  4 3.48124909E-04 6.80957681E-04 1.11664309E-03-9.04275851E-02-2.80492705E-03
 6  5-6.06166254E-03 2.46512030E-03 8.41377013E-03-1.85614996E-03 4.04981293E-04
 6  6 4.79541014E-04-7.98252204E-05 2.33608316E-02-5.54876801E-03-1.02501386E-02
 6  7 8.93957994E-03 3.63033997E-05-1.34185368E-05-2.43506522E-05 4.99678745E-04
 6  8-3.22203198E-04-1.31176481E-03 5.47322525E-06-4.03353475E-04 5.28331788E-04
 6  9-1.00189965E-04 1.54853810E-02-1.82204922E-04 1.54290291E-02 1.69563754E-05
 6 10-5.54886234E-05 1.94687359E-04 1.90928480E-04-3.31445833E-04-5.34340837E-04
 6 11-6.19564493E-04-6.42700339E-04 1.91745252E-04 1.51890879E-05 1.07808606E-04
 6 12-3.82036284E-05 5.46364704E-05-1.39076123E-04-5.60140532E-04 1.87443205E-04
 6 13-6.15862147E-05 4.22760557E-04 3.16035897E-04-2.57038498E-04-2.31297493E-04
 6 14 1.30005887E-03-3.94204897E-04-5.89617979E-05-1.14336710E-03 1.35822776E-03
 6 15 4.56417224E-04 1.29266564E-03
 7  1-3.05122317E-01 9.77073885E-01-1.51108941E-03-2.74967783E-03-8.43203252E-03
 7  2 1.54269674E-01-6.42109990E-04-1.13337953E-03-5.20299284E-03-6.76764750E-02
 7  3 1.66728404E-03 3.09364446E-03 1.20293498E-02-3.41135755E-05 1.70629945E-03
 7  4-5.04161161E-05-2.37952530E-05 4.94238171E-04-3.08116315E-03 5.75128732E-04
 7  5-1.94545678E-03 9.94145409E-03-1.11076987E-04-3.68818661E-03 2.53087054E-05
 7  6-1.00277982E-04-2.06707386E-03 1.30711441E-02-3.64874101E-03-7.04134330E-04
 7  7 9.55508528E-03 1.07036510E-04 7.81857536E-04 6.90662559E-05-1.46552728E-04
 7  8 2.85037264E-05-3.83881779E-03-8.82251296E-04 1.89334285E-03-1.21084831E-03
 7  9-9.60731116E-04 5.08309230E-03-1.25819006E-03 4.43898005E-03-5.60588469E-05
 7 10-5.11361209E-04-5.09036260E-05-4.22210207E-05-2.14600397E-04 1.72572624E-03
 7 11 2.78836652E-04 4.05717411E-04 1.17955343E-03 4.79963770E-06 1.57394964E-05
 7 12 1.62961253E-05 1.63518204E-05-1.39145739E-04-2.92127156E-04-2.63504579E-05
 7 13 3.65388280E-05 4.63710978E-04 1.73299209E-04-1.39876181E-04-2.77283492E-04
 7 14 1.19549828E-03-5.44282263E-05 1.69171198E-04-1.27471671E-03 1.33152013E-03
 7 15 6.82937157E-05-2.52921488E-04
 8  1-3.20669672E-03 1.08578128E-02 1.65702094E-01 2.84617378E-01 9.13117013E-01
 8  2-3.22935421E-03 1.51939778E-02 2.60771574E-02 8.49944066E-02 4.82998982E-03
 8  3-4.94357718E-03-8.59483426E-03-2.93142381E-02-6.83044065E-04-4.44452419E-03
 8  4-3.57133853E-05-1.27173681E-04-4.62205848E-04 9.57712887E-03 9.04018843E-04
 8  5 3.48321579E-03-3.35209777E-03 4.13977116E-04 2.88427001E-03 2.77969575E-05
 8  6 8.16691098E-05 8.37815401E-04-1.20480123E-02 2.35739644E-03 1.52222727E-03
 8  7-7.71406013E-03-7.24757211E-05-4.47053789E-04-7.08796855E-05-3.07277429E-05
 8  8 3.13676741E-05 2.57612531E-03 7.18995286E-04-9.70232758E-04 6.55552084E-04
 8  9-2.60324461E-04-3.97219881E-03-4.72034039E-05-3.54779446E-03 2.29060314E-05
 8 10 1.69331690E-04 3.07547644E-05 8.02696376E-05-1.38385873E-05-8.63802723E-04
 8 11-1.60408356E-04-4.31170799E-04-1.84543011E-04-4.48562904E-06-1.96241834E-05
 8 12-3.90844346E-06-2.33583953E-05 9.92611238E-05 2.47771870E-04-1.15143402E-05
 8 13 1.29433696E-05-3.34128243E-04-1.46483209E-04 1.16273973E-04 2.28496445E-04
 8 14-9.12382044E-04-1.80977122E-04 3.84965499E-04 9.85401559E-04-3.79745468E-04
 8 15-1.33056704E-04-9.23648692E-05
 9  1 2.08429631E-05-1.15088859E-04 5.67147328E-01 7.17989355E-01-3.26530258E-01
 9  2 4.14395013E-04 5.08440558E-02 6.44101197E-02-2.97541526E-02 2.44064976E-04
 9  3-1.59327352E-02-2.02368751E-02 9.11132200E-03 2.47385519E-05 1.50132236E-04
 9  4-3.70497069E-05 3.10932702E-05 5.23838537E-04-8.07725069E-04 7.49867149E-04
 9  5-5.05513867E-04-2.21444268E-03-1.69349749E-04-1.39181261E-03-3.22300788E-05
 9  6-1.82958897E-04-9.65288253E-04 2.90534673E-03-5.29017997E-04 2.00138376E-03
 9  7 4.52486232E-03 4.24106715E-05 2.45488844E-04 9.86384817E-05 1.68373101E-05
 9  8-5.82598980E-05-1.62775210E-03-7.70013512E-04 4.69939473E-04-3.45126531E-04
 9  9 5.81332390E-04-1.55245894E-03 1.34545297E-04-1.18201214E-03-3.81275414E-05
 9 10-2.85723810E-04-6.31303648E-05-9.14595750E-05-8.24503306E-05 1.11347469E-03
 9 11 3.00569276E-04 5.37239214E-04 7.04566260E-04-1.18704355E-06-1.42361341E-05
 9 12 1.95770619E-05 7.53311182E-06-2.98512040E-05-1.92050930E-05-6.07444917E-05
 9 13-5.28280512E-06 1.12192301E-04 2.05141225E-05-2.43996939E-05-6.84465001E-05
 9 14 2.76117801E-04-7.89880553E-05 4.00369568E-04-9.11978230E-04 1.23323288E-03
 9 15 1.73679735E-04-2.36335815E-04
10  1 2.22691985E-05-6.69264486E-05 7.71212918E-01-5.89288626E-01 4.37005332E-02
10  2-4.29233679E-05 6.89631564E-02-5.27256806E-02 3.98899380E-03-1.01275481E-04
10  3-2.10313750E-02 1.62170024E-02-1.18581603E-03-1.80087697E-06-2.59327039E-05
10  4-5.87013506E-05 2.32230731E-05-9.12222045E-05-1.68486437E-04 1.52734732E-03
10  5-1.10318024E-03 5.54094237E-04 4.16702001E-05 4.65302308E-04-6.22535457E-05
10  6 1.95111194E-04 9.83773709E-05-1.23301146E-03-7.06479810E-04-7.61963665E-04
10  7-2.27069891E-04-2.40244943E-06 5.14720042E-05-3.02805318E-05-5.88109549E-05
10  8 2.92143725E-04 2.65116511E-04 2.57064523E-04 1.27695114E-04-8.43905536E-04
10  9 6.54421311E-04-1.47093687E-03-7.68167527E-04 1.73696554E-03 7.89578230E-06
10 10 7.67568491E-05 2.89372285E-05-3.84060859E-05 4.03215545E-05-2.50920519E-04
10 11-6.94628566E-05 1.20064380E-04-1.62013843E-04-4.80475943E-06-4.21979282E-05
10 12 9.27187289E-06 8.93958424E-06-1.11478809E-05 1.29967246E-04-3.78807359E-05
10 13-5.08056608E-05 4.51886987E-05-1.71441093E-05 5.28467147E-05 3.31624628E-05
10 14-1.81384140E-04-1.13029339E-04 2.20501087E-04-1.32797969E-04 1.41315546E-03
10 15-2.00922465E-04-1.88419625E-04
11  1 2.10308844E-03-1.19195527E-02 4.94400866E-04 5.79547055E-05 3.63745374E-03
11  2 1.50175023E-02-9.92547880E-04-3.38627308E-04-6.56975724E-03 5.23398265E-03
11  3 2.45020108E-03 1.59036271E-03 9.33196975E-04-2.21959313E-02 1.97194410E-02
11  4 4.02364730E-03 1.96625783E-02-1.26359346E-02 4.09935603E-02-2.06439367E-02
11  5 1.65128251E-02 4.31630522E-03-9.54525832E-02 1.04020384E-01-6.03411414E-02
11  6 8.34072206E-02-3.64814918E-03 1.43836607E-01 2.04903806E-02-1.68014052E-02
11  7 1.28884757E-03-2.08923363E-01 1.91562896E-01 8.42180909E-02-4.83675547E-02
11  8-4.15872165E-02 6.50218252E-01 9.38860644E-02-5.53377107E-02-4.88358948E-02
11  9 4.91475328E-03-8.72267968E-03 7.66001449E-03 3.27547369E-03-3.49152323E-02
11 10 3.26631537E-02-1.07842011E-02 9.64350014E-03 9.88447737E-03 9.88673619E-02
11 11-1.57928139E-02 1.46267604E-02 5.42501550E-03-2.48169162E-02 2.09581455E-02
11 12-7.93814598E-03-5.39366034E-03-2.26884119E-03 7.73377543E-02-1.13559167E-02
11 13-7.31830692E-03 4.89649746E-03 1.00017245E-02 4.02195999E-03 1.34038346E-02
11 14 4.85627735E-03 1.63998145E-02 5.07827853E-03 2.37406115E-02-1.59573738E-02
11 15 8.40603090E-02 8.82330892E-03
12  1-6.37333547E-04 3.64263998E-03-1.56442436E-04-2.39384631E-05-9.09129794E-04
12  2-4.81370690E-03 3.52866982E-04 1.13104747E-04 1.81727573E-03-1.86713487E-03
12  3-6.55073397E-04-6.22320544E-04-1.51118394E-04 3.01357176E-03-4.53527892E-03
12  4-2.07672466E-04-3.63622540E-03 2.48776318E-04 7.32956894E-03 6.41858674E-03
12  5 2.12302135E-03-7.14339517E-03 1.10460953E-02-1.27295227E-02 1.17783068E-02
12  6-1.96319743E-02-6.78408695E-03-2.17524132E-02 2.74222272E-03 1.26959900E-02
12  7-1.65634770E-02 3.53830373E-02-3.23484884E-02-1.22312027E-02 1.09150064E-02
12  8 1.12303835E-03-1.19121164E-01-1.56021616E-02 8.51987071E-03 3.14575077E-03
12  9-1.28206645E-03 1.35515656E-03-1.53362547E-03-1.13568406E-04-3.36506820E-02
12 10 3.01530226E-02-1.02927127E-02 7.18894211E-03-9.67655928E-04 1.05393125E-01
12 11-7.32216874E-03 1.19886302E-02-2.42399299E-03-2.23900790E-01 2.09374118E-01
12 12-6.10623970E-02-3.61789516E-02-6.56592632E-02 6.91102065E-01-6.19810485E-02
12 13-4.05993042E-02-6.29076046E-02 1.16838311E-01 2.58262686E-02 1.07392756E-01
12 14 1.63427434E-02 1.66529704E-02 6.92996559E-03-2.94709234E-03 6.37320635E-03
12 15 2.46814167E-03 1.04400008E-02
13  1 1.85019655E-03-1.06247890E-02 2.11947997E-04 6.83196731E-04 2.58054507E-03
13  2 1.41994606E-02-3.46897421E-04-1.09325601E-03-5.73562345E-03 8.75873364E-03
13  3-9.45526723E-04-1.67920880E-03-3.89297331E-04-1.90662142E-02 1.68595019E-02
13  4 4.63287693E-03 3.75815913E-03-1.28046567E-02 4.63761100E-02 3.32805434E-03
13  5-5.35688859E-03-1.29564589E-02-2.33956556E-02 2.77447898E-02 6.11954505E-03
13  6-5.02550426E-02-3.15451319E-02 6.21979373E-02-4.63525191E-03-1.18039647E-02
13  7-1.28061139E-02 4.90971981E-02-4.66937780E-02-1.71991635E-02-6.15090399E-03
13  8 9.45785244E-03-1.61498153E-01-1.99774192E-02-8.14663271E-04 5.82986889E-03
13  9 6.53365559E-03-1.31241335E-04 7.15434881E-03-1.28412919E-03-2.21260599E-01
13 10 2.10169776E-01-8.57488388E-02 2.42441004E-02 1.52185952E-02 6.84967973E-01
13 11-7.98749764E-02 2.75645167E-02 2.05739580E-02 4.14494345E-02-3.78108369E-02
13 12 1.13932564E-02 2.33737908E-05 1.26723013E-02-1.34697283E-01 1.16141304E-02
13 13 3.66215093E-03 1.22296142E-02-2.36724268E-02-6.77523205E-03-1.80051789E-03
13 14 1.19648839E-02 1.29021111E-01 2.96547966E-02 1.15269709E-02 3.82142702E-03
13 15-2.91910732E-02-8.80644232E-03
14  1 6.16411210E-02-3.55570063E-01 7.53041103E-03 1.31178188E-02 4.51696316E-02
14  2 4.53903771E-01-1.53225611E-02-2.63604337E-02-9.12829802E-02 3.02945689E-01
14  3-7.33164293E-04-2.94693719E-03-7.79262172E-03-1.30430879E-01 1.12964226E-01
14  4 1.81153057E-02 3.13602010E-02 3.43445309E-02 3.97626937E-01 1.92454486E-02
14  5 3.10345264E-02 4.01958733E-02-4.43790445E-02 5.21577973E-02-5.66150435E-03
14  6-5.02822954E-02 5.82704075E-02 6.34032178E-02 8.38621708E-03-2.20700211E-03
14  7-5.18235639E-03 3.30844232E-02-3.05657345E-02-9.47193438E-03-2.09974680E-02
14  8 2.48670494E-02-1.15267352E-01-1.17732053E-02-1.11528691E-02 2.27446346E-02
14  9 5.39099544E-02-1.43906755E-02 5.42610594E-02-1.60720229E-02 2.86714884E-02
14 10-2.62137494E-02 1.42644190E-02-2.57851609E-03 9.11324670E-03-9.64856419E-02
14 11 1.25594962E-02-6.58931890E-03 2.71391513E-03-6.33217352E-03 5.90481309E-03
14 12-8.59259221E-04 3.78960439E-04-4.29850524E-03 2.24787192E-02-2.74424108E-04
14 13-4.08183357E-04-5.70072084E-03 4.40374343E-03 2.29627594E-03 1.20289440E-03
14 14-7.29034309E-03-1.92842846E-02-7.27810138E-03 2.20093751E-02-5.69710650E-03
14 15-2.71855450E-02-1.24161246E-02
15  1 5.04965180E-02-2.94029442E-01 4.66148177E-04 1.03914627E-03-1.00202874E-02
15  2 3.62674168E-01-1.64504758E-03-4.02038302E-03 1.80446073E-02 3.49531874E-01
15  3-3.86533164E-03-4.78102534E-03-1.70746700E-02 1.18310742E-01-1.23100724E-01
15  4-1.82145539E-02-3.34263974E-02 1.09485871E-01-3.14190752E-01-4.63803701E-03
15  5 7.05754526E-04 3.21594487E-02 1.18276063E-01-1.22980506E-01 1.04175899E-02
15  6 8.02315680E-02-7.32022753E-02-3.15770883E-01-2.11783226E-03 3.98139024E-02
15  7-3.12961545E-02-4.85975840E-02 4.35381841E-02 6.54098625E-04 7.90034684E-02
15  8-4.92614840E-02 1.90779728E-01 7.24546624E-03 5.27900353E-02-3.92733013E-02
15  9-6.47371942E-02-4.14765523E-03-6.76229496E-02-4.09501724E-04-3.82541810E-02
15 10 3.41374166E-02-2.95707476E-02-3.04400437E-03-3.85808627E-02 1.38842402E-01
15 11-2.42745825E-02 2.71634836E-03-1.99004675E-02 5.69122238E-03-5.24619617E-03
15 12-1.08485296E-03-1.28006602E-03 8.07912312E-03-2.22256252E-02-2.40131964E-03
15 13 5.64761715E-04 8.12718660E-03-6.10212275E-03-3.71694294E-03 4.07156609E-04
15 14 9.26023138E-03 3.33617029E-02 2.40028209E-02-6.43319178E-02 1.91194166E-03
15 15 6.16652550E-02 3.32106512E-02
16  1 1.76984914E-02-1.04090173E-01-1.41719699E-02-2.17775064E-02-2.78243836E-02
16  2 1.28230450E-01 2.84038880E-02 4.42295136E-02 5.41268275E-02 1.55461719E-01
16  3 1.37027851E-02 1.80536768E-02 1.04677624E-02 1.16465596E-01-1.04412875E-01
16  4 7.88419754E-02 1.16121149E-01-2.31486350E-02-4.46100247E-01 3.43491758E-02
16  5 4.19965575E-02-2.59778293E-03-1.29982568E-01 1.31767328E-01 8.78092646E-02
16  6 7.31448307E-02-5.92564972E-03 4.55958453E-01 6.74774851E-02 3.66214271E-03
16  7 1.36674633E-02 5.08650488E-02-4.67323715E-02 6.58790660E-02-1.43547682E-01
16  8 6.56726972E-02-2.07705532E-01 5.28319639E-02-1.18300265E-01 5.55793919E-02
16  9-1.20833890E-01-4.29113629E-02-1.05543852E-01-3.60196431E-02 1.21230003E-02
16 10-9.95546041E-03 4.81198389E-02 2.92429904E-02 3.80892890E-02-5.21845865E-02
16 11 3.79189379E-02 2.31441983E-02 2.24954246E-02-8.45385908E-04 8.28781948E-04
16 12 7.24253802E-03-1.42950557E-02-3.16437478E-03 4.61930388E-03 8.76680958E-03
16 13-1.33281292E-02-1.32044914E-03-3.66085547E-03-2.46660932E-03 1.17133108E-02
16 14 6.01504867E-03-3.69652086E-02-3.30127202E-02 1.37332148E-01 3.43623268E-02
16 15-8.79588771E-02-6.36570667E-02
17  1-1.65304771E-03 9.76920909E-03-1.31126355E-02 1.25981829E-02 4.17647297E-03
17  2-1.06401842E-02 2.69645962E-02-2.55653978E-02-8.88393968E-03-1.81244698E-02
17  3 1.54965825E-02-1.55445439E-02-9.14524396E-05-1.38883628E-02 9.55420119E-03
17  4 1.13888847E-01-9.78129880E-02 7.45391416E-03 7.81719083E-02 1.04673588E-01
17  5-6.98882611E-02-4.51716543E-03-1.39852081E-02 6.96779642E-03 2.57093466E-01
17  6-8.34505978E-02-5.27334314E-02 6.91008884E-02 1.68096731E-01-6.89540184E-03
17  7-5.85035294E-02 1.34885701E-02-1.47354842E-02 4.47975237E-02 2.45076192E-01
17  8-1.46697194E-01-4.99828515E-02 4.08371359E-02 2.19448120E-01-1.33296124E-01
17  9-4.54634583E-02-2.07659171E-02 8.21416036E-02 3.06794538E-02-7.57291371E-04
17 10 3.17040854E-05 7.62727147E-02 1.78377036E-02 3.27495369E-02 2.15520745E-03
17 11 6.65033004E-02 1.38112483E-02 2.52089098E-02 6.66470959E-03-8.64409729E-03
17 12 2.82792434E-03-5.42808792E-02 7.38280415E-02-2.10379728E-02-1.67968166E-03
17 13-4.72782738E-02 7.55254718E-02-5.63367403E-02-3.52395053E-02 3.15139395E-02
17 14 2.58392980E-02-5.14769127E-02-3.57717830E-02 1.35813778E-01 6.70584755E-02
17 15 1.56261603E-01 1.01228222E-01
18  1 1.12784687E-03-6.72642582E-03-1.50360464E-02-4.19046520E-03-2.65353815E-03
18  2 7.73589168E-03 3.13337293E-02 8.64054181E-03 4.84797649E-03 1.66835113E-02
18  3 1.78411258E-02 4.48741338E-03-1.32003385E-03 8.59831313E-03-4.84962994E-03
18  4 9.48177813E-02 8.00101080E-03-2.43870026E-02-6.84352900E-02 6.68735550E-02
18  5-1.65201170E-02-1.77365895E-02-8.15422896E-03 9.09704631E-03 6.11949028E-02
18  6-5.66431913E-02 3.69879599E-02 4.27220290E-02 2.51276091E-02-5.39338533E-02
18  7 6.42651125E-02-1.40069489E-02 1.28982709E-02-1.26283482E-02 8.32481935E-02
18  8 5.42046679E-04 5.80877777E-02-1.04419799E-02 7.85679739E-02 2.35829632E-03
18  9-6.04345982E-02-3.18726852E-02 1.80635140E-02 9.47148740E-03-8.58720061E-03
18 10 1.06284963E-02-4.45578026E-02-5.91769790E-02 2.38818384E-02 3.10625202E-02
18 11-4.25674519E-02-6.39964075E-02 2.78554580E-02 2.36749341E-03-7.66427065E-04
18 12-6.11949274E-02 3.36292327E-01-1.58190266E-01-1.31676504E-02-5.24922135E-02
18 13 3.07147816E-01-1.45056637E-01 2.07776392E-01 1.52974183E-01-2.03497102E-01
18 14-1.63033317E-01 2.96571768E-02 1.93297318E-02 3.32052111E-02 1.11674701E-02
18 15 2.51515977E-02 2.96623315E-02
19  1-3.81922835E-03 2.26578729E-02-3.32234400E-02-2.87258112E-02 4.66679906E-02
19  2-2.56920544E-02 7.00269650E-02 5.95554151E-02-9.86080275E-02-4.64264247E-02
19  3 4.59151345E-02 4.72055775E-02-5.49461676E-02-2.12382603E-03 2.98594759E-03
19  4 2.12560278E-01 1.85960324E-01-4.97127100E-02-1.98341994E-02 1.71317298E-01
19  5 1.40949866E-01-2.10515136E-02 1.64237550E-02-1.51812418E-02-2.56946147E-02
19  6-1.66946182E-01 2.24009955E-01-7.57792911E-02-4.59855941E-02-7.57902241E-02
19  7 1.86222008E-01-3.94367969E-02 3.82119445E-02-1.18605739E-01 1.31571998E-01
19  8 1.07831863E-01 1.51481935E-01-1.19422980E-01 1.35655658E-01 1.06465273E-01
19  9-1.41973901E-01-9.06622884E-02-3.32306172E-02-2.44462649E-02 5.15522723E-04
19 10 4.62071325E-05-7.99221144E-02-5.05505846E-02-8.39040888E-02 1.81027160E-03
19 11-6.70282820E-02-4.63593993E-02-7.91804287E-02-5.85145352E-03 6.54027550E-03
19 12 2.42661155E-02-1.12026044E-01 3.78094325E-02 2.13261366E-02 2.48984882E-02
19 13-1.04167297E-01 2.43968455E-02-6.35716015E-02-5.25110558E-02 6.12350007E-02
19 14 4.69822712E-02 5.94891943E-02 4.91080130E-02-4.28779810E-02-1.89503445E-02
19 15 6.77717656E-03 3.02698954E-02
20  1-1.23457739E-02 7.31719667E-02-7.51474092E-04 5.00140570E-02 8.69777752E-02
20  2-9.24356869E-02 1.39500830E-03-1.05846541E-01-1.82452522E-01-1.29804190E-01
20  3 6.83123334E-03-5.74604907E-02-1.03365172E-01-1.28292728E-02-1.58792414E-03
20  4 8.30106609E-02-1.44364369E-01 1.90819236E-01 1.14658979E-01 7.80275592E-02
20  5-8.99601031E-02 1.45159168E-01 2.11677037E-02-1.23083732E-02 1.03621496E-01
20  6 2.47215111E-01 4.84396380E-02-1.11640695E-01 1.19710040E-01 1.77446193E-01
20  7 6.14223083E-02-5.42293421E-04-1.75524960E-03 1.45060102E-01-8.01449702E-02
20  8 1.40201220E-01 1.90418227E-02 1.45969686E-01-8.63493790E-02 1.40075552E-01
20  9-4.34412432E-02-3.32933681E-02 1.02426347E-01 6.40070010E-02-8.53064578E-03
20 10 8.17553315E-03-8.45904971E-02-2.93193181E-02-1.48836929E-01 4.02720115E-02
20 11-7.68924831E-02-2.91304241E-02-1.38981530E-01 9.79902673E-04 4.97659607E-04
20 12 1.08435570E-02-8.42179886E-03-2.81421408E-02-7.34758468E-03 1.43542037E-02
20 13-5.52238450E-03-3.05945741E-02 8.24831314E-03 3.73195811E-03 7.67307700E-03
20 14 1.23454642E-02 7.25350082E-02 6.23997450E-02 5.82506511E-02 2.65400182E-02
20 15-6.90766381E-02-7.02071013E-02
21  1 7.35061426E-03-4.36040206E-02-5.90631964E-02 2.57177934E-02-6.67908776E-02
21  2 5.18523349E-02 1.24459757E-01-5.39551594E-02 1.41642559E-01 8.46876878E-02
21  3 7.84901174E-02-4.19871008E-02 7.83954056E-02 7.69994333E-03 9.63927907E-04
21  4 2.35611690E-01-2.10386404E-01-8.18817223E-02-6.94362785E-02 2.15071421E-01
21  5-1.93465992E-01-6.27599953E-02 6.39915200E-03-8.76023665E-03-1.33431784E-01
21  6-1.37343773E-02-7.69088624E-02-1.34277094E-02-1.38677723E-01-4.40426977E-02
21  7-5.72624452E-02-2.19121154E-02 1.93720563E-02-6.77706998E-02-1.51335873E-01
21  8-5.14281130E-03 9.54535008E-02-6.20679490E-02-1.47365471E-01-1.00132261E-02
21  9-1.42331677E-01-7.75479892E-02 1.97011436E-01 1.29818041E-01 5.77368028E-03
21 10-6.41538075E-03 3.30463795E-02 1.55258643E-02 6.34965286E-02-2.39849925E-02
21 11 3.11288176E-02 1.71371326E-02 6.05397549E-02 8.18012706E-04-1.61667196E-04
21 12 9.58382039E-03-4.23204828E-02-2.58738608E-02-3.91021513E-03 9.23427421E-03
21 13-4.31515859E-02-3.00353841E-02-5.58690133E-03-6.12705167E-03 2.38189693E-02
21 14 1.87296728E-02-3.22631401E-02-2.81501481E-02-9.01932776E-02-4.50727027E-02
21 15-7.08441187E-02-6.55776227E-02
22  1-4.22430480E-03 2.50613193E-02 2.11588988E-02 1.35067022E-02 4.64261248E-02
22  2-3.52026825E-02-4.41126197E-02-3.04399144E-02-9.67809138E-02-4.22652137E-02
22  3-3.24101786E-02-8.99877881E-03-6.83505517E-02 3.04871463E-03-6.45328811E-03
22  4-1.31487639E-02-1.44448037E-03 7.98220281E-02-3.06815884E-02-4.43204037E-02
22  5 3.30818134E-02 8.10659535E-02 2.89526660E-02-3.93210981E-02 2.46879672E-02
22  6-9.54545621E-03-9.91482590E-03-5.25174521E-02 3.83509532E-02-5.77560269E-02
22  7-7.06798299E-03-4.81891950E-02 4.06333693E-02-1.05716257E-01 2.89467443E-02
22  8 1.42169437E-01 2.31623716E-01-1.06676104E-01 2.98862953E-02 1.61704864E-01
22  9 4.52175425E-06-1.38954665E-02-1.24732616E-02 3.01734136E-02-7.94284799E-02
22 10 6.92394845E-02 3.49119676E-01-1.41443146E-02 1.05362921E-02 3.43985668E-01
22 11 3.45273449E-01-2.38054946E-02 2.08310779E-03 1.81894927E-02-9.91586383E-03
22 12-6.69851246E-03-5.76371354E-03-1.03384583E-01-1.01096428E-01 2.24648937E-03
22 13 4.43062441E-03-1.14826585E-01 4.72507211E-02 2.11048309E-02 1.90085378E-02
22 14 7.17867327E-02-2.07619832E-01-1.75100249E-01-1.32381715E-02-1.50631842E-03
22 15-6.51299498E-02-6.15557334E-02
23  1 8.67830420E-03-5.18101917E-02-6.21065772E-03-4.98464763E-02-1.59320114E-01
23  2 4.90762971E-02 1.45069315E-02 1.05544298E-01 3.40861288E-01 1.53300769E-01
23  3-1.99911354E-03 7.07497987E-02 1.95688733E-01 6.02588706E-03 1.14975542E-02
23  4-1.09073738E-01-1.36058308E-01-1.42616390E-01-1.04862371E-01-1.36092216E-01
23  5-1.35273437E-01-1.59382160E-01 5.62452110E-03-1.25901455E-02 1.35631042E-01
23  6 2.06256059E-02 7.18946105E-02 2.08197039E-02 1.05333881E-01 1.95478631E-02
23  7 1.43756599E-01-3.62456000E-02 3.23089640E-02-1.32507551E-02 9.96942816E-02
23  8 2.30212675E-01 1.59077953E-01-1.71058619E-02 1.07602239E-01 2.45984636E-01
23  9 9.84232272E-02 8.47408599E-02 5.83445088E-02 6.90596382E-02-6.29125886E-04
23 10 5.41102148E-04-4.18405464E-02-8.53977582E-02-5.06160904E-02 1.07680228E-02
23 11-3.34189038E-02-9.22587265E-02-4.58896140E-02-4.28438932E-03 5.90694361E-03
23 12 4.32550755E-02-5.39457500E-02-3.37659226E-02 1.68773367E-02 5.51095774E-02
23 13-5.40382519E-02-4.91256845E-02-1.27216255E-02-1.62705508E-02 2.35058314E-02
23 14 8.16264510E-03 3.48646776E-02 3.03545539E-02 8.73541999E-02 7.54093198E-02
23 15-5.65642099E-02-3.77757820E-02
24  1 5.76521107E-04-3.48792196E-03-1.77317456E-02-2.41209273E-02-7.38848945E-03
24  2-1.67708799E-04 3.81957301E-02 5.14036834E-02 1.66158310E-02 2.23047306E-02
24  3 2.66434744E-02 3.74276191E-02-2.55738896E-04-7.22854046E-03 1.39443042E-03
24  4 2.32040052E-02 7.31873243E-03-2.94530509E-02 7.82069782E-02 6.73190486E-03
24  5 2.92138520E-02-7.05554008E-02 1.18858607E-02-5.74687909E-03-1.00635122E-01
24  6 3.57007837E-02 5.59816493E-02-1.10239257E-01 7.09576571E-03 4.22921389E-02
24  7 9.33201680E-03 2.00545013E-02-1.40842023E-02 1.42635125E-01-2.27370813E-02
24  8 5.82858049E-02-1.00897499E-01 1.60601887E-01-4.49822199E-02 8.60554089E-02
24  9-1.57973913E-02-3.86282341E-02 1.52929696E-02 3.09075188E-02-4.18391556E-02
24 10 3.68661862E-02 1.11378731E-01-1.32583661E-01 9.82787475E-03 1.92886538E-01
24 11 1.09666785E-01-1.53719818E-01 1.48644732E-02-7.32802356E-02 6.38469504E-02
24 12 1.66963980E-01 1.57433561E-01 2.85375949E-01 3.23710867E-01 1.91311477E-01
24 13 1.80599175E-01 3.13899881E-01-1.07932587E-01-8.89157967E-02-9.90279115E-02
24 14-9.16343125E-02-6.60457015E-02-7.77652552E-02-8.73353296E-02-6.56583977E-02
24 15 2.70239467E-02 9.13006449E-02
25  1 1.98376269E-03-1.17356779E-02-5.73158560E-02-8.75113617E-02-2.60926378E-02
25  2 1.66382890E-02 1.22550741E-01 1.88564058E-01 5.53852703E-02 2.38974791E-02
25  3 9.84388527E-02 1.42465609E-01 3.81781493E-02-2.64876833E-02 2.89670645E-02
25  4 1.88174284E-02 4.26024341E-02-1.01410973E-01 1.51265755E-01 1.65434687E-02
25  5 3.73109620E-02-1.16878077E-01 4.28388806E-03 6.79618292E-03-1.30126156E-01
25  6 3.86522198E-02 9.38765523E-02-8.21632378E-02 1.09017431E-02 6.01778004E-02
25  7 6.79484293E-02 4.33100896E-02-4.21370099E-02 2.98727422E-01 2.81901543E-02
25  8-6.52418120E-02-1.64940305E-01 3.36529240E-01 2.84104295E-02-7.80362248E-02
25  9 9.27589816E-03-3.36142557E-02 1.80112449E-02 5.49873606E-03-2.60808542E-02
25 10 1.99148942E-02 1.00295829E-01-3.34884267E-02-1.08050601E-01 1.30641631E-01
25 11 9.95440626E-02-3.35403009E-02-1.15195858E-01 4.75822489E-02-4.18034277E-02
25 12-1.79253041E-01-6.57388386E-02-1.07100135E-01-2.17209251E-01-2.08986902E-01
25 13-6.82565696E-02-1.06009449E-01 6.56053138E-02 5.00741765E-02 4.93315508E-02
25 14 8.27312361E-02-5.39393770E-02-4.86562845E-02-1.11135937E-01-1.53427631E-01
25 15 8.56597731E-02 1.85549079E-02
26  1-1.91278329E-04 1.11459588E-03-2.11749347E-01-1.33448055E-01 7.97160722E-02
26  2-3.87031374E-03 4.55682984E-01 2.87377517E-01-1.70936260E-01 4.00813236E-03
26  3 3.89101012E-01 2.43893588E-01-1.50569073E-01 9.39025242E-04-3.67864457E-03
26  4-9.90883794E-02-6.52878408E-02 3.66534173E-02 3.12601006E-03-3.76247877E-02
26  5-2.40701977E-02 8.38147078E-03 1.84671694E-02-2.30587328E-02 6.57908824E-02
26  6 4.72062229E-02-8.25442239E-02-8.32821748E-02 8.70068866E-03 6.08956502E-02
26  7-6.14506810E-02-1.06118012E-02 1.06201357E-02-1.14494668E-01-3.79677314E-02
26  8-2.50138051E-02 3.78625311E-02-1.37491932E-01-3.86013648E-02-2.86008368E-02
26  9 8.55688610E-02 1.13095864E-01 1.09641818E-03 5.27100494E-04 4.49753422E-03
26 10-4.39111184E-03-1.15919075E-03 6.44350350E-02-4.69722332E-03-2.11848084E-02
26 11 2.00182075E-03 7.41307464E-02-1.66130607E-04-6.77472659E-03 6.72510818E-03
26 12 5.60456161E-02 3.29440760E-02 4.77533538E-03 2.65330640E-02 6.62050061E-02
26 13 3.71943038E-02 4.97806035E-03-3.78427778E-03-2.05292402E-03-1.41804715E-02
26 14-2.96975142E-03 4.06497161E-03 1.49114469E-02 5.03768385E-02 9.08490772E-02
26 15-3.09731322E-02-2.62063131E-02
27  1-1.36699362E-05 6.39341667E-05 1.63862879E-01-2.16152522E-01 4.93371122E-02
27  2-5.68959048E-04-3.52846543E-01 4.65433269E-01-1.05980067E-01 8.00155693E-04
27  3-3.02173922E-01 3.97139819E-01-9.10496108E-02 7.30226655E-04-4.86228186E-03
27  4 8.05199337E-02-9.69007346E-02 2.31460291E-02 1.48732480E-02 5.26213540E-02
27  5-4.07481197E-02 1.56985003E-03 1.05317502E-02-1.21503915E-02 1.28124051E-02
27  6 2.25958330E-02-6.07835809E-02-4.83326776E-02 1.92698120E-02 2.24080307E-02
27  7-5.58342541E-02-4.33044753E-03 1.57220772E-03-2.46941223E-02-3.11330494E-02
27  8-1.34020394E-02 2.94875383E-02-2.84196676E-02-3.90970641E-02-1.07993147E-02
27  9-6.11765035E-02-5.83115201E-02 9.73293464E-02 1.04691991E-01 7.32143273E-03
27 10-7.51142661E-03-2.44780132E-02 2.91621642E-02 3.98360190E-02-3.15289162E-02
27 11-2.74966544E-02 3.41799340E-02 4.80895373E-02-2.67010684E-03 2.02337011E-03
27 12 2.30452720E-02 2.66058892E-03-5.48532682E-03 1.40326829E-02 2.66103275E-02
27 13 6.89948921E-04-6.74933496E-03-2.09204235E-03-3.41178153E-04-3.17239674E-03
27 14-9.81994941E-03 9.43713876E-03 9.47393234E-03-2.79318244E-03-9.81169034E-03
27 15-1.61544243E-02-1.63809097E-02
28  1 1.40560172E-04-1.06025509E-03-1.71593647E-02 7.41161116E-03 4.45737148E-02
28  2-2.48992695E-03 3.72243103E-02-1.61970405E-02-9.69640058E-02 2.11322884E-02
28  3 2.83686025E-02-1.79633444E-02-9.34426913E-02 4.17453771E-03-1.07796156E-02
28  4-1.19704436E-02 2.77688400E-02 2.38122010E-02 9.67114955E-04-1.45723739E-02
28  5-4.02916865E-03-3.26962132E-02 1.62297848E-03-3.87555699E-04-3.96058063E-02
28  6-1.43020511E-02-5.89353696E-02 1.47046030E-03-1.71767974E-02-1.32817760E-02
28  7-3.63232414E-02 7.61073646E-04-4.51681710E-03 1.74537345E-01 9.63698661E-02
28  8-7.78542651E-03 3.07703169E-02 2.08857378E-01 1.28928376E-01-8.64264133E-03
28  9-4.93705910E-03-2.35547315E-02-3.47417636E-02-3.61566710E-02 4.66723423E-03
28 10-6.18786404E-03-5.49186105E-02-1.02994721E-01 2.17647530E-01-1.17194007E-02
28 11-6.58970398E-02-1.23667609E-01 2.55457644E-01-5.99665421E-03 3.00675200E-03
28 12 2.99816432E-01-1.09175807E-01-2.38725206E-01 4.05561955E-02 3.55244303E-01
28 13-1.32460928E-01-2.78876904E-01-6.12742545E-03-2.36653895E-03 1.17451944E-02
28 14-3.09675264E-02 8.20610931E-03-2.22532918E-02-5.36613322E-02-5.88185203E-02
28 15 1.66454641E-02-9.41627113E-02
29  1-2.71494779E-04 1.31626727E-03-2.49703635E-02 4.90840869E-03 4.51024302E-02
29  2-1.53306918E-02 5.50551754E-02-1.29346601E-02-9.52073517E-02 3.72776768E-02
29  3 3.89627501E-02 3.76691777E-05-1.12596572E-01 1.45105151E-02-2.00776438E-02
29  4-1.52968182E-02-3.44543429E-02 4.44462254E-02-5.45131070E-02-2.29867970E-02
29  5-4.46672213E-02-6.23617356E-03 9.78455864E-03-2.37459810E-02-2.90508228E-02
29  6-1.88150814E-02-8.57462032E-02 3.26671487E-02-3.76410792E-02 1.62424136E-02
29  7-5.83977619E-02-3.70545382E-03 7.99442637E-03 9.57959788E-02 1.11377700E-01
29  8 2.81507923E-01-2.15148005E-02 1.06874624E-01 1.31596413E-01 3.30409385E-01
29  9-8.90058451E-03-1.63133241E-02-4.65158688E-03-1.28374272E-03 1.15665302E-02
29 10-1.62545034E-02-6.88422593E-02 9.47170063E-02 2.86106649E-01-3.09668602E-02
29 11-7.78554332E-02 1.16716567E-01 3.34795628E-01 4.09116799E-03-6.69017682E-03
29 12-2.33704493E-01-1.54542186E-02 1.18627542E-01 4.89158311E-03-2.75207539E-01
29 13-3.13932275E-02 1.32956676E-01 1.13188146E-03 3.05831853E-03 1.80011047E-02
29 14-6.95935640E-02 9.96753718E-03-2.13947016E-02-5.80007021E-02-6.53362024E-02
29 15-2.25725800E-02 4.86910697E-02
30  1-2.10715478E-04 1.51319197E-03 6.81782537E-03 7.73902054E-03-3.39330947E-02
30  2 2.51590176E-03-1.45879490E-02-1.72878841E-02 7.45145129E-02-2.54452341E-02
30  3-1.27686876E-02-5.32536379E-03 7.83610752E-02-1.72963613E-02 2.57968737E-02
30  4 2.87851218E-02 2.08065064E-02-5.04143165E-02 9.10353078E-02 4.68564253E-02
30  5 9.28857383E-03 1.69862901E-02-1.89697597E-03-5.00707256E-04-4.96126178E-02
30  6-4.93621561E-02 9.85446204E-03 4.10413457E-02-6.12818870E-02 2.99769141E-02
30  7-6.19529884E-03 4.83937508E-03-6.21829513E-04 8.95093186E-02 1.06409776E-01
30  8 9.53241155E-02-5.04191001E-02 9.54861798E-02 1.36635055E-01 1.06503436E-01
30  9-4.66351262E-03-2.17810769E-02 1.86143569E-02-3.07577549E-02 6.03319894E-03
30 10-6.53437478E-03 2.11236785E-02 4.35389609E-01-1.16534629E-01-1.50848899E-02
30 11 1.94617592E-02 4.96010036E-01-1.30642129E-01-2.45985033E-03 7.17804004E-03
30 12 1.76004841E-01 1.08025993E-01-3.55996850E-02-2.34391751E-02 2.13028045E-01
30 13 1.36008218E-01-3.36011285E-02 9.06168820E-03 4.04922706E-03-2.00314553E-02
30 14 8.13981752E-02 6.68359119E-03-3.65672474E-02-5.79075534E-02-5.96478126E-02
30 15 5.89405045E-03-7.74964724E-04
 $END   
 $GRAD  
E=     -762.2878793216  GMAX=   0.0546278  GRMS=   0.0142442
CL          17.    5.2217883973E-05    3.1362740348E-04    4.6884134520E-05
C            6.    1.4230561115E-04   -3.0046931774E-04   -3.8171988009E-04
C            6.    5.1529079802E-03    2.9483369874E-02    5.4627790097E-02
O            8.    4.9072569297E-04   -3.5035457215E-04    1.1458902951E-04
H            1.   -7.8166916889E-06    1.4291056027E-04    1.8983214919E-04
H            1.    3.1602347567E-05    1.9613462283E-05    1.8643962655E-05
O            8.   -6.3093596239E-03   -3.2961468619E-02   -5.1934510797E-02
O            8.    5.2456815968E-03   -7.2431655209E-04   -8.0446364580E-03
H            1.    3.1830617929E-04    2.3921511558E-04   -5.9006869592E-05
H            1.    7.7038987489E-04    3.6778980066E-03   -2.1036933478E-03
H            1.    3.8032278263E-05   -1.0340024219E-04   -3.0633533014E-04
H            1.   -1.2730032811E-05    1.2662705386E-04   -4.0071747822E-05
H            1.   -5.9122629737E-03    4.3674781434E-04    7.8722351446E-03
 $END
-------------------- DATA FROM NSERCH=  11 --------------------
 COORDINATES OF SYMMETRY UNIQUE ATOMS (ANGS)
   ATOM   CHARGE       X              Y              Z
 ------------------------------------------------------------
 CL         17.0   3.1299332906   0.7068164001   0.4494900044
 C           6.0   2.7977814513   0.1373172923  -1.3304971410
 C           6.0   3.3117293097   1.1850375642  -2.2599142390
 O           8.0   2.5470918727   2.3103528739  -2.2931861505
 H           1.0   1.7189228738   0.0320569232  -1.3979709093
 H           1.0   3.3270289294  -0.8003069602  -1.4510499402
 O           8.0   3.1567205650   0.3332380805  -3.8380175085
 O           8.0   3.8980608174   2.8575538624  -4.5316891202
 H           1.0   3.4408793833   3.3125498342  -5.2740255034
 H           1.0   3.6957900311   1.8723690312  -4.5999099078
 H           1.0   2.1714681314   0.3966625857  -3.9626343783
 H           1.0   4.3910731194   1.3061855135  -2.2752660994
 H           1.0   2.9450961331   2.9087200529  -3.0055042256
--- CLOSED SHELL ORBITALS --- GENERATED AT 22:12:07 29-JUL-2026    
Chloroacetaldehyde hydrate and water                                            
E(R-WB97X-D)=     -762.2878846592, E(NUC)=  306.5416917590,    6 ITERS
 $VEC   
 1  1 9.85802808E-01 5.34282815E-02-2.03782963E-05-3.63102676E-05-1.72426035E-04
 1  2-1.87698885E-02 6.34657845E-05 1.11477152E-04 6.48143249E-04 1.02688166E-02
 1  3-2.32981672E-04-4.39322720E-04-1.80239886E-03-3.00079511E-05-4.15670217E-04
 1  4-3.56595023E-06-1.26405459E-05-1.51796626E-04 8.78633627E-04-3.80145191E-05
 1  5 4.18111396E-04-1.50518045E-03 9.10752923E-05 6.91906962E-04-2.29843086E-06
 1  6 1.32112054E-05 3.59577329E-04-2.36894075E-03 6.18090559E-04 1.36198057E-04
 1  7-1.64634218E-03-2.08625067E-05-1.60232751E-04-1.63377060E-05 2.63445028E-05
 1  8-3.17888744E-06 7.00160387E-04 1.63947430E-04-3.31900609E-04 2.08286450E-04
 1  9 1.50450495E-04-8.41669202E-04 2.02212765E-04-7.41138845E-04 9.45851829E-06
 1 10 9.11277948E-05 9.60465573E-06 8.65870145E-06 3.49560831E-05-2.84388129E-04
 1 11-4.78811186E-05-6.84460606E-05-1.74470654E-04-7.99493894E-07-1.71295688E-06
 1 12-2.98733293E-06-3.91317112E-06 2.85095484E-05 4.90620389E-05 3.90535306E-06
 1 13-2.39099346E-06-8.66223321E-05-3.28998539E-05 2.26722420E-05 5.07122296E-05
 1 14-2.04415167E-04-2.93299438E-07-4.93562073E-06 2.31284013E-04-1.90472081E-04
 1 15-1.98692715E-05 4.61006243E-05
 2  1 8.34812295E-06-6.50813070E-05-2.35356516E-05 7.14671311E-06 5.69119309E-05
 2  2 6.24739497E-04 1.60835598E-04-2.88490499E-05-3.40899390E-04-7.92450212E-04
 2  3-7.78923388E-04 2.41756493E-04 6.12959629E-04 1.63414373E-04 5.31568785E-04
 2  4-5.23606381E-04-5.48337201E-04 4.50393024E-04-5.19948363E-03 4.50313185E-03
 2  5-3.67150409E-03 1.60671789E-03-7.35847594E-04-3.01476917E-03-5.54858060E-04
 2  6 2.35592400E-03 4.44852208E-05 2.15997105E-02-1.16231432E-02 8.86292016E-03
 2  7-7.58431537E-04 9.82650455E-01 1.05554616E-01 3.14374743E-03-1.73620478E-03
 2  8-1.74074957E-03-5.39938473E-02-8.64074702E-03 7.34292734E-03 4.00852720E-03
 2  9 9.32763338E-04 2.10082669E-03-6.69218260E-04-4.63360406E-04 7.36710133E-03
 2 10 1.88482671E-03-3.55801285E-04 5.18542256E-04 3.29607559E-04-2.99899890E-03
 2 11 1.48143508E-03-2.35814215E-03-1.76751383E-03 4.72435083E-03 1.35486011E-03
 2 12-2.33334468E-04-2.58997519E-05 6.28520974E-04-1.83743332E-03 8.74629773E-04
 2 13 1.90454748E-04-2.22098121E-03 1.21370186E-04-7.31610528E-04 4.42654284E-04
 2 14-6.13862602E-04 9.18719876E-04-8.20256406E-04-7.10995545E-04 1.04101646E-03
 2 15 3.06955498E-03 6.76380495E-03
 3  1-6.58465138E-06 4.12238497E-05 7.69626951E-06 3.01458789E-05-3.75340767E-05
 3  2-8.00539852E-04-4.40817135E-05-1.74557075E-04 2.83840655E-04 1.47176914E-03
 3  3 1.40156202E-04 4.86521717E-04-1.37157093E-03 2.12027038E-04 7.55138927E-04
 3  4-9.74032076E-05-1.68834917E-04 7.96547338E-04-6.67719493E-03-1.22976182E-03
 3  5-2.02190929E-03 2.40479491E-03-9.35489411E-04-5.27554500E-03-1.14218731E-04
 3  6 8.84628397E-04 5.39358236E-04 1.78354793E-02-2.31675197E-03-5.25587693E-03
 3  7-5.44031145E-03-7.18233591E-03 4.16739623E-04-8.13950170E-05-4.19710418E-04
 3  8-3.92332112E-04-3.31164799E-03-2.96472985E-04 2.91367764E-03 1.89469617E-03
 3  9 7.32940564E-04-1.04418371E-03 2.56426211E-04 3.51310453E-04 9.82195071E-01
 3 10 1.02556810E-01-2.21672895E-03 1.73650457E-03 1.26573128E-03-4.27054243E-02
 3 11 4.46164621E-03-4.78331427E-03-4.07725680E-03 1.96116786E-02 3.09608920E-03
 3 12-3.24830542E-05-6.00799203E-04-2.04620129E-05-3.98643756E-03 1.96362995E-04
 3 13 2.64773410E-03 2.15702924E-05 3.66379644E-04-1.18394869E-03-1.79530084E-04
 3 14 5.80333364E-03 3.30274804E-03 6.06028162E-03-1.29410330E-03-1.81641511E-03
 3 15 5.13373466E-04-1.14528939E-03
 4  1-3.16017064E-08 5.07319520E-07 6.91230507E-06-1.95986806E-06-9.05129154E-07
 4  2 9.79456976E-07-3.55846882E-05 8.42435075E-06 6.97718393E-06-3.22763311E-05
 4  3 5.66618204E-05 7.55600126E-06 1.53374309E-05 4.49903509E-06 7.57160674E-05
 4  4-4.38815447E-05 4.67792527E-05-7.02474512E-05-5.82941544E-05 1.43809274E-04
 4  5-3.05235781E-06 8.31048714E-05 6.45102150E-05 4.03309919E-04 9.14815255E-06
 4  6-9.22067921E-05-1.59446890E-05-1.41437449E-03 4.38686942E-04-5.98114731E-04
 4  7 3.04680346E-04-4.40499422E-03 4.05593714E-04 3.38509804E-05 4.20297194E-04
 4  8-2.38094862E-04-2.39585476E-03-2.95218395E-04-1.86064940E-03 1.31016652E-03
 4  9-3.23092680E-05 2.77873709E-04 5.36065905E-05-1.76744632E-04-1.94393185E-02
 4 10-1.05149397E-03 3.68147209E-04 5.44090483E-04-4.19360743E-04-1.10745022E-03
 4 11-1.20148234E-03-1.99472041E-03 1.41404244E-03 9.82168018E-01 1.02735942E-01
 4 12-2.14174057E-03-1.40217642E-03-1.74963572E-03-4.34036911E-02 4.52588493E-03
 4 13 3.58471077E-03 3.33784642E-03 2.92278492E-03 6.12305977E-03 2.34493066E-03
 4 14 9.55451017E-03 5.22447782E-04-1.50387039E-03 1.72906400E-04-4.91236553E-04
 4 15-4.77401037E-04 5.17595961E-03
 5  1 7.86922152E-05-1.00869794E-04-3.48622350E-06 5.36006252E-05-2.18125676E-04
 5  2-2.40141901E-03 3.18327479E-05-3.57779666E-04 1.50427156E-03 3.20681632E-03
 5  3-4.87427445E-04 2.44259415E-05-2.50575813E-03-8.96496173E-03-4.00826954E-03
 5  4-3.27648076E-04-5.16736418E-04 1.29800022E-04 2.57771539E-02 6.14571298E-03
 5  5 1.07159093E-02-1.21068054E-02 9.86489964E-01 1.10060538E-01-3.43180076E-04
 5  6-9.21809400E-04-4.46968761E-04-8.26740569E-02 1.81989258E-03 1.22096411E-02
 5  7-4.57666789E-03 2.22429948E-05-2.39689087E-04 3.10253758E-04 3.84275312E-04
 5  8-1.71046119E-04 6.80456998E-03-1.10691048E-03-2.72518130E-03 1.03953225E-03
 5  9-1.41230328E-03 1.67513304E-03-1.57353224E-03 1.16441101E-03-3.66641793E-04
 5 10-2.59226377E-03-1.42484934E-04-1.89512475E-04-5.10831266E-04 9.00831808E-03
 5 11 9.20475444E-04 3.03810843E-03 6.85197073E-03 2.57914269E-05 2.14707691E-04
 5 12 3.95078560E-05 1.17358118E-04-3.79594754E-05-7.77431762E-04 7.77526056E-06
 5 13-2.20702128E-04-1.12472185E-04 2.89527142E-04-4.72213329E-04-4.27972808E-04
 5 14 1.03317913E-03-1.38834091E-03 3.52099268E-03-6.02139417E-04 1.59633236E-02
 5 15 1.88793761E-04 2.68409321E-03
 6  1-2.79476729E-05-1.61162370E-04 6.09262191E-05 1.01671320E-04 3.37970480E-04
 6  2-2.13821945E-03-3.53657756E-04-5.91053675E-04-1.90876109E-03 1.27961070E-02
 6  3-1.26942354E-03-2.11447773E-03-8.56599182E-03 9.86475892E-01 1.11833391E-01
 6  4 3.46446722E-04 6.78310177E-04 1.11441308E-03-9.04135226E-02-2.80626525E-03
 6  5-6.04149758E-03 2.46791500E-03 8.41314030E-03-1.85453918E-03 4.04732135E-04
 6  6 4.78210416E-04-8.10238242E-05 2.33484390E-02-5.55730576E-03-1.02365544E-02
 6  7 8.93527782E-03 3.63920020E-05-1.25142944E-05-2.29715794E-05 5.00297216E-04
 6  8-3.22099435E-04-1.31381857E-03 1.86020239E-06-4.06189015E-04 5.30167348E-04
 6  9-1.00630157E-04 1.54861844E-02-1.81003246E-04 1.54326997E-02 1.67461957E-05
 6 10-5.76184960E-05 1.94991546E-04 1.90942750E-04-3.32531083E-04-5.28946430E-04
 6 11-6.21042734E-04-6.42483840E-04 1.96624226E-04 1.53543149E-05 1.09765742E-04
 6 12-3.86509694E-05 5.37931997E-05-1.37603244E-04-5.64538694E-04 1.88510039E-04
 6 13-5.81194619E-05 4.17106592E-04 3.15058963E-04-2.57609399E-04-2.30709433E-04
 6 14 1.30072408E-03-3.96255919E-04-5.92125538E-05-1.14324858E-03 1.35830874E-03
 6 15 4.57272197E-04 1.29499743E-03
 7  1-3.05122469E-01 9.77074845E-01-1.50097989E-03-2.74396931E-03-8.43462939E-03
 7  2 1.54262845E-01-6.36171439E-04-1.13152277E-03-5.20016990E-03-6.76678793E-02
 7  3 1.65448378E-03 3.08913670E-03 1.20258627E-02-3.49161527E-05 1.70041009E-03
 7  4-5.07101400E-05-2.45930617E-05 4.93875139E-04-3.05415975E-03 5.61455324E-04
 7  5-1.93131755E-03 9.93583291E-03-1.10346518E-04-3.68341223E-03 2.53850671E-05
 7  6-1.01418767E-04-2.06528617E-03 1.30481113E-02-3.63722849E-03-6.90394002E-04
 7  7 9.53219570E-03 1.07039011E-04 7.81520133E-04 6.96465414E-05-1.45806637E-04
 7  8 2.58174777E-05-3.83780387E-03-8.82916357E-04 1.89109583E-03-1.19771171E-03
 7  9-9.62454202E-04 5.07819779E-03-1.25868169E-03 4.44239150E-03-5.60696803E-05
 7 10-5.11568084E-04-5.09767892E-05-4.16259953E-05-2.14780095E-04 1.72581215E-03
 7 11 2.78731558E-04 4.02931674E-04 1.17994527E-03 4.92458878E-06 1.71239409E-05
 7 12 1.56126265E-05 1.56560495E-05-1.38316137E-04-2.95011715E-04-2.42378301E-05
 7 13 3.90924746E-05 4.60431654E-04 1.73263025E-04-1.40710597E-04-2.76742090E-04
 7 14 1.19492757E-03-5.40644275E-05 1.66597876E-04-1.27069852E-03 1.31653619E-03
 7 15 7.08923918E-05-2.49734737E-04
 8  1-3.20605874E-03 1.08554465E-02 1.64609150E-01 2.83984022E-01 9.13512345E-01
 8  2-3.22590188E-03 1.50921759E-02 2.60189648E-02 8.50280941E-02 4.82654000E-03
 8  3-4.90914833E-03-8.57629560E-03-2.93230348E-02-6.82018500E-04-4.43987318E-03
 8  4-3.56504304E-05-1.26887977E-04-4.64022452E-04 9.55502696E-03 9.08677074E-04
 8  5 3.47100611E-03-3.34368561E-03 4.13490123E-04 2.88329808E-03 2.80606094E-05
 8  6 8.26270186E-05 8.39551120E-04-1.20330196E-02 2.35423129E-03 1.50576049E-03
 8  7-7.70454900E-03-7.26399552E-05-4.48159646E-04-7.18206725E-05-3.10970367E-05
 8  8 3.25375910E-05 2.58105721E-03 7.22217043E-04-9.70521878E-04 6.48837716E-04
 8  9-2.58103378E-04-3.96947435E-03-4.65192440E-05-3.54955680E-03 2.30181757E-05
 8 10 1.70265569E-04 3.09533804E-05 8.00232905E-05-1.35264171E-05-8.67094158E-04
 8 11-1.60988180E-04-4.30204929E-04-1.86419255E-04-4.59866870E-06-2.06922002E-05
 8 12-3.53664447E-06-2.27951446E-05 9.86022981E-05 2.50229270E-04-1.26529893E-05
 8 13 1.07210002E-05-3.31460870E-04-1.46216029E-04 1.16860616E-04 2.28221629E-04
 8 14-9.12754040E-04-1.81984805E-04 3.88278130E-04 9.83942134E-04-3.72662173E-04
 8 15-1.34893122E-04-9.37401798E-05
 9  1 2.04866505E-05-1.13723478E-04 5.68527561E-01 7.17458046E-01-3.25296753E-01
 9  2 4.11013732E-04 5.09676633E-02 6.43619182E-02-2.96414945E-02 2.48449863E-04
 9  3-1.59698096E-02-2.02207425E-02 9.07273890E-03 2.44993989E-05 1.48132824E-04
 9  4-3.80333726E-05 3.06068902E-05 5.23505949E-04-7.99795783E-04 7.54394190E-04
 9  5-5.00551515E-04-2.21618027E-03-1.69178301E-04-1.39227073E-03-3.27209708E-05
 9  6-1.82471127E-04-9.65710452E-04 2.90253625E-03-5.22699759E-04 2.00508577E-03
 9  7 4.51708345E-03 4.24820517E-05 2.45873232E-04 9.89472838E-05 1.68150452E-05
 9  8-5.93826439E-05-1.62965835E-03-7.71086634E-04 4.71565789E-04-3.39404085E-04
 9  9 5.81768607E-04-1.55441657E-03 1.33906409E-04-1.18002717E-03-3.80468271E-05
 9 10-2.85073917E-04-6.34292971E-05-9.11580673E-05-8.24199880E-05 1.11111649E-03
 9 11 3.01849109E-04 5.35726663E-04 7.04030275E-04-1.15928226E-06-1.40258918E-05
 9 12 1.92468404E-05 7.42904682E-06-3.00083345E-05-1.98271524E-05-5.96346406E-05
 9 13-4.90959268E-06 1.12559171E-04 2.09547627E-05-2.45710585E-05-6.86767460E-05
 9 14 2.76423713E-04-7.91569634E-05 4.01845434E-04-9.10183182E-04 1.22191877E-03
 9 15 1.74941070E-04-2.35812474E-04
10  1 2.23794979E-05-6.73097616E-05 7.70430821E-01-5.90241248E-01 4.46328682E-02
10  2-4.23734211E-05 6.88926284E-02-5.28107538E-02 4.07222603E-03-1.02485458E-04
10  3-2.10098890E-02 1.62432977E-02-1.21039452E-03-1.63694008E-06-2.48506477E-05
10  4-5.94159129E-05 2.33024551E-05-9.15843702E-05-1.73785421E-04 1.53017978E-03
10  5-1.10761305E-03 5.58433836E-04 4.14772046E-05 4.64133221E-04-6.22110341E-05
10  6 1.94786426E-04 9.85866327E-05-1.22422477E-03-7.10947337E-04-7.58568659E-04
10  7-2.26123366E-04-2.26464710E-06 5.27496143E-05-3.06941989E-05-5.96927550E-05
10  8 2.93001701E-04 2.60762897E-04 2.57584895E-04 1.31580600E-04-8.47403133E-04
10  9 6.55027206E-04-1.46617898E-03-7.68834446E-04 1.73689344E-03 7.91964680E-06
10 10 7.68917443E-05 2.85617771E-05-3.82983172E-05 4.00421498E-05-2.51794913E-04
10 11-6.79037076E-05 1.19544832E-04-1.61157739E-04-4.82142959E-06-4.23707508E-05
10 12 9.11801958E-06 8.94313515E-06-1.13957022E-05 1.30311733E-04-3.73837708E-05
10 13-5.08558537E-05 4.61823721E-05-1.68946488E-05 5.29579384E-05 3.29353959E-05
10 14-1.80991863E-04-1.13128090E-04 2.22648455E-04-1.30959205E-04 1.40848340E-03
10 15-2.02064660E-04-1.90927928E-04
11  1 2.10249956E-03-1.19162669E-02 4.89498227E-04 5.65878508E-05 3.63594751E-03
11  2 1.50076891E-02-9.83928821E-04-3.37450222E-04-6.56451324E-03 5.23993046E-03
11  3 2.44502076E-03 1.60046263E-03 9.29756129E-04-2.22029520E-02 1.97276628E-02
11  4 4.04765642E-03 1.96637185E-02-1.26377262E-02 4.10391604E-02-2.05464883E-02
11  5 1.65009664E-02 4.30152157E-03-9.54100183E-02 1.03966323E-01-6.01280081E-02
11  6 8.34056329E-02-3.56516145E-03 1.43908827E-01 2.03201573E-02-1.67046995E-02
11  7 1.19229377E-03-2.08904493E-01 1.91553915E-01 8.40352629E-02-4.84390184E-02
11  8-4.17873727E-02 6.50095038E-01 9.36921534E-02-5.54147204E-02-4.90512903E-02
11  9 4.92474111E-03-8.69057671E-03 7.65644399E-03 3.24561310E-03-3.49891124E-02
11 10 3.27442108E-02-1.08091442E-02 9.66987465E-03 9.90799440E-03 9.90685692E-02
11 11-1.58019177E-02 1.46428172E-02 5.44035125E-03-2.48185933E-02 2.09617990E-02
11 12-7.92086939E-03-5.41442018E-03-2.25220472E-03 7.73395622E-02-1.13166991E-02
11 13-7.33300152E-03 4.92962202E-03 1.00087694E-02 4.01644584E-03 1.34175776E-02
11 14 4.85940018E-03 1.64706996E-02 5.08618434E-03 2.37815151E-02-1.58723725E-02
11 15 8.41280432E-02 8.79989155E-03
12  1-6.35541246E-04 3.63237280E-03-1.54765556E-04-2.28393897E-05-9.06563270E-04
12  2-4.79903408E-03 3.49319384E-04 1.11113067E-04 1.81138017E-03-1.85938893E-03
12  3-6.55940920E-04-6.24970088E-04-1.52431770E-04 2.99412635E-03-4.51640890E-03
12  4-2.11661342E-04-3.63157149E-03 2.33585658E-04 7.35348670E-03 6.42687348E-03
12  5 2.10684602E-03-7.14888385E-03 1.10234103E-02-1.26980987E-02 1.17226209E-02
12  6-1.96957019E-02-6.82653617E-03-2.16969928E-02 2.76405059E-03 1.26479300E-02
12  7-1.65376572E-02 3.54433711E-02-3.23996309E-02-1.22328208E-02 1.09180697E-02
12  8 1.17388874E-03-1.19322494E-01-1.56255694E-02 8.52501232E-03 3.20161329E-03
12  9-1.27271805E-03 1.35881336E-03-1.52756191E-03-1.15201351E-04-3.38923286E-02
12 10 3.03802143E-02-1.03923708E-02 7.24096925E-03-9.32807252E-04 1.06146462E-01
12 11-7.42937240E-03 1.20572246E-02-2.38684062E-03-2.23853620E-01 2.09334360E-01
12 12-6.10313379E-02-3.63997926E-02-6.55103642E-02 6.90923983E-01-6.19195182E-02
12 13-4.08127037E-02-6.27429946E-02 1.16809152E-01 2.58125917E-02 1.07450741E-01
12 14 1.63551963E-02 1.67841539E-02 6.98223113E-03-2.95368317E-03 6.30085181E-03
12 15 2.40656536E-03 1.04779902E-02
13  1 1.83933570E-03-1.05624375E-02 2.08098692E-04 6.79004955E-04 2.56989626E-03
13  2 1.41188102E-02-3.38667450E-04-1.08426459E-03-5.71523636E-03 8.71850227E-03
13  3-9.47022639E-04-1.68047671E-03-3.94201819E-04-1.90430886E-02 1.68461492E-02
13  4 4.62551757E-03 3.74824307E-03-1.28155047E-02 4.62693809E-02 3.34214951E-03
13  5-5.40222093E-03-1.29716429E-02-2.33924647E-02 2.77318800E-02 6.03643466E-03
13  6-5.02457922E-02-3.15815942E-02 6.21965147E-02-4.74429611E-03-1.17693159E-02
13  7-1.27830606E-02 4.91255361E-02-4.67103859E-02-1.71985733E-02-6.09804337E-03
13  8 9.51858199E-03-1.61604135E-01-1.99685396E-02-7.19830007E-04 5.89451071E-03
13  9 6.53223292E-03-1.01117759E-04 7.14102663E-03-1.30441059E-03-2.21206078E-01
13 10 2.10124613E-01-8.57117466E-02 2.44082258E-02 1.54077553E-02 6.84819221E-01
13 11-7.98615905E-02 2.77260458E-02 2.07635938E-02 4.17095005E-02-3.80565850E-02
13 12 1.14650865E-02 1.12236319E-04 1.27300530E-02-1.35490747E-01 1.16751925E-02
13 13 3.75039014E-03 1.22754890E-02-2.38075009E-02-6.79581425E-03-1.93477669E-03
13 14 1.19257662E-02 1.28979359E-01 2.95952645E-02 1.15008216E-02 3.85140925E-03
13 15-2.92202765E-02-8.82984154E-03
14  1 6.16427975E-02-3.55581149E-01 7.47533031E-03 1.30902746E-02 4.51641526E-02
14  2 4.53924189E-01-1.52108084E-02-2.63034587E-02-9.12778556E-02 3.02998533E-01
14  3-7.31089732E-04-2.95713240E-03-7.79304414E-03-1.30441726E-01 1.12993576E-01
14  4 1.80678325E-02 3.12942281E-02 3.43204198E-02 3.97609416E-01 1.91754891E-02
14  5 3.09072217E-02 4.01921767E-02-4.43882077E-02 5.21658089E-02-5.77483568E-03
14  6-5.02815595E-02 5.82302878E-02 6.34680985E-02 8.34697828E-03-2.26963590E-03
14  7-5.17251763E-03 3.30840417E-02-3.05688261E-02-9.48398858E-03-2.10067267E-02
14  8 2.48849253E-02-1.15251480E-01-1.17584676E-02-1.11469128E-02 2.27616579E-02
14  9 5.39299597E-02-1.43852082E-02 5.42816129E-02-1.60887801E-02 2.86461695E-02
14 10-2.61899264E-02 1.42489963E-02-2.60102614E-03 9.10169200E-03-9.64221397E-02
14 11 1.25421712E-02-6.60769730E-03 2.69731241E-03-6.32890261E-03 5.89913619E-03
14 12-8.67204205E-04 3.75507118E-04-4.30419531E-03 2.24741095E-02-2.86345284E-04
14 13-4.21114302E-04-5.69441768E-03 4.40643474E-03 2.29895191E-03 1.19882572E-03
14 14-7.29412628E-03-1.92515057E-02-7.26540164E-03 2.19765730E-02-5.69165715E-03
14 15-2.72089591E-02-1.24198495E-02
15  1 5.04957310E-02-2.94023505E-01 4.78512230E-04 1.04209589E-03-1.00008669E-02
15  2 3.62680243E-01-1.66818927E-03-4.02466192E-03 1.80085428E-02 3.49446150E-01
15  3-3.83511923E-03-4.76040357E-03-1.70607945E-02 1.18323737E-01-1.23120795E-01
15  4-1.83465414E-02-3.34099605E-02 1.09500300E-01-3.14201648E-01-4.65897091E-03
15  5 7.75080191E-04 3.22354141E-02 1.18282763E-01-1.22976814E-01 1.05346070E-02
15  6 8.02147343E-02-7.31855592E-02-3.15798079E-01-1.98935823E-03 3.97742867E-02
15  7-3.12795157E-02-4.85858996E-02 4.35265713E-02 7.28951300E-04 7.89525131E-02
15  8-4.92299826E-02 1.90746775E-01 7.28025328E-03 5.27081628E-02-3.92517186E-02
15  9-6.47522427E-02-4.14697064E-03-6.76291306E-02-3.78162064E-04-3.82884628E-02
15 10 3.41750730E-02-2.95671218E-02-2.98783760E-03-3.85478798E-02 1.38961463E-01
15 11-2.42684660E-02 2.76148650E-03-1.98781497E-02 5.69736674E-03-5.24969290E-03
15 12-1.05315725E-03-1.29597020E-03 8.10921641E-03-2.22532547E-02-2.36645546E-03
15 13 5.57232710E-04 8.15190177E-03-6.12594515E-03-3.72901628E-03 4.28498993E-04
15 14 9.28536836E-03 3.33050020E-02 2.40048204E-02-6.43003376E-02 1.90527187E-03
15 15 6.16462632E-02 3.31919201E-02
16  1 1.76961744E-02-1.04076211E-01-1.41320853E-02-2.17337897E-02-2.78454103E-02
16  2 1.28217326E-01 2.83272222E-02 4.41425900E-02 5.41719800E-02 1.55398572E-01
16  3 1.36811759E-02 1.80233133E-02 1.05097115E-02 1.16424142E-01-1.04371704E-01
16  4 7.89509443E-02 1.16082628E-01-2.30067599E-02-4.45940038E-01 3.44256476E-02
16  5 4.20115107E-02-2.49045336E-03-1.30015327E-01 1.31785336E-01 8.80069775E-02
16  6 7.31203480E-02-5.85475148E-03 4.56128581E-01 6.74547171E-02 3.74558233E-03
16  7 1.36485867E-02 5.08675047E-02-4.67316287E-02 6.56986008E-02-1.43593321E-01
16  8 6.56581314E-02-2.07763770E-01 5.26806719E-02-1.18294978E-01 5.55647824E-02
16  9-1.20834128E-01-4.28963127E-02-1.05497018E-01-3.59939418E-02 1.21268090E-02
16 10-9.96371676E-03 4.81565082E-02 2.91870892E-02 3.80263641E-02-5.21867314E-02
16 11 3.79423611E-02 2.30990974E-02 2.24554731E-02-8.52647847E-04 8.37023109E-04
16 12 7.19590345E-03-1.41705348E-02-3.28101451E-03 4.64097248E-03 8.72639389E-03
16 13-1.32176337E-02-1.43687316E-03-3.54874226E-03-2.40504258E-03 1.16451250E-02
16 14 5.96237832E-03-3.69191795E-02-3.30282009E-02 1.37424379E-01 3.44102220E-02
16 15-8.79510350E-02-6.36405803E-02
17  1-1.64340744E-03 9.71268580E-03-1.30953791E-02 1.26375699E-02 4.13309366E-03
17  2-1.05640779E-02 2.69309105E-02-2.56453048E-02-8.79466467E-03-1.80582898E-02
17  3 1.54675960E-02-1.56166207E-02-3.66612798E-05-1.39143681E-02 9.56875868E-03
17  4 1.13759257E-01-9.81044294E-02 7.58583919E-03 7.84275936E-02 1.04581123E-01
17  5-7.00544223E-02-4.46210290E-03-1.39784914E-02 6.98746172E-03 2.56863847E-01
17  6-8.35711160E-02-5.29260970E-02 6.89203304E-02 1.68213067E-01-6.95622786E-03
17  7-5.87090732E-02 1.35684925E-02-1.47949932E-02 4.51716896E-02 2.44826906E-01
17  8-1.46687321E-01-5.03235152E-02 4.11529308E-02 2.19221408E-01-1.33266439E-01
17  9-4.53902199E-02-2.07773229E-02 8.22633707E-02 3.07635105E-02-7.65093980E-04
17 10 3.22832203E-05 7.64436712E-02 1.77847488E-02 3.27004628E-02 2.20599656E-03
17 11 6.66365801E-02 1.37692653E-02 2.51760645E-02 6.62186585E-03-8.60250974E-03
17 12 3.07617255E-03-5.43618289E-02 7.40162871E-02-2.08855556E-02-1.42069826E-03
17 13-4.73494254E-02 7.57240178E-02-5.64592557E-02-3.53305964E-02 3.16463150E-02
17 14 2.59399005E-02-5.15681999E-02-3.58621507E-02 1.35751084E-01 6.70070818E-02
17 15 1.56224962E-01 1.01195373E-01
18  1 1.13159574E-03-6.74860821E-03-1.49854434E-02-4.09209711E-03-2.72664279E-03
18  2 7.75008403E-03 3.12296641E-02 8.43587075E-03 5.00475167E-03 1.67440903E-02
18  3 1.77792609E-02 4.35875569E-03-1.25348153E-03 8.55151821E-03-4.81785027E-03
18  4 9.46202775E-02 7.37636530E-03-2.41117985E-02-6.81380120E-02 6.66651885E-02
18  5-1.69155390E-02-1.76039069E-02-8.06564861E-03 9.00425238E-03 6.13414164E-02
18  6-5.65040786E-02 3.64768252E-02 4.24138634E-02 2.52832574E-02-5.38759896E-02
18  7 6.38512441E-02-1.40205334E-02 1.29032417E-02-1.23671177E-02 8.33056384E-02
18  8 3.62492631E-04 5.82010178E-02-1.01764598E-02 7.86166166E-02 2.21025900E-03
18  9-6.02298069E-02-3.17831258E-02 1.83202410E-02 9.65019736E-03-8.65771060E-03
18 10 1.06905279E-02-4.42447315E-02-5.91127162E-02 2.41344220E-02 3.13495323E-02
18 11-4.22742408E-02-6.39606347E-02 2.81021484E-02 2.34390218E-03-7.48137841E-04
18 12-6.16994208E-02 3.36066287E-01-1.58792321E-01-1.30535742E-02-5.29585869E-02
18 13 3.06912053E-01-1.45627071E-01 2.07860796E-01 1.52986384E-01-2.03604209E-01
18 14-1.63062971E-01 2.94185804E-02 1.91390662E-02 3.32800663E-02 1.12904955E-02
18 15 2.51526492E-02 2.95653686E-02
19  1-3.73877302E-03 2.21807531E-02-3.36326658E-02-2.87299601E-02 4.60196172E-02
19  2-2.51219096E-02 7.08887757E-02 5.95659444E-02-9.72427794E-02-4.55039505E-02
19  3 4.64193637E-02 4.71478589E-02-5.42163939E-02-2.06034801E-03 3.01799271E-03
19  4 2.14145309E-01 1.85152281E-01-5.04563133E-02-2.05343130E-02 1.72601461E-01
19  5 1.40049479E-01-2.15892204E-02 1.63678883E-02-1.51268190E-02-2.67882561E-02
19  6-1.67970663E-01 2.23393716E-01-7.55223292E-02-4.69522914E-02-7.67864067E-02
19  7 1.85796172E-01-3.95393984E-02 3.83151561E-02-1.18963071E-01 1.31296733E-01
19  8 1.07342242E-01 1.51891190E-01-1.19742243E-01 1.35402542E-01 1.05993588E-01
19  9-1.42866508E-01-9.11930510E-02-3.23518006E-02-2.38878065E-02 5.02101076E-04
19 10 4.71109907E-05-7.95530502E-02-5.03604748E-02-8.29487061E-02 1.86618457E-03
19 11-6.67236048E-02-4.61847273E-02-7.82913619E-02-5.82047208E-03 6.51240581E-03
19 12 2.42726343E-02-1.11480545E-01 3.78445831E-02 2.11988715E-02 2.48517340E-02
19 13-1.03660822E-01 2.44220065E-02-6.33265871E-02-5.22771199E-02 6.09865153E-02
19 14 4.67345935E-02 5.89548755E-02 4.86777779E-02-4.35318698E-02-1.93274447E-02
19 15 6.68698408E-03 3.02748827E-02
20  1-1.23636545E-02 7.32779020E-02-9.24512457E-04 4.99024692E-02 8.71397654E-02
20  2-9.25709896E-02 1.75971554E-03-1.05617037E-01-1.82789987E-01-1.29982413E-01
20  3 7.05332306E-03-5.72688604E-02-1.03540646E-01-1.28706204E-02-1.53948234E-03
20  4 8.33943774E-02-1.44091995E-01 1.90830760E-01 1.14676660E-01 7.82911490E-02
20  5-8.97045104E-02 1.45270520E-01 2.13650370E-02-1.25324853E-02 1.03906464E-01
20  6 2.46503110E-01 4.91450951E-02-1.12176816E-01 1.19780772E-01 1.76984609E-01
20  7 6.20280139E-02-8.34075781E-04-1.48802512E-03 1.44189144E-01-8.01163466E-02
20  8 1.40716132E-01 2.02217260E-02 1.45081157E-01-8.62746684E-02 1.40566558E-01
20  9-4.38348279E-02-3.35568985E-02 1.02470115E-01 6.41052847E-02-8.73300024E-03
20 10 8.35636127E-03-8.43461112E-02-2.93020231E-02-1.49035966E-01 4.11295840E-02
20 11-7.66312769E-02-2.91166619E-02-1.39203733E-01 1.03583036E-03 4.70082610E-04
20 12 1.08061111E-02-8.94947788E-03-2.83807296E-02-7.65581038E-03 1.43274714E-02
20 13-6.00822706E-03-3.09332974E-02 8.17221677E-03 3.61293493E-03 8.01671230E-03
20 14 1.27528214E-02 7.21956493E-02 6.22410636E-02 5.81309945E-02 2.65237539E-02
20 15-6.93406767E-02-7.03354092E-02
21  1 7.38078800E-03-4.37835173E-02-5.87812500E-02 2.58851001E-02-6.73188829E-02
21  2 5.20505758E-02 1.23868678E-01-5.43053733E-02 1.42766019E-01 8.50876916E-02
21  3 7.81155322E-02-4.22691829E-02 7.90541568E-02 7.76055327E-03 9.16417398E-04
21  4 2.34206817E-01-2.11462138E-01-8.16070125E-02-6.96163699E-02 2.13864891E-01
21  5-1.94328225E-01-6.26134503E-02 6.25615736E-03-8.64785000E-03-1.33469146E-01
21  6-1.26426879E-02-7.80953220E-02-1.27138328E-02-1.38652100E-01-4.35094090E-02
21  7-5.83434333E-02-2.16678535E-02 1.91232288E-02-6.73268244E-02-1.52052965E-01
21  8-5.75786410E-03 9.45457325E-02-6.15994193E-02-1.48161451E-01-1.06478763E-02
21  9-1.41411822E-01-7.70077143E-02 1.97128933E-01 1.30015617E-01 5.80899567E-03
21 10-6.44931172E-03 3.34985563E-02 1.58108209E-02 6.40221182E-02-2.41631491E-02
21 11 3.15169605E-02 1.74094330E-02 6.10437631E-02 8.63313918E-04-2.15659658E-04
21 12 9.41039020E-03-4.18394322E-02-2.59167567E-02-4.06141036E-03 9.03310629E-03
21 13-4.27097158E-02-2.99946491E-02-5.31331053E-03-5.88657747E-03 2.35329551E-02
21 14 1.84890781E-02-3.25051298E-02-2.84323977E-02-9.00994872E-02-4.50994987E-02
21 15-7.08497074E-02-6.57354380E-02
22  1-4.18125580E-03 2.48053537E-02 2.10142108E-02 1.31674512E-02 4.58357330E-02
22  2-3.49186465E-02-4.38065272E-02-2.97189136E-02-9.55173356E-02-4.16534794E-02
22  3-3.21998416E-02-8.53132727E-03-6.75956758E-02 2.98243697E-03-6.33971210E-03
22  4-1.35699202E-02-1.41305712E-03 7.88446173E-02-3.04562435E-02-4.48325266E-02
22  5 3.31433194E-02 8.00883229E-02 2.89171668E-02-3.92590083E-02 2.43366778E-02
22  6-9.98945019E-03-9.74618382E-03-5.25433682E-02 3.83858243E-02-5.80277631E-02
22  7-7.01717288E-03-4.82057058E-02 4.06419716E-02-1.05568960E-01 2.90730539E-02
22  8 1.42125988E-01 2.31715633E-01-1.06489237E-01 2.99227625E-02 1.61644528E-01
22  9 3.01785730E-04-1.38120034E-02-1.24475849E-02 3.02557232E-02-7.95208432E-02
22 10 6.93292641E-02 3.49621032E-01-1.49081949E-02 1.01687571E-02 3.44388940E-01
22 11 3.45695607E-01-2.45728164E-02 1.72804996E-03 1.80714328E-02-9.81474704E-03
22 12-6.64818726E-03-6.11819963E-03-1.02830463E-01-1.00563760E-01 2.25633201E-03
22 13 4.11955107E-03-1.14306561E-01 4.69036196E-02 2.08165699E-02 1.90196698E-02
22 14 7.17456215E-02-2.07971510E-01-1.75430507E-01-1.34814119E-02-1.66935506E-03
22 15-6.50676947E-02-6.14077271E-02
23  1 8.68550379E-03-5.18535295E-02-6.01220674E-03-4.98074521E-02-1.59370390E-01
23  2 4.91236783E-02 1.40776051E-02 1.05458317E-01 3.40968963E-01 1.53398769E-01
23  3-2.22805210E-03 7.07134915E-02 1.95696486E-01 6.02953248E-03 1.14779397E-02
23  4-1.09004504E-01-1.35743773E-01-1.42936723E-01-1.04726926E-01-1.36011272E-01
23  5-1.35017885E-01-1.59847636E-01 5.61630658E-03-1.25430408E-02 1.35723908E-01
23  6 2.01985426E-02 7.19128062E-02 2.06359200E-02 1.05416860E-01 1.94182277E-02
23  7 1.43888690E-01-3.62429519E-02 3.23181450E-02-1.29164696E-02 9.97283310E-02
23  8 2.29921143E-01 1.58984941E-01-1.67598363E-02 1.07668874E-01 2.45604350E-01
23  9 9.84773516E-02 8.47352879E-02 5.81730505E-02 6.88183493E-02-4.41149214E-04
23 10 3.62368519E-04-4.28587964E-02-8.52842835E-02-5.05375593E-02 9.98452662E-03
23 11-3.44520216E-02-9.20861467E-02-4.57816604E-02-4.23671080E-03 5.85303549E-03
23 12 4.30300698E-02-5.42861273E-02-3.37531099E-02 1.67302285E-02 5.47897664E-02
23 13-5.44247865E-02-4.91851873E-02-1.27934063E-02-1.62780763E-02 2.36847061E-02
23 14 8.12000745E-03 3.52815787E-02 3.07917461E-02 8.74170720E-02 7.53665717E-02
23 15-5.65272851E-02-3.76986161E-02
24  1 5.92602177E-04-3.58378555E-03-1.78672678E-02-2.42597544E-02-7.81398541E-03
24  2-5.14922692E-05 3.84772281E-02 5.17079492E-02 1.75210500E-02 2.25527253E-02
24  3 2.69084254E-02 3.75998812E-02 3.63666053E-04-7.27303750E-03 1.48344516E-03
24  4 2.30790488E-02 7.18996613E-03-2.98409725E-02 7.82468203E-02 6.63713104E-03
24  5 2.89494520E-02-7.09807403E-02 1.18124003E-02-5.58746240E-03-1.00595990E-01
24  6 3.62384504E-02 5.64383932E-02-1.10133842E-01 7.46880167E-03 4.24096897E-02
24  7 9.97851381E-03 2.02167561E-02-1.42390921E-02 1.43481905E-01-2.33356966E-02
24  8 5.78138240E-02-1.01552634E-01 1.61489998E-01-4.57609274E-02 8.54807141E-02
24  9-1.55870993E-02-3.84551115E-02 1.54179408E-02 3.09338022E-02-4.18192545E-02
24 10 3.68566085E-02 1.10860609E-01-1.33304451E-01 9.04501320E-03 1.92814898E-01
24 11 1.09105235E-01-1.54430503E-01 1.40712706E-02-7.31854567E-02 6.37628525E-02
24 12 1.66735472E-01 1.57857447E-01 2.84741314E-01 3.23286331E-01 1.91051056E-01
24 13 1.81050046E-01 3.13172305E-01-1.07809494E-01-8.87693261E-02-9.89270038E-02
24 14-9.15437902E-02-6.58145996E-02-7.75226340E-02-8.72160438E-02-6.60171316E-02
24 15 2.72052293E-02 9.16139355E-02
25  1 1.98701439E-03-1.17544342E-02-5.74297588E-02-8.73759569E-02-2.63073328E-02
25  2 1.67169335E-02 1.22790628E-01 1.88288138E-01 5.58318212E-02 2.37961703E-02
25  3 9.86853188E-02 1.42181594E-01 3.86428859E-02-2.65048998E-02 2.89864091E-02
25  4 1.87587773E-02 4.27181381E-02-1.01412697E-01 1.51468989E-01 1.67793152E-02
25  5 3.73688896E-02-1.16842250E-01 4.24084601E-03 6.88192962E-03-1.29721287E-01
25  6 3.87031271E-02 9.39427437E-02-8.22180269E-02 1.09616560E-02 6.04073552E-02
25  7 6.78544624E-02 4.32881457E-02-4.21358110E-02 2.98314314E-01 2.75302788E-02
25  8-6.64132851E-02-1.64796446E-01 3.36033765E-01 2.77664356E-02-7.94211322E-02
25  9 9.47868716E-03-3.32587506E-02 1.78666847E-02 5.20942660E-03-2.59657635E-02
25 10 1.98361779E-02 9.97242720E-02-3.34820213E-02-1.08894905E-01 1.30043552E-01
25 11 9.89556748E-02-3.35167950E-02-1.16121671E-01 4.77088227E-02-4.19033334E-02
25 12-1.79328152E-01-6.63275790E-02-1.07595240E-01-2.17813169E-01-2.09036444E-01
25 13-6.89227632E-02-1.06541797E-01 6.58854032E-02 5.02885888E-02 4.94243095E-02
25 14 8.29107131E-02-5.36967822E-02-4.82631256E-02-1.10687980E-01-1.52790528E-01
25 15 8.56714436E-02 1.80457998E-02
26  1-1.91928799E-04 1.11839994E-03-2.11549290E-01-1.33876408E-01 7.95232062E-02
26  2-3.88895101E-03 4.55257384E-01 2.88295029E-01-1.70516488E-01 4.02309510E-03
26  3 3.88704081E-01 2.44703006E-01-1.50224985E-01 9.62145691E-04-3.72035389E-03
26  4-9.89037369E-02-6.55108081E-02 3.66118120E-02 3.08605769E-03-3.74879782E-02
26  5-2.41286187E-02 8.35416603E-03 1.84753020E-02-2.31064309E-02 6.58386308E-02
26  6 4.71000815E-02-8.28393891E-02-8.31709881E-02 8.76218601E-03 6.08947275E-02
26  7-6.17408271E-02-1.06228073E-02 1.06358606E-02-1.14621997E-01-3.76114625E-02
26  8-2.43869693E-02 3.78554042E-02-1.37630987E-01-3.81889849E-02-2.78321498E-02
26  9 8.53529858E-02 1.12870351E-01 1.34360742E-03 8.25194369E-04 4.55796461E-03
26 10-4.45030439E-03-1.24889429E-03 6.48708473E-02-4.14906501E-03-2.14380866E-02
26 11 1.92241329E-03 7.46043944E-02 4.49804937E-04-6.82135273E-03 6.75819682E-03
26 12 5.60174511E-02 3.30825447E-02 4.92640790E-03 2.67730412E-02 6.61662650E-02
26 13 3.73390683E-02 5.15172045E-03-3.87467365E-03-2.12542615E-03-1.42012760E-02
26 14-3.07551214E-03 4.14619303E-03 1.49058111E-02 5.02891851E-02 9.06479128E-02
26 15-3.10332295E-02-2.60848653E-02
27  1-1.33234773E-05 6.20551216E-05 1.64139440E-01-2.15987062E-01 4.92559822E-02
27  2-5.67333276E-04-3.53441772E-01 4.65076584E-01-1.05804257E-01 8.02824715E-04
27  3-3.02686067E-01 3.96831500E-01-9.08996762E-02 7.17376970E-04-4.85281308E-03
27  4 8.07060469E-02-9.67888223E-02 2.31043378E-02 1.50075536E-02 5.27158642E-02
27  5-4.06993330E-02 1.52911061E-03 1.04980688E-02-1.21114173E-02 1.24873748E-02
27  6 2.24961475E-02-6.06091215E-02-4.81596106E-02 1.92130972E-02 2.23082260E-02
27  7-5.57854337E-02-4.25959261E-03 1.50934157E-03-2.41159302E-02-3.08949155E-02
27  8-1.30235204E-02 2.91611994E-02-2.77506149E-02-3.88627484E-02-1.03475821E-02
27  9-6.13942901E-02-5.86504621E-02 9.73481716E-02 1.04712498E-01 7.29819425E-03
27 10-7.49776071E-03-2.43285343E-02 2.91925067E-02 4.01173078E-02-3.13899324E-02
27 11-2.73502965E-02 3.42076184E-02 4.83851616E-02-2.64136990E-03 1.99183251E-03
27 12 2.26097497E-02 2.63163158E-03-5.34042172E-03 1.39279753E-02 2.60990252E-02
27 13 6.50992946E-04-6.56327086E-03-2.07843553E-03-3.35307743E-04-3.12462105E-03
27 14-9.82777693E-03 9.39178603E-03 9.32011773E-03-3.11636761E-03-1.02769376E-02
27 15-1.60073600E-02-1.61669256E-02
28  1 1.34982219E-04-1.02934216E-03-1.73777727E-02 7.40639314E-03 4.49737608E-02
28  2-2.63887416E-03 3.76995295E-02-1.61988305E-02-9.78084577E-02 2.13934280E-02
28  3 2.87486196E-02-1.79067637E-02-9.43935079E-02 4.29661199E-03-1.09820396E-02
28  4-1.20218685E-02 2.75149613E-02 2.42458346E-02 6.73606208E-04-1.46557550E-02
28  5-4.20563549E-03-3.28497557E-02 1.73683640E-03-5.97420507E-04-3.98968943E-02
28  6-1.43118052E-02-5.94928430E-02 1.31494879E-03-1.73049658E-02-1.30302593E-02
28  7-3.68504901E-02 7.08246812E-04-4.43924686E-03 1.75241320E-01 9.65947785E-02
28  8-5.94061957E-03 3.07655248E-02 2.09728921E-01 1.29097850E-01-6.42292630E-03
28  9-5.10204039E-03-2.36821799E-02-3.47647821E-02-3.60691369E-02 4.71610713E-03
28 10-6.28676365E-03-5.50904226E-02-1.03097225E-01 2.19775540E-01-1.17537794E-02
28 11-6.61140103E-02-1.23692197E-01 2.57909976E-01-5.94789472E-03 2.93646391E-03
28 12 2.97819049E-01-1.09602733E-01-2.37899946E-01 4.05679361E-02 3.52940055E-01
28 13-1.33047496E-01-2.77991508E-01-6.13214331E-03-2.40844041E-03 1.19734588E-02
28 14-3.15754214E-02 8.23156073E-03-2.25005679E-02-5.40979588E-02-5.92355963E-02
28 15 1.64412848E-02-9.37065627E-02
29  1-2.77815144E-04 1.35652653E-03-2.48676191E-02 5.13114332E-03 4.45125271E-02
29  2-1.53536494E-02 5.48223249E-02-1.34186628E-02-9.39185005E-02 3.70312160E-02
29  3 3.88565845E-02-3.13966532E-04-1.11376179E-01 1.43651226E-02-1.98549056E-02
29  4-1.51101455E-02-3.42555832E-02 4.39272231E-02-5.38875071E-02-2.27995268E-02
29  5-4.43942106E-02-6.18833382E-03 9.77306355E-03-2.36970933E-02-2.93856004E-02
29  6-1.87751387E-02-8.49797645E-02 3.25306902E-02-3.75669268E-02 1.63634065E-02
29  7-5.78065690E-02-3.68309808E-03 8.00474576E-03 9.63525611E-02 1.10867994E-01
29  8 2.81660909E-01-2.17783944E-02 1.07469198E-01 1.30907141E-01 3.30571448E-01
29  9-8.92458130E-03-1.64814149E-02-4.44799083E-03-1.21518092E-03 1.14607035E-02
29 10-1.61781200E-02-6.72726968E-02 9.61669689E-02 2.84079123E-01-3.04248583E-02
29 11-7.61526555E-02 1.18446984E-01 3.32428818E-01 4.15054759E-03-6.70563620E-03
29 12-2.35586291E-01-1.44596563E-02 1.20522295E-01 4.39957896E-03-2.77430988E-01
29 13-3.01495868E-02 1.35228175E-01 1.22448832E-03 3.11365784E-03 1.78931612E-02
29 14-6.90056935E-02 9.70495733E-03-2.15626272E-02-5.82180296E-02-6.56219681E-02
29 15-2.25509192E-02 4.93373690E-02
30  1-2.08407386E-04 1.49947989E-03 6.97332675E-03 7.84624725E-03-3.40488928E-02
30  2 2.54803466E-03-1.49285695E-02-1.75159557E-02 7.47574177E-02-2.54319744E-02
30  3-1.30650383E-02-5.57321327E-03 7.85822255E-02-1.73328465E-02 2.58430131E-02
30  4 2.88661069E-02 2.09663266E-02-5.05238599E-02 9.11956094E-02 4.68421600E-02
30  5 9.40178932E-03 1.68809481E-02-1.91125514E-03-4.68270332E-04-4.98130565E-02
30  6-4.93309227E-02 1.00340300E-02 4.08989298E-02-6.11367152E-02 2.99645043E-02
30  7-6.12882360E-03 4.82285331E-03-6.00179438E-04 9.00192010E-02 1.06168678E-01
30  8 9.47526595E-02-5.02369697E-02 9.61275260E-02 1.36378484E-01 1.05936894E-01
30  9-4.64238424E-03-2.18334015E-02 1.85607879E-02-3.07612195E-02 5.99764265E-03
30 10-6.50492224E-03 2.18252261E-02 4.34745218E-01-1.16969575E-01-1.48982504E-02
30 11 2.02122609E-02 4.95169521E-01-1.31106119E-01-2.50798289E-03 7.23455653E-03
30 12 1.76984290E-01 1.08147108E-01-3.64580755E-02-2.32963346E-02 2.14209607E-01
30 13 1.36207269E-01-3.46479178E-02 9.04222667E-03 3.98252118E-03-2.01449589E-02
30 14 8.15366821E-02 6.65289503E-03-3.67534890E-02-5.79810552E-02-5.96608327E-02
30 15 5.98765212E-03-9.18902419E-04
 $END   
 $GRAD  
E=     -762.2878846592  GMAX=   0.0544132  GRMS=   0.0142299
CL          17.    5.6247797577E-05    3.1054188935E-04    1.7557929982E-04
C            6.    8.3477950857E-05   -2.0404929940E-04   -4.0065358431E-04
C            6.    5.0698594864E-03    2.9107953489E-02    5.4413185999E-02
O            8.    4.4774999711E-04    4.2563688061E-05    2.3663499353E-04
H            1.   -4.3711671743E-06    1.0149740184E-04    1.5653696609E-04
H            1.    2.6047426746E-05    1.9024767811E-05    4.7656434396E-06
O            8.   -6.1027584820E-03   -3.3146218372E-02   -5.2115561054E-02
O            8.    5.1432208033E-03   -7.5935124950E-04   -8.1543063642E-03
H            1.    3.3932868286E-04    2.3271534730E-04   -8.9192255300E-05
H            1.    7.6158801396E-04    3.7479947671E-03   -2.0393526571E-03
H            1.    3.0080975817E-05    1.0926353798E-05   -1.2481049795E-04
H            1.   -2.8639905687E-05    2.9164914367E-04   -7.8820355956E-05
H            1.   -5.8218314219E-03    2.4475198295E-04    8.0159939292E-03
 $END
-------------------- DATA FROM NSERCH=  12 --------------------
 COORDINATES OF SYMMETRY UNIQUE ATOMS (ANGS)
   ATOM   CHARGE       X              Y              Z
 ------------------------------------------------------------
 CL         17.0   3.1283292468   0.7065895226   0.4500748160
 C           6.0   2.7980484980   0.1370853886  -1.3301289749
 C           6.0   3.3138634840   1.1838708391  -2.2597380416
 O           8.0   2.5508118513   2.3108574711  -2.2915441040
 H           1.0   1.7192395521   0.0322564040  -1.3994402308
 H           1.0   3.3264811810  -0.8011417015  -1.4498828082
 O           8.0   3.1574982676   0.3333163148  -3.8383788876
 O           8.0   3.8953228746   2.8585922684  -4.5346846745
 H           1.0   3.4353160034   3.3112926060  -5.2766283106
 H           1.0   3.6939801949   1.8731179303  -4.6007424014
 H           1.0   2.1719927443   0.3991996402  -3.9602830831
 H           1.0   4.3933358304   1.3039716454  -2.2746458601
 H           1.0   2.9490499096   2.9083355271  -3.0042948271
--- CLOSED SHELL ORBITALS --- GENERATED AT 22:12:14 29-JUL-2026    
Chloroacetaldehyde hydrate and water                                            
E(R-WB97X-D)=     -762.2878899381, E(NUC)=  306.5037729717,    6 ITERS
 $VEC   
 1  1 9.85802820E-01 5.34281928E-02-2.01832287E-05-3.63480552E-05-1.72382858E-04
 1  2-1.87691549E-02 6.27110118E-05 1.11630073E-04 6.47752312E-04 1.02680713E-02
 1  3-2.31150991E-04-4.39717246E-04-1.80193646E-03-2.99387509E-05-4.14962462E-04
 1  4-3.46971621E-06-1.25960301E-05-1.51634115E-04 8.74483400E-04-3.52000401E-05
 1  5 4.15787405E-04-1.50454646E-03 9.10101112E-05 6.91629576E-04-2.42190521E-06
 1  6 1.35328912E-05 3.59269967E-04-2.36655113E-03 6.16909212E-04 1.33457730E-04
 1  7-1.64382072E-03-2.08699156E-05-1.60094333E-04-1.64828041E-05 2.60921936E-05
 1  8-2.34570517E-06 7.00475078E-04 1.64371145E-04-3.31404143E-04 2.05186979E-04
 1  9 1.50643580E-04-8.40423681E-04 2.02253752E-04-7.41473323E-04 9.45706312E-06
 1 10 9.11332498E-05 9.70120281E-06 8.51336491E-06 3.49758515E-05-2.84446516E-04
 1 11-4.81927939E-05-6.78728351E-05-1.74539352E-04-8.30843454E-07-2.07003403E-06
 1 12-2.84723956E-06-3.73761280E-06 2.82857222E-05 4.97607030E-05 3.49467413E-06
 1 13-3.04321894E-06-8.58229807E-05-3.28128014E-05 2.29683725E-05 5.05951390E-05
 1 14-2.04607655E-04-4.97160667E-07-4.35333143E-06 2.31076724E-04-1.88746685E-04
 1 15-2.05815443E-05 4.54415740E-05
 2  1 8.32902259E-06-6.49581157E-05-2.38162161E-05 7.45260059E-06 5.67914965E-05
 2  2 6.22940518E-04 1.62280698E-04-3.02779920E-05-3.40289004E-04-7.87176913E-04
 2  3-7.79956426E-04 2.41813978E-04 6.08051963E-04 1.63588677E-04 5.32198223E-04
 2  4-5.21650635E-04-5.49876075E-04 4.50930592E-04-5.21439455E-03 4.46755757E-03
 2  5-3.67258834E-03 1.61090901E-03-7.36932935E-04-3.01859515E-03-5.51055762E-04
 2  6 2.35655014E-03 4.42220810E-05 2.15918057E-02-1.15869885E-02 8.85558243E-03
 2  7-7.29370823E-04 9.82649332E-01 1.05547018E-01 3.13845572E-03-1.73859809E-03
 2  8-1.74709240E-03-5.39628934E-02-8.61949866E-03 7.34083126E-03 4.02617396E-03
 2  9 9.29945842E-04 2.08641948E-03-6.66326348E-04-4.53404108E-04 7.41510380E-03
 2 10 1.88735351E-03-3.54642396E-04 5.18866792E-04 3.30229136E-04-2.99265464E-03
 2 11 1.47493171E-03-2.35632050E-03-1.76826013E-03 4.72750775E-03 1.35504391E-03
 2 12-2.31129124E-04-2.52124206E-05 6.29639273E-04-1.83795987E-03 8.66494955E-04
 2 13 1.88307474E-04-2.22467692E-03 1.19428953E-04-7.28628859E-04 4.42698728E-04
 2 14-6.13738438E-04 9.15890055E-04-8.21364793E-04-7.12528405E-04 1.03015251E-03
 2 15 3.06975693E-03 6.77532514E-03
 3  1-6.58439144E-06 4.12705366E-05 7.80093194E-06 3.00221024E-05-3.76596057E-05
 3  2-7.99055936E-04-4.48240841E-05-1.73910545E-04 2.84370273E-04 1.46564877E-03
 3  3 1.44091970E-04 4.86406444E-04-1.36776853E-03 2.12022669E-04 7.55936099E-04
 3  4-9.71824262E-05-1.68168398E-04 7.93216755E-04-6.66930991E-03-1.23687975E-03
 3  5-2.01589850E-03 2.41200245E-03-9.34995919E-04-5.27164880E-03-1.14663529E-04
 3  6 8.83519295E-04 5.37337754E-04 1.78227869E-02-2.31156207E-03-5.25272442E-03
 3  7-5.43673406E-03-7.22941323E-03 4.08841910E-04-8.22761349E-05-4.19441036E-04
 3  8-3.93399324E-04-3.29325831E-03-2.89160431E-04 2.90770835E-03 1.89799026E-03
 3  9 7.32847760E-04-1.04751577E-03 2.58755454E-04 3.49664111E-04 9.82202054E-01
 3 10 1.02555549E-01-2.21428589E-03 1.74137647E-03 1.27211048E-03-4.26997638E-02
 3 11 4.45760481E-03-4.79192335E-03-4.09057525E-03 1.92344327E-02 3.05677529E-03
 3 12-3.09977130E-05-6.00608783E-04-1.94751078E-05-3.97101946E-03 1.91698494E-04
 3 13 2.64771368E-03 1.82809404E-05 3.67036768E-04-1.18861254E-03-1.80888746E-04
 3 14 5.80583203E-03 3.30735297E-03 6.05530355E-03-1.29330025E-03-1.81831264E-03
 3 15 5.15808879E-04-1.15080259E-03
 4  1-9.44823068E-09 3.11878073E-07 6.95584629E-06-1.95490567E-06-6.72723925E-07
 4  2 1.86672267E-06-3.58125278E-05 8.41817626E-06 5.80857481E-06-3.18904198E-05
 4  3 5.70289999E-05 7.62377003E-06 1.50552625E-05 5.23851161E-06 8.02129960E-05
 4  4-4.37168003E-05 4.66736480E-05-6.91281438E-05-9.04204790E-05 1.37889494E-04
 4  5-1.51798244E-05 9.25485724E-05 6.43298049E-05 4.03551505E-04 1.14490531E-05
 4  6-8.75418107E-05-2.12352986E-05-1.39966957E-03 4.24089710E-04-6.26057199E-04
 4  7 3.25784289E-04-4.41007832E-03 4.05173179E-04 3.39665991E-05 4.20466025E-04
 4  8-2.38174917E-04-2.39449973E-03-2.92821650E-04-1.86080265E-03 1.30892738E-03
 4  9-3.13453639E-05 2.79082141E-04 5.49615024E-05-1.76968425E-04-1.90623172E-02
 4 10-1.01225359E-03 3.66179882E-04 5.44963051E-04-4.19876346E-04-1.12189636E-03
 4 11-1.19519143E-03-1.99592550E-03 1.41621332E-03 9.82175735E-01 1.02739631E-01
 4 12-2.14517655E-03-1.41035590E-03-1.74088848E-03-4.34129409E-02 4.53175215E-03
 4 13 3.60406665E-03 3.31851428E-03 2.92356328E-03 6.12178240E-03 2.34558246E-03
 4 14 9.56509757E-03 5.26572417E-04-1.50516021E-03 1.78671869E-04-4.90513097E-04
 4 15-4.80454421E-04 5.18475798E-03
 5  1 7.86953829E-05-1.00884290E-04-3.03134852E-06 5.35731250E-05-2.18137093E-04
 5  2-2.40080023E-03 2.87337184E-05-3.57475199E-04 1.50416129E-03 3.20729046E-03
 5  3-4.82585422E-04 2.22055865E-05-2.50613635E-03-8.95802555E-03-4.00783903E-03
 5  4-3.27693351E-04-5.15618996E-04 1.30099660E-04 2.57695846E-02 6.15557933E-03
 5  5 1.07063396E-02-1.21041281E-02 9.86490576E-01 1.10060292E-01-3.45759092E-04
 5  6-9.18984016E-04-4.45869819E-04-8.26739043E-02 1.85564201E-03 1.21754184E-02
 5  7-4.58348218E-03 2.14832603E-05-2.40915323E-04 3.11899268E-04 3.80980200E-04
 5  8-1.71150298E-04 6.81763650E-03-1.10135173E-03-2.73220333E-03 1.04127468E-03
 5  9-1.41308027E-03 1.66789875E-03-1.57288064E-03 1.16790281E-03-3.66241660E-04
 5 10-2.58869587E-03-1.43394821E-04-1.88126650E-04-5.11140697E-04 8.99468526E-03
 5 11 9.28491053E-04 3.02804874E-03 6.85202474E-03 2.59359247E-05 2.16887998E-04
 5 12 3.78979501E-05 1.15929879E-04-3.65071240E-05-7.81862477E-04 1.18361212E-05
 5 13-2.15867453E-04-1.16949114E-04 2.89234132E-04-4.74162969E-04-4.27455079E-04
 5 14 1.03749906E-03-1.38821234E-03 3.53208954E-03-6.05290221E-04 1.59590453E-02
 5 15 1.87306359E-04 2.69219287E-03
 6  1-2.77995880E-05-1.61407565E-04 6.05029378E-05 1.01649154E-04 3.37698169E-04
 6  2-2.14055420E-03-3.51260972E-04-5.91031997E-04-1.90714150E-03 1.27977542E-02
 6  3-1.26051108E-03-2.11416678E-03-8.56845278E-03 9.86475926E-01 1.11832762E-01
 6  4 3.44827360E-04 6.76848608E-04 1.11261452E-03-9.04048744E-02-2.80776861E-03
 6  5-6.02175276E-03 2.47215392E-03 8.40588941E-03-1.85498574E-03 4.04245197E-04
 6  6 4.76011114E-04-8.00340163E-05 2.33372865E-02-5.56698295E-03-1.02210907E-02
 6  7 8.92810082E-03 3.64020573E-05-1.25509526E-05-2.14447242E-05 5.01861607E-04
 6  8-3.22880158E-04-1.31511101E-03-2.82084428E-06-4.12963635E-04 5.36164637E-04
 6  9-1.00095515E-04 1.54883077E-02-1.79580231E-04 1.54349331E-02 1.68097516E-05
 6 10-5.66470833E-05 1.94861693E-04 1.90705712E-04-3.31566127E-04-5.29420102E-04
 6 11-6.20803699E-04-6.40798128E-04 1.93825055E-04 1.55412253E-05 1.11986896E-04
 6 12-3.91749828E-05 5.27796521E-05-1.35684367E-04-5.69388453E-04 1.89931989E-04
 6 13-5.37416135E-05 4.09699064E-04 3.13726986E-04-2.59294192E-04-2.29971179E-04
 6 14 1.30198053E-03-3.96025667E-04-6.23277512E-05-1.14452727E-03 1.35686583E-03
 6 15 4.59112399E-04 1.29892978E-03
 7  1-3.05122553E-01 9.77075404E-01-1.49253644E-03-2.74553882E-03-8.43937312E-03
 7  2 1.54258581E-01-6.30356039E-04-1.13269529E-03-5.19847965E-03-6.76639973E-02
 7  3 1.64238042E-03 3.09165553E-03 1.20238580E-02-3.45840314E-05 1.69664866E-03
 7  4-5.08778935E-05-2.49910017E-05 4.92750872E-04-3.03118611E-03 5.43547313E-04
 7  5-1.91765401E-03 9.93340894E-03-1.09963589E-04-3.68195448E-03 2.60842850E-05
 7  6-1.03056562E-04-2.06356117E-03 1.30354528E-02-3.63028210E-03-6.76037629E-04
 7  7 9.51751262E-03 1.07069679E-04 7.80772691E-04 7.03087578E-05-1.44587718E-04
 7  8 2.15093798E-05-3.83911804E-03-8.84900468E-04 1.88855513E-03-1.18010927E-03
 7  9-9.63416079E-04 5.07080555E-03-1.25879573E-03 4.44484197E-03-5.60451835E-05
 7 10-5.11461482E-04-5.14847529E-05-4.08601980E-05-2.14830787E-04 1.72563894E-03
 7 11 2.80591360E-04 3.99557170E-04 1.17994017E-03 5.07057941E-06 1.87430872E-05
 7 12 1.49140129E-05 1.48071577E-05-1.37212723E-04-2.98492419E-04-2.20092705E-05
 7 13 4.25138533E-05 4.56064114E-04 1.72809904E-04-1.42390062E-04-2.76144243E-04
 7 14 1.19573932E-03-5.30310806E-05 1.63451054E-04-1.26941786E-03 1.30607037E-03
 7 15 7.46882189E-05-2.45904915E-04
 8  1-3.20697197E-03 1.08582990E-02 1.63635734E-01 2.83950967E-01 9.13697678E-01
 8  2-3.22304846E-03 1.50012191E-02 2.60164273E-02 8.50436446E-02 4.82356298E-03
 8  3-4.87786082E-03-8.57625295E-03-2.93260785E-02-6.81765750E-04-4.43581267E-03
 8  4-3.53083363E-05-1.26456320E-04-4.62522135E-04 9.53374998E-03 9.16665147E-04
 8  5 3.46037855E-03-3.33831181E-03 4.13128155E-04 2.88217237E-03 2.80697894E-05
 8  6 8.40072438E-05 8.40248435E-04-1.20190459E-02 2.35250487E-03 1.48866065E-03
 8  7-7.69782163E-03-7.27166397E-05-4.48263387E-04-7.28723284E-05-3.21678264E-05
 8  8 3.47962228E-05 2.58478058E-03 7.26176052E-04-9.68426858E-04 6.38281865E-04
 8  9-2.55897430E-04-3.96477594E-03-4.60925580E-05-3.54968080E-03 2.31493612E-05
 8 10 1.71370002E-04 3.13580711E-05 7.97140820E-05-1.30461709E-05-8.71084880E-04
 8 11-1.62540305E-04-4.29060985E-04-1.89171177E-04-4.73594716E-06-2.19916872E-05
 8 12-3.14413814E-06-2.20854962E-05 9.76771862E-05 2.53233038E-04-1.39129659E-05
 8 13 7.69827945E-06-3.27731961E-04-1.45602595E-04 1.18155031E-04 2.27791964E-04
 8 14-9.14037024E-04-1.83114575E-04 3.91382987E-04 9.83712581E-04-3.68003076E-04
 8 15-1.37770577E-04-9.58197231E-05
 9  1 2.01933384E-05-1.12649983E-04 5.70638886E-01 7.16114622E-01-3.24560090E-01
 9  2 4.09078632E-04 5.11569286E-02 6.42409439E-02-2.95743325E-02 2.51496768E-04
 9  3-1.60276576E-02-2.01827314E-02 9.04952549E-03 2.43950164E-05 1.47308387E-04
 9  4-3.90471187E-05 3.09025142E-05 5.23396787E-04-7.96345113E-04 7.59603886E-04
 9  5-5.01184218E-04-2.21647139E-03-1.69022812E-04-1.39201059E-03-3.27758019E-05
 9  6-1.82447556E-04-9.65599430E-04 2.89908441E-03-5.19878855E-04 2.00773014E-03
 9  7 4.51171970E-03 4.24738718E-05 2.45443966E-04 9.90047136E-05 1.69604237E-05
 9  8-6.11866895E-05-1.63027249E-03-7.71312748E-04 4.72610365E-04-3.31416715E-04
 9  9 5.82691545E-04-1.55666053E-03 1.32763239E-04-1.17792775E-03-3.80098424E-05
 9 10-2.84785754E-04-6.38103096E-05-9.07632517E-05-8.26132419E-05 1.10982992E-03
 9 11 3.03653074E-04 5.33609511E-04 7.04680185E-04-1.12404043E-06-1.37436633E-05
 9 12 1.89069773E-05 7.28005492E-06-3.00659818E-05-2.05943295E-05-5.84817997E-05
 9 13-4.29469203E-06 1.12530648E-04 2.12156358E-05-2.49342728E-05-6.87455369E-05
 9 14 2.76835118E-04-7.94135550E-05 4.03367479E-04-9.09105066E-04 1.21663636E-03
 9 15 1.76375810E-04-2.34777742E-04
10  1 2.26117380E-05-6.80594166E-05 7.69076426E-01-5.91886579E-01 4.61770217E-02
10  2-4.21323755E-05 6.87710859E-02-5.29580165E-02 4.21064197E-03-1.04037966E-04
10  3-2.09728898E-02 1.62891865E-02-1.25182178E-03-1.49884342E-06-2.39881134E-05
10  4-6.00128079E-05 2.30007273E-05-9.23881917E-05-1.78478686E-04 1.53251332E-03
10  5-1.11106461E-03 5.64755472E-04 4.14243676E-05 4.64340185E-04-6.19898119E-05
10  6 1.94593486E-04 9.89903633E-05-1.21887291E-03-7.16540889E-04-7.54746124E-04
10  7-2.26993551E-04-2.06280234E-06 5.48089649E-05-3.11971802E-05-6.08680032E-05
10  8 2.94856446E-04 2.55258503E-04 2.58616662E-04 1.36511647E-04-8.53939863E-04
10  9 6.55251848E-04-1.45992913E-03-7.69346113E-04 1.73787207E-03 7.92079500E-06
10 10 7.67970274E-05 2.80815435E-05-3.80502501E-05 3.95689624E-05-2.52175214E-04
10 11-6.60209598E-05 1.18605061E-04-1.59684277E-04-4.84260092E-06-4.25932932E-05
10 12 8.95331272E-06 8.93957028E-06-1.17148207E-05 1.30714594E-04-3.68706331E-05
10 13-5.08682427E-05 4.74327288E-05-1.66527378E-05 5.31453072E-05 3.27018789E-05
10 14-1.80394101E-04-1.13054393E-04 2.24458656E-04-1.28842982E-04 1.40503944E-03
10 15-2.03712549E-04-1.94266747E-04
11  1 2.10578427E-03-1.19350406E-02 4.85629885E-04 5.70677724E-05 3.64090414E-03
11  2 1.50228207E-02-9.77214974E-04-3.39859155E-04-6.57079485E-03 5.26263370E-03
11  3 2.44008247E-03 1.61302300E-03 9.23213392E-04-2.22182840E-02 1.97411205E-02
11  4 4.07604685E-03 1.96684476E-02-1.26431212E-02 4.11394506E-02-2.04278977E-02
11  5 1.65184913E-02 4.26552418E-03-9.53595711E-02 1.03907095E-01-5.99305524E-02
11  6 8.33904326E-02-3.46301936E-03 1.43959426E-01 2.01801923E-02-1.65807109E-02
11  7 1.10084542E-03-2.08877974E-01 1.91538480E-01 8.38618998E-02-4.84810635E-02
11  8-4.19721400E-02 6.49948022E-01 9.35007412E-02-5.54645328E-02-4.92588197E-02
11  9 4.93846318E-03-8.64697398E-03 7.65131824E-03 3.21380748E-03-3.50839099E-02
11 10 3.28408974E-02-1.08374815E-02 9.70144139E-03 9.94479661E-03 9.93466038E-02
11 11-1.58134512E-02 1.46760495E-02 5.48250415E-03-2.48432900E-02 2.09863932E-02
11 12-7.92641900E-03-5.44379129E-03-2.23636663E-03 7.74121281E-02-1.13030158E-02
11 13-7.35945954E-03 4.95799231E-03 1.00244201E-02 4.01721093E-03 1.34468889E-02
11 14 4.86881641E-03 1.65563331E-02 5.10132779E-03 2.37932247E-02-1.58251750E-02
11 15 8.41918561E-02 8.77666840E-03
12  1-6.36480923E-04 3.63770976E-03-1.53633120E-04-2.27606419E-05-9.07962516E-04
12  2-4.80427917E-03 3.46826996E-04 1.11298847E-04 1.81311694E-03-1.86129777E-03
12  3-6.57112561E-04-6.28769061E-04-1.53610311E-04 2.99480886E-03-4.51550414E-03
12  4-2.20995166E-04-3.63511480E-03 2.32476643E-04 7.31593136E-03 6.43100719E-03
12  5 2.07563425E-03-7.14731668E-03 1.10283558E-02-1.26986790E-02 1.16725337E-02
12  6-1.97401325E-02-6.86036103E-03-2.16867618E-02 2.78398863E-03 1.25955614E-02
12  7-1.64965576E-02 3.55060366E-02-3.24555867E-02-1.22390390E-02 1.09296139E-02
12  8 1.22146033E-03-1.19514721E-01-1.56485027E-02 8.53958307E-03 3.24926141E-03
12  9-1.27001341E-03 1.36144780E-03-1.52829804E-03-1.18790022E-04-3.40209387E-02
12 10 3.05019941E-02-1.04479383E-02 7.28207317E-03-8.98458915E-04 1.06547866E-01
12 11-7.49557622E-03 1.21087276E-02-2.34917960E-03-2.23814758E-01 2.09298586E-01
12 12-6.11858072E-02-3.66415923E-02-6.52805798E-02 6.90789125E-01-6.20535953E-02
12 13-4.10645422E-02-6.24988125E-02 1.16799609E-01 2.57978787E-02 1.07474550E-01
12 14 1.63693834E-02 1.68505754E-02 7.01974008E-03-2.96550455E-03 6.22293916E-03
12 15 2.35697934E-03 1.05066674E-02
13  1 1.82429976E-03-1.04762586E-02 2.03693190E-04 6.75681819E-04 2.55338022E-03
13  2 1.40084609E-02-3.29446703E-04-1.07704024E-03-5.68424193E-03 8.66362719E-03
13  3-9.49440376E-04-1.68568533E-03-3.99021957E-04-1.89707854E-02 1.67812657E-02
13  4 4.60834812E-03 3.71818242E-03-1.27888074E-02 4.60429518E-02 3.35479214E-03
13  5-5.46233338E-03-1.29765684E-02-2.33610313E-02 2.76869630E-02 5.96027427E-03
13  6-5.02055532E-02-3.16550154E-02 6.21478482E-02-4.86365399E-03-1.17227722E-02
13  7-1.27657261E-02 4.91848484E-02-4.67570965E-02-1.72119922E-02-6.05052851E-03
13  8 9.56727505E-03-1.61811052E-01-1.99780951E-02-6.34473657E-04 5.94575734E-03
13  9 6.51366897E-03-6.90620676E-05 7.10232728E-03-1.33466939E-03-2.21176546E-01
13 10 2.10101653E-01-8.56685317E-02 2.46008743E-02 1.56355447E-02 6.84757559E-01
13 11-7.98385632E-02 2.79164284E-02 2.09946003E-02 4.18595212E-02-3.81969952E-02
13 12 1.15427464E-02 1.92718388E-04 1.27343486E-02-1.35950926E-01 1.17448377E-02
13 13 3.83440012E-03 1.22672553E-02-2.38845443E-02-6.80168193E-03-2.01032022E-03
13 14 1.19040559E-02 1.28947777E-01 2.95436160E-02 1.14719883E-02 3.89931095E-03
13 15-2.92565483E-02-8.84523184E-03
14  1 6.16540014E-02-3.55646583E-01 7.42838515E-03 1.30988978E-02 4.51752650E-02
14  2 4.54025952E-01-1.51165390E-02-2.63206342E-02-9.13074998E-02 3.03039882E-01
14  3-7.23864078E-04-2.96924047E-03-7.78553444E-03-1.30432252E-01 1.12992242E-01
14  4 1.80370601E-02 3.12466680E-02 3.43425277E-02 3.97539841E-01 1.91399856E-02
14  5 3.08172768E-02 4.01880365E-02-4.43677103E-02 5.21394031E-02-5.87221778E-03
14  6-5.02467583E-02 5.81787713E-02 6.34727538E-02 8.30388528E-03-2.31658919E-03
14  7-5.16150538E-03 3.31013381E-02-3.05846046E-02-9.50462926E-03-2.10188779E-02
14  8 2.49074761E-02-1.15299970E-01-1.17564418E-02-1.11311440E-02 2.27729091E-02
14  9 5.39201898E-02-1.43769607E-02 5.42755764E-02-1.61009371E-02 2.85686861E-02
14 10-2.61179043E-02 1.42069541E-02-2.63152235E-03 9.05933302E-03-9.61832272E-02
14 11 1.24994356E-02-6.62708969E-03 2.66122215E-03-6.32647953E-03 5.89414865E-03
14 12-8.82272717E-04 3.69581489E-04-4.30669473E-03 2.24716440E-02-3.05806930E-04
14 13-4.38679407E-04-5.68071346E-03 4.40929247E-03 2.30262331E-03 1.19798945E-03
14 14-7.29633420E-03-1.91808832E-02-7.23735863E-03 2.19588502E-02-5.67821519E-03
14 15-2.72399103E-02-1.24303522E-02
15  1 5.04808692E-02-2.93936984E-01 4.90664058E-04 1.03919778E-03-9.99893574E-03
15  2 3.62583400E-01-1.69165648E-03-4.02046274E-03 1.80075307E-02 3.49315687E-01
15  3-3.80962085E-03-4.75338774E-03-1.70542463E-02 1.18338528E-01-1.23130124E-01
15  4-1.84799232E-02-3.33117812E-02 1.09538482E-01-3.14247737E-01-4.69930588E-03
15  5 8.66811974E-04 3.22913658E-02 1.18314925E-01-1.22991489E-01 1.06374471E-02
15  6 8.01715901E-02-7.31939422E-02-3.15935303E-01-1.84444015E-03 3.97133757E-02
15  7-3.13046090E-02-4.85885137E-02 4.35225937E-02 7.99540596E-04 7.89602670E-02
15  8-4.92024386E-02 1.90793118E-01 7.32893858E-03 5.26645050E-02-3.92312572E-02
15  9-6.47846087E-02-4.16004585E-03-6.76397148E-02-3.56850417E-04-3.82909534E-02
15 10 3.41845366E-02-2.95518636E-02-2.90081844E-03-3.84797721E-02 1.38962099E-01
15 11-2.42521126E-02 2.82382286E-03-1.98330540E-02 5.70821507E-03-5.25789082E-03
15 12-1.01276714E-03-1.31040627E-03 8.14122982E-03-2.22969571E-02-2.32391579E-03
15 13 5.52187080E-04 8.17560881E-03-6.15134694E-03-3.74115548E-03 4.45836319E-04
15 14 9.30922253E-03 3.32166410E-02 2.39932013E-02-6.43271181E-02 1.87615746E-03
15 15 6.16522621E-02 3.32023443E-02
16  1 1.76972636E-02-1.04082623E-01-1.41119408E-02-2.17225459E-02-2.78617221E-02
16  2 1.28237202E-01 2.82907465E-02 4.41218224E-02 5.42036082E-02 1.55373552E-01
16  3 1.36742023E-02 1.80049508E-02 1.05445194E-02 1.16412594E-01-1.04348410E-01
16  4 7.91021818E-02 1.16034274E-01-2.29046808E-02-4.45915121E-01 3.45453079E-02
16  5 4.20107075E-02-2.38446666E-03-1.30042816E-01 1.31785404E-01 8.82314649E-02
16  6 7.30085973E-02-5.76157566E-03 4.56311359E-01 6.74119741E-02 3.78765093E-03
16  7 1.36860263E-02 5.08415229E-02-4.67051689E-02 6.55023656E-02-1.43584718E-01
16  8 6.55609646E-02-2.07713797E-01 5.25127497E-02-1.18249043E-01 5.54790293E-02
16  9-1.20842217E-01-4.28663459E-02-1.05487684E-01-3.59894774E-02 1.21439160E-02
16 10-9.98402475E-03 4.82124045E-02 2.90635047E-02 3.79980035E-02-5.22301725E-02
16 11 3.79855164E-02 2.30068547E-02 2.24418052E-02-8.68568126E-04 8.53058741E-04
16 12 7.14442307E-03-1.40112870E-02-3.42200574E-03 4.69529480E-03 8.68186303E-03
16 13-1.30792903E-02-1.57553701E-03-3.41588685E-03-2.33590648E-03 1.15568919E-02
16 14 5.89729783E-03-3.68766235E-02-3.30571946E-02 1.37506956E-01 3.44623890E-02
16 15-8.78927225E-02-6.36014888E-02
17  1-1.63628506E-03 9.67105822E-03-1.30861978E-02 1.26943845E-02 4.08860282E-03
17  2-1.05049421E-02 2.69143316E-02-2.57622032E-02-8.70315616E-03-1.80187677E-02
17  3 1.54482025E-02-1.57010806E-02 2.37771145E-05-1.39478556E-02 9.58578643E-03
17  4 1.13585233E-01-9.84263633E-02 7.78612713E-03 7.86669553E-02 1.04462860E-01
17  5-7.02770249E-02-4.34815212E-03-1.39863417E-02 7.02474925E-03 2.56681842E-01
17  6-8.37689931E-02-5.30421469E-02 6.88070219E-02 1.68350078E-01-7.10615517E-03
17  7-5.88205296E-02 1.36235786E-02-1.48333370E-02 4.55240864E-02 2.44702652E-01
17  8-1.46591870E-01-5.05497437E-02 4.14526767E-02 2.19099873E-01-1.33162522E-01
17  9-4.53107859E-02-2.07788590E-02 8.23745892E-02 3.08389419E-02-7.86652927E-04
17 10 4.88115120E-05 7.65666774E-02 1.76538085E-02 3.25938491E-02 2.30402914E-03
17 11 6.67224838E-02 1.36548840E-02 2.50937177E-02 6.59458182E-03-8.57623788E-03
17 12 3.38348742E-03-5.42947321E-02 7.40901875E-02-2.07951420E-02-1.11359921E-03
17 13-4.72956452E-02 7.58195523E-02-5.64675883E-02-3.53514732E-02 3.16901510E-02
17 14 2.60033502E-02-5.16102023E-02-3.59184807E-02 1.35741398E-01 6.69742917E-02
17 15 1.56217894E-01 1.01212059E-01
18  1 1.12895953E-03-6.73306685E-03-1.49475987E-02-4.00810789E-03-2.76376445E-03
18  2 7.71755820E-03 3.11535347E-02 8.25968124E-03 5.08720207E-03 1.67447602E-02
18  3 1.77357235E-02 4.25554831E-03-1.22585301E-03 8.49601494E-03-4.77372159E-03
18  4 9.44105484E-02 6.83278503E-03-2.38287015E-02-6.78727271E-02 6.64326609E-02
18  5-1.72448307E-02-1.74196980E-02-7.94628462E-03 8.87828336E-03 6.13704185E-02
18  6-5.64058276E-02 3.61275778E-02 4.20183857E-02 2.53300121E-02-5.38837783E-02
18  7 6.36139134E-02-1.40729007E-02 1.29451152E-02-1.22093293E-02 8.33453401E-02
18  8 3.50133016E-04 5.84732433E-02-1.00175242E-02 7.86589358E-02 2.21383384E-03
18  9-6.00167432E-02-3.16922334E-02 1.85123431E-02 9.80057209E-03-8.72193188E-03
18 10 1.07436042E-02-4.40967845E-02-5.91175064E-02 2.42611753E-02 3.16279099E-02
18 11-4.21200544E-02-6.39737130E-02 2.82279119E-02 2.32442615E-03-7.29078604E-04
18 12-6.25995892E-02 3.35786569E-01-1.59319907E-01-1.29653149E-02-5.37779878E-02
18 13 3.06650477E-01-1.46144633E-01 2.07926805E-01 1.53054178E-01-2.03670353E-01
18 14-1.63200485E-01 2.92820434E-02 1.90547368E-02 3.33069702E-02 1.13890066E-02
18 15 2.50879739E-02 2.94331984E-02
19  1-3.77068682E-03 2.23696101E-02-3.39321222E-02-2.84268453E-02 4.61853658E-02
19  2-2.53881047E-02 7.15210542E-02 5.89253825E-02-9.75855228E-02-4.57746879E-02
19  3 4.68226757E-02 4.67768575E-02-5.44408027E-02-2.11730398E-03 3.03500582E-03
19  4 2.15698419E-01 1.83686151E-01-4.97110274E-02-2.01723032E-02 1.73886981E-01
19  5 1.38961858E-01-2.10302615E-02 1.64844100E-02-1.51834004E-02-2.68752592E-02
19  6-1.67122104E-01 2.23281284E-01-7.61682173E-02-4.67383884E-02-7.63732493E-02
19  7 1.85901346E-01-3.95760330E-02 3.83476352E-02-1.18167760E-01 1.30712983E-01
19  8 1.07898324E-01 1.52127408E-01-1.18934275E-01 1.34787439E-01 1.06575130E-01
19  9-1.43635106E-01-9.17103477E-02-3.12391399E-02-2.31637258E-02 4.06683052E-04
19 10 1.30583866E-04-7.99509972E-02-5.03517986E-02-8.32625954E-02 2.29113639E-03
19 11-6.71170035E-02-4.62051560E-02-7.85845767E-02-5.80416930E-03 6.50407374E-03
19 12 2.45255640E-02-1.11045990E-01 3.78397096E-02 2.11202215E-02 2.50613750E-02
19 13-1.03233733E-01 2.43969749E-02-6.31352611E-02-5.21168930E-02 6.08051824E-02
19 14 4.66108630E-02 5.90447422E-02 4.87959327E-02-4.35104308E-02-1.94060289E-02
19 15 6.26202551E-03 2.99261703E-02
20  1-1.23557258E-02 7.32308686E-02-8.65472736E-04 5.01196474E-02 8.69923003E-02
20  2-9.25334996E-02 1.63364606E-03-1.06076639E-01-1.82477322E-01-1.29875544E-01
20  3 6.96099367E-03-5.75666115E-02-1.03351623E-01-1.28614163E-02-1.53913419E-03
20  4 8.23834640E-02-1.45051544E-01 1.91317717E-01 1.14674860E-01 7.74564132E-02
20  5-9.04444480E-02 1.45657091E-01 2.14359358E-02-1.26356381E-02 1.04194361E-01
20  6 2.46991814E-01 4.81616339E-02-1.12143186E-01 1.20088209E-01 1.77007404E-01
20  7 6.11962708E-02-8.24677317E-04-1.51841394E-03 1.44245476E-01-8.12368639E-02
20  8 1.40306856E-01 2.02805098E-02 1.45160563E-01-8.73946442E-02 1.40140206E-01
20  9-4.33996078E-02-3.32941891E-02 1.02765369E-01 6.43844333E-02-8.93913925E-03
20 10 8.53591140E-03-8.35122724E-02-2.87108237E-02-1.48562440E-01 4.19689335E-02
20 11-7.58900251E-02-2.85642349E-02-1.38804129E-01 1.13069997E-03 3.96531949E-04
20 12 1.05628810E-02-8.68381603E-03-2.88916621E-02-8.10246066E-03 1.40855597E-02
20 13-5.75874466E-03-3.14382287E-02 8.54092170E-03 3.86229181E-03 7.93025589E-03
20 14 1.28418746E-02 7.13610750E-02 6.16594001E-02 5.81503605E-02 2.65216277E-02
20 15-6.96469099E-02-7.07162587E-02
21  1 7.41332588E-03-4.39770382E-02-5.86509472E-02 2.59315711E-02-6.78465527E-02
21  2 5.22723231E-02 1.23600477E-01-5.44007744E-02 1.43889251E-01 8.55137934E-02
21  3 7.79403224E-02-4.23887892E-02 7.97154237E-02 7.81648449E-03 8.87148173E-04
21  4 2.33263629E-01-2.12076123E-01-8.15218940E-02-6.98406531E-02 2.13083088E-01
21  5-1.94893842E-01-6.25627809E-02 6.10210471E-03-8.51205348E-03-1.33613951E-01
21  6-1.21159115E-02-7.87115844E-02-1.20377926E-02-1.38831382E-01-4.31582026E-02
21  7-5.89940301E-02-2.14835406E-02 1.89410827E-02-6.71788095E-02-1.52358593E-01
21  8-6.37592806E-03 9.38049561E-02-6.14463863E-02-1.48517675E-01-1.12906764E-02
21  9-1.40822476E-01-7.66682070E-02 1.97108084E-01 1.30089259E-01 5.90747330E-03
21 10-6.53753282E-03 3.35752154E-02 1.59905803E-02 6.43705787E-02-2.46023846E-02
21 11 3.15641388E-02 1.75928201E-02 6.13870640E-02 8.81425452E-04-2.45625552E-04
21 12 9.30134100E-03-4.15690070E-02-2.58249078E-02-4.09527801E-03 8.89207030E-03
21 13-4.24668324E-02-2.98452927E-02-5.20383329E-03-5.77414483E-03 2.33522666E-02
21 14 1.83121156E-02-3.24756097E-02-2.84957608E-02-9.00918711E-02-4.51437356E-02
21 15-7.07339069E-02-6.57396737E-02
22  1-4.14252618E-03 2.45751666E-02 2.08276360E-02 1.29060206E-02 4.53080932E-02
22  2-3.46680555E-02-4.34139757E-02-2.91644851E-02-9.43838462E-02-4.11167052E-02
22  3-3.19124470E-02-8.15866134E-03-6.69213406E-02 2.90890860E-03-6.22281488E-03
22  4-1.36624758E-02-1.36564498E-03 7.78910634E-02-3.01206979E-02-4.50169737E-02
22  5 3.32606469E-02 7.91581166E-02 2.88805578E-02-3.91862204E-02 2.37686037E-02
22  6-1.04861686E-02-9.67549887E-03-5.26267273E-02 3.82259875E-02-5.83437845E-02
22  7-7.16015006E-03-4.82124424E-02 4.06421862E-02-1.05484136E-01 2.89939505E-02
22  8 1.41937295E-01 2.31768061E-01-1.06350917E-01 2.97596646E-02 1.61427978E-01
22  9 3.59796267E-04-1.38830954E-02-1.22969606E-02 3.03578577E-02-7.96003245E-02
22 10 6.94091732E-02 3.50151435E-01-1.57622848E-02 9.75889456E-03 3.44720214E-01
22 11 3.46134311E-01-2.54145163E-02 1.31723315E-03 1.79630675E-02-9.72310088E-03
22 12-6.79515578E-03-6.46993236E-03-1.02293195E-01-1.00067002E-01 2.05114697E-03
22 13 3.81921776E-03-1.13805341E-01 4.65885314E-02 2.05417302E-02 1.90395116E-02
22 14 7.17144607E-02-2.08365852E-01-1.75786138E-01-1.38621696E-02-1.93806604E-03
22 15-6.50042248E-02-6.13028075E-02
23  1 8.68638459E-03-5.18592827E-02-5.82182201E-03-4.98644451E-02-1.59313876E-01
23  2 4.90974083E-02 1.36679265E-02 1.05575583E-01 3.40860526E-01 1.53504146E-01
23  3-2.45526835E-03 7.08118876E-02 1.95483535E-01 6.04536914E-03 1.14352326E-02
23  4-1.08957021E-01-1.35617518E-01-1.43049752E-01-1.04638018E-01-1.36006480E-01
23  5-1.34855577E-01-1.60056848E-01 5.64265525E-03-1.25322702E-02 1.35856676E-01
23  6 1.99622310E-02 7.19871132E-02 2.03461694E-02 1.05629673E-01 1.93432990E-02
23  7 1.44058980E-01-3.62659563E-02 3.23438130E-02-1.25439833E-02 9.95531069E-02
23  8 2.29812249E-01 1.59057153E-01-1.63691882E-02 1.07484970E-01 2.45438812E-01
23  9 9.85186321E-02 8.46871888E-02 5.81059384E-02 6.86946627E-02-3.61919272E-04
23 10 2.83693921E-04-4.36382605E-02-8.51402448E-02-5.07828189E-02 9.66696318E-03
23 11-3.52445052E-02-9.19120022E-02-4.60166196E-02-4.20815863E-03 5.82276662E-03
23 12 4.28678683E-02-5.45412722E-02-3.37965869E-02 1.66359473E-02 5.45382078E-02
23 13-5.46985141E-02-4.92995520E-02-1.28552081E-02-1.63128686E-02 2.38309219E-02
23 14 8.15109919E-03 3.55610677E-02 3.11256680E-02 8.74878962E-02 7.53075440E-02
23 15-5.65653066E-02-3.77130700E-02
24  1 6.01245272E-04-3.63551109E-03-1.78889674E-02-2.41699893E-02-8.08827901E-03
24  2 7.97944979E-06 3.85141830E-02 5.15222947E-02 1.81039265E-02 2.27001221E-02
24  3 2.69883349E-02 3.73964073E-02 7.61135765E-04-7.25731309E-03 1.51545484E-03
24  4 2.29477556E-02 6.95480170E-03-2.99320909E-02 7.78816463E-02 6.54812653E-03
24  5 2.85032828E-02-7.10214046E-02 1.17042351E-02-5.43742609E-03-1.00237466E-01
24  6 3.66650647E-02 5.65125349E-02-1.09567321E-01 7.81458129E-03 4.22523691E-02
24  7 1.03436107E-02 2.02775226E-02-1.42940011E-02 1.43633260E-01-2.39286434E-02
24  8 5.73349433E-02-1.01806562E-01 1.61598019E-01-4.65143626E-02 8.49194096E-02
24  9-1.54163627E-02-3.82288683E-02 1.54895270E-02 3.08482279E-02-4.17394280E-02
24 10 3.68062816E-02 1.10078459E-01-1.33830047E-01 8.52347821E-03 1.92419009E-01
24 11 1.08252838E-01-1.54959185E-01 1.35468882E-02-7.32548070E-02 6.38261305E-02
24 12 1.67462312E-01 1.58544489E-01 2.83993990E-01 3.23585491E-01 1.91847879E-01
24 13 1.81763524E-01 3.12260753E-01-1.07878872E-01-8.87858160E-02-9.90387611E-02
24 14-9.17195150E-02-6.54782775E-02-7.72242888E-02-8.68405644E-02-6.61226005E-02
24 15 2.72031756E-02 9.18405934E-02
25  1 1.99389560E-03-1.17947919E-02-5.76028021E-02-8.72852827E-02-2.64879426E-02
25  2 1.68117870E-02 1.23157205E-01 1.88108497E-01 5.62086091E-02 2.37773630E-02
25  3 9.90135183E-02 1.41934344E-01 3.90078914E-02-2.65400612E-02 2.90101349E-02
25  4 1.88161879E-02 4.28425036E-02-1.01590804E-01 1.51836496E-01 1.70730930E-02
25  5 3.74403993E-02-1.17037846E-01 4.22575111E-03 6.93337182E-03-1.29620256E-01
25  6 3.88405739E-02 9.42035362E-02-8.24621682E-02 1.09851259E-02 6.07099905E-02
25  7 6.78104330E-02 4.33493278E-02-4.21924219E-02 2.98153408E-01 2.68573020E-02
25  8-6.72668378E-02-1.65111102E-01 3.35813465E-01 2.70556011E-02-8.03887657E-02
25  9 9.62847862E-03-3.30367453E-02 1.77486578E-02 4.95458597E-03-2.59572278E-02
25 10 1.98470980E-02 9.93692440E-02-3.36467848E-02-1.09757782E-01 1.29950069E-01
25 11 9.85761051E-02-3.36958257E-02-1.17043520E-01 4.76897423E-02-4.18825327E-02
25 12-1.79299024E-01-6.64741412E-02-1.06884183E-01-2.17745610E-01-2.08936781E-01
25 13-6.90858640E-02-1.05717600E-01 6.59349626E-02 5.03064848E-02 4.92762293E-02
25 14 8.28525015E-02-5.36175848E-02-4.80860100E-02-1.10509088E-01-1.52303998E-01
25 15 8.57723873E-02 1.79297712E-02
26  1-1.92847348E-04 1.12374380E-03-2.11366014E-01-1.34189545E-01 7.94601955E-02
26  2-3.90762814E-03 4.54874207E-01 2.88969651E-01-1.70379287E-01 4.03195024E-03
26  3 3.88322690E-01 2.45285703E-01-1.50107843E-01 9.84877937E-04-3.76212321E-03
26  4-9.87846475E-02-6.56808210E-02 3.66297964E-02 3.06415507E-03-3.73843412E-02
26  5-2.41708703E-02 8.36377608E-03 1.84973643E-02-2.31502169E-02 6.59120796E-02
26  6 4.70342112E-02-8.31752759E-02-8.31703134E-02 8.85211566E-03 6.09811458E-02
26  7-6.20698067E-02-1.06293936E-02 1.06429478E-02-1.14637174E-01-3.72544816E-02
26  8-2.38631056E-02 3.78573113E-02-1.37639460E-01-3.77704755E-02-2.71872554E-02
26  9 8.51774252E-02 1.12700242E-01 1.58259627E-03 1.11308896E-03 4.62020373E-03
26 10-4.51382911E-03-1.29900480E-03 6.53813756E-02-3.57675868E-03-2.16960784E-02
26 11 1.88319561E-03 7.51571127E-02 1.10634065E-03-6.86649015E-03 6.79275688E-03
26 12 5.60332730E-02 3.32292561E-02 4.87478427E-03 2.69916218E-02 6.61791617E-02
26 13 3.74982936E-02 5.09714991E-03-3.95512958E-03-2.18042579E-03-1.42181661E-02
26 14-3.14547109E-03 4.22138504E-03 1.49036194E-02 5.01888806E-02 9.04490772E-02
26 15-3.10895690E-02-2.60260790E-02
27  1-1.22063174E-05 5.56184565E-05 1.64350759E-01-2.15822778E-01 4.93096556E-02
27  2-5.56591406E-04-3.53901896E-01 4.64729132E-01-1.05920670E-01 8.03054318E-04
27  3-3.03067696E-01 3.96514330E-01-9.09901910E-02 6.98135370E-04-4.83368264E-03
27  4 8.09209969E-02-9.67124099E-02 2.31170604E-02 1.51669553E-02 5.28508170E-02
27  5-4.06965150E-02 1.51969796E-03 1.04629153E-02-1.20675075E-02 1.21299256E-02
27  6 2.23753344E-02-6.04670109E-02-4.79672747E-02 1.91381384E-02 2.22065030E-02
27  7-5.57678792E-02-4.18076861E-03 1.43701661E-03-2.34470376E-02-3.05990057E-02
27  8-1.26209042E-02 2.88083162E-02-2.69731894E-02-3.85537678E-02-9.87374409E-03
27  9-6.16704749E-02-5.90712453E-02 9.74262175E-02 1.04804366E-01 7.27835658E-03
27 10-7.48930804E-03-2.41466805E-02 2.93729333E-02 4.04480792E-02-3.12592055E-02
27 11-2.71746003E-02 3.44045316E-02 4.87393063E-02-2.61214116E-03 1.96154371E-03
27 12 2.21973545E-02 2.63623645E-03-5.26264538E-03 1.38103629E-02 2.56159161E-02
27 13 6.51509035E-04-6.45055489E-03-2.05695892E-03-3.20333049E-04-3.08023262E-03
27 14-9.81608353E-03 9.34142717E-03 9.14389135E-03-3.48922613E-03-1.07934219E-02
27 15-1.58587295E-02-1.59607244E-02
28  1 1.29788700E-04-1.00041770E-03-1.75866439E-02 7.42201698E-03 4.52434829E-02
28  2-2.77279889E-03 3.81523121E-02-1.62463646E-02-9.83756046E-02 2.16297865E-02
28  3 2.91210073E-02-1.78911465E-02-9.50800966E-02 4.37694019E-03-1.11054167E-02
28  4-1.20521018E-02 2.73061814E-02 2.45714802E-02 3.85865349E-04-1.47502541E-02
28  5-4.44364722E-03-3.29638823E-02 1.81582174E-03-7.98704642E-04-4.01941812E-02
28  6-1.43420409E-02-5.99555964E-02 1.46533994E-03-1.74418508E-02-1.28956825E-02
28  7-3.72301871E-02 6.76139004E-04-4.38794096E-03 1.76026264E-01 9.69234674E-02
28  8-4.20165578E-03 3.07110137E-02 2.10697312E-01 1.29416457E-01-4.34870338E-03
28  9-5.21748263E-03-2.37920745E-02-3.47505658E-02-3.59976980E-02 4.76717391E-03
28 10-6.38183839E-03-5.51782505E-02-1.03274615E-01 2.21613624E-01-1.18165922E-02
28 11-6.62396697E-02-1.23818001E-01 2.60010045E-01-5.88273184E-03 2.85500217E-03
28 12 2.95415301E-01-1.10008205E-01-2.37800668E-01 4.04725837E-02 3.50131469E-01
28 13-1.33596434E-01-2.77933662E-01-6.09825945E-03-2.42678992E-03 1.22027080E-02
28 14-3.20492837E-02 8.25916981E-03-2.27404563E-02-5.45368612E-02-5.97757946E-02
28 15 1.63093382E-02-9.33443372E-02
29  1-2.85715558E-04 1.40530990E-03-2.48294914E-02 5.41371900E-03 4.39259426E-02
29  2-1.54254196E-02 5.47304593E-02-1.40356507E-02-9.26348896E-02 3.68927973E-02
29  3 3.88619147E-02-7.82545914E-04-1.10244107E-01 1.42514010E-02-1.96654095E-02
29  4-1.50034618E-02-3.41042898E-02 4.35420531E-02-5.35509724E-02-2.27573961E-02
29  5-4.41596268E-02-6.13176271E-03 9.74936007E-03-2.36470714E-02-2.95912853E-02
29  6-1.86558229E-02-8.42722042E-02 3.24222178E-02-3.74177285E-02 1.63665681E-02
29  7-5.72474808E-02-3.66848147E-03 8.01746371E-03 9.65936388E-02 1.10153944E-01
29  8 2.81808451E-01-2.19768277E-02 1.07715710E-01 1.29953088E-01 3.30745715E-01
29  9-8.91737876E-03-1.65688647E-02-4.25141846E-03-1.00918172E-03 1.13611115E-02
29 10-1.60975970E-02-6.57252792E-02 9.65607362E-02 2.82455893E-01-2.99523408E-02
29 11-7.44440407E-02 1.18936322E-01 3.30495397E-01 4.22601736E-03-6.74781650E-03
29 12-2.37326647E-01-1.38040442E-02 1.22796813E-01 3.92389549E-03-2.79477840E-01
29 13-2.93260766E-02 1.37923927E-01 1.32249835E-03 3.15569066E-03 1.78633739E-02
29 14-6.86328140E-02 9.49649065E-03-2.16810179E-02-5.83010466E-02-6.56835658E-02
29 15-2.25510122E-02 5.00380010E-02
30  1-2.06692684E-04 1.48853670E-03 7.07756622E-03 8.06461912E-03-3.40785625E-02
30  2 2.54398730E-03-1.51552211E-02-1.79905546E-02 7.48199687E-02-2.53289309E-02
30  3-1.32834295E-02-6.00232783E-03 7.85713662E-02-1.73255179E-02 2.58232316E-02
30  4 2.88945469E-02 2.11702655E-02-5.05917628E-02 9.11744499E-02 4.67286413E-02
30  5 9.55360150E-03 1.66772300E-02-1.92223697E-03-4.56738205E-04-5.00038672E-02
30  6-4.93506160E-02 1.00943767E-02 4.08805612E-02-6.09882313E-02 2.99882860E-02
30  7-6.08410956E-03 4.80671073E-03-5.77233414E-04 9.05659638E-02 1.06173785E-01
30  8 9.47061177E-02-5.01117919E-02 9.67897657E-02 1.36395257E-01 1.05959327E-01
30  9-4.63495247E-03-2.19243532E-02 1.83790356E-02-3.07690809E-02 5.98478601E-03
30 10-6.50619575E-03 2.24937538E-02 4.34417109E-01-1.16594340E-01-1.47697357E-02
30 11 2.09238323E-02 4.94709160E-01-1.30636370E-01-2.56173013E-03 7.29752197E-03
30 12 1.77300112E-01 1.08316085E-01-3.74046641E-02-2.31073370E-02 2.14609967E-01
30 13 1.36465177E-01-3.58394764E-02 8.98824578E-03 3.90206037E-03-2.02276952E-02
30 14 8.15875901E-02 6.64955439E-03-3.69937494E-02-5.80953616E-02-5.98269869E-02
30 15 6.04352492E-03-9.79803040E-04
 $END   
 $GRAD  
E=     -762.2878899381  GMAX=   0.0541607  GRMS=   0.0142218
CL          17.    6.0751552587E-05    3.0850007113E-04    2.5058926204E-04
C            6.    5.0145794316E-05   -7.1783948725E-05   -2.6888280127E-04
C            6.    5.1117790418E-03    2.8816161538E-02    5.4160683227E-02
O            8.    2.9950193456E-04    3.5271175793E-04    3.6371112346E-04
H            1.   -6.1470547585E-07    5.1849708083E-05    9.0098512198E-05
H            1.    3.6224608042E-06    6.2397043500E-06   -1.3327081207E-05
O            8.   -5.9338749851E-03   -3.3282900889E-02   -5.2363928751E-02
O            8.    5.1694345783E-03   -6.2127497935E-04   -8.2189896755E-03
H            1.    3.0545260862E-04    1.0908691834E-04   -9.1436872856E-05
H            1.    6.8107916961E-04    3.7904417418E-03   -2.0245810969E-03
H            1.    1.0775970265E-05    1.3072496194E-04    5.7917842983E-05
H            1.   -3.7655229223E-05    3.5107761026E-04   -7.2208832482E-05
H            1.   -5.7203979239E-03    5.9165798670E-05    8.1303551999E-03
 $END
-------------------- DATA FROM NSERCH=  13 --------------------
 COORDINATES OF SYMMETRY UNIQUE ATOMS (ANGS)
   ATOM   CHARGE       X              Y              Z
 ------------------------------------------------------------
 CL         17.0   3.1267476712   0.7069511435   0.4503385607
 C           6.0   2.7981736697   0.1363197054  -1.3293175885
 C           6.0   3.3161619839   1.1818959154  -2.2594036028
 O           8.0   2.5547408196   2.3103560323  -2.2899399152
 H           1.0   1.7194098801   0.0320891665  -1.4006549930
 H           1.0   3.3255670033  -0.8026923520  -1.4479354281
 O           8.0   3.1578837815   0.3336595266  -3.8391007382
 O           8.0   3.8927913187   2.8602292360  -4.5372272027
 H           1.0   3.4285278632   3.3103501710  -5.2781562093
 H           1.0   3.6921998891   1.8743918402  -4.6011048300
 H           1.0   2.1722185259   0.4020745934  -3.9586724563
 H           1.0   4.3959086907   1.2998094447  -2.2732401388
 H           1.0   2.9532854615   2.9076251611  -3.0025994394
--- CLOSED SHELL ORBITALS --- GENERATED AT 22:12:21 29-JUL-2026    
Chloroacetaldehyde hydrate and water                                            
E(R-WB97X-D)=     -762.2878951207, E(NUC)=  306.4839871176,    6 ITERS
 $VEC   
 1  1 9.85802819E-01 5.34281918E-02-1.99898117E-05-3.64914428E-05-1.72409451E-04
 1  2-1.87691386E-02 6.19177628E-05 1.12081485E-04 6.47690578E-04 1.02683427E-02
 1  3-2.29302403E-04-4.41060116E-04-1.80194729E-03-3.00584873E-05-4.15170089E-04
 1  4-3.41023893E-06-1.27457461E-05-1.51384923E-04 8.72865822E-04-3.15601455E-05
 1  5 4.14532521E-04-1.50460192E-03 9.11020691E-05 6.92285996E-04-2.69589469E-06
 1  6 1.38771757E-05 3.58989990E-04-2.36764452E-03 6.17060147E-04 1.31177757E-04
 1  7-1.64346484E-03-2.08837522E-05-1.59895207E-04-1.66273087E-05 2.57687492E-05
 1  8-1.29245052E-06 7.01364737E-04 1.64895427E-04-3.31012381E-04 2.01805952E-04
 1  9 1.50614805E-04-8.39038850E-04 2.02144817E-04-7.41580874E-04 9.44811177E-06
 1 10 9.10721172E-05 9.88303619E-06 8.33938947E-06 3.49708218E-05-2.84448743E-04
 1 11-4.88680238E-05-6.72101907E-05-1.74534834E-04-8.65219613E-07-2.46089294E-06
 1 12-2.70964197E-06-3.54308162E-06 2.80350023E-05 5.05497587E-05 3.08302021E-06
 1 13-3.80743371E-06-8.49098182E-05-3.26701492E-05 2.33619727E-05 5.04868706E-05
 1 14-2.05023570E-04-8.52170819E-07-3.70169607E-06 2.31623420E-04-1.88169017E-04
 1 15-2.13729273E-05 4.47364656E-05
 2  1 8.30187007E-06-6.47453980E-05-2.41258751E-05 7.91876889E-06 5.64765512E-05
 2  2 6.21639693E-04 1.63883565E-04-3.24992551E-05-3.38878719E-04-7.84513806E-04
 2  3-7.81543074E-04 2.43650905E-04 6.04066526E-04 1.63877206E-04 5.32934779E-04
 2  4-5.20510840E-04-5.52131161E-04 4.51214242E-04-5.23533085E-03 4.43572007E-03
 2  5-3.67475328E-03 1.62293229E-03-7.37733821E-04-3.02252445E-03-5.45455110E-04
 2  6 2.35806495E-03 4.44482648E-05 2.15900670E-02-1.15703634E-02 8.84900431E-03
 2  7-7.04883209E-04 9.82648446E-01 1.05541352E-01 3.13353879E-03-1.74034999E-03
 2  8-1.75113521E-03-5.39421566E-02-8.59828880E-03 7.34184652E-03 4.03770207E-03
 2  9 9.28242724E-04 2.07367982E-03-6.63590316E-04-4.43057991E-04 7.45484926E-03
 2 10 1.89088110E-03-3.53223479E-04 5.18407576E-04 3.31352454E-04-2.99345497E-03
 2 11 1.46815223E-03-2.35416382E-03-1.77381262E-03 4.73156619E-03 1.35495751E-03
 2 12-2.28577555E-04-2.46698365E-05 6.30148480E-04-1.83804518E-03 8.57375139E-04
 2 13 1.86379024E-04-2.22619256E-03 1.19015691E-04-7.25953812E-04 4.41505154E-04
 2 14-6.12406037E-04 9.12819472E-04-8.21270773E-04-7.08705122E-04 1.02983871E-03
 2 15 3.06743785E-03 6.78475087E-03
 3  1-6.58037017E-06 4.12893246E-05 8.00222113E-06 2.98863500E-05-3.77996302E-05
 3  2-7.97315109E-04-4.60461011E-05-1.73214585E-04 2.85037856E-04 1.45819372E-03
 3  3 1.48629815E-04 4.87209721E-04-1.36391189E-03 2.12707683E-04 7.61621458E-04
 3  4-9.79438468E-05-1.67345543E-04 7.87634605E-04-6.67581901E-03-1.23563196E-03
 3  5-2.01422144E-03 2.43032980E-03-9.34872878E-04-5.27000662E-03-1.13130494E-04
 3  6 8.83345604E-04 5.36255979E-04 1.78218653E-02-2.32778007E-03-5.24707736E-03
 3  7-5.43419754E-03-7.26844191E-03 4.03957340E-04-8.33806729E-05-4.18986951E-04
 3  8-3.93620154E-04-3.28789618E-03-2.82547197E-04 2.90660041E-03 1.89960299E-03
 3  9 7.34776481E-04-1.04351615E-03 2.62544245E-04 3.44783195E-04 9.82205769E-01
 3 10 1.02555165E-01-2.21140376E-03 1.74562751E-03 1.27890667E-03-4.26974915E-02
 3 11 4.45240967E-03-4.79873296E-03-4.10594521E-03 1.90290308E-02 3.03517671E-03
 3 12-2.97634934E-05-6.00709230E-04-1.89109097E-05-3.96231558E-03 1.87366598E-04
 3 13 2.64804742E-03 1.60899809E-05 3.68516987E-04-1.19264954E-03-1.82523393E-04
 3 14 5.81034701E-03 3.31152561E-03 6.05086158E-03-1.29023640E-03-1.81328109E-03
 3 15 5.16688933E-04-1.15604991E-03
 4  1 1.60307932E-08 8.92360864E-08 6.99944211E-06-1.95877374E-06-4.07586804E-07
 4  2 2.95268988E-06-3.60338090E-05 8.46109417E-06 4.46239065E-06-3.16144625E-05
 4  3 5.72968016E-05 7.59661945E-06 1.49285767E-05 5.97628018E-06 8.48577506E-05
 4  4-4.35564962E-05 4.66966845E-05-6.80822338E-05-1.23518241E-04 1.31807271E-04
 4  5-2.81051708E-05 1.01882657E-04 6.43916654E-05 4.05377071E-04 1.42106611E-05
 4  6-8.27831453E-05-2.75788452E-05-1.38932643E-03 4.09120802E-04-6.55363543E-04
 4  7 3.50914092E-04-4.41505404E-03 4.04185842E-04 3.39688542E-05 4.21079224E-04
 4  8-2.37852087E-04-2.39106654E-03-2.89810366E-04-1.86349039E-03 1.30609463E-03
 4  9-3.03161590E-05 2.80184412E-04 5.61116689E-05-1.77052318E-04-1.88572096E-02
 4 10-9.91279010E-04 3.64744257E-04 5.45780525E-04-4.20391009E-04-1.12761000E-03
 4 11-1.19003271E-03-1.99660319E-03 1.41850734E-03 9.82180012E-01 1.02742158E-01
 4 12-2.15245755E-03-1.41939694E-03-1.72975705E-03-4.34189930E-02 4.54598461E-03
 4 13 3.62528135E-03 3.29496143E-03 2.92681203E-03 6.11781235E-03 2.34763419E-03
 4 14 9.57338267E-03 5.30279022E-04-1.50777365E-03 1.85678378E-04-4.89367139E-04
 4 15-4.83544123E-04 5.19431167E-03
 5  1 7.87512845E-05-1.00998889E-04-2.66727342E-06 5.34051073E-05-2.18187951E-04
 5  2-2.40506953E-03 2.61824528E-05-3.56304400E-04 1.50490063E-03 3.21794652E-03
 5  3-4.78576677E-04 1.84382564E-05-2.51329295E-03-8.94493174E-03-4.00788559E-03
 5  4-3.25953113E-04-5.12308736E-04 1.31731907E-04 2.57679965E-02 6.16059945E-03
 5  5 1.06897902E-02-1.21153041E-02 9.86491758E-01 1.10063618E-01-3.49131957E-04
 5  6-9.16702641E-04-4.42738602E-04-8.26835680E-02 1.90023269E-03 1.21441518E-02
 5  7-4.59937832E-03 2.07313501E-05-2.43742908E-04 3.11984887E-04 3.78655474E-04
 5  8-1.71450674E-04 6.83676975E-03-1.09363992E-03-2.73928706E-03 1.04337700E-03
 5  9-1.41545829E-03 1.65462638E-03-1.57267405E-03 1.16933946E-03-3.65941573E-04
 5 10-2.58632584E-03-1.43898775E-04-1.85454930E-04-5.12533997E-04 8.98333074E-03
 5 11 9.35933073E-04 3.00976749E-03 6.85686797E-03 2.61219566E-05 2.19559182E-04
 5 12 3.58492797E-05 1.13958329E-04-3.48172526E-05-7.87506178E-04 1.72037187E-05
 5 13-2.08774581E-04-1.22146545E-04 2.89160916E-04-4.77697889E-04-4.26781637E-04
 5 14 1.04468907E-03-1.38840441E-03 3.53991937E-03-6.06266449E-04 1.59548804E-02
 5 15 1.83589920E-04 2.70102856E-03
 6  1-2.75791050E-05-1.61947698E-04 6.00754501E-05 1.01769463E-04 3.37462254E-04
 6  2-2.14175886E-03-3.48941291E-04-5.91997185E-04-1.90691820E-03 1.28078174E-02
 6  3-1.25440410E-03-2.12261694E-03-8.57281392E-03 9.86476415E-01 1.11835955E-01
 6  4 3.43778840E-04 6.77028499E-04 1.11203054E-03-9.04063387E-02-2.81227437E-03
 6  5-6.00802456E-03 2.47478102E-03 8.39158081E-03-1.85778801E-03 4.03894978E-04
 6  6 4.73319007E-04-7.65927548E-05 2.33317182E-02-5.58031760E-03-1.02068143E-02
 6  7 8.91705969E-03 3.63572521E-05-1.32412213E-05-1.99185677E-05 5.03953607E-04
 6  8-3.24140624E-04-1.31616295E-03-7.43717199E-06-4.21418297E-04 5.44162537E-04
 6  9-9.89651288E-05 1.54906309E-02-1.77983480E-04 1.54354954E-02 1.71338088E-05
 6 10-5.28281667E-05 1.94330158E-04 1.90429790E-04-3.28756884E-04-5.35544653E-04
 6 11-6.18942998E-04-6.38549152E-04 1.83824630E-04 1.57493597E-05 1.14467379E-04
 6 12-3.97272925E-05 5.16074548E-05-1.33418442E-04-5.74741168E-04 1.91497045E-04
 6 13-4.85367198E-05 4.00853646E-04 3.12042998E-04-2.61752983E-04-2.29216658E-04
 6 14 1.30382011E-03-3.93045409E-04-6.86935667E-05-1.14724741E-03 1.35518483E-03
 6 15 4.60987082E-04 1.30364074E-03
 7  1-3.05122519E-01 9.77075246E-01-1.48568013E-03-2.75522792E-03-8.44614259E-03
 7  2 1.54259020E-01-6.24572074E-04-1.13691317E-03-5.19919020E-03-6.76672595E-02
 7  3 1.63050492E-03 3.10106922E-03 1.20252564E-02-3.29467787E-05 1.69703672E-03
 7  4-5.09371210E-05-2.46614927E-05 4.90860655E-04-3.01962442E-03 5.21222202E-04
 7  5-1.90907497E-03 9.93466351E-03-1.10167904E-04-3.68549411E-03 2.75866361E-05
 7  6-1.04863417E-04-2.06207029E-03 1.30417039E-02-3.63091311E-03-6.63401681E-04
 7  7 9.51545748E-03 1.07143586E-04 7.79788892E-04 7.09497614E-05-1.43049163E-04
 7  8 1.60883919E-05-3.84387390E-03-8.87488670E-04 1.88680601E-03-1.16096643E-03
 7  9-9.63291525E-04 5.06241206E-03-1.25825166E-03 4.44578110E-03-5.59920101E-05
 7 10-5.11105577E-04-5.24497004E-05-3.99382333E-05-2.14774845E-04 1.72548351E-03
 7 11 2.84573134E-04 3.95665604E-04 1.17968873E-03 5.23221618E-06 2.05287713E-05
 7 12 1.42237788E-05 1.38586760E-05-1.35972854E-04-3.02474293E-04-1.97707121E-05
 7 13 4.65581737E-05 4.51078360E-04 1.72072711E-04-1.44635723E-04-2.75611779E-04
 7 14 1.19784262E-03-5.11172938E-05 1.59767185E-04-1.27233648E-03 1.30249874E-03
 7 15 7.88586962E-05-2.41851695E-04
 8  1-3.20958356E-03 1.08669457E-02 1.62780258E-01 2.84616606E-01 9.13643038E-01
 8  2-3.22187615E-03 1.49209873E-02 2.60784765E-02 8.50391851E-02 4.82183261E-03
 8  3-4.84945048E-03-8.59714386E-03-2.93232529E-02-6.82607446E-04-4.43399726E-03
 8  4-3.46325081E-05-1.25962647E-04-4.57306026E-04 9.52051982E-03 9.28359983E-04
 8  5 3.45520252E-03-3.33697853E-03 4.13095945E-04 2.88149104E-03 2.76077904E-05
 8  6 8.55127115E-05 8.39015580E-04-1.20124586E-02 2.35506652E-03 1.47514066E-03
 8  7-7.69491650E-03-7.26922800E-05-4.47310771E-04-7.38392631E-05-3.37749273E-05
 8  8 3.78161866E-05 2.58712517E-03 7.29633279E-04-9.64756771E-04 6.25728561E-04
 8  9-2.54406526E-04-3.95892419E-03-4.62687744E-05-3.54807830E-03 2.32511333E-05
 8 10 1.72256796E-04 3.19899051E-05 7.93127531E-05-1.25457701E-05-8.74483289E-04
 8 11-1.65198319E-04-4.27493115E-04-1.91913307E-04-4.88832910E-06-2.34387245E-05
 8 12-2.74553010E-06-2.12858538E-05 9.65713560E-05 2.56557235E-04-1.52142319E-05
 8 13 4.16331366E-06-3.23239974E-04-1.44711252E-04 1.19869719E-04 2.27239567E-04
 8 14-9.15738446E-04-1.84396757E-04 3.94004892E-04 9.85370250E-04-3.67668986E-04
 8 15-1.40969272E-04-9.84104353E-05
 9  1 2.00762187E-05-1.12299269E-04 5.73266358E-01 7.14084594E-01-3.24402539E-01
 9  2 4.09602381E-04 5.13928169E-02 6.40587342E-02-2.95606871E-02 2.51929907E-04
 9  3-1.61006532E-02-2.01268854E-02 9.04517948E-03 2.44806239E-05 1.48215684E-04
 9  4-3.98727555E-05 3.21241019E-05 5.23534330E-04-7.98601770E-04 7.64312713E-04
 9  5-5.08346161E-04-2.21501217E-03-1.68983511E-04-1.39119672E-03-3.22700334E-05
 9  6-1.82948863E-04-9.64638163E-04 2.89722595E-03-5.21819965E-04 2.00908294E-03
 9  7 4.51033043E-03 4.23874013E-05 2.44220403E-04 9.87886389E-05 1.72540792E-05
 9  8-6.35235209E-05-1.62996451E-03-7.70481031E-04 4.73178725E-04-3.22249510E-04
 9  9 5.83994905E-04-1.55955922E-03 1.31156679E-04-1.17560526E-03-3.80200310E-05
 9 10-2.84888448E-04-6.42592481E-05-9.03146174E-05-8.30043669E-05 1.10982523E-03
 9 11 3.05946371E-04 5.31065401E-04 7.06451767E-04-1.08605172E-06-1.34351471E-05
 9 12 1.85664847E-05 7.11219982E-06-3.00692359E-05-2.13992738E-05-5.73175712E-05
 9 13-3.56285852E-06 1.12271837E-04 2.13460473E-05-2.53819817E-05-6.86834241E-05
 9 14 2.77206379E-04-7.95886265E-05 4.04496607E-04-9.09372465E-04 1.21934976E-03
 9 15 1.77753453E-04-2.33380321E-04
10  1 2.29389147E-05-6.90742995E-05 7.67302003E-01-5.94015296E-01 4.83100950E-02
10  2-4.24383415E-05 6.86123294E-02-5.31488476E-02 4.40229020E-03-1.05502973E-04
10  3-2.09245370E-02 1.63489215E-02-1.30979734E-03-1.43298496E-06-2.36832023E-05
10  4-6.01742738E-05 2.22598958E-05-9.35897764E-05-1.81421921E-04 1.53255770E-03
10  5-1.11266373E-03 5.72578817E-04 4.15644743E-05 4.66226709E-04-6.17256215E-05
10  6 1.94635668E-04 9.94581407E-05-1.21860870E-03-7.21772556E-04-7.51511666E-04
10  7-2.29637760E-04-1.82942318E-06 5.73856770E-05-3.18503468E-05-6.22777790E-05
10  8 2.97656317E-04 2.49863547E-04 2.60516727E-04 1.41982643E-04-8.63302770E-04
10  9 6.54759919E-04-1.45388794E-03-7.69516650E-04 1.74015068E-03 7.88787586E-06
10 10 7.63880202E-05 2.76208135E-05-3.77110926E-05 3.89120793E-05-2.51798347E-04
10 11-6.43111326E-05 1.17462925E-04-1.57605796E-04-4.86549193E-06-4.28404962E-05
10 12 8.76236154E-06 8.93417911E-06-1.20852470E-05 1.31124690E-04-3.62799392E-05
10 13-5.08616452E-05 4.88691745E-05-1.63854668E-05 5.33549555E-05 3.24777776E-05
10 14-1.79603893E-04-1.12977972E-04 2.25760225E-04-1.26920939E-04 1.40349212E-03
10 15-2.05925896E-04-1.98014359E-04
11  1 2.11312105E-03-1.19768440E-02 4.82774053E-04 5.93043698E-05 3.65299421E-03
11  2 1.50652585E-02-9.72393569E-04-3.45691903E-04-6.59019691E-03 5.29955755E-03
11  3 2.43783715E-03 1.62805320E-03 9.15304753E-04-2.22371205E-02 1.97548990E-02
11  4 4.11025034E-03 1.96756300E-02-1.26451216E-02 4.12564579E-02-2.03218068E-02
11  5 1.65613313E-02 4.22266864E-03-9.53245259E-02 1.03869929E-01-5.97731085E-02
11  6 8.34101477E-02-3.36445967E-03 1.43976979E-01 2.01092278E-02-1.64863551E-02
11  7 1.05547429E-03-2.08855534E-01 1.91525175E-01 8.37194843E-02-4.85265943E-02
11  8-4.20899134E-02 6.49830829E-01 9.33320921E-02-5.55195731E-02-4.94016122E-02
11  9 4.94987510E-03-8.60622179E-03 7.64644064E-03 3.18829213E-03-3.51724083E-02
11 10 3.29245209E-02-1.08582291E-02 9.73105595E-03 9.98593233E-03 9.96243176E-02
11 11-1.58207561E-02 1.47243701E-02 5.54325329E-03-2.48577413E-02 2.10014429E-02
11 12-7.93980713E-03-5.47431845E-03-2.21324152E-03 7.74531541E-02-1.12975162E-02
11 13-7.39056499E-03 4.98774355E-03 1.00315280E-02 4.01942848E-03 1.34739353E-02
11 14 4.88075179E-03 1.66311442E-02 5.11984268E-03 2.37715823E-02-1.58318569E-02
11 15 8.42234393E-02 8.76290560E-03
12  1-6.39935514E-04 3.65742704E-03-1.52955956E-04-2.36618211E-05-9.12933501E-04
12  2-4.82841977E-03 3.45191853E-04 1.13529050E-04 1.82204060E-03-1.87181941E-03
12  3-6.58003446E-04-6.33331828E-04-1.55126359E-04 3.01048233E-03-4.52799057E-03
12  4-2.34676740E-04-3.64342816E-03 2.41358613E-04 7.23220185E-03 6.42924554E-03
12  5 2.03703441E-03-7.14001215E-03 1.10511469E-02-1.27199446E-02 1.16223311E-02
12  6-1.97611226E-02-6.88093213E-03-2.17039743E-02 2.80610948E-03 1.25423018E-02
12  7-1.64430603E-02 3.55338659E-02-3.24829529E-02-1.22383694E-02 1.09491841E-02
12  8 1.24656522E-03-1.19582803E-01-1.56566432E-02 8.55624248E-03 3.26579130E-03
12  9-1.27241128E-03 1.36333323E-03-1.53413037E-03-1.23116549E-04-3.40490737E-02
12 10 3.05301263E-02-1.04648842E-02 7.30978976E-03-8.73651324E-04 1.06633017E-01
12 11-7.52415975E-03 1.21409235E-02-2.32081167E-03-2.23792763E-01 2.09274781E-01
12 12-6.14662732E-02-3.68986367E-02-6.49749949E-02 6.90726598E-01-6.23253749E-02
12 13-4.13395518E-02-6.21842553E-02 1.16785207E-01 2.57940914E-02 1.07475314E-01
12 14 1.63919680E-02 1.68623013E-02 7.04681479E-03-2.97865319E-03 6.13445619E-03
12 15 2.33883728E-03 1.05326639E-02
13  1 1.80950243E-03-1.03915428E-02 1.99401302E-04 6.74502739E-04 2.53604041E-03
13  2 1.39019563E-02-3.20645177E-04-1.07408556E-03-5.65248425E-03 8.60834854E-03
13  3-9.51252459E-04-1.69523525E-03-4.01036194E-04-1.88697167E-02 1.66826474E-02
13  4 4.58699545E-03 3.67810843E-03-1.27296537E-02 4.57655677E-02 3.36221852E-03
13  5-5.51550479E-03-1.29712968E-02-2.33059353E-02 2.76187594E-02 5.88846567E-03
13  6-5.01422888E-02-3.17476212E-02 6.20541061E-02-4.95697330E-03-1.16695123E-02
13  7-1.27615035E-02 4.92544518E-02-4.68180649E-02-1.72344521E-02-6.01649369E-03
13  8 9.58855677E-03-1.62042916E-01-1.99991814E-02-5.76694391E-04 5.96778540E-03
13  9 6.48338617E-03-3.95984174E-05 7.04772068E-03-1.36842702E-03-2.21173537E-01
13 10 2.10101516E-01-8.56284426E-02 2.47896042E-02 1.58353453E-02 6.84777462E-01
13 11-7.98078181E-02 2.80999751E-02 2.11997382E-02 4.19031825E-02-3.82358906E-02
13 12 1.16153475E-02 2.61525117E-04 1.26879784E-02-1.36090431E-01 1.18105734E-02
13 13 3.90958971E-03 1.22102452E-02-2.39013866E-02-6.79603281E-03-2.02950332E-03
13 14 1.19010057E-02 1.28939882E-01 2.95116863E-02 1.14407223E-02 3.94983002E-03
13 15-2.92897200E-02-8.85398531E-03
14  1 6.16697006E-02-3.55736636E-01 7.38953585E-03 1.31467670E-02 4.52087506E-02
14  2 4.54169339E-01-1.50395057E-02-2.64182817E-02-9.13812403E-02 3.03023450E-01
14  3-7.09928885E-04-2.97871522E-03-7.76737648E-03-1.30409187E-01 1.12961552E-01
14  4 1.80315471E-02 3.12389664E-02 3.44194228E-02 3.97452154E-01 1.91546140E-02
14  5 3.07994075E-02 4.01951719E-02-4.43244192E-02 5.20884254E-02-5.94836732E-03
14  6-5.01977196E-02 5.81287693E-02 6.34107128E-02 8.27992459E-03-2.33738673E-03
14  7-5.14625696E-03 3.31364670E-02-3.06134507E-02-9.53739150E-03-2.10299091E-02
14  8 2.49315125E-02-1.15413601E-01-1.17729002E-02-1.11097201E-02 2.27774138E-02
14  9 5.38791033E-02-1.43640516E-02 5.42421325E-02-1.61081927E-02 2.84593179E-02
14 10-2.60166143E-02 1.41497418E-02-2.66818514E-03 8.99717058E-03-9.58301282E-02
14 11 1.24395940E-02-6.64566617E-03 2.61558795E-03-6.33008895E-03 5.89485381E-03
14 12-9.03700824E-04 3.61427994E-04-4.30775149E-03 2.24875371E-02-3.31781539E-04
14 13-4.59563167E-04-5.66313423E-03 4.41442373E-03 2.30726346E-03 1.20138317E-03
14 14-7.29605700E-03-1.90941228E-02-7.19720007E-03 2.19674721E-02-5.66803298E-03
14 15-2.72721656E-02-1.24433830E-02
15  1 5.04565586E-02-2.93796856E-01 5.04371510E-04 1.03274130E-03-1.00133296E-02
15  2 3.62412503E-01-1.71908720E-03-4.01286414E-03 1.80378855E-02 3.49186856E-01
15  3-3.79095855E-03-4.76429695E-03-1.70654544E-02 1.18335929E-01-1.23110780E-01
15  4-1.86304691E-02-3.31532548E-02 1.09591487E-01-3.14264401E-01-4.77368270E-03
15  5 9.59675866E-04 3.23073859E-02 1.18372408E-01-1.23030869E-01 1.07185058E-02
15  6 8.01165106E-02-7.32145520E-02-3.16175769E-01-1.72138192E-03 3.96599171E-02
15  7-3.13735837E-02-4.86048685E-02 4.35271954E-02 8.69265069E-04 7.90414820E-02
15  8-4.91842337E-02 1.90907960E-01 7.39102440E-03 5.26845772E-02-3.92153748E-02
15  9-6.48103255E-02-4.18892917E-03-6.76480934E-02-3.52517829E-04-3.82551807E-02
15 10 3.41574287E-02-2.95329282E-02-2.79011718E-03-3.83988747E-02 1.38824728E-01
15 11-2.42286224E-02 2.89700525E-03-1.97798013E-02 5.72582642E-03-5.27323722E-03
15 12-9.65880188E-04-1.32424707E-03 8.17819176E-03-2.23621757E-02-2.27651444E-03
15 13 5.47800240E-04 8.20382126E-03-6.18037138E-03-3.75343400E-03 4.58166441E-04
15 14 9.32963069E-03 3.31253472E-02 2.39661158E-02-6.44203651E-02 1.83567836E-03
15 15 6.16892568E-02 3.32364245E-02
16  1 1.77052540E-02-1.04129934E-01-1.41103863E-02-2.17531002E-02-2.78738679E-02
16  2 1.28314243E-01 2.82915317E-02 4.41857184E-02 5.42209562E-02 1.55426511E-01
16  3 1.36806840E-02 1.80032008E-02 1.05637536E-02 1.16451861E-01-1.04365080E-01
16  4 7.92473998E-02 1.15993712E-01-2.28336192E-02-4.46110504E-01 3.46568127E-02
16  5 4.19946104E-02-2.29168312E-03-1.30033111E-01 1.31748116E-01 8.83577411E-02
16  6 7.28634830E-02-5.62598117E-03 4.56367425E-01 6.73074801E-02 3.74944805E-03
16  7 1.38237484E-02 5.07866210E-02-4.66504563E-02 6.52866177E-02-1.43663988E-01
16  8 6.54709769E-02-2.07544105E-01 5.23233047E-02-1.18295199E-01 5.54003893E-02
16  9-1.20861330E-01-4.28234613E-02-1.05533536E-01-3.60070148E-02 1.21551770E-02
16 10-9.99746770E-03 4.82453849E-02 2.88649669E-02 3.79934928E-02-5.22445808E-02
16 11 3.80101833E-02 2.28606275E-02 2.24464083E-02-8.99368646E-04 8.84998771E-04
16 12 7.08583358E-03-1.38003997E-02-3.62319100E-03 4.79965898E-03 8.63435555E-03
16 13-1.28975805E-02-1.77525637E-03-3.23676928E-03-2.24622665E-03 1.14398079E-02
16 14 5.81405803E-03-3.68228820E-02-3.30708855E-02 1.37491766E-01 3.44783662E-02
16 15-8.78836812E-02-6.35830736E-02
17  1-1.62193403E-03 9.58674079E-03-1.31045256E-02 1.27366707E-02 4.01838957E-03
17  2-1.03909090E-02 2.69544581E-02-2.58500985E-02-8.56045587E-03-1.79125273E-02
17  3 1.54573831E-02-1.57615456E-02 1.06438524E-04-1.39198886E-02 9.54998040E-03
17  4 1.13465015E-01-9.85953700E-02 7.97090301E-03 7.85582215E-02 1.04393298E-01
17  5-7.04605587E-02-4.21064185E-03-1.40650098E-02 7.12368930E-03 2.56623481E-01
17  6-8.41343809E-02-5.29874063E-02 6.90306228E-02 1.68470363E-01-7.39337286E-03
17  7-5.87381908E-02 1.36496668E-02-1.48507486E-02 4.58602483E-02 2.44724109E-01
17  8-1.46386394E-01-5.06557080E-02 4.17461465E-02 2.19115905E-01-1.32976568E-01
17  9-4.53151012E-02-2.07878412E-02 8.23738869E-02 3.08497017E-02-8.18229299E-04
17 10 8.01924776E-05 7.66152758E-02 1.74492799E-02 3.24762505E-02 2.42870426E-03
17 11 6.67387754E-02 1.34699465E-02 2.49949130E-02 6.58359260E-03-8.56503622E-03
17 12 3.71659643E-03-5.40274052E-02 7.40043575E-02-2.07706824E-02-7.84952114E-04
17 13-4.70718139E-02 7.57750042E-02-5.63196547E-02-3.52761313E-02 3.16076531E-02
17 14 2.59950239E-02-5.15935450E-02-3.59320442E-02 1.35851819E-01 6.70039978E-02
17 15 1.56221342E-01 1.01246725E-01
18  1 1.11961980E-03-6.67789497E-03-1.49157106E-02-3.95245622E-03-2.75930813E-03
18  2 7.63753947E-03 3.10908639E-02 8.14084099E-03 5.08305820E-03 1.66798214E-02
18  3 1.77005739E-02 4.19500779E-03-1.24132839E-03 8.43880805E-03-4.72431824E-03
18  4 9.41338815E-02 6.46065005E-03-2.35441086E-02-6.76608904E-02 6.61424699E-02
18  5-1.74401029E-02-1.71920119E-02-7.78993380E-03 8.70968005E-03 6.12209895E-02
18  6-5.63358052E-02 3.59924325E-02 4.15189619E-02 2.52125427E-02-5.39269680E-02
18  7 6.35729183E-02-1.41683169E-02 1.30290453E-02-1.21800812E-02 8.33322063E-02
18  8 5.56804808E-04 5.89137630E-02-9.99053844E-03 7.86619264E-02 2.42200794E-03
18  9-5.97732966E-02-3.15780821E-02 1.85860238E-02 9.88860603E-03-8.77880583E-03
18 10 1.07893729E-02-4.41493597E-02-5.91868991E-02 2.42066357E-02 3.18849034E-02
18 11-4.21361586E-02-6.40337068E-02 2.81828565E-02 2.30099385E-03-7.04733416E-04
18 12-6.38026377E-02 3.35482999E-01-1.59760797E-01-1.28627342E-02-5.48735587E-02
18 13 3.06391141E-01-1.46608134E-01 2.07980892E-01 1.53185568E-01-2.03706844E-01
18 14-1.63413504E-01 2.92809966E-02 1.90956570E-02 3.32584160E-02 1.14574312E-02
18 15 2.49366893E-02 2.92535706E-02
19  1-3.91095293E-03 2.32006455E-02-3.40428575E-02-2.78993192E-02 4.71372995E-02
19  2-2.64541572E-02 7.17569791E-02 5.78076938E-02-9.95784318E-02-4.72093643E-02
19  3 4.70129145E-02 4.61992357E-02-5.55738780E-02-2.27353238E-03 3.02597873E-03
19  4 2.16748737E-01 1.82004205E-01-4.75742689E-02-1.88588699E-02 1.74774795E-01
19  5 1.38003666E-01-1.94455408E-02 1.67318923E-02-1.53262543E-02-2.59874478E-02
19  6-1.64593094E-01 2.23728914E-01-7.74913436E-02-4.54089437E-02-7.46134849E-02
19  7 1.86542844E-01-3.95129186E-02 3.82796658E-02-1.16338448E-01 1.30003547E-01
19  8 1.09362004E-01 1.52016218E-01-1.17119440E-01 1.33994835E-01 1.08059749E-01
19  9-1.44035472E-01-9.20485790E-02-3.02453040E-02-2.25125580E-02 2.69167201E-04
19 10 2.63434109E-04-8.11535535E-02-5.04920953E-02-8.48213279E-02 2.90840402E-03
19 11-6.82380620E-02-4.63831515E-02-8.00359287E-02-5.79712648E-03 6.50854051E-03
19 12 2.49593448E-02-1.10679667E-01 3.78318389E-02 2.10718032E-02 2.54603723E-02
19 13-1.02847776E-01 2.43665949E-02-6.29955041E-02-5.20195517E-02 6.06672209E-02
19 14 4.65626408E-02 5.98199001E-02 4.94973473E-02-4.27672544E-02-1.91707068E-02
19 15 5.65414051E-03 2.93483295E-02
20  1-1.23190644E-02 7.30133898E-02-6.42483127E-04 5.06243673E-02 8.64946008E-02
20  2-9.22981341E-02 1.16001698E-03-1.07137106E-01-1.81427766E-01-1.29448923E-01
20  3 6.64539766E-03-5.82950665E-02-1.02741853E-01-1.28099086E-02-1.57399263E-03
20  4 8.02591964E-02-1.47163603E-01 1.92098332E-01 1.14653744E-01 7.57792775E-02
20  5-9.21331928E-02 1.46164034E-01 2.13800929E-02-1.26145139E-02 1.04471933E-01
20  6 2.48491186E-01 4.57222708E-02-1.11614640E-01 1.20565963E-01 1.77409440E-01
20  7 5.91180837E-02-5.31545871E-04-1.82427470E-03 1.45144601E-01-8.33101062E-02
20  8 1.39033024E-01 1.92687379E-02 1.46109947E-01-8.95119218E-02 1.38856125E-01
20  9-4.22738909E-02-3.25719900E-02 1.03363464E-01 6.48445027E-02-9.08694394E-03
20 10 8.65832278E-03-8.22729613E-02-2.76299409E-02-1.47503407E-01 4.25372276E-02
20 11-7.48275008E-02-2.75459124E-02-1.37850343E-01 1.25040189E-03 2.87874647E-04
20 12 1.01454614E-02-7.78017198E-03-2.95833092E-02-8.61918509E-03 1.36583224E-02
20 13-4.92592810E-03-3.20328556E-02 9.24870003E-03 4.40413470E-03 7.49214358E-03
20 14 1.26353046E-02 7.02327113E-02 6.07829772E-02 5.82636293E-02 2.65240430E-02
20 15-6.99380202E-02-7.12594489E-02
21  1 7.44540516E-03-4.41676859E-02-5.87125203E-02 2.58012470E-02-6.82915774E-02
21  2 5.25008129E-02 1.23738752E-01-5.41240965E-02 1.44836284E-01 8.59216586E-02
21  3 7.80155756E-02-4.22565985E-02 8.02710760E-02 7.84897000E-03 8.93678119E-04
21  4 2.33104747E-01-2.11922932E-01-8.17088935E-02-7.00649850E-02 2.12995551E-01
21  5-1.94915099E-01-6.26556034E-02 5.98197803E-03-8.39311535E-03-1.33909617E-01
21  6-1.24447985E-02-7.85394360E-02-1.16181483E-02-1.39270191E-01-4.31649990E-02
21  7-5.90320544E-02-2.14195971E-02 1.88867731E-02-6.75610884E-02-1.52027992E-01
21  8-6.91081283E-03 9.34658554E-02-6.18440113E-02-1.48199303E-01-1.18410212E-02
21  9-1.40749526E-01-7.66426019E-02 1.96901166E-01 1.29981899E-01 6.03803739E-03
21 10-6.65182334E-03 3.32812330E-02 1.59946002E-02 6.45001342E-02-2.51684018E-02
21 11 3.12818525E-02 1.76180305E-02 6.15236787E-02 8.65497724E-04-2.42709339E-04
21 12 9.27382023E-03-4.15722158E-02-2.55553749E-02-3.99180951E-03 8.83104864E-03
21 13-4.24769671E-02-2.95580627E-02-5.30554891E-03-5.83094348E-03 2.33120397E-02
21 14 1.82300006E-02-3.22072761E-02-2.83459147E-02-9.02471932E-02-4.52327621E-02
21 15-7.04611976E-02-6.55033212E-02
22  1-4.12378064E-03 2.44637959E-02 2.06315680E-02 1.27941847E-02 4.50677537E-02
22  2-3.45628364E-02-4.30037114E-02-2.89307881E-02-9.38581695E-02-4.08513130E-02
22  3-3.15973176E-02-7.96721240E-03-6.66335214E-02 2.83846917E-03-6.13470956E-03
22  4-1.33244409E-02-1.22023224E-03 7.72517842E-02-2.96572510E-02-4.47508809E-02
22  5 3.34825067E-02 7.85355841E-02 2.88651113E-02-3.91417135E-02 2.30275689E-02
22  6-1.09625687E-02-9.68616510E-03-5.28048731E-02 3.78312346E-02-5.86094080E-02
22  7-7.50906689E-03-4.81943689E-02 4.06256457E-02-1.05477532E-01 2.87835166E-02
22  8 1.41628994E-01 2.31692990E-01-1.06299184E-01 2.94958531E-02 1.61101219E-01
22  9 8.32950478E-05-1.41849251E-02-1.20837331E-02 3.04129720E-02-7.96548695E-02
22 10 6.94652258E-02 3.50585337E-01-1.65770608E-02 9.42778831E-03 3.44935056E-01
22 11 3.46485811E-01-2.62069092E-02 9.67038826E-04 1.78721927E-02-9.64789866E-03
22 12-7.10680932E-03-6.82676597E-03-1.01807150E-01-9.96431993E-02 1.66029650E-03
22 13 3.51899745E-03-1.13364450E-01 4.63096138E-02 2.03027512E-02 1.90802536E-02
22 14 7.17010087E-02-2.08709326E-01-1.76092799E-01-1.43722094E-02-2.28860241E-03
22 15-6.49125114E-02-6.12343903E-02
23  1 8.68283976E-03-5.18385668E-02-5.64183996E-03-5.00454069E-02-1.59165437E-01
23  2 4.90109143E-02 1.32838884E-02 1.05955309E-01 3.40566277E-01 1.53641866E-01
23  3-2.68285111E-03 7.10841415E-02 1.95071729E-01 6.06645926E-03 1.13900975E-02
23  4-1.08929574E-01-1.35684098E-01-1.43002471E-01-1.04644432E-01-1.36086963E-01
23  5-1.34810450E-01-1.60015369E-01 5.70769536E-03-1.25812834E-02 1.35928353E-01
23  6 1.98755915E-02 7.21321947E-02 2.00421675E-02 1.05876019E-01 1.92271753E-02
23  7 1.44241906E-01-3.63196327E-02 3.23869456E-02-1.21992780E-02 9.91996286E-02
23  8 2.29934296E-01 1.59336712E-01-1.59971655E-02 1.07085593E-01 2.45551252E-01
23  9 9.85575527E-02 8.45948779E-02 5.81406864E-02 6.87109675E-02-4.38879338E-04
23 10 3.48586965E-04-4.38436247E-02-8.49670169E-02-5.13107954E-02 1.00151397E-02
23 11-3.54583889E-02-9.17465494E-02-4.65679972E-02-4.16545394E-03 5.79142785E-03
23 12 4.27041136E-02-5.47476088E-02-3.40047475E-02 1.64315184E-02 5.42911666E-02
23 13-5.48903799E-02-4.95890202E-02-1.28532989E-02-1.63404408E-02 2.39847423E-02
23 14 8.32968342E-03 3.55388766E-02 3.11944681E-02 8.74848840E-02 7.51778259E-02
23 15-5.66696038E-02-3.78349324E-02
24  1 6.01801833E-04-3.63926037E-03-1.78194098E-02-2.39367561E-02-8.18276495E-03
24  2-8.50473436E-08 3.83559949E-02 5.10275463E-02 1.83053363E-02 2.27557036E-02
24  3 2.69187672E-02 3.69707339E-02 8.78086789E-04-7.19554465E-03 1.50233991E-03
24  4 2.28311537E-02 6.64557030E-03-2.97561891E-02 7.72036643E-02 6.46044116E-03
24  5 2.79333936E-02-7.07295947E-02 1.15789605E-02-5.32203829E-03-9.96428832E-02
24  6 3.69809753E-02 5.62414007E-02-1.08617868E-01 8.14679625E-03 4.18616260E-02
24  7 1.04670053E-02 2.02483092E-02-1.42574216E-02 1.43261441E-01-2.43830079E-02
24  8 5.70355741E-02-1.01712604E-01 1.61120355E-01-4.71025312E-02 8.45827304E-02
24  9-1.52965849E-02-3.79918470E-02 1.55205452E-02 3.06813450E-02-4.16198509E-02
24 10 3.67258523E-02 1.09154342E-01-1.34108571E-01 8.33452420E-03 1.91812748E-01
24 11 1.07245866E-01-1.55252969E-01 1.33660134E-02-7.34354342E-02 6.39917149E-02
24 12 1.68903391E-01 1.59415958E-01 2.83160926E-01 3.24374468E-01 1.93448713E-01
24 13 1.82665142E-01 3.11215968E-01-1.08078132E-01-8.89464001E-02-9.92940951E-02
24 14-9.20866407E-02-6.50882404E-02-7.69261528E-02-8.63157884E-02-6.61342007E-02
24 15 2.70569818E-02 9.20233756E-02
25  1 1.99988245E-03-1.18297317E-02-5.78650214E-02-8.73404169E-02-2.64869189E-02
25  2 1.68912485E-02 1.23715695E-01 1.88241470E-01 5.62009061E-02 2.37720462E-02
25  3 9.94869673E-02 1.41926175E-01 3.90450676E-02-2.65924136E-02 2.90308476E-02
25  4 1.89899011E-02 4.29744886E-02-1.01833251E-01 1.52366568E-01 1.74450974E-02
25  5 3.75662546E-02-1.17350469E-01 4.25068440E-03 6.92935083E-03-1.29815504E-01
25  6 3.90289499E-02 9.44616708E-02-8.29082878E-02 1.09142167E-02 6.10261822E-02
25  7 6.76964544E-02 4.34589520E-02-4.22773598E-02 2.98201271E-01 2.62366999E-02
25  8-6.77463934E-02-1.65713305E-01 3.35835037E-01 2.63761707E-02-8.08872094E-02
25  9 9.70760948E-03-3.29435252E-02 1.76582041E-02 4.74150810E-03-2.60255257E-02
25 10 1.99155232E-02 9.92674822E-02-3.37987660E-02-1.10401000E-01 1.30239646E-01
25 11 9.84533223E-02-3.38705755E-02-1.17710464E-01 4.75563594E-02-4.17670995E-02
25 12-1.79201046E-01-6.62503090E-02-1.05263815E-01-2.17151888E-01-2.08738622E-01
25 13-6.88382298E-02-1.03874528E-01 6.58167369E-02 5.02013058E-02 4.89344992E-02
25 14 8.25899432E-02-5.36915747E-02-4.81283752E-02-1.10635608E-01-1.52009441E-01
25 15 8.59066983E-02 1.81097331E-02
26  1-1.94550123E-04 1.13358106E-03-2.11384257E-01-1.34064167E-01 7.94751115E-02
26  2-3.93251079E-03 4.54930017E-01 2.88705030E-01-1.70413137E-01 4.03768317E-03
26  3 3.88309154E-01 2.45055714E-01-1.50130233E-01 1.02039104E-03-3.81015583E-03
26  4-9.88725371E-02-6.57063142E-02 3.67182706E-02 2.93914926E-03-3.74169488E-02
26  5-2.41895447E-02 8.45754327E-03 1.85198568E-02-2.31816194E-02 6.60810529E-02
26  6 4.69727031E-02-8.34663858E-02-8.31796646E-02 8.94745586E-03 6.10974947E-02
26  7-6.23384155E-02-1.06442042E-02 1.06578530E-02-1.14682898E-01-3.69095103E-02
26  8-2.34853788E-02 3.78948949E-02-1.37685274E-01-3.73538307E-02-2.67251183E-02
26  9 8.51455716E-02 1.12703074E-01 1.65352294E-03 1.22917338E-03 4.67711112E-03
26 10-4.57214996E-03-1.32138484E-03 6.58417805E-02-3.03447931E-03-2.19348997E-02
26 11 1.87296546E-03 7.56488952E-02 1.73868980E-03-6.92233390E-03 6.83909126E-03
26 12 5.61475558E-02 3.33773190E-02 4.68185504E-03 2.72462425E-02 6.63064178E-02
26 13 3.76663519E-02 4.88020404E-03-4.04912813E-03-2.24315699E-03-1.42387895E-02
26 14-3.19026265E-03 4.29242239E-03 1.49104898E-02 5.01599165E-02 9.03942449E-02
26 15-3.11550023E-02-2.60222135E-02
27  1-1.05153516E-05 4.57606953E-05 1.64254349E-01-2.15801896E-01 4.96104436E-02
27  2-5.38280288E-04-3.53704439E-01 4.64696520E-01-1.06570773E-01 7.96460027E-04
27  3-3.02873202E-01 3.96455908E-01-9.15278015E-02 6.80570262E-04-4.81367895E-03
27  4 8.10289306E-02-9.67655634E-02 2.32442316E-02 1.52936028E-02 5.29752640E-02
27  5-4.07717092E-02 1.59519460E-03 1.04507723E-02-1.20515586E-02 1.19344607E-02
27  6 2.23010789E-02-6.04709152E-02-4.78709878E-02 1.90839174E-02 2.21745185E-02
27  7-5.58454084E-02-4.12096872E-03 1.38189727E-03-2.30421855E-02-3.03537275E-02
27  8-1.23217259E-02 2.85279401E-02-2.65099571E-02-3.82908551E-02-9.52380537E-03
27  9-6.18708741E-02-5.93721541E-02 9.75638757E-02 1.04967663E-01 7.27646605E-03
27 10-7.49618098E-03-2.39931965E-02 2.97819633E-02 4.07185556E-02-3.12164260E-02
27 11-2.70245129E-02 3.48645036E-02 4.90351886E-02-2.59935520E-03 1.94889483E-03
27 12 2.19205723E-02 2.74434268E-03-5.20496807E-03 1.37477498E-02 2.52926270E-02
27 13 7.71840447E-04-6.36038649E-03-2.04369406E-03-3.08775714E-04-3.07239059E-03
27 14-9.78998241E-03 9.31780840E-03 9.01518246E-03-3.74860011E-03-1.11205332E-02
27 15-1.57750535E-02-1.57995397E-02
28  1 1.26105253E-04-9.80041177E-04-1.77237102E-02 7.43395242E-03 4.53696918E-02
28  2-2.87178897E-03 3.84477711E-02-1.62854139E-02-9.86394828E-02 2.18226861E-02
28  3 2.93714606E-02-1.78773023E-02-9.54586168E-02 4.40915705E-03-1.11434429E-02
28  4-1.20051591E-02 2.71461993E-02 2.47533448E-02 1.66073458E-04-1.47767224E-02
28  5-4.71221114E-03-3.30497067E-02 1.85706254E-03-9.76172878E-04-4.04488540E-02
28  6-1.44152549E-02-6.03265141E-02 1.87763848E-03-1.75868317E-02-1.28483469E-02
28  7-3.74961073E-02 6.57611896E-04-4.35226760E-03 1.76736902E-01 9.73128663E-02
28  8-2.67776086E-03 3.06195841E-02 2.11575601E-01 1.29846351E-01-2.53244233E-03
28  9-5.31859115E-03-2.38900569E-02-3.46729363E-02-3.59423809E-02 4.83068866E-03
28 10-6.47496658E-03-5.53318094E-02-1.03401581E-01 2.22997688E-01-1.19777982E-02
28 11-6.64320013E-02-1.23917272E-01 2.61573960E-01-5.81149834E-03 2.77381600E-03
28 12 2.92949641E-01-1.10326059E-01-2.38358083E-01 4.03046456E-02 3.47237778E-01
28 13-1.34029625E-01-2.78627253E-01-6.03240268E-03-2.42912649E-03 1.24069163E-02
28 14-3.23793861E-02 8.31875202E-03-2.29145625E-02-5.49347840E-02-6.03885236E-02
28 15 1.62308011E-02-9.30843116E-02
29  1-2.93860930E-04 1.45428267E-03-2.48319557E-02 5.70583481E-03 4.34221156E-02
29  2-1.55356237E-02 5.47276986E-02-1.46761931E-02-9.15317507E-02 3.68945778E-02
29  3 3.89311429E-02-1.28005074E-03-1.09362937E-01 1.41927841E-02-1.95355878E-02
29  4-1.49836542E-02-3.40599285E-02 4.33520727E-02-5.36248973E-02-2.28376469E-02
29  5-4.40670891E-02-6.05590890E-03 9.70927961E-03-2.35923115E-02-2.95563402E-02
29  6-1.84484170E-02-8.37303582E-02 3.24090353E-02-3.72285131E-02 1.62693779E-02
29  7-5.67728437E-02-3.65950892E-03 8.02466455E-03 9.63447451E-02 1.09277996E-01
29  8 2.81895451E-01-2.21152595E-02 1.07412214E-01 1.28803823E-01 3.30847304E-01
29  9-8.88965435E-03-1.65420809E-02-4.07002075E-03-7.05304684E-04 1.12903681E-02
29 10-1.60267081E-02-6.45513244E-02 9.59153285E-02 2.81431780E-01-2.96781117E-02
29 11-7.31056387E-02 1.18204240E-01 3.29230825E-01 4.30506245E-03-6.80800752E-03
29 12-2.38807824E-01-1.35927858E-02 1.25193589E-01 3.54020250E-03-2.81214229E-01
29 13-2.90579744E-02 1.40732065E-01 1.40628443E-03 3.18320788E-03 1.79139208E-02
29 14-6.85430446E-02 9.38477379E-03-2.16509303E-02-5.81663482E-02-6.54305075E-02
29 15-2.25875960E-02 5.07053042E-02
30  1-2.06399212E-04 1.48550197E-03 7.10793581E-03 8.35763444E-03-3.40243484E-02
30  2 2.49890923E-03-1.52190887E-02-1.86326693E-02 7.47086532E-02-2.51635125E-02
30  3-1.33789710E-02-6.53582776E-03 7.83483646E-02-1.72754037E-02 2.57424549E-02
30  4 2.88652028E-02 2.13813194E-02-5.05986189E-02 9.09802169E-02 4.65347039E-02
30  5 9.73643786E-03 1.64287045E-02-1.92928088E-03-4.71036104E-04-5.01494143E-02
30  6-4.94049783E-02 1.00237761E-02 4.10078449E-02-6.08385614E-02 3.00803602E-02
30  7-6.08997713E-03 4.79488249E-03-5.56997321E-04 9.10147979E-02 1.06372675E-01
30  8 9.52303071E-02-5.00915569E-02 9.73194534E-02 1.36618797E-01 1.06612436E-01
30  9-4.63254701E-03-2.20179528E-02 1.81042505E-02-3.07596100E-02 5.99968236E-03
30 10-6.53763919E-03 2.30742199E-02 4.34489364E-01-1.15436846E-01-1.47416765E-02
30 11 2.15486698E-02 4.94738092E-01-1.29278042E-01-2.60379641E-03 7.34990285E-03
30 12 1.76854165E-01 1.08543247E-01-3.82635547E-02-2.29469189E-02 2.14110317E-01
30 13 1.36788053E-01-3.69629877E-02 8.92117912E-03 3.82902712E-03-2.02624757E-02
30 14 8.15591171E-02 6.68569652E-03-3.72448806E-02-5.82194823E-02-6.01146683E-02
30 15 6.03966304E-03-9.10044169E-04
 $END   
 $GRAD  
E=     -762.2878951207  GMAX=   0.0539731  GRMS=   0.0142232
CL          17.    6.0363574371E-05    3.0887443061E-04    2.2499423099E-04
C            6.    6.4015961674E-05    6.3403852615E-05   -1.1133302000E-05
C            6.    5.2480772584E-03    2.8678488655E-02    5.3973138687E-02
O            8.    1.3184232543E-04    4.5420465217E-04    4.2834664613E-04
H            1.    3.9818019859E-06    1.9293202108E-06    9.1685479941E-06
H            1.   -2.6637704849E-05   -1.3787567543E-05   -3.1902775470E-05
O            8.   -5.9042581143E-03   -3.3312646348E-02   -5.2605984387E-02
O            8.    5.3119813069E-03   -4.0833404842E-04   -8.2079646469E-03
H            1.    1.9656963642E-04   -4.2099866394E-05   -1.2765101426E-04
H            1.    5.6403186316E-04    3.8054734419E-03   -2.0416602259E-03
H            1.    7.8493154683E-06    2.1974865212E-04    1.7537645685E-04
H            1.   -3.4631514461E-05    2.9582940410E-04    3.7826855167E-06
H            1.   -5.6231854626E-03   -5.1084509340E-05    8.2114891388E-03
 $END
-------------------- DATA FROM NSERCH=  14 --------------------
 COORDINATES OF SYMMETRY UNIQUE ATOMS (ANGS)
   ATOM   CHARGE       X              Y              Z
 ------------------------------------------------------------
 CL         17.0   3.1254364057   0.7075954495   0.4503046457
 C           6.0   2.7982511719   0.1352647306  -1.3283985937
 C           6.0   3.3181298988   1.1798614974  -2.2588477203
 O           8.0   2.5582058135   2.3093056527  -2.2887843217
 H           1.0   1.7195420921   0.0314375529  -1.4014096869
 H           1.0   3.3249185238  -0.8043425454  -1.4459201635
 O           8.0   3.1578818167   0.3342006008  -3.8397266532
 O           8.0   3.8907876226   2.8619222782  -4.5391000311
 H           1.0   3.4222520846   3.3100574887  -5.2786042207
 H           1.0   3.6908696614   1.8757154850  -4.6010779651
 H           1.0   2.1721873060   0.4043015152  -3.9582664410
 H           1.0   4.3982258122   1.2950467210  -2.2712971973
 H           1.0   2.9571041651   2.9070742165  -3.0008554131
--- CLOSED SHELL ORBITALS --- GENERATED AT 22:12:28 29-JUL-2026    
Chloroacetaldehyde hydrate and water                                            
E(R-WB97X-D)=     -762.2878994574, E(NUC)=  306.4847012572,    6 ITERS
 $VEC   
 1  1 9.85802805E-01 5.34282742E-02-1.98230892E-05-3.66758512E-05-1.72498245E-04
 1  2-1.87697994E-02 6.12094573E-05 1.12625365E-04 6.47984988E-04 1.02694399E-02
 1  3-2.27647335E-04-4.42709449E-04-1.80246070E-03-3.03100864E-05-4.16176459E-04
 1  4-3.38363683E-06-1.30315505E-05-1.51136088E-04 8.74070670E-04-2.79688787E-05
 1  5 4.14697121E-04-1.50514199E-03 9.13100895E-05 6.93600526E-04-3.04863519E-06
 1  6 1.41254386E-05 3.58793566E-04-2.37171799E-03 6.18397436E-04 1.29969201E-04
 1  7-1.64496725E-03-2.08991416E-05-1.59711921E-04-1.67244659E-05 2.54927572E-05
 1  8-3.84265280E-07 7.02521311E-04 1.65236502E-04-3.30908217E-04 1.99302954E-04
 1  9 1.50419210E-04-8.37978461E-04 2.01912072E-04-7.41490155E-04 9.43490101E-06
 1 10 9.09721123E-05 1.00904856E-05 8.17492495E-06 3.49530167E-05-2.84395420E-04
 1 11-4.96804338E-05-6.65923706E-05-1.74483012E-04-8.95383959E-07-2.79976003E-06
 1 12-2.60082314E-06-3.37255854E-06 2.78306004E-05 5.12635299E-05 2.75240443E-06
 1 13-4.49409571E-06-8.41439056E-05-3.25295508E-05 2.37090686E-05 5.04184983E-05
 1 14-2.05520846E-04-1.28087674E-06-3.11993766E-06 2.32687831E-04-1.88678269E-04
 1 15-2.19324257E-05 4.41916969E-05
 2  1 8.27660584E-06-6.45318796E-05-2.43824082E-05 8.37742566E-06 5.61105709E-05
 2  2 6.21006051E-04 1.65264930E-04-3.46961647E-05-3.37305478E-04-7.83974132E-04
 2  3-7.83914298E-04 2.46173458E-04 6.01451133E-04 1.64189327E-04 5.33893308E-04
 2  4-5.20768836E-04-5.53684686E-04 4.51089266E-04-5.25247708E-03 4.41968878E-03
 2  5-3.67881975E-03 1.63589431E-03-7.37839405E-04-3.02456329E-03-5.39340387E-04
 2  6 2.36004843E-03 4.49844475E-05 2.15951358E-02-1.15746879E-02 8.85125061E-03
 2  7-6.94670935E-04 9.82648129E-01 1.05539806E-01 3.13013698E-03-1.74190051E-03
 2  8-1.75121182E-03-5.39396608E-02-8.58199564E-03 7.34876146E-03 4.03828390E-03
 2  9 9.28698633E-04 2.06666278E-03-6.62408853E-04-4.37100197E-04 7.47281261E-03
 2 10 1.89412880E-03-3.51876239E-04 5.17460063E-04 3.32491571E-04-3.00077814E-03
 2 11 1.46273614E-03-2.35288691E-03-1.78170337E-03 4.73056620E-03 1.35376615E-03
 2 12-2.25918311E-04-2.42876272E-05 6.29937551E-04-1.83680527E-03 8.48234088E-04
 2 13 1.84862456E-04-2.22537155E-03 1.19456336E-04-7.23949401E-04 4.39192072E-04
 2 14-6.09983056E-04 9.10714776E-04-8.19980640E-04-7.01231918E-04 1.03819634E-03
 2 15 3.06313283E-03 6.78768046E-03
 3  1-6.57484380E-06 4.12708303E-05 8.23097914E-06 2.97780372E-05-3.78796282E-05
 3  2-7.96242092E-04-4.73268187E-05-1.72674246E-04 2.85481826E-04 1.45338263E-03
 3  3 1.52002232E-04 4.88408984E-04-1.36209040E-03 2.13717946E-04 7.69164530E-04
 3  4-9.96402938E-05-1.66469782E-04 7.82627479E-04-6.69320956E-03-1.22616931E-03
 3  5-2.02021165E-03 2.45019422E-03-9.35117803E-04-5.27095692E-03-1.09734345E-04
 3  6 8.84331491E-04 5.36365473E-04 1.78320947E-02-2.36185357E-03-5.24018804E-03
 3  7-5.43305211E-03-7.28583254E-03 4.03659515E-04-8.44943587E-05-4.18556801E-04
 3  8-3.92821970E-04-3.29712604E-03-2.77768845E-04 2.91116517E-03 1.89855528E-03
 3  9 7.37942783E-04-1.03409148E-03 2.65936176E-04 3.36653596E-04 9.82206090E-01
 3 10 1.02555668E-01-2.20905267E-03 1.74773180E-03 1.28342678E-03-4.26986241E-02
 3 11 4.44752145E-03-4.80105977E-03-4.11695516E-03 1.90111728E-02 3.03297116E-03
 3 12-2.88743802E-05-6.00964803E-04-1.87851758E-05-3.96114654E-03 1.83753098E-04
 3 13 2.64851340E-03 1.49882532E-05 3.69845083E-04-1.19450267E-03-1.83832553E-04
 3 14 5.81496894E-03 3.31381630E-03 6.04801344E-03-1.28560117E-03-1.80199695E-03
 3 15 5.15651726E-04-1.15965916E-03
 4  1 3.91297986E-08-1.08360981E-07 7.03318449E-06-1.96270009E-06-1.76242172E-07
 4  2 4.06792482E-06-3.62041075E-05 8.50435991E-06 3.26971228E-06-3.18138632E-05
 4  3 5.75187944E-05 7.57156204E-06 1.51577947E-05 6.57612936E-06 8.87803026E-05
 4  4-4.34056969E-05 4.67019617E-05-6.74587581E-05-1.51272882E-04 1.26387892E-04
 4  5-3.86619227E-05 1.09902553E-04 6.46365190E-05 4.08094438E-04 1.68842559E-05
 4  6-7.88725602E-05-3.36161863E-05-1.38445035E-03 3.97195164E-04-6.80294382E-04
 4  7 3.74886998E-04-4.41411230E-03 4.03033118E-04 3.38527696E-05 4.21896620E-04
 4  8-2.37087250E-04-2.38549658E-03-2.86725864E-04-1.86769252E-03 1.30190753E-03
 4  9-2.94611883E-05 2.80875126E-04 5.69773035E-05-1.76620487E-04-1.88395607E-02
 4 10-9.90081575E-04 3.64088157E-04 5.46250739E-04-4.20921749E-04-1.12490677E-03
 4 11-1.18700329E-03-1.99636022E-03 1.42096310E-03 9.82180582E-01 1.02743401E-01
 4 12-2.16014599E-03-1.42649890E-03-1.71878854E-03-4.34223750E-02 4.56087662E-03
 4 13 3.64158512E-03 3.27171533E-03 2.92948016E-03 6.11464401E-03 2.34865493E-03
 4 14 9.57939310E-03 5.32600670E-04-1.51039948E-03 1.92419501E-04-4.88596148E-04
 4 15-4.86153720E-04 5.20166476E-03
 5  1 7.88374118E-05-1.01160414E-04-2.45268822E-06 5.31796276E-05-2.18268312E-04
 5  2-2.41247611E-03 2.45914271E-05-3.54841948E-04 1.50625621E-03 3.23411855E-03
 5  3-4.75777092E-04 1.48873482E-05-2.52427123E-03-8.92993867E-03-4.00809301E-03
 5  4-3.23107716E-04-5.08473636E-04 1.33702708E-04 2.57735100E-02 6.16222767E-03
 5  5 1.06746665E-02-1.21327465E-02 9.86492954E-01 1.10068657E-01-3.51880594E-04
 5  6-9.15774682E-04-4.38680107E-04-8.26981083E-02 1.93734134E-03 1.21303407E-02
 5  7-4.61791610E-03 2.03496923E-05-2.46796290E-04 3.10700617E-04 3.78323728E-04
 5  8-1.71874904E-04 6.85246251E-03-1.08892708E-03-2.74258407E-03 1.04518339E-03
 5  9-1.41835421E-03 1.64048267E-03-1.57289593E-03 1.16903182E-03-3.65846721E-04
 5 10-2.58594711E-03-1.43981646E-04-1.82570974E-04-5.14283306E-04 8.97872353E-03
 5 11 9.41269115E-04 2.99019072E-03 6.86404942E-03 2.62976500E-05 2.22031342E-04
 5 12 3.39070661E-05 1.11936664E-04-3.33988594E-05-7.92941491E-04 2.23384847E-05
 5 13-2.01438399E-04-1.26361216E-04 2.89318252E-04-4.81256209E-04-4.26380231E-04
 5 14 1.05294711E-03-1.38836959E-03 3.53999317E-03-6.04530560E-04 1.59530302E-02
 5 15 1.79033284E-04 2.70641836E-03
 6  1-2.73784243E-05-1.62553454E-04 5.97141678E-05 1.01965997E-04 3.37378749E-04
 6  2-2.14122698E-03-3.47066468E-04-5.93449594E-04-1.90828871E-03 1.28216714E-02
 6  3-1.25068973E-03-2.13603580E-03-8.57744280E-03 9.86477136E-01 1.11841500E-01
 6  4 3.43684766E-04 6.78393421E-04 1.11283142E-03-9.04169115E-02-2.82036735E-03
 6  5-6.00422897E-03 2.47382503E-03 8.37508036E-03-1.86173113E-03 4.04040255E-04
 6  6 4.71082182E-04-7.21217427E-05 2.33337572E-02-5.59583222E-03-1.01980960E-02
 6  7 8.90497820E-03 3.63176526E-05-1.38475354E-05-1.87663488E-05 5.05588082E-04
 6  8-3.25075673E-04-1.31756674E-03-1.03083210E-05-4.27262074E-04 5.49868241E-04
 6  9-9.81111813E-05 1.54915825E-02-1.76487601E-04 1.54350682E-02 1.75443104E-05
 6 10-4.82090556E-05 1.93676531E-04 1.90392028E-04-3.25559574E-04-5.43773130E-04
 6 11-6.16519798E-04-6.37255318E-04 1.71865733E-04 1.59396954E-05 1.16718901E-04
 6 12-4.01471158E-05 5.05026806E-05-1.31373025E-04-5.79666206E-04 1.92700809E-04
 6 13-4.36200588E-05 3.92791634E-04 3.10442216E-04-2.64118914E-04-2.28678296E-04
 6 14 1.30598908E-03-3.88561624E-04-7.61450270E-05-1.15036314E-03 1.35487346E-03
 6 15 4.61661119E-04 1.30732698E-03
 7  1-3.05122386E-01 9.77074463E-01-1.48054371E-03-2.76869260E-03-8.45272182E-03
 7  2 1.54263726E-01-6.19569524E-04-1.14225877E-03-5.20212073E-03-6.76758827E-02
 7  3 1.62008006E-03 3.11290793E-03 1.20298069E-02-3.07300741E-05 1.70124494E-03
 7  4-5.09062291E-05-2.37129805E-05 4.88865440E-04-3.02207662E-03 4.99621291E-04
 7  5-1.90813991E-03 9.93816758E-03-1.10847662E-04-3.69252609E-03 2.94933121E-05
 7  6-1.06222316E-04-2.06111033E-03 1.30639822E-02-3.63820830E-03-6.55843242E-04
 7  7 9.52427987E-03 1.07231485E-04 7.78912178E-04 7.13650681E-05-1.41736527E-04
 7  8 1.14224338E-05-3.85032090E-03-8.89216543E-04 1.88663326E-03-1.14680849E-03
 7  9-9.62380720E-04 5.05583245E-03-1.25716017E-03 4.44529582E-03-5.59327197E-05
 7 10-5.10685329E-04-5.35520086E-05-3.90708342E-05-2.14692434E-04 1.72549038E-03
 7 11 2.89325160E-04 3.92085859E-04 1.17946327E-03 5.37571538E-06 2.20941232E-05
 7 12 1.36751866E-05 1.30181220E-05-1.34953991E-04-3.06134177E-04-1.79731409E-05
 7 13 5.02356186E-05 4.46881443E-04 1.71341264E-04-1.46629043E-04-2.75295894E-04
 7 14 1.20050328E-03-4.87501820E-05 1.56334413E-04-1.27816019E-03 1.30539065E-03
 7 15 8.17744784E-05-2.38756931E-04
 8  1-3.21280616E-03 1.08777804E-02 1.62108132E-01 2.85663364E-01 9.13435106E-01
 8  2-3.22273400E-03 1.48578119E-02 2.61755462E-02 8.50223759E-02 4.82179991E-03
 8  3-4.82644870E-03-8.62892499E-03-2.93174571E-02-6.84161788E-04-4.43502440E-03
 8  4-3.38678220E-05-1.25579525E-04-4.50592175E-04 9.51962840E-03 9.40631913E-04
 8  5 3.45688742E-03-3.33911175E-03 4.13406486E-04 2.88156291E-03 2.67055265E-05
 8  6 8.65867955E-05 8.36199630E-04-1.20158066E-02 2.36226533E-03 1.46946144E-03
 8  7-7.69542896E-03-7.25984229E-05-4.45848928E-04-7.44140398E-05-3.52414786E-05
 8  8 4.04379543E-05 2.58794248E-03 7.31049217E-04-9.61541183E-04 6.15918965E-04
 8  9-2.54060040E-04-3.95389528E-03-4.70425083E-05-3.54577543E-03 2.32762244E-05
 8 10 1.72526120E-04 3.26792297E-05 7.88874116E-05-1.22352703E-05-8.75841811E-04
 8 11-1.68225600E-04-4.25681852E-04-1.93469507E-04-5.01945120E-06-2.46821906E-05
 8 12-2.42696206E-06-2.05870051E-05 9.56054249E-05 2.59411998E-04-1.62573943E-05
 8 13 1.04789624E-06-3.19266937E-04-1.43830784E-04 1.21332374E-04 2.26730772E-04
 8 14-9.17183891E-04-1.85647103E-04 3.95724891E-04 9.88257127E-04-3.71708580E-04
 8 15-1.43148004E-04-1.00583510E-04
 9  1 2.01776375E-05-1.12789033E-04 5.75554405E-01 7.12121903E-01-3.24664635E-01
 9  2 4.12232649E-04 5.15986138E-02 6.38829883E-02-2.95859947E-02 2.49780716E-04
 9  3-1.61649302E-02-2.00739645E-02 9.05503426E-03 2.47023106E-05 1.50383723E-04
 9  4-4.02654359E-05 3.37699797E-05 5.23800100E-04-8.04594569E-04 7.66935862E-04
 9  5-5.18599876E-04-2.21257228E-03-1.69084347E-04-1.39027256E-03-3.14180854E-05
 9  6-1.83741423E-04-9.63107291E-04 2.89811807E-03-5.27231477E-04 2.00934678E-03
 9  7 4.51259815E-03 4.22671312E-05 2.42739230E-04 9.84227539E-05 1.75488478E-05
 9  8-6.56136051E-05-1.62932520E-03-7.68921355E-04 4.73476460E-04-3.15003571E-04
 9  9 5.85212979E-04-1.56275138E-03 1.29582944E-04-1.17330009E-03-3.80579218E-05
 9 10-2.85220428E-04-6.46695466E-05-8.99415117E-05-8.34270630E-05 1.11073041E-03
 9 11 3.08165288E-04 5.28838081E-04 7.08529103E-04-1.05531171E-06-1.31898916E-05
 9 12 1.82903430E-05 6.97080949E-06-3.00811841E-05-2.20524810E-05-5.63671383E-05
 9 13-2.93089892E-06 1.12067220E-04 2.13930126E-05-2.57076930E-05-6.85814048E-05
 9 14 2.77484461E-04-7.95045279E-05 4.04780698E-04-9.10718291E-04 1.22773511E-03
 9 15 1.78627394E-04-2.32214687E-04
10  1 2.32400362E-05-6.99771905E-05 7.65729713E-01-5.95865288E-01 5.04236133E-02
10  2-4.32026635E-05 6.84719908E-02-5.33149341E-02 4.59243617E-03-1.06293525E-04
10  3-2.08817482E-02 1.64011011E-02-1.36782911E-03-1.46002582E-06-2.40238826E-05
10  4-5.98157832E-05 2.13828721E-05-9.47871002E-05-1.81770497E-04 1.52998958E-03
10  5-1.11229092E-03 5.79496184E-04 4.18339457E-05 4.69009342E-04-6.16270046E-05
10  6 1.94851991E-04 9.97709528E-05-1.22259563E-03-7.24543674E-04-7.49715137E-04
10  7-2.32848883E-04-1.64040730E-06 5.96254131E-05-3.25298936E-05-6.35171479E-05
10  8 3.00437666E-04 2.46348359E-04 2.62847791E-04 1.46371035E-04-8.72353762E-04
10  9 6.53664022E-04-1.45025644E-03-7.69343125E-04 1.74282586E-03 7.83024528E-06
10 10 7.57848941E-05 2.73549544E-05-3.74112640E-05 3.82519675E-05-2.50802284E-04
10 11-6.34030042E-05 1.16559518E-04-1.55472032E-04-4.88248011E-06-4.30316935E-05
10 12 8.56884460E-06 8.93242098E-06-1.23988344E-05 1.31412395E-04-3.56728994E-05
10 13-5.08551975E-05 5.00844480E-05-1.61308260E-05 5.34935481E-05 3.23242066E-05
10 14-1.78862301E-04-1.13059412E-04 2.26453504E-04-1.25838251E-04 1.40362802E-03
10 15-2.08052481E-04-2.00964690E-04
11  1 2.12158324E-03-1.20249923E-02 4.80858851E-04 6.21493963E-05 3.66748792E-03
11  2 1.51175498E-02-9.69315568E-04-3.52417985E-04-6.61486711E-03 5.33581967E-03
11  3 2.43978167E-03 1.64172642E-03 9.09643567E-04-2.22499157E-02 1.97611173E-02
11  4 4.14321286E-03 1.96807368E-02-1.26386183E-02 4.13310876E-02-2.02711378E-02
11  5 1.66081056E-02 4.19404569E-03-9.53227623E-02 1.03873447E-01-5.96852638E-02
11  6 8.34866185E-02-3.30652061E-03 1.43963336E-01 2.01286159E-02-1.64736507E-02
11  7 1.07928087E-03-2.08848752E-01 1.91521925E-01 8.36431637E-02-4.85904605E-02
11  8-4.20956858E-02 6.49797100E-01 9.32292349E-02-5.55928737E-02-4.94238333E-02
11  9 4.95208062E-03-8.58664621E-03 7.64410124E-03 3.17810256E-03-3.52179335E-02
11 10 3.29606351E-02-1.08595397E-02 9.74715475E-03 1.00156511E-02 9.97867303E-02
11 11-1.58173211E-02 1.47702355E-02 5.59829153E-03-2.48449354E-02 2.09913038E-02
11 12-7.94893662E-03-5.49330531E-03-2.18425977E-03 7.74095664E-02-1.12885940E-02
11 13-7.41308089E-03 5.01773273E-03 1.00249014E-02 4.01992882E-03 1.34840759E-02
11 14 4.88952614E-03 1.66614870E-02 5.13398249E-03 2.37285930E-02-1.58856575E-02
11 15 8.42067276E-02 8.76683771E-03
12  1-6.44220498E-04 3.68190972E-03-1.52569636E-04-2.50285148E-05-9.19103204E-04
12  2-4.85966984E-03 3.44121881E-04 1.16571607E-04 1.83391761E-03-1.88529647E-03
12  3-6.57964208E-04-6.36940548E-04-1.57013105E-04 3.03114664E-03-4.54478178E-03
12  4-2.48583480E-04-3.65118021E-03 2.53847165E-04 7.13924524E-03 6.42280786E-03
12  5 2.00689588E-03-7.12850999E-03 1.10799429E-02-1.27491896E-02 1.15767116E-02
12  6-1.97554825E-02-6.87883683E-03-2.17341322E-02 2.82701044E-03 1.25016756E-02
12  7-1.63895900E-02 3.55043434E-02-3.24601674E-02-1.22250630E-02 1.09717949E-02
12  8 1.23688368E-03-1.19463603E-01-1.56437663E-02 8.56817938E-03 3.23949431E-03
12  9-1.27681037E-03 1.36515501E-03-1.54159662E-03-1.26185307E-04-3.39786180E-02
12 10 3.04657090E-02-1.04429750E-02 7.31482952E-03-8.68631535E-04 1.06408320E-01
12 11-7.51226816E-03 1.21446835E-02-2.31390145E-03-2.23797937E-01 2.09275135E-01
12 12-6.17650931E-02-3.70899500E-02-6.46713592E-02 6.90753184E-01-6.26188192E-02
12 13-4.15508489E-02-6.18682785E-02 1.16789373E-01 2.57994744E-02 1.07457470E-01
12 14 1.64174090E-02 1.68212724E-02 7.05987779E-03-2.98938928E-03 6.05112100E-03
12 15 2.36111676E-03 1.05545762E-02
13  1 1.80139711E-03-1.03452200E-02 1.96445080E-04 6.75972784E-04 2.52571374E-03
13  2 1.38462196E-02-3.14736299E-04-1.07646228E-03-5.63447917E-03 8.57597885E-03
13  3-9.50893105E-04-1.70630293E-03-3.99017777E-04-1.87888520E-02 1.65978570E-02
13  4 4.57198527E-03 3.64775067E-03-1.26673805E-02 4.55761063E-02 3.36222267E-03
13  5-5.53424666E-03-1.29640734E-02-2.32513272E-02 2.75577686E-02 5.82958092E-03
13  6-5.00881459E-02-3.18205424E-02 6.19512721E-02-4.98215704E-03-1.16252062E-02
13  7-1.27773503E-02 4.93058957E-02-4.68686806E-02-1.72574597E-02-6.00367460E-03
13  8 9.57451098E-03-1.62202145E-01-2.00216227E-02-5.62613579E-04 5.95393543E-03
13  9 6.45683646E-03-2.07776578E-05 7.00235678E-03-1.39268161E-03-2.21195802E-01
13 10 2.10122428E-01-8.55993356E-02 2.49062586E-02 1.59323503E-02 6.84864592E-01
13 11-7.97769568E-02 2.82093174E-02 2.13006138E-02 4.18339959E-02-3.81685441E-02
13 12 1.16589309E-02 2.96209533E-04 1.26066174E-02-1.35884802E-01 1.18460813E-02
13 13 3.95196182E-03 1.21209595E-02-2.38614753E-02-6.78040291E-03-1.98930467E-03
13 14 1.19161629E-02 1.28949862E-01 2.95124816E-02 1.14153978E-02 3.97994565E-03
13 15-2.93058978E-02-8.85700622E-03
14  1 6.16813065E-02-3.55801885E-01 7.36033984E-03 1.32120682E-02 4.52531947E-02
14  2 4.54280421E-01-1.49820787E-02-2.65517813E-02-9.14735728E-02 3.02941710E-01
14  3-6.93286847E-04-2.98126347E-03-7.74436374E-03-1.30387017E-01 1.12919853E-01
14  4 1.80473904E-02 3.12723346E-02 3.45204885E-02 3.97393865E-01 1.92097987E-02
14  5 3.08533483E-02 4.02163172E-02-4.42810440E-02 5.20398212E-02-5.99344467E-03
14  6-5.01646267E-02 5.80990638E-02 6.33174518E-02 8.29229063E-03-2.33236610E-03
14  7-5.12862320E-03 3.31743332E-02-3.06439138E-02-9.57589790E-03-2.10337821E-02
14  8 2.49460099E-02-1.15539480E-01-1.18032329E-02-1.10924176E-02 2.27737040E-02
14  9 5.38258158E-02-1.43468442E-02 5.41984099E-02-1.61118748E-02 2.83709442E-02
14 10-2.59349164E-02 1.41037202E-02-2.69933698E-03 8.94277775E-03-9.55355991E-02
14 11 1.23879098E-02-6.65785506E-03 2.57955769E-03-6.33984978E-03 5.90184649E-03
14 12-9.26045106E-04 3.54989452E-04-4.30855765E-03 2.25217924E-02-3.57211210E-04
14 13-4.77504808E-04-5.64763959E-03 4.42262068E-03 2.31135192E-03 1.20597604E-03
14 14-7.29550514E-03-1.90314862E-02-7.15983058E-03 2.20005198E-02-5.67173484E-03
14 15-2.72920769E-02-1.24515997E-02
15  1 5.04347110E-02-2.93671659E-01 5.18366869E-04 1.02677725E-03-1.00335731E-02
15  2 3.62251316E-01-1.74759667E-03-4.00782033E-03 1.80779554E-02 3.49118696E-01
15  3-3.78033373E-03-4.78754270E-03-1.70937404E-02 1.18308320E-01-1.23063359E-01
15  4-1.87820294E-02-3.30006813E-02 1.09634970E-01-3.14210619E-01-4.87172023E-03
15  5 1.02061070E-03 3.22810344E-02 1.18434255E-01-1.23082837E-01 1.07601192E-02
15  6 8.00784822E-02-7.32266957E-02-3.16426997E-01-1.67078462E-03 3.96471575E-02
15  7-3.14558502E-02-4.86246174E-02 4.35360854E-02 9.33958082E-04 7.91586551E-02
15  8-4.91719799E-02 1.91026049E-01 7.45325184E-03 5.27574982E-02-3.92018841E-02
15  9-6.48068684E-02-4.22492702E-03-6.76506200E-02-3.64712188E-04-3.82011739E-02
15 10 3.41093012E-02-2.95229253E-02-2.69380040E-03-3.83421896E-02 1.38627290E-01
15 11-2.42092701E-02 2.95610897E-03-1.97416786E-02 5.74581357E-03-5.29194124E-03
15 12-9.22485664E-04-1.33748123E-03 8.21354916E-03-2.24324117E-02-2.23523786E-03
15 13 5.42924092E-04 8.23291645E-03-6.20918168E-03-3.76299876E-03 4.65411038E-04
15 14 9.34467268E-03 3.30721143E-02 2.39327459E-02-6.45471856E-02 1.80494197E-03
15 15 6.17378074E-02 3.32723158E-02
16  1 1.77187802E-02-1.04209889E-01-1.41177120E-02-2.18103569E-02-2.78823826E-02
16  2 1.28431531E-01 2.83090085E-02 4.43030420E-02 5.42274792E-02 1.55546674E-01
16  3 1.36923735E-02 1.80151008E-02 1.05654857E-02 1.16530988E-01-1.04420772E-01
16  4 7.93254274E-02 1.15980766E-01-2.27876440E-02-4.46468107E-01 3.47041406E-02
16  5 4.19773709E-02-2.23188142E-03-1.29978576E-01 1.31680711E-01 8.83080992E-02
16  6 7.27550658E-02-5.48015739E-03 4.56228876E-01 6.71563275E-02 3.63093828E-03
16  7 1.40239066E-02 5.07250792E-02-4.65880194E-02 6.50815016E-02-1.43891758E-01
16  8 6.54614863E-02-2.07326570E-01 5.21395598E-02-1.18492593E-01 5.53929222E-02
16  9-1.20890710E-01-4.27831356E-02-1.05614738E-01-3.60324320E-02 1.21465167E-02
16 10-9.98961842E-03 4.82296259E-02 2.86570290E-02 3.79963786E-02-5.21883849E-02
16 11 3.79936212E-02 2.27068651E-02 2.24547673E-02-9.39830069E-04 9.28439414E-04
16 12 7.03201128E-03-1.35885161E-02-3.85123862E-03 4.93400844E-03 8.59514466E-03
16 13-1.27151634E-02-2.00591023E-03-3.04631191E-03-2.15271060E-03 1.13243314E-02
16 14 5.73267435E-03-3.67642653E-02-3.30520736E-02 1.37352745E-01 3.44382597E-02
16 15-8.79781811E-02-6.36120339E-02
17  1-1.59788272E-03 9.44504547E-03-1.31498397E-02 1.27360797E-02 3.92463766E-03
17  2-1.02059617E-02 2.70494974E-02-2.58499944E-02-8.37124799E-03-1.77097603E-02
17  3 1.54946153E-02-1.57664246E-02 2.02125232E-04-1.38053991E-02 9.44466973E-03
17  4 1.13467745E-01-9.84918637E-02 8.05092729E-03 7.80001326E-02 1.04418842E-01
17  5-7.05014330E-02-4.10850840E-03-1.42065552E-02 7.26582133E-03 2.56703977E-01
17  6-8.46115089E-02-5.27608561E-02 6.95941308E-02 1.68524763E-01-7.75089382E-03
17  7-5.84772839E-02 1.36472847E-02-1.48499951E-02 4.61399563E-02 2.44851381E-01
17  8-1.46122467E-01-5.06525805E-02 4.19993151E-02 2.19240938E-01-1.32758725E-01
17  9-4.54308676E-02-2.08078929E-02 8.22226601E-02 3.07757792E-02-8.47148910E-04
17 10 1.14273505E-04 7.65851046E-02 1.72457438E-02 3.23961578E-02 2.52950057E-03
17 11 6.66908740E-02 1.32818882E-02 2.49169828E-02 6.58460048E-03-8.56566619E-03
17 12 4.00772907E-03-5.36900906E-02 7.38144839E-02-2.07885827E-02-5.00378310E-04
17 13-4.67876136E-02 7.56328004E-02-5.60979556E-02-3.51425696E-02 3.14624232E-02
17 14 2.59373585E-02-5.15313742E-02-3.59089065E-02 1.36061619E-01 6.71008467E-02
17 15 1.56217244E-01 1.01267109E-01
18  1 1.10777772E-03-6.60787897E-03-1.48805409E-02-3.93094550E-03-2.72777565E-03
18  2 7.54387832E-03 3.10208399E-02 8.09259038E-03 5.02106463E-03 1.65810218E-02
18  3 1.76598133E-02 4.17882946E-03-1.28002612E-03 8.39651889E-03-4.68730670E-03
18  4 9.37930421E-02 6.31070247E-03-2.32984250E-02-6.75244707E-02 6.58195274E-02
18  5-1.74762874E-02-1.69730541E-02-7.63999521E-03 8.54267323E-03 6.09789271E-02
18  6-5.62633297E-02 3.60181439E-02 4.10568272E-02 2.50055328E-02-5.39441159E-02
18  7 6.36390823E-02-1.42647407E-02 1.31157222E-02-1.22218385E-02 8.32699951E-02
18  8 8.68098624E-04 5.93428933E-02-1.00370985E-02 7.86190555E-02 2.72677674E-03
18  9-5.95161257E-02-3.14393536E-02 1.85346717E-02 9.89633005E-03-8.81998163E-03
18 10 1.08228806E-02-4.43165739E-02-5.92614607E-02 2.40114603E-02 3.20717906E-02
18 11-4.22544962E-02-6.40889949E-02 2.80029417E-02 2.29087108E-03-6.90803932E-04
18 12-6.49941824E-02 3.35259307E-01-1.60029152E-01-1.28208067E-02-5.59578623E-02
18 13 3.06206944E-01-1.46907708E-01 2.08047533E-01 1.53309006E-01-2.03736937E-01
18 14-1.63605248E-01 2.93762012E-02 1.92127026E-02 3.31780779E-02 1.15013398E-02
18 15 2.47652133E-02 2.90746088E-02
19  1-4.08620277E-03 2.42390460E-02-3.39614372E-02-2.73936777E-02 4.83491125E-02
19  2-2.77683276E-02 7.15878234E-02 5.67343091E-02-1.02118228E-01-4.90404031E-02
19  3 4.69553833E-02 4.56789687E-02-5.69908637E-02-2.44132362E-03 2.99327058E-03
19  4 2.16949759E-01 1.80822609E-01-4.50755062E-02-1.73207299E-02 1.74962286E-01
19  5 1.37516514E-01-1.75979046E-02 1.69763596E-02-1.54709829E-02-2.47113382E-02
19  6-1.61648271E-01 2.24467365E-01-7.87890425E-02-4.37179105E-02-7.24137044E-02
19  7 1.87392083E-01-3.93717462E-02 3.81374233E-02-1.14297413E-01 1.29478027E-01
19  8 1.10987880E-01 1.51568046E-01-1.15106034E-01 1.33369400E-01 1.09689770E-01
19  9-1.43961673E-01-9.20900883E-02-2.97532557E-02-2.21966054E-02 1.68328567E-04
19 10 3.71337073E-04-8.26809528E-02-5.06889844E-02-8.68103399E-02 3.36557789E-03
19 11-6.96466750E-02-4.66132839E-02-8.18839841E-02-5.80104064E-03 6.52046548E-03
19 12 2.53994205E-02-1.10331772E-01 3.78246371E-02 2.10766838E-02 2.58718526E-02
19 13-1.02473906E-01 2.43443203E-02-6.28878857E-02-5.19382200E-02 6.05227747E-02
19 14 4.64916912E-02 6.09370110E-02 5.04638993E-02-4.16897232E-02-1.87774011E-02
19 15 5.16464763E-03 2.88358796E-02
20  1-1.22662886E-02 7.27002480E-02-4.36301004E-04 5.11827285E-02 8.58225253E-02
20  2-9.19431383E-02 7.20757416E-04-1.08306841E-01-1.80011137E-01-1.28846805E-01
20  3 6.35233236E-03-5.91146143E-02-1.01920291E-01-1.27448376E-02-1.61518995E-03
20  4 7.81417851E-02-1.49564914E-01 1.92745055E-01 1.14599139E-01 7.41643495E-02
20  5-9.40904877E-02 1.46512495E-01 2.12515093E-02-1.25128476E-02 1.04645986E-01
20  6 2.50164175E-01 4.30064080E-02-1.10926144E-01 1.20972694E-01 1.77864991E-01
20  7 5.67941654E-02-1.30897858E-04-2.22645977E-03 1.46305609E-01-8.54745144E-02
20  8 1.37493439E-01 1.78209479E-02 1.47320517E-01-9.17387544E-02 1.37313164E-01
20  9-4.10855101E-02-3.17782344E-02 1.04121222E-01 6.53597539E-02-9.11893350E-03
20 10 8.67500101E-03-8.11645409E-02-2.65220829E-02-1.46324763E-01 4.26202221E-02
20 11-7.38969650E-02-2.64931182E-02-1.36763464E-01 1.34815643E-03 1.89739043E-04
20 12 9.72225120E-03-6.78309782E-03-3.01825250E-02-9.01188368E-03 1.32189972E-02
20 13-4.01896081E-03-3.25113568E-02 9.94198994E-03 4.95648221E-03 6.98402913E-03
20 14 1.23016575E-02 6.92881016E-02 5.99893128E-02 5.83483245E-02 2.65081519E-02
20 15-7.01270901E-02-7.17381246E-02
21  1 7.47050211E-03-4.43166336E-02-5.89033205E-02 2.55351248E-02-6.85537321E-02
21  2 5.26888546E-02 1.24148205E-01-5.35623930E-02 1.45393024E-01 8.62232121E-02
21  3 7.82587794E-02-4.19158235E-02 8.05931159E-02 7.84787465E-03 9.33685938E-04
21  4 2.33680931E-01-2.11075536E-01-8.21026345E-02-7.02219079E-02 2.13533778E-01
21  5-1.94389348E-01-6.28672693E-02 5.94094787E-03-8.34145799E-03-1.34277968E-01
21  6-1.34877961E-02-7.77775301E-02-1.15992912E-02-1.39835238E-01-4.35489996E-02
21  7-5.85749492E-02-2.14903874E-02 1.89707352E-02-6.84160265E-02-1.51178518E-01
21  8-7.26051655E-03 9.36256650E-02-6.27244229E-02-1.47327699E-01-1.21853008E-02
21  9-1.41125091E-01-7.68868902E-02 1.96567178E-01 1.29735197E-01 6.13398481E-03
21 10-6.73348335E-03 3.28623210E-02 1.58466966E-02 6.44712914E-02-2.55797354E-02
21 11 3.08998755E-02 1.74971728E-02 6.15032164E-02 8.23761580E-04-2.10865063E-04
21 12 9.31130576E-03-4.17517700E-02-2.52035918E-02-3.79827889E-03 8.84182425E-03
21 13-4.26433551E-02-2.92254050E-02-5.54061846E-03-5.99975244E-03 2.33695381E-02
21 14 1.82311351E-02-3.18995331E-02-2.81252025E-02-9.05312004E-02-4.53509399E-02
21 15-7.01082319E-02-6.50888214E-02
22  1-4.13770778E-03 2.45466518E-02 2.04943285E-02 1.28670798E-02 4.52908156E-02
22  2-3.46837503E-02-4.27192061E-02-2.90920098E-02-9.43189297E-02-4.10260368E-02
22  3-3.13625378E-02-8.00784027E-03-6.69570060E-02 2.78687728E-03-6.10679638E-03
22  4-1.26730222E-02-9.18812064E-04 7.72160442E-02-2.91495539E-02-4.41217519E-02
22  5 3.38134992E-02 7.84971356E-02 2.88838326E-02-3.91544591E-02 2.23323052E-02
22  6-1.12858709E-02-9.73426863E-03-5.30440494E-02 3.73009313E-02-5.87178548E-02
22  7-7.94857109E-03-4.81431157E-02 4.05878875E-02-1.05545642E-01 2.85823587E-02
22  8 1.41280212E-01 2.31436156E-01-1.06354703E-01 2.92922613E-02 1.60756800E-01
22  9-4.52502875E-04-1.46617011E-02-1.19474795E-02 3.03447036E-02-7.96689647E-02
22 10 6.94814487E-02 3.50775040E-01-1.70543986E-02 9.28461555E-03 3.44975474E-01
22 11 3.46638004E-01-2.66629676E-02 7.92592664E-04 1.78136810E-02-9.60011907E-03
22 12-7.47836912E-03-7.10385782E-03-1.01453434E-01-9.93697806E-02 1.20408940E-03
22 13 3.29073082E-03-1.13057746E-01 4.61079705E-02 2.01391257E-02 1.91263248E-02
22 14 7.17071384E-02-2.08876654E-01-1.76257552E-01-1.48721802E-02-2.61110219E-03
22 15-6.47861263E-02-6.11850193E-02
23  1 8.67739894E-03-5.18063358E-02-5.48565341E-03-5.02788529E-02-1.58982230E-01
23  2 4.89033397E-02 1.29536681E-02 1.06445962E-01 3.40199543E-01 1.53777288E-01
23  3-2.89462993E-03 7.14290427E-02 1.94605541E-01 6.08623389E-03 1.13617981E-02
23  4-1.08913379E-01-1.35872243E-01-1.42868957E-01-1.04771783E-01-1.36222068E-01
23  5-1.34864432E-01-1.59800555E-01 5.79466726E-03-1.26863388E-02 1.35877234E-01
23  6 1.98709525E-02 7.22942906E-02 1.98464747E-02 1.06032710E-01 1.90092498E-02
23  7 1.44369698E-01-3.64000990E-02 3.24450058E-02-1.20298420E-02 9.88144037E-02
23  8 2.30263936E-01 1.59796392E-01-1.57973381E-02 1.06640154E-01 2.45923583E-01
23  9 9.85954502E-02 8.44836566E-02 5.82235833E-02 6.88388150E-02-6.59313344E-04
23 10 5.45896190E-04-4.32811707E-02-8.48399421E-02-5.18706959E-02 1.09698649E-02
23 11-3.48974038E-02-9.16616724E-02-4.71817975E-02-4.10167480E-03 5.75280594E-03
23 12 4.25391077E-02-5.48953301E-02-3.43993042E-02 1.60891799E-02 5.40668405E-02
23 13-5.49980872E-02-5.00742694E-02-1.27622163E-02-1.63306547E-02 2.41348039E-02
23 14 8.62760836E-03 3.51461914E-02 3.09093966E-02 8.73705266E-02 7.49908787E-02
23 15-5.68134380E-02-3.80348491E-02
24  1 5.96645565E-04-3.60903720E-03-1.77267512E-02-2.37303618E-02-8.12213102E-03
24  2-5.65837900E-05 3.81507990E-02 5.05873112E-02 1.81783630E-02 2.27477829E-02
24  3 2.68046996E-02 3.66159666E-02 7.48949244E-04-7.13115083E-03 1.47642720E-03
24  4 2.27647324E-02 6.39010097E-03-2.94745927E-02 7.65458003E-02 6.38898757E-03
24  5 2.74455443E-02-7.03315545E-02 1.14768006E-02-5.26348464E-03-9.91002074E-02
24  6 3.71743402E-02 5.58315151E-02-1.07660223E-01 8.41569752E-03 4.14257681E-02
24  7 1.04494057E-02 2.01879665E-02-1.41869905E-02 1.42826601E-01-2.45568346E-02
24  8 5.70189289E-02-1.01501891E-01 1.60582340E-01-4.73646326E-02 8.45811015E-02
24  9-1.52400908E-02-3.78323606E-02 1.55251517E-02 3.05094607E-02-4.15147533E-02
24 10 3.66512150E-02 1.08438187E-01-1.34136052E-01 8.45080793E-03 1.91283798E-01
24 11 1.06467246E-01-1.55303807E-01 1.35009225E-02-7.35989456E-02 6.41436043E-02
24 12 1.70428915E-01 1.60180682E-01 2.82367248E-01 3.25091555E-01 1.95161250E-01
24 13 1.83468849E-01 3.10232105E-01-1.08244965E-01-8.91152875E-02-9.95267947E-02
24 14-9.24321871E-02-6.47875551E-02-7.67445912E-02-8.59001986E-02-6.62419302E-02
24 15 2.69038198E-02 9.21864645E-02
25  1 2.00080946E-03-1.18345704E-02-5.81506969E-02-8.75503865E-02-2.62733832E-02
25  2 1.69206682E-02 1.24326435E-01 1.88702847E-01 5.57434389E-02 2.37280945E-02
25  3 9.99995851E-02 1.42220730E-01 3.87159828E-02-2.66431516E-02 2.90400444E-02
25  4 1.92066827E-02 4.30718425E-02-1.01985900E-01 1.52878093E-01 1.78169762E-02
25  5 3.77234966E-02-1.17585169E-01 4.30556618E-03 6.87032740E-03-1.30141514E-01
25  6 3.91819314E-02 9.45150202E-02-8.33883839E-02 1.07457950E-02 6.12481564E-02
25  7 6.74673079E-02 4.35457111E-02-4.23362313E-02 2.98306326E-01 2.58172607E-02
25  8-6.77929911E-02-1.66229761E-01 3.35943404E-01 2.59260420E-02-8.08882657E-02
25  9 9.71389238E-03-3.29343745E-02 1.76118369E-02 4.60835250E-03-2.61014658E-02
25 10 1.99774687E-02 9.93705245E-02-3.37251327E-02-1.10596280E-01 1.30601661E-01
25 11 9.85550042E-02-3.37961725E-02-1.17893655E-01 4.74122835E-02-4.16435645E-02
25 12-1.79186752E-01-6.59339222E-02-1.03576610E-01-2.16503449E-01-2.08644191E-01
25 13-6.85014836E-02-1.01967609E-01 6.56717195E-02 5.00867026E-02 4.85916013E-02
25 14 8.22870839E-02-5.38364033E-02-4.83048244E-02-1.10955434E-01-1.51912443E-01
25 15 8.59788771E-02 1.83567347E-02
26  1-1.96803725E-04 1.14654626E-03-2.11649706E-01-1.33472165E-01 7.94896289E-02
26  2-3.96109888E-03 4.55517088E-01 2.87437468E-01-1.70448163E-01 4.04343094E-03
26  3 3.88767002E-01 2.43969240E-01-1.50156742E-01 1.06688674E-03-3.85804317E-03
26  4-9.91729009E-02-6.55739448E-02 3.68380836E-02 2.68625291E-03-3.76016906E-02
26  5-2.41868878E-02 8.61508192E-03 1.85277700E-02-2.31915840E-02 6.63379288E-02
26  6 4.68958319E-02-8.36098038E-02-8.31193872E-02 9.01892632E-03 6.11698707E-02
26  7-6.24409318E-02-1.06718428E-02 1.06879976E-02-1.14841608E-01-3.66404541E-02
26  8-2.33186541E-02 3.79732874E-02-1.37866620E-01-3.70152848E-02-2.65266762E-02
26  9 8.52840200E-02 1.12895076E-01 1.48714814E-03 1.09597376E-03 4.71545267E-03
26 10-4.60988022E-03-1.34691790E-03 6.60716924E-02-2.65330652E-03-2.21023836E-02
26 11 1.85669595E-03 7.58840000E-02 2.18985492E-03-6.98492887E-03 6.89300521E-03
26 12 5.63510236E-02 3.34921943E-02 4.46303149E-03 2.75245143E-02 6.65376333E-02
26 13 3.78040371E-02 4.62957337E-03-4.15444922E-03-2.31713180E-03-1.42625853E-02
26 14-3.21876557E-03 4.35172840E-03 1.49306958E-02 5.02488226E-02 9.05463232E-02
26 15-3.12236542E-02-2.60534718E-02
27  1-8.87706056E-06 3.61709163E-05 1.63825849E-01-2.15965552E-01 5.00892189E-02
27  2-5.18158622E-04-3.52792752E-01 4.65062274E-01-1.07604643E-01 7.80627114E-04
27  3-3.02064809E-01 3.96741364E-01-9.23887524E-02 6.72864555E-04-4.80241702E-03
27  4 8.09553516E-02-9.69491062E-02 2.34611765E-02 1.53331907E-02 5.30344208E-02
27  5-4.08980142E-02 1.75183382E-03 1.04721482E-02-1.20775169E-02 1.20288121E-02
27  6 2.23202472E-02-6.06382512E-02-4.79400835E-02 1.90897740E-02 2.22410350E-02
27  7-5.60050836E-02-4.10353820E-03 1.36651959E-03-2.31497075E-02-3.02721233E-02
27  8-1.22621100E-02 2.84181803E-02-2.66529831E-02-3.82039908E-02-9.45305456E-03
27  9-6.18864382E-02-5.93913302E-02 9.77120365E-02 1.05144129E-01 7.29618887E-03
27 10-7.51765385E-03-2.39351054E-02 3.03019001E-02 4.07956561E-02-3.12941475E-02
27 11-2.69632883E-02 3.54570702E-02 4.91252293E-02-2.61192062E-03 1.96202935E-03
27 12 2.18607231E-02 2.95196410E-03-5.14455212E-03 1.37805962E-02 2.52234680E-02
27 13 1.00869975E-03-6.27272565E-03-2.05037770E-03-3.09973176E-04-3.11426399E-03
27 14-9.75898404E-03 9.34084499E-03 8.99776353E-03-3.75833321E-03-1.10831473E-02
27 15-1.57940087E-02-1.57237113E-02
28  1 1.24971002E-04-9.74082058E-04-1.77287203E-02 7.41624328E-03 4.53653788E-02
28  2-2.91077755E-03 3.84559626E-02-1.62558646E-02-9.86297960E-02 2.19261426E-02
28  3 2.93890551E-02-1.78278803E-02-9.55180461E-02 4.39740563E-03-1.11105193E-02
28  4-1.18633460E-02 2.70559766E-02 2.47723043E-02 8.17954362E-05-1.46829862E-02
28  5-4.92165105E-03-3.31027142E-02 1.86019122E-03-1.08462655E-03-4.05861613E-02
28  6-1.45175344E-02-6.05626879E-02 2.35506818E-03-1.76948154E-02-1.28562588E-02
28  7-3.76478403E-02 6.48668050E-04-4.32981704E-03 1.77138947E-01 9.76120515E-02
28  8-1.72805952E-03 3.05332212E-02 2.12082324E-01 1.30209148E-01-1.38459402E-03
28  9-5.42590074E-03-2.39691021E-02-3.45442091E-02-3.59074785E-02 4.89694424E-03
28 10-6.54808357E-03-5.55791827E-02-1.03348892E-01 2.23647341E-01-1.22267231E-02
28 11-6.67137058E-02-1.23853698E-01 2.62293007E-01-5.75780237E-03 2.71842205E-03
28 12 2.91122717E-01-1.10448918E-01-2.39353113E-01 4.01378380E-02 3.45098771E-01
28 13-1.34213288E-01-2.79818860E-01-5.95812449E-03-2.41735343E-03 1.25263656E-02
28 14-3.25221965E-02 8.40638819E-03-2.29587486E-02-5.51864394E-02-6.09022777E-02
28 15 1.61988638E-02-9.29592105E-02
29  1-2.99564505E-04 1.48741259E-03-2.48362394E-02 5.90090550E-03 4.31453880E-02
29  2-1.56438134E-02 5.47310409E-02-1.51064332E-02-9.09259035E-02 3.70216086E-02
29  3 3.89830523E-02-1.62006029E-03-1.08974521E-01 1.42056024E-02-1.94996244E-02
29  4-1.50298955E-02-3.41541298E-02 4.33902921E-02-5.40685720E-02-2.29694014E-02
29  5-4.41784099E-02-5.98309367E-03 9.66448975E-03-2.35437192E-02-2.92803994E-02
29  6-1.82059944E-02-8.34943944E-02 3.24987446E-02-3.70705933E-02 1.61420961E-02
29  7-5.64911611E-02-3.65368211E-03 8.01900898E-03 9.56893342E-02 1.08485800E-01
29  8 2.81891427E-01-2.21866700E-02 1.06652065E-01 1.27789286E-01 3.30824098E-01
29  9-8.87002885E-03-1.64235453E-02-3.93870403E-03-4.17496669E-04 1.12695758E-02
29 10-1.59863280E-02-6.41305699E-02 9.46498771E-02 2.81205149E-01-2.96873712E-02
29 11-7.25664985E-02 1.16739165E-01 3.28896242E-01 4.36076403E-03-6.86224366E-03
29 12-2.39659847E-01-1.38423813E-02 1.27058556E-01 3.36356860E-03-2.82211522E-01
29 13-2.93696342E-02 1.42889761E-01 1.45029527E-03 3.18620587E-03 1.80164289E-02
29 14-6.87333102E-02 9.39535999E-03-2.14451362E-02-5.78437317E-02-6.49326532E-02
29 15-2.26512345E-02 5.11437044E-02
30  1-2.07811942E-04 1.49261732E-03 7.06673625E-03 8.61048388E-03-3.39243759E-02
30  2 2.42934703E-03-1.51265754E-02-1.91904966E-02 7.45033796E-02-2.50036530E-02
30  3-1.33428629E-02-6.96631882E-03 7.80338848E-02-1.72038660E-02 2.56392202E-02
30  4 2.87935092E-02 2.15095093E-02-5.05355413E-02 9.06805136E-02 4.63334891E-02
30  5 9.87287246E-03 1.62527616E-02-1.93154745E-03-5.06611650E-04-5.01962928E-02
30  6-4.94518098E-02 9.85948790E-03 4.12405589E-02-6.07269991E-02 3.02234091E-02
30  7-6.14181455E-03 4.79151786E-03-5.45202204E-04 9.12031814E-02 1.06626013E-01
30  8 9.61063527E-02-5.01888757E-02 9.75352400E-02 1.36891215E-01 1.07633735E-01
30  9-4.62347920E-03-2.20567262E-02 1.78557129E-02-3.07195454E-02 6.03622672E-03
30 10-6.58456446E-03 2.33779426E-02 4.34892707E-01-1.13986772E-01-1.48302697E-02
30 11 2.18885345E-02 4.95186608E-01-1.27603253E-01-2.61842802E-03 7.37435601E-03
30 12 1.75866500E-01 1.08778353E-01-3.87851274E-02-2.28865163E-02 2.12964968E-01
30 13 1.37106574E-01-3.76953274E-02 8.86755608E-03 3.78566266E-03-2.02386185E-02
30 14 8.14834601E-02 6.75186651E-03-3.74079658E-02-5.82907768E-02-6.03909195E-02
30 15 5.97674266E-03-7.20588054E-04
 $END   
 $GRAD  
E=     -762.2878994574  GMAX=   0.0539460  GRMS=   0.0142326
CL          17.    5.3211534072E-05    3.1235019534E-04    1.1020536882E-04
C            6.    1.2028544282E-04    1.4806527482E-04    2.5599040595E-04
C            6.    5.4136836924E-03    2.8716448626E-02    5.3946034758E-02
O            8.    3.4798631855E-05    3.0851558068E-04    3.8036071727E-04
H            1.    8.8103820988E-06   -3.5338134235E-05   -5.1072453404E-05
H            1.   -4.8464328002E-05   -3.0303509947E-05   -4.6302643526E-05
O            8.   -6.0263629148E-03   -3.3221185014E-02   -5.2729960400E-02
O            8.    5.4344306069E-03   -2.1578536513E-04   -8.2228277684E-03
H            1.    9.6247294691E-05   -1.4902273583E-04   -1.4081809356E-04
H            1.    4.8116571100E-04    3.7910017785E-03   -2.0504674569E-03
H            1.    2.8078253846E-06    2.4094503589E-04    1.6905447977E-04
H            1.   -1.9815721313E-05    1.6639284553E-04    1.2758056979E-04
H            1.   -5.5507980117E-03   -3.2084508583E-05    8.2522225788E-03
 $END
-------------------- DATA FROM NSERCH=  15 --------------------
 COORDINATES OF SYMMETRY UNIQUE ATOMS (ANGS)
   ATOM   CHARGE       X              Y              Z
 ------------------------------------------------------------
 CL         17.0   3.1244267506   0.7080667405   0.4502082369
 C           6.0   2.7984285786   0.1343476452  -1.3277592488
 C           6.0   3.3195795222   1.1784903656  -2.2581940416
 O           8.0   2.5609108432   2.3084616415  -2.2881782384
 H           1.0   1.7197931884   0.0305218603  -1.4018647244
 H           1.0   3.3249731351  -0.8054547817  -1.4445082032
 O           8.0   3.1577088488   0.3347380897  -3.8399272626
 O           8.0   3.8892836290   2.8631531592  -4.5405257602
 H           1.0   3.4172422077   3.3103273229  -5.2784226656
 H           1.0   3.6901021636   1.8766436034  -4.6009034424
 H           1.0   2.1720820800   0.4052566438  -3.9586243547
 H           1.0   4.3999929029   1.2912001455  -2.2695394066
 H           1.0   2.9602573601   2.9070182657  -2.9994267869
--- CLOSED SHELL ORBITALS --- GENERATED AT 22:12:35 29-JUL-2026    
Chloroacetaldehyde hydrate and water                                            
E(R-WB97X-D)=     -762.2879029098, E(NUC)=  306.4942498394,    6 ITERS
 $VEC   
 1  1 9.85802790E-01 5.34283737E-02-1.96844856E-05-3.68157816E-05-1.72594899E-04
 1  2-1.87705980E-02 6.06312180E-05 1.13021275E-04 6.48391754E-04 1.02705786E-02
 1  3-2.26220793E-04-4.43894526E-04-1.80312397E-03-3.05431987E-05-4.17280653E-04
 1  4-3.36360824E-06-1.32953701E-05-1.50971902E-04 8.76300533E-04-2.51762713E-05
 1  5 4.15497405E-04-1.50564960E-03 9.15076086E-05 6.94818854E-04-3.36260273E-06
 1  6 1.42344327E-05 3.58675015E-04-2.37605698E-03 6.20000696E-04 1.29658024E-04
 1  7-1.64666725E-03-2.09093338E-05-1.59594349E-04-1.67592306E-05 2.53426678E-05
 1  8 1.47568153E-07 7.03446163E-04 1.65242995E-04-3.31049535E-04 1.98121125E-04
 1  9 1.50230529E-04-8.37418137E-04 2.01669461E-04-7.41404828E-04 9.42191604E-06
 1 10 9.08730967E-05 1.02576701E-05 8.04218827E-06 3.49428670E-05-2.84289245E-04
 1 11-5.03530544E-05-6.60866812E-05-1.74432270E-04-9.17582335E-07-3.04568508E-06
 1 12-2.52568385E-06-3.24321319E-06 2.77049518E-05 5.18105524E-05 2.52532864E-06
 1 13-5.01085082E-06-8.36447223E-05-3.24176762E-05 2.39219383E-05 5.03897391E-05
 1 14-2.05961638E-04-1.67931229E-06-2.67158735E-06 2.33597867E-04-1.89445820E-04
 1 15-2.21408591E-05 4.38973279E-05
 2  1 8.26063428E-06-6.43957551E-05-2.45501639E-05 8.68658813E-06 5.58534285E-05
 2  2 6.20709914E-04 1.66247420E-04-3.61765083E-05-3.36222491E-04-7.83707925E-04
 2  3-7.86762367E-04 2.48066710E-04 5.99639064E-04 1.64447939E-04 5.35076553E-04
 2  4-5.22043943E-04-5.53830315E-04 4.50736232E-04-5.26097375E-03 4.41991691E-03
 2  5-3.68468792E-03 1.64375744E-03-7.37314141E-04-3.02400989E-03-5.34018106E-04
 2  6 2.36204693E-03 4.54380239E-05 2.16030363E-02-1.15900171E-02 8.86238812E-03
 2  7-6.97338033E-04 9.82648354E-01 1.05541712E-01 3.12853447E-03-1.74367757E-03
 2  8-1.74820698E-03-5.39510409E-02-8.57232969E-03 7.36015600E-03 4.03032397E-03
 2  9 9.30899497E-04 2.06529466E-03-6.62995612E-04-4.36891232E-04 7.46653363E-03
 2 10 1.89568070E-03-3.50846932E-04 5.16560770E-04 3.33212929E-04-3.00979577E-03
 2 11 1.45933918E-03-2.35291460E-03-1.78834730E-03 4.72244210E-03 1.35149445E-03
 2 12-2.23368513E-04-2.39475702E-05 6.29328432E-04-1.83444390E-03 8.39787911E-04
 2 13 1.83513909E-04-2.22336044E-03 1.20216040E-04-7.22790231E-04 4.36481047E-04
 2 14-6.07204556E-04 9.10103072E-04-8.18393801E-04-6.93357319E-04 1.04924083E-03
 2 15 3.05868325E-03 6.78455955E-03
 3  1-6.57006759E-06 4.12268754E-05 8.40551867E-06 2.97122507E-05-3.78700648E-05
 3  2-7.96126450E-04-4.82431326E-05-1.72359508E-04 2.85507783E-04 1.45279357E-03
 3  3 1.53414411E-04 4.89290168E-04-1.36266573E-03 2.14531565E-04 7.74681996E-04
 3  4-1.01630470E-04-1.65695426E-04 7.80374587E-04-6.71188242E-03-1.21421173E-03
 3  5-2.03221484E-03 2.46252761E-03-9.35531256E-04-5.27339408E-03-1.05742798E-04
 3  6 8.86013188E-04 5.37017670E-04 1.78467397E-02-2.39949702E-03-5.23483302E-03
 3  7-5.43199706E-03-7.27913711E-03 4.06873001E-04-8.54155333E-05-4.18299569E-04
 3  8-3.91496106E-04-3.31328935E-03-2.74663256E-04 2.91842345E-03 1.89562409E-03
 3  9 7.40925965E-04-1.02479274E-03 2.67589989E-04 3.27287257E-04 9.82204322E-01
 3 10 1.02556734E-01-2.20781792E-03 1.74740371E-03 1.28491197E-03-4.27019268E-02
 3 11 4.44421258E-03-4.79879246E-03-4.12108613E-03 1.91116544E-02 3.04316492E-03
 3 12-2.82541902E-05-6.01228377E-04-1.88671937E-05-3.96524222E-03 1.80790099E-04
 3 13 2.64899540E-03 1.42804644E-05 3.70282634E-04-1.19379769E-03-1.84416566E-04
 3 14 5.81823201E-03 3.31390720E-03 6.04772463E-03-1.28127964E-03-1.78932731E-03
 3 15 5.13441921E-04-1.16097352E-03
 4  1 5.67382822E-08-2.53571787E-07 7.05371385E-06-1.96039321E-06-1.28433861E-08
 4  2 5.08627112E-06-3.63112284E-05 8.51387358E-06 2.40476592E-06-3.25734857E-05
 4  3 5.77547347E-05 7.60311220E-06 1.57600182E-05 6.99929683E-06 9.16535684E-05
 4  4-4.32782090E-05 4.65725840E-05-6.73208991E-05-1.71353524E-04 1.21970844E-04
 4  5-4.55007040E-05 1.16268988E-04 6.49373141E-05 4.10756209E-04 1.89946932E-05
 4  6-7.61551666E-05-3.83650758E-05-1.38322895E-03 3.89748183E-04-6.98525970E-04
 4  7 3.94246530E-04-4.40568459E-03 4.02216318E-04 3.37191045E-05 4.22620887E-04
 4  8-2.36086527E-04-2.37911993E-03-2.84256998E-04-1.87184904E-03 1.29733668E-03
 4  9-2.89071241E-05 2.81222213E-04 5.76552665E-05-1.75660978E-04-1.89400700E-02
 4 10-1.00112078E-03 3.64077084E-04 5.46349920E-04-4.21539823E-04-1.11803431E-03
 4 11-1.18599774E-03-1.99550059E-03 1.42373147E-03 9.82178774E-01 1.02743787E-01
 4 12-2.16604018E-03-1.43063310E-03-1.70903513E-03-4.34244965E-02 4.57135920E-03
 4 13 3.65074126E-03 3.25016145E-03 2.92968076E-03 6.11321890E-03 2.34714625E-03
 4 14 9.58532546E-03 5.33214483E-04-1.51188234E-03 1.97808551E-04-4.89001753E-04
 4 15-4.88025096E-04 5.20596660E-03
 5  1 7.89104808E-05-1.01286940E-04-2.32795199E-06 5.30105413E-05-2.18340843E-04
 5  2-2.41914663E-03 2.36118114E-05-3.53793990E-04 1.50751417E-03 3.24776661E-03
 5  3-4.73670894E-04 1.28569938E-05-2.53369773E-03-8.91760895E-03-4.00795298E-03
 5  4-3.20505836E-04-5.05825123E-04 1.34809143E-04 2.57823644E-02 6.16412398E-03
 5  5 1.06668555E-02-1.21457948E-02 9.86493684E-01 1.10072818E-01-3.53270840E-04
 5  6-9.16248706E-04-4.35638050E-04-8.27098850E-02 1.95764837E-03 1.21367952E-02
 5  7-4.62981579E-03 2.04321440E-05-2.48604976E-04 3.09131255E-04 3.79642238E-04
 5  8-1.72206624E-04 6.85803130E-03-1.09005983E-03-2.74131507E-03 1.04591954E-03
 5  9-1.42042673E-03 1.63059805E-03-1.57329029E-03 1.16805514E-03-3.65943646E-04
 5 10-2.58717675E-03-1.43857163E-04-1.80635859E-04-5.15558010E-04 8.98124342E-03
 5 11 9.44490896E-04 2.97677973E-03 6.87022428E-03 2.64258497E-05 2.23833701E-04
 5 12 3.25473481E-05 1.10305473E-04-3.25137827E-05-7.97143095E-04 2.58367428E-05
 5 13-1.95586062E-04-1.28854607E-04 2.89535443E-04-4.83804662E-04-4.26448555E-04
 5 14 1.06053189E-03-1.38788734E-03 3.53317528E-03-6.01294216E-04 1.59538551E-02
 5 15 1.75556482E-04 2.70722318E-03
 6  1-2.72683215E-05-1.62963756E-04 5.94302064E-05 1.02133120E-04 3.37440533E-04
 6  2-2.13972505E-03-3.45616363E-04-5.94632928E-04-1.91023633E-03 1.28322960E-02
 6  3-1.24713637E-03-2.14744902E-03-8.58064255E-03 9.86477722E-01 1.11846251E-01
 6  4 3.44199590E-04 6.79680752E-04 1.11417746E-03-9.04284488E-02-2.83004678E-03
 6  5-6.00657753E-03 2.47000662E-03 8.36167429E-03-1.86487049E-03 4.04626332E-04
 6  6 4.69767907E-04-6.86424842E-05 2.33391537E-02-5.61028000E-03-1.01948618E-02
 6  7 8.89522686E-03 3.63287291E-05-1.38164204E-05-1.80533646E-05 5.06251261E-04
 6  8-3.25221736E-04-1.31955012E-03-1.12424676E-05-4.28734210E-04 5.51117416E-04
 6  9-9.81919479E-05 1.54906632E-02-1.75250286E-04 1.54349737E-02 1.78239647E-05
 6 10-4.51909432E-05 1.93235930E-04 1.90714083E-04-3.23604827E-04-5.49487497E-04
 6 11-6.14950898E-04-6.37768839E-04 1.64184190E-04 1.60879925E-05 1.18454020E-04
 6 12-4.03715379E-05 4.96019957E-05-1.29885830E-04-5.83613739E-04 1.93309116E-04
 6 13-3.96705126E-05 3.86833594E-04 3.09185979E-04-2.65859119E-04-2.28393305E-04
 6 14 1.30827626E-03-3.84854684E-04-8.17867401E-05-1.15268944E-03 1.35630918E-03
 6 15 4.60941728E-04 1.30926215E-03
 7  1-3.05122244E-01 9.77073608E-01-1.47584255E-03-2.77929826E-03-8.45716584E-03
 7  2 1.54269130E-01-6.15404698E-04-1.14626074E-03-5.20543149E-03-6.76842555E-02
 7  3 1.61103788E-03 3.12155974E-03 1.20348847E-02-2.90337428E-05 1.70613828E-03
 7  4-5.08528059E-05-2.27286472E-05 4.87483049E-04-3.03070837E-03 4.82792144E-04
 7  5-1.91120434E-03 9.94107192E-03-1.11534436E-04-3.69901879E-03 3.11671264E-05
 7  6-1.06873705E-04-2.06059065E-03 1.30875697E-02-3.64685385E-03-6.52950517E-04
 7  7 9.53433886E-03 1.07291265E-04 7.78341047E-04 7.15006963E-05-1.41004532E-04
 7  8 8.68799224E-06-3.85552546E-03-8.89251939E-04 1.88760314E-03-1.14011161E-03
 7  9-9.61541354E-04 5.05223655E-03-1.25602100E-03 4.44469849E-03-5.58848102E-05
 7 10-5.10350941E-04-5.44365075E-05-3.83824685E-05-2.14677363E-04 1.72547357E-03
 7 11 2.93214484E-04 3.89224799E-04 1.17944543E-03 5.48273132E-06 2.32459593E-05
 7 12 1.32966878E-05 1.23734886E-05-1.34317883E-04-3.08992542E-04-1.67466341E-05
 7 13 5.30415100E-05 4.44124486E-04 1.70748998E-04-1.47862605E-04-2.75179200E-04
 7 14 1.20293957E-03-4.65450515E-05 1.53620303E-04-1.28315732E-03 1.30968896E-03
 7 15 8.28381138E-05-2.37103228E-04
 8  1-3.21518073E-03 1.08858436E-02 1.61530867E-01 2.86539100E-01 9.13262380E-01
 8  2-3.22444755E-03 1.48036970E-02 2.62565784E-02 8.50089501E-02 4.82267981E-03
 8  3-4.80679836E-03-8.65503475E-03-2.93134371E-02-6.85548326E-04-4.43736899E-03
 8  4-3.33172054E-05-1.25385913E-04-4.45553994E-04 9.52603672E-03 9.50200302E-04
 8  5 3.46150269E-03-3.34185129E-03 4.13804001E-04 2.88201317E-03 2.56391136E-05
 8  6 8.69961256E-05 8.33308440E-04-1.20236519E-02 2.37157233E-03 1.47007411E-03
 8  7-7.69644269E-03-7.25087516E-05-4.44704130E-04-7.45699321E-05-3.60377129E-05
 8  8 4.18942081E-05 2.58809442E-03 7.30370857E-04-9.60310793E-04 6.11251545E-04
 8  9-2.54393089E-04-3.95086539E-03-4.80094152E-05-3.54435830E-03 2.32325974E-05
 8 10 1.72227801E-04 3.32446029E-05 7.84956932E-05-1.21700951E-05-8.75220021E-04
 8 11-1.70771263E-04-4.23875383E-04-1.93592824E-04-5.11088735E-06-2.55470187E-05
 8 12-2.21782112E-06-2.00721693E-05 9.49700463E-05 2.61441692E-04-1.69226721E-05
 8 13-1.20690984E-06-3.16569731E-04-1.43131159E-04 1.22170673E-04 2.26389931E-04
 8 14-9.18187552E-04-1.86803915E-04 3.96907092E-04 9.90647199E-04-3.77393683E-04
 8 15-1.43833069E-04-1.01689410E-04
 9  1 2.03838189E-05-1.13633811E-04 5.76972048E-01 7.10865333E-01-3.24901059E-01
 9  2 4.15069637E-04 5.17264464E-02 6.37707439E-02-2.96090841E-02 2.46979548E-04
 9  3-1.62050895E-02-2.00407589E-02 9.06462203E-03 2.49107331E-05 1.52441059E-04
 9  4-4.03353785E-05 3.50626334E-05 5.23984072E-04-8.09790836E-04 7.67668551E-04
 9  5-5.26505317E-04-2.21051773E-03-1.69227830E-04-1.38965550E-03-3.06703535E-05
 9  6-1.84418176E-04-9.61703455E-04 2.90060456E-03-5.32554211E-04 2.00947094E-03
 9  7 4.51553759E-03 4.21720952E-05 2.41631447E-04 9.81135720E-05 1.77051931E-05
 9  8-6.69082824E-05-1.62898199E-03-7.67390387E-04 4.73835577E-04-3.11216864E-04
 9  9 5.86001432E-04-1.56567355E-03 1.28466196E-04-1.17118590E-03-3.80838643E-05
 9 10-2.85454017E-04-6.49893125E-05-8.97099723E-05-8.37097764E-05 1.11150656E-03
 9 11 3.09939987E-04 5.27382362E-04 7.09950979E-04-1.03546689E-06-1.30409869E-05
 9 12 1.80968068E-05 6.86883362E-06-3.01534135E-05-2.25174256E-05-5.57028422E-05
 9 13-2.47319586E-06 1.12129238E-04 2.14120400E-05-2.58144676E-05-6.85495659E-05
 9 14 2.77800713E-04-7.91314422E-05 4.04376953E-04-9.11813529E-04 1.23545752E-03
 9 15 1.78931160E-04-2.31728248E-04
10  1 2.34196524E-05-7.04931763E-05 7.64784107E-01-5.96943444E-01 5.19937567E-02
10  2-4.40012423E-05 6.83877653E-02-5.34118901E-02 4.73375150E-03-1.06351147E-04
10  3-2.08559918E-02 1.64316463E-02-1.41129451E-03-1.53086680E-06-2.45964939E-05
10  4-5.92251660E-05 2.07540314E-05-9.56264783E-05-1.80534273E-04 1.52634753E-03
10  5-1.11118644E-03 5.83896079E-04 4.20772469E-05 4.71300329E-04-6.18257427E-05
10  6 1.95004960E-04 9.98436204E-05-1.22684234E-03-7.24302961E-04-7.48783557E-04
10  7-2.35116934E-04-1.53081001E-06 6.10036886E-05-3.30912557E-05-6.43116368E-05
10  8 3.02310955E-04 2.44902325E-04 2.64820492E-04 1.48882908E-04-8.78339405E-04
10  9 6.52488081E-04-1.44925509E-03-7.69061439E-04 1.74483023E-03 7.77239329E-06
10 10 7.52220589E-05 2.73119137E-05-3.72346488E-05 3.77352120E-05-2.49721604E-04
10 11-6.33308728E-05 1.16107377E-04-1.53742935E-04-4.89071197E-06-4.31310074E-05
10 12 8.39028857E-06 8.93496123E-06-1.25876650E-05 1.31551972E-04-3.50991925E-05
10 13-5.08586589E-05 5.08307442E-05-1.59272474E-05 5.35167168E-05 3.22648998E-05
10 14-1.78385345E-04-1.13345707E-04 2.26946544E-04-1.25622513E-04 1.40361113E-03
10 15-2.09479211E-04-2.02529549E-04
11  1 2.12733933E-03-1.20576846E-02 4.79066696E-04 6.40925822E-05 3.67784271E-03
11  2 1.51540868E-02-9.66486729E-04-3.56971085E-04-6.63288154E-03 5.35713926E-03
11  3 2.44460554E-03 1.65095273E-03 9.08002552E-04-2.22507715E-02 1.97561632E-02
11  4 4.16902438E-03 1.96802530E-02-1.26249283E-02 4.13398990E-02-2.02791140E-02
11  5 1.66398535E-02 4.18618322E-03-9.53469425E-02 1.03905705E-01-5.96514752E-02
11  6 8.36010576E-02-3.29534152E-03 1.43933637E-01 2.02062115E-02-1.65344589E-02
11  7 1.14242175E-03-2.08858683E-01 1.91530055E-01 8.36305925E-02-4.86687028E-02
11  8-4.20190304E-02 6.49845639E-01 9.31979555E-02-5.56802775E-02-4.93494674E-02
11  9 4.94422034E-03-8.59054761E-03 7.64428330E-03 3.18215231E-03-3.52127831E-02
11 10 3.29466201E-02-1.08429534E-02 9.74637701E-03 1.00277456E-02 9.97968568E-02
11 11-1.58041210E-02 1.47970161E-02 5.62997594E-03-2.48073213E-02 2.09578194E-02
11 12-7.94873492E-03-5.49803496E-03-2.15038441E-03 7.72896761E-02-1.12717579E-02
11 13-7.42094022E-03 5.05003459E-03 1.00053326E-02 4.01894324E-03 1.34759585E-02
11 14 4.89178363E-03 1.66454274E-02 5.13819003E-03 2.36850879E-02-1.59549319E-02
11 15 8.41626885E-02 8.78209035E-03
12  1-6.47227953E-04 3.69910835E-03-1.52119333E-04-2.60674371E-05-9.23462337E-04
12  2-4.88234856E-03 3.42958813E-04 1.18734445E-04 1.84278864E-03-1.89455740E-03
12  3-6.57114840E-04-6.38655202E-04-1.59067815E-04 3.04425404E-03-4.55464635E-03
12  4-2.58706511E-04-3.65410824E-03 2.61595672E-04 7.07654812E-03 6.41686010E-03
12  5 1.99274049E-03-7.11709910E-03 1.10992824E-02-1.27694650E-02 1.15388007E-02
12  6-1.97395956E-02-6.86266731E-03-2.17514057E-02 2.84167069E-03 1.24787293E-02
12  7-1.63488654E-02 3.54375702E-02-3.24038850E-02-1.22040625E-02 1.09909765E-02
12  8 1.20306657E-03-1.19231683E-01-1.56205122E-02 8.57442875E-03 3.18471950E-03
12  9-1.27895983E-03 1.36786993E-03-1.54645895E-03-1.27527809E-04-3.38844071E-02
12 10 3.03784149E-02-1.04115449E-02 7.30347116E-03-8.77812525E-04 1.06108753E-01
12 11-7.48684143E-03 1.21304745E-02-2.32337021E-03-2.23820603E-01 2.09292779E-01
12 12-6.20076567E-02-3.71989127E-02-6.43951878E-02 6.90828860E-01-6.28530414E-02
12 13-4.16698498E-02-6.15757168E-02 1.16798623E-01 2.58110816E-02 1.07443989E-01
12 14 1.64396094E-02 1.67703961E-02 7.06425936E-03-2.99444855E-03 5.98701622E-03
12 15 2.40643941E-03 1.05692366E-02
13  1 1.80132540E-03-1.03449043E-02 1.95001681E-04 6.78742455E-04 2.52477409E-03
13  2 1.38492952E-02-3.11971813E-04-1.08151118E-03-5.63404373E-03 8.57290777E-03
13  3-9.48240518E-04-1.71524944E-03-3.95140315E-04-1.87593629E-02 1.65608923E-02
13  4 4.56814632E-03 3.63859159E-03-1.26308537E-02 4.55412992E-02 3.35735406E-03
13  5-5.51731190E-03-1.29642259E-02-2.32204064E-02 2.75291491E-02 5.78064304E-03
13  6-5.00637814E-02-3.18504244E-02 6.18796868E-02-4.94953526E-03-1.15991758E-02
13  7-1.28047101E-02 4.93204105E-02-4.68888192E-02-1.72737446E-02-6.00861998E-03
13  8 9.53956780E-03-1.62232862E-01-2.00358578E-02-5.80771943E-04 5.92025542E-03
13  9 6.44583069E-03-1.19319262E-05 6.98264106E-03-1.40289932E-03-2.21223527E-01
13 10 2.10146967E-01-8.55892150E-02 2.49241310E-02 1.59329054E-02 6.84951088E-01
13 11-7.97555938E-02 2.82198629E-02 2.13018801E-02 4.17283909E-02-3.80676380E-02
13 12 1.16804928E-02 3.03782562E-04 1.25207804E-02-1.35565988E-01 1.18574131E-02
13 13 3.96616785E-03 1.20293372E-02-2.38049359E-02-6.76422265E-03-1.93228568E-03
13 14 1.19370445E-02 1.28972078E-01 2.95333858E-02 1.14032890E-02 3.98475520E-03
13 15-2.93041286E-02-8.85921179E-03
14  1 6.16840220E-02-3.55815663E-01 7.33442599E-03 1.32628155E-02 4.52896638E-02
14  2 4.54315531E-01-1.49305739E-02-2.66555365E-02-9.15466158E-02 3.02836946E-01
14  3-6.79523969E-04-2.97806649E-03-7.72549488E-03-1.30377757E-01 1.12891362E-01
14  4 1.80646520E-02 3.13175144E-02 3.45995938E-02 3.97384396E-01 1.92677797E-02
14  5 3.09269424E-02 4.02442656E-02-4.42587475E-02 5.20164829E-02-6.01920100E-03
14  6-5.01628533E-02 5.80916546E-02 6.32528371E-02 8.33080584E-03-2.32214815E-03
14  7-5.11268812E-03 3.31976690E-02-3.06630103E-02-9.61189982E-03-2.10328132E-02
14  8 2.49461123E-02-1.15616131E-01-1.18351005E-02-1.10874993E-02 2.27645133E-02
14  9 5.37868807E-02-1.43279191E-02 5.41679044E-02-1.61154910E-02 2.83370725E-02
14 10-2.59034545E-02 1.40870505E-02-2.71580129E-03 8.91548320E-03-9.54162787E-02
14 11 1.23628512E-02-6.66061713E-03 2.56283433E-03-6.35268549E-03 5.91229338E-03
14 12-9.45466211E-04 3.51732618E-04-4.30886730E-03 2.25656511E-02-3.77410754E-04
14 13-4.90127529E-04-5.63664790E-03 4.43211030E-03 2.31402824E-03 1.20931368E-03
14 14-7.29773878E-03-1.90145744E-02-7.13609723E-03 2.20401844E-02-5.68909576E-03
14 15-2.72959947E-02-1.24516572E-02
15  1 5.04240725E-02-2.93611119E-01 5.31401984E-04 1.02447974E-03-1.00452250E-02
15  2 3.62166442E-01-1.77395654E-03-4.00854042E-03 1.80997800E-02 3.49118873E-01
15  3-3.77276405E-03-4.80948868E-03-1.71267971E-02 1.18264608E-01-1.23006554E-01
15  4-1.89201680E-02-3.29077510E-02 1.09651964E-01-3.14091572E-01-4.96806710E-03
15  5 1.04187731E-03 3.22382101E-02 1.18479561E-01-1.23128679E-01 1.07699249E-02
15  6 8.00724611E-02-7.32141006E-02-3.16603434E-01-1.68950448E-03 3.96816977E-02
15  7-3.15103810E-02-4.86359375E-02 4.35425614E-02 9.96532838E-04 7.92588182E-02
15  8-4.91553738E-02 1.91085578E-01 7.50672236E-03 5.28419691E-02-3.91846817E-02
15  9-6.47737325E-02-4.25533116E-03-6.76469488E-02-3.82453908E-04-3.81599272E-02
15 10 3.40687069E-02-2.95329477E-02-2.64186219E-03-3.83257223E-02 1.38483077E-01
15 11-2.42053445E-02 2.98393830E-03-1.97271948E-02 5.76369909E-03-5.30933497E-03
15 12-8.87189074E-04-1.34766115E-03 8.23964917E-03-2.24935095E-02-2.20462845E-03
15 13 5.39470061E-04 8.25657821E-03-6.23209346E-03-3.76779281E-03 4.68000801E-04
15 14 9.35553148E-03 3.30720660E-02 2.39056279E-02-6.46591659E-02 1.79450759E-03
15 15 6.17736211E-02 3.32896810E-02
16  1 1.77337625E-02-1.04298186E-01-1.41178111E-02-2.18609997E-02-2.78919326E-02
16  2 1.28553136E-01 2.83107219E-02 4.44060648E-02 5.42374288E-02 1.55683309E-01
16  3 1.36972271E-02 1.80275505E-02 1.05623065E-02 1.16613989E-01-1.04489660E-01
16  4 7.93281222E-02 1.15988580E-01-2.27451793E-02-4.46822682E-01 3.46821009E-02
16  5 4.19728442E-02-2.19952297E-03-1.29904571E-01 1.31611944E-01 8.81400306E-02
16  6 7.27079083E-02-5.37809217E-03 4.55971573E-01 6.70127847E-02 3.47846622E-03
16  7 1.41906648E-02 5.06818067E-02-4.65430090E-02 6.49025465E-02-1.44212960E-01
16  8 6.55230720E-02-2.07155928E-01 5.19786819E-02-1.18786124E-01 5.54491169E-02
16  9-1.20924588E-01-4.27584259E-02-1.05686367E-01-3.60447043E-02 1.21181833E-02
16 10-9.96136642E-03 4.81876653E-02 2.85137270E-02 3.79889257E-02-5.20709616E-02
16 11 3.79531754E-02 2.25990234E-02 2.24517192E-02-9.77994322E-04 9.70950545E-04
16 12 6.99263439E-03-1.34321371E-02-4.05041747E-03 5.05734344E-03 8.57108884E-03
16 13-1.25794787E-02-2.21241837E-03-2.89323724E-03-2.08011649E-03 1.12449507E-02
16 14 5.67555612E-03-3.67204814E-02-3.30108769E-02 1.37155602E-01 3.43628891E-02
16 15-8.81419429E-02-6.36741477E-02
17  1-1.56930929E-03 9.27652486E-03-1.31996919E-02 1.26970058E-02 3.82683965E-03
17  2-9.99001158E-03 2.71530293E-02-2.57701811E-02-8.17433334E-03-1.74563758E-02
17  3 1.55358291E-02-1.57253976E-02 2.92715461E-04-1.36469609E-02 9.30732265E-03
17  4 1.13556999E-01-9.82020652E-02 8.02454516E-03 7.72312665E-02 1.04502634E-01
17  5-7.04043073E-02-4.06607067E-03-1.43540860E-02 7.39747434E-03 2.56851378E-01
17  6-8.50782491E-02-5.24895615E-02 7.02474950E-02 1.68519069E-01-8.07518456E-03
17  7-5.81812858E-02 1.36316926E-02-1.48424265E-02 4.63680675E-02 2.45004468E-01
17  8-1.45885212E-01-5.06016317E-02 4.22115457E-02 2.19395710E-01-1.32571436E-01
17  9-4.55937455E-02-2.08292883E-02 8.19923566E-02 3.06596889E-02-8.67938113E-04
17 10 1.42414515E-04 7.65210495E-02 1.71085620E-02 3.23648712E-02 2.59230090E-03
17 11 6.66216684E-02 1.31502842E-02 2.48734534E-02 6.59513629E-03-8.57546612E-03
17 12 4.24105330E-03-5.34094175E-02 7.36066834E-02-2.08371841E-02-2.73205634E-04
17 13-4.65496992E-02 7.54680553E-02-5.58943342E-02-3.50069187E-02 3.13309250E-02
17 14 2.58663303E-02-5.14623715E-02-3.58733630E-02 1.36286943E-01 6.72202124E-02
17 15 1.56206140E-01 1.01260031E-01
18  1 1.09896436E-03-6.55571082E-03-1.48352415E-02-3.93268527E-03-2.69936633E-03
18  2 7.47717103E-03 3.09281555E-02 8.09366910E-03 4.96362569E-03 1.64991258E-02
18  3 1.76045251E-02 4.18775875E-03-1.30896159E-03 8.37719708E-03-4.67236008E-03
18  4 9.34312654E-02 6.32447081E-03-2.31119037E-02-6.74508932E-02 6.55019823E-02
18  5-1.74056235E-02-1.68067602E-02-7.53786336E-03 8.42500756E-03 6.07576428E-02
18  6-5.61655634E-02 3.60827382E-02 4.07489954E-02 2.48210310E-02-5.39031954E-02
18  7 6.36899573E-02-1.43183038E-02 1.31636941E-02-1.22375160E-02 8.31740637E-02
18  8 1.13614588E-03 5.95803787E-02-1.00582398E-02 7.85334811E-02 2.98878393E-03
18  9-5.92732094E-02-3.12953025E-02 1.84117339E-02 9.84767454E-03-8.83904305E-03
18 10 1.08392076E-02-4.44756086E-02-5.92920465E-02 2.37936136E-02 3.21544794E-02
18 11-4.23727269E-02-6.41001402E-02 2.77986441E-02 2.29041673E-03-6.88061196E-04
18 12-6.60018240E-02 3.35160360E-01-1.60098489E-01-1.28164859E-02-5.68782685E-02
18 13 3.06121212E-01-1.47004114E-01 2.08128740E-01 1.53381532E-01-2.03787162E-01
18 14-1.63705293E-01 2.94938681E-02 1.93296271E-02 3.31174898E-02 1.15309816E-02
18 15 2.46397185E-02 2.89488338E-02
19  1-4.21574477E-03 2.50065422E-02-3.38164178E-02-2.70828876E-02 4.92280855E-02
19  2-2.87347406E-02 7.12832739E-02 5.60728106E-02-1.03960551E-01-5.03982798E-02
19  3 4.67921036E-02 4.53767053E-02-5.80056436E-02-2.54421558E-03 2.95442461E-03
19  4 2.16634875E-01 1.80327099E-01-4.32473898E-02-1.62778502E-02 1.74713909E-01
19  5 1.37414109E-01-1.62468187E-02 1.71144223E-02-1.55495215E-02-2.37342065E-02
19  6-1.59516514E-01 2.25112514E-01-7.95247458E-02-4.24894016E-02-7.07481670E-02
19  7 1.88073705E-01-3.92290778E-02 3.79971283E-02-1.12823393E-01 1.29250984E-01
19  8 1.12129454E-01 1.51048945E-01-1.13651350E-01 1.33065039E-01 1.10819459E-01
19  9-1.43672570E-01-9.19535809E-02-2.96823164E-02-2.21700316E-02 1.45746444E-04
19 10 4.09313952E-04-8.39492148E-02-5.08641584E-02-8.83170130E-02 3.47548031E-03
19 11-7.08104470E-02-4.68079444E-02-8.32790668E-02-5.81316181E-03 6.53484177E-03
19 12 2.57467289E-02-1.09998448E-01 3.77997467E-02 2.11280794E-02 2.61930821E-02
19 13-1.02127555E-01 2.43154672E-02-6.27944455E-02-5.18476843E-02 6.03589745E-02
19 14 4.63486370E-02 6.19198490E-02 5.12754415E-02-4.07963931E-02-1.84367414E-02
19 15 4.92758045E-03 2.85534713E-02
20  1-1.22168362E-02 7.24067529E-02-3.78271121E-04 5.15735513E-02 8.52200280E-02
20  2-9.16008121E-02 5.94173229E-04-1.09122592E-01-1.78740392E-01-1.28284166E-01
20  3 6.25976415E-03-5.97006143E-02-1.01180256E-01-1.26975840E-02-1.63791360E-03
20  4 7.68925379E-02-1.51437139E-01 1.93010271E-01 1.14538325E-01 7.32697245E-02
20  5-9.56384813E-02 1.46581716E-01 2.11262362E-02-1.23999842E-02 1.04708766E-01
20  6 2.51298124E-01 4.10851461E-02-1.10411754E-01 1.21184287E-01 1.78124865E-01
20  7 5.51405683E-02 1.89422369E-04-2.54080103E-03 1.47160326E-01-8.70249262E-02
20  8 1.36319031E-01 1.66367614E-02 1.48203471E-01-9.33407447E-02 1.36139427E-01
20  9-4.03467693E-02-3.12511335E-02 1.04839115E-01 6.58061788E-02-9.05631831E-03
20 10 8.60923740E-03-8.05594663E-02-2.57980609E-02-1.45463319E-01 4.23259978E-02
20 11-7.34019917E-02-2.57960305E-02-1.35951965E-01 1.39422488E-03 1.36526187E-04
20 12 9.43137674E-03-6.14785455E-03-3.05203189E-02-9.17379339E-03 1.29131615E-02
20 13-3.45528208E-03-3.27707347E-02 1.03541518E-02 5.29472313E-03 6.64961936E-03
20 14 1.20269519E-02 6.88078929E-02 5.95372121E-02 5.83383120E-02 2.64682911E-02
20 15-7.02034613E-02-7.20138795E-02
21  1 7.48717525E-03-4.44153941E-02-5.90745722E-02 2.52609910E-02-6.86641527E-02
21  2 5.28200448E-02 1.24512952E-01-5.29847272E-02 1.45625682E-01 8.64046583E-02
21  3 7.84763383E-02-4.15452589E-02 8.07233666E-02 7.82795073E-03 9.81658235E-04
21  4 2.34451554E-01-2.10055748E-01-8.24981404E-02-7.03044217E-02 2.14212929E-01
21  5-1.93673750E-01-6.30878157E-02 5.96848762E-03-8.36125084E-03-1.34594868E-01
21  6-1.46582962E-02-7.70095987E-02-1.18392950E-02-1.40327606E-01-4.40890532E-02
21  7-5.80696797E-02-2.16224733E-02 1.91137541E-02-6.94010222E-02-1.50253571E-01
21  8-7.48946926E-03 9.40519026E-02-6.37291908E-02-1.46369560E-01-1.23929835E-02
21  9-1.41585541E-01-7.71787226E-02 1.96238338E-01 1.29477778E-01 6.15286456E-03
21 10-6.74677799E-03 3.26571235E-02 1.56810210E-02 6.44566749E-02-2.56628300E-02
21 11 3.07219303E-02 1.73489224E-02 6.14870407E-02 7.80246986E-04-1.71800040E-04
21 12 9.34941526E-03-4.18734714E-02-2.49268151E-02-3.61810351E-03 8.86281877E-03
21 13-4.27454300E-02-2.89751376E-02-5.73704921E-03-6.14358292E-03 2.34064119E-02
21 14 1.82429770E-02-3.17792044E-02-2.80247108E-02-9.08204923E-02-4.54558271E-02
21 15-6.97932349E-02-6.46692852E-02
22  1-4.17745001E-03 2.47829995E-02 2.04440093E-02 1.30506181E-02 4.58731775E-02
22  2-3.49752675E-02-4.26184659E-02-2.94887530E-02-9.55477572E-02-4.15518912E-02
22  3-3.12568882E-02-8.19319238E-03-6.77422393E-02 2.75504572E-03-6.13028336E-03
22  4-1.20120679E-02-4.95040267E-04 7.77019123E-02-2.86876982E-02-4.34313179E-02
22  5 3.42026239E-02 7.89719967E-02 2.89258997E-02-3.92110304E-02 2.18568457E-02
22  6-1.14223816E-02-9.77491418E-03-5.32747708E-02 3.67997675E-02-5.86731833E-02
22  7-8.33395209E-03-4.80683904E-02 4.05348891E-02-1.05651841E-01 2.84887574E-02
22  8 1.40965867E-01 2.31046639E-01-1.06480545E-01 2.92322009E-02 1.60462901E-01
22  9-1.02069572E-03-1.51564771E-02-1.19734017E-02 3.01491658E-02-7.96536041E-02
22 10 6.94671797E-02 3.50734648E-01-1.70837099E-02 9.27275434E-03 3.44895953E-01
22 11 3.46604077E-01-2.66794531E-02 7.50718854E-04 1.77802539E-02-9.57145400E-03
22 12-7.83279389E-03-7.21898681E-03-1.01225378E-01-9.92253442E-02 7.71317298E-04
22 13 3.21290284E-03-1.12870602E-01 4.59950799E-02 2.00640205E-02 1.91369911E-02
22 14 7.17122366E-02-2.08861789E-01-1.76261534E-01-1.52302796E-02-2.81169191E-03
22 15-6.46442241E-02-6.11225983E-02
23  1 8.67257096E-03-5.17776198E-02-5.33469261E-03-5.04421309E-02-1.58826369E-01
23  2 4.88154508E-02 1.26354280E-02 1.06786838E-01 3.39884482E-01 1.53866802E-01
23  3-3.10812820E-03 7.16749627E-02 1.94233075E-01 6.10667910E-03 1.13472999E-02
23  4-1.08894642E-01-1.36069182E-01-1.42731068E-01-1.04992674E-01-1.36357618E-01
23  5-1.34950091E-01-1.59559079E-01 5.87712421E-03-1.28116781E-02 1.35748406E-01
23  6 1.98513702E-02 7.23775306E-02 1.97949206E-02 1.06059443E-01 1.86936657E-02
23  7 1.44388860E-01-3.64983682E-02 3.25161897E-02-1.20965236E-02 9.85264137E-02
23  8 2.30691142E-01 1.60352875E-01-1.58388293E-02 1.06303842E-01 2.46425225E-01
23  9 9.86317771E-02 8.43873838E-02 5.82796625E-02 6.89967078E-02-9.29546970E-04
23 10 7.89965990E-04-4.22150780E-02-8.48113051E-02-5.21850231E-02 1.21283824E-02
23 11-3.38251824E-02-9.16882255E-02-4.75577909E-02-4.03548414E-03 5.71768621E-03
23 12 4.24086593E-02-5.49836008E-02-3.48988764E-02 1.57175352E-02 5.39077620E-02
23 13-5.50416748E-02-5.06696969E-02-1.26173774E-02-1.62891592E-02 2.42555406E-02
23 14 8.93077410E-03 3.45314108E-02 3.03906394E-02 8.71934809E-02 7.48127365E-02
23 15-5.69743691E-02-3.82547161E-02
24  1 5.91554426E-04-3.57908630E-03-1.76851438E-02-2.36827967E-02-8.02354674E-03
24  2-1.11875856E-04 3.80575559E-02 5.04853333E-02 1.79713877E-02 2.27377903E-02
24  3 2.67671446E-02 3.65425102E-02 5.57886887E-04-7.10704311E-03 1.47682045E-03
24  4 2.27527442E-02 6.28740602E-03-2.93030634E-02 7.62082469E-02 6.34278357E-03
24  5 2.71811017E-02-7.00993942E-02 1.14170371E-02-5.24176231E-03-9.88554643E-02
24  6 3.72997235E-02 5.55470344E-02-1.07029268E-01 8.60822904E-03 4.11261218E-02
24  7 1.04544366E-02 2.01752861E-02-1.41624210E-02 1.42811742E-01-2.44870235E-02
24  8 5.71580058E-02-1.01475441E-01 1.60526539E-01-4.73471087E-02 8.47578519E-02
24  9-1.52199172E-02-3.77893575E-02 1.55227018E-02 3.03890690E-02-4.14676315E-02
24 10 3.66142854E-02 1.08153396E-01-1.34041841E-01 8.66559667E-03 1.91059339E-01
24 11 1.06155264E-01-1.55236722E-01 1.37402470E-02-7.36382779E-02 6.41848383E-02
24 12 1.71556446E-01 1.60643292E-01 2.81610205E-01 3.25264556E-01 1.96445115E-01
24 13 1.83977218E-01 3.09347764E-01-1.08251316E-01-8.91898206E-02-9.96014838E-02
24 14-9.25615079E-02-6.46656580E-02-7.67260607E-02-8.57778017E-02-6.65691324E-02
24 15 2.68902562E-02 9.23587159E-02
25  1 1.99733253E-03-1.18133561E-02-5.83592463E-02-8.77962315E-02-2.60018146E-02
25  2 1.69056531E-02 1.24773724E-01 1.89235554E-01 5.51649512E-02 2.36484255E-02
25  3 1.00379437E-01 1.42630686E-01 3.82872026E-02-2.66742593E-02 2.90392994E-02
25  4 1.93790949E-02 4.31113441E-02-1.01997162E-01 1.53189604E-01 1.81100027E-02
25  5 3.78541520E-02-1.17638211E-01 4.36083229E-03 6.78861160E-03-1.30362566E-01
25  6 3.92308304E-02 9.43525860E-02-8.36998750E-02 1.05438397E-02 6.13281461E-02
25  7 6.71889524E-02 4.35589700E-02-4.23359847E-02 2.98287772E-01 2.56346402E-02
25  8-6.75363701E-02-1.66378186E-01 3.35932401E-01 2.57704209E-02-8.05794913E-02
25  9 9.69022082E-03-3.29198272E-02 1.76022145E-02 4.54749311E-03-2.61224126E-02
25 10 1.99825321E-02 9.95075863E-02-3.33647707E-02-1.10423721E-01 1.30733545E-01
25 11 9.87136742E-02-3.33951059E-02-1.17695930E-01 4.73668999E-02-4.16037561E-02
25 12-1.79411683E-01-6.58744829E-02-1.02552787E-01-2.16296807E-01-2.08845871E-01
25 13-6.84631918E-02-1.00822562E-01 6.56499386E-02 5.00840996E-02 4.84425480E-02
25 14 8.21262437E-02-5.39397517E-02-4.84565255E-02-1.11251685E-01-1.51893816E-01
25 15 8.59382761E-02 1.84302368E-02
26  1-1.98851107E-04 1.15828050E-03-2.11995215E-01-1.32785991E-01 7.94375304E-02
26  2-3.98632739E-03 4.56270326E-01 2.85965033E-01-1.70339441E-01 4.05246642E-03
26  3 3.89394315E-01 2.42713217E-01-1.50069087E-01 1.11069507E-03-3.89646889E-03
26  4-9.95178618E-02-6.53994505E-02 3.69231127E-02 2.40393068E-03-3.78288115E-02
26  5-2.41834356E-02 8.75508667E-03 1.85196371E-02-2.31845042E-02 6.66077293E-02
26  6 4.68143289E-02-8.36104370E-02-8.29960139E-02 9.07320778E-03 6.11853345E-02
26  7-6.23911579E-02-1.07037783E-02 1.07248971E-02-1.15067066E-01-3.64687563E-02
26  8-2.33136117E-02 3.80602639E-02-1.38129767E-01-3.67910198E-02-2.65262236E-02
26  9 8.54840227E-02 1.13139212E-01 1.21368852E-03 8.44750628E-04 4.73364060E-03
26 10-4.62556964E-03-1.40471194E-03 6.60409218E-02-2.47212111E-03-2.21884643E-02
26 11 1.80158925E-03 7.58350541E-02 2.40999695E-03-7.04228723E-03 6.94223849E-03
26 12 5.65432617E-02 3.35669912E-02 4.31316124E-03 2.77806990E-02 6.67548313E-02
26 13 3.78990398E-02 4.45550969E-03-4.25592584E-03-2.39124392E-03-1.42851899E-02
26 14-3.24226919E-03 4.39752653E-03 1.49617336E-02 5.04101288E-02 9.07991829E-02
26 15-3.12812821E-02-2.60826929E-02
27  1-7.71615463E-06 2.94026262E-05 1.63331496E-01-2.16188628E-01 5.05355012E-02
27  2-5.00448976E-04-3.51735725E-01 4.65551839E-01-1.08568058E-01 7.57459438E-04
27  3-3.01140097E-01 3.97144808E-01-9.31896850E-02 6.73670700E-04-4.79921091E-03
27  4 8.07836752E-02-9.71514824E-02 2.36691056E-02 1.53018317E-02 5.30320367E-02
27  5-4.10060967E-02 1.92435116E-03 1.05074431E-02-1.21196582E-02 1.23121283E-02
27  6 2.24020866E-02-6.08374007E-02-4.81057923E-02 1.91538628E-02 2.23469887E-02
27  7-5.61506827E-02-4.11707077E-03 1.37997182E-03-2.36100136E-02-3.03445554E-02
27  8-1.24222388E-02 2.84429500E-02-2.72104579E-02-3.82923884E-02-9.63584323E-03
27  9-6.17648703E-02-5.92028335E-02 9.78173452E-02 1.05269798E-01 7.32267439E-03
27 10-7.53954793E-03-2.39638527E-02 3.07130848E-02 4.06630951E-02-3.14249576E-02
27 11-2.69844115E-02 3.59315786E-02 4.89836344E-02-2.63775328E-03 1.98822653E-03
27 12 2.19211171E-02 3.18031577E-03-5.07797265E-03 1.38670511E-02 2.52937389E-02
27 13 1.27243692E-03-6.18438265E-03-2.07128559E-03-3.21556613E-04-3.18025012E-03
27 14-9.72810591E-03 9.39364695E-03 9.07001533E-03-3.57327036E-03-1.07931900E-02
27 15-1.58681951E-02-1.57074920E-02
28  1 1.25584883E-04-9.77919049E-04-1.76345672E-02 7.35697687E-03 4.53256896E-02
28  2-2.90441174E-03 3.82490963E-02-1.61308074E-02-9.85483338E-02 2.19474527E-02
28  3 2.92309374E-02-1.77180271E-02-9.54472629E-02 4.37287354E-03-1.10610764E-02
28  4-1.16758787E-02 2.70075134E-02 2.47149209E-02 8.71204462E-05-1.45068231E-02
28  5-5.03950659E-03-3.31206332E-02 1.84528782E-03-1.12218243E-03-4.06068875E-02
28  6-1.46148559E-02-6.07170286E-02 2.71001224E-03-1.77414503E-02-1.28832909E-02
28  7-3.77394269E-02 6.40008917E-04-4.31282223E-03 1.77207410E-01 9.77343381E-02
28  8-1.35459555E-03 3.05023750E-02 2.12191996E-01 1.30377655E-01-9.02178939E-04
28  9-5.54910010E-03-2.40300687E-02-3.44063665E-02-3.58857091E-02 4.95524970E-03
28 10-6.59661540E-03-5.58269635E-02-1.03073722E-01 2.23750647E-01-1.25000766E-02
28 11-6.69838331E-02-1.23563843E-01 2.62397699E-01-5.73160778E-03 2.69704070E-03
28 12 2.90060968E-01-1.10359588E-01-2.40508255E-01 4.00262354E-02 3.43871512E-01
28 13-1.34128987E-01-2.81192836E-01-5.89542877E-03-2.39772234E-03 1.25540384E-02
28 14-3.25278394E-02 8.49381014E-03-2.28969068E-02-5.52773281E-02-6.12345697E-02
28 15 1.61850266E-02-9.29387823E-02
29  1-3.02019230E-04 1.50070184E-03-2.48023733E-02 5.96320191E-03 4.30827351E-02
29  2-1.57164495E-02 5.46533388E-02-1.52464507E-02-9.07887212E-02 3.71811573E-02
29  3 3.89486979E-02-1.73102406E-03-1.08987454E-01 1.42602043E-02-1.95316186E-02
29  4-1.50754817E-02-3.43348335E-02 4.35427938E-02-5.46031046E-02-2.30479704E-02
29  5-4.44186076E-02-5.93391676E-03 9.62946519E-03-2.35103704E-02-2.89308882E-02
29  6-1.80043085E-02-8.35047018E-02 3.26283911E-02-3.70057537E-02 1.60788201E-02
29  7-5.64017888E-02-3.64405549E-03 8.00058999E-03 9.49591430E-02 1.07946816E-01
29  8 2.81858563E-01-2.22473805E-02 1.05803952E-01 1.27125358E-01 3.30746024E-01
29  9-8.88685163E-03-1.62973835E-02-3.85046148E-03-2.30840033E-04 1.12892336E-02
29 10-1.59791672E-02-6.43144468E-02 9.35800222E-02 2.81468062E-01-2.98880090E-02
29 11-7.26892847E-02 1.15495535E-01 3.29160759E-01 4.38386769E-03-6.89267056E-03
29 12-2.39810935E-01-1.42897297E-02 1.28227420E-01 3.36661792E-03-2.82384371E-01
29 13-2.99332051E-02 1.44226817E-01 1.46420619E-03 3.16709682E-03 1.81138623E-02
29 14-6.90269410E-02 9.48060508E-03-2.11602340E-02-5.74864839E-02-6.44016734E-02
29 15-2.27136768E-02 5.13279975E-02
30  1-2.10114321E-04 1.50553658E-03 7.00618213E-03 8.73878830E-03-3.38446157E-02
30  2 2.36783020E-03-1.49932075E-02-1.94762933E-02 7.43405603E-02-2.49118903E-02
30  3-1.32581240E-02-7.16130009E-03 7.78030262E-02-1.71422902E-02 2.55648292E-02
30  4 2.87148740E-02 2.15171597E-02-5.04343019E-02 9.03656838E-02 4.61927729E-02
30  5 9.90299596E-03 1.62307222E-02-1.93451663E-03-5.42497104E-04-5.01307202E-02
30  6-4.94468473E-02 9.69858892E-03 4.14992978E-02-6.06753929E-02 3.03555878E-02
30  7-6.17866503E-03 4.79599316E-03-5.43168197E-04 9.11066854E-02 1.06755840E-01
30  8 9.68680743E-02-5.03417162E-02 9.74217727E-02 1.37020696E-01 1.08495372E-01
30  9-4.59378558E-03-2.20067737E-02 1.77274096E-02-3.06566693E-02 6.07489259E-03
30 10-6.62230985E-03 2.33483443E-02 4.35364643E-01-1.12917245E-01-1.49805658E-02
30 11 2.18759512E-02 4.95739049E-01-1.26381583E-01-2.61424117E-03 7.37829331E-03
30 12 1.74874855E-01 1.08989789E-01-3.90502602E-02-2.29073762E-02 2.11804395E-01
30 13 1.37387557E-01-3.81096449E-02 8.82883479E-03 3.76688452E-03-2.01882802E-02
30 14 8.14307513E-02 6.81761291E-03-3.74324347E-02-5.82523862E-02-6.05090162E-02
30 15 5.89521220E-03-5.09708123E-04
 $END   
 $GRAD  
E=     -762.2879029098  GMAX=   0.0540536  GRMS=   0.0142449
CL          17.    4.3092090150E-05    3.1702136592E-04   -1.7060540608E-05
C            6.    1.8004814676E-04    1.6844639204E-04    4.2049137467E-04
C            6.    5.5536114094E-03    2.8858430811E-02    5.4053580647E-02
O            8.    2.3726231239E-05    4.1681925436E-05    2.4102095025E-04
H            1.    1.3629799813E-05   -5.7316982417E-05   -7.4322411658E-05
H            1.   -5.2213505427E-05   -3.6324909444E-05   -5.4439306813E-05
O            8.   -6.2497678334E-03   -3.3071237921E-02   -5.2715724355E-02
O            8.    5.4624875334E-03   -1.5475542370E-04   -8.2955075550E-03
H            1.    3.2749854520E-05   -1.4834885637E-04   -1.3675616200E-04
H            1.    4.8179416134E-04    3.7759209671E-03   -2.0145596266E-03
H            1.    1.1774820163E-05    2.0019835625E-04    7.3185855859E-05
H            1.   -1.2914041391E-06    3.4451287122E-05    2.4112423407E-04
H            1.   -5.4996409962E-03    7.1832990250E-05    8.2789669411E-03
 $END
-------------------- DATA FROM NSERCH=  16 --------------------
 COORDINATES OF SYMMETRY UNIQUE ATOMS (ANGS)
   ATOM   CHARGE       X              Y              Z
 ------------------------------------------------------------
 CL         17.0   3.1235705025   0.7081526019   0.4502293757
 C           6.0   2.7987933344   0.1337885604  -1.3275666137
 C           6.0   3.3206649586   1.1779626803  -2.2575989759
 O           8.0   2.5630596656   2.3082588300  -2.2878965244
 H           1.0   1.7202529287   0.0295952706  -1.4023409862
 H           1.0   3.3257616677  -0.8058429191  -1.4438481787
 O           8.0   3.1575740246   0.3351138417  -3.8396884749
 O           8.0   3.8880073779   2.8637811228  -4.5418435690
 H           1.0   3.4130058598   3.3107783683  -5.2779146737
 H           1.0   3.6897685456   1.8770262227  -4.6007897837
 H           1.0   2.1720070981   0.4048914591  -3.9590636068
 H           1.0   4.4013115748   1.2888098486  -2.2685074298
 H           1.0   2.9630691290   2.9075047065  -2.9982835652
--- CLOSED SHELL ORBITALS --- GENERATED AT 22:12:41 29-JUL-2026    
Chloroacetaldehyde hydrate and water                                            
E(R-WB97X-D)=     -762.2879059402, E(NUC)=  306.5008561748,    6 ITERS
 $VEC   
 1  1 9.85802781E-01 5.34284331E-02-1.95565718E-05-3.68760078E-05-1.72654744E-04
 1  2-1.87710734E-02 6.01345600E-05 1.13186208E-04 6.48677723E-04 1.02711567E-02
 1  3-2.24882509E-04-4.44328642E-04-1.80359626E-03-3.06545584E-05-4.17918317E-04
 1  4-3.32935194E-06-1.34395260E-05-1.50919094E-04 8.77727610E-04-2.32830723E-05
 1  5 4.16002437E-04-1.50574639E-03 9.16078906E-05 6.95450648E-04-3.57210895E-06
 1  6 1.42481663E-05 3.58588761E-04-2.37857033E-03 6.21063121E-04 1.29658316E-04
 1  7-1.64723742E-03-2.09119205E-05-1.59536464E-04-1.67518289E-05 2.53068538E-05
 1  8 3.48935127E-07 7.03903372E-04 1.64979738E-04-3.31277195E-04 1.97838905E-04
 1  9 1.50171802E-04-8.37208375E-04 2.01513574E-04-7.41503012E-04 9.41163728E-06
 1 10 9.07987676E-05 1.03614986E-05 7.93551799E-06 3.49539477E-05-2.84143396E-04
 1 11-5.07721654E-05-6.56638038E-05-1.74420026E-04-9.32738358E-07-3.21228581E-06
 1 12-2.47362230E-06-3.14493949E-06 2.76397399E-05 5.22037684E-05 2.37356180E-06
 1 13-5.38650928E-06-8.33553304E-05-3.23223377E-05 2.40111106E-05 5.03827619E-05
 1 14-2.06297704E-04-2.00336646E-06-2.32743368E-06 2.33875574E-04-1.89680254E-04
 1 15-2.21131896E-05 4.37917137E-05
 2  1 8.25372254E-06-6.43478338E-05-2.46568508E-05 8.83079038E-06 5.57569932E-05
 2  2 6.20290493E-04 1.66953603E-04-3.68567920E-05-3.35815282E-04-7.82106301E-04
 2  3-7.89750288E-04 2.48726932E-04 5.97680447E-04 1.64622290E-04 5.36327034E-04
 2  4-5.23581255E-04-5.52792467E-04 4.50429571E-04-5.26207143E-03 4.42874372E-03
 2  5-3.69184285E-03 1.64481118E-03-7.36489163E-04-3.02144972E-03-5.29864510E-04
 2  6 2.36387019E-03 4.55893922E-05 2.16092259E-02-1.16048733E-02 8.87769141E-03
 2  7-7.04430896E-04 9.82648833E-01 1.05544794E-01 3.12827142E-03-1.74581598E-03
 2  8-1.74403937E-03-5.39660610E-02-8.56762344E-03 7.37282554E-03 4.01930240E-03
 2  9 9.33734700E-04 2.06662134E-03-6.64710435E-04-4.40789694E-04 7.44524324E-03
 2 10 1.89521509E-03-3.50184774E-04 5.16064032E-04 3.33396547E-04-3.01600707E-03
 2 11 1.45751197E-03-2.35382249E-03-1.79167774E-03 4.70919403E-03 1.34867779E-03
 2 12-2.20891863E-04-2.35343027E-05 6.28697020E-04-1.83166554E-03 8.31809552E-04
 2 13 1.81996787E-04-2.22135036E-03 1.21222090E-04-7.22485698E-04 4.33896521E-04
 2 14-6.04441702E-04 9.10748689E-04-8.17373110E-04-6.87196442E-04 1.05800189E-03
 2 15 3.05553416E-03 6.77831057E-03
 3  1-6.56710937E-06 4.11760757E-05 8.49417936E-06 2.96756912E-05-3.77896668E-05
 3  2-7.96721230E-04-4.86719758E-05-1.72191328E-04 2.85162631E-04 1.45559703E-03
 3  3 1.53249207E-04 4.89439155E-04-1.36479135E-03 2.14872888E-04 7.76344147E-04
 3  4-1.03331102E-04-1.65070853E-04 7.81182265E-04-6.72467214E-03-1.20516175E-03
 3  5-2.04662315E-03 2.46451185E-03-9.35907512E-04-5.27599724E-03-1.02224247E-04
 3  6 8.87797787E-04 5.37524672E-04 1.78593259E-02-2.42918311E-03-5.23293614E-03
 3  7-5.42967755E-03-7.25757522E-03 4.11155685E-04-8.61043926E-05-4.18193252E-04
 3  8-3.90249346E-04-3.32743331E-03-2.72149780E-04 2.92470599E-03 1.89228534E-03
 3  9 7.42841410E-04-1.01973597E-03 2.67433377E-04 3.18391207E-04 9.82202200E-01
 3 10 1.02557745E-01-2.20754233E-03 1.74512637E-03 1.28436174E-03-4.27052461E-02
 3 11 4.44222545E-03-4.79294617E-03-4.12006510E-03 1.92332923E-02 3.05573088E-03
 3 12-2.76566853E-05-6.01408655E-04-1.88928217E-05-3.97072607E-03 1.77825167E-04
 3 13 2.64939155E-03 1.32865043E-05 3.69716141E-04-1.19145953E-03-1.84421340E-04
 3 14 5.81971744E-03 3.31219641E-03 6.04958487E-03-1.27866619E-03-1.77947279E-03
 3 15 5.10963177E-04-1.16006519E-03
 4  1 6.92151552E-08-3.50960911E-07 7.06487373E-06-1.95101821E-06 8.88676729E-08
 4  2 5.97804695E-06-3.63762017E-05 8.48483562E-06 1.84328612E-06-3.37547800E-05
 4  3 5.80446776E-05 7.70591894E-06 1.66190165E-05 7.29700566E-06 9.37161252E-05
 4  4-4.31953143E-05 4.62758474E-05-6.75170217E-05-1.85510836E-04 1.18391779E-04
 4  5-4.92163883E-05 1.21514128E-04 6.51869986E-05 4.12736496E-04 2.04145441E-05
 4  6-7.43496581E-05-4.16655257E-05-1.38274588E-03 3.86053744E-04-7.11429881E-04
 4  7 4.08572057E-04-4.39225446E-03 4.01911425E-04 3.36940155E-05 4.23113282E-04
 4  8-2.35012181E-04-2.37323319E-03-2.82861714E-04-1.87505476E-03 1.29296565E-03
 4  9-2.85995109E-05 2.81479057E-04 5.82783330E-05-1.74314340E-04-1.90615789E-02
 4 10-1.01410623E-03 3.64340814E-04 5.46200510E-04-4.22245842E-04-1.11169062E-03
 4 11-1.18609527E-03-1.99440019E-03 1.42671145E-03 9.82176486E-01 1.02744105E-01
 4 12-2.17029410E-03-1.43253408E-03-1.69992705E-03-4.34271443E-02 4.57776853E-03
 4 13 3.65440109E-03 3.22924496E-03 2.92769084E-03 6.11374597E-03 2.34342246E-03
 4 14 9.59201711E-03 5.32303658E-04-1.51141370E-03 2.01771445E-04-4.91091457E-04
 4 15-4.89273382E-04 5.20817220E-03
 5  1 7.89480712E-05-1.01340760E-04-2.19095740E-06 5.29476600E-05-2.18386984E-04
 5  2-2.42276615E-03 2.25931117E-05-3.53438764E-04 1.50824485E-03 3.25453702E-03
 5  3-4.71398095E-04 1.25656274E-05-2.53864197E-03-8.90944625E-03-4.00707225E-03
 5  4-3.19051444E-04-5.04935063E-04 1.34563603E-04 2.57897493E-02 6.16932790E-03
 5  5 1.06663338E-02-1.21488350E-02 9.86493832E-01 1.10074688E-01-3.53355264E-04
 5  6-9.17579249E-04-4.34629065E-04-8.27143415E-02 1.96179794E-03 1.21566763E-02
 5  7-4.63058724E-03 2.08346932E-05-2.48584301E-04 3.08240638E-04 3.81553911E-04
 5  8-1.72215117E-04 6.85284537E-03-1.09650212E-03-2.73702499E-03 1.04501661E-03
 5  9-1.42102419E-03 1.62679327E-03-1.57360749E-03 1.16709714E-03-3.66149597E-04
 5 10-2.58914737E-03-1.43676375E-04-1.80066400E-04-5.15982706E-04 8.98843091E-03
 5 11 9.46443908E-04 2.97208851E-03 6.87354824E-03 2.65013598E-05 2.24915493E-04
 5 12 3.19141042E-05 1.09175061E-04-3.20728833E-05-7.99951992E-04 2.72224751E-05
 5 13-1.91595529E-04-1.30038463E-04 2.89621458E-04-4.85421682E-04-4.26976368E-04
 5 14 1.06702632E-03-1.38705920E-03 3.52263886E-03-5.97954615E-04 1.59566768E-02
 5 15 1.74036744E-04 2.70495841E-03
 6  1-2.72603056E-05-1.63074860E-04 5.91814236E-05 1.02222785E-04 3.37577178E-04
 6  2-2.13829560E-03-3.44288403E-04-5.95202992E-04-1.91175070E-03 1.28361173E-02
 6  3-1.24187278E-03-2.15298739E-03-8.58184241E-03 9.86477965E-01 1.11848232E-01
 6  4 3.44750048E-04 6.80095378E-04 1.11521641E-03-9.04339826E-02-2.83925284E-03
 6  5-6.00948023E-03 2.46488456E-03 8.35321009E-03-1.86608693E-03 4.05342820E-04
 6  6 4.69250780E-04-6.71356780E-05 2.33426627E-02-5.62129494E-03-1.01945133E-02
 6  7 8.88907490E-03 3.63899884E-05-1.31331275E-05-1.75674105E-05 5.06131137E-04
 6  8-3.24622800E-04-1.32171473E-03-1.12092950E-05-4.27134751E-04 5.48557432E-04
 6  9-9.92921607E-05 1.54883072E-02-1.74300641E-04 1.54359084E-02 1.78763618E-05
 6 10-4.47719701E-05 1.93157665E-04 1.91349936E-04-3.23520984E-04-5.50536653E-04
 6 11-6.14917489E-04-6.39983147E-04 1.63391714E-04 1.61961558E-05 1.19702495E-04
 6 12-4.04247868E-05 4.88938074E-05-1.28893662E-04-5.86633154E-04 1.93373208E-04
 6 13-3.66458017E-05 3.82774006E-04 3.08256370E-04-2.67061636E-04-2.28275156E-04
 6 14 1.31063564E-03-3.83262723E-04-8.42715066E-05-1.15379234E-03 1.35866220E-03
 6 15 4.59431345E-04 1.31003147E-03
 7  1-3.05122165E-01 9.77073124E-01-1.47018449E-03-2.78385681E-03-8.45890819E-03
 7  2 1.54272269E-01-6.11561427E-04-1.14792987E-03-5.20756290E-03-6.76883117E-02
 7  3 1.60228768E-03 3.12480455E-03 1.20382230E-02-2.84385482E-05 1.70907743E-03
 7  4-5.08160610E-05-2.21207965E-05 4.86987165E-04-3.03673249E-03 4.70968004E-04
 7  5-1.91334028E-03 9.94145363E-03-1.11873734E-04-3.70237529E-03 3.22582755E-05
 7  6-1.07019108E-04-2.06021656E-03 1.31012518E-02-3.65223247E-03-6.51988056E-04
 7  7 9.53792259E-03 1.07306661E-04 7.78026120E-04 7.14591050E-05-1.40790311E-04
 7  8 7.64304036E-06-3.85805837E-03-8.87893095E-04 1.88879903E-03-1.13848280E-03
 7  9-9.61362709E-04 5.05081540E-03-1.25527162E-03 4.44519453E-03-5.58525656E-05
 7 10-5.10149799E-04-5.49759717E-05-3.78457504E-05-2.14777418E-04 1.72524621E-03
 7 11 2.95579335E-04 3.86903523E-04 1.17968734E-03 5.55692640E-06 2.40385020E-05
 7 12 1.30374598E-05 1.18806243E-05-1.33978970E-04-3.11089028E-04-1.59431818E-05
 7 13 5.51058435E-05 4.42508809E-04 1.70236802E-04-1.48393028E-04-2.75162077E-04
 7 14 1.20483942E-03-4.47840181E-05 1.51554071E-04-1.28465888E-03 1.31061071E-03
 7 15 8.26806834E-05-2.36498649E-04
 8  1-3.21600999E-03 1.08887145E-02 1.60914105E-01 2.86954195E-01 9.13240590E-01
 8  2-3.22576581E-03 1.47461882E-02 2.62949087E-02 8.50082998E-02 4.82348873E-03
 8  3-4.78660002E-03-8.66709838E-03-2.93136724E-02-6.86193526E-04-4.43933022E-03
 8  4-3.31202258E-05-1.25400345E-04-4.43763934E-04 9.53260869E-03 9.56184985E-04
 8  5 3.46466992E-03-3.34287618E-03 4.14058536E-04 2.88237484E-03 2.46530363E-05
 8  6 8.68967817E-05 8.31427727E-04-1.20298015E-02 2.38034220E-03 1.47288865E-03
 8  7-7.69545595E-03-7.24722987E-05-4.44280115E-04-7.44956526E-05-3.61337675E-05
 8  8 4.22832407E-05 2.58853559E-03 7.28610344E-04-9.61171069E-04 6.10600111E-04
 8  9-2.54694064E-04-3.94962027E-03-4.88277041E-05-3.54469723E-03 2.31559040E-05
 8 10 1.71648896E-04 3.36278604E-05 7.81369558E-05-1.22702049E-05-8.73540768E-04
 8 11-1.72509101E-04-4.22138604E-04-1.92772322E-04-5.16705903E-06-2.60774334E-05
 8 12-2.09788524E-06-1.97047880E-05 9.46323961E-05 2.62765734E-04-1.72686934E-05
 8 13-2.74461916E-06-3.15032453E-04-1.42584683E-04 1.22459122E-04 2.26234150E-04
 8 14-9.18924359E-04-1.87946035E-04 3.98162172E-04 9.91340001E-04-3.82012421E-04
 8 15-1.43535382E-04-1.01762164E-04
 9  1 2.05532112E-05-1.14281744E-04 5.77612078E-01 7.10388998E-01-3.24805077E-01
 9  2 4.16641058E-04 5.17843818E-02 6.37283774E-02-2.96015009E-02 2.45200239E-04
 9  3-1.62231547E-02-2.00286028E-02 9.06370709E-03 2.50067242E-05 1.53464017E-04
 9  4-4.03712847E-05 3.56415380E-05 5.23958363E-04-8.11282274E-04 7.67947300E-04
 9  5-5.29449836E-04-2.20958417E-03-1.69323545E-04-1.38953749E-03-3.03253257E-05
 9  6-1.84770868E-04-9.60842022E-04 2.90327323E-03-5.35334688E-04 2.01036735E-03
 9  7 4.51657508E-03 4.21308699E-05 2.41136719E-04 9.79758501E-05 1.76944311E-05
 9  8-6.74563864E-05-1.62929126E-03-7.66442313E-04 4.74521288E-04-3.10085252E-04
 9  9 5.86392511E-04-1.56800520E-03 1.27822145E-04-1.16924282E-03-3.80715595E-05
 9 10-2.85372653E-04-6.52357292E-05-8.95983479E-05-8.37902394E-05 1.11139282E-03
 9 11 3.11284352E-04 5.26638544E-04 7.10304459E-04-1.02480302E-06-1.29729680E-05
 9 12 1.79652977E-05 6.79109966E-06-3.02926335E-05-2.28463986E-05-5.52622858E-05
 9 13-2.13129028E-06 1.12474328E-04 2.14116796E-05-2.57318876E-05-6.86332299E-05
 9 14 2.78268466E-04-7.85478786E-05 4.03707822E-04-9.11590574E-04 1.23801611E-03
 9 15 1.78946641E-04-2.31996141E-04
10  1 2.34759068E-05-7.06375862E-05 7.64430925E-01-5.97310553E-01 5.29602524E-02
10  2-4.45150969E-05 6.83563306E-02-5.34450072E-02 4.82062713E-03-1.06008129E-04
10  3-2.08462211E-02 1.64420634E-02-1.43819146E-03-1.57782001E-06-2.49108829E-05
10  4-5.86961726E-05 2.04822658E-05-9.60586831E-05-1.79509212E-04 1.52301867E-03
10  5-1.11043060E-03 5.86048355E-04 4.21883158E-05 4.72302111E-04-6.23398870E-05
10  6 1.94938641E-04 9.97571922E-05-1.22794733E-03-7.21774475E-04-7.47844349E-04
10  7-2.35873782E-04-1.48009892E-06 6.16388866E-05-3.34981815E-05-6.47097075E-05
10  8 3.03148475E-04 2.44531432E-04 2.66060831E-04 1.49946604E-04-8.80981030E-04
10  9 6.51617767E-04-1.44962166E-03-7.68861556E-04 1.74603703E-03 7.73309689E-06
10 10 7.48533312E-05 2.74153034E-05-3.71716944E-05 3.73825029E-05-2.49025237E-04
10 11-6.37561284E-05 1.15997224E-04-1.52519931E-04-4.89257908E-06-4.31581747E-05
10 12 8.22422417E-06 8.93647929E-06-1.26624318E-05 1.31602426E-04-3.45549610E-05
10 13-5.08602851E-05 5.11556188E-05-1.57850269E-05 5.34486154E-05 3.22855654E-05
10 14-1.78207236E-04-1.13789921E-04 2.27693829E-04-1.25854623E-04 1.40166581E-03
10 15-2.10109421E-04-2.03003253E-04
11  1 2.12898784E-03-1.20669730E-02 4.76669833E-04 6.44995062E-05 3.68142179E-03
11  2 1.51640277E-02-9.62582469E-04-3.58273806E-04-6.63890046E-03 5.36118484E-03
11  3 2.45007217E-03 1.65603793E-03 9.09461738E-04-2.22411252E-02 1.97425855E-02
11  4 4.18715287E-03 1.96745918E-02-1.26080791E-02 4.13003697E-02-2.03210633E-02
11  5 1.66536224E-02 4.19255362E-03-9.53782812E-02 1.03942954E-01-5.96332303E-02
11  6 8.37228411E-02-3.30712472E-03 1.43903300E-01 2.02966316E-02-1.66270532E-02
11  7 1.20049743E-03-2.08878511E-01 1.91545465E-01 8.36556430E-02-4.87481833E-02
11  8-4.19164745E-02 6.49939578E-01 9.32152633E-02-5.57688391E-02-4.92368393E-02
11  9 4.93028125E-03-8.60854934E-03 7.64577449E-03 3.19445522E-03-3.51703351E-02
11 10 3.28997401E-02-1.08148329E-02 9.73137433E-03 1.00261526E-02 9.96845336E-02
11 11-1.57841137E-02 1.47982468E-02 5.63596444E-03-2.47646322E-02 2.09188505E-02
11 12-7.94454888E-03-5.49387689E-03-2.11427788E-03 7.71550779E-02-1.12518485E-02
11 13-7.41782056E-03 5.08528234E-03 9.98268844E-03 4.01943871E-03 1.34589326E-02
11 14 4.88749504E-03 1.65981760E-02 5.13241951E-03 2.36541961E-02-1.60125363E-02
11 15 8.41199928E-02 8.79902705E-03
12  1-6.48193189E-04 3.70463936E-03-1.51371900E-04-2.64128539E-05-9.24972237E-04
12  2-4.89022003E-03 3.41246113E-04 1.19306949E-04 1.84631359E-03-1.89724470E-03
12  3-6.55822598E-04-6.38586313E-04-1.60968948E-04 3.04667057E-03-4.55448476E-03
12  4-2.64562182E-04-3.65226567E-03 2.62584738E-04 7.05035997E-03 6.41460599E-03
12  5 1.99077883E-03-7.10618859E-03 1.11068970E-02-1.27781776E-02 1.15076279E-02
12  6-1.97261370E-02-6.84271757E-03-2.17502985E-02 2.84709925E-03 1.24690301E-02
12  7-1.63201292E-02 3.53650832E-02-3.23418839E-02-1.21832565E-02 1.10049346E-02
12  8 1.16396562E-03-1.18989349E-01-1.56005122E-02 8.57933917E-03 3.12323746E-03
12  9-1.27741994E-03 1.37187446E-03-1.54763458E-03-1.28131636E-04-3.38040333E-02
12 10 3.03032492E-02-1.03850409E-02 7.28230802E-03-8.91513720E-04 1.05854356E-01
12 11-7.46344443E-03 1.21078291E-02-2.33903340E-03-2.23848847E-01 2.09317327E-01
12 12-6.22024736E-02-3.72487158E-02-6.41349014E-02 6.90911082E-01-6.30317632E-02
12 13-4.17199263E-02-6.12931652E-02 1.16816280E-01 2.58214372E-02 1.07440864E-01
12 14 1.64549688E-02 1.67286468E-02 7.06325139E-03-2.99516470E-03 5.94466960E-03
12 15 2.45283773E-03 1.05736153E-02
13  1 1.80683766E-03-1.03765203E-02 1.94486462E-04 6.81407177E-04 2.53089813E-03
13  2 1.38920982E-02-3.11066840E-04-1.08637165E-03-5.64642578E-03 8.59122793E-03
13  3-9.44025865E-04-1.72083598E-03-3.91631832E-04-1.87820451E-02 1.65753781E-02
13  4 4.57387212E-03 3.64968482E-03-1.26297745E-02 4.56464174E-02 3.35161156E-03
13  5-5.47887308E-03-1.29764041E-02-2.32221241E-02 2.75399025E-02 5.73265140E-03
13  6-5.00710641E-02-3.18418961E-02 6.18585189E-02-4.89168091E-03-1.15884053E-02
13  7-1.28349696E-02 4.93003479E-02-4.68768176E-02-1.72823970E-02-6.02192913E-03
13  8 9.50185054E-03-1.62151694E-01-2.00401988E-02-6.09265581E-04 5.88696952E-03
13  9 6.45258408E-03-7.79951427E-06 6.98886009E-03-1.40308018E-03-2.21245369E-01
13 10 2.10166100E-01-8.55917340E-02 2.48556289E-02 1.58916907E-02 6.85006372E-01
13 11-7.97441327E-02 2.81464947E-02 2.12574357E-02 4.16302297E-02-3.79746781E-02
13 12 1.16953837E-02 2.96864766E-04 1.24422802E-02-1.35266842E-01 1.18587129E-02
13 13 3.96448225E-03 1.19456627E-02-2.37564364E-02-6.75045862E-03-1.88212681E-03
13 14 1.19556692E-02 1.28991848E-01 2.95601025E-02 1.14068877E-02 3.97383696E-03
13 15-2.92898409E-02-8.86393102E-03
14  1 6.16788180E-02-3.55784424E-01 7.30406867E-03 1.32840470E-02 4.53073701E-02
14  2 4.54280845E-01-1.48691580E-02-2.66987083E-02-9.15804194E-02 3.02753096E-01
14  3-6.70894903E-04-2.97349705E-03-7.71486189E-03-1.30382896E-01 1.12886146E-01
14  4 1.80666093E-02 3.13478185E-02 3.46337996E-02 3.97411749E-01 1.92990439E-02
14  5 3.09742612E-02 4.02713938E-02-4.42615171E-02 5.20213081E-02-6.04384263E-03
14  6-5.01887676E-02 5.80960723E-02 6.32445752E-02 8.37530173E-03-2.32451212E-03
14  7-5.10034041E-03 3.32011238E-02-3.06669766E-02-9.64328924E-03-2.10327802E-02
14  8 2.49331220E-02-1.15623276E-01-1.18610661E-02-1.10961561E-02 2.27523549E-02
14  9 5.37745770E-02-1.43092185E-02 5.41617357E-02-1.61211948E-02 2.83593760E-02
14 10-2.59236492E-02 1.40996595E-02-2.71558556E-03 8.91572129E-03-9.54842094E-02
14 11 1.23662591E-02-6.65375968E-03 2.56271555E-03-6.36455806E-03 5.92224886E-03
14 12-9.62187819E-04 3.51304073E-04-4.30809712E-03 2.26071104E-02-3.92335191E-04
14 13-4.98496314E-04-5.62885188E-03 4.44139088E-03 2.31512197E-03 1.20997206E-03
14 14-7.30439915E-03-1.90380213E-02-7.12715567E-03 2.20694612E-02-5.71366872E-03
14 15-2.72890972E-02-1.24456200E-02
15  1 5.04254840E-02-2.93619573E-01 5.43068897E-04 1.02592009E-03-1.00425542E-02
15  2 3.62167780E-01-1.79683144E-03-4.01377079E-03 1.80934246E-02 3.49161533E-01
15  3-3.76262017E-03-4.82082408E-03-1.71541322E-02 1.18220096E-01-1.22959346E-01
15  4-1.90427724E-02-3.28820363E-02 1.09640386E-01-3.13945925E-01-5.04519796E-03
15  5 1.03591298E-03 3.22034931E-02 1.18500525E-01-1.23156882E-01 1.07667730E-02
15  6 8.00971545E-02-7.31729114E-02-3.16677923E-01-1.74306334E-03 3.97475532E-02
15  7-3.15181156E-02-4.86341428E-02 4.35429010E-02 1.06650271E-03 7.93136212E-02
15  8-4.91188459E-02 1.91068982E-01 7.55466239E-03 5.29043174E-02-3.91533482E-02
15  9-6.47264901E-02-4.27402591E-03-6.76395685E-02-3.96728655E-04-3.81508839E-02
15 10 3.40554261E-02-2.95633721E-02-2.64042854E-03-3.83415874E-02 1.38460436E-01
15 11-2.42201594E-02 2.97811594E-03-1.97308526E-02 5.77693233E-03-5.32243624E-03
15 12-8.56865448E-04-1.35332964E-03 8.25392987E-03-2.25385935E-02-2.18154553E-03
15 13 5.39438264E-04 8.27126220E-03-6.24704072E-03-3.76737590E-03 4.67290403E-04
15 14 9.36527889E-03 3.31116627E-02 2.38904210E-02-6.47302712E-02 1.80156388E-03
15 15 6.17822369E-02 3.32827662E-02
16  1 1.77466112E-02-1.04373591E-01-1.41017044E-02-2.18843777E-02-2.79055555E-02
16  2 1.28652326E-01 2.82793020E-02 4.44533078E-02 5.42595969E-02 1.55789814E-01
16  3 1.36894471E-02 1.80301219E-02 1.05680464E-02 1.16671999E-01-1.04546067E-01
16  4 7.92900405E-02 1.15999162E-01-2.26929742E-02-4.47049639E-01 3.46231536E-02
16  5 4.19845357E-02-2.17957204E-03-1.29841816E-01 1.31565613E-01 8.79668203E-02
16  6 7.26914789E-02-5.34879024E-03 4.55719027E-01 6.69244043E-02 3.33352107E-03
16  7 1.42584417E-02 5.06681082E-02-4.65278196E-02 6.47365815E-02-1.44533781E-01
16  8 6.55854288E-02-2.07084202E-01 5.18316244E-02-1.19083499E-01 5.55087387E-02
16  9-1.20958810E-01-4.27533202E-02-1.05717874E-01-3.60336146E-02 1.20811603E-02
16 10-9.92416364E-03 4.81584816E-02 2.84664751E-02 3.79674537E-02-5.19357334E-02
16 11 3.79223668E-02 2.25607236E-02 2.24347859E-02-1.00572127E-03 1.00326063E-03
16 12 6.96951843E-03-1.33547457E-02-4.18867324E-03 5.14369899E-03 8.56162445E-03
16 13-1.25104372E-02-2.36146961E-03-2.80297144E-03-2.04209260E-03 1.12164513E-02
16 14 5.65199010E-03-3.67073770E-02-3.29694318E-02 1.36984302E-01 3.42866148E-02
16 15-8.83005666E-02-6.37364119E-02
17  1-1.54276105E-03 9.11989395E-03-1.32329704E-02 1.26447885E-02 3.74109579E-03
17  2-9.79141382E-03 2.72218692E-02-2.56625027E-02-8.00132891E-03-1.72166940E-02
17  3 1.55586260E-02-1.56715346E-02 3.68694594E-04-1.35046318E-02 9.18732403E-03
17  4 1.13650275E-01-9.78975743E-02 7.95501331E-03 7.65601642E-02 1.04579704E-01
17  5-7.02485068E-02-4.06335155E-03-1.44528198E-02 7.47390244E-03 2.56979601E-01
17  6-8.54506407E-02-5.23036816E-02 7.07277711E-02 1.68486410E-01-8.30752419E-03
17  7-5.79827134E-02 1.36164214E-02-1.48363166E-02 4.65880872E-02 2.45133685E-01
17  8-1.45707032E-01-5.05517082E-02 4.24161034E-02 2.19524466E-01-1.32428229E-01
17  9-4.57203104E-02-2.08383089E-02 8.17841623E-02 3.05578364E-02-8.82136035E-04
17 10 1.63158888E-04 7.64669102E-02 1.70558771E-02 3.23605693E-02 2.62987757E-03
17 11 6.65690571E-02 1.30917201E-02 2.48524153E-02 6.61018406E-03-8.58985502E-03
17 12 4.45987950E-03-5.32367794E-02 7.34379913E-02-2.08970212E-02-6.20090010E-05
17 13-4.64010483E-02 7.53321521E-02-5.57573139E-02-3.49005944E-02 3.12529976E-02
17 14 2.58080360E-02-5.14128382E-02-3.58467870E-02 1.36455413E-01 6.73180395E-02
17 15 1.56198125E-01 1.01237561E-01
18  1 1.09574274E-03-6.53656114E-03-1.47778368E-02-3.94118918E-03-2.69424684E-03
18  2 7.45429614E-03 3.08086470E-02 8.11032537E-03 4.95322602E-03 1.64617694E-02
18  3 1.75333899E-02 4.19897799E-03-1.30840675E-03 8.37743184E-03-4.67715161E-03
18  4 9.30808339E-02 6.39883207E-03-2.29700806E-02-6.74094762E-02 6.52053292E-02
18  5-1.73053548E-02-1.66956896E-02-7.49680232E-03 8.37480150E-03 6.06226888E-02
18  6-5.60333470E-02 3.60864494E-02 4.06257077E-02 2.47288185E-02-5.38096297E-02
18  7 6.36511323E-02-1.43102219E-02 1.31543604E-02-1.21549636E-02 8.30578010E-02
18  8 1.28549550E-03 5.95561359E-02-9.98088210E-03 7.84135689E-02 3.13537674E-03
18  9-5.90544590E-02-3.11612107E-02 1.82774937E-02 9.77889398E-03-8.83604070E-03
18 10 1.08370384E-02-4.45543020E-02-5.92670668E-02 2.36439579E-02 3.21359247E-02
18 11-4.24284629E-02-6.40585060E-02 2.76549751E-02 2.29902700E-03-6.96323738E-04
18 12-6.69170198E-02 3.35163774E-01-1.59994483E-01-1.28462940E-02-5.77171915E-02
18 13 3.06107499E-01-1.46914712E-01 2.08225657E-01 1.53392567E-01-2.03867540E-01
18 14-1.63716442E-01 2.95825609E-02 1.94030855E-02 3.31063200E-02 1.15548579E-02
18 15 2.45862111E-02 2.88932413E-02
19  1-4.27420719E-03 2.53527161E-02-3.37366621E-02-2.69541438E-02 4.95783154E-02
19  2-2.91736578E-02 7.11146558E-02 5.57971922E-02-1.04692720E-01-5.09919724E-02
19  3 4.66873959E-02 4.52548788E-02-5.84036777E-02-2.56990581E-03 2.92425979E-03
19  4 2.16385344E-01 1.80176013E-01-4.23444893E-02-1.59120323E-02 1.74514404E-01
19  5 1.37353629E-01-1.55745131E-02 1.71421709E-02-1.55566317E-02-2.33013848E-02
19  6-1.58481408E-01 2.25477428E-01-7.96807440E-02-4.19842574E-02-6.99115098E-02
19  7 1.88455681E-01-3.91447052E-02 3.79145314E-02-1.12072426E-01 1.29199584E-01
19  8 1.12696016E-01 1.50714858E-01-1.12899268E-01 1.32972022E-01 1.11366602E-01
19  9-1.43507630E-01-9.18464918E-02-2.96643156E-02-2.21932414E-02 1.84250876E-04
19 10 3.87557643E-04-8.47319034E-02-5.10178723E-02-8.90388341E-02 3.31497160E-03
19 11-7.15274996E-02-4.69671755E-02-8.39410963E-02-5.83264310E-03 6.55254477E-03
19 12 2.60370640E-02-1.09684952E-01 3.77129355E-02 2.12175828E-02 2.64564340E-02
19 13-1.01818327E-01 2.42294220E-02-6.26964208E-02-5.17372205E-02 6.01830417E-02
19 14 4.61482765E-02 6.25522003E-02 5.17547394E-02-4.03171991E-02-1.82440675E-02
19 15 4.85288605E-03 2.84450970E-02
20  1-1.21786080E-02 7.21798155E-02-4.70060477E-04 5.17477600E-02 8.47784696E-02
20  2-9.13295041E-02 7.84423164E-04-1.09482348E-01-1.77807277E-01-1.27843981E-01
20  3 6.36846743E-03-5.99805848E-02-1.00633595E-01-1.26753283E-02-1.63961936E-03
20  4 7.65463087E-02-1.52623741E-01 1.92937848E-01 1.14491428E-01 7.30910480E-02
20  5-9.66250946E-02 1.46435978E-01 2.10338438E-02-1.23076386E-02 1.04704148E-01
20  6 2.51801305E-01 4.01397470E-02-1.10132077E-01 1.21228911E-01 1.78176004E-01
20  7 5.43148056E-02 3.78827548E-04-2.72132409E-03 1.47557704E-01-8.79310250E-02
20  8 1.35667975E-01 1.59134047E-02 1.48606584E-01-9.42760700E-02 1.35488699E-01
20  9-4.01027346E-02-3.10341519E-02 1.05442234E-01 6.61611470E-02-8.95381613E-03
20 10 8.51156886E-03-8.04309621E-02-2.55356406E-02-1.45000673E-01 4.18843198E-02
20 11-7.33105705E-02-2.55324925E-02-1.35501481E-01 1.39423409E-03 1.27956857E-04
20 12 9.28133015E-03-5.92987144E-03-3.06344214E-02-9.14345403E-03 1.27533044E-02
20 13-3.27964927E-03-3.28643447E-02 1.04809704E-02 5.40241470E-03 6.52584235E-03
20 14 1.18699632E-02 6.87292971E-02 5.94164105E-02 5.82529837E-02 2.64165089E-02
20 15-7.02201193E-02-7.21209734E-02
21  1 7.50003688E-03-4.44914820E-02-5.91231849E-02 2.50663721E-02-6.87350476E-02
21  2 5.29217099E-02 1.24615656E-01-5.25747372E-02 1.45773241E-01 8.65308673E-02
21  3 7.85337350E-02-4.12787400E-02 8.08057463E-02 7.81120492E-03 1.01601813E-03
21  4 2.34920454E-01-2.09303451E-01-8.27572842E-02-7.03681085E-02 2.14604004E-01
21  5-1.93107454E-01-6.32374623E-02 6.02147141E-03-8.42116787E-03-1.34805427E-01
21  6-1.55113040E-02-7.66787251E-02-1.20855851E-02-1.40663162E-01-4.45840299E-02
21  7-5.78815701E-02-2.17387918E-02 1.92356877E-02-7.02570553E-02-1.49593924E-01
21  8-7.75213904E-03 9.44685634E-02-6.45907840E-02-1.45684621E-01-1.26295991E-02
21  9-1.41818896E-01-7.73272448E-02 1.95993456E-01 1.29299944E-01 6.09639453E-03
21 10-6.69455540E-03 3.28505889E-02 1.56218453E-02 6.46104937E-02-2.54321850E-02
21 11 3.09090810E-02 1.72894929E-02 6.16234504E-02 7.54088432E-04-1.45415676E-04
21 12 9.33439460E-03-4.17692647E-02-2.48219902E-02-3.52490590E-03 8.83659045E-03
21 13-4.26294902E-02-2.88775774E-02-5.77470598E-03-6.16292179E-03 2.33338476E-02
21 14 1.82023921E-02-3.19512711E-02-2.81526544E-02-9.10278444E-02-4.55205377E-02
21 15-6.95775975E-02-6.43683343E-02
22  1-4.22928842E-03 2.50913322E-02 2.04660623E-02 1.32525468E-02 4.66146479E-02
22  2-3.53401935E-02-4.26699939E-02-2.99236384E-02-9.71186650E-02-4.22469432E-02
22  3-3.12617445E-02-8.40555280E-03-6.87192429E-02 2.73294143E-03-6.17637612E-03
22  4-1.15558204E-02-7.88800569E-06 7.84574269E-02-2.82989658E-02-4.29060780E-02
22  5 3.46041087E-02 7.97316960E-02 2.89721494E-02-3.92797440E-02 2.16342171E-02
22  6-1.14303970E-02-9.79635315E-03-5.34486980E-02 3.64153830E-02-5.85503817E-02
22  7-8.60475859E-03-4.79841776E-02 4.04743750E-02-1.05772054E-01 2.85078474E-02
22  8 1.40694087E-01 2.30603218E-01-1.06637834E-01 2.92940912E-02 1.60209748E-01
22  9-1.45485719E-03-1.55570710E-02-1.21589551E-02 2.98596570E-02-7.96210426E-02
22 10 6.94358997E-02 3.50560328E-01-1.67154213E-02 9.26565353E-03 3.44746936E-01
22 11 3.46463661E-01-2.63061104E-02 7.23808244E-04 1.77642516E-02-9.55448978E-03
22 12-8.18585999E-03-7.15619784E-03-1.01088760E-01-9.91774611E-02 3.44333685E-04
22 13 3.30434609E-03-1.12765365E-01 4.59679660E-02 2.00649230E-02 1.90923727E-02
22 14 7.17048571E-02-2.08729062E-01-1.76155370E-01-1.54038687E-02-2.86579305E-03
22 15-6.45079793E-02-6.10327060E-02
23  1 8.66846928E-03-5.17532751E-02-5.15936405E-03-5.04739294E-02-1.58713015E-01
23  2 4.87547878E-02 1.22642505E-02 1.06847063E-01 3.39651261E-01 1.53887771E-01
23  3-3.35508023E-03 7.17397888E-02 1.93991061E-01 6.13350347E-03 1.13327436E-02
23  4-1.08864162E-01-1.36215323E-01-1.42612954E-01-1.05272030E-01-1.36463375E-01
23  5-1.35018341E-01-1.59372751E-01 5.94158424E-03-1.29269248E-02 1.35633604E-01
23  6 1.97636117E-02 7.23237750E-02 1.98456253E-02 1.06002656E-01 1.83104013E-02
23  7 1.44298218E-01-3.66109442E-02 3.26020878E-02-1.23654203E-02 9.83499447E-02
23  8 2.31132557E-01 1.60959061E-01-1.60913666E-02 1.06100987E-01 2.46949793E-01
23  9 9.86670665E-02 8.43229598E-02 5.82692338E-02 6.91258030E-02-1.16981726E-03
23 10 1.00728055E-03-4.10051757E-02-8.48844092E-02-5.21565827E-02 1.31513685E-02
23 11-3.26032111E-02-9.18110322E-02-4.75792188E-02-3.98432364E-03 5.69664264E-03
23 12 4.23480171E-02-5.50220779E-02-3.54475075E-02 1.54153782E-02 5.38442456E-02
23 13-5.50453503E-02-5.13215900E-02-1.24574045E-02-1.62337940E-02 2.43354762E-02
23 14 9.16179653E-03 3.38745688E-02 2.98090150E-02 8.70297968E-02 7.47027026E-02
23 15-5.71539065E-02-3.84698991E-02
24  1 5.89810389E-04-3.56891426E-03-1.77042535E-02-2.37888827E-02-7.97785402E-03
24  2-1.38217108E-04 3.80958551E-02 5.07117409E-02 1.78769951E-02 2.27610524E-02
24  3 2.68253595E-02 3.67302704E-02 4.49143950E-04-7.12664727E-03 1.51125767E-03
24  4 2.27643137E-02 6.31684171E-03-2.93074445E-02 7.61989653E-02 6.30389314E-03
24  5 2.71155138E-02-7.01020978E-02 1.13941702E-02-5.22996560E-03-9.89063930E-02
24  6 3.74140799E-02 5.54782423E-02-1.06779722E-01 8.74753778E-03 4.09889807E-02
24  7 1.05638411E-02 2.02280692E-02-1.42043938E-02 1.43272254E-01-2.43219048E-02
24  8 5.73183071E-02-1.01691396E-01 1.61008413E-01-4.72238308E-02 8.49510367E-02
24  9-1.52001594E-02-3.78281391E-02 1.55266806E-02 3.03350164E-02-4.14828918E-02
24 10 3.66219713E-02 1.08296766E-01-1.33930301E-01 8.82856851E-03 1.91155206E-01
24 11 1.06304430E-01-1.55153880E-01 1.39313116E-02-7.35499691E-02 6.41127680E-02
24 12 1.72295332E-01 1.60839752E-01 2.80809594E-01 3.24871736E-01 1.97304171E-01
24 13 1.84230217E-01 3.08467261E-01-1.08091374E-01-8.91542896E-02-9.95122934E-02
24 14-9.24422727E-02-6.47152152E-02-7.68428155E-02-8.59185991E-02-6.70605611E-02
24 15 2.70272031E-02 9.25408610E-02
25  1 1.99296227E-03-1.17870443E-02-5.84455854E-02-8.79641894E-02-2.58401880E-02
25  2 1.68754241E-02 1.24959847E-01 1.89596165E-01 5.48226520E-02 2.35725646E-02
25  3 1.00546206E-01 1.42943341E-01 3.80380235E-02-2.66826962E-02 2.90358347E-02
25  4 1.94780895E-02 4.30980098E-02-1.01925184E-01 1.53269200E-01 1.83049283E-02
25  5 3.79237578E-02-1.17554790E-01 4.39842119E-03 6.71210327E-03-1.30392436E-01
25  6 3.91764842E-02 9.41127638E-02-8.37900317E-02 1.03677457E-02 6.13048332E-02
25  7 6.69536014E-02 4.35039411E-02-4.22855475E-02 2.98113931E-01 2.56059044E-02
25  8-6.71234061E-02-1.66169896E-01 3.35753595E-01 2.58164665E-02-8.01350923E-02
25  9 9.67587677E-03-3.28521321E-02 1.76151391E-02 4.53385045E-03-2.60846813E-02
25 10 1.99342858E-02 9.95850926E-02-3.28259775E-02-1.10105661E-01 1.30599377E-01
25 11 9.88305042E-02-3.27860285E-02-1.17359974E-01 4.74354476E-02-4.16598960E-02
25 12-1.79877154E-01-6.61861565E-02-1.02238930E-01-2.16601974E-01-2.09339872E-01
25 13-6.88420836E-02-1.00490636E-01 6.57667269E-02 5.01939572E-02 4.85197830E-02
25 14 8.21462989E-02-5.39681874E-02-4.85148413E-02-1.11418098E-01-1.51853161E-01
25 15 8.58086379E-02 1.82798111E-02
26  1-2.00082605E-04 1.16527425E-03-2.12238559E-01-1.32369641E-01 7.93122256E-02
26  2-4.00235067E-03 4.56796284E-01 2.85069836E-01-1.70071440E-01 4.06502767E-03
26  3 3.89849079E-01 2.41954596E-01-1.49852239E-01 1.14058824E-03-3.92109188E-03
26  4-9.97472809E-02-6.52984725E-02 3.69379513E-02 2.19647931E-03-3.79837615E-02
26  5-2.41977257E-02 8.81826962E-03 1.85032048E-02-2.31711648E-02 6.68254928E-02
26  6 4.67484849E-02-8.35430364E-02-8.28581629E-02 9.13077687E-03 6.11780956E-02
26  7-6.22716321E-02-1.07287167E-02 1.07560574E-02-1.15269127E-01-3.63638433E-02
26  8-2.33823619E-02 3.81174063E-02-1.38368191E-01-3.66533862E-02-2.66094304E-02
26  9 8.56264773E-02 1.13297410E-01 9.97169501E-04 6.45079595E-04 4.73999416E-03
26 10-4.62900140E-03-1.51031102E-03 6.58473517E-02-2.43722542E-03-2.22225801E-02
26 11 1.69029004E-03 7.56137727E-02 2.45932394E-03-7.08410467E-03 6.97645143E-03
26 12 5.66207371E-02 3.36219908E-02 4.24637736E-03 2.79730546E-02 6.68359235E-02
26 13 3.79699411E-02 4.37882997E-03-4.33839045E-03-2.44847838E-03-1.43017056E-02
26 14-3.26698536E-03 4.43535125E-03 1.49991191E-02 5.05714796E-02 9.10116950E-02
26 15-3.13184933E-02-2.60852952E-02
27  1-6.95160471E-06 2.50367480E-05 1.63034546E-01-2.16330790E-01 5.08035180E-02
27  2-4.84294297E-04-3.51098755E-01 4.65861350E-01-1.09146868E-01 7.29312070E-04
27  3-3.00586495E-01 3.97406538E-01-9.36630713E-02 6.75443221E-04-4.79643214E-03
27  4 8.06409574E-02-9.72660784E-02 2.37923628E-02 1.52573099E-02 5.30100726E-02
27  5-4.10467526E-02 2.05429419E-03 1.05310770E-02-1.21447645E-02 1.26030854E-02
27  6 2.24889244E-02-6.09347134E-02-4.82568954E-02 1.92445368E-02 2.24221663E-02
27  7-5.62042374E-02-4.13303462E-03 1.39534197E-03-2.41123559E-02-3.04892803E-02
27  8-1.27003291E-02 2.84896011E-02-2.78140460E-02-3.84720419E-02-9.95247496E-03
27  9-6.16208274E-02-5.89802488E-02 9.78615667E-02 1.05319614E-01 7.33982283E-03
27 10-7.54931982E-03-2.40310134E-02 3.08935135E-02 4.03906677E-02-3.15252862E-02
27 11-2.70444582E-02 3.61465550E-02 4.86798051E-02-2.65798114E-03 2.00853602E-03
27 12 2.19373094E-02 3.36259232E-03-5.00720630E-03 1.39340411E-02 2.53099585E-02
27 13 1.48572832E-03-6.09355874E-03-2.09116609E-03-3.32079121E-04-3.23766267E-03
27 14-9.69623482E-03 9.44780847E-03 9.17090354E-03-3.33519508E-03-1.04726367E-02
27 15-1.59250264E-02-1.56936455E-02
28  1 1.26534285E-04-9.83444380E-04-1.75053227E-02 7.25465002E-03 4.53296036E-02
28  2-2.88036449E-03 3.79661607E-02-1.59080514E-02-9.85615029E-02 2.19168455E-02
28  3 2.90141599E-02-1.75374318E-02-9.54219743E-02 4.36032515E-03-1.10347991E-02
28  4-1.14947071E-02 2.69608358E-02 2.46717296E-02 1.05016425E-04-1.43131530E-02
28  5-5.08987925E-03-3.31012754E-02 1.83091157E-03-1.11110270E-03-4.05615983E-02
28  6-1.46730304E-02-6.08589795E-02 2.87554624E-03-1.77235094E-02-1.29184982E-02
28  7-3.78131412E-02 6.28375995E-04-4.29869018E-03 1.77065150E-01 9.76614433E-02
28  8-1.37478596E-03 3.05400102E-02 2.12059907E-01 1.30302059E-01-8.67301603E-04
28  9-5.68667751E-03-2.40799365E-02-3.42849393E-02-3.58637591E-02 4.99879022E-03
28 10-6.62404668E-03-5.59496463E-02-1.02633236E-01 2.23621958E-01-1.27361532E-02
28 11-6.71112901E-02-1.23093659E-01 2.62254188E-01-5.72750085E-03 2.70212732E-03
28 12 2.89464761E-01-1.10073158E-01-2.41734324E-01 3.99701063E-02 3.43204770E-01
28 13-1.33799334E-01-2.82653559E-01-5.84663321E-03-2.37479455E-03 1.25178571E-02
28 14-3.24610200E-02 8.55263527E-03-2.27882981E-02-5.52561649E-02-6.14128989E-02
28 15 1.61746271E-02-9.29630742E-02
29  1-3.02329676E-04 1.50143509E-03-2.47193577E-02 5.93921305E-03 4.31315728E-02
29  2-1.57524036E-02 5.44695585E-02-1.51967800E-02-9.08944847E-02 3.73050041E-02
29  3 3.88181418E-02-1.68662090E-03-1.09171947E-01 1.43200540E-02-1.95881242E-02
29  4-1.50727380E-02-3.45305072E-02 4.36844071E-02-5.49965241E-02-2.30243481E-02
29  5-4.46828847E-02-5.92320570E-03 9.61123861E-03-2.34934752E-02-2.86725130E-02
29  6-1.78763328E-02-8.36170601E-02 3.27289299E-02-3.70450899E-02 1.61274155E-02
29  7-5.64290173E-02-3.62574245E-03 7.97290799E-03 9.44493287E-02 1.07657493E-01
29  8 2.81891113E-01-2.23450872E-02 1.05198091E-01 1.26800034E-01 3.30728030E-01
29  9-8.95075624E-03-1.62333826E-02-3.78090338E-03-1.58778371E-04 1.13262697E-02
29 10-1.59942723E-02-6.47375940E-02 9.31836600E-02 2.81834606E-01-3.01354068E-02
29 11-7.30889480E-02 1.15035261E-01 3.29582986E-01 4.37996250E-03-6.89550355E-03
29 12-2.39370826E-01-1.47179026E-02 1.28953757E-01 3.46499345E-03-2.81856192E-01
29 13-3.04737917E-02 1.45057214E-01 1.46968530E-03 3.12858833E-03 1.81700150E-02
29 14-6.92634663E-02 9.57914645E-03-2.09005272E-02-5.72270406E-02-6.40003682E-02
29 15-2.27521214E-02 5.13375529E-02
30  1-2.12450204E-04 1.51928908E-03 6.97509357E-03 8.73834050E-03-3.38257585E-02
30  2 2.33293747E-03-1.49262515E-02-1.94783132E-02 7.43039480E-02-2.49024604E-02
30  3-1.32102549E-02-7.13108726E-03 7.77476841E-02-1.71056269E-02 2.55433248E-02
30  4 2.86526990E-02 2.14236670E-02-5.03292534E-02 9.00647109E-02 4.61264275E-02
30  5 9.81452721E-03 1.63677647E-02-1.94539352E-03-5.60042671E-04-4.99724467E-02
30  6-4.93726455E-02 9.60935004E-03 4.17431123E-02-6.06801163E-02 3.04284933E-02
30  7-6.13561984E-03 4.80543613E-03-5.47940723E-04 9.08118388E-02 1.06673718E-01
30  8 9.72222594E-02-5.04881355E-02 9.70873204E-02 1.36916472E-01 1.08877061E-01
30  9-4.53682429E-03-2.18711845E-02 1.77327101E-02-3.05840903E-02 6.10079993E-03
30 10-6.63648522E-03 2.30286323E-02 4.35708547E-01-1.12558304E-01-1.51309733E-02
30 11 2.15471346E-02 4.96148205E-01-1.25981043E-01-2.60834488E-03 7.37891129E-03
30 12 1.74225097E-01 1.09197312E-01-3.93071966E-02-2.29499915E-02 2.11035485E-01
30 13 1.37664239E-01-3.84955733E-02 8.79043687E-03 3.75523681E-03-2.01464254E-02
30 14 8.14416520E-02 6.85793716E-03-3.73250346E-02-5.80856329E-02-6.04124657E-02
30 15 5.83538990E-03-3.55229668E-04
 $END   
 $GRAD  
E=     -762.2879059402  GMAX=   0.0542124  GRMS=   0.0142549
CL          17.    3.5579199244E-05    3.2134883824E-04   -9.4532254898E-05
C            6.    2.0936444669E-04    1.4325955518E-04    4.4834412722E-04
C            6.    5.6599423970E-03    2.9012633391E-02    5.4212424108E-02
O            8.    4.6324950159E-05   -1.9987499900E-04    7.0734046534E-05
H            1.    1.8026712484E-05   -6.8769769640E-05   -6.8699083206E-05
H            1.   -3.7953574188E-05   -3.1362664489E-05   -5.4356379259E-05
O            8.   -6.4778378293E-03   -3.2931939975E-02   -5.2607856543E-02
O            8.    5.3811327267E-03   -2.0889311297E-04   -8.4467834773E-03
H            1.    1.5129239253E-05   -7.2942338029E-05   -9.2650144972E-05
H            1.    5.6297860429E-04    3.7724286325E-03   -1.9364506331E-03
H            1.    1.8158740364E-05    1.2610211009E-04   -5.0389240812E-05
H            1.    1.4055796226E-05   -5.5029157043E-05    3.0283906876E-04
H            1.   -5.4449010503E-03    1.9303960904E-04    8.3173764105E-03
 $END
-------------------- DATA FROM NSERCH=  17 --------------------
 COORDINATES OF SYMMETRY UNIQUE ATOMS (ANGS)
   ATOM   CHARGE       X              Y              Z
 ------------------------------------------------------------
 CL         17.0   3.1226987177   0.7078449643   0.4504231274
 C           6.0   2.7993718368   0.1336081592  -1.3278479678
 C           6.0   3.3216202309   1.1781649186  -2.2571483728
 O           8.0   2.5650140256   2.3088121971  -2.2876533126
 H           1.0   1.7209458349   0.0288128565  -1.4031014561
 H           1.0   3.3271565363  -0.8055946070  -1.4437967257
 O           8.0   3.1575945022   0.3352661806  -3.8391146424
 O           8.0   3.8866724902   2.8638681904  -4.5432748190
 H           1.0   3.4086297959   3.3110293312  -5.2772008335
 H           1.0   3.6897690037   1.8768694640  -4.6008558173
 H           1.0   2.1720296276   0.4032920893  -3.9591506249
 H           1.0   4.4024140721   1.2877044039  -2.2684774068
 H           1.0   2.9660616912   2.9084817259  -2.9971553571
--- CLOSED SHELL ORBITALS --- GENERATED AT 22:12:48 29-JUL-2026    
Chloroacetaldehyde hydrate and water                                            
E(R-WB97X-D)=     -762.2879090134, E(NUC)=  306.4994787215,    6 ITERS
 $VEC   
 1  1 9.85802782E-01 5.34284297E-02-1.94201441E-05-3.68597764E-05-1.72659214E-04
 1  2-1.87710362E-02 5.96472499E-05 1.13144497E-04 6.48738509E-04 1.02709415E-02
 1  3-2.23451219E-04-4.44058912E-04-1.80371759E-03-3.06073942E-05-4.17858040E-04
 1  4-3.26590047E-06-1.34469685E-05-1.50975259E-04 8.77440084E-04-2.20997562E-05
 1  5 4.15711020E-04-1.50527003E-03 9.15832836E-05 6.95359899E-04-3.66378898E-06
 1  6 1.42228560E-05 3.58490792E-04-2.37848619E-03 6.21255053E-04 1.29486809E-04
 1  7-1.64611874E-03-2.09079623E-05-1.59511337E-04-1.67252532E-05 2.53398134E-05
 1  8 3.72418065E-07 7.03918651E-04 1.64563565E-04-3.31473564E-04 1.97839491E-04
 1  9 1.50279934E-04-8.37174172E-04 2.01501173E-04-7.41862244E-04 9.40461216E-06
 1 10 9.07567077E-05 1.04092250E-05 7.83873538E-06 3.49936237E-05-2.83969548E-04
 1 11-5.09510313E-05-6.52608616E-05-1.74470244E-04-9.42680089E-07-3.32393662E-06
 1 12-2.43392522E-06-3.06302304E-06 2.76067095E-05 5.24799923E-05 2.26849177E-06
 1 13-5.68099349E-06-8.31774625E-05-3.22171132E-05 2.40216988E-05 5.03849860E-05
 1 14-2.06533473E-04-2.25769827E-06-2.04060145E-06 2.33297184E-04-1.88957555E-04
 1 15-2.20174235E-05 4.37779308E-05
 2  1 8.25236497E-06-6.43642167E-05-2.47478897E-05 8.85912752E-06 5.58009130E-05
 2  2 6.19445187E-04 1.67602449E-04-3.69655813E-05-3.35981979E-04-7.78336133E-04
 2  3-7.92818202E-04 2.48112296E-04 5.94852717E-04 1.64701999E-04 5.37416046E-04
 2  4-5.24898806E-04-5.51016915E-04 4.50359318E-04-5.25861629E-03 4.43938644E-03
 2  5-3.70044878E-03 1.63961371E-03-7.35577858E-04-3.01735013E-03-5.26606523E-04
 2  6 2.36565497E-03 4.53957732E-05 2.16111403E-02-1.16132782E-02 8.89352947E-03
 2  7-7.08166070E-04 9.82649368E-01 1.05547405E-01 3.12891071E-03-1.74837615E-03
 2  8-1.74000781E-03-5.39777488E-02-8.56583028E-03 7.38491292E-03 4.00911973E-03
 2  9 9.36410276E-04 2.06803861E-03-6.67022324E-04-4.47196946E-04 7.41363355E-03
 2 10 1.89245913E-03-3.49862691E-04 5.16093269E-04 3.33074830E-04-3.01679231E-03
 2 11 1.45676277E-03-2.35503128E-03-1.79100889E-03 4.69350247E-03 1.34578379E-03
 2 12-2.18264932E-04-2.29585311E-05 6.28232732E-04-1.82908655E-03 8.23482124E-04
 2 13 1.80007601E-04-2.21991589E-03 1.22563065E-04-7.22801907E-04 4.31545130E-04
 2 14-6.01595061E-04 9.12442887E-04-8.17479776E-04-6.83188750E-04 1.06268111E-03
 2 15 3.05438215E-03 6.77097266E-03
 3  1-6.56622010E-06 4.11305432E-05 8.49883839E-06 2.96484730E-05-3.76633171E-05
 3  2-7.97745332E-04-4.86606732E-05-1.72058985E-04 2.84550313E-04 1.46063059E-03
 3  3 1.52150614E-04 4.88696166E-04-1.36768184E-03 2.14679261E-04 7.73864380E-04
 3  4-1.04467689E-04-1.64580801E-04 7.84574878E-04-6.72856458E-03-1.20196228E-03
 3  5-2.06099387E-03 2.45676218E-03-9.36143827E-04-5.27806804E-03-9.96592021E-05
 3  6 8.89385015E-04 5.37594758E-04 1.78668026E-02-2.44557452E-03-5.23536963E-03
 3  7-5.42553151E-03-7.22596583E-03 4.15148941E-04-8.65861779E-05-4.18118716E-04
 3  8-3.89483647E-04-3.33443413E-03-2.69265828E-04 2.92757728E-03 1.88979059E-03
 3  9 7.43425810E-04-1.02077769E-03 2.65919148E-04 3.10573638E-04 9.82200323E-01
 3 10 1.02558508E-01-2.20797341E-03 1.74115572E-03 1.28289311E-03-4.27079484E-02
 3 11 4.44111143E-03-4.78387049E-03-4.11624442E-03 1.93425986E-02 3.06717746E-03
 3 12-2.68759445E-05-6.01479980E-04-1.87680554E-05-3.97612861E-03 1.74127178E-04
 3 13 2.64962540E-03 1.17725644E-05 3.68439378E-04-1.18826472E-03-1.84055996E-04
 3 14 5.81959487E-03 3.30900039E-03 6.05366887E-03-1.27857409E-03-1.77470100E-03
 3 15 5.08714606E-04-1.15681615E-03
 4  1 7.80772396E-08-4.14411621E-07 7.07196006E-06-1.93646601E-06 1.45834009E-07
 4  2 6.78685749E-06-3.64260013E-05 8.42734418E-06 1.50341802E-06-3.52840699E-05
 4  3 5.84172044E-05 7.87532004E-06 1.76834808E-05 7.52378936E-06 9.52845534E-05
 4  4-4.31761060E-05 4.58187915E-05-6.79390891E-05-1.95940401E-04 1.15412262E-04
 4  5-5.06489805E-05 1.26248938E-04 6.53601004E-05 4.13925012E-04 2.11984331E-05
 4  6-7.31025254E-05-4.36840214E-05-1.38147915E-03 3.85210693E-04-7.20983824E-04
 4  7 4.18736431E-04-4.37662693E-03 4.02046304E-04 3.38898691E-05 4.23403913E-04
 4  8-2.33852294E-04-2.36841958E-03-2.82843820E-04-1.87731488E-03 1.28870620E-03
 4  9-2.84554462E-05 2.81882691E-04 5.89167595E-05-1.72627162E-04-1.91706400E-02
 4 10-1.02554008E-03 3.64693964E-04 5.45828830E-04-4.23058119E-04-1.10735778E-03
 4 11-1.18673843E-03-1.99306196E-03 1.42989298E-03 9.82174393E-01 1.02744566E-01
 4 12-2.17372464E-03-1.43358559E-03-1.69036104E-03-4.34304510E-02 4.58183912E-03
 4 13 3.65569486E-03 3.20697532E-03 2.92457692E-03 6.11509368E-03 2.33839371E-03
 4 14 9.59934035E-03 5.29864541E-04-1.50862824E-03 2.04719851E-04-4.95328861E-04
 4 15-4.90199961E-04 5.20981108E-03
 5  1 7.89476573E-05-1.01319490E-04-1.96066096E-06 5.29897534E-05-2.18407456E-04
 5  2-2.42287841E-03 2.10027564E-05-3.53743486E-04 1.50837249E-03 3.25378398E-03
 5  3-4.68251625E-04 1.38265011E-05-2.53870935E-03-8.90560491E-03-4.00517355E-03
 5  4-3.19127871E-04-5.05632111E-04 1.32936222E-04 2.57923267E-02 6.18010806E-03
 5  5 1.06703005E-02-1.21404539E-02 9.86493433E-01 1.10073902E-01-3.52398537E-04
 5  6-9.19306157E-04-4.35920288E-04-8.27096772E-02 1.95282258E-03 1.21840803E-02
 5  7-4.61863643E-03 2.14352708E-05-2.46562419E-04 3.08465306E-04 3.83306589E-04
 5  8-1.71677935E-04 6.83778993E-03-1.10714809E-03-2.73090951E-03 1.04184566E-03
 5  9-1.41995394E-03 1.62913276E-03-1.57372822E-03 1.16592133E-03-3.66408295E-04
 5 10-2.59131883E-03-1.43448894E-04-1.80840145E-04-5.15509025E-04 8.99834337E-03
 5 11 9.47672363E-04 2.97576832E-03 6.87361970E-03 2.65266549E-05 2.25342565E-04
 5 12 3.19971751E-05 1.08510857E-04-3.19090028E-05-8.01454938E-04 2.64317940E-05
 5 13-1.89265227E-04-1.30556851E-04 2.89384423E-04-4.86502923E-04-4.27933138E-04
 5 14 1.07261000E-03-1.38617682E-03 3.51053123E-03-5.95091170E-04 1.59612013E-02
 5 15 1.74600609E-04 2.70130559E-03
 6  1-2.73438058E-05-1.62881623E-04 5.89208638E-05 1.02239213E-04 3.37740453E-04
 6  2-2.13752558E-03-3.42784059E-04-5.95174966E-04-1.91236874E-03 1.28325066E-02
 6  3-1.23398381E-03-2.15193343E-03-8.58110771E-03 9.86477801E-01 1.11846721E-01
 6  4 3.44932831E-04 6.79536647E-04 1.11555842E-03-9.04298135E-02-2.84701373E-03
 6  5-6.00999651E-03 2.45893530E-03 8.34993469E-03-1.86488393E-03 4.05899156E-04
 6  6 4.69249369E-04-6.77024019E-05 2.33407271E-02-5.62782376E-03-1.01949056E-02
 6  7 8.88614327E-03 3.64767657E-05-1.20538963E-05-1.70618948E-05 5.05649820E-04
 6  8-3.23472432E-04-1.32338612E-03-1.12083653E-05-4.24584642E-04 5.43565252E-04
 6  9-1.01281777E-04 1.54850189E-02-1.73737043E-04 1.54377464E-02 1.76883973E-05
 6 10-4.70303929E-05 1.93462328E-04 1.92231974E-04-3.25315535E-04-5.46574639E-04
 6 11-6.16589240E-04-6.43558219E-04 1.69706820E-04 1.62731639E-05 1.20590444E-04
 6 12-4.03373188E-05 4.83216536E-05-1.28197404E-04-5.88937304E-04 1.92947500E-04
 6 13-3.42520731E-05 3.79849346E-04 3.07482213E-04-2.68027369E-04-2.28248528E-04
 6 14 1.31307650E-03-3.84238084E-04-8.33084278E-05-1.15374137E-03 1.36096863E-03
 6 15 4.57781370E-04 1.31059625E-03
 7  1-3.05122177E-01 9.77073175E-01-1.46264137E-03-2.78217339E-03-8.45798194E-03
 7  2 1.54271982E-01-6.07459429E-04-1.14738125E-03-5.20786749E-03-6.76865686E-02
 7  3 1.59260312E-03 3.12285679E-03 1.20388265E-02-2.90835366E-05 1.70893988E-03
 7  4-5.08306451E-05-2.19799195E-05 4.87397743E-04-3.03552696E-03 4.62803863E-04
 7  5-1.91171414E-03 9.93851626E-03-1.11731632E-04-3.70190248E-03 3.26952113E-05
 7  6-1.06944231E-04-2.05973607E-03 1.31010103E-02-3.65242563E-03-6.50476361E-04
 7  7 9.53182890E-03 1.07283275E-04 7.77838440E-04 7.13500433E-05-1.40873949E-04
 7  8 7.50409598E-06-3.85803740E-03-8.85744562E-04 1.88961659E-03-1.13844601E-03
 7  9-9.62011932E-04 5.05054136E-03-1.25519058E-03 4.44733820E-03-5.58340399E-05
 7 10-5.10078336E-04-5.52049431E-05-3.73769057E-05-2.15015803E-04 1.72473330E-03
 7 11 2.96495344E-04 3.84753950E-04 1.18022994E-03 5.60659605E-06 2.45788598E-05
 7 12 1.28444744E-05 1.14708405E-05-1.33801119E-04-3.12595203E-04-1.54105797E-05
 7 13 5.67304366E-05 4.41509819E-04 1.69674647E-04-1.48477461E-04-2.75178507E-04
 7 14 1.20619430E-03-4.34676988E-05 1.49925935E-04-1.28141034E-03 1.30557587E-03
 7 15 8.21990825E-05-2.36356475E-04
 8  1-3.21517706E-03 1.08859592E-02 1.60156211E-01 2.86874760E-01 9.13398860E-01
 8  2-3.22610677E-03 1.46757812E-02 2.62875170E-02 8.50226586E-02 4.82373747E-03
 8  3-4.76262674E-03-8.66438923E-03-2.93185855E-02-6.85906805E-04-4.44007945E-03
 8  4-3.32761236E-05-1.25673941E-04-4.45526029E-04 9.53526913E-03 9.58968217E-04
 8  5 3.46420054E-03-3.34123324E-03 4.14068575E-04 2.88237947E-03 2.38294496E-05
 8  6 8.64959608E-05 8.30854959E-04-1.20310319E-02 2.38761392E-03 1.47504442E-03
 8  7-7.69115726E-03-7.25049907E-05-4.44606292E-04-7.43634491E-05-3.57243076E-05
 8  8 4.20480438E-05 2.58990751E-03 7.26653544E-04-9.63662085E-04 6.11784544E-04
 8  9-2.54559245E-04-3.94968340E-03-4.93447708E-05-3.54697370E-03 2.30711032E-05
 8 10 1.71000981E-04 3.38513066E-05 7.77732916E-05-1.24512414E-05-8.71508935E-04
 8 11-1.73501786E-04-4.20355367E-04-1.91468833E-04-5.19648786E-06-2.63615796E-05
 8 12-2.04345523E-06-1.94263384E-05 9.44920544E-05 2.63569845E-04-1.73584355E-05
 8 13-3.84319746E-06-3.14255617E-04-1.42072302E-04 1.22401055E-04 2.26243237E-04
 8 14-9.19567458E-04-1.89206556E-04 3.99951661E-04 9.89744461E-04-3.84325524E-04
 8 15-1.42967289E-04-1.01105902E-04
 9  1 2.05995614E-05-1.14416656E-04 5.77784421E-01 7.10492979E-01-3.24270679E-01
 9  2 4.16411986E-04 5.18001079E-02 6.37378508E-02-2.95533974E-02 2.45089961E-04
 9  3-1.62274928E-02-2.00316888E-02 9.04870189E-03 2.49607402E-05 1.53170768E-04
 9  4-4.06245797E-05 3.55073896E-05 5.23671508E-04-8.08112273E-04 7.69223823E-04
 9  5-5.27302333E-04-2.20986988E-03-1.69335496E-04-1.38997655E-03-3.05016783E-05
 9  6-1.84788051E-04-9.60586510E-04 2.90560542E-03-5.34786056E-04 2.01269280E-03
 9  7 4.51452337E-03 4.21473271E-05 2.41215180E-04 9.80318652E-05 1.75513465E-05
 9  8-6.75656713E-05-1.63047856E-03-7.66320974E-04 4.75704732E-04-3.10103279E-04
 9  9 5.86576679E-04-1.56958484E-03 1.27468906E-04-1.16743456E-03-3.80098851E-05
 9 10-2.84884947E-04-6.54501135E-05-8.95628816E-05-8.36723192E-05 1.11004268E-03
 9 11 3.12378173E-04 5.26375582E-04 7.09556064E-04-1.02178117E-06-1.29712655E-05
 9 12 1.78715958E-05 6.72151524E-06-3.04902078E-05-2.30678340E-05-5.49699374E-05
 9 13-1.83560801E-06 1.13051375E-04 2.13693213E-05-2.55147971E-05-6.88387363E-05
 9 14 2.78912544E-04-7.78134088E-05 4.03086952E-04-9.09429040E-04 1.23359723E-03
 9 15 1.78996495E-04-2.32951049E-04
10  1 2.34500775E-05-7.05481087E-05 7.64460054E-01-5.97225030E-01 5.35014439E-02
10  2-4.46618824E-05 6.83587910E-02-5.34374127E-02 4.86903027E-03-1.05525033E-04
10  3-2.08466069E-02 1.64395056E-02-1.45325027E-03-1.55646650E-06-2.46777383E-05
10  4-5.83398224E-05 2.04642661E-05-9.61773104E-05-1.80068981E-04 1.52029147E-03
10  5-1.11033526E-03 5.86864952E-04 4.21242313E-05 4.71755447E-04-6.31982584E-05
10  6 1.94609548E-04 9.96044001E-05-1.22402189E-03-7.17461172E-04-7.46355045E-04
10  7-2.35138310E-04-1.45118872E-06 6.18966096E-05-3.37821415E-05-6.48874019E-05
10  8 3.03243931E-04 2.44209821E-04 2.66551707E-04 1.50330397E-04-8.81314847E-04
10  9 6.51164940E-04-1.45026215E-03-7.68784778E-04 1.74698631E-03 7.72087175E-06
10 10 7.47362680E-05 2.75982215E-05-3.71810602E-05 3.71532477E-05-2.48964310E-04
10 11-6.44153332E-05 1.16046548E-04-1.51715815E-04-4.89155770E-06-4.31468347E-05
10 12 8.05498517E-06 8.92967837E-06-1.26596970E-05 1.31635377E-04-3.39953651E-05
10 13-5.08387269E-05 5.12040006E-05-1.56935660E-05 5.33224349E-05 3.23701240E-05
10 14-1.78277340E-04-1.14350202E-04 2.28990891E-04-1.26168048E-04 1.39648519E-03
10 15-2.10125029E-04-2.02910124E-04
11  1 2.12672254E-03-1.20539723E-02 4.73273436E-04 6.33509470E-05 3.67840240E-03
11  2 1.51470266E-02-9.56903183E-04-3.56531320E-04-6.63265935E-03 5.35146753E-03
11  3 2.45490143E-03 1.65878258E-03 9.12389626E-04-2.22242314E-02 1.97238383E-02
11  4 4.19990620E-03 1.96659713E-02-1.25904807E-02 4.12364099E-02-2.03761554E-02
11  5 1.66572583E-02 4.20517154E-03-9.54041521E-02 1.03969870E-01-5.96016021E-02
11  6 8.38376481E-02-3.31411483E-03 1.43876497E-01 2.03763274E-02-1.67214428E-02
11  7 1.22312728E-03-2.08903451E-01 1.91565389E-01 8.36996718E-02-4.88218480E-02
11  8-4.18258007E-02 6.50053973E-01 9.32628092E-02-5.58522020E-02-4.91266326E-02
11  9 4.91375850E-03-8.63240289E-03 7.64760198E-03 3.21208516E-03-3.51001285E-02
11 10 3.28314934E-02-1.07790645E-02 9.70341505E-03 1.00157051E-02 9.94732297E-02
11 11-1.57584863E-02 1.47715990E-02 5.61914086E-03-2.47286569E-02 2.08848927E-02
11 12-7.94085205E-03-5.48700091E-03-2.07552595E-03 7.70435687E-02-1.12323921E-02
11 13-7.40940160E-03 5.12520058E-03 9.96148046E-03 4.02394204E-03 1.34387042E-02
11 14 4.87663605E-03 1.65313119E-02 5.11714974E-03 2.36386479E-02-1.60486057E-02
11 15 8.40957376E-02 8.81062107E-03
12  1-6.47143941E-04 3.69865033E-03-1.50223813E-04-2.60089663E-05-9.23694365E-04
12  2-4.88294120E-03 3.38765854E-04 1.18249976E-04 1.84433488E-03-1.89371646E-03
12  3-6.54328538E-04-6.37223340E-04-1.62500716E-04 3.03884261E-03-4.54433760E-03
12  4-2.66968964E-04-3.64673994E-03 2.56897274E-04 7.05387202E-03 6.41697392E-03
12  5 1.99405501E-03-7.09470980E-03 1.11031791E-02-1.27755457E-02 1.14800494E-02
12  6-1.97215884E-02-6.82783253E-03-2.17278728E-02 2.84159350E-03 1.24658901E-02
12  7-1.62976718E-02 3.53046770E-02-3.22903280E-02-1.21670070E-02 1.10138798E-02
12  8 1.13128715E-03-1.18791677E-01-1.55916063E-02 8.58654903E-03 3.06677664E-03
12  9-1.27202174E-03 1.37717047E-03-1.54519730E-03-1.29463611E-04-3.37569461E-02
12 10 3.02583751E-02-1.03715802E-02 7.25564191E-03-9.02612666E-04 1.05706838E-01
12 11-7.45119603E-03 1.20827942E-02-2.35291048E-03-2.23874293E-01 2.09340481E-01
12 12-6.23800321E-02-3.72836362E-02-6.38597461E-02 6.90976973E-01-6.31858555E-02
12 13-4.17466886E-02-6.09931801E-02 1.16833795E-01 2.58290573E-02 1.07449032E-01
12 14 1.64649337E-02 1.67063711E-02 7.05921606E-03-2.99212744E-03 5.92190341E-03
12 15 2.48795376E-03 1.05661218E-02
13  1 1.81537986E-03-1.04254163E-02 1.94305118E-04 6.83269474E-04 2.54134504E-03
13  2 1.39557480E-02-3.10765611E-04-1.08956485E-03-5.66640037E-03 8.62141064E-03
13  3-9.38812341E-04-1.72343081E-03-3.89284972E-04-1.88478024E-02 1.66336271E-02
13  4 4.58615178E-03 3.67717635E-03-1.26629976E-02 4.58576662E-02 3.34750780E-03
13  5-5.43159767E-03-1.30010374E-02-2.32579464E-02 2.75896197E-02 5.67610849E-03
13  6-5.01019096E-02-3.18068322E-02 6.18928559E-02-4.83565938E-03-1.15866689E-02
13  7-1.28624361E-02 4.92477687E-02-4.68320963E-02-1.72843229E-02-6.03753530E-03
13  8 9.47050609E-03-1.61972046E-01-2.00348283E-02-6.33008361E-04 5.86474848E-03
13  9 6.47537460E-03-3.59614632E-06 7.01562428E-03-1.39918400E-03-2.21256120E-01
13 10 2.10175927E-01-8.56059577E-02 2.47121046E-02 1.58528436E-02 6.85016482E-01
13 11-7.97423842E-02 2.80012318E-02 2.12118718E-02 4.15629851E-02-3.79116418E-02
13 12 1.17177357E-02 2.89721038E-04 1.23717913E-02-1.35059997E-01 1.18627496E-02
13 13 3.96132824E-03 1.18707276E-02-2.37265988E-02-6.74015278E-03-1.85187181E-03
13 14 1.19685392E-02 1.29008294E-01 2.95825109E-02 1.14283284E-02 3.95914560E-03
13 15-2.92661913E-02-8.87333385E-03
14  1 6.16670639E-02-3.55716375E-01 7.26389822E-03 1.32749294E-02 4.53033908E-02
14  2 4.54188244E-01-1.47870522E-02-2.66793278E-02-9.15703824E-02 3.02706145E-01
14  3-6.66874897E-04-2.97136618E-03-7.71209864E-03-1.30401982E-01 1.12906908E-01
14  4 1.80454919E-02 3.13525296E-02 3.46179423E-02 3.97466673E-01 1.92899140E-02
14  5 3.09774064E-02 4.02945159E-02-4.42869417E-02 5.20504770E-02-6.08171537E-03
14  6-5.02378958E-02 5.81027757E-02 6.32991479E-02 8.41263253E-03-2.34857369E-03
14  7-5.09096415E-03 3.31878211E-02-3.06586634E-02-9.67371752E-03-2.10407360E-02
14  8 2.49104693E-02-1.15571184E-01-1.18812782E-02-1.11182159E-02 2.27385304E-02
14  9 5.37918270E-02-1.42921736E-02 5.41830193E-02-1.61285031E-02 2.84283714E-02
14 10-2.59867599E-02 1.41369422E-02-2.69877412E-03 8.93788325E-03-9.57112611E-02
14 11 1.23944829E-02-6.63663027E-03 2.57404392E-03-6.37375896E-03 5.93002400E-03
14 12-9.78190662E-04 3.51889466E-04-4.30585690E-03 2.26410859E-02-4.03699645E-04
14 13-5.05047346E-04-5.62251418E-03 4.44969571E-03 2.31480542E-03 1.20843288E-03
14 14-7.31530285E-03-1.90919808E-02-7.12988883E-03 2.20797020E-02-5.74127517E-03
14 15-2.72791913E-02-1.24370606E-02
15  1 5.04378721E-02-2.93690636E-01 5.53739099E-04 1.03029656E-03-1.00247114E-02
15  2 3.62248481E-01-1.81673034E-03-4.02196716E-03 1.80583623E-02 3.49230792E-01
15  3-3.74667982E-03-4.81840575E-03-1.71729010E-02 1.18182357E-01-1.22929916E-01
15  4-1.91549385E-02-3.29115445E-02 1.09602973E-01-3.13796367E-01-5.09514784E-03
15  5 1.01382827E-03 3.21877581E-02 1.18496589E-01-1.23163076E-01 1.07671627E-02
15  6 8.01487850E-02-7.30996894E-02-3.16655449E-01-1.80174932E-03 3.98319351E-02
15  7-3.14745446E-02-4.86188952E-02 4.35359292E-02 1.15653647E-03 7.93211144E-02
15  8-4.90468245E-02 1.90981442E-01 7.60713832E-03 5.29332136E-02-3.90967006E-02
15  9-6.46781703E-02-4.27981844E-03-6.76280816E-02-4.05464302E-04-3.81793221E-02
15 10 3.40759683E-02-2.96137959E-02-2.68717617E-03-3.83781806E-02 1.38576038E-01
15 11-2.42547532E-02 2.93979189E-03-1.97455249E-02 5.78489620E-03-5.33037561E-03
15 12-8.26312961E-04-1.35220508E-03 8.25640068E-03-2.25666514E-02-2.16126155E-03
15 13 5.45051106E-04 8.27613465E-03-6.25316678E-03-3.76139438E-03 4.62804029E-04
15 14 9.37469797E-03 3.31775585E-02 2.38871611E-02-6.47545223E-02 1.82023849E-03
15 15 6.17594070E-02 3.32529831E-02
16  1 1.77560499E-02-1.04428555E-01-1.40667963E-02-2.18742523E-02-2.79235457E-02
16  2 1.28722005E-01 2.82101904E-02 4.44325117E-02 5.42948076E-02 1.55844935E-01
16  3 1.36679291E-02 1.80173217E-02 1.05907960E-02 1.16693059E-01-1.04577954E-01
16  4 7.92473542E-02 1.15996939E-01-2.26285268E-02-4.47098556E-01 3.45571741E-02
16  5 4.20090972E-02-2.16249871E-03-1.29808384E-01 1.31553180E-01 8.78695090E-02
16  6 7.26605136E-02-5.40390463E-03 4.55552089E-01 6.69180833E-02 3.20687332E-03
16  7 1.41976137E-02 5.06861742E-02-4.65458981E-02 6.45576472E-02-1.44797585E-01
16  8 6.55776221E-02-2.07125915E-01 5.16765641E-02-1.19329908E-01 5.55116293E-02
16  9-1.20992410E-01-4.27679866E-02-1.05698987E-01-3.59970723E-02 1.20435292E-02
16 10-9.88648579E-03 4.81741518E-02 2.85196887E-02 3.79377595E-02-5.18123100E-02
16 11 3.79288713E-02 2.25962684E-02 2.24092924E-02-1.01922969E-03 1.02091970E-03
16 12 6.96079217E-03-1.33583189E-02-4.25834554E-03 5.18135355E-03 8.56402632E-03
16 13-1.25095230E-02-2.44434402E-03-2.78097125E-03-2.04328915E-03 1.12412007E-02
16 14 5.66387575E-03-3.67382793E-02-3.29438861E-02 1.36888368E-01 3.42299680E-02
16 15-8.83981886E-02-6.37726815E-02
17  1-1.52175259E-03 8.99596804E-03-1.32385747E-02 1.26009634E-02 3.67217350E-03
17  2-9.63542987E-03 2.72334501E-02-2.55712179E-02-7.86112162E-03-1.70275874E-02
17  3 1.55509962E-02-1.56315121E-02 4.30823476E-04-1.34176339E-02 9.11654960E-03
17  4 1.13685991E-01-9.77068211E-02 7.90068039E-03 7.61762448E-02 1.04603817E-01
17  5-7.01088113E-02-4.07129648E-03-1.44745711E-02 7.47381341E-03 2.57042472E-01
17  6-8.57102248E-02-5.22848401E-02 7.08962155E-02 1.68453950E-01-8.44065777E-03
17  7-5.79514069E-02 1.36059430E-02-1.48336186E-02 4.68515363E-02 2.45238317E-01
17  8-1.45576380E-01-5.05142465E-02 4.26563268E-02 2.19618379E-01-1.32309013E-01
17  9-4.57586055E-02-2.08247976E-02 8.16651143E-02 3.05051162E-02-8.94917820E-04
17 10 1.80176128E-04 7.64437679E-02 1.70789913E-02 3.23657377E-02 2.66515224E-03
17 11 6.65484163E-02 1.30966840E-02 2.48438306E-02 6.62770973E-03-8.60654450E-03
17 12 4.71296072E-03-5.31302471E-02 7.33074179E-02-2.09624811E-02 1.81077790E-04
17 13-4.63048200E-02 7.52269631E-02-5.56700429E-02-3.48174062E-02 3.12107636E-02
17 14 2.57537657E-02-5.13924328E-02-3.58369282E-02 1.36537576E-01 6.73724243E-02
17 15 1.56205679E-01 1.01214795E-01
18  1 1.09821172E-03-6.55103649E-03-1.47105760E-02-3.95022998E-03-2.71755991E-03
18  2 7.47427891E-03 3.06674231E-02 8.12948465E-03 5.00114496E-03 1.64736028E-02
18  3 1.74507248E-02 4.20554314E-03-1.27488868E-03 8.39241864E-03-4.69649328E-03
18  4 9.27630460E-02 6.49119984E-03-2.28598724E-02-6.73881673E-02 6.49340426E-02
18  5-1.72066304E-02-1.66294398E-02-7.51304758E-03 8.39131999E-03 6.05612274E-02
18  6-5.58746469E-02 3.60123279E-02 4.06652859E-02 2.47274772E-02-5.36861382E-02
18  7 6.35256438E-02-1.42413721E-02 1.30883747E-02-1.19517874E-02 8.29116722E-02
18  8 1.33406600E-03 5.92770237E-02-9.78271620E-03 7.82512659E-02 3.18195593E-03
18  9-5.88665932E-02-3.10491333E-02 1.81536943E-02 9.70615300E-03-8.80756550E-03
18 10 1.08119496E-02-4.45626203E-02-5.92041723E-02 2.35892956E-02 3.20080233E-02
18 11-4.24290046E-02-6.39797206E-02 2.75978968E-02 2.30972235E-03-7.09623614E-04
18 12-6.79328845E-02 3.35219892E-01-1.59738713E-01-1.28794424E-02-5.86523457E-02
18 13 3.06126823E-01-1.46668516E-01 2.08327827E-01 1.53363113E-01-2.03973123E-01
18 14-1.63671398E-01 2.96453016E-02 1.94374110E-02 3.31363512E-02 1.15669158E-02
18 15 2.45896064E-02 2.89018929E-02
19  1-4.27102486E-03 2.53334411E-02-3.37870148E-02-2.69174634E-02 4.94543735E-02
19  2-2.91626549E-02 7.12187137E-02 5.57172140E-02-1.04427546E-01-5.09045446E-02
19  3 4.67319698E-02 4.52038889E-02-5.82595786E-02-2.53696915E-03 2.90847178E-03
19  4 2.16602255E-01 1.79951551E-01-4.21702192E-02-1.61006718E-02 1.74705511E-01
19  5 1.37026845E-01-1.54316002E-02 1.70965530E-02-1.55147487E-02-2.33526988E-02
19  6-1.58291113E-01 2.25527164E-01-7.94474507E-02-4.21057316E-02-6.97693678E-02
19  7 1.88553783E-01-3.91409164E-02 3.79082310E-02-1.11853162E-01 1.29152904E-01
19  8 1.12872694E-01 1.50686346E-01-1.12654559E-01 1.32916095E-01 1.11522679E-01
19  9-1.43673822E-01-9.19105647E-02-2.93757020E-02-2.20551970E-02 2.54222712E-04
19 10 3.30775899E-04-8.50450658E-02-5.11742459E-02-8.90617472E-02 3.01813767E-03
19 11-7.18148368E-02-4.71177388E-02-8.39516744E-02-5.85835785E-03 6.57566167E-03
19 12 2.63648552E-02-1.09424322E-01 3.75372350E-02 2.13321923E-02 2.67544844E-02
19 13-1.01574968E-01 2.40534290E-02-6.25984714E-02-5.16244197E-02 6.00249215E-02
19 14 4.59403495E-02 6.28245246E-02 5.18990697E-02-4.02519811E-02-1.81970268E-02
19 15 4.79869941E-03 2.83847414E-02
20  1-1.21468964E-02 7.19915247E-02-6.80117069E-04 5.17512632E-02 8.44432851E-02
20  2-9.11000503E-02 1.22482932E-03-1.09482331E-01-1.77096018E-01-1.27466535E-01
20  3 6.63232879E-03-6.00255893E-02-1.00218014E-01-1.26681742E-02-1.62739766E-03
20  4 7.68556926E-02-1.53389379E-01 1.92622410E-01 1.14437128E-01 7.34226741E-02
20  5-9.72570880E-02 1.46145611E-01 2.09633906E-02-1.22293525E-02 1.04631632E-01
20  6 2.51868488E-01 3.98734331E-02-1.09983821E-01 1.21137902E-01 1.78087775E-01
20  7 5.40634174E-02 4.69365175E-04-2.80253734E-03 1.47577014E-01-8.85172722E-02
20  8 1.35403946E-01 1.55381596E-02 1.48617844E-01-9.48685342E-02 1.35219630E-01
20  9-4.02295329E-02-3.10504380E-02 1.06013843E-01 6.64961281E-02-8.84219514E-03
20 10 8.40917275E-03-8.06038799E-02-2.56444844E-02-1.44797670E-01 4.14150418E-02
20 11-7.34691051E-02-2.56185015E-02-1.35288842E-01 1.36507902E-03 1.49743131E-04
20 12 9.22176467E-03-6.00674595E-03-3.06340286E-02-8.99599280E-03 1.26890101E-02
20 13-3.37653699E-03-3.28900328E-02 1.04249347E-02 5.35550419E-03 6.55334647E-03
20 14 1.18069669E-02 6.88827380E-02 5.95080066E-02 5.81020000E-02 2.63475267E-02
20 15-7.02427367E-02-7.21609557E-02
21  1 7.51696245E-03-4.45917072E-02-5.90062088E-02 2.49634399E-02-6.88779262E-02
21  2 5.30484116E-02 1.24366457E-01-5.23571298E-02 1.46072379E-01 8.66982754E-02
21  3 7.83724311E-02-4.11462044E-02 8.09810766E-02 7.81403524E-03 1.02952290E-03
21  4 2.34821728E-01-2.08970604E-01-8.28795459E-02-7.04992929E-02 2.14480265E-01
21  5-1.92830596E-01-6.33177204E-02 6.06182251E-03-8.49141434E-03-1.34940169E-01
21  6-1.59453162E-02-7.69792593E-02-1.21364861E-02-1.40884040E-01-4.49975542E-02
21  7-5.81912333E-02-2.18021844E-02 1.92993576E-02-7.09541036E-02-1.49307336E-01
21  8-8.21984867E-03 9.47289980E-02-6.52782061E-02-1.45385642E-01-1.30738492E-02
21  9-1.41669300E-01-7.72333081E-02 1.95818262E-01 1.29210865E-01 5.97704896E-03
21 10-6.58870306E-03 3.35333988E-02 1.57455331E-02 6.50553052E-02-2.49456586E-02
21 11 3.15390678E-02 1.73929546E-02 6.20301696E-02 7.55742105E-04-1.43647148E-04
21 12 9.23631893E-03-4.13688087E-02-2.49140878E-02-3.55609872E-03 8.72708898E-03
21 13-4.22334521E-02-2.89430041E-02-5.60726587E-03-6.01781411E-03 2.31137349E-02
21 14 1.80803964E-02-3.24663114E-02-2.85667012E-02-9.11376648E-02-4.55412541E-02
21 15-6.94531982E-02-6.42105742E-02
22  1-4.28546631E-03 2.54255516E-02 2.05418610E-02 1.34229620E-02 4.73955822E-02
22  2-3.57275316E-02-4.28341603E-02-3.02904900E-02-9.87751959E-02-4.30026535E-02
22  3-3.13496389E-02-8.57510452E-03-6.97308792E-02 2.71165922E-03-6.22452697E-03
22  4-1.13911908E-02 5.05800376E-04 7.93201547E-02-2.79740675E-02-4.26381264E-02
22  5 3.49977131E-02 8.06316339E-02 2.90123092E-02-3.93404699E-02 2.16578075E-02
22  6-1.13656650E-02-9.80554104E-03-5.35543546E-02 3.61688165E-02-5.84080910E-02
22  7-8.75716635E-03-4.79014077E-02 4.04126706E-02-1.05912256E-01 2.86193878E-02
22  8 1.40453193E-01 2.30167078E-01-1.06821074E-01 2.94406584E-02 1.59971279E-01
22  9-1.68733077E-03-1.58174737E-02-1.24773000E-02 2.94964494E-02-7.95757257E-02
22 10 6.93929076E-02 3.50307358E-01-1.59966183E-02 9.15868133E-03 3.44544175E-01
22 11 3.46256260E-01-2.55862346E-02 6.09858400E-04 1.77702292E-02-9.55309859E-03
22 12-8.60705170E-03-6.92465396E-03-1.01046683E-01-9.92443625E-02-1.57646892E-04
22 13 3.56036742E-03-1.12747139E-01 4.60422547E-02 2.01475655E-02 1.89911701E-02
22 14 7.16881795E-02-2.08520583E-01-1.75961690E-01-1.53816134E-02-2.76341883E-03
22 15-6.43934410E-02-6.09186444E-02
23  1 8.66427482E-03-5.17285512E-02-4.93626908E-03-5.03666566E-02-1.58630393E-01
23  2 4.87121662E-02 1.17895326E-02 1.06609579E-01 3.39475665E-01 1.53836990E-01
23  3-3.66309065E-03 7.16179490E-02 1.93854134E-01 6.17253773E-03 1.13069728E-02
23  4-1.08821345E-01-1.36310049E-01-1.42502636E-01-1.05603991E-01-1.36533817E-01
23  5-1.35060808E-01-1.59255101E-01 5.98372352E-03-1.30167705E-02 1.35604597E-01
23  6 1.95900263E-02 7.20973267E-02 1.99643606E-02 1.05913598E-01 1.78696380E-02
23  7 1.44104259E-01-3.67399273E-02 3.27058747E-02-1.27915074E-02 9.82332614E-02
23  8 2.31563822E-01 1.61614737E-01-1.65094891E-02 1.05979001E-01 2.47460723E-01
23  9 9.87032318E-02 8.42966837E-02 5.81855745E-02 6.92060974E-02-1.33917446E-03
23 10 1.16018373E-03-3.98643542E-02-8.50336134E-02-5.17861290E-02 1.38640809E-02
23 11-3.14444584E-02-9.19950894E-02-4.72374306E-02-3.95139106E-03 5.69110169E-03
23 12 4.23743311E-02-5.50266099E-02-3.60557424E-02 1.52050058E-02 5.38866130E-02
23 13-5.50306980E-02-5.20480623E-02-1.22936094E-02-1.61742653E-02 2.43819882E-02
23 14 9.30285056E-03 3.32805758E-02 2.92686632E-02 8.69327927E-02 7.46957091E-02
23 15-5.73687208E-02-3.86900977E-02
24  1 5.92083934E-04-3.58256273E-03-1.77545003E-02-2.39867090E-02-8.02838777E-03
24  2-1.32251212E-04 3.82013614E-02 5.11340611E-02 1.79877651E-02 2.28289978E-02
24  3 2.69336973E-02 3.70722301E-02 4.89491596E-04-7.17267618E-03 1.56966037E-03
24  4 2.27619226E-02 6.40313246E-03-2.94555916E-02 7.63751669E-02 6.23642497E-03
24  5 2.71583722E-02-7.02810399E-02 1.13989917E-02-5.21738591E-03-9.91331749E-02
24  6 3.75445993E-02 5.56007626E-02-1.06825272E-01 8.86762250E-03 4.09460709E-02
24  7 1.07956130E-02 2.03213109E-02-1.42913168E-02 1.44025489E-01-2.41825301E-02
24  8 5.74776183E-02-1.02038193E-01 1.61815118E-01-4.71388358E-02 8.51298393E-02
24  9-1.51545485E-02-3.78966798E-02 1.55467966E-02 3.03499910E-02-4.15542047E-02
24 10 3.66736352E-02 1.08823877E-01-1.33821961E-01 8.89527617E-03 1.91526299E-01
24 11 1.06864404E-01-1.55075878E-01 1.40295902E-02-7.33754178E-02 6.39679580E-02
24 12 1.72859506E-01 1.60901443E-01 2.79869566E-01 3.24081619E-01 1.97975707E-01
24 13 1.84367641E-01 3.07457353E-01-1.07813929E-01-8.90561137E-02-9.93084523E-02
24 14-9.21071066E-02-6.49124513E-02-7.70619206E-02-8.62139511E-02-6.76032136E-02
24 15 2.72485212E-02 9.27187753E-02
25  1 1.99088567E-03-1.17746050E-02-5.84028018E-02-8.79887686E-02-2.58874822E-02
25  2 1.68559621E-02 1.24868812E-01 1.89645078E-01 5.49270054E-02 2.35389047E-02
25  3 1.00484805E-01 1.43022685E-01 3.81287158E-02-2.66732666E-02 2.90361986E-02
25  4 1.95188444E-02 4.30518559E-02-1.01850317E-01 1.53162822E-01 1.84165969E-02
25  5 3.79290931E-02-1.17425811E-01 4.41429773E-03 6.65117559E-03-1.30261606E-01
25  6 3.90379074E-02 9.39343996E-02-8.36907956E-02 1.02425507E-02 6.12219789E-02
25  7 6.68182283E-02 4.34064091E-02-4.22071377E-02 2.97854601E-01 2.56517282E-02
25  8-6.66105140E-02-1.65729587E-01 3.35475803E-01 2.59667294E-02-7.96081099E-02
25  9 9.68496791E-03-3.27325372E-02 1.76381867E-02 4.54869417E-03-2.60151815E-02
25 10 1.98600888E-02 9.96097314E-02-3.22344292E-02-1.09783072E-01 1.30312574E-01
25 11 9.89061922E-02-3.21125510E-02-1.17035064E-01 4.75820134E-02-4.17813141E-02
25 12-1.80487445E-01-6.68463647E-02-1.02369246E-01-2.17256509E-01-2.10004780E-01
25 13-6.96046333E-02-1.00672006E-01 6.59695577E-02 5.03694416E-02 4.87717815E-02
25 14 8.23009954E-02-5.39490751E-02-4.84921727E-02-1.11466950E-01-1.51763138E-01
25 15 8.56359527E-02 1.79555604E-02
26  1-2.00155542E-04 1.16554098E-03-2.12282479E-01-1.32414005E-01 7.91311227E-02
26  2-4.00541169E-03 4.56885977E-01 2.85162669E-01-1.69681344E-01 4.07998295E-03
26  3 3.89945451E-01 2.42041549E-01-1.49534351E-01 1.15078899E-03-3.93029107E-03
26  4-9.97786944E-02-6.53299835E-02 3.68712578E-02 2.12366146E-03-3.80015341E-02
26  5-2.42383756E-02 8.77857400E-03 1.84855373E-02-2.31590150E-02 6.69619145E-02
26  6 4.67172375E-02-8.34648713E-02-8.27475338E-02 9.21046315E-03 6.11925432E-02
26  7-6.21398074E-02-1.07376615E-02 1.07720722E-02-1.15384538E-01-3.62927465E-02
26  8-2.34767281E-02 3.81100702E-02-1.38507446E-01-3.65672001E-02-2.67123921E-02
26  9 8.56439573E-02 1.13296070E-01 9.38427295E-04 6.01926603E-04 4.74170290E-03
26 10-4.62866430E-03-1.67198574E-03 6.55778790E-02-2.50348291E-03-2.22309700E-02
26 11 1.51391143E-03 7.53182956E-02 2.39104164E-03-7.10296806E-03 6.98824652E-03
26 12 5.64909101E-02 3.36839171E-02 4.24707366E-03 2.80704377E-02 6.66704524E-02
26 13 3.80444637E-02 4.38661253E-03-4.39180953E-03-2.47521678E-03-1.43082138E-02
26 14-3.29314305E-03 4.47135027E-03 1.50420383E-02 5.06876306E-02 9.10953418E-02
26 15-3.13296143E-02-2.60462105E-02
27  1-6.24660128E-06 2.11273752E-05 1.63071792E-01-2.16315149E-01 5.08458947E-02
27  2-4.65832929E-04-3.51176330E-01 4.65825267E-01-1.09239229E-01 6.96638557E-04
27  3-3.00656450E-01 3.97382991E-01-9.37202757E-02 6.70992220E-04-4.78627935E-03
27  4 8.06075442E-02-9.72347185E-02 2.37989253E-02 1.52493975E-02 5.30037632E-02
27  5-4.09969915E-02 2.11396526E-03 1.05263067E-02-1.21311969E-02 1.27761231E-02
27  6 2.25412259E-02-6.08538000E-02-4.83175449E-02 1.93333211E-02 2.24268843E-02
27  7-5.61289983E-02-4.12753084E-03 1.39045757E-03-2.44459566E-02-3.06404808E-02
27  8-1.30253104E-02 2.84572949E-02-2.82154767E-02-3.86732848E-02-1.03194573E-02
27  9-6.15379395E-02-5.88489465E-02 9.78455595E-02 1.05290486E-01 7.33845647E-03
27 10-7.54052772E-03-2.40971691E-02 3.08162317E-02 4.00347618E-02-3.15448007E-02
27 11-2.71076632E-02 3.60699332E-02 4.82712602E-02-2.65827957E-03 2.00885678E-03
27 12 2.17714627E-02 3.47353860E-03-4.92418713E-03 1.39233302E-02 2.51099784E-02
27 13 1.61853176E-03-5.98615552E-03-2.09665284E-03-3.30269190E-04-3.26656748E-03
27 14-9.65907053E-03 9.48377546E-03 9.25435590E-03-3.14771710E-03-1.02780267E-02
27 15-1.59131163E-02-1.56319628E-02
28  1 1.26848467E-04-9.85067331E-04-1.73829062E-02 7.09920831E-03 4.54186349E-02
28  2-2.85660880E-03 3.76975370E-02-1.55670076E-02-9.87566051E-02 2.18535047E-02
28  3 2.88181949E-02-1.72620461E-02-9.55371356E-02 4.37047163E-03-1.10472180E-02
28  4-1.13431392E-02 2.68813811E-02 2.46943392E-02 8.24268350E-05-1.41410330E-02
28  5-5.10987618E-03-3.30336612E-02 1.82685139E-03-1.07088744E-03-4.04918514E-02
28  6-1.46702041E-02-6.10424931E-02 2.85432728E-03-1.76475505E-02-1.29714216E-02
28  7-3.78944505E-02 6.13152621E-04-4.28674202E-03 1.76799714E-01 9.73835375E-02
28  8-1.64675249E-03 3.06452945E-02 2.11801202E-01 1.29952474E-01-1.10550834E-03
28  9-5.83703898E-03-2.41243399E-02-3.41791569E-02-3.58279497E-02 5.02595992E-03
28 10-6.63459507E-03-5.58570662E-02-1.02064213E-01 2.23452116E-01-1.29086295E-02
28 11-6.70029013E-02-1.22477226E-01 2.62082992E-01-5.73943581E-03 2.72724583E-03
28 12 2.89064952E-01-1.09557190E-01-2.43084610E-01 3.99558983E-02 3.42782400E-01
28 13-1.33186534E-01-2.84269171E-01-5.80677215E-03-2.35699778E-03 1.24401895E-02
28 14-3.23515994E-02 8.56699874E-03-2.26754605E-02-5.51644497E-02-6.14839709E-02
28 15 1.61629174E-02-9.29864531E-02
29  1-3.01897293E-04 1.49828115E-03-2.45905319E-02 5.89011520E-03 4.32041514E-02
29  2-1.57656205E-02 5.41859579E-02-1.50909907E-02-9.10495025E-02 3.73683899E-02
29  3 3.86052509E-02-1.58891550E-03-1.09357265E-01 1.43626617E-02-1.96382493E-02
29  4-1.49991698E-02-3.46960088E-02 4.37412192E-02-5.51372628E-02-2.28839034E-02
29  5-4.49128145E-02-5.95555356E-03 9.61054585E-03-2.34908302E-02-2.86055822E-02
29  6-1.78286745E-02-8.37318385E-02 3.27726952E-02-3.71978366E-02 1.63045657E-02
29  7-5.65135829E-02-3.59419738E-03 7.93618586E-03 9.43278609E-02 1.07557395E-01
29  8 2.82072056E-01-2.25149504E-02 1.05022946E-01 1.26735236E-01 3.30867902E-01
29  9-9.06565123E-03-1.62694746E-02-3.70777868E-03-1.91954881E-04 1.13663255E-02
29 10-1.60236669E-02-6.51439873E-02 9.36648769E-02 2.82080191E-01-3.03443976E-02
29 11-7.34893014E-02 1.15598589E-01 3.29901578E-01 4.35452127E-03-6.87044471E-03
29 12-2.38385490E-01-1.50495785E-02 1.29514639E-01 3.60135631E-03-2.80672356E-01
29 13-3.08891395E-02 1.45711786E-01 1.48237625E-03 3.07104109E-03 1.81686920E-02
29 14-6.93552029E-02 9.65489377E-03-2.07254784E-02-5.71393668E-02-6.38089002E-02
29 15-2.27523752E-02 5.12380516E-02
30  1-2.14501560E-04 1.53197061E-03 7.00129198E-03 8.63048737E-03-3.38899876E-02
30  2 2.33038071E-03-1.49868219E-02-1.92418836E-02 7.44395879E-02-2.49742810E-02
30  3-1.32491141E-02-6.92254430E-03 7.79106619E-02-1.70967304E-02 2.55817720E-02
30  4 2.86158225E-02 2.12556388E-02-5.02408766E-02 8.97568195E-02 4.61253083E-02
30  5 9.61448210E-03 1.66555749E-02-1.97175763E-03-5.45616864E-04-4.97264446E-02
30  6-4.92187754E-02 9.62953088E-03 4.19737871E-02-6.07320083E-02 3.04183863E-02
30  7-5.95891629E-03 4.81841440E-03-5.56953450E-04 9.03576370E-02 1.06323338E-01
30  8 9.70255128E-02-5.06010222E-02 9.65801108E-02 1.36518950E-01 1.08625184E-01
30  9-4.44652117E-03-2.16511751E-02 1.78551428E-02-3.05042382E-02 6.10577097E-03
30 10-6.61958259E-03 2.24579042E-02 4.35844397E-01-1.13021507E-01-1.52443554E-02
30 11 2.09374070E-02 4.96309555E-01-1.26523637E-01-2.61242663E-03 7.38840657E-03
30 12 1.74038415E-01 1.09459458E-01-3.97778417E-02-2.29726712E-02 2.10797072E-01
30 13 1.38013741E-01-3.91203446E-02 8.73716503E-03 3.73934036E-03-2.01364633E-02
30 14 8.15371369E-02 6.85818669E-03-3.70964171E-02-5.77664260E-02-6.00729685E-02
30 15 5.82074710E-03-2.89277605E-04
 $END   
 $GRAD  
E=     -762.2879090134  GMAX=   0.0543646  GRMS=   0.0142606
CL          17.    3.4796004678E-05    3.2533866417E-04   -9.6402323301E-05
C            6.    1.8986567315E-04    8.7899568438E-05    3.4321831550E-04
C            6.    5.7464726725E-03    2.9136754444E-02    5.4364602919E-02
O            8.    4.4894601034E-05   -3.3847539701E-04   -8.6947204142E-05
H            1.    2.2305346097E-05   -7.2616275703E-05   -4.7095614068E-05
H            1.   -8.0548671841E-06   -1.6382208474E-05   -4.1285029938E-05
O            8.   -6.6734639020E-03   -3.2834552590E-02   -5.2451926064E-02
O            8.    5.2207027145E-03   -3.4577979176E-04   -8.6401860285E-03
H            1.    2.0239234322E-05    4.3109665724E-05   -2.4539403409E-05
H            1.    7.0683855862E-04    3.7824524584E-03   -1.8391587197E-03
H            1.    2.9686838008E-05    3.6355197972E-05   -1.5805307595E-04
H            1.    2.3366218554E-05   -9.1495870526E-05    2.9089215711E-04
H            1.   -5.3576490113E-03    2.8739224142E-04    8.3868801367E-03
 $END
-------------------- DATA FROM NSERCH=  18 --------------------
 COORDINATES OF SYMMETRY UNIQUE ATOMS (ANGS)
   ATOM   CHARGE       X              Y              Z
 ------------------------------------------------------------
 CL         17.0   3.1219124657   0.7073125244   0.4507164203
 C           6.0   2.8000110247   0.1337735042  -1.3284972988
 C           6.0   3.3223706422   1.1788366561  -2.2569984140
 O           8.0   2.5665878047   2.3099363369  -2.2872711988
 H           1.0   1.7216825924   0.0284313662  -1.4040929101
 H           1.0   3.3286568840  -0.8049556645  -1.4441343606
 O           8.0   3.1578147616   0.3351462840  -3.8384875599
 O           8.0   3.8854204748   2.8635183417  -4.5445310837
 H           1.0   3.4043887345   3.3106595069  -5.2764338551
 H           1.0   3.6901103983   1.8762595145  -4.6011351634
 H           1.0   2.1721431649   0.4009136546  -3.9586449437
 H           1.0   4.4032008962   1.2877575622  -2.2696120232
 H           1.0   2.9689567280   2.9096508631  -2.9959943574
--- CLOSED SHELL ORBITALS --- GENERATED AT 22:12:55 29-JUL-2026    
Chloroacetaldehyde hydrate and water                                            
E(R-WB97X-D)=     -762.2879117086, E(NUC)=  306.4899188280,    6 ITERS
 $VEC   
 1  1 9.85802793E-01 5.34283622E-02-1.92967864E-05-3.67912796E-05-1.72605004E-04
 1  2-1.87704822E-02 5.92371546E-05 1.12976771E-04 6.48542423E-04 1.02699767E-02
 1  3-2.22146735E-04-4.43344944E-04-1.80341558E-03-3.04155428E-05-4.17097187E-04
 1  4-3.17301975E-06-1.33448027E-05-1.51114424E-04 8.75273166E-04-2.17543156E-05
 1  5 4.14545247E-04-1.50429575E-03 9.14446783E-05 6.94618039E-04-3.62143860E-06
 1  6 1.42169809E-05 3.58375295E-04-2.37584280E-03 6.20476427E-04 1.28846722E-04
 1  7-1.64354745E-03-2.09008596E-05-1.59496549E-04-1.67031144E-05 2.53865025E-05
 1  8 3.69672340E-07 7.03630891E-04 1.64206821E-04-3.31531693E-04 1.97590477E-04
 1  9 1.50510908E-04-8.37236352E-04 2.01669545E-04-7.42383337E-04 9.40293527E-06
 1 10 9.07631985E-05 1.04061758E-05 7.76217999E-06 3.50574979E-05-2.83838702E-04
 1 11-5.09038856E-05-6.49300842E-05-1.74596894E-04-9.46130819E-07-3.36923674E-06
 1 12-2.41189339E-06-3.00677952E-06 2.75903244E-05 5.25939166E-05 2.22468727E-06
 1 13-5.87213065E-06-8.30720287E-05-3.21021312E-05 2.39988886E-05 5.03906602E-05
 1 14-2.06629691E-04-2.39806680E-06-1.85264522E-06 2.31927530E-04-1.87287672E-04
 1 15-2.20224057E-05 4.37810709E-05
 2  1 8.25286160E-06-6.44083060E-05-2.48422271E-05 8.82838686E-06 5.59298565E-05
 2  2 6.18218602E-04 1.68238714E-04-3.67755499E-05-3.36494214E-04-7.72971956E-04
 2  3-7.95316807E-04 2.46532661E-04 5.91399432E-04 1.64653046E-04 5.37826353E-04
 2  4-5.25415085E-04-5.49292288E-04 4.50625005E-04-5.25336718E-03 4.44477829E-03
 2  5-3.70872517E-03 1.63028248E-03-7.34894884E-04-3.01289398E-03-5.24674917E-04
 2  6 2.36712934E-03 4.49713352E-05 2.16070205E-02-1.16100843E-02 8.90445979E-03
 2  7-7.02080973E-04 9.82649717E-01 1.05547889E-01 3.13004885E-03-1.75072878E-03
 2  8-1.73775136E-03-5.39792222E-02-8.56594398E-03 7.39255558E-03 4.00438260E-03
 2  9 9.37793777E-04 2.06737690E-03-6.69080162E-04-4.53546991E-04 7.38029087E-03
 2 10 1.88772104E-03-3.49921020E-04 5.16634993E-04 3.32386859E-04-3.01038774E-03
 2 11 1.45688428E-03-2.35565974E-03-1.78637229E-03 4.68126502E-03 1.34380096E-03
 2 12-2.15893124E-04-2.23086850E-05 6.28104727E-04-1.82770647E-03 8.16016394E-04
 2 13 1.77820296E-04-2.21955380E-03 1.23999861E-04-7.23371946E-04 4.29885379E-04
 2 14-5.99075837E-04 9.14587944E-04-8.19041305E-04-6.82176618E-04 1.06159580E-03
 2 15 3.05575450E-03 6.76518786E-03
 3  1-6.56788964E-06 4.11115442E-05 8.43172882E-06 2.96210353E-05-3.75480313E-05
 3  2-7.98744082E-04-4.83090278E-05-1.71905170E-04 2.83950739E-04 1.46562265E-03
 3  3 1.50991262E-04 4.87235838E-04-1.37006538E-03 2.14038263E-04 7.68306571E-04
 3  4-1.04638601E-04-1.64311920E-04 7.88957584E-04-6.72175465E-03-1.20680339E-03
 3  5-2.06998267E-03 2.44315036E-03-9.36144468E-04-5.27881994E-03-9.89131964E-05
 3  6 8.90260214E-04 5.37233864E-04 1.78664226E-02-2.44188784E-03-5.24185911E-03
 3  7-5.42094831E-03-7.19306642E-03 4.17289214E-04-8.67590625E-05-4.17920192E-04
 3  8-3.89636345E-04-3.32990294E-03-2.66115365E-04 2.92466914E-03 1.88974850E-03
 3  9 7.42557189E-04-1.02821072E-03 2.64029658E-04 3.05994311E-04 9.82199145E-01
 3 10 1.02558742E-01-2.20874125E-03 1.73641596E-03 1.28179586E-03-4.27091155E-02
 3 11 4.44048796E-03-4.77347315E-03-4.11279030E-03 1.94131206E-02 3.07467130E-03
 3 12-2.59356053E-05-6.01429452E-04-1.85152341E-05-3.97988749E-03 1.69923893E-04
 3 13 2.64956062E-03 1.01293006E-05 3.67197759E-04-1.18563839E-03-1.83657545E-04
 3 14 5.81824338E-03 3.30519271E-03 6.05885440E-03-1.28164072E-03-1.77768609E-03
 3 15 5.07448109E-04-1.15161125E-03
 4  1 8.23033882E-08-4.38601883E-07 7.07744096E-06-1.92274978E-06 1.56260996E-07
 4  2 7.35612025E-06-3.64694588E-05 8.36803241E-06 1.40867218E-06-3.67597435E-05
 4  3 5.87977147E-05 8.06147347E-06 1.86781024E-05 7.65260156E-06 9.61517443E-05
 4  4-4.32444702E-05 4.53302458E-05-6.84326207E-05-2.01353479E-04 1.13645293E-04
 4  5-4.99394297E-05 1.29653945E-04 6.54214688E-05 4.14084303E-04 2.12274872E-05
 4  6-7.24899977E-05-4.40677707E-05-1.37919159E-03 3.86978901E-04-7.26129983E-04
 4  7 4.22943951E-04-4.36465085E-03 4.02442910E-04 3.43547529E-05 4.23513402E-04
 4  8-2.32782230E-04-2.36602416E-03-2.84493553E-04-1.87844924E-03 1.28518134E-03
 4  9-2.84486904E-05 2.82460338E-04 5.94113921E-05-1.70974806E-04-1.92408958E-02
 4 10-1.03273116E-03 3.64992818E-04 5.45265426E-04-4.23768919E-04-1.10595625E-03
 4 11-1.18756204E-03-1.99154334E-03 1.43239836E-03 9.82173032E-01 1.02745024E-01
 4 12-2.17624249E-03-1.43486855E-03-1.68191253E-03-4.34331061E-02 4.58430503E-03
 4 13 3.65717486E-03 3.18773949E-03 2.92239337E-03 6.11604078E-03 2.33443611E-03
 4 14 9.60421736E-03 5.26224214E-04-1.50378423E-03 2.06337557E-04-5.01183511E-04
 4 15-4.90879077E-04 5.21175526E-03
 5  1 7.89164346E-05-1.01244578E-04-1.64595415E-06 5.31017170E-05-2.18403914E-04
 5  2-2.41994120E-03 1.89129189E-05-3.54467307E-04 1.50795467E-03 3.24687524E-03
 5  3-4.64611110E-04 1.60355577E-05-2.53473250E-03-8.90637379E-03-4.00249498E-03
 5  4-3.20851661E-04-5.07371637E-04 1.30595819E-04 2.57868663E-02 6.19513021E-03
 5  5 1.06741487E-02-1.21234105E-02 9.86492633E-01 1.10070612E-01-3.50755883E-04
 5  6-9.20623031E-04-4.39094343E-04-8.26961538E-02 1.93450577E-03 1.22081630E-02
 5  7-4.59657810E-03 2.20204147E-05-2.42984815E-04 3.09858551E-04 3.84017832E-04
 5  8-1.70526700E-04 6.81732850E-03-1.11842339E-03-2.72482853E-03 1.03654405E-03
 5  9-1.41744047E-03 1.63663221E-03-1.57360349E-03 1.16408531E-03-3.66622306E-04
 5 10-2.59287747E-03-1.43124250E-04-1.82556877E-04-5.14328450E-04 9.00726070E-03
 5 11 9.47878964E-04 2.98539864E-03 6.87059951E-03 2.64948997E-05 2.25040196E-04
 5 12 3.27624859E-05 1.08408775E-04-3.19015337E-05-8.01272133E-04 2.36076066E-05
 5 13-1.88837559E-04-1.30869655E-04 2.88659953E-04-4.87185270E-04-4.29041698E-04
 5 14 1.07612533E-03-1.38582706E-03 3.50097696E-03-5.93410229E-04 1.59667224E-02
 5 15 1.76902967E-04 2.69823966E-03
 6  1-2.74839091E-05-1.62464796E-04 5.86834857E-05 1.02209374E-04 3.37867672E-04
 6  2-2.13779868E-03-3.41301092E-04-5.94756987E-04-1.91185702E-03 1.28231775E-02
 6  3-1.22527225E-03-2.14544379E-03-8.57891527E-03 9.86477281E-01 1.11842147E-01
 6  4 3.44458871E-04 6.78437655E-04 1.11507829E-03-9.04158860E-02-2.85084189E-03
 6  5-6.00750329E-03 2.45338933E-03 8.35199059E-03-1.86151452E-03 4.05962614E-04
 6  6 4.69577626E-04-6.99603610E-05 2.33322766E-02-5.62782674E-03-1.01947960E-02
 6  7 8.88653427E-03 3.65407887E-05-1.11283681E-05-1.64734895E-05 5.05313144E-04
 6  8-3.22223404E-04-1.32352408E-03-1.19564341E-05-4.23511450E-04 5.38514102E-04
 6  9-1.03404569E-04 1.54819812E-02-1.73879521E-04 1.54394171E-02 1.73357172E-05
 6 10-5.10364109E-05 1.94019925E-04 1.93065985E-04-3.28268924E-04-5.39187588E-04
 6 11-6.19370266E-04-6.47187897E-04 1.80669187E-04 1.63059314E-05 1.20987001E-04
 6 12-4.01332465E-05 4.79820924E-05-1.27784968E-04-5.90078982E-04 1.92110417E-04
 6 13-3.28242318E-05 3.78075770E-04 3.06873156E-04-2.68825437E-04-2.28297216E-04
 6 14 1.31500363E-03-3.87518864E-04-7.92147866E-05-1.15275715E-03 1.36190379E-03
 6 15 4.56864100E-04 1.31163090E-03
 7  1-3.05122277E-01 9.77073759E-01-1.45469305E-03-2.77581623E-03-8.45477599E-03
 7  2 1.54268268E-01-6.03738606E-04-1.14534931E-03-5.20618992E-03-6.76794697E-02
 7  3 1.58353743E-03 3.11749832E-03 1.20363230E-02-3.07313701E-05 1.70563514E-03
 7  4-5.09619660E-05-2.22351523E-05 4.88538060E-04-3.02602598E-03 4.59233035E-04
 7  5-1.90572897E-03 9.93277312E-03-1.11138783E-04-3.69801490E-03 3.24027303E-05
 7  6-1.06943834E-04-2.05910963E-03 1.30871643E-02-3.64704622E-03-6.46926357E-04
 7  7 9.51738001E-03 1.07241251E-04 7.77696503E-04 7.12789693E-05-1.41011316E-04
 7  8 7.49904521E-06-3.85628408E-03-8.83920649E-04 1.88960186E-03-1.13701392E-03
 7  9-9.63232051E-04 5.05093420E-03-1.25598635E-03 4.45058120E-03-5.58331827E-05
 7 10-5.10160800E-04-5.51534180E-05-3.70204109E-05-2.15351834E-04 1.72415245E-03
 7 11 2.96070865E-04 3.83029244E-04 1.18103822E-03 5.62500334E-06 2.48060884E-05
 7 12 1.27424347E-05 1.11934225E-05-1.33713197E-04-3.13247417E-04-1.52210909E-05
 7 13 5.77733940E-05 4.40929731E-04 1.69074999E-04-1.48370549E-04-2.75199000E-04
 7 14 1.20675762E-03-4.28345660E-05 1.49001186E-04-1.27377372E-03 1.29478991E-03
 7 15 8.22804348E-05-2.36241008E-04
 8  1-3.21302453E-03 1.08787074E-02 1.59394744E-01 2.86408761E-01 9.13678757E-01
 8  2-3.22527963E-03 1.46051776E-02 2.62444885E-02 8.50467069E-02 4.82321570E-03
 8  3-4.73903669E-03-8.65044649E-03-2.93262763E-02-6.84785353E-04-4.43925376E-03
 8  4-3.36476835E-05-1.26215859E-04-4.50110666E-04 9.53192898E-03 9.58222005E-04
 8  5 3.45974523E-03-3.33716354E-03 4.13812585E-04 2.88189265E-03 2.33685202E-05
 8  6 8.60841578E-05 8.31603551E-04-1.20260428E-02 2.39158078E-03 1.47431656E-03
 8  7-7.68431219E-03-7.25976215E-05-4.45472004E-04-7.43228298E-05-3.51410428E-05
 8  8 4.17123529E-05 2.59227564E-03 7.25590930E-04-9.66655196E-04 6.12496361E-04
 8  9-2.53949572E-04-3.95082151E-03-4.93721286E-05-3.55033664E-03 2.30159570E-05
 8 10 1.70591927E-04 3.39077234E-05 7.74584523E-05-1.25940637E-05-8.70127864E-04
 8 11-1.73694630E-04-4.18846967E-04-1.90388491E-04-5.19722765E-06-2.63873450E-05
 8 12-2.06137163E-06-1.92615526E-05 9.44890324E-05 2.63753920E-04-1.71769188E-05
 8 13-4.45806221E-06-3.14057457E-04-1.41593884E-04 1.22209177E-04 2.26394278E-04
 8 14-9.20052663E-04-1.90383900E-04 4.02070971E-04 9.85988304E-04-3.83471913E-04
 8 15-1.42878477E-04-1.00162420E-04
 9  1 2.04680413E-05-1.13860181E-04 5.77737040E-01 7.10906185E-01-3.23449098E-01
 9  2 4.14434120E-04 5.17957524E-02 6.37747739E-02-2.94783682E-02 2.46728584E-04
 9  3-1.62250650E-02-2.00424570E-02 9.02383227E-03 2.47850947E-05 1.51649563E-04
 9  4-4.11974784E-05 3.48581878E-05 5.23186740E-04-8.00991028E-04 7.72252253E-04
 9  5-5.21565835E-04-2.21118839E-03-1.69258061E-04-1.39085692E-03-3.11894044E-05
 9  6-1.84563124E-04-9.60876971E-04 2.90707256E-03-5.31077852E-04 2.01644323E-03
 9  7 4.50956065E-03 4.22105534E-05 2.41700609E-04 9.82448087E-05 1.73613906E-05
 9  8-6.75564735E-05-1.63242038E-03-7.67133028E-04 4.77214528E-04-3.09820730E-04
 9  9 5.86697463E-04-1.56997954E-03 1.27275113E-04-1.16629279E-03-3.79136519E-05
 9 10-2.84107865E-04-6.56097836E-05-8.95719871E-05-8.34178423E-05 1.10774817E-03
 9 11 3.13101404E-04 5.26423547E-04 7.08043333E-04-1.02711739E-06-1.30338799E-05
 9 12 1.78263979E-05 6.66504465E-06-3.06790024E-05-2.31080815E-05-5.48618011E-05
 9 13-1.60576433E-06 1.13636993E-04 2.12509994E-05-2.52634814E-05-6.90950860E-05
 9 14 2.79514845E-04-7.71586386E-05 4.02857738E-04-9.05542783E-04 1.22297247E-03
 9 15 1.79327315E-04-2.34285984E-04
10  1 2.33936594E-05-7.03888991E-05 7.64655372E-01-5.96957308E-01 5.36996828E-02
10  2-4.44416154E-05 6.83758123E-02-5.34133341E-02 4.88643034E-03-1.05175605E-04
10  3-2.08512685E-02 1.64315752E-02-1.45864340E-03-1.44787498E-06-2.38302038E-05
10  4-5.82305053E-05 2.05211335E-05-9.60701802E-05-1.82926646E-04 1.51844238E-03
10  5-1.11075372E-03 5.87062607E-04 4.18895918E-05 4.69778510E-04-6.42322294E-05
10  6 1.94125177E-04 9.94708865E-05-1.21511110E-03-7.12599895E-04-7.44514989E-04
10  7-2.33224043E-04-1.41572585E-06 6.20974569E-05-3.39209010E-05-6.49873294E-05
10  8 3.02974234E-04 2.43243364E-04 2.66297363E-04 1.50653128E-04-8.80605944E-04
10  9 6.51196192E-04-1.45045264E-03-7.68799566E-04 1.74818676E-03 7.74156193E-06
10 10 7.49100215E-05 2.77713276E-05-3.72192093E-05 3.70549745E-05-2.49660377E-04
10 11-6.49823306E-05 1.16091087E-04-1.51403308E-04-4.89066916E-06-4.31278303E-05
10 12 7.90844621E-06 8.90893491E-06-1.26162327E-05 1.31693681E-04-3.35119325E-05
10 13-5.07746695E-05 5.11046447E-05-1.56611103E-05 5.31975883E-05 3.24889656E-05
10 14-1.78502634E-04-1.14854496E-04 2.30675623E-04-1.26258767E-04 1.38851740E-03
10 15-2.09759770E-04-2.02748732E-04
11  1 2.12200003E-03-1.20270029E-02 4.69643321E-04 6.12081519E-05 3.67093766E-03
11  2 1.51120264E-02-9.50740694E-04-3.52943733E-04-6.61779210E-03 5.33561698E-03
11  3 2.45746022E-03 1.66070983E-03 9.14571515E-04-2.22073281E-02 1.97073777E-02
11  4 4.20662191E-03 1.96589065E-02-1.25773282E-02 4.11825822E-02-2.04180495E-02
11  5 1.66605776E-02 4.21604137E-03-9.54119904E-02 1.03972546E-01-5.95458343E-02
11  6 8.39151847E-02-3.29079342E-03 1.43858521E-01 2.04166587E-02-1.67783825E-02
11  7 1.18782365E-03-2.08925042E-01 1.91583837E-01 8.37422558E-02-4.88693862E-02
11  8-4.17874371E-02 6.50148613E-01 9.33188856E-02-5.59077054E-02-4.90663849E-02
11  9 4.90100745E-03-8.65107927E-03 7.64879722E-03 3.23058493E-03-3.50217945E-02
11 10 3.27620193E-02-1.07446565E-02 9.66849562E-03 1.00027916E-02 9.92198997E-02
11 11-1.57321084E-02 1.47219927E-02 5.58725148E-03-2.47153593E-02 2.08705774E-02
11 12-7.94190183E-03-5.48398439E-03-2.04355922E-03 7.70058515E-02-1.12205696E-02
11 13-7.40320143E-03 5.16021055E-03 9.94986372E-03 4.03309724E-03 1.34226905E-02
11 14 4.86154389E-03 1.64655104E-02 5.09660071E-03 2.36414580E-02-1.60524702E-02
11 15 8.41021628E-02 8.81087773E-03
12  1-6.44725793E-04 3.68482184E-03-1.48956897E-04-2.50765824E-05-9.20514087E-04
12  2-4.86478024E-03 3.36112668E-04 1.16137790E-04 1.83827831E-03-1.88645322E-03
12  3-6.53081641E-04-6.35374660E-04-1.63113335E-04 3.02527392E-03-4.52859249E-03
12  4-2.66553207E-04-3.64019840E-03 2.47559006E-04 7.07387631E-03 6.42264378E-03
12  5 1.99540415E-03-7.08338821E-03 1.10917572E-02-1.27649811E-02 1.14596589E-02
12  6-1.97266599E-02-6.82577794E-03-2.16922249E-02 2.82498219E-03 1.24647615E-02
12  7-1.62794645E-02 3.52764198E-02-3.22668837E-02-1.21603682E-02 1.10168402E-02
12  8 1.11853673E-03-1.18700638E-01-1.55984537E-02 8.59688618E-03 3.03357800E-03
12  9-1.26472324E-03 1.38214455E-03-1.54050468E-03-1.32580365E-04-3.37469573E-02
12 10 3.02473631E-02-1.03713308E-02 7.22971566E-03-9.04626698E-04 1.05679279E-01
12 11-7.45148006E-03 1.20615329E-02-2.35726372E-03-2.23887730E-01 2.09352819E-01
12 12-6.25270575E-02-3.73348987E-02-6.36188277E-02 6.91005861E-01-6.33089279E-02
12 13-4.17877853E-02-6.07337229E-02 1.16846923E-01 2.58316501E-02 1.07459913E-01
12 14 1.64691702E-02 1.67034827E-02 7.05205695E-03-2.98670765E-03 5.92229317E-03
12 15 2.49880894E-03 1.05474327E-02
13  1 1.82329980E-03-1.04706799E-02 1.94142761E-04 6.83786438E-04 2.55172731E-03
13  2 1.40135756E-02-3.10387313E-04-1.09004364E-03-5.68575229E-03 8.64977943E-03
13  3-9.34280516E-04-1.72342531E-03-3.88516469E-04-1.89314888E-02 1.67123427E-02
13  4 4.59945681E-03 3.71101232E-03-1.27175815E-02 4.60967381E-02 3.34762536E-03
13  5-5.39517101E-03-1.30309949E-02-2.33195257E-02 2.76654087E-02 5.61916318E-03
13  6-5.01404872E-02-3.17665814E-02 6.19772221E-02-4.81183405E-03-1.15880908E-02
13  7-1.28792452E-02 4.91769399E-02-4.67655201E-02-1.72803427E-02-6.04868608E-03
13  8 9.45517269E-03-1.61747671E-01-2.00218710E-02-6.37861871E-04 5.86224488E-03
13  9 6.50632047E-03 2.05988940E-06 7.05070288E-03-1.39759380E-03-2.21254807E-01
13 10 2.10175721E-01-8.56253329E-02 2.45324438E-02 1.58569089E-02 6.84987260E-01
13 11-7.97489356E-02 2.78235227E-02 2.12075723E-02 4.15367891E-02-3.78879235E-02
13 12 1.17475928E-02 2.92237149E-04 1.23203258E-02-1.34977345E-01 1.18721740E-02
13 13 3.96623619E-03 1.18175660E-02-2.37188890E-02-6.73367729E-03-1.84591485E-03
13 14 1.19736516E-02 1.29014796E-01 2.95927956E-02 1.14657850E-02 3.95454643E-03
13 15-2.92387472E-02-8.88617617E-03
14  1 6.16533335E-02-3.55637998E-01 7.22155111E-03 1.32435155E-02 4.52793756E-02
14  2 4.54075469E-01-1.47000910E-02-2.66137986E-02-9.15210152E-02 3.02710636E-01
14  3-6.66913867E-04-2.97490648E-03-7.71562516E-03-1.30427825E-01 1.12945566E-01
14  4 1.80040973E-02 3.13306291E-02 3.45601137E-02 3.97528278E-01 1.92371585E-02
14  5 3.09376112E-02 4.03073552E-02-4.43225012E-02 5.20894538E-02-6.13158665E-03
14  6-5.02938688E-02 5.81037020E-02 6.33924840E-02 8.42833537E-03-2.39018064E-03
14  7-5.08653089E-03 3.31663677E-02-3.06446294E-02-9.70106925E-03-2.10593131E-02
14  8 2.48856821E-02-1.15490487E-01-1.18942403E-02-1.11474685E-02 2.27260198E-02
14  9 5.38319306E-02-1.42828721E-02 5.42246412E-02-1.61329998E-02 2.85177754E-02
14 10-2.60688088E-02 1.41840193E-02-2.66983480E-03 8.96863597E-03-9.60115370E-02
14 11 1.24359200E-02-6.61229465E-03 2.58850740E-03-6.37717619E-03 5.93294716E-03
14 12-9.91571630E-04 3.51482553E-04-4.30261327E-03 2.26563103E-02-4.10224678E-04
14 13-5.10317645E-04-5.61796400E-03 4.45478104E-03 2.31325872E-03 1.20586252E-03
14 14-7.32682499E-03-1.91535095E-02-7.13998278E-03 2.20633200E-02-5.76404774E-03
14 15-2.72742942E-02-1.24308629E-02
15  1 5.04562320E-02-2.93795592E-01 5.60896555E-04 1.03507928E-03-9.99899945E-03
15  2 3.62373998E-01-1.82892493E-03-4.02890028E-03 1.80098291E-02 3.49302050E-01
15  3-3.72779324E-03-4.80303036E-03-1.71791260E-02 1.18166050E-01-1.22929326E-01
15  4-1.92325280E-02-3.29730266E-02 1.09552144E-01-3.13701663E-01-5.10191093E-03
15  5 9.85585440E-04 3.21962952E-02 1.18470268E-01-1.23145025E-01 1.07818157E-02
15  6 8.02123592E-02-7.30116292E-02-3.16551535E-01-1.83401270E-03 3.99044483E-02
15  7-3.13922236E-02-4.85955221E-02 4.35236823E-02 1.25651586E-03 7.92882611E-02
15  8-4.89427653E-02 1.90857164E-01 7.66268403E-03 5.29228760E-02-3.90181242E-02
15  9-6.46503385E-02-4.27230960E-03-6.76146928E-02-4.08613164E-04-3.82387505E-02
15 10 3.41269345E-02-2.96689736E-02-2.76688052E-03-3.84146450E-02 1.38800889E-01
15 11-2.42998650E-02 2.87932184E-03-1.97609282E-02 5.78528914E-03-5.33083307E-03
15 12-7.98603077E-04-1.34232682E-03 8.24745021E-03-2.25699422E-02-2.14523460E-03
15 13 5.56748968E-04 8.27036085E-03-6.24877475E-03-3.75085913E-03 4.54632066E-04
15 14 9.38101391E-03 3.32414450E-02 2.38944048E-02-6.47274838E-02 1.84190184E-03
15 15 6.17102989E-02 3.32113379E-02
16  1 1.77593489E-02-1.04447196E-01-1.40229079E-02-2.18353454E-02-2.79402104E-02
16  2 1.28745206E-01 2.81233063E-02 4.43536900E-02 5.43309855E-02 1.55826860E-01
16  3 1.36395346E-02 1.79906642E-02 1.06288585E-02 1.16668135E-01-1.04572128E-01
16  4 7.92357706E-02 1.15971662E-01-2.25755922E-02-4.46942618E-01 3.45206997E-02
16  5 4.20353949E-02-2.15187254E-03-1.29821205E-01 1.31581861E-01 8.79192817E-02
16  6 7.25835195E-02-5.53484103E-03 4.55553902E-01 6.70110734E-02 3.12718015E-03
16  7 1.40123207E-02 5.07315611E-02-4.65935064E-02 6.43840183E-02-1.44915576E-01
16  8 6.54431829E-02-2.07274644E-01 5.15287185E-02-1.19442433E-01 5.54081799E-02
16  9-1.21015789E-01-4.27975170E-02-1.05634292E-01-3.59461362E-02 1.20219574E-02
16 10-9.86491915E-03 4.82512292E-02 2.86555296E-02 3.79167150E-02-5.17579455E-02
16 11 3.79901448E-02 2.26947912E-02 2.23898806E-02-1.01352677E-03 1.01753482E-03
16 12 6.96697387E-03-1.34372292E-02-4.24443202E-03 5.15624554E-03 8.57586129E-03
16 13-1.25728252E-02-2.44207154E-03-2.83047786E-03-2.08421146E-03 1.13113383E-02
16 14 5.70757658E-03-3.68149951E-02-3.29514448E-02 1.36915452E-01 3.42161441E-02
16 15-8.83758223E-02-6.37579682E-02
17  1-1.51308689E-03 8.94493546E-03-1.32111890E-02 1.25911403E-02 3.63687976E-03
17  2-9.57173441E-03 2.71770243E-02-2.55493710E-02-7.78742953E-03-1.69540346E-02
17  3 1.55106542E-02-1.56327560E-02 4.67689947E-04-1.34298651E-02 9.13073265E-03
17  4 1.13618365E-01-9.77552981E-02 7.91583244E-03 7.62751395E-02 1.04542634E-01
17  5-7.00731558E-02-4.06382551E-03-1.44019246E-02 7.38891707E-03 2.57006092E-01
17  6-8.58001667E-02-5.24825934E-02 7.06510167E-02 1.68446346E-01-8.45039816E-03
17  7-5.81248668E-02 1.36023202E-02-1.48337443E-02 4.71408392E-02 2.45313067E-01
17  8-1.45491333E-01-5.04917838E-02 4.29146988E-02 2.19668630E-01-1.32207666E-01
17  9-4.56717687E-02-2.07853421E-02 8.17020614E-02 3.05314721E-02-9.06618115E-04
17 10 1.92600069E-04 7.64612663E-02 1.71581878E-02 3.23679853E-02 2.70267133E-03
17 11 6.65663544E-02 1.31487304E-02 2.48434771E-02 6.64105932E-03-8.61905304E-03
17 12 4.97751911E-03-5.30458270E-02 7.32265830E-02-2.10100254E-02 4.34558308E-04
17 13-4.62234990E-02 7.51618711E-02-5.56173254E-02-3.47575307E-02 3.11770049E-02
17 14 2.56958882E-02-5.14050372E-02-3.58478197E-02 1.36508173E-01 6.73641021E-02
17 15 1.56235727E-01 1.01210024E-01
18  1 1.10505954E-03-6.59143265E-03-1.46554814E-02-3.95873595E-03-2.76156856E-03
18  2 7.52599592E-03 3.05511350E-02 8.14845925E-03 5.09182404E-03 1.65280153E-02
18  3 1.73849726E-02 4.20922261E-03-1.22053592E-03 8.41511961E-03-4.72052115E-03
18  4 9.25766628E-02 6.57914170E-03-2.28070761E-02-6.73986677E-02 6.47623513E-02
18  5-1.71364676E-02-1.66153136E-02-7.57504600E-03 8.46413838E-03 6.05457337E-02
18  6-5.57478516E-02 3.59033096E-02 4.08310649E-02 2.47848004E-02-5.35918869E-02
18  7 6.33829559E-02-1.41366376E-02 1.29895149E-02-1.16821780E-02 8.27573679E-02
18  8 1.32247472E-03 5.88451792E-02-9.51707937E-03 7.80766537E-02 3.16420468E-03
18  9-5.87662377E-02-3.09982674E-02 1.80705230E-02 9.64947672E-03-8.75474455E-03
18 10 1.07633999E-02-4.45421153E-02-5.91449071E-02 2.36387140E-02 3.17849861E-02
18 11-4.24110752E-02-6.39045197E-02 2.76378024E-02 2.31672372E-03-7.20759966E-04
18 12-6.89980689E-02 3.35259137E-01-1.59412790E-01-1.28965059E-02-5.96350906E-02
18 13 3.06133890E-01-1.46352874E-01 2.08398625E-01 1.53324433E-01-2.04063903E-01
18 14-1.63621806E-01 2.96931515E-02 1.94501456E-02 3.31766249E-02 1.15498215E-02
18 15 2.46224750E-02 2.89598033E-02
19  1-4.22269016E-03 2.50465401E-02-3.39757332E-02-2.69037089E-02 4.89936984E-02
19  2-2.88261503E-02 7.16136489E-02 5.56868329E-02-1.03453473E-01-5.03141051E-02
19  3 4.69481750E-02 4.51489811E-02-5.77412378E-02-2.47327367E-03 2.91129973E-03
19  4 2.17417191E-01 1.79427539E-01-4.25249153E-02-1.66358338E-02 1.75400465E-01
19  5 1.36334801E-01-1.56743242E-02 1.70237049E-02-1.54570147E-02-2.37508423E-02
19  6-1.58688701E-01 2.25258629E-01-7.90594924E-02-4.26583621E-02-7.01559582E-02
19  7 1.88384771E-01-3.92186388E-02 3.79779849E-02-1.11990010E-01 1.29006820E-01
19  8 1.12809831E-01 1.50993478E-01-1.12747919E-01 1.32788715E-01 1.11446735E-01
19  9-1.44211174E-01-9.21961928E-02-2.87081215E-02-2.16709623E-02 3.12254132E-04
19 10 2.75524037E-04-8.48683924E-02-5.13100072E-02-8.85344727E-02 2.77726344E-03
19 11-7.16555241E-02-4.72406953E-02-8.34522254E-02-5.88490727E-03 6.60130877E-03
19 12 2.67486706E-02-1.09320233E-01 3.73193284E-02 2.14419996E-02 2.71105904E-02
19 13-1.01490732E-01 2.38301398E-02-6.25472414E-02-5.15667938E-02 5.99567288E-02
19 14 4.58307718E-02 6.27060883E-02 5.17092226E-02-4.05547544E-02-1.82785515E-02
19 15 4.68073941E-03 2.82932489E-02
20  1-1.21211211E-02 7.18385036E-02-9.45842727E-04 5.16510468E-02 8.42084299E-02
20  2-9.09130947E-02 1.78355914E-03-1.09264846E-01-1.76594631E-01-1.27146769E-01
20  3 6.96864588E-03-5.99261729E-02-9.99342874E-02-1.26621850E-02-1.61330343E-03
20  4 7.75997778E-02-1.53872163E-01 1.92201628E-01 1.14330974E-01 7.40762738E-02
20  5-9.76529985E-02 1.45821221E-01 2.09171890E-02-1.21738139E-02 1.04444791E-01
20  6 2.51670661E-01 4.00135062E-02-1.09899291E-01 1.20903892E-01 1.77922732E-01
20  7 5.41578354E-02 4.75466698E-04-2.80272641E-03 1.47298279E-01-8.90076071E-02
20  8 1.35414427E-01 1.54743528E-02 1.48330550E-01-9.53407368E-02 1.35216846E-01
20  9-4.06318712E-02-3.12504853E-02 1.06566003E-01 6.68363123E-02-8.76543666E-03
20 10 8.34061431E-03-8.08544226E-02-2.59859080E-02-1.44726712E-01 4.10943036E-02
20 11-7.36818657E-02-2.59263968E-02-1.35205062E-01 1.32997923E-03 1.82105153E-04
20 12 9.21783569E-03-6.24568912E-03-3.06240062E-02-8.83603521E-03 1.26854304E-02
20 13-3.61734066E-03-3.29327784E-02 1.02972269E-02 5.23942928E-03 6.66966504E-03
20 14 1.18256664E-02 6.90665642E-02 5.96661287E-02 5.78831999E-02 2.62477540E-02
20 15-7.03326254E-02-7.22296542E-02
21  1 7.54326694E-03-4.47476922E-02-5.87453325E-02 2.49438289E-02-6.91578587E-02
21  2 5.32379359E-02 1.23812603E-01-5.23135523E-02 1.46661502E-01 8.69752397E-02
21  3 7.80187602E-02-4.11460163E-02 8.13311090E-02 7.84676619E-03 1.02144333E-03
21  4 2.34047301E-01-2.09106843E-01-8.29314377E-02-7.07623016E-02 2.13762723E-01
21  5-1.92917786E-01-6.33750412E-02 6.04842852E-03-8.52999935E-03-1.35035107E-01
21  6-1.59637357E-02-7.78873970E-02-1.18225017E-02-1.41037202E-01-4.53018511E-02
21  7-5.89879811E-02-2.17866110E-02 1.92802961E-02-7.14286506E-02-1.49431998E-01
21  8-8.94112323E-03 9.47129947E-02-6.57337102E-02-1.45510714E-01-1.37844894E-02
21  9-1.41103864E-01-7.68688779E-02 1.95684116E-01 1.29189246E-01 5.84195176E-03
21 10-6.47130845E-03 3.45718674E-02 1.60678776E-02 6.57811845E-02-2.44020715E-02
21 11 3.24861159E-02 1.76807095E-02 6.27021650E-02 7.89633566E-04-1.73574073E-04
21 12 9.06648571E-03-4.07624015E-02-2.51641499E-02-3.71809301E-03 8.54182975E-03
21 13-4.16511837E-02-2.91329694E-02-5.27469118E-03-5.74020265E-03 2.27948801E-02
21 14 1.78993169E-02-3.32192353E-02-2.91939840E-02-9.11413194E-02-4.55185621E-02
21 15-6.94049133E-02-6.42006183E-02
22  1-4.32814490E-03 2.56795614E-02 2.06384790E-02 1.34999097E-02 4.79595563E-02
22  2-3.60174251E-02-4.30403413E-02-3.04568740E-02-9.99710219E-02-4.35766242E-02
22  3-3.14773389E-02-8.62738669E-03-7.04452075E-02 2.69078041E-03-6.24953876E-03
22  4-1.15750197E-02 9.01048889E-04 7.99833651E-02-2.77832894E-02-4.27077968E-02
22  5 3.52777561E-02 8.13750437E-02 2.90300604E-02-3.93658121E-02 2.19051616E-02
22  6-1.12938189E-02-9.81966074E-03-5.35594163E-02 3.61031030E-02-5.83290506E-02
22  7-8.77576778E-03-4.78476520E-02 4.03690296E-02-1.06068648E-01 2.87710974E-02
22  8 1.40272268E-01 2.29886347E-01-1.07009634E-01 2.96030526E-02 1.59764772E-01
22  9-1.64531374E-03-1.58589364E-02-1.28210817E-02 2.91559936E-02-7.95238183E-02
22 10 6.93456092E-02 3.50060256E-01-1.51119991E-02 8.91384975E-03 3.44310616E-01
22 11 3.46047635E-01-2.47004238E-02 3.71618736E-04 1.78133581E-02-9.58225224E-03
22 12-9.07899053E-03-6.60098228E-03-1.01152589E-01-9.94796614E-02-7.11120935E-04
22 13 3.90080001E-03-1.12866640E-01 4.62342959E-02 2.03116469E-02 1.88699160E-02
22 14 7.16818445E-02-2.08309184E-01-1.75742772E-01-1.51661060E-02-2.52186114E-03
22 15-6.43374700E-02-6.08214613E-02
23  1 8.65939633E-03-5.16999579E-02-4.70643318E-03-5.01682959E-02-1.58576289E-01
23  2 4.86794385E-02 1.12985106E-02 1.06177999E-01 3.39355043E-01 1.53727126E-01
23  3-3.97485476E-03 7.13750230E-02 1.93809178E-01 6.21666525E-03 1.12713097E-02
23  4-1.08780584E-01-1.36353440E-01-1.42396941E-01-1.05908049E-01-1.36557421E-01
23  5-1.35080980E-01-1.59210830E-01 5.99353895E-03-1.30528709E-02 1.35715080E-01
23  6 1.93837719E-02 7.17408569E-02 2.00971156E-02 1.05857678E-01 1.74870740E-02
23  7 1.43870398E-01-3.68536307E-02 3.28014941E-02-1.32129633E-02 9.81384603E-02
23  8 2.31890484E-01 1.62161655E-01-1.69298194E-02 1.05896393E-01 2.47839521E-01
23  9 9.87333279E-02 8.43165131E-02 5.80579156E-02 6.92173340E-02-1.38113612E-03
23 10 1.19721851E-03-3.91718694E-02-8.51946716E-02-5.12122737E-02 1.40288166E-02
23 11-3.07326290E-02-9.21639875E-02-4.66598963E-02-3.93974862E-03 5.69832535E-03
23 12 4.24905963E-02-5.50078284E-02-3.66127822E-02 1.51163353E-02 5.40292864E-02
23 13-5.50133098E-02-5.27168021E-02-1.21598446E-02-1.61270933E-02 2.43967690E-02
23 14 9.33436670E-03 3.29468828E-02 2.89569935E-02 8.69563394E-02 7.48105158E-02
23 15-5.75805144E-02-3.88821757E-02
24  1 5.96715273E-04-3.61020133E-03-1.77733147E-02-2.41377216E-02-8.16985494E-03
24  2-1.07347681E-04 3.82400925E-02 5.14552393E-02 1.82925770E-02 2.29161280E-02
24  3 2.69843033E-02 3.73369370E-02 6.79644673E-04-7.20580775E-03 1.61646881E-03
24  4 2.27093615E-02 6.42835081E-03-2.96212766E-02 7.64815089E-02 6.11402806E-03
24  5 2.71922638E-02-7.04604898E-02 1.14230234E-02-5.20940777E-03-9.93125777E-02
24  6 3.76575220E-02 5.57966317E-02-1.07021445E-01 8.95845471E-03 4.08961781E-02
24  7 1.10634935E-02 2.03825057E-02-1.43558367E-02 1.44562509E-01-2.42012501E-02
24  8 5.76485837E-02-1.02223273E-01 1.62379088E-01-4.72294238E-02 8.53061798E-02
24  9-1.50800799E-02-3.79237592E-02 1.55845179E-02 3.04337683E-02-4.16546197E-02
24 10 3.67539399E-02 1.09569435E-01-1.33702577E-01 8.87737661E-03 1.92015730E-01
24 11 1.07657903E-01-1.54981718E-01 1.40398908E-02-7.32197447E-02 6.38461477E-02
24 12 1.73372097E-01 1.60983863E-01 2.78968868E-01 3.23345683E-01 1.98588598E-01
24 13 1.84540295E-01 3.06474545E-01-1.07559080E-01-8.89856896E-02-9.91156251E-02
24 14-9.16998939E-02-6.51896600E-02-7.73078672E-02-8.64521689E-02-6.79083623E-02
24 15 2.73919720E-02 9.28242442E-02
25  1 1.99397280E-03-1.17931243E-02-5.82579567E-02-8.78387066E-02-2.61753450E-02
25  2 1.68704342E-02 1.24557536E-01 1.89317053E-01 5.55444379E-02 2.35870723E-02
25  3 1.00236009E-01 1.42784343E-01 3.86021789E-02-2.66568371E-02 2.90451103E-02
25  4 1.95254940E-02 4.30057813E-02-1.01866417E-01 1.52982848E-01 1.84433011E-02
25  5 3.78864064E-02-1.17384574E-01 4.40924607E-03 6.62103847E-03-1.30102385E-01
25  6 3.88779234E-02 9.39752919E-02-8.35086683E-02 1.01996596E-02 6.11444702E-02
25  7 6.68379702E-02 4.33248256E-02-4.21471356E-02 2.97705378E-01 2.56899785E-02
25  8-6.61248101E-02-1.65338598E-01 3.35309364E-01 2.60905813E-02-7.91086245E-02
25  9 9.70910164E-03-3.26220404E-02 1.76618915E-02 4.58522230E-03-2.59723474E-02
25 10 1.98161189E-02 9.96479887E-02-3.18569423E-02-1.09599455E-01 1.30129527E-01
25 11 9.89896287E-02-3.16824863E-02-1.16864767E-01 4.77065740E-02-4.18836942E-02
25 12-1.80930174E-01-6.75879791E-02-1.02522351E-01-2.17810014E-01-2.10480209E-01
25 13-7.04395325E-02-1.00882570E-01 6.61163241E-02 5.04872602E-02 4.90421123E-02
25 14 8.24621160E-02-5.39480403E-02-4.84582269E-02-1.11469222E-01-1.51678085E-01
25 15 8.55166222E-02 1.76413766E-02
26  1-1.98925515E-04 1.15827163E-03-2.12061333E-01-1.32996278E-01 7.89693986E-02
26  2-3.99295908E-03 4.56400475E-01 2.86410919E-01-1.69331383E-01 4.09236601E-03
26  3 3.89553445E-01 2.43112083E-01-1.49246644E-01 1.13676617E-03-3.92221736E-03
26  4-9.95705601E-02-6.55139298E-02 3.67464482E-02 2.23086574E-03-3.78491381E-02
26  5-2.43023194E-02 8.64120609E-03 1.84767235E-02-2.31567222E-02 6.69789746E-02
26  6 4.67432831E-02-8.34366980E-02-8.27198922E-02 9.30716170E-03 6.12635710E-02
26  7-6.20629128E-02-1.07235994E-02 1.07640942E-02-1.15354227E-01-3.62460550E-02
26  8-2.35557325E-02 3.80197903E-02-1.38477332E-01-3.65222986E-02-2.67845474E-02
26  9 8.55007487E-02 1.13105035E-01 1.10628611E-03 7.82738996E-04 4.74453717E-03
26 10-4.63162967E-03-1.86318000E-03 6.53549750E-02-2.61843315E-03-2.22357325E-02
26 11 1.30180288E-03 7.50845392E-02 2.26554379E-03-7.08870244E-03 6.96918972E-03
26 12 5.61133360E-02 3.37573100E-02 4.28878016E-03 2.80259848E-02 6.62121619E-02
26 13 3.81247379E-02 4.45032693E-03-4.39603198E-03-2.45325917E-03-1.42990006E-02
26 14-3.31569044E-03 4.50414784E-03 1.50845495E-02 5.07108298E-02 9.09860916E-02
26 15-3.13116501E-02-2.59706962E-02
27  1-5.43142937E-06 1.66421336E-05 1.63503006E-01-2.16100016E-01 5.06525079E-02
27  2-4.45146622E-04-3.52098406E-01 4.65355368E-01-1.08823507E-01 6.65540967E-04
27  3-3.01458945E-01 3.96994008E-01-9.33444267E-02 6.55864409E-04-4.76507360E-03
27  4 8.07412976E-02-9.70336806E-02 2.36788721E-02 1.53159945E-02 5.30430737E-02
27  5-4.08577308E-02 2.08055230E-03 1.04842916E-02-1.20693695E-02 1.27123505E-02
27  6 2.25210849E-02-6.05737916E-02-4.82267753E-02 1.93766410E-02 2.23390767E-02
27  7-5.59293983E-02-4.08481036E-03 1.35084599E-03-2.44089345E-02-3.07191532E-02
27  8-1.32820274E-02 2.82786253E-02-2.81756324E-02-3.88018069E-02-1.06046370E-02
27  9-6.15924021E-02-5.89221322E-02 9.77804478E-02 1.05194559E-01 7.31419669E-03
27 10-7.51227017E-03-2.41193985E-02 3.05093384E-02 3.97177369E-02-3.14521681E-02
27 11-2.71342345E-02 3.57300893E-02 4.78936396E-02-2.62887970E-03 1.97969724E-03
27 12 2.13629295E-02 3.48122873E-03-4.83632483E-03 1.37967843E-02 2.46235983E-02
27 13 1.63189392E-03-5.86981948E-03-2.07675576E-03-3.07396836E-04-3.24883960E-03
27 14-9.62152500E-03 9.48052161E-03 9.27156262E-03-3.12119825E-03-1.03530268E-02
27 15-1.58029024E-02-1.55003487E-02
28  1 1.26009484E-04-9.79824402E-04-1.73134340E-02 6.91390065E-03 4.55825308E-02
28  2-2.84609855E-03 3.75433628E-02-1.51598461E-02-9.91100381E-02 2.17789996E-02
28  3 2.87243151E-02-1.69297307E-02-9.57916081E-02 4.40155362E-03-1.10947362E-02
28  4-1.12604325E-02 2.67663187E-02 2.47947345E-02-9.28374977E-07-1.40513651E-02
28  5-5.12418546E-03-3.29198225E-02 1.83728446E-03-1.02170330E-03-4.04470314E-02
28  6-1.45917688E-02-6.12476023E-02 2.67241830E-03-1.75403922E-02-1.30538003E-02
28  7-3.79688639E-02 6.00544320E-04-4.28232717E-03 1.76522897E-01 9.69455180E-02
28  8-2.04709046E-03 3.07828257E-02 2.11545857E-01 1.29375912E-01-1.48112333E-03
28  9-5.96233124E-03-2.41595606E-02-3.41002848E-02-3.57718909E-02 5.02817337E-03
28 10-6.62569425E-03-5.54968349E-02-1.01537070E-01 2.23344978E-01-1.29602570E-02
28 11-6.66073632E-02-1.21901785E-01 2.61996796E-01-5.76045402E-03 2.76299906E-03
28 12 2.88823951E-01-1.08871249E-01-2.44319844E-01 3.99707716E-02 3.42549736E-01
28 13-1.32358726E-01-2.85754041E-01-5.77934142E-03-2.35745286E-03 1.23508651E-02
28 14-3.22245717E-02 8.52195180E-03-2.26121591E-02-5.50520192E-02-6.14690539E-02
28 15 1.61585338E-02-9.29704928E-02
29  1-3.01936480E-04 1.49865674E-03-2.44549132E-02 5.87954615E-03 4.32290221E-02
29  2-1.57701280E-02 5.38877309E-02-1.50681753E-02-9.10967942E-02 3.73602028E-02
29  3 3.83792641E-02-1.55029374E-03-1.09408559E-01 1.43677314E-02-1.96538268E-02
29  4-1.48663785E-02-3.47680757E-02 4.36702026E-02-5.49614855E-02-2.26681599E-02
29  5-4.50300875E-02-6.02479337E-03 9.62634957E-03-2.35014114E-02-2.88054360E-02
29  6-1.78680244E-02-8.37710699E-02 3.27448048E-02-3.74365172E-02 1.65608813E-02
29  7-5.66031467E-02-3.55345199E-03 7.89687807E-03 9.47186690E-02 1.07601925E-01
29  8 2.82416462E-01-2.27303225E-02 1.05430550E-01 1.26863162E-01 3.31200258E-01
29  9-9.20491536E-03-1.64168572E-02-3.63493093E-03-3.05663404E-04 1.13920093E-02
29 10-1.60553347E-02-6.52928374E-02 9.49218838E-02 2.82069842E-01-3.04220402E-02
29 11-7.36376473E-02 1.17066778E-01 3.29948326E-01 4.31571439E-03-6.82327329E-03
29 12-2.37075010E-01-1.52295432E-02 1.29949122E-01 3.72154304E-03-2.79089577E-01
29 13-3.11034641E-02 1.46236529E-01 1.50561392E-03 3.00415890E-03 1.81065208E-02
29 14-6.92469039E-02 9.67154237E-03-2.07080444E-02-5.72847100E-02-6.39109360E-02
29 15-2.27028771E-02 5.10806200E-02
30  1-2.15777176E-04 1.54045579E-03 7.08925373E-03 8.46419448E-03-3.40262287E-02
30  2 2.35904654E-03-1.51840519E-02-1.88738644E-02 7.47238803E-02-2.51011030E-02
30  3-1.33853275E-02-6.62889848E-03 7.82545798E-02-1.71132872E-02 2.56672253E-02
30  4 2.86129646E-02 2.10710655E-02-5.01959815E-02 8.94728624E-02 4.61741915E-02
30  5 9.35907016E-03 1.70134830E-02-2.01311590E-03-4.94097154E-04-4.94471336E-02
30  6-4.90158315E-02 9.76349906E-03 4.21557190E-02-6.08143114E-02 3.03217191E-02
30  7-5.65902640E-03 4.83136755E-03-5.65924847E-04 8.98577819E-02 1.05754633E-01
30  8 9.62836918E-02-5.06500831E-02 9.60272689E-02 1.35886663E-01 1.07759198E-01
30  9-4.34297523E-03-2.13994837E-02 1.80425838E-02-3.04321511E-02 6.08512094E-03
30 10-6.57271712E-03 2.17790625E-02 4.35731943E-01-1.14182038E-01-1.52763130E-02
30 11 2.01944306E-02 4.96170231E-01-1.27860253E-01-2.63121855E-03 7.41028954E-03
30 12 1.74347054E-01 1.09779019E-01-4.04950833E-02-2.29465855E-02 2.11125514E-01
30 13 1.38433107E-01-4.00122616E-02 8.67013264E-03 3.71957016E-03-2.01721062E-02
30 14 8.16935979E-02 6.81001109E-03-3.68074664E-02-5.73486389E-02-5.95596159E-02
30 15 5.86468807E-03-3.30358789E-04
 $END   
 $GRAD  
E=     -762.2879117086  GMAX=   0.0544451  GRMS=   0.0142599
CL          17.    4.2773125941E-05    3.2818250940E-04   -2.0705124727E-05
C            6.    1.2420793345E-04    2.5138911528E-05    1.4846030475E-04
C            6.    5.8016974146E-03    2.9189450667E-02    5.4445115396E-02
O            8.   -2.3686605563E-05   -3.1325868186E-04   -1.6602755858E-04
H            1.    2.4085218366E-05   -6.7733357037E-05   -2.5274572460E-05
H            1.    2.7266355546E-05    2.7683989208E-06   -1.2654969129E-05
O            8.   -6.7547825510E-03   -3.2809980794E-02   -5.2319196635E-02
O            8.    5.0517325640E-03   -4.7728569512E-04   -8.7893338266E-03
H            1.    3.0285274199E-05    1.2673870004E-04    4.2474199280E-05
H            1.    8.5631614283E-04    3.7935125879E-03   -1.7804958556E-03
H            1.    3.3376808901E-05   -3.6897308590E-05   -1.9885794620E-04
H            1.    2.0257732081E-05   -7.5611094558E-05    1.9670132413E-04
H            1.   -5.2335290319E-03    3.1497516109E-04    8.4797952330E-03
 $END
----- RESULTS FROM SUCCESSFUL RHF      GEOMETRY SEARCH -----
----- COORDS, ORBS, GRADIENT, AND APPROX. HESSIAN -----
 COORDINATES OF SYMMETRY UNIQUE ATOMS (ANGS)
   ATOM   CHARGE       X              Y              Z
 ------------------------------------------------------------
 CL         17.0   3.1219124657   0.7073125244   0.4507164203
 C           6.0   2.8000110247   0.1337735042  -1.3284972988
 C           6.0   3.3223706422   1.1788366561  -2.2569984140
 O           8.0   2.5665878047   2.3099363369  -2.2872711988
 H           1.0   1.7216825924   0.0284313662  -1.4040929101
 H           1.0   3.3286568840  -0.8049556645  -1.4441343606
 O           8.0   3.1578147616   0.3351462840  -3.8384875599
 O           8.0   3.8854204748   2.8635183417  -4.5445310837
 H           1.0   3.4043887345   3.3106595069  -5.2764338551
 H           1.0   3.6901103983   1.8762595145  -4.6011351634
 H           1.0   2.1721431649   0.4009136546  -3.9586449437
 H           1.0   4.4032008962   1.2877575622  -2.2696120232
 H           1.0   2.9689567280   2.9096508631  -2.9959943574
--- OPTIMIZED RHF      MO-S --- GENERATED AT 22:12:57 29-JUL-2026    
E=     -762.2879117086, E(NUC)=  306.4899188280
 $VEC   
 1  1-9.85802793E-01-5.34283622E-02 1.92967864E-05 3.67912796E-05 1.72605004E-04
 1  2 1.87704822E-02-5.92371546E-05-1.12976771E-04-6.48542423E-04-1.02699767E-02
 1  3 2.22146735E-04 4.43344944E-04 1.80341558E-03 3.04155428E-05 4.17097187E-04
 1  4 3.17301975E-06 1.33448027E-05 1.51114424E-04-8.75273166E-04 2.17543156E-05
 1  5-4.14545247E-04 1.50429575E-03-9.14446783E-05-6.94618039E-04 3.62143860E-06
 1  6-1.42169809E-05-3.58375295E-04 2.37584280E-03-6.20476427E-04-1.28846722E-04
 1  7 1.64354745E-03 2.09008596E-05 1.59496549E-04 1.67031144E-05-2.53865025E-05
 1  8-3.69672340E-07-7.03630891E-04-1.64206821E-04 3.31531693E-04-1.97590477E-04
 1  9-1.50510908E-04 8.37236352E-04-2.01669545E-04 7.42383337E-04-9.40293527E-06
 1 10-9.07631985E-05-1.04061758E-05-7.76217999E-06-3.50574979E-05 2.83838702E-04
 1 11 5.09038856E-05 6.49300842E-05 1.74596894E-04 9.46130819E-07 3.36923674E-06
 1 12 2.41189339E-06 3.00677952E-06-2.75903244E-05-5.25939166E-05-2.22468727E-06
 1 13 5.87213065E-06 8.30720287E-05 3.21021312E-05-2.39988886E-05-5.03906602E-05
 1 14 2.06629691E-04 2.39806680E-06 1.85264522E-06-2.31927530E-04 1.87287672E-04
 1 15 2.20224057E-05-4.37810709E-05
 2  1 8.25286160E-06-6.44083060E-05-2.48422271E-05 8.82838686E-06 5.59298565E-05
 2  2 6.18218602E-04 1.68238714E-04-3.67755499E-05-3.36494214E-04-7.72971956E-04
 2  3-7.95316807E-04 2.46532661E-04 5.91399432E-04 1.64653046E-04 5.37826353E-04
 2  4-5.25415085E-04-5.49292288E-04 4.50625005E-04-5.25336718E-03 4.44477829E-03
 2  5-3.70872517E-03 1.63028248E-03-7.34894884E-04-3.01289398E-03-5.24674917E-04
 2  6 2.36712934E-03 4.49713352E-05 2.16070205E-02-1.16100843E-02 8.90445979E-03
 2  7-7.02080973E-04 9.82649717E-01 1.05547889E-01 3.13004885E-03-1.75072878E-03
 2  8-1.73775136E-03-5.39792222E-02-8.56594398E-03 7.39255558E-03 4.00438260E-03
 2  9 9.37793777E-04 2.06737690E-03-6.69080162E-04-4.53546991E-04 7.38029087E-03
 2 10 1.88772104E-03-3.49921020E-04 5.16634993E-04 3.32386859E-04-3.01038774E-03
 2 11 1.45688428E-03-2.35565974E-03-1.78637229E-03 4.68126502E-03 1.34380096E-03
 2 12-2.15893124E-04-2.23086850E-05 6.28104727E-04-1.82770647E-03 8.16016394E-04
 2 13 1.77820296E-04-2.21955380E-03 1.23999861E-04-7.23371946E-04 4.29885379E-04
 2 14-5.99075837E-04 9.14587944E-04-8.19041305E-04-6.82176618E-04 1.06159580E-03
 2 15 3.05575450E-03 6.76518786E-03
 3  1-6.56788964E-06 4.11115442E-05 8.43172882E-06 2.96210353E-05-3.75480313E-05
 3  2-7.98744082E-04-4.83090278E-05-1.71905170E-04 2.83950739E-04 1.46562265E-03
 3  3 1.50991262E-04 4.87235838E-04-1.37006538E-03 2.14038263E-04 7.68306571E-04
 3  4-1.04638601E-04-1.64311920E-04 7.88957584E-04-6.72175465E-03-1.20680339E-03
 3  5-2.06998267E-03 2.44315036E-03-9.36144468E-04-5.27881994E-03-9.89131964E-05
 3  6 8.90260214E-04 5.37233864E-04 1.78664226E-02-2.44188784E-03-5.24185911E-03
 3  7-5.42094831E-03-7.19306642E-03 4.17289214E-04-8.67590625E-05-4.17920192E-04
 3  8-3.89636345E-04-3.32990294E-03-2.66115365E-04 2.92466914E-03 1.88974850E-03
 3  9 7.42557189E-04-1.02821072E-03 2.64029658E-04 3.05994311E-04 9.82199145E-01
 3 10 1.02558742E-01-2.20874125E-03 1.73641596E-03 1.28179586E-03-4.27091155E-02
 3 11 4.44048796E-03-4.77347315E-03-4.11279030E-03 1.94131206E-02 3.07467130E-03
 3 12-2.59356053E-05-6.01429452E-04-1.85152341E-05-3.97988749E-03 1.69923893E-04
 3 13 2.64956062E-03 1.01293006E-05 3.67197759E-04-1.18563839E-03-1.83657545E-04
 3 14 5.81824338E-03 3.30519271E-03 6.05885440E-03-1.28164072E-03-1.77768609E-03
 3 15 5.07448109E-04-1.15161125E-03
 4  1 8.23033882E-08-4.38601883E-07 7.07744096E-06-1.92274978E-06 1.56260996E-07
 4  2 7.35612025E-06-3.64694588E-05 8.36803241E-06 1.40867218E-06-3.67597435E-05
 4  3 5.87977147E-05 8.06147347E-06 1.86781024E-05 7.65260156E-06 9.61517443E-05
 4  4-4.32444702E-05 4.53302458E-05-6.84326207E-05-2.01353479E-04 1.13645293E-04
 4  5-4.99394297E-05 1.29653945E-04 6.54214688E-05 4.14084303E-04 2.12274872E-05
 4  6-7.24899977E-05-4.40677707E-05-1.37919159E-03 3.86978901E-04-7.26129983E-04
 4  7 4.22943951E-04-4.36465085E-03 4.02442910E-04 3.43547529E-05 4.23513402E-04
 4  8-2.32782230E-04-2.36602416E-03-2.84493553E-04-1.87844924E-03 1.28518134E-03
 4  9-2.84486904E-05 2.82460338E-04 5.94113921E-05-1.70974806E-04-1.92408958E-02
 4 10-1.03273116E-03 3.64992818E-04 5.45265426E-04-4.23768919E-04-1.10595625E-03
 4 11-1.18756204E-03-1.99154334E-03 1.43239836E-03 9.82173032E-01 1.02745024E-01
 4 12-2.17624249E-03-1.43486855E-03-1.68191253E-03-4.34331061E-02 4.58430503E-03
 4 13 3.65717486E-03 3.18773949E-03 2.92239337E-03 6.11604078E-03 2.33443611E-03
 4 14 9.60421736E-03 5.26224214E-04-1.50378423E-03 2.06337557E-04-5.01183511E-04
 4 15-4.90879077E-04 5.21175526E-03
 5  1-7.89164346E-05 1.01244578E-04 1.64595415E-06-5.31017170E-05 2.18403914E-04
 5  2 2.41994120E-03-1.89129189E-05 3.54467307E-04-1.50795467E-03-3.24687524E-03
 5  3 4.64611110E-04-1.60355577E-05 2.53473250E-03 8.90637379E-03 4.00249498E-03
 5  4 3.20851661E-04 5.07371637E-04-1.30595819E-04-2.57868663E-02-6.19513021E-03
 5  5-1.06741487E-02 1.21234105E-02-9.86492633E-01-1.10070612E-01 3.50755883E-04
 5  6 9.20623031E-04 4.39094343E-04 8.26961538E-02-1.93450577E-03-1.22081630E-02
 5  7 4.59657810E-03-2.20204147E-05 2.42984815E-04-3.09858551E-04-3.84017832E-04
 5  8 1.70526700E-04-6.81732850E-03 1.11842339E-03 2.72482853E-03-1.03654405E-03
 5  9 1.41744047E-03-1.63663221E-03 1.57360349E-03-1.16408531E-03 3.66622306E-04
 5 10 2.59287747E-03 1.43124250E-04 1.82556877E-04 5.14328450E-04-9.00726070E-03
 5 11-9.47878964E-04-2.98539864E-03-6.87059951E-03-2.64948997E-05-2.25040196E-04
 5 12-3.27624859E-05-1.08408775E-04 3.19015337E-05 8.01272133E-04-2.36076066E-05
 5 13 1.88837559E-04 1.30869655E-04-2.88659953E-04 4.87185270E-04 4.29041698E-04
 5 14-1.07612533E-03 1.38582706E-03-3.50097696E-03 5.93410229E-04-1.59667224E-02
 5 15-1.76902967E-04-2.69823966E-03
 6  1-2.74839091E-05-1.62464796E-04 5.86834857E-05 1.02209374E-04 3.37867672E-04
 6  2-2.13779868E-03-3.41301092E-04-5.94756987E-04-1.91185702E-03 1.28231775E-02
 6  3-1.22527225E-03-2.14544379E-03-8.57891527E-03 9.86477281E-01 1.11842147E-01
 6  4 3.44458871E-04 6.78437655E-04 1.11507829E-03-9.04158860E-02-2.85084189E-03
 6  5-6.00750329E-03 2.45338933E-03 8.35199059E-03-1.86151452E-03 4.05962614E-04
 6  6 4.69577626E-04-6.99603610E-05 2.33322766E-02-5.62782674E-03-1.01947960E-02
 6  7 8.88653427E-03 3.65407887E-05-1.11283681E-05-1.64734895E-05 5.05313144E-04
 6  8-3.22223404E-04-1.32352408E-03-1.19564341E-05-4.23511450E-04 5.38514102E-04
 6  9-1.03404569E-04 1.54819812E-02-1.73879521E-04 1.54394171E-02 1.73357172E-05
 6 10-5.10364109E-05 1.94019925E-04 1.93065985E-04-3.28268924E-04-5.39187588E-04
 6 11-6.19370266E-04-6.47187897E-04 1.80669187E-04 1.63059314E-05 1.20987001E-04
 6 12-4.01332465E-05 4.79820924E-05-1.27784968E-04-5.90078982E-04 1.92110417E-04
 6 13-3.28242318E-05 3.78075770E-04 3.06873156E-04-2.68825437E-04-2.28297216E-04
 6 14 1.31500363E-03-3.87518864E-04-7.92147866E-05-1.15275715E-03 1.36190379E-03
 6 15 4.56864100E-04 1.31163090E-03
 7  1-3.05122277E-01 9.77073759E-01-1.45469305E-03-2.77581623E-03-8.45477599E-03
 7  2 1.54268268E-01-6.03738606E-04-1.14534931E-03-5.20618992E-03-6.76794697E-02
 7  3 1.58353743E-03 3.11749832E-03 1.20363230E-02-3.07313701E-05 1.70563514E-03
 7  4-5.09619660E-05-2.22351523E-05 4.88538060E-04-3.02602598E-03 4.59233035E-04
 7  5-1.90572897E-03 9.93277312E-03-1.11138783E-04-3.69801490E-03 3.24027303E-05
 7  6-1.06943834E-04-2.05910963E-03 1.30871643E-02-3.64704622E-03-6.46926357E-04
 7  7 9.51738001E-03 1.07241251E-04 7.77696503E-04 7.12789693E-05-1.41011316E-04
 7  8 7.49904521E-06-3.85628408E-03-8.83920649E-04 1.88960186E-03-1.13701392E-03
 7  9-9.63232051E-04 5.05093420E-03-1.25598635E-03 4.45058120E-03-5.58331827E-05
 7 10-5.10160800E-04-5.51534180E-05-3.70204109E-05-2.15351834E-04 1.72415245E-03
 7 11 2.96070865E-04 3.83029244E-04 1.18103822E-03 5.62500334E-06 2.48060884E-05
 7 12 1.27424347E-05 1.11934225E-05-1.33713197E-04-3.13247417E-04-1.52210909E-05
 7 13 5.77733940E-05 4.40929731E-04 1.69074999E-04-1.48370549E-04-2.75199000E-04
 7 14 1.20675762E-03-4.28345660E-05 1.49001186E-04-1.27377372E-03 1.29478991E-03
 7 15 8.22804348E-05-2.36241008E-04
 8  1 3.21302453E-03-1.08787074E-02-1.59394744E-01-2.86408761E-01-9.13678757E-01
 8  2 3.22527963E-03-1.46051776E-02-2.62444885E-02-8.50467069E-02-4.82321570E-03
 8  3 4.73903669E-03 8.65044649E-03 2.93262763E-02 6.84785353E-04 4.43925376E-03
 8  4 3.36476835E-05 1.26215859E-04 4.50110666E-04-9.53192898E-03-9.58222005E-04
 8  5-3.45974523E-03 3.33716354E-03-4.13812585E-04-2.88189265E-03-2.33685202E-05
 8  6-8.60841578E-05-8.31603551E-04 1.20260428E-02-2.39158078E-03-1.47431656E-03
 8  7 7.68431219E-03 7.25976215E-05 4.45472004E-04 7.43228298E-05 3.51410428E-05
 8  8-4.17123529E-05-2.59227564E-03-7.25590930E-04 9.66655196E-04-6.12496361E-04
 8  9 2.53949572E-04 3.95082151E-03 4.93721286E-05 3.55033664E-03-2.30159570E-05
 8 10-1.70591927E-04-3.39077234E-05-7.74584523E-05 1.25940637E-05 8.70127864E-04
 8 11 1.73694630E-04 4.18846967E-04 1.90388491E-04 5.19722765E-06 2.63873450E-05
 8 12 2.06137163E-06 1.92615526E-05-9.44890324E-05-2.63753920E-04 1.71769188E-05
 8 13 4.45806221E-06 3.14057457E-04 1.41593884E-04-1.22209177E-04-2.26394278E-04
 8 14 9.20052663E-04 1.90383900E-04-4.02070971E-04-9.85988304E-04 3.83471913E-04
 8 15 1.42878477E-04 1.00162420E-04
 9  1-2.04680413E-05 1.13860181E-04-5.77737040E-01-7.10906185E-01 3.23449098E-01
 9  2-4.14434120E-04-5.17957524E-02-6.37747739E-02 2.94783682E-02-2.46728584E-04
 9  3 1.62250650E-02 2.00424570E-02-9.02383227E-03-2.47850947E-05-1.51649563E-04
 9  4 4.11974784E-05-3.48581878E-05-5.23186740E-04 8.00991028E-04-7.72252253E-04
 9  5 5.21565835E-04 2.21118839E-03 1.69258061E-04 1.39085692E-03 3.11894044E-05
 9  6 1.84563124E-04 9.60876971E-04-2.90707256E-03 5.31077852E-04-2.01644323E-03
 9  7-4.50956065E-03-4.22105534E-05-2.41700609E-04-9.82448087E-05-1.73613906E-05
 9  8 6.75564735E-05 1.63242038E-03 7.67133028E-04-4.77214528E-04 3.09820730E-04
 9  9-5.86697463E-04 1.56997954E-03-1.27275113E-04 1.16629279E-03 3.79136519E-05
 9 10 2.84107865E-04 6.56097836E-05 8.95719871E-05 8.34178423E-05-1.10774817E-03
 9 11-3.13101404E-04-5.26423547E-04-7.08043333E-04 1.02711739E-06 1.30338799E-05
 9 12-1.78263979E-05-6.66504465E-06 3.06790024E-05 2.31080815E-05 5.48618011E-05
 9 13 1.60576433E-06-1.13636993E-04-2.12509994E-05 2.52634814E-05 6.90950860E-05
 9 14-2.79514845E-04 7.71586386E-05-4.02857738E-04 9.05542783E-04-1.22297247E-03
 9 15-1.79327315E-04 2.34285984E-04
10  1-2.33936594E-05 7.03888991E-05-7.64655372E-01 5.96957308E-01-5.36996828E-02
10  2 4.44416154E-05-6.83758123E-02 5.34133341E-02-4.88643034E-03 1.05175605E-04
10  3 2.08512685E-02-1.64315752E-02 1.45864340E-03 1.44787498E-06 2.38302038E-05
10  4 5.82305053E-05-2.05211335E-05 9.60701802E-05 1.82926646E-04-1.51844238E-03
10  5 1.11075372E-03-5.87062607E-04-4.18895918E-05-4.69778510E-04 6.42322294E-05
10  6-1.94125177E-04-9.94708865E-05 1.21511110E-03 7.12599895E-04 7.44514989E-04
10  7 2.33224043E-04 1.41572585E-06-6.20974569E-05 3.39209010E-05 6.49873294E-05
10  8-3.02974234E-04-2.43243364E-04-2.66297363E-04-1.50653128E-04 8.80605944E-04
10  9-6.51196192E-04 1.45045264E-03 7.68799566E-04-1.74818676E-03-7.74156193E-06
10 10-7.49100215E-05-2.77713276E-05 3.72192093E-05-3.70549745E-05 2.49660377E-04
10 11 6.49823306E-05-1.16091087E-04 1.51403308E-04 4.89066916E-06 4.31278303E-05
10 12-7.90844621E-06-8.90893491E-06 1.26162327E-05-1.31693681E-04 3.35119325E-05
10 13 5.07746695E-05-5.11046447E-05 1.56611103E-05-5.31975883E-05-3.24889656E-05
10 14 1.78502634E-04 1.14854496E-04-2.30675623E-04 1.26258767E-04-1.38851740E-03
10 15 2.09759770E-04 2.02748732E-04
11  1 2.12200003E-03-1.20270029E-02 4.69643321E-04 6.12081519E-05 3.67093766E-03
11  2 1.51120264E-02-9.50740694E-04-3.52943733E-04-6.61779210E-03 5.33561698E-03
11  3 2.45746022E-03 1.66070983E-03 9.14571515E-04-2.22073281E-02 1.97073777E-02
11  4 4.20662191E-03 1.96589065E-02-1.25773282E-02 4.11825822E-02-2.04180495E-02
11  5 1.66605776E-02 4.21604137E-03-9.54119904E-02 1.03972546E-01-5.95458343E-02
11  6 8.39151847E-02-3.29079342E-03 1.43858521E-01 2.04166587E-02-1.67783825E-02
11  7 1.18782365E-03-2.08925042E-01 1.91583837E-01 8.37422558E-02-4.88693862E-02
11  8-4.17874371E-02 6.50148613E-01 9.33188856E-02-5.59077054E-02-4.90663849E-02
11  9 4.90100745E-03-8.65107927E-03 7.64879722E-03 3.23058493E-03-3.50217945E-02
11 10 3.27620193E-02-1.07446565E-02 9.66849562E-03 1.00027916E-02 9.92198997E-02
11 11-1.57321084E-02 1.47219927E-02 5.58725148E-03-2.47153593E-02 2.08705774E-02
11 12-7.94190183E-03-5.48398439E-03-2.04355922E-03 7.70058515E-02-1.12205696E-02
11 13-7.40320143E-03 5.16021055E-03 9.94986372E-03 4.03309724E-03 1.34226905E-02
11 14 4.86154389E-03 1.64655104E-02 5.09660071E-03 2.36414580E-02-1.60524702E-02
11 15 8.41021628E-02 8.81087773E-03
12  1 6.44725793E-04-3.68482184E-03 1.48956897E-04 2.50765824E-05 9.20514087E-04
12  2 4.86478024E-03-3.36112668E-04-1.16137790E-04-1.83827831E-03 1.88645322E-03
12  3 6.53081641E-04 6.35374660E-04 1.63113335E-04-3.02527392E-03 4.52859249E-03
12  4 2.66553207E-04 3.64019840E-03-2.47559006E-04-7.07387631E-03-6.42264378E-03
12  5-1.99540415E-03 7.08338821E-03-1.10917572E-02 1.27649811E-02-1.14596589E-02
12  6 1.97266599E-02 6.82577794E-03 2.16922249E-02-2.82498219E-03-1.24647615E-02
12  7 1.62794645E-02-3.52764198E-02 3.22668837E-02 1.21603682E-02-1.10168402E-02
12  8-1.11853673E-03 1.18700638E-01 1.55984537E-02-8.59688618E-03-3.03357800E-03
12  9 1.26472324E-03-1.38214455E-03 1.54050468E-03 1.32580365E-04 3.37469573E-02
12 10-3.02473631E-02 1.03713308E-02-7.22971566E-03 9.04626698E-04-1.05679279E-01
12 11 7.45148006E-03-1.20615329E-02 2.35726372E-03 2.23887730E-01-2.09352819E-01
12 12 6.25270575E-02 3.73348987E-02 6.36188277E-02-6.91005861E-01 6.33089279E-02
12 13 4.17877853E-02 6.07337229E-02-1.16846923E-01-2.58316501E-02-1.07459913E-01
12 14-1.64691702E-02-1.67034827E-02-7.05205695E-03 2.98670765E-03-5.92229317E-03
12 15-2.49880894E-03-1.05474327E-02
13  1 1.82329980E-03-1.04706799E-02 1.94142761E-04 6.83786438E-04 2.55172731E-03
13  2 1.40135756E-02-3.10387313E-04-1.09004364E-03-5.68575229E-03 8.64977943E-03
13  3-9.34280516E-04-1.72342531E-03-3.88516469E-04-1.89314888E-02 1.67123427E-02
13  4 4.59945681E-03 3.71101232E-03-1.27175815E-02 4.60967381E-02 3.34762536E-03
13  5-5.39517101E-03-1.30309949E-02-2.33195257E-02 2.76654087E-02 5.61916318E-03
13  6-5.01404872E-02-3.17665814E-02 6.19772221E-02-4.81183405E-03-1.15880908E-02
13  7-1.28792452E-02 4.91769399E-02-4.67655201E-02-1.72803427E-02-6.04868608E-03
13  8 9.45517269E-03-1.61747671E-01-2.00218710E-02-6.37861871E-04 5.86224488E-03
13  9 6.50632047E-03 2.05988940E-06 7.05070288E-03-1.39759380E-03-2.21254807E-01
13 10 2.10175721E-01-8.56253329E-02 2.45324438E-02 1.58569089E-02 6.84987260E-01
13 11-7.97489356E-02 2.78235227E-02 2.12075723E-02 4.15367891E-02-3.78879235E-02
13 12 1.17475928E-02 2.92237149E-04 1.23203258E-02-1.34977345E-01 1.18721740E-02
13 13 3.96623619E-03 1.18175660E-02-2.37188890E-02-6.73367729E-03-1.84591485E-03
13 14 1.19736516E-02 1.29014796E-01 2.95927956E-02 1.14657850E-02 3.95454643E-03
13 15-2.92387472E-02-8.88617617E-03
14  1 6.16533335E-02-3.55637998E-01 7.22155111E-03 1.32435155E-02 4.52793756E-02
14  2 4.54075469E-01-1.47000910E-02-2.66137986E-02-9.15210152E-02 3.02710636E-01
14  3-6.66913867E-04-2.97490648E-03-7.71562516E-03-1.30427825E-01 1.12945566E-01
14  4 1.80040973E-02 3.13306291E-02 3.45601137E-02 3.97528278E-01 1.92371585E-02
14  5 3.09376112E-02 4.03073552E-02-4.43225012E-02 5.20894538E-02-6.13158665E-03
14  6-5.02938688E-02 5.81037020E-02 6.33924840E-02 8.42833537E-03-2.39018064E-03
14  7-5.08653089E-03 3.31663677E-02-3.06446294E-02-9.70106925E-03-2.10593131E-02
14  8 2.48856821E-02-1.15490487E-01-1.18942403E-02-1.11474685E-02 2.27260198E-02
14  9 5.38319306E-02-1.42828721E-02 5.42246412E-02-1.61329998E-02 2.85177754E-02
14 10-2.60688088E-02 1.41840193E-02-2.66983480E-03 8.96863597E-03-9.60115370E-02
14 11 1.24359200E-02-6.61229465E-03 2.58850740E-03-6.37717619E-03 5.93294716E-03
14 12-9.91571630E-04 3.51482553E-04-4.30261327E-03 2.26563103E-02-4.10224678E-04
14 13-5.10317645E-04-5.61796400E-03 4.45478104E-03 2.31325872E-03 1.20586252E-03
14 14-7.32682499E-03-1.91535095E-02-7.13998278E-03 2.20633200E-02-5.76404774E-03
14 15-2.72742942E-02-1.24308629E-02
15  1-5.04562320E-02 2.93795592E-01-5.60896555E-04-1.03507928E-03 9.99899945E-03
15  2-3.62373998E-01 1.82892493E-03 4.02890028E-03-1.80098291E-02-3.49302050E-01
15  3 3.72779324E-03 4.80303036E-03 1.71791260E-02-1.18166050E-01 1.22929326E-01
15  4 1.92325280E-02 3.29730266E-02-1.09552144E-01 3.13701663E-01 5.10191093E-03
15  5-9.85585440E-04-3.21962952E-02-1.18470268E-01 1.23145025E-01-1.07818157E-02
15  6-8.02123592E-02 7.30116292E-02 3.16551535E-01 1.83401270E-03-3.99044483E-02
15  7 3.13922236E-02 4.85955221E-02-4.35236823E-02-1.25651586E-03-7.92882611E-02
15  8 4.89427653E-02-1.90857164E-01-7.66268403E-03-5.29228760E-02 3.90181242E-02
15  9 6.46503385E-02 4.27230960E-03 6.76146928E-02 4.08613164E-04 3.82387505E-02
15 10-3.41269345E-02 2.96689736E-02 2.76688052E-03 3.84146450E-02-1.38800889E-01
15 11 2.42998650E-02-2.87932184E-03 1.97609282E-02-5.78528914E-03 5.33083307E-03
15 12 7.98603077E-04 1.34232682E-03-8.24745021E-03 2.25699422E-02 2.14523460E-03
15 13-5.56748968E-04-8.27036085E-03 6.24877475E-03 3.75085913E-03-4.54632066E-04
15 14-9.38101391E-03-3.32414450E-02-2.38944048E-02 6.47274838E-02-1.84190184E-03
15 15-6.17102989E-02-3.32113379E-02
16  1 1.77593489E-02-1.04447196E-01-1.40229079E-02-2.18353454E-02-2.79402104E-02
16  2 1.28745206E-01 2.81233063E-02 4.43536900E-02 5.43309855E-02 1.55826860E-01
16  3 1.36395346E-02 1.79906642E-02 1.06288585E-02 1.16668135E-01-1.04572128E-01
16  4 7.92357706E-02 1.15971662E-01-2.25755922E-02-4.46942618E-01 3.45206997E-02
16  5 4.20353949E-02-2.15187254E-03-1.29821205E-01 1.31581861E-01 8.79192817E-02
16  6 7.25835195E-02-5.53484103E-03 4.55553902E-01 6.70110734E-02 3.12718015E-03
16  7 1.40123207E-02 5.07315611E-02-4.65935064E-02 6.43840183E-02-1.44915576E-01
16  8 6.54431829E-02-2.07274644E-01 5.15287185E-02-1.19442433E-01 5.54081799E-02
16  9-1.21015789E-01-4.27975170E-02-1.05634292E-01-3.59461362E-02 1.20219574E-02
16 10-9.86491915E-03 4.82512292E-02 2.86555296E-02 3.79167150E-02-5.17579455E-02
16 11 3.79901448E-02 2.26947912E-02 2.23898806E-02-1.01352677E-03 1.01753482E-03
16 12 6.96697387E-03-1.34372292E-02-4.24443202E-03 5.15624554E-03 8.57586129E-03
16 13-1.25728252E-02-2.44207154E-03-2.83047786E-03-2.08421146E-03 1.13113383E-02
16 14 5.70757658E-03-3.68149951E-02-3.29514448E-02 1.36915452E-01 3.42161441E-02
16 15-8.83758223E-02-6.37579682E-02
17  1 1.51308689E-03-8.94493546E-03 1.32111890E-02-1.25911403E-02-3.63687976E-03
17  2 9.57173441E-03-2.71770243E-02 2.55493710E-02 7.78742953E-03 1.69540346E-02
17  3-1.55106542E-02 1.56327560E-02-4.67689947E-04 1.34298651E-02-9.13073265E-03
17  4-1.13618365E-01 9.77552981E-02-7.91583244E-03-7.62751395E-02-1.04542634E-01
17  5 7.00731558E-02 4.06382551E-03 1.44019246E-02-7.38891707E-03-2.57006092E-01
17  6 8.58001667E-02 5.24825934E-02-7.06510167E-02-1.68446346E-01 8.45039816E-03
17  7 5.81248668E-02-1.36023202E-02 1.48337443E-02-4.71408392E-02-2.45313067E-01
17  8 1.45491333E-01 5.04917838E-02-4.29146988E-02-2.19668630E-01 1.32207666E-01
17  9 4.56717687E-02 2.07853421E-02-8.17020614E-02-3.05314721E-02 9.06618115E-04
17 10-1.92600069E-04-7.64612663E-02-1.71581878E-02-3.23679853E-02-2.70267133E-03
17 11-6.65663544E-02-1.31487304E-02-2.48434771E-02-6.64105932E-03 8.61905304E-03
17 12-4.97751911E-03 5.30458270E-02-7.32265830E-02 2.10100254E-02-4.34558308E-04
17 13 4.62234990E-02-7.51618711E-02 5.56173254E-02 3.47575307E-02-3.11770049E-02
17 14-2.56958882E-02 5.14050372E-02 3.58478197E-02-1.36508173E-01-6.73641021E-02
17 15-1.56235727E-01-1.01210024E-01
18  1 1.10505954E-03-6.59143265E-03-1.46554814E-02-3.95873595E-03-2.76156856E-03
18  2 7.52599592E-03 3.05511350E-02 8.14845925E-03 5.09182404E-03 1.65280153E-02
18  3 1.73849726E-02 4.20922261E-03-1.22053592E-03 8.41511961E-03-4.72052115E-03
18  4 9.25766628E-02 6.57914170E-03-2.28070761E-02-6.73986677E-02 6.47623513E-02
18  5-1.71364676E-02-1.66153136E-02-7.57504600E-03 8.46413838E-03 6.05457337E-02
18  6-5.57478516E-02 3.59033096E-02 4.08310649E-02 2.47848004E-02-5.35918869E-02
18  7 6.33829559E-02-1.41366376E-02 1.29895149E-02-1.16821780E-02 8.27573679E-02
18  8 1.32247472E-03 5.88451792E-02-9.51707937E-03 7.80766537E-02 3.16420468E-03
18  9-5.87662377E-02-3.09982674E-02 1.80705230E-02 9.64947672E-03-8.75474455E-03
18 10 1.07633999E-02-4.45421153E-02-5.91449071E-02 2.36387140E-02 3.17849861E-02
18 11-4.24110752E-02-6.39045197E-02 2.76378024E-02 2.31672372E-03-7.20759966E-04
18 12-6.89980689E-02 3.35259137E-01-1.59412790E-01-1.28965059E-02-5.96350906E-02
18 13 3.06133890E-01-1.46352874E-01 2.08398625E-01 1.53324433E-01-2.04063903E-01
18 14-1.63621806E-01 2.96931515E-02 1.94501456E-02 3.31766249E-02 1.15498215E-02
18 15 2.46224750E-02 2.89598033E-02
19  1 4.22269016E-03-2.50465401E-02 3.39757332E-02 2.69037089E-02-4.89936984E-02
19  2 2.88261503E-02-7.16136489E-02-5.56868329E-02 1.03453473E-01 5.03141051E-02
19  3-4.69481750E-02-4.51489811E-02 5.77412378E-02 2.47327367E-03-2.91129973E-03
19  4-2.17417191E-01-1.79427539E-01 4.25249153E-02 1.66358338E-02-1.75400465E-01
19  5-1.36334801E-01 1.56743242E-02-1.70237049E-02 1.54570147E-02 2.37508423E-02
19  6 1.58688701E-01-2.25258629E-01 7.90594924E-02 4.26583621E-02 7.01559582E-02
19  7-1.88384771E-01 3.92186388E-02-3.79779849E-02 1.11990010E-01-1.29006820E-01
19  8-1.12809831E-01-1.50993478E-01 1.12747919E-01-1.32788715E-01-1.11446735E-01
19  9 1.44211174E-01 9.21961928E-02 2.87081215E-02 2.16709623E-02-3.12254132E-04
19 10-2.75524037E-04 8.48683924E-02 5.13100072E-02 8.85344727E-02-2.77726344E-03
19 11 7.16555241E-02 4.72406953E-02 8.34522254E-02 5.88490727E-03-6.60130877E-03
19 12-2.67486706E-02 1.09320233E-01-3.73193284E-02-2.14419996E-02-2.71105904E-02
19 13 1.01490732E-01-2.38301398E-02 6.25472414E-02 5.15667938E-02-5.99567288E-02
19 14-4.58307718E-02-6.27060883E-02-5.17092226E-02 4.05547544E-02 1.82785515E-02
19 15-4.68073941E-03-2.82932489E-02
20  1-1.21211211E-02 7.18385036E-02-9.45842727E-04 5.16510468E-02 8.42084299E-02
20  2-9.09130947E-02 1.78355914E-03-1.09264846E-01-1.76594631E-01-1.27146769E-01
20  3 6.96864588E-03-5.99261729E-02-9.99342874E-02-1.26621850E-02-1.61330343E-03
20  4 7.75997778E-02-1.53872163E-01 1.92201628E-01 1.14330974E-01 7.40762738E-02
20  5-9.76529985E-02 1.45821221E-01 2.09171890E-02-1.21738139E-02 1.04444791E-01
20  6 2.51670661E-01 4.00135062E-02-1.09899291E-01 1.20903892E-01 1.77922732E-01
20  7 5.41578354E-02 4.75466698E-04-2.80272641E-03 1.47298279E-01-8.90076071E-02
20  8 1.35414427E-01 1.54743528E-02 1.48330550E-01-9.53407368E-02 1.35216846E-01
20  9-4.06318712E-02-3.12504853E-02 1.06566003E-01 6.68363123E-02-8.76543666E-03
20 10 8.34061431E-03-8.08544226E-02-2.59859080E-02-1.44726712E-01 4.10943036E-02
20 11-7.36818657E-02-2.59263968E-02-1.35205062E-01 1.32997923E-03 1.82105153E-04
20 12 9.21783569E-03-6.24568912E-03-3.06240062E-02-8.83603521E-03 1.26854304E-02
20 13-3.61734066E-03-3.29327784E-02 1.02972269E-02 5.23942928E-03 6.66966504E-03
20 14 1.18256664E-02 6.90665642E-02 5.96661287E-02 5.78831999E-02 2.62477540E-02
20 15-7.03326254E-02-7.22296542E-02
21  1 7.54326694E-03-4.47476922E-02-5.87453325E-02 2.49438289E-02-6.91578587E-02
21  2 5.32379359E-02 1.23812603E-01-5.23135523E-02 1.46661502E-01 8.69752397E-02
21  3 7.80187602E-02-4.11460163E-02 8.13311090E-02 7.84676619E-03 1.02144333E-03
21  4 2.34047301E-01-2.09106843E-01-8.29314377E-02-7.07623016E-02 2.13762723E-01
21  5-1.92917786E-01-6.33750412E-02 6.04842852E-03-8.52999935E-03-1.35035107E-01
21  6-1.59637357E-02-7.78873970E-02-1.18225017E-02-1.41037202E-01-4.53018511E-02
21  7-5.89879811E-02-2.17866110E-02 1.92802961E-02-7.14286506E-02-1.49431998E-01
21  8-8.94112323E-03 9.47129947E-02-6.57337102E-02-1.45510714E-01-1.37844894E-02
21  9-1.41103864E-01-7.68688779E-02 1.95684116E-01 1.29189246E-01 5.84195176E-03
21 10-6.47130845E-03 3.45718674E-02 1.60678776E-02 6.57811845E-02-2.44020715E-02
21 11 3.24861159E-02 1.76807095E-02 6.27021650E-02 7.89633566E-04-1.73574073E-04
21 12 9.06648571E-03-4.07624015E-02-2.51641499E-02-3.71809301E-03 8.54182975E-03
21 13-4.16511837E-02-2.91329694E-02-5.27469118E-03-5.74020265E-03 2.27948801E-02
21 14 1.78993169E-02-3.32192353E-02-2.91939840E-02-9.11413194E-02-4.55185621E-02
21 15-6.94049133E-02-6.42006183E-02
22  1-4.32814490E-03 2.56795614E-02 2.06384790E-02 1.34999097E-02 4.79595563E-02
22  2-3.60174251E-02-4.30403413E-02-3.04568740E-02-9.99710219E-02-4.35766242E-02
22  3-3.14773389E-02-8.62738669E-03-7.04452075E-02 2.69078041E-03-6.24953876E-03
22  4-1.15750197E-02 9.01048889E-04 7.99833651E-02-2.77832894E-02-4.27077968E-02
22  5 3.52777561E-02 8.13750437E-02 2.90300604E-02-3.93658121E-02 2.19051616E-02
22  6-1.12938189E-02-9.81966074E-03-5.35594163E-02 3.61031030E-02-5.83290506E-02
22  7-8.77576778E-03-4.78476520E-02 4.03690296E-02-1.06068648E-01 2.87710974E-02
22  8 1.40272268E-01 2.29886347E-01-1.07009634E-01 2.96030526E-02 1.59764772E-01
22  9-1.64531374E-03-1.58589364E-02-1.28210817E-02 2.91559936E-02-7.95238183E-02
22 10 6.93456092E-02 3.50060256E-01-1.51119991E-02 8.91384975E-03 3.44310616E-01
22 11 3.46047635E-01-2.47004238E-02 3.71618736E-04 1.78133581E-02-9.58225224E-03
22 12-9.07899053E-03-6.60098228E-03-1.01152589E-01-9.94796614E-02-7.11120935E-04
22 13 3.90080001E-03-1.12866640E-01 4.62342959E-02 2.03116469E-02 1.88699160E-02
22 14 7.16818445E-02-2.08309184E-01-1.75742772E-01-1.51661060E-02-2.52186114E-03
22 15-6.43374700E-02-6.08214613E-02
23  1 8.65939633E-03-5.16999579E-02-4.70643318E-03-5.01682959E-02-1.58576289E-01
23  2 4.86794385E-02 1.12985106E-02 1.06177999E-01 3.39355043E-01 1.53727126E-01
23  3-3.97485476E-03 7.13750230E-02 1.93809178E-01 6.21666525E-03 1.12713097E-02
23  4-1.08780584E-01-1.36353440E-01-1.42396941E-01-1.05908049E-01-1.36557421E-01
23  5-1.35080980E-01-1.59210830E-01 5.99353895E-03-1.30528709E-02 1.35715080E-01
23  6 1.93837719E-02 7.17408569E-02 2.00971156E-02 1.05857678E-01 1.74870740E-02
23  7 1.43870398E-01-3.68536307E-02 3.28014941E-02-1.32129633E-02 9.81384603E-02
23  8 2.31890484E-01 1.62161655E-01-1.69298194E-02 1.05896393E-01 2.47839521E-01
23  9 9.87333279E-02 8.43165131E-02 5.80579156E-02 6.92173340E-02-1.38113612E-03
23 10 1.19721851E-03-3.91718694E-02-8.51946716E-02-5.12122737E-02 1.40288166E-02
23 11-3.07326290E-02-9.21639875E-02-4.66598963E-02-3.93974862E-03 5.69832535E-03
23 12 4.24905963E-02-5.50078284E-02-3.66127822E-02 1.51163353E-02 5.40292864E-02
23 13-5.50133098E-02-5.27168021E-02-1.21598446E-02-1.61270933E-02 2.43967690E-02
23 14 9.33436670E-03 3.29468828E-02 2.89569935E-02 8.69563394E-02 7.48105158E-02
23 15-5.75805144E-02-3.88821757E-02
24  1-5.96715273E-04 3.61020133E-03 1.77733147E-02 2.41377216E-02 8.16985494E-03
24  2 1.07347681E-04-3.82400925E-02-5.14552393E-02-1.82925770E-02-2.29161280E-02
24  3-2.69843033E-02-3.73369370E-02-6.79644673E-04 7.20580775E-03-1.61646881E-03
24  4-2.27093615E-02-6.42835081E-03 2.96212766E-02-7.64815089E-02-6.11402806E-03
24  5-2.71922638E-02 7.04604898E-02-1.14230234E-02 5.20940777E-03 9.93125777E-02
24  6-3.76575220E-02-5.57966317E-02 1.07021445E-01-8.95845471E-03-4.08961781E-02
24  7-1.10634935E-02-2.03825057E-02 1.43558367E-02-1.44562509E-01 2.42012501E-02
24  8-5.76485837E-02 1.02223273E-01-1.62379088E-01 4.72294238E-02-8.53061798E-02
24  9 1.50800799E-02 3.79237592E-02-1.55845179E-02-3.04337683E-02 4.16546197E-02
24 10-3.67539399E-02-1.09569435E-01 1.33702577E-01-8.87737661E-03-1.92015730E-01
24 11-1.07657903E-01 1.54981718E-01-1.40398908E-02 7.32197447E-02-6.38461477E-02
24 12-1.73372097E-01-1.60983863E-01-2.78968868E-01-3.23345683E-01-1.98588598E-01
24 13-1.84540295E-01-3.06474545E-01 1.07559080E-01 8.89856896E-02 9.91156251E-02
24 14 9.16998939E-02 6.51896600E-02 7.73078672E-02 8.64521689E-02 6.79083623E-02
24 15-2.73919720E-02-9.28242442E-02
25  1-1.99397280E-03 1.17931243E-02 5.82579567E-02 8.78387066E-02 2.61753450E-02
25  2-1.68704342E-02-1.24557536E-01-1.89317053E-01-5.55444379E-02-2.35870723E-02
25  3-1.00236009E-01-1.42784343E-01-3.86021789E-02 2.66568371E-02-2.90451103E-02
25  4-1.95254940E-02-4.30057813E-02 1.01866417E-01-1.52982848E-01-1.84433011E-02
25  5-3.78864064E-02 1.17384574E-01-4.40924607E-03-6.62103847E-03 1.30102385E-01
25  6-3.88779234E-02-9.39752919E-02 8.35086683E-02-1.01996596E-02-6.11444702E-02
25  7-6.68379702E-02-4.33248256E-02 4.21471356E-02-2.97705378E-01-2.56899785E-02
25  8 6.61248101E-02 1.65338598E-01-3.35309364E-01-2.60905813E-02 7.91086245E-02
25  9-9.70910164E-03 3.26220404E-02-1.76618915E-02-4.58522230E-03 2.59723474E-02
25 10-1.98161189E-02-9.96479887E-02 3.18569423E-02 1.09599455E-01-1.30129527E-01
25 11-9.89896287E-02 3.16824863E-02 1.16864767E-01-4.77065740E-02 4.18836942E-02
25 12 1.80930174E-01 6.75879791E-02 1.02522351E-01 2.17810014E-01 2.10480209E-01
25 13 7.04395325E-02 1.00882570E-01-6.61163241E-02-5.04872602E-02-4.90421123E-02
25 14-8.24621160E-02 5.39480403E-02 4.84582269E-02 1.11469222E-01 1.51678085E-01
25 15-8.55166222E-02-1.76413766E-02
26  1-1.98925515E-04 1.15827163E-03-2.12061333E-01-1.32996278E-01 7.89693986E-02
26  2-3.99295908E-03 4.56400475E-01 2.86410919E-01-1.69331383E-01 4.09236601E-03
26  3 3.89553445E-01 2.43112083E-01-1.49246644E-01 1.13676617E-03-3.92221736E-03
26  4-9.95705601E-02-6.55139298E-02 3.67464482E-02 2.23086574E-03-3.78491381E-02
26  5-2.43023194E-02 8.64120609E-03 1.84767235E-02-2.31567222E-02 6.69789746E-02
26  6 4.67432831E-02-8.34366980E-02-8.27198922E-02 9.30716170E-03 6.12635710E-02
26  7-6.20629128E-02-1.07235994E-02 1.07640942E-02-1.15354227E-01-3.62460550E-02
26  8-2.35557325E-02 3.80197903E-02-1.38477332E-01-3.65222986E-02-2.67845474E-02
26  9 8.55007487E-02 1.13105035E-01 1.10628611E-03 7.82738996E-04 4.74453717E-03
26 10-4.63162967E-03-1.86318000E-03 6.53549750E-02-2.61843315E-03-2.22357325E-02
26 11 1.30180288E-03 7.50845392E-02 2.26554379E-03-7.08870244E-03 6.96918972E-03
26 12 5.61133360E-02 3.37573100E-02 4.28878016E-03 2.80259848E-02 6.62121619E-02
26 13 3.81247379E-02 4.45032693E-03-4.39603198E-03-2.45325917E-03-1.42990006E-02
26 14-3.31569044E-03 4.50414784E-03 1.50845495E-02 5.07108298E-02 9.09860916E-02
26 15-3.13116501E-02-2.59706962E-02
27  1 5.43142937E-06-1.66421336E-05-1.63503006E-01 2.16100016E-01-5.06525079E-02
27  2 4.45146622E-04 3.52098406E-01-4.65355368E-01 1.08823507E-01-6.65540967E-04
27  3 3.01458945E-01-3.96994008E-01 9.33444267E-02-6.55864409E-04 4.76507360E-03
27  4-8.07412976E-02 9.70336806E-02-2.36788721E-02-1.53159945E-02-5.30430737E-02
27  5 4.08577308E-02-2.08055230E-03-1.04842916E-02 1.20693695E-02-1.27123505E-02
27  6-2.25210849E-02 6.05737916E-02 4.82267753E-02-1.93766410E-02-2.23390767E-02
27  7 5.59293983E-02 4.08481036E-03-1.35084599E-03 2.44089345E-02 3.07191532E-02
27  8 1.32820274E-02-2.82786253E-02 2.81756324E-02 3.88018069E-02 1.06046370E-02
27  9 6.15924021E-02 5.89221322E-02-9.77804478E-02-1.05194559E-01-7.31419669E-03
27 10 7.51227017E-03 2.41193985E-02-3.05093384E-02-3.97177369E-02 3.14521681E-02
27 11 2.71342345E-02-3.57300893E-02-4.78936396E-02 2.62887970E-03-1.97969724E-03
27 12-2.13629295E-02-3.48122873E-03 4.83632483E-03-1.37967843E-02-2.46235983E-02
27 13-1.63189392E-03 5.86981948E-03 2.07675576E-03 3.07396836E-04 3.24883960E-03
27 14 9.62152500E-03-9.48052161E-03-9.27156262E-03 3.12119825E-03 1.03530268E-02
27 15 1.58029024E-02 1.55003487E-02
28  1-1.26009484E-04 9.79824402E-04 1.73134340E-02-6.91390065E-03-4.55825308E-02
28  2 2.84609855E-03-3.75433628E-02 1.51598461E-02 9.91100381E-02-2.17789996E-02
28  3-2.87243151E-02 1.69297307E-02 9.57916081E-02-4.40155362E-03 1.10947362E-02
28  4 1.12604325E-02-2.67663187E-02-2.47947345E-02 9.28374977E-07 1.40513651E-02
28  5 5.12418546E-03 3.29198225E-02-1.83728446E-03 1.02170330E-03 4.04470314E-02
28  6 1.45917688E-02 6.12476023E-02-2.67241830E-03 1.75403922E-02 1.30538003E-02
28  7 3.79688639E-02-6.00544320E-04 4.28232717E-03-1.76522897E-01-9.69455180E-02
28  8 2.04709046E-03-3.07828257E-02-2.11545857E-01-1.29375912E-01 1.48112333E-03
28  9 5.96233124E-03 2.41595606E-02 3.41002848E-02 3.57718909E-02-5.02817337E-03
28 10 6.62569425E-03 5.54968349E-02 1.01537070E-01-2.23344978E-01 1.29602570E-02
28 11 6.66073632E-02 1.21901785E-01-2.61996796E-01 5.76045402E-03-2.76299906E-03
28 12-2.88823951E-01 1.08871249E-01 2.44319844E-01-3.99707716E-02-3.42549736E-01
28 13 1.32358726E-01 2.85754041E-01 5.77934142E-03 2.35745286E-03-1.23508651E-02
28 14 3.22245717E-02-8.52195180E-03 2.26121591E-02 5.50520192E-02 6.14690539E-02
28 15-1.61585338E-02 9.29704928E-02
29  1 3.01936480E-04-1.49865674E-03 2.44549132E-02-5.87954615E-03-4.32290221E-02
29  2 1.57701280E-02-5.38877309E-02 1.50681753E-02 9.10967942E-02-3.73602028E-02
29  3-3.83792641E-02 1.55029374E-03 1.09408559E-01-1.43677314E-02 1.96538268E-02
29  4 1.48663785E-02 3.47680757E-02-4.36702026E-02 5.49614855E-02 2.26681599E-02
29  5 4.50300875E-02 6.02479337E-03-9.62634957E-03 2.35014114E-02 2.88054360E-02
29  6 1.78680244E-02 8.37710699E-02-3.27448048E-02 3.74365172E-02-1.65608813E-02
29  7 5.66031467E-02 3.55345199E-03-7.89687807E-03-9.47186690E-02-1.07601925E-01
29  8-2.82416462E-01 2.27303225E-02-1.05430550E-01-1.26863162E-01-3.31200258E-01
29  9 9.20491536E-03 1.64168572E-02 3.63493093E-03 3.05663404E-04-1.13920093E-02
29 10 1.60553347E-02 6.52928374E-02-9.49218838E-02-2.82069842E-01 3.04220402E-02
29 11 7.36376473E-02-1.17066778E-01-3.29948326E-01-4.31571439E-03 6.82327329E-03
29 12 2.37075010E-01 1.52295432E-02-1.29949122E-01-3.72154304E-03 2.79089577E-01
29 13 3.11034641E-02-1.46236529E-01-1.50561392E-03-3.00415890E-03-1.81065208E-02
29 14 6.92469039E-02-9.67154237E-03 2.07080444E-02 5.72847100E-02 6.39109360E-02
29 15 2.27028771E-02-5.10806200E-02
30  1-2.15777176E-04 1.54045579E-03 7.08925373E-03 8.46419448E-03-3.40262287E-02
30  2 2.35904654E-03-1.51840519E-02-1.88738644E-02 7.47238803E-02-2.51011030E-02
30  3-1.33853275E-02-6.62889848E-03 7.82545798E-02-1.71132872E-02 2.56672253E-02
30  4 2.86129646E-02 2.10710655E-02-5.01959815E-02 8.94728624E-02 4.61741915E-02
30  5 9.35907016E-03 1.70134830E-02-2.01311590E-03-4.94097154E-04-4.94471336E-02
30  6-4.90158315E-02 9.76349906E-03 4.21557190E-02-6.08143114E-02 3.03217191E-02
30  7-5.65902640E-03 4.83136755E-03-5.65924847E-04 8.98577819E-02 1.05754633E-01
30  8 9.62836918E-02-5.06500831E-02 9.60272689E-02 1.35886663E-01 1.07759198E-01
30  9-4.34297523E-03-2.13994837E-02 1.80425838E-02-3.04321511E-02 6.08512094E-03
30 10-6.57271712E-03 2.17790625E-02 4.35731943E-01-1.14182038E-01-1.52763130E-02
30 11 2.01944306E-02 4.96170231E-01-1.27860253E-01-2.63121855E-03 7.41028954E-03
30 12 1.74347054E-01 1.09779019E-01-4.04950833E-02-2.29465855E-02 2.11125514E-01
30 13 1.38433107E-01-4.00122616E-02 8.67013264E-03 3.71957016E-03-2.01721062E-02
30 14 8.16935979E-02 6.81001109E-03-3.68074664E-02-5.73486389E-02-5.95596159E-02
30 15 5.86468807E-03-3.30358789E-04
31  1-1.90108249E-02 1.16801335E-01-2.29753622E-02-4.31495256E-02-1.58405852E-01
31  2-1.61313797E-01 5.00225522E-02 9.55159016E-02 3.52166960E-01-3.57438957E-01
31  3 9.81675041E-02 1.74766570E-01 5.93276609E-01-7.22014808E-02 5.05391414E-02
31  4 5.16133382E-02 9.80826792E-02 3.12456092E-01 5.09309298E-01 1.17748441E-01
31  5 1.74423495E-01 5.79828782E-01 3.10705952E-02-4.29646976E-02 5.32850804E-02
31  6 1.23960520E-01 1.98332182E-01-7.90719566E-02 2.83087871E-02 1.21146956E-01
31  7 2.17815430E-01 5.31499543E-03 2.11553134E-04-4.63382184E-02-4.00359690E-02
31  8-8.44799113E-02-5.26436778E-02-7.20659625E-02-4.57367470E-02-1.20995484E-01
31  9 1.02820540E-02 9.40942044E-03 5.15075007E-03 2.29778445E-03-4.21293888E-02
31 10 3.76275550E-02-2.04494197E-02 6.17148391E-02 2.14449522E-01 2.50211332E-01
31 11-3.69116635E-02 9.86957547E-02 2.87670251E-01-4.16341568E-03 1.64286879E-03
31 12 4.81503474E-04-1.88890868E-02-9.12151103E-03 3.38272823E-02-4.40470462E-03
31 13-3.11530601E-02-1.10998174E-02-4.90007788E-03-9.89027897E-03-7.12530236E-03
31 14-4.26110792E-02-1.08103444E-02-1.03647679E-01-1.42229159E-02-2.63367229E-02
31 15 1.83577943E-02 2.71945961E-02
32  1 7.89956331E-03-5.02144305E-02 2.78538714E-02 4.14289099E-02 5.86048854E-02
32  2 1.28943060E-02-6.55518802E-02-9.29112812E-02-1.20628026E-01 3.71567928E-01
32  3-9.72277361E-02-1.77968995E-01-4.33115507E-01 8.61957935E-02-4.65101440E-02
32  4-3.35435948E-02-4.23256357E-02-2.20562025E-01-9.06978703E-01-3.08367108E-02
32  5-1.37202985E-01-5.22065340E-01 5.72322472E-02-7.10857137E-02 3.03655427E-02
32  6 1.44541237E-01 3.83407075E-01-3.15803517E-01-6.39228852E-02 2.07445019E-01
32  7 6.29843234E-01 1.45088697E-02-4.63139301E-03-3.99834431E-02-8.22023803E-02
32  8-1.15928620E-01-1.36203875E-01-7.17702801E-02-9.91839299E-02-1.81867021E-01
32  9 3.57847403E-02 3.01383381E-01 4.19686433E-02 2.87210955E-01-4.28772327E-02
32 10 3.33888362E-02 2.75955283E-02 1.40964826E-01 1.89512498E-01 2.91603063E-01
32 11 4.12053874E-02 2.11053801E-01 3.07935656E-01 5.64888837E-03-3.83773732E-03
32 12 1.41152195E-02-5.73137325E-03-9.00561121E-03-4.70701962E-02 1.67402479E-02
32 13 1.36240055E-03-1.13071034E-02-3.82171225E-03 1.29812664E-02 4.08264592E-03
32 14 5.05279718E-02-2.23649346E-02-2.11880753E-02 1.05271134E-02 2.35910602E-01
32 15 4.75554616E-02 1.27676670E-01
33  1-4.95476056E-03 3.01179868E-02-1.33893914E-03-5.52069063E-04-2.31377964E-02
33  2-7.32632615E-02 1.01713259E-03 8.85568679E-04 5.53055640E-02-1.69910708E-02
33  3 2.34300508E-02-8.16133901E-04 8.21717675E-02 1.23187998E-02-1.42303562E-02
33  4 3.24259381E-03 8.97526066E-02 7.43914209E-02-1.66652815E-01-2.86669218E-02
33  5 3.59538743E-01 6.58866575E-02 2.62158363E-02-1.42225942E-02-1.26979424E-01
33  6 3.76589540E-02-4.66544028E-02-4.23725427E-01-2.98599335E-01 1.02675913E-01
33  7-1.06605532E-01 5.18797542E-02-4.11533507E-02-3.05571138E-02-9.95371091E-03
33  8 1.07526681E-01-3.91564169E-01-6.62175324E-02-2.29581948E-02 1.83832974E-01
33  9-4.31907750E-02 1.36598452E-02 4.75553317E-02 5.13399946E-01 4.65735249E-02
33 10-3.94658806E-02 9.14078119E-02-8.11466385E-02 5.05728161E-02-3.37470770E-01
33 11 1.96635353E-01-1.11340439E-01 8.04288651E-02 9.15227239E-02-6.62092831E-02
33 12 1.29052037E-01 1.14142662E-02 6.33507178E-02-7.03368863E-01 2.32234559E-01
33 13 9.76098243E-03 1.48638573E-01 9.23219927E-02 6.72814402E-01 6.05923270E-02
33 14 3.29954016E-01 5.12404378E-02 4.52528582E-01 3.80451685E-03 5.02556433E-01
33 15 8.15692349E-02 4.25497338E-01
34  1-4.07133216E-03 2.46625099E-02-1.26870933E-03-1.00502904E-02-1.25248409E-02
34  2-6.31276255E-02 1.01409877E-02 2.61227696E-02 2.87205916E-02-1.14663710E-02
34  3-6.73135522E-02 1.19668763E-02 6.38999165E-02 5.95438819E-02-3.32267578E-02
34  4 2.11894082E-01 4.28229620E-02 7.57543022E-02-8.26487851E-01 7.49539571E-01
34  5 1.20908958E-01 1.30270984E-01 1.00873268E-02-1.47285187E-02 1.02241046E-01
34  6-6.72132499E-02-3.67972703E-03-2.39829264E-02 2.31243766E-01-1.94035842E-01
34  7-1.13470684E-02-3.68321117E-02 1.45184266E-02 9.38566061E-02-1.20951954E-02
34  8-1.37701196E-02 3.52397666E-01 1.42306557E-01-7.43164312E-02-4.02812337E-02
34  9 9.86049492E-02 1.32657934E+00-4.21162246E-02-2.78619039E-02 4.69749254E-02
34 10-2.45087334E-02 1.69403454E-01 1.05403752E-02 3.61994403E-02-4.28468320E-01
34 11 3.14327328E-01 5.12734266E-03 5.56335443E-02-2.05841174E-02 1.68463382E-02
34 12-2.80477425E-02 4.43721889E-02 3.77611476E-03 1.44571475E-01-6.06683986E-02
34 13 7.27721992E-02-1.82071716E-02-3.42160731E-02-1.96659586E-01 6.06114870E-03
34 14 3.63216573E-02 9.32137751E-02 7.23947652E-01-6.34987989E-02-3.32226634E-01
34 15-4.96224203E-02-2.15626161E-01
35  1 5.26126223E-03-3.18381289E-02 1.62534753E-03 4.25761609E-03 1.44927664E-02
35  2 9.19698207E-02 1.07566851E-03-1.69830351E-02-3.70439435E-02-5.69039849E-03
35  3-5.53173135E-02 4.86688151E-02-5.98970007E-02-5.83936465E-02 2.72684100E-02
35  4 8.67825982E-02-2.08372841E-01-5.97657649E-02 8.36811697E-01 2.97395941E-01
35  5-7.34091204E-01-1.67928913E-01-1.47682622E-02 1.57105824E-03 1.53649212E-01
35  6-3.38474680E-03 9.80939790E-02 3.54697604E-01 3.79037576E-01 6.49202320E-02
35  7 1.60926792E-01-2.48456613E-02 2.10750589E-02-1.92469550E-02-6.15880108E-02
35  8-1.02127831E-02 1.67753312E-01-2.90588873E-02-9.48574138E-02-4.68092908E-02
35  9 3.03176363E-02 1.00512906E-02-1.06892634E-01-1.35777863E+00-4.07788370E-03
35 10 3.02574819E-03-1.22885176E-02-1.80851684E-02 6.13818866E-02 3.18304363E-02
35 11-3.00177518E-02-6.48907315E-03 7.95450484E-02 5.62568877E-02-3.23318041E-02
35 12 8.26425107E-02-1.17575786E-02 1.45541242E-01-4.99707052E-01 1.50545175E-01
35 13-2.97076919E-02 2.51311067E-01 7.75121121E-02 6.50353885E-01 5.54624862E-02
35 14 2.22937583E-01-1.52912693E-02-1.49507984E-03-4.87746308E-02-6.41013473E-01
35 15-3.81431039E-02-1.01271741E-01
36  1 2.10464744E-03-1.20931210E-02 1.70792174E-02 5.62811888E-03-4.31980015E-03
36  2 6.18885428E-02-4.96188165E-02-1.94530069E-02 5.48624014E-03-7.99049969E-02
36  3 9.71021050E-03 2.34069041E-02 6.67439732E-02-1.02033413E-01 4.75190656E-02
36  4-1.37959211E-02-1.84129915E-02-5.30617694E-02 1.29187059E+00 1.25956148E-01
36  5-1.27913943E-02-2.80949113E-01 1.47548084E-01-1.00677188E-01-1.00402552E-01
36  6-3.33036671E-02 1.89364333E-02-1.66318275E+00-3.46925258E-01 1.66254760E-02
36  7-1.36380153E-01-5.83555337E-02 4.35706014E-02 1.19455864E-01-4.84921589E-02
36  8-3.35218067E-02 4.73144348E-01 2.36187411E-01-9.54312235E-02-6.53364509E-02
36  9-3.08442393E-02-5.15611879E-01-5.85303901E-02-6.68879980E-01 1.48153565E-02
36 10-7.49628561E-03 8.40097339E-02 3.77169196E-02 8.40501189E-02-1.44596171E-01
36 11 1.72872148E-01 4.49442564E-02 1.38791901E-01-1.43128281E-02 1.09695862E-02
36 12-5.38680886E-02 6.39310472E-02-1.34532531E-03 1.05111922E-01-7.34869153E-02
36 13 1.02952583E-01-3.35599360E-03-8.63254332E-03-2.13623966E-01 5.75491132E-03
36 14 1.25527404E-01 6.83604286E-02 3.48599458E-01 8.69289571E-02 1.28109076E+00
36 15-6.33870940E-02-3.50326672E-01
37  1-1.74702719E-03 1.08353031E-02 2.71896404E-03-7.12843623E-03-2.74298054E-03
37  2-2.88699621E-02-2.25246723E-03 2.12360867E-02 8.41847544E-03-2.77430531E-02
37  3-5.13758749E-02-1.40199571E-02 5.20633917E-02 3.03500534E-02-2.07975809E-02
37  4 1.32975996E-01 9.68657405E-02-1.65302294E-02-4.76255080E-01 6.34609669E-01
37  5 3.96713639E-01 3.22517280E-03 7.33991439E-02-4.73575207E-02-4.84623061E-02
37  6-1.22033144E-01-8.94101762E-02-9.28592794E-01-1.94532621E-01-2.42763314E-01
37  7-3.15209818E-01-4.83310296E-02 3.34934586E-02 1.02471667E-01-6.25134093E-02
37  8-2.01489427E-03 4.08917490E-01 2.13034390E-01-1.30963011E-01 1.38330417E-02
37  9 1.02956336E-01 9.66450175E-01-1.17766658E-02 1.84000497E-01-4.35142498E-02
37 10 2.66952732E-02-2.05847371E-01 1.05705319E-02-5.44198333E-02 3.89086335E-01
37 11-3.64568739E-01 1.10795665E-02-1.06568952E-01 2.29420216E-02-1.21013869E-02
37 12 2.02313178E-02-5.43663030E-02 9.68088385E-02-2.12847513E-01 6.62717601E-02
37 13-1.09694426E-01 1.83482652E-01 7.34726451E-02 4.34654716E-01 2.11357366E-03
37 14-3.57293925E-02-9.50919439E-02-7.93918560E-01 2.89875415E-02 6.74881363E-01
37 15-2.15014807E-02-1.89440021E-01
38  1 3.00710115E-03-1.79879629E-02-2.28291973E-03 4.76308840E-03 5.01072355E-03
38  2 6.60703450E-02 1.76819495E-03-3.67971711E-03-1.78436064E-02-4.51454629E-02
38  3 4.75771723E-02-1.03934356E-01 2.91487185E-02-2.05546797E-02-2.99183786E-03
38  4-1.46841112E-01 2.06887268E-01-6.13446187E-02 3.50287365E-01-5.06116945E-01
38  5 8.53973774E-01-3.18230085E-01 1.97914152E-02-7.44225698E-03 1.91409245E-01
38  6 7.46895845E-02 5.94128727E-03-1.92910109E-01 7.40062499E-01 2.90179389E-01
38  7-3.01694749E-01-6.84694191E-02 4.15001125E-02 3.84540078E-02 1.02274070E-01
38  8-1.32828369E-01 6.31254057E-01 7.17872922E-02 1.20999987E-01-2.32678257E-01
38  9-7.40867135E-03-6.03294887E-01 5.94517541E-02 9.94900813E-01 1.16765839E-02
38 10-8.32996020E-03-4.80353757E-03 9.96645876E-03 5.32402855E-02-9.51482404E-02
38 11-8.13038390E-04-1.40060361E-02 6.41706700E-02 1.01125210E-02 5.19260359E-03
38 12-7.31297391E-03 4.77629376E-02 1.65351314E-01-1.65244729E-01 6.11290078E-03
38 13 5.19929437E-02 2.64320686E-01 5.84356537E-02 3.15822963E-01 5.05117429E-02
38 14 2.04028186E-01 2.56648730E-02 1.28227063E-01-2.11625569E-02-7.01968759E-01
38 15-1.52503272E-01-8.99197293E-01
39  1-3.48555242E-03 2.09292020E-02-7.12600952E-03-3.17211434E-02 6.54087407E-03
39  2-7.19484766E-02 1.12652600E-02 8.41769809E-02-1.21748229E-02 1.89543155E-02
39  3 1.03654085E-01 8.34762986E-02-3.63000141E-02 9.16366137E-02-1.48420052E-02
39  4-2.02378452E-01-1.00881900E-01 1.53750398E-01-1.46802404E+00-8.59201821E-01
39  5-8.30490333E-01 9.33318648E-01-5.91745123E-02 1.39247061E-02-1.05821491E-01
39  6-3.38207501E-01 1.86591194E-01 1.09764281E+00-3.27913550E-01-1.37301947E+00
39  7 8.35539211E-01-4.21656323E-02 2.18951704E-02 1.24234075E-01-3.75421807E-02
39  8-5.03704733E-02 4.44809947E-01 2.87503818E-01-1.02062750E-01-1.29246181E-01
39  9-3.21626346E-02-4.51688961E-01-5.51653956E-02 3.10162973E-01 1.39417320E-02
39 10-7.77539896E-03 5.51953324E-03 2.62797362E-02-1.09941196E-02-1.18102118E-01
39 11 2.33836862E-02 4.71207065E-02-6.24539901E-02 7.06517420E-03 6.17642429E-03
39 12 1.17134053E-02-6.85040431E-04 8.39815189E-02-1.31888034E-01 1.93235628E-02
39 13 2.81412947E-02 9.49044451E-02-1.07588341E-02 1.47924997E-01 2.80811288E-02
39 14 1.81680415E-01 3.00025231E-02 7.22883444E-02 1.92596611E-02 2.51297025E-01
39 15 9.65616102E-03-4.81568522E-02
40  1 7.77696291E-04-4.51956432E-03 4.06706493E-03 1.29628478E-03 1.75868430E-03
40  2 2.19277350E-02-1.33091757E-02-3.69438465E-03-6.10274969E-03-3.03955701E-02
40  3 1.35816066E-02 7.44926654E-04 1.94123989E-02-1.00813206E-02 3.91627572E-03
40  4-2.02417379E-02-4.86245341E-03-8.29591196E-03 1.89744244E-01-1.61739239E-02
40  5 5.94475606E-02-3.40554290E-02 3.60923404E-03-5.43048748E-04-2.27682553E-02
40  6 2.39712745E-03-5.20162397E-03-1.17086058E-01-3.67307409E-02 1.20531963E-01
40  7-8.55878196E-02-8.90162367E-04 5.79181896E-03 1.18947820E-02 1.68784057E-02
40  8-2.17612953E-02-2.43716797E-02-1.57030310E-03 3.48398143E-02-2.00713383E-02
40  9-1.79027628E-02-1.15937085E-01 1.23102959E-02 3.14433658E-04-1.51215068E-02
40 10 3.22595273E-02 1.54463758E-01 1.27149858E-01-8.22654996E-02-2.21623322E-03
40 11 2.49577130E-01 1.78548523E-01-8.30020598E-02-4.25933242E-02 3.33229856E-02
40 12 2.14172594E-02-3.36524763E-01 7.60976606E-02 3.51820535E-01 4.24351404E-02
40 13-6.66460279E-01 1.86082996E-01 9.89316567E-02 6.70630739E-01-2.04833004E-01
40 14-1.30104938E+00 7.89853041E-02 3.67386207E-01 1.46177724E-02 1.31336181E-01
40 15-1.01817206E-02-3.21240532E-02
41  1-7.16255571E-03 4.22997979E-02 1.08595771E-02-5.14327140E-04-1.37582063E-02
41  2-1.79828267E-01-2.96459019E-02-8.26894441E-04 4.39548142E-02 2.07868371E-01
41  3-3.40150331E-02 4.11745589E-02-9.94323039E-02 3.95737627E-02 5.56179588E-03
41  4 9.42148330E-02-5.60233902E-02 4.29986316E-02-5.53423154E-01 3.99129052E-01
41  5-7.20801409E-01 1.68383003E-01-8.72192614E-02 4.99331043E-02-3.09259923E-01
41  6 1.28468602E-01 6.65177809E-03 8.98561251E-01-1.12718694E+00 5.83320829E-01
41  7 2.70212800E-01 3.94953973E-02-6.54936159E-03-5.20539802E-02 3.32867228E-01
41  8-1.22976719E-01-4.97117116E-01-1.52668907E-01 7.76966596E-01-2.76081288E-01
41  9-3.79040942E-02 4.76428104E-01 9.69013822E-03-4.62897669E-01-2.65852745E-03
41 10-6.85098888E-03 1.69545819E-02-6.69848851E-02-1.98064442E-02 6.29751747E-02
41 11 2.53669101E-02-7.13219171E-02 4.49011225E-03-5.19182356E-03 1.34950254E-02
41 12-3.51613152E-02 3.90855059E-02 1.03284424E-01-1.53570539E-02-3.03783316E-02
41 13 3.99969913E-02 1.62471515E-01 4.44795248E-02 1.05370029E-01 2.33675191E-02
41 14 1.26055653E-01-4.89863587E-02-8.48673825E-02-7.81405064E-03 6.92129550E-01
41 15-1.41554137E-01-8.30889667E-01
42  1-6.36305387E-02 3.81160924E-01 4.04549592E-02 6.31526511E-02 1.02768270E-01
42  2-1.70687689E+00-1.31998875E-01-2.05600935E-01-3.32801598E-01 1.80155269E+00
42  3 7.35120990E-02 1.09179399E-01 9.89312406E-02-1.71665776E-03 5.37056093E-03
42  4-4.33851672E-02 1.04357200E-02-1.02206258E-01-5.02888877E-02-9.56397129E-02
42  5-1.69940820E-01-3.26699567E-01 1.96595225E-02-1.00671496E-01 8.50121513E-02
42  6-6.18495599E-02-2.10282628E-01 1.95588036E-02 1.30812726E-01 1.01037054E-01
42  7 2.15519660E-01-7.39615223E-03 9.70616781E-03 5.55506516E-03-5.79640881E-02
42  8-2.22954204E-02 1.83376891E-02-4.27139528E-04-5.61405043E-02-2.16598219E-02
42  9-6.53376193E-02-1.35935770E-01-1.05343274E-01-5.93979685E-02-1.84634872E-03
42 10-1.32903538E-02-4.71932750E-03 7.22528569E-03-3.47666491E-02 6.36487630E-02
42 11-4.69705016E-03 3.16397608E-02 3.60180198E-02-3.03273302E-04 1.76890132E-03
42 12 1.41534102E-04-4.54633934E-03 3.02214112E-03-5.30272344E-03 4.73264024E-04
42 13 1.25427953E-04-1.90877796E-03-4.70258067E-03 2.80470200E-03-3.39865404E-03
42 14 1.10995265E-02-2.63275180E-02 2.10586683E-02-8.14225686E-02-8.96244172E-02
42 15-1.35958626E-02 2.56319843E-02
43  1-7.70866777E-04 7.78317315E-03-1.67725126E-01-9.83232209E-02 2.48409783E-01
43  2 8.35114416E-02 5.73244148E-01 3.33762947E-01-8.62961027E-01-3.83143969E-01
43  3-4.77168134E-01-2.19281023E-01 1.13212642E+00-5.18766269E-04-6.39926242E-02
43  4 7.44597035E-02-5.88901600E-02-2.08812921E-01 4.02551807E-01 7.55186926E-02
43  5 3.14722983E-01 4.93995341E-01-7.36770466E-03 9.48116233E-02-3.58420907E-02
43  6 1.12209402E-01 3.12932159E-01-1.06241619E-01-1.28325261E-01-8.18188924E-02
43  7-3.59880691E-01 4.55999018E-03-2.33650138E-03 3.31311719E-03 4.80917996E-02
43  8 3.26680194E-02-7.73522283E-03 1.74829677E-03 4.42228887E-02 4.62016009E-02
43  9-7.17499604E-02 1.14773203E-01 9.21805622E-02 6.02676526E-02 6.19267733E-05
43 10 2.61547888E-02 1.18537332E-02 3.79725153E-04 6.33979691E-02-8.43435243E-02
43 11 1.05352024E-02-4.66496721E-02-4.42286217E-02 3.29632397E-04-2.93777905E-03
43 12 1.12335809E-03 3.95117492E-03-8.49906069E-03 1.07055003E-02-1.13262467E-04
43 13-6.13614718E-03 3.85309187E-03 1.20766974E-02-5.90617791E-03-2.99797352E-03
43 14-2.24862627E-02 5.06811931E-02-3.31155015E-02 1.76264023E-01 5.66793206E-02
43 15 2.70491801E-02-3.24094415E-02
44  1-1.43612018E-03 7.52300694E-03-2.57092492E-01 2.02531152E-01-7.80029406E-02
44  2-7.54521547E-02 8.88571730E-01-6.98797637E-01 2.72767371E-01 1.80981624E-01
44  3-8.75223076E-01 6.43434461E-01-3.75545923E-01 2.62749800E-03 1.61232166E-02
44  4 6.83403206E-02-2.33588096E-02 8.31004867E-02-1.07569971E-01-1.14115259E-01
44  5-7.58067663E-02-1.76775017E-01 1.58026613E-02-7.40870310E-02 9.05233003E-02
44  6-1.84037459E-01-5.66748089E-02-1.76125736E-02-9.19677224E-02 1.35285003E-01
44  7 6.65918497E-02-3.20141444E-03 2.89258463E-03 4.94095960E-02-3.00161027E-02
44  8-6.84931588E-02-1.95741538E-02 1.57078663E-02-2.40570532E-02-1.23762295E-03
44  9-1.52683338E-01-3.48634180E-02 1.26088315E-01-1.91917164E-02-1.37203868E-03
44 10-5.40402234E-03 1.10842550E-03 2.21748071E-03-1.84802994E-02 3.40578903E-02
44 11 5.61013136E-03 5.48875873E-03 2.04134040E-02-9.52259477E-04 1.51957931E-03
44 12-2.10615413E-03 1.82968835E-03 7.91866424E-03 3.63468674E-03-3.06707005E-03
44 13 6.62635752E-04 1.36447568E-02 8.71399993E-03 2.45606611E-03-1.07502199E-03
44 14 1.26428115E-02-1.38884828E-02-2.02820413E-03 5.16448895E-02 4.46928398E-02
44 15 4.36136624E-02-9.38054542E-02
45  1-1.53843213E-02 8.82629296E-02-1.31589056E-01-2.47444416E-01-1.40725240E-01
45  2-5.82347890E-01 4.63359375E-01 8.70775079E-01 5.13726183E-01 1.00631548E+00
45  3-5.45895257E-01-1.01364371E+00-9.77591770E-01-1.97987244E-02 1.37965645E-01
45  4 8.22967058E-02 1.82095487E-01 4.86390284E-02-3.96831780E-01-1.95622773E-01
45  5-3.95813461E-01-6.91230913E-01 2.49705498E-02-9.01955648E-02 7.48777328E-02
45  6-4.42144830E-03-1.16564744E-01 4.38213180E-03 2.46955400E-02 1.66033956E-01
45  7 1.85754055E-01-4.51805435E-03 1.54966042E-02 3.03024912E-03-4.46636010E-02
45  8 3.27879601E-03-4.29363535E-02-1.66836278E-02-1.04425236E-02-2.35673859E-02
45  9-1.63489025E-01-1.62947989E-01-1.60670841E-01-1.57871244E-01-2.96547303E-03
45 10-7.74020125E-03 3.95791057E-03 2.51349365E-02-2.99393416E-02 5.95978378E-02
45 11-8.90934750E-03 2.59703096E-02 2.41532466E-02-4.93195683E-04 1.76104194E-03
45 12-1.24806503E-03-6.01799865E-03 1.51741096E-04-1.92021108E-03 7.17571618E-04
45 13-2.57438229E-03-3.09543549E-03-2.18983285E-03-7.99374639E-05-9.17826059E-03
45 14 5.33928975E-03-5.05640251E-02 9.59037692E-03 2.64948731E-03-1.72151517E-02
45 15-2.84841307E-02 2.45384731E-02
46  1 3.98524573E-03-2.40773572E-02 8.47229323E-02-1.84320268E-02 2.24881863E-02
46  2 1.24629165E-01-3.18774897E-01 6.09678304E-02-8.53353417E-02-1.23631661E-01
46  3 4.53373039E-01-3.47869496E-02 8.35754587E-02-5.58540392E-05-2.09620148E-02
46  4 3.84332450E-01 1.65498537E-01-1.51324028E-02 4.08748554E-01-5.15466351E-01
46  5-1.85373786E-01 7.89747065E-03 3.54458500E-02-1.60926168E-01 4.07262183E-01
46  6-6.92324530E-01 1.73039986E-01 1.72953333E-01-5.53528560E-01 9.63317311E-01
46  7-2.14193147E-01-7.87574828E-03 5.80740382E-02 1.28969681E-01-1.17608283E-01
46  8 8.19269363E-03-3.81020740E-01-4.56692845E-02 7.15304109E-02 4.03433881E-03
46  9-2.96252296E-01-3.69934914E-02 1.53143451E-01-4.56242177E-02-1.53073957E-02
46 10 2.49337001E-02 2.55150071E-02-4.29678998E-02 1.72683213E-02 8.16361266E-02
46 11-1.24415505E-02-4.02152511E-02 4.91606505E-02-1.10627838E-04-7.59622529E-03
46 12 5.97745535E-03 1.68058748E-02-2.05792568E-02 3.70034231E-02-4.46597197E-03
46 13-3.49714639E-02 5.26417548E-02 9.61660359E-02-4.67618895E-02-4.55716502E-02
46 14-5.14660312E-03-1.32800348E-01 8.90275416E-03 2.31985663E-01 5.08330414E-02
46 15 8.70443144E-02-3.00439389E-01
47  1 6.48351652E-03-3.82423019E-02 1.83820898E-03 6.36826768E-02 1.14065737E-02
47  2 2.29321155E-01-1.44124304E-02-2.55581668E-01-4.53056982E-02-3.26238610E-01
47  3 1.01288322E-01 5.32145094E-01 8.35516932E-02-2.64892597E-02 7.64057355E-02
47  4 2.87396664E-01 8.24898724E-01-3.74639780E-01-1.00921844E-01-5.03321043E-01
47  5-1.44718942E+00 7.63615878E-01 1.79980004E-02-2.84240164E-02-1.42006992E-01
47  6 2.56257986E-01-4.13344728E-02 8.49599172E-01 4.99899981E-02-5.18240097E-01
47  7 3.12446249E-01-9.88495789E-03 2.82245534E-02-5.95300710E-02-5.47021180E-02
47  8 4.98397847E-02 4.26485654E-02 5.30224464E-03 3.19507182E-02-2.37822998E-02
47  9-1.14789867E-01-1.73935530E-01-3.07317129E-01-2.06133076E-01 2.00410785E-03
47 10 9.13700472E-03 3.10445218E-03 1.98775666E-02 3.93630503E-02-4.42372384E-02
47 11 3.83867736E-03-6.01968395E-03-3.39691918E-02-4.33222181E-04 5.21105098E-03
47 12-5.43464190E-03-1.76482993E-02-2.46204666E-03-2.22437168E-02 6.51648494E-03
47 13 5.11656916E-03-4.15230035E-02-5.78975033E-02 1.86583360E-02-1.80723541E-02
47 14 8.16934723E-03 5.68833799E-02-7.99926207E-03 2.18149238E-03-4.32421252E-02
47 15-1.96894596E-01 2.74891830E-01
48  1 5.94841825E-04-5.75515908E-03 3.77772339E-02 2.34195363E-02 1.82297813E-02
48  2-6.32236299E-03-1.50116578E-01-8.64322250E-02-8.51018830E-02 1.86892725E-01
48  3 2.27341192E-01 1.90102369E-02-4.45014969E-02-2.34979242E-02 8.58895080E-03
48  4 2.77073138E-01-4.12096367E-02 4.08311023E-01-4.34087618E-01-6.47364244E-01
48  5-3.31798308E-02-3.17426445E-01 1.10105360E-02 4.25247535E-02 2.41728854E-01
48  6 6.08162424E-01-1.11224916E-01-1.11150002E-01-4.77887609E-01-1.03884557E+00
48  7 3.62684246E-01 7.99200113E-03-3.20828704E-02 9.22623522E-02 8.86392330E-02
48  8 1.08853789E-02 1.91882506E-01 1.00392784E-01-3.02138138E-02-5.29541235E-03
48  9-3.31281322E-01-8.35420991E-02 8.89642504E-03 7.15572201E-02-8.97839259E-03
48 10 1.69922253E-02-1.21005339E-02 1.10390732E-01-5.29369515E-02-7.14739579E-03
48 11-6.84565134E-02 3.20999799E-02-8.21780510E-02-5.01084806E-03 1.85782127E-02
48 12 1.87564207E-02-1.28787557E-02 6.29718570E-02-3.26240819E-02-3.00793369E-02
48 13 9.11556260E-02-6.92028780E-02-2.33326254E-01 1.56948648E-01 1.53792200E-01
48 14-2.45522968E-02-2.80367758E-01 5.43960510E-02 4.58863026E-01 2.50796979E-02
48 15 1.22365280E-01 1.20494186E-01
49  1-3.05397824E-03 2.25851631E-02 1.35953519E-02-1.74332636E-02-6.98832481E-02
49  2-1.34942983E-02-5.36105441E-02 7.85493737E-02 2.75816287E-01-3.70548685E-01
49  3 2.00143863E-01-2.24972911E-02-3.26825821E-03 7.19319057E-03 1.28910397E-01
49  4 1.52065245E-01-2.34058859E-01-7.58275059E-01-8.34031644E-01-4.41480116E-01
49  5 3.04903237E-01 1.28452960E+00 6.89136245E-03-1.76054170E-02 1.22080530E-01
49  6 1.52197427E-01-3.97475901E-01 4.73161481E-01-4.37981883E-01-7.54902863E-01
49  7 5.08940845E-01 3.44247559E-03-5.80275073E-03 7.47586489E-02 6.42346023E-03
49  8-3.71866430E-02 5.48965703E-02 5.88772604E-02 3.51450774E-03-1.67406832E-02
49  9 2.84323055E-02-6.27028947E-02 3.53661650E-01 1.26895223E-01-5.10117493E-03
49 10 3.04839367E-02 7.98212785E-02-9.40281384E-02 1.23051323E-01 1.45452402E-02
49 11 9.92876181E-02 6.57000732E-02-1.44571859E-02-2.02543822E-03 1.03653312E-02
49 12 7.04155707E-03 7.83536701E-03 4.84034101E-02-2.97949170E-02-2.00788023E-02
49 13 8.01460961E-02-4.84564986E-02-1.88290664E-01 1.33650603E-01 1.64327269E-01
49 14-2.72278845E-02 3.09707820E-01-1.19646372E-01 2.45674161E-01 6.49212675E-02
49 15 1.08548951E-01 5.07313394E-02
50  1 1.42938696E-02-8.53973676E-02-2.65316840E-02-2.37659808E-02 8.59339974E-02
50  2 4.92358440E-01 1.14374753E-01 8.42670543E-02-3.46360661E-01-6.05843726E-01
50  3-2.90998307E-01-2.65631958E-02 5.63591220E-01 1.70144704E-04-1.18447405E-02
50  4-5.02282695E-01 2.84090366E-01 6.24917868E-02-1.87237768E-01 1.17814444E+00
50  5-8.03939700E-01 1.40748193E-01 3.54492419E-03-5.16155034E-02 3.31444555E-01
50  6-1.81507765E-01-5.34965716E-01 7.73812402E-02-1.15336556E+00 3.66496028E-01
50  7 1.06331543E+00 2.99826226E-03 3.40213155E-02 1.02188433E-01-7.62935737E-02
50  8-2.40850601E-02-4.50142968E-01-1.33232406E-02 2.12433746E-01-1.89390042E-01
50  9 1.33927267E-01 4.66940527E-01 8.37018915E-02-6.36488114E-01-3.62886163E-02
50 10 3.14573593E-02 4.30868728E-02-2.78055053E-02-2.39181730E-02 2.75136878E-01
50 11-5.65508990E-03 1.36346384E-01 1.67647028E-01-6.11652209E-03 2.09442324E-02
50 12-1.78252780E-02 5.67900236E-03 2.39458113E-02-3.40946284E-02-2.28104264E-02
50 13 9.32336021E-02-1.22142746E-01-3.80518120E-01 2.51535838E-01 1.80953130E-01
50 14-1.19729851E-01-3.33085294E-01 2.52599886E-01 2.56297917E-02 5.89737141E-01
50 15-3.59204323E-01 2.84760679E-01
51  1-5.62680289E-03 3.67878002E-02 7.36383611E-03 2.22073277E-02-6.85728113E-02
51  2-1.21944100E-01-1.97855239E-02-9.44140464E-02 2.73367569E-01-1.43799316E-01
51  3-1.70821604E-02 3.05254831E-01-1.14973603E-01-1.14952916E-02 5.38243572E-02
51  4-4.87911418E-01-2.72653898E-02-3.53472460E-01-4.55661312E-01 1.07267258E+00
51  5-2.64382419E-01 8.41846780E-01-7.91739333E-03-4.99211380E-02 6.21638916E-01
51  6 2.68145479E-01 4.33747444E-01 6.32708597E-02-1.49465010E+00-4.66146725E-01
51  7-6.81103747E-01 1.04806283E-02-1.55433569E-02 1.04386811E-01 6.02467154E-02
51  8 1.03541462E-01-2.00555691E-01 6.67602843E-02 1.52959854E-01 4.85741440E-02
51  9-2.13988925E-01 7.13346239E-01-1.71077174E-01-2.07564262E-01 1.27313934E-02
51 10 1.69794710E-02-5.89126852E-02-4.64821950E-02 2.11461409E-02-2.51264700E-01
51 11-3.46893591E-02-1.19006643E-01-2.13559761E-01-3.99681103E-03 4.64910693E-03
51 12 9.46981805E-03-3.89535642E-02-5.23015151E-03 2.18807072E-02 1.98556380E-03
51 13-8.25282341E-02 3.17379821E-02 1.78157489E-01-1.47987406E-01-2.73102842E-01
51 14 1.40375793E-01-2.10270544E-01-4.01562082E-02-1.63470731E-01 8.96796663E-01
51 15-4.90104872E-02-2.57016862E-02
52  1-4.14806544E-03 2.53630435E-02 2.05887602E-03 4.61600780E-03-2.66427680E-02
52  2-1.36663759E-01-1.60509047E-02-1.27315363E-02 1.10901520E-01 1.18178650E-01
52  3 1.14110914E-01-2.64919806E-02-1.29961067E-01 4.67820836E-03 1.82512074E-02
52  4 2.76805133E-01-2.68274538E-01-5.80102819E-02 3.68240847E-02-6.58118556E-01
52  5 6.32099546E-01 5.38975406E-02 6.72707674E-03 8.40859800E-03-5.73432764E-02
52  6-5.65047364E-02 2.60907748E-01-1.91396005E-01 4.48615347E-01-1.63197126E-01
52  7-4.11323451E-01-2.33099911E-02 2.47924924E-02 1.27828772E-01 9.10985407E-02
52  8-1.50855439E-01 1.14171972E-01 2.33117160E-02-4.58753739E-02 2.10378742E-02
52  9 4.20737630E-02-3.70547026E-01-4.67863486E-02 5.21958424E-01 3.87533432E-03
52 10 9.54724339E-03-7.09996353E-02 2.32598558E-02-5.90664605E-03-1.09595538E-01
52 11-4.39649459E-02-5.95903394E-02-5.53326694E-02-2.50978671E-02 4.71427543E-02
52 12-1.43874984E-01-3.38487601E-02-1.54120117E-01-5.57133307E-02-1.74186735E-02
52 13 2.16042182E-02-1.82955181E-01-8.40472020E-01 5.59032431E-01-2.80517878E-01
52 14 5.40461461E-03-1.39810865E-01 8.12839270E-02-1.38877826E-01-9.42864279E-02
52 15-7.46904201E-01 6.06915874E-01
53  1 9.16751452E-03-5.51537290E-02-6.55213677E-03-4.85593311E-03 4.68973760E-02
53  2 3.21011560E-01 1.54112632E-02 1.42860951E-02-1.95918946E-01-3.75206234E-01
53  3 5.41652706E-02-1.35166075E-02 3.10417905E-01-2.35075490E-02-2.62886089E-02
53  4 2.52482432E-01-1.70500013E-01 1.17707649E-01-8.43288600E-02-5.18760029E-01
53  5 8.75496966E-02 3.88423372E-02-2.82695089E-02 6.28897075E-02 4.77660587E-01
53  6 7.58807276E-02-1.13411804E-01-2.22427556E-01-6.49273825E-01-2.05212960E-01
53  7 2.88069080E-01 5.98996757E-03-2.05745278E-02 4.77349676E-03-1.80379781E-02
53  8-1.63135732E-01-1.27070874E-01 7.03646297E-02 7.42369954E-02 2.47573315E-02
53  9-2.09090721E-01-1.52843291E-01-3.27923025E-01 4.66474756E-01 1.39381165E-02
53 10-5.48284115E-02 8.98367552E-02-4.27754280E-02-1.36661815E-01 1.40728187E-01
53 11 1.32510664E-01 6.83608397E-02 7.87842097E-02 2.14688319E-02-3.75756008E-02
53 12-9.73835575E-03 5.02694603E-02 1.63889009E-02-1.85262440E-02 7.00278926E-02
53 13 5.21999562E-02 4.27378746E-03 1.48724719E-01-6.66246239E-02 4.22745907E-01
53 14-2.82696911E-01 6.21465012E-01-5.31998726E-01-7.08241448E-01 1.06135472E+00
53 15-2.45776207E-01 2.97333509E-01
54  1-1.14539855E-02 6.69200501E-02 1.91242752E-02 9.91300415E-03-4.74334664E-02
54  2-4.53575575E-01-6.44422956E-02-4.05951270E-02 2.04272714E-01 6.97656090E-01
54  3-3.97779419E-02 3.12944809E-02-5.12367265E-01 1.78171116E-02 4.58252324E-02
54  4-3.41721084E-01 2.46234698E-01 1.43313740E-01 1.18021414E-01 8.58401202E-01
54  5-2.42455196E-01-4.69143322E-01 1.02839504E-02 7.52713230E-02-6.78381094E-02
54  6-4.26477158E-02 4.72978554E-01-2.73000468E-01-1.91386993E-01 3.05296615E-01
54  7-9.33807380E-01-4.71574992E-03 3.83621254E-02 6.71866331E-02-1.38710467E-02
54  8 7.09352551E-03-1.58254013E-01-5.12877960E-02 6.47705358E-02 1.11095631E-01
54  9-3.03429036E-02 5.20004288E-01 2.95307966E-01-6.59694449E-01 1.06255814E-02
54 10-4.67648015E-03 1.65963984E-01-8.35914646E-02-3.89200003E-02-1.86140068E-02
54 11 4.71486668E-02 2.97503203E-02-1.24631046E-01 1.46685380E-02-3.39613254E-02
54 12 3.83792450E-02 1.11472326E-01-1.01440176E-01 5.51335297E-02-1.86777890E-03
54 13 8.30717412E-02 6.06910243E-03-2.46524112E-01 3.14630874E-01 7.39462712E-01
54 14-7.83651755E-01 5.15139270E-01-4.75291218E-01 3.75846806E-01-2.08284339E-01
54 15-1.91392110E-01 1.88932381E-01
55  1 9.74547239E-05 1.04339577E-03-1.72531990E-03 6.68419086E-03-1.54368217E-02
55  2 4.74828007E-02 3.98374397E-03-2.33561817E-02 5.70090991E-02-2.02648662E-01
55  3 5.47467057E-02 4.15126290E-02 8.43416180E-02-1.24662904E-02 6.10285786E-02
55  4 8.86997229E-02-2.59632854E-01-1.61793943E-01-1.07283928E-01-2.79883870E-01
55  5 5.00961309E-01 2.95897979E-01 2.45574677E-02-1.06853662E-01-2.17855370E-01
55  6-1.68386685E-02 6.63265245E-03 1.13776054E-01 4.97080582E-01-1.78033632E-01
55  7-2.50826074E-02-8.24289901E-03 3.97203597E-03 1.66031808E-01-3.03252990E-03
55  8-1.30078892E-01-6.26362431E-03-5.44981758E-02-1.40129148E-02 2.02229234E-02
55  9 9.24447537E-03-1.32803003E-01-2.34751217E-01 5.73159552E-01-1.86959585E-02
55 10 3.64790327E-02-1.04823514E-01-1.82171262E-03 5.37473222E-02-2.67763311E-02
55 11-4.91650923E-02 7.04207998E-02-7.68831008E-02 3.55438147E-02-5.51362836E-02
55 12 1.69752958E-01-6.70275538E-03 7.65652654E-02 4.54759771E-02 5.32271918E-02
55 13 2.34396007E-02 8.95219807E-03 6.57626425E-01-4.64208349E-01 5.81648012E-01
55 14-5.60551785E-01-5.20960787E-01 4.95108175E-01 2.40962485E-01-5.10429783E-01
55 15-6.50987268E-01 7.92383471E-01
56  1 7.76561565E-03-4.40758888E-02 7.88170847E-03 1.05311808E-02 7.49312678E-03
56  2 3.55073413E-01-3.11115258E-02-4.84334324E-02-5.17275175E-02-6.43836755E-01
56  3 5.22817700E-02 1.37432769E-01 3.88588860E-01-7.33296833E-02 1.35243458E-01
56  4-2.68521303E-01-3.04507055E-01-1.77787564E-01 3.72022487E-01 5.32778679E-01
56  5 5.91118733E-01 1.03970083E-01 1.68564103E-02-1.63827089E-01-2.73137643E-01
56  6-2.11292234E-01-3.27561977E-02-1.16856933E-02 6.44248214E-01 8.10225505E-01
56  7-3.38216260E-01 8.76520609E-03-1.00370732E-02-9.91698474E-02 5.00764041E-03
56  8 2.09096214E-02-3.37318829E-02-8.52448398E-02-4.82424668E-02 4.80263182E-02
56  9-6.73846800E-01 8.93736656E-01-7.23363336E-01 7.27286121E-01-1.26452007E-02
56 10 2.57402036E-02-1.85625269E-02 3.41730381E-02-3.87196984E-03 5.67218626E-02
56 11-7.54805716E-03-8.21165714E-03 4.64287925E-02-1.14703626E-02 1.44609805E-02
56 12-2.73164474E-02 8.57181183E-02-1.05760014E-01 6.52859775E-02-4.83159285E-02
56 13 2.05435550E-02 5.65703183E-02-4.16849253E-01 4.30498041E-01 2.76741213E-01
56 14-3.74666681E-01-7.85282209E-02 1.25325755E-01 1.10500042E-01-5.63586653E-01
56 15 4.14808726E-01-5.29998222E-01
57  1 3.64496718E-03-2.19612363E-02 2.86527568E-02-1.26837562E-02 1.54528805E-02
57  2 1.35415404E-01-1.23146095E-01 5.45435734E-02-7.04682380E-02-1.53176183E-01
57  3 2.29665352E-01-1.21703711E-01 1.24416388E-01-1.77610076E-02 3.67475886E-02
57  4-3.23046679E-01 5.87375873E-02 5.92306134E-02-7.59654088E-02-1.44065471E-01
57  5 1.64969943E-01-9.01827115E-02 4.13081992E-03-8.05861071E-03-2.72227840E-01
57  6 5.84374171E-02-1.54976060E-01 2.17402786E-02 9.73035935E-01-3.62665590E-01
57  7 2.87018344E-01-1.91282493E-02 1.61841995E-02 2.80909156E-02-2.19181140E-03
57  8-1.39935619E-01 2.77529710E-01 1.24755258E-02-1.43630019E-01 3.43083562E-02
57  9-9.62539550E-01 9.39361511E-01 6.01335007E-01-5.39940919E-01 6.01464046E-03
57 10-1.30979978E-02-6.74566494E-02 2.57994351E-02 1.42595347E-02 2.07105508E-02
57 11 2.87867047E-02-1.33660422E-02 5.48947543E-02 7.58414866E-03-1.25133050E-02
57 12-2.50192402E-02-6.54486348E-02 4.59232429E-02-8.26893327E-02 5.59047215E-02
57 13-2.30320269E-02-5.26944941E-02 2.31525386E-01-2.83304346E-01-3.40746677E-01
57 14 4.19887559E-01 1.78286608E-01-1.26310921E-01-1.10897707E-01-5.06223363E-01
57 15-3.61112550E-01 4.72415507E-01
58  1 2.76577460E-03-1.74250163E-02 1.75373196E-03 1.10826086E-02 1.30774802E-02
58  2 8.91764899E-02 4.63567024E-03-4.64219743E-02-6.20613621E-02-4.25761219E-02
58  3-1.17701287E-01 5.49179137E-02 5.72488701E-02-1.76865211E-02 1.19195168E-01
58  4-9.69169352E-02-1.35964344E-01 1.39007309E-01-4.29025280E-01 6.03867748E-01
58  5-1.23566469E-01-1.92079030E-01 2.25190603E-02-1.35769608E-01 3.43770008E-03
58  6-4.38551531E-02-1.25716281E-01 2.37050638E-01-6.32639578E-01 2.36184064E-01
58  7 2.80594618E-01 1.09678928E-02-4.22965990E-04 1.93612681E-01-1.03870745E-02
58  8-4.62393278E-02-3.35684864E-01-1.29372450E-01 1.80436287E-01-5.05752224E-02
58  9 1.38204994E-01 2.58089269E-01-5.46675832E-01 3.81251319E-01 1.08396476E-02
58 10-2.65162368E-02 2.69621256E-01-5.95939384E-02 6.96123898E-03 1.25538934E-01
58 11-5.93742870E-02-2.25324563E-02 8.57681903E-02 2.21205695E-03-6.59343974E-03
58 12-2.34535915E-02-5.04582914E-02 1.27134016E-01-1.20776704E-01 2.66305476E-02
58 13-3.77211008E-02-1.19820697E-01 1.91984215E-01-3.23837395E-01-5.95974018E-01
58 14 7.79615772E-01 6.12757213E-01-6.82389193E-01 6.94324600E-01-4.09537089E-01
58 15-3.08056839E-01 2.67982884E-01
59  1 1.37185806E-03-8.54919419E-03-5.42106585E-03 1.08284651E-03 8.68152221E-03
59  2 5.05246969E-02 1.83288655E-02-6.17543087E-04-4.06950685E-02-2.63338932E-02
59  3-4.12290563E-04-3.56201921E-02 3.99352650E-02-2.11224019E-03-6.85807405E-02
59  4 5.60154503E-02-1.17968261E-02 4.11117573E-02 5.67312596E-02-3.25936283E-01
59  5 8.00584015E-03-1.04005743E-01 6.48982547E-03-1.56692935E-01-1.25337380E-02
59  6-2.63351418E-02-7.51356669E-02 1.09209172E-02 3.54967641E-01-1.01140818E-01
59  7 3.62606233E-01-2.92818589E-02 9.57191714E-02 5.88776894E-03 3.52877877E-01
59  8 2.95672187E-01 1.58093579E-01 4.03969373E-02-4.18391494E-01-3.93652752E-01
59  9-7.85106721E-02-1.31216456E-01 1.87541113E-02 4.88262352E-02-1.31049661E-02
59 10 3.79013987E-02 1.12276616E-01-2.70715738E-01-6.08527830E-02 8.99945465E-02
59 11-1.30699777E-01 3.09821135E-01 1.12453979E-01-2.20590350E-02 6.53926165E-02
59 12 8.13033007E-01 3.46248468E-02-1.90182214E-01 4.93902341E-02-8.23654541E-01
59 13-6.71367945E-02 1.46484948E-01-1.17621543E-01-2.57491596E-02-1.61953738E-01
59 14 4.93392008E-02 2.54532355E-02-7.38641231E-02-1.14997759E-01-6.50258494E-02
59 15-9.65035256E-02-6.42672899E-02
60  1-1.51659926E-03 5.35012645E-03 4.81899245E-04 1.51977399E-02 8.12638803E-03
60  2-1.68639813E-01-6.46225613E-04-5.54279557E-02-1.96582887E-02 5.03100239E-01
60  3-6.24512901E-02-6.01114964E-02-3.18290107E-01-7.74364793E-03 6.76763877E-01
60  4 3.11127227E-02-1.92564827E-02 1.47431543E-01-1.05904875E+00-2.74080074E-02
60  5 1.42783066E-01-5.10638543E-01-1.55398768E-02 8.40216238E-01 7.79980013E-02
60  6-1.31975731E-01-8.24019229E-02-1.31389574E+00-1.30389018E-01-2.55990248E-02
60  7 1.65269371E-01-2.83408184E-02 1.05321802E-01-9.50641206E-02 1.31831606E-01
60  8 2.17144991E-01 1.65037510E-01 1.92295114E-01-2.26000357E-01-2.56072085E-01
60  9-5.19599697E-02 2.77289083E-01-7.20465277E-02 4.12721342E-01-1.85485533E-02
60 10 4.85222714E-02 4.93840463E-02-1.85100698E-01 5.36695474E-01 1.20437548E-01
60 11-4.87925932E-02 2.53147153E-01-4.14585191E-01 1.38572152E-02-2.95618977E-02
60 12-1.52309679E-01-4.36050232E-01-2.14756680E-01-5.83328897E-02 1.75638696E-01
60 13 4.89608313E-01 2.26441529E-01 9.14904673E-02-8.43795713E-02 1.13140099E-01
60 14 1.04224074E-01-1.42062502E-02-4.06095957E-02-1.53417462E-02 4.52380799E-01
60 15-9.84409637E-02 8.12495306E-02
61  1 2.34031837E-03-1.23878721E-02-5.67599450E-03-8.30180638E-03 5.84663396E-03
61  2 1.50151604E-01 2.08438781E-02 3.29468166E-02-3.89591243E-02-2.95593126E-01
61  3 1.30223872E-02-9.99664216E-04 2.18451549E-01 1.95540925E-03-5.47037063E-01
61  4 1.59048685E-02 3.66974043E-02-6.53087343E-03 7.83762656E-01-2.69639850E-01
61  5-2.20524160E-01 1.12586308E-01 1.39499594E-02-7.09038194E-01-8.06570375E-02
61  6 9.43109064E-02-7.46654771E-02 1.00190080E+00 5.24465457E-01-8.55142614E-02
61  7 3.63698785E-01-1.88438775E-03 2.05684833E-02 2.52084011E-01 3.16019824E-01
61  8 1.59374343E-01-8.45000283E-03-3.14167537E-01-3.72643559E-01-1.98966965E-01
61  9-1.23759975E-02-3.58290071E-01 1.13236553E-02-2.64804317E-01 2.16235937E-03
61 10-1.12873173E-02-7.21301639E-03-3.35517850E-01-2.10327365E-01 8.45453014E-03
61 11-1.20939540E-02 3.44414626E-01 1.99065914E-01 2.63790190E-02-7.77252276E-02
61 12-4.37091846E-01-2.95724362E-01-4.03263466E-01-8.49584266E-02 4.89203696E-01
61 13 3.13977000E-01 4.88936111E-01 1.79653295E-01 6.23560085E-02 1.44028630E-01
61 14 3.97173364E-02-2.64283607E-03 2.83820996E-02-1.57639497E-02-5.82898071E-01
61 15 1.08250110E-01-6.37313527E-02
62  1 2.37396930E-04-9.85788189E-05 5.37467346E-03-1.07881175E-02-3.20223969E-03
62  2 4.34869118E-02-1.67854498E-02 3.38128375E-02 1.12410594E-02-1.56216365E-01
62  3-6.24073776E-03 5.34752017E-02 9.77242656E-02 1.38352828E-03-3.41968040E-01
62  4-8.39999403E-02 8.60431052E-02-8.38372796E-03 5.36375310E-01 4.60091139E-01
62  5-3.02880989E-01 1.54426205E-01 1.40688014E-03-1.78046506E-01 1.27945573E-01
62  6 2.34500556E-02-1.82705210E-02 1.13561740E-01-5.87888603E-01-6.86168350E-02
62  7-2.70350521E-01 3.03337352E-03 1.87374389E-02-2.84692122E-01 5.84832138E-03
62  8-7.02560991E-01-1.24061306E-01 3.24885810E-01 4.58632547E-02 8.05494105E-01
62  9 9.72684354E-02 1.46204838E-02-7.61093977E-02-3.57870064E-01 2.85350311E-02
62 10-1.22582646E-01-1.36207396E-01 7.68841077E-02 1.48023020E-01-5.07039945E-02
62 11 1.71216815E-01-1.52153751E-01-2.15989000E-01 6.43443786E-03-9.12787301E-03
62 12 2.49920213E-01-3.35181024E-01-4.05060209E-01-7.56623689E-02-2.47077102E-01
62 13 3.88202851E-01 4.21271786E-01 1.59283842E-02-2.68455068E-02-2.68505107E-02
62 14 2.42290882E-01 8.03581515E-02-7.57704951E-02 2.10155925E-01 8.99778290E-02
62 15 1.48052312E-01-1.40423901E-01
63  1 1.23761980E-03-9.18682286E-03-2.79033591E-04-3.17165286E-03 1.63320521E-02
63  2-3.34200238E-03 6.53228111E-03 1.21213499E-02-6.37131128E-02 1.46885959E-01
63  3-7.44393949E-02-4.30908563E-02-6.08517957E-02 8.00563537E-04 1.58690378E-01
63  4-2.78234749E-02 9.73455840E-02 8.18675791E-02-1.15195014E-01 1.89414897E-01
63  5-3.23949984E-01-2.59701149E-01-2.30021839E-02-5.40877081E-02-5.75484089E-02
63  6-7.21665953E-03-4.37445860E-02 6.37688207E-01-8.86975892E-03 5.37891432E-01
63  7-1.11887748E-02 4.29086372E-02-1.43673146E-01 6.96508029E-01-1.85757376E-02
63  8 2.64953298E-02-2.29739648E-01-9.14131170E-01 1.51168836E-01 5.24996622E-03
63  9 8.70461284E-02 2.17880964E-02-4.85117331E-02-1.44437522E-01 2.89988163E-02
63 10-1.12350109E-01-5.53800848E-01 2.19610330E-01 2.42204637E-01-1.78445396E-02
63 11 7.14544589E-01-2.54024737E-01-2.39045163E-01-1.28945194E-02 6.16554843E-02
63 12 1.71735279E-01-6.33077202E-02-3.50750314E-02 1.19589941E-02-2.01308482E-01
63 13 7.97384564E-02 3.91837047E-02-8.98432709E-02 6.68206238E-02 4.53851232E-02
63 14-9.26282071E-02 3.17626436E-01 6.34986176E-03-1.25015226E-01-9.87770986E-02
63 15 2.60110347E-01-2.87910068E-01
64  1-1.21929099E-03 9.45214347E-03-1.02760737E-03 2.46116018E-04-1.72917460E-02
64  2 1.93120032E-02 3.97653628E-03-2.51853793E-03 6.37518393E-02-1.76762163E-01
64  3 1.48628342E-02 5.86933751E-02 8.62469146E-02-4.35231522E-03-3.42028117E-01
64  4-2.53017281E-02-3.07703470E-03-1.04023683E-01 7.36281224E-01 1.31508348E-01
64  5 3.69566177E-02 1.20507574E-01-6.08796902E-03 1.97623295E-01 8.66373754E-02
64  6-1.24120522E-01-1.42807860E-01-5.40605856E-01-4.75636511E-02 1.22804581E-01
64  7 1.97084580E-02-2.00460095E-02 9.06557937E-02-2.29275643E-02 3.73972517E-01
64  8 1.85208079E-01-1.18359463E-02 7.37216077E-02-4.50076302E-01-2.12328669E-01
64  9-1.98262042E-02-5.15792466E-02-7.53222461E-03-1.80568045E-01-2.66545227E-03
64 10-2.36483530E-02 1.84576555E-01 7.76970462E-01 4.37242458E-02 1.25539229E-01
64 11-1.97280378E-01-7.91222285E-01 2.26713295E-02 3.09948828E-02-1.31977556E-01
64 12-6.82845418E-02 1.84841663E-01-3.26232280E-01-6.46125763E-02 1.27282823E-01
64 13-1.83932304E-01 3.83082620E-01 1.74804965E-01 1.51152681E-02 1.26712203E-02
64 14 1.72189372E-01 7.66032924E-02-1.80147832E-01 6.40963696E-02 6.31948403E-02
64 15-1.40279255E-01 1.41106708E-01
65  1 2.10771788E-04-6.44067563E-04-7.14952830E-04-1.09523005E-05-2.38530897E-03
65  2 2.99345801E-02 3.96357435E-03 8.46894689E-05 5.88857375E-03-8.94980240E-02
65  3-1.02858770E-02 2.33876532E-02 5.45559016E-02 4.53506433E-03-9.91277114E-02
65  4-2.29285861E-02-3.63743658E-02-8.36768940E-03-1.10846799E-02 1.40744173E-01
65  5-9.44082576E-02 1.32576314E-01 7.63886289E-03-4.70314373E-01 1.07194840E-01
65  6-1.53107778E-01 5.31916960E-02 4.00099545E-01-3.77955715E-01 5.59134605E-02
65  7 6.36670756E-02-7.21592156E-03 3.91732322E-02-3.82102844E-01 2.39706071E-01
65  8 2.69480528E-01-2.12831557E-01 4.73645160E-01-2.28052954E-01-3.25203701E-01
65  9 3.10037234E-02 3.33162254E-02-4.43923977E-03-8.68056257E-02 2.96656003E-02
65 10-1.39037365E-01-3.66557661E-01 1.96556724E-01-8.33788256E-02 9.02944046E-03
65 11 5.14414489E-01-2.59075270E-01 8.99934613E-02 3.85788864E-03-4.62711822E-02
65 12 2.98851524E-02-4.83136105E-01 4.93111183E-01 7.77768085E-02-7.21614985E-02
65 13 7.20662331E-01-6.70216898E-01-1.59170277E-01-3.48249826E-01 1.86754775E-01
65 14 1.88076195E-01 2.77383605E-01-8.36067393E-02 1.42249789E-01-4.16415239E-02
65 15-2.12899243E-01 2.35823054E-01
66  1 1.49544385E-03-1.21727809E-02 3.91394229E-03 7.93327179E-03 2.06865348E-02
66  2-4.73578347E-02-1.03397875E-02-2.70062124E-02-6.94849833E-02 2.57195073E-01
66  3-5.56705265E-02-3.53508961E-02-1.59164759E-01 1.27351647E-02 1.04277669E+00
66  4-2.41580144E-03 1.21191659E-02-5.28931725E-02-2.03498831E+00 1.60303920E-01
66  5-1.70167450E-01 1.52996378E-01 1.86046361E-02 4.18722625E-01 7.96463615E-02
66  6-3.58733118E-02-2.11166318E-02-3.94866783E-01-6.19570007E-01-1.03418015E-01
66  7 6.12720860E-01-1.66474531E-02 1.05345902E-01-1.13178963E-01 2.68574161E-03
66  8 9.97212459E-03-5.49916261E-02 2.09493587E-01 3.79718928E-02-1.12161797E-01
66  9 1.54804385E-01 4.04079494E-01 5.99674384E-02 3.25271733E-01-1.48878907E-02
66 10 1.32517494E-01-4.23608575E-01-3.32054097E-03-6.40345636E-01-1.19240744E-01
66 11 6.53310413E-01 5.77089809E-02 8.84077927E-01 1.50977155E-02-6.36101874E-02
66 12-2.30764581E-02 6.59329395E-02-3.13995047E-01-7.21123372E-02 6.00589821E-02
66 13-1.02949808E-01 4.15310850E-01 1.51404818E-01 1.69211829E-02-1.14776598E-01
66 14 2.51562624E-01 1.18683446E-01 3.47120975E-01 2.59719633E-01 2.59081312E-01
66 15-7.07086138E-02-2.53564878E-02
67  1-3.77040580E-04 3.17156936E-03 5.27223486E-04 6.51568902E-04-6.53059480E-03
67  2 6.08557469E-03-3.99578752E-03-1.47648830E-03 2.79039942E-02-8.70407190E-02
67  3 3.34312423E-02 8.70181859E-03 4.28407189E-02-5.10931620E-03 9.42711159E-02
67  4 6.80360892E-03-3.15419752E-02-1.26235437E-01 2.15017666E-01 3.38334869E-03
67  5 3.24721861E-01 7.23865829E-02 2.92684540E-03 3.05714092E-01-1.40363390E-01
67  6 2.04029699E-02 9.49243575E-02-2.61435755E-01 3.71139149E-01 4.24281086E-01
67  7-2.81825365E-01 9.26289360E-03-4.31193403E-02 2.84373878E-01-3.04319836E-01
67  8 2.23810697E-02 9.60827719E-02-4.30609074E-01 4.06358725E-01-1.92428734E-02
67  9-4.44485362E-02 9.03192252E-02 4.16455539E-02 1.27469970E-01-3.97446598E-03
67 10-1.31778344E-02 4.35268110E-01 2.56507775E-01-3.86639772E-01 5.27769897E-02
67 11-6.45622944E-01-3.66064526E-01 4.97438688E-01 1.70919290E-02-1.07745203E-01
67 12 1.87071936E-01-6.26279762E-01 3.69663075E-02-1.68685797E-02-2.62454380E-01
67 13 9.72990294E-01-9.48046370E-02-1.07631272E-01-3.37790457E-01 7.46452110E-02
67 14 7.01733746E-01-1.86196060E-01-1.01456302E-01-1.71537140E-01 2.56389464E-03
67 15 1.67996772E-01-4.68162920E-01
68  1 2.68738102E-03-1.68293374E-02-3.40286987E-03 4.60637554E-03 1.39013091E-02
68  2 9.73331180E-02 1.11878875E-02-1.16739242E-02-6.36293392E-02-1.07466108E-01
68  3 1.14440584E-02-1.30613153E-02 8.21573057E-02 2.73728464E-02 1.74904411E-01
68  4 3.83406678E-02-1.87131211E-01 9.70109643E-02-1.40158823E+00-2.97176375E-01
68  5-1.52489182E-01 4.41375332E-01-3.96190781E-02-8.07382149E-01 1.36201239E-02
68  6 1.88883896E-01-3.49742881E-02 2.28241394E+00-8.23022962E-01-4.81399505E-01
68  7 4.71149147E-01 7.09868418E-03-3.93465626E-02-2.08557114E-01-6.57635649E-01
68  8 4.29810213E-01-1.35033658E-01 2.88312576E-01 1.30897981E+00-7.83542599E-01
68  9 3.43524455E-02 2.87099638E-02 1.04870779E-01 2.14233274E-01 3.91246609E-02
68 10-2.44262295E-01-3.51858384E-02 1.09017025E-01 1.62788732E-01 9.26422486E-02
68 11 5.21094588E-02-1.90028892E-01-3.56862277E-01-1.20787604E-02 1.37492918E-01
68 12 4.04955937E-02 3.98144641E-03-3.88164514E-01-1.72458714E-01-3.72935113E-02
68 13-3.26357669E-02 5.86123851E-01 6.92904895E-02 2.26575167E-01-4.46355093E-03
68 14 7.13871581E-02 1.13440175E-01-2.64796560E-01 8.08801424E-03-8.21452708E-03
68 15-3.14668194E-01-6.42800153E-01
69  1 4.66210832E-03-3.43991508E-02 6.93680866E-03 3.83238073E-03 5.28735322E-02
69  2-2.65440358E-02-2.56324856E-02-1.01068539E-02-1.89123619E-01 4.24156192E-01
69  3-1.23827691E-02-8.40066415E-02-2.40968515E-01 5.44242720E-02 1.49825434E+00
69  4 2.04502800E-02 8.01412623E-02 8.50097731E-02-3.62469912E+00-3.93142609E-01
69  5-6.07631224E-01 4.68738592E-01-5.37366478E-02-1.14705940E+00-1.37423977E-02
69  6 3.32397107E-02 1.02836489E-01 2.97829894E+00 2.13424406E-02-9.32755271E-01
69  7 3.05053391E-01 1.95545592E-02-7.91565100E-02 1.37586729E-02 2.97494996E-01
69  8-1.88100283E-01-1.57963011E-01-7.20711434E-02-3.34879799E-01 2.93022103E-01
69  9 2.23323639E-01 3.59840323E-01 2.78830957E-01 3.28362873E-01 3.41774172E-02
69 10-2.31389040E-01 2.95774597E-01 1.20107018E-01 1.18237069E-01 5.53415261E-02
69 11-5.19079772E-01-2.33377844E-01-4.11569139E-01 3.64688494E-03-3.13174943E-02
69 12-3.45809900E-02 3.65786700E-02 5.08192182E-02 3.36341376E-02 4.80546456E-02
69 13-4.61002344E-02-6.97436159E-02 3.88689029E-03-9.97213194E-03 4.10175000E-02
69 14-6.31542838E-02-1.35522181E-01-2.71086552E-01-2.79701704E-01-3.60805154E-01
69 15 1.55467212E-01 1.55501227E-01
70  1 2.23649759E-04-4.56800691E-04-3.65785840E-04-1.52851111E-03-2.23266579E-03
70  2 3.81035303E-02 2.50884550E-03 6.77114863E-03 4.10088548E-03-1.03065171E-01
70  3-1.14002800E-02-7.72964872E-03 7.86482230E-02-1.65457312E-02-8.57853470E-02
70  4-1.00576954E-02 1.18541783E-02-7.95633953E-02 5.89336046E-01 1.80259470E-01
70  5 1.62997628E-01-1.46287905E-01 4.06706524E-02 5.08130568E-01-1.33624429E-02
70  6-4.11612802E-02-3.58605084E-02-1.24585199E+00 1.24951398E-01 4.29430717E-01
70  7 1.71685949E-01-2.38313052E-02 4.10482925E-01 6.27768056E-02 9.15076114E-02
70  8-2.42627881E-02-4.70632566E-01-1.37359868E-01-2.96529060E-01 7.92758332E-02
70  9-4.95129948E-02 8.74553296E-02-4.80245805E-02-2.48099420E-02 5.46376922E-02
70 10-1.06538736E+00 7.21520651E-02-3.41979786E-02-1.49571655E-01 1.31203477E+00
70 11-2.21955795E-01 1.20697498E-01 3.82438174E-01-5.97066320E-02 1.12007223E+00
70 12-9.00766546E-02-4.97741304E-03-1.17091995E-04-1.32902163E+00 2.42831942E-01
70 13 4.25122385E-02 7.09396998E-02 1.93835097E-01 2.10574987E-01 1.68125659E-01
70 14 1.37837272E-01-1.88342535E-01-1.80952162E-01 9.64579868E-02 1.02205015E-01
70 15 2.58235271E-02 4.40759976E-01
71  1 1.03908862E-03-6.03124681E-03-2.72075698E-03-4.52146659E-04 3.66628140E-03
71  2 5.75801007E-02 1.34265649E-02 3.15073247E-03-2.17116801E-02-9.23948784E-02
71  3-3.99017233E-02-3.61944296E-03 7.56929822E-02-2.59185359E-03-4.69829750E-02
71  4-1.34669539E-02-3.05801997E-02-3.34690099E-03 1.09124932E-01 1.89100296E-01
71  5-3.80153975E-02-3.10990306E-02-1.07600767E-02 6.71535104E-02-4.18980473E-02
71  6 1.10000884E-01-1.68661093E-02 2.79513465E-01-3.26610325E-01 4.96580900E-01
71  7 8.25122844E-02-4.54376340E-02 1.02378673E+00 1.12642935E-01-1.12327499E-01
71  8-1.28168810E-02-1.39566576E+00-3.38399158E-01 3.27129099E-01 3.87311529E-02
71  9 1.15547328E-02 6.73403191E-02-5.83373513E-02 4.89969486E-04 3.97715037E-02
71 10-7.39403410E-01-3.58088537E-02-9.69688517E-02 2.76062141E-02 8.62917412E-01
71 11 2.37983268E-02 1.90347973E-01-4.30007294E-02 5.01824980E-02-1.06619308E+00
71 12 4.77057602E-02 1.12061686E-01 8.25437048E-02 1.38097825E+00-1.67668433E-01
71 13-2.96809116E-01-2.26824006E-01-1.99304872E-01-1.31445191E-01-1.31837753E-01
71 14-5.78953131E-01-1.28771088E-01-6.03414413E-02-8.79369724E-03 1.10499006E-01
71 15 1.85873648E-01-1.16049842E-02
72  1 1.00631721E-03-7.06163051E-03-5.36183011E-04 1.51527168E-03 7.49561978E-03
72  2 1.60600405E-02 4.83815091E-03-6.49172721E-03-2.98953770E-02 2.27846672E-02
72  3-3.29989195E-02 2.52687907E-02-1.96432081E-02 2.59785102E-02 1.45735092E-01
72  4-3.22926779E-02-4.05960988E-02 7.88210890E-02-8.58332635E-01 1.23091046E-01
72  5-3.50726124E-01 2.62549217E-01-8.42488338E-02-6.31279364E-01-4.38558645E-02
72  6 2.04560288E-01 4.61922825E-02 2.29959839E+00-6.41824934E-01 6.12207949E-02
72  7-2.21504118E-01-3.15030746E-02 1.33354312E+00 1.09592382E-01-1.08467711E-01
72  8-8.81958954E-02-2.17440011E+00-4.41612338E-01 5.09474435E-01 2.88096675E-01
72  9 1.15209464E-01 6.87676968E-02 1.50873263E-03-9.64203184E-03-2.75011105E-02
72 10 9.49633206E-01-3.17689878E-02 1.53044816E-01 8.97107023E-02-1.31177246E+00
72 11 1.51437331E-01-4.22626089E-01-3.33947997E-01-1.85825836E-02 5.56196318E-01
72 12-3.58388877E-02-7.66147930E-02 4.99134534E-02-7.58621764E-01 1.12442289E-01
72 13 2.23972676E-01-7.49586036E-02 8.40128022E-02-1.30001475E-02 9.27652621E-02
72 14 3.31114389E-01 2.38011370E-01-2.57811525E-03-1.43315870E-01-1.11981335E-01
72 15 2.26164199E-01 2.18647340E-01
 $END   
 POPULATION ANALYSIS
CL          17.09044  -0.09044  17.13085  -0.13085
C            6.60831  -0.60831   6.20180  -0.20180
C            5.80681   0.19319   5.84793   0.15207
O            8.61379  -0.61379   8.32055  -0.32055
H            0.68454   0.31546   0.85261   0.14739
H            0.67832   0.32168   0.84766   0.15234
O            8.55999  -0.55999   8.40952  -0.40952
O            8.73729  -0.73729   8.47694  -0.47694
H            0.61489   0.38511   0.74139   0.25861
H            0.63432   0.36568   0.77130   0.22870
H            0.63992   0.36008   0.76616   0.23384
H            0.72201   0.27799   0.89092   0.10908
H            0.60935   0.39065   0.74237   0.25763
 --- SOLUTE ELECTROSTATIC MOMENTS ---
 MOMENTS AT POINT    1 X,Y,Z=  5.937372  2.281992 -3.647518
 DIPOLE      -1.938493 -0.454967 -4.100777
 --- SYSTEM ELECTROSTATIC MOMENTS ---
 MOMENTS AT POINT    1 X,Y,Z=  5.937372  2.281992 -3.647518
 DIPOLE      -1.938493 -0.454967 -4.100777
 $GRAD  
E=     -762.2879117086  GMAX=   0.0004198  GRMS=   0.0001242
CL          17.   -1.1631143336E-05    2.0488764292E-06   -8.9688317867E-05
C            6.   -3.0971987270E-06    4.0443519975E-05    1.0343206967E-04
C            6.    1.2827593783E-04    1.4524626156E-04    1.1477262142E-05
O            8.    1.5723171922E-04   -1.9113825756E-04   -8.0525112708E-05
H            1.    1.2125821611E-05   -5.4424069525E-05   -2.7729659945E-05
H            1.    6.1851824812E-06   -1.2241442057E-06   -2.1087331639E-05
O            8.   -1.2004288638E-05    4.9400292981E-05    2.2062722022E-04
O            8.    1.9629813693E-04   -1.8253421405E-04   -1.2952245854E-04
H            1.    4.7703053673E-05    1.3740242335E-04    5.0542412864E-05
H            1.   -4.1983695888E-04    9.5125010386E-05    5.3918680005E-05
H            1.    2.1314547928E-05   -1.8165092384E-05   -2.0054044867E-04
H            1.    2.0577545320E-05   -8.7946855339E-05    1.9497579331E-04
H            1.   -1.4314235542E-04    6.5766248380E-05   -8.5880108833E-05
 $END
 CAUTION, APPROXIMATE HESSIAN!
 $HESS
ENERGY IS     -762.2879117086 E(NUC) IS      306.4899188280
 1  1 8.34207373E-02-1.18942043E-02 3.78323716E-02-1.20454396E-01 3.01896619E-02
 1  2-2.88064489E-02 2.77175057E-02-1.46306760E-02-4.99826125E-03-3.21289801E-02
 1  3-1.09177268E-02-2.78412736E-02 3.42726077E-03-1.17851866E-02-3.18437956E-02
 1  4 6.96059684E-03 1.48415708E-03 1.78090141E-02 1.02210163E-02-4.06460052E-03
 1  5-3.16254555E-03-2.25554150E-02 1.11708684E-02-1.14282892E-02-4.23965969E-03
 1  6-4.95711224E-03-1.17735399E-03 2.25883269E-02-5.61299744E-03 8.64162970E-03
 1  7-5.34217633E-04 4.91806841E-04 2.26014772E-03-1.97931764E-03 2.09422567E-02
 1  8 2.81566292E-02 2.75565426E-02-4.16247021E-04 1.45581757E-02
 2  1-1.18942043E-02 6.40166797E-02 6.96240627E-02 2.76774784E-02-7.76889314E-02
 2  2-6.02475844E-02-7.90529394E-03 1.44055673E-02 1.48245951E-02 1.65658288E-02
 2  3 3.34864668E-03 2.06617616E-02 1.80757679E-04-1.47728880E-04-3.62308867E-04
 2  4-9.57715739E-03-2.60399475E-03-2.49718302E-02-3.41605742E-03 2.21241693E-03
 2  5 7.72676127E-04 1.60503838E-02-4.00344779E-03 6.86067535E-03 6.54227525E-04
 2  6 2.66545097E-03-4.13958906E-04-1.54901433E-02 1.42034051E-03-4.70751148E-03
 2  7-4.91757596E-04 8.82835435E-04-6.20700389E-04 1.12880451E-04-7.38773220E-03
 2  8-9.86244113E-03-1.24669427E-02 2.87989753E-03-1.15574355E-02
 3  1 3.78323716E-02 6.96240627E-02 2.54216997E-01-3.41585272E-02-5.38406338E-02
 3  2-2.31198203E-01-4.48018437E-03-3.77068444E-02-4.53953625E-02-1.94834134E-03
 3  3 3.14825598E-02 6.40595231E-04-8.14124399E-04-2.75356394E-03-5.11772516E-05
 3  4-4.01170473E-04-1.01614290E-04 1.85360760E-03 5.06975560E-03-6.82121046E-03
 3  5-1.15505309E-02 9.70979554E-03 3.84467692E-03-2.61223493E-03-3.52200968E-03
 3  6-9.33624634E-03 6.17147549E-03-7.17829149E-03 9.04786700E-03-7.64934134E-04
 3  7 1.63370694E-03 5.32225498E-03 9.09555543E-03 1.38326394E-03 8.93757990E-03
 3  8 9.63605050E-03-3.12624471E-03-1.76988881E-02 9.95816104E-03
 4  1-1.20454396E-01 2.76774784E-02-3.41585272E-02 1.01146569E+00-4.41900934E-02
 4  2 9.73484624E-02-3.35619978E-01 1.80344249E-02 2.77687662E-02-1.84647512E-02
 4  3-5.19654635E-03-5.39259835E-02-3.47087930E-01-1.25691402E-02-1.48697718E-03
 4  4-2.65552333E-01 5.94471312E-02-9.00262581E-02 4.57631913E-04-4.47507472E-02
 4  5 1.92476621E-02-5.00130584E-02 1.47651220E-02-1.41936889E-02 3.04245390E-03
 4  6-5.77978919E-03-6.99440087E-03 5.97647404E-02-1.37482114E-02 1.52666946E-02
 4  7 5.06662907E-03 4.07079559E-02-2.01927398E-02 4.56626736E-03-4.25027812E-02
 4  8 1.69739225E-02 5.28290342E-02 8.10519652E-03 4.43730677E-02
 5  1 3.01896619E-02-7.76889314E-02-5.38406338E-02-4.41900934E-02 8.88821605E-01
 5  2 1.29514198E-01-7.94954541E-03-2.56998809E-01 1.35807538E-01-1.65008313E-02
 5  3-4.42433355E-02-8.63193862E-03-5.59421329E-03-2.08985283E-01-9.85642997E-02
 5  4 5.25514809E-02-3.10222987E-01-6.84713129E-02-3.38883775E-03 4.75711397E-02
 5  5 6.58023413E-03-3.73658949E-02-1.08497745E-02 1.84277639E-02 2.12652983E-02
 5  6 9.42953000E-03-1.05920894E-02 1.14033001E-02-2.75505085E-03-1.18808221E-02
 5  7 4.77039424E-04-2.94760336E-02-1.21337642E-02 8.15678396E-04-2.31727981E-02
 5  8-3.81954612E-02-1.71304283E-03 1.85707277E-02 1.19805877E-02
 6  1-2.88064489E-02-6.02475844E-02-2.31198203E-01 9.73484624E-02 1.29514198E-01
 6  2 8.82944789E-01-1.23450371E-02 1.51527108E-01-1.77497462E-01-1.12093143E-02
 6  3-5.89126791E-02-4.37186468E-02-1.93562262E-04-9.31409634E-02-1.91191732E-01
 6  4-8.71116362E-02-6.33025754E-02-2.07269294E-01 2.00784154E-03 2.16781351E-02
 6  5 1.15778005E-02-9.49968151E-02-1.58703134E-02-5.91023500E-03 3.41315802E-02
 6  6 1.93032566E-02-9.37628754E-03 6.94730873E-02-1.48687164E-02 8.95310075E-03
 6  7 1.06319660E-03-1.18689256E-02-1.65522619E-02 1.35189960E-03-3.80395637E-02
 6  8-5.58276932E-02 2.92867461E-02 3.42286235E-02 3.50661247E-02
 7  1 2.77175057E-02-7.90529394E-03-4.48018437E-03-3.35619978E-01-7.94954541E-03
 7  2-1.23450371E-02 1.16707067E+00-9.51166572E-02 2.59753410E-02-3.60768722E-01
 7  3 6.56963663E-02-7.47958994E-02 1.48552922E-03-3.51601079E-02 2.00409328E-02
 7  4 2.95541496E-02 1.70616172E-02-2.64042308E-03-2.36022564E-01-6.12191125E-03
 7  5 1.60071370E-02-6.16534588E-02-1.10951935E-02-2.87492443E-02 2.04341582E-02
 7  6 1.32975772E-02 7.48045841E-03 4.25491639E-02-1.72752181E-03 2.81138479E-02
 7  7 3.23820674E-03-1.50832274E-03-3.96499493E-02-3.54049249E-01 7.61578411E-02
 7  8 4.42700200E-02 5.60645848E-02-5.62884812E-03 2.07730003E-02
 8  1-1.46306760E-02 1.44055673E-02-3.77068444E-02 1.80344249E-02-2.56998809E-01
 8  2 1.51527108E-01-9.51166572E-02 9.14004317E-01-1.63906207E-01 7.52350996E-02
 8  3-2.94545123E-01 8.23378579E-02 1.72187943E-03-1.59575211E-02-2.02388601E-02
 8  4-1.16271567E-02-1.33497745E-02 2.36548351E-02 4.58281648E-02-2.20419690E-01
 8  5-9.28643932E-02 7.96511056E-02-3.37496827E-02 1.79711241E-02 6.73470215E-03
 8  6 7.62915086E-03 9.39182596E-03-1.38594563E-01 3.56836211E-02-3.24073495E-02
 8  7 1.09507618E-03 3.31092392E-02-2.00142194E-03-1.50325084E-02-1.71923029E-01
 8  8 6.13414033E-02 4.67011086E-02 2.11173316E-03 2.90092237E-03
 9  1-4.99826125E-03 1.48245951E-02-4.53953625E-02 2.77687662E-02 1.35807538E-01
 9  2-1.77497462E-01 2.59753410E-02-1.63906207E-01 9.26453352E-01-5.09963981E-02
 9  3-1.20427392E-02-2.35189774E-01 2.21520615E-03-2.67060755E-02-9.16612832E-03
 9  4 1.00407972E-02-3.55667320E-03 3.07889776E-02 6.76337872E-03-5.69626290E-02
 9  5-2.50494403E-01 8.04359927E-02-9.23761436E-03 6.31487937E-02 5.14209639E-03
 9  6-1.08708204E-02-1.71380696E-02-1.58012282E-01 1.68171937E-02-9.79318365E-02
 9  7 4.47993023E-03 1.60290028E-02-3.17630273E-02-2.32155509E-03 5.50482081E-02
 9  8-2.01155096E-01 5.35069882E-02 4.47562214E-02 4.53400353E-02
10  1-3.21289801E-02 1.65658288E-02-1.94834134E-03-1.84647512E-02-1.65008313E-02
10  2-1.12093143E-02-3.60768722E-01 7.52350996E-02-5.09963981E-02 7.67430175E-01
10  3 5.01054775E-02 1.72602413E-01 7.77977131E-03-4.34833081E-02-4.41838448E-02
10  4 4.74069140E-02 2.06275295E-02 4.75145612E-02-8.59505786E-02 1.32874476E-01
10  5-8.72310598E-02-4.92162645E-02-3.19015674E-02-3.95457042E-02-2.34041815E-02
10  6 5.47954002E-02 4.09891727E-02 2.56137321E-01-4.84587432E-02 8.87579282E-02
10  7-6.71889270E-03-7.45160332E-02 3.07103506E-02 7.11204962E-03-5.23407914E-02
10  8 2.31591902E-02-5.09213861E-01-8.30025369E-02-1.68618953E-01
11  1-1.09177268E-02 3.34864668E-03 3.14825598E-02-5.19654635E-03-4.42433355E-02
11  2-5.89126791E-02 6.56963663E-02-2.94545123E-01-1.20427392E-02 5.01054775E-02
11  3 5.83540527E-01-1.64983540E-02-1.49169585E-03 4.24346847E-04-2.56058632E-03
11  4 2.27415872E-02 1.38707188E-02 2.14135868E-02 1.47808496E-03 5.32558719E-02
11  5-3.44466000E-02-5.78373950E-03 1.36637583E-02-1.18767509E-02-1.37486710E-02
11  6-7.26646399E-03 2.69015028E-02 7.72471025E-02 6.87816006E-03 1.57016989E-02
11  7 3.59129965E-03-5.20335176E-02 1.78142317E-02 7.26699359E-03-2.40749913E-02
11  8-2.22587384E-02-1.90988532E-01-2.52818599E-01 4.52828679E-02
12  1-2.78412736E-02 2.06617616E-02 6.40595231E-04-5.39259835E-02-8.63193862E-03
12  2-4.37186468E-02-7.47958994E-02 8.23378579E-02-2.35189774E-01 1.72602413E-01
12  3-1.64983540E-02 6.42324062E-01 8.25744206E-03-3.63440192E-02-3.67825271E-02
12  4 4.73813163E-02 1.97649949E-02 5.07431903E-02-8.59783296E-02 2.64311828E-02
12  5-3.77343413E-02-4.55788165E-02 1.77401996E-02-4.69935005E-02-3.62902685E-02
12  6 3.77609394E-02 3.28511009E-02 2.68857492E-01-7.25770223E-02 8.82710549E-02
12  7-7.31660676E-03-2.21276179E-02 1.24210602E-02 3.02335889E-03-7.95569846E-02
12  8 1.63093262E-02-1.68394844E-01 3.10390004E-02-4.43141600E-01
13  1 3.42726077E-03 1.80757679E-04-8.14124399E-04-3.47087930E-01-5.59421329E-03
13  2-1.93562262E-04 1.48552922E-03 1.72187943E-03 2.21520615E-03 7.77977131E-03
13  3-1.49169585E-03 8.25744206E-03 3.47412357E-01 1.08325182E-02 3.54710073E-03
13  4-4.67217371E-03-2.58541518E-03-7.48870347E-04-2.29392879E-03 1.57370452E-03
13  5 2.86590430E-03 5.22464812E-03-2.95262897E-03 4.37151192E-03 1.87634964E-03
13  6 2.22998458E-03-9.18755680E-04-6.49028429E-03 2.52156985E-04-3.04368625E-03
13  7-6.99470884E-05-5.28324989E-04-2.07080012E-03 1.78420577E-04-6.15131328E-03
13  8-7.42396713E-03-6.77007288E-03 2.51259015E-03-6.04339897E-03
14  1-1.17851866E-02-1.47728880E-04-2.75356394E-03-1.25691402E-02-2.08985283E-01
14  2-9.31409634E-02-3.51601079E-02-1.59575211E-02-2.67060755E-02-4.34833081E-02
14  3 4.24346847E-04-3.63440192E-02 1.08325182E-02 1.69456302E-01 8.71111959E-02
14  4 4.07578616E-02 2.17299618E-02 5.09229726E-03 1.93469965E-02-1.05920131E-02
14  5-2.00876937E-02-2.12290887E-02 1.96437214E-02-2.66078666E-02-1.37911898E-02
14  6-1.08822178E-02 4.06034517E-03 2.99967049E-02-4.86820094E-03 2.04227190E-02
14  7-1.74162076E-03 5.76809707E-03 1.46573063E-02-3.08715642E-03 4.19016234E-02
14  8 4.95775085E-02 4.19127173E-02-7.49108682E-03 2.47188102E-02
15  1-3.18437956E-02-3.62308867E-04-5.11772516E-05-1.48697718E-03-9.85642997E-02
15  2-1.91191732E-01 2.00409328E-02-2.02388601E-02-9.16612832E-03-4.41838448E-02
15  3-2.56058632E-03-3.67825271E-02 3.54710073E-03 8.71111959E-02 1.69855742E-01
15  4 5.13365533E-03 2.15207567E-03-3.04241006E-04 2.13519999E-02-1.11473224E-02
15  5-1.78504584E-02-1.70220514E-02 1.94706526E-02-2.44472130E-02-1.35934781E-02
15  6-1.05731339E-02 2.39346844E-03 2.28284127E-02-3.67348470E-03 1.95750041E-02
15  7-1.56788977E-03 6.66625789E-03 1.25934512E-02-2.81455153E-03 3.92399617E-02
15  8 5.28705661E-02 3.96104871E-02-7.52014785E-03 2.25052457E-02
16  1 6.96059684E-03-9.57715739E-03-4.01170473E-04-2.65552333E-01 5.25514809E-02
16  2-8.71116362E-02 2.95541496E-02-1.16271567E-02 1.00407972E-02 4.74069140E-02
16  3 2.27415872E-02 4.73813163E-02-4.67217371E-03 4.07578616E-02 5.13365533E-03
16  4 2.28260502E-01-7.76175280E-02 7.01867603E-02-2.02279575E-03-1.52390633E-03
16  5-4.18026123E-03 5.20598115E-02-1.18154403E-02 1.73104797E-02 1.30140808E-03
16  6 3.68866967E-03 1.74381605E-03-5.13350435E-02 1.20084578E-02-1.12480085E-02
16  7-1.92199019E-04 6.19970908E-03 3.51442707E-03 2.13662517E-03-2.13815683E-02
16  8-2.59615981E-02-4.39054615E-02-4.40500925E-03-2.64085774E-02
17  1 1.48415708E-03-2.60399475E-03-1.01614290E-04 5.94471312E-02-3.10222987E-01
17  2-6.33025754E-02 1.70616172E-02-1.33497745E-02-3.55667320E-03 2.06275295E-02
17  3 1.38707188E-02 1.97649949E-02-2.58541518E-03 2.17299618E-02 2.15207567E-03
17  4-7.76175280E-02 2.99028147E-01 6.09417303E-02-7.34026694E-04-1.18074022E-03
17  5-2.90158139E-03 2.40296515E-02-4.87004505E-03 7.11828364E-03 2.67627175E-05
17  6 4.11880034E-04 1.53988382E-03-2.35009115E-02 6.67065550E-03-4.96829555E-03
17  7 2.59140377E-04 3.26038229E-03 2.23522738E-03 1.24475855E-03-8.28854538E-03
17  8-9.31552672E-03-1.97428668E-02-4.45565940E-03-9.60592918E-03
18  1 1.78090141E-02-2.49718302E-02 1.85360760E-03-9.00262581E-02-6.84713129E-02
18  2-2.07269294E-01-2.64042308E-03 2.36548351E-02 3.07889776E-02 4.75145612E-02
18  3 2.14135868E-02 5.07431903E-02-7.48870347E-04 5.09229726E-03-3.04241006E-04
18  4 7.01867603E-02 6.09417303E-02 1.73639600E-01-2.55083768E-03-1.03964181E-03
18  5-5.31315816E-03 5.45837533E-02-1.01567838E-02 1.92142676E-02 2.30329643E-04
18  6 2.98870258E-03 1.03303504E-03-5.16608034E-02 1.09232161E-02-1.20303202E-02
18  7-5.72016635E-04 6.32371108E-03 4.38258166E-03 1.91608968E-03-2.34585288E-02
18  8-2.84543351E-02-4.40412990E-02-3.23998169E-03-2.82839118E-02
19  1 1.02210163E-02-3.41605742E-03 5.06975560E-03 4.57631913E-04-3.38883775E-03
19  2 2.00784154E-03-2.36022564E-01 4.58281648E-02 6.76337872E-03-8.59505786E-02
19  3 1.47808496E-03-8.59783296E-02-2.29392879E-03 1.93469965E-02 2.13519999E-02
19  4-2.02279575E-03-7.34026694E-04-2.55083768E-03 7.61640303E-01 2.39971022E-02
19  5 1.27071156E-01 3.12534773E-01-7.26936001E-02 1.02296144E-01-2.92995818E-03
19  6-1.76280455E-02-1.48082258E-02-5.94200950E-01 1.03185357E-01-1.70397518E-01
19  7-3.34032412E-01-5.33956411E-02-4.24717015E-02 7.88095227E-03-8.73147452E-02
19  8-5.31121127E-02 1.64718511E-01 4.47352482E-02 1.04758449E-01
20  1-4.06460052E-03 2.21241693E-03-6.82121046E-03-4.47507472E-02 4.75711397E-02
20  2 2.16781351E-02-6.12191125E-03-2.20419690E-01-5.69626290E-02 1.32874476E-01
20  3 5.32558719E-02 2.64311828E-02 1.57370452E-03-1.05920131E-02-1.11473224E-02
20  4-1.52390633E-03-1.18074022E-03-1.03964181E-03 2.39971022E-02 4.85419211E-01
20  5 2.71563894E-02 3.16870069E-02 2.34153133E-03 3.57388451E-02 2.34753534E-02
20  6 5.12720333E-03-1.66535866E-02-5.43958404E-02-6.61687565E-02-2.09002266E-02
20  7-4.90343775E-03-2.21384990E-01 6.76530425E-02 3.05775072E-03-3.87402601E-02
20  8 2.29260722E-02-1.00904950E-01-3.74409238E-02-8.80590502E-02
21  1-3.16254555E-03 7.72676127E-04-1.15505309E-02 1.92476621E-02 6.58023413E-03
21  2 1.15778005E-02 1.60071370E-02-9.28643932E-02-2.50494403E-01-8.72310598E-02
21  3-3.44466000E-02-3.77343413E-02 2.86590430E-03-2.00876937E-02-1.78504584E-02
21  4-4.18026123E-03-2.90158139E-03-5.31315816E-03 1.27071156E-01 2.71563894E-02
21  5 5.41340830E-01 2.18158532E-01-2.47772632E-02 2.13337856E-02-2.55757108E-02
21  6-8.19428506E-03 7.15783078E-03-3.24442237E-01 8.63246780E-02-9.51840415E-02
21  7-1.85635378E-02 4.50954142E-02-1.91272111E-01-1.27797269E-03 8.81071683E-03
21  8-2.19777840E-02 8.10829330E-02 8.53170775E-03 4.99665817E-02
22  1-2.25554150E-02 1.60503838E-02 9.70979554E-03-5.00130584E-02-3.73658949E-02
22  2-9.49968151E-02-6.16534588E-02 7.96511056E-02 8.04359927E-02-4.92162645E-02
22  3-5.78373950E-03-4.55788165E-02 5.22464812E-03-2.12290887E-02-1.70220514E-02
22  4 5.20598115E-02 2.40296515E-02 5.45837533E-02 3.12534773E-01 3.16870069E-02
22  5 2.18158532E-01 7.04419546E-01-5.49278212E-02 2.80498584E-01-1.36348668E-01
22  6-3.58824218E-03-1.57644880E-01-8.58609222E-01 1.15943273E-01-2.52299064E-01
22  7 5.81752170E-03-9.52925934E-02-1.18789537E-01 6.08237561E-03-7.01921564E-02
22  8-4.61272849E-02 9.22574104E-02 2.10181153E-02 8.90717907E-02
23  1 1.11708684E-02-4.00344779E-03 3.84467692E-03 1.47651220E-02-1.08497745E-02
23  2-1.58703134E-02-1.10951935E-02-3.37496827E-02-9.23761436E-03-3.19015674E-02
23  3 1.36637583E-02 1.77401996E-02-2.95262897E-03 1.96437214E-02 1.94706526E-02
23  4-1.18154403E-02-4.87004505E-03-1.01567838E-02-7.26936001E-02 2.34153133E-03
23  5-2.47772632E-02-5.49278212E-02 5.34390448E-01-7.59031835E-02 5.92446365E-02
23  6-1.67752338E-01 9.95201249E-02 6.72711618E-02-3.49859090E-01-1.10285215E-02
23  7 3.75651217E-04 6.01372284E-03 1.34676146E-02-6.39540204E-03 4.24637070E-02
23  8-5.47054635E-03 3.89542135E-02-4.74325107E-02-1.59904255E-03
24  1-1.14282892E-02 6.86067535E-03-2.61223493E-03-1.41936889E-02 1.84277639E-02
24  2-5.91023500E-03-2.87492443E-02 1.79711241E-02 6.31487937E-02-3.95457042E-02
24  3-1.18767509E-02-4.69935005E-02 4.37151192E-03-2.66078666E-02-2.44472130E-02
24  4 1.73104797E-02 7.11828364E-03 1.92142676E-02 1.02296144E-01 3.57388451E-02
24  5 2.13337856E-02 2.80498584E-01-7.59031835E-02 4.63909082E-01-1.49680025E-01
24  6 4.01736950E-02-2.58454502E-01-2.59682569E-01 3.33767292E-02-1.96576267E-01
24  7-1.06506052E-02-4.90184002E-02 1.85939460E-02 1.60793759E-03-3.16083084E-02
24  8-4.79465779E-02 1.07845468E-01 3.53473933E-02-3.25934420E-03
25  1-4.23965969E-03 6.54227525E-04-3.52200968E-03 3.04245390E-03 2.12652983E-02
25  2 3.41315802E-02 2.04341582E-02 6.73470215E-03 5.14209639E-03-2.34041815E-02
25  3-1.37486710E-02-3.62902685E-02 1.87634964E-03-1.37911898E-02-1.35934781E-02
25  4 1.30140808E-03 2.67627175E-05 2.30329643E-04-2.92995818E-03 2.34753534E-02
25  5-2.55757108E-02-1.36348668E-01 5.92446365E-02-1.49680025E-01 1.36936513E-01
25  6-5.74680048E-02 1.27052033E-01-1.94682491E-02 6.92045790E-03 2.27977316E-02
25  7-5.58490165E-04-2.34412742E-02 1.93100816E-02 2.56871351E-03-1.64453352E-02
25  8-8.75352358E-03 2.07896108E-02 6.57303666E-03 2.87511637E-02
26  1-4.95711224E-03 2.66545097E-03-9.33624634E-03-5.77978919E-03 9.42953000E-03
26  2 1.93032566E-02 1.32975772E-02 7.62915086E-03-1.08708204E-02 5.47954002E-02
26  3-7.26646399E-03 3.77609394E-02 2.22998458E-03-1.08822178E-02-1.05731339E-02
26  4 3.68866967E-03 4.11880034E-04 2.98870258E-03-1.76280455E-02 5.12720333E-03
26  5-8.19428506E-03-3.58824218E-03-1.67752338E-01 4.01736950E-02-5.74680048E-02
26  6 1.81954448E-01-9.93171057E-02 8.09557175E-02-2.24805010E-02 7.05622699E-02
26  7-3.86988612E-03 8.08636584E-03-9.28998860E-04 1.35832431E-03-1.71878188E-02
26  8 1.62112361E-02-6.30345935E-02 1.02653111E-02-4.77795094E-02
27  1-1.17735399E-03-4.13958906E-04 6.17147549E-03-6.99440087E-03-1.05920894E-02
27  2-9.37628754E-03 7.48045841E-03 9.39182596E-03-1.71380696E-02 4.09891727E-02
27  3 2.69015028E-02 3.28511009E-02-9.18755680E-04 4.06034517E-03 2.39346844E-03
27  4 1.74381605E-03 1.53988382E-03 1.03303504E-03-1.48082258E-02-1.66535866E-02
27  5 7.15783078E-03-1.57644880E-01 9.95201249E-02-2.58454502E-01 1.27052033E-01
27  6-9.93171057E-02 2.45677487E-01 5.56865410E-02-7.83876533E-03 2.26495050E-02
27  7 7.60023026E-03 2.15218444E-02-9.59086672E-03 2.77140231E-03-1.10426350E-02
27  8 1.12910231E-02-6.17800372E-02-1.70773861E-02-3.46651997E-02
28  1 2.25883269E-02-1.54901433E-02-7.17829149E-03 5.97647404E-02 1.14033001E-02
28  2 6.94730873E-02 4.25491639E-02-1.38594563E-01-1.58012282E-01 2.56137321E-01
28  3 7.72471025E-02 2.68857492E-01-6.49028429E-03 2.99967049E-02 2.28284127E-02
28  4-5.13350435E-02-2.35009115E-02-5.16608034E-02-5.94200950E-01-5.43958404E-02
28  5-3.24442237E-01-8.58609222E-01 6.72711618E-02-2.59682569E-01-1.94682491E-02
28  6 8.09557175E-02 5.56865410E-02 1.52099287E+00-2.45654951E-01 3.82777079E-01
28  7-1.18618168E-02 1.73663564E-01 1.71459156E-01-1.12204083E-02 1.13906582E-01
28  8 6.72516632E-02-3.48846448E-01-7.68077238E-02-2.37357248E-01
29  1-5.61299744E-03 1.42034051E-03 9.04786700E-03-1.37482114E-02-2.75505085E-03
29  2-1.48687164E-02-1.72752181E-03 3.56836211E-02 1.68171937E-02-4.84587432E-02
29  3 6.87816006E-03-7.25770223E-02 2.52156985E-04-4.86820094E-03-3.67348470E-03
29  4 1.20084578E-02 6.67065550E-03 1.09232161E-02 1.03185357E-01-6.61687565E-02
29  5 8.63246780E-02 1.15943273E-01-3.49859090E-01 3.33767292E-02 6.92045790E-03
29  6-2.24805010E-02-7.83876533E-03-2.45654951E-01 4.57713604E-01-7.33422474E-02
29  7 6.75836946E-03-3.68119111E-02-3.62859570E-02 5.69490512E-03-2.70585759E-02
29  8-1.13120174E-02 6.44394479E-02 1.63570508E-03 6.34085262E-02
30  1 8.64162970E-03-4.70751148E-03-7.64934134E-04 1.52666946E-02-1.18808221E-02
30  2 8.95310075E-03 2.81138479E-02-3.24073495E-02-9.79318365E-02 8.87579282E-02
30  3 1.57016989E-02 8.82710549E-02-3.04368625E-03 2.04227190E-02 1.95750041E-02
30  4-1.12480085E-02-4.96829555E-03-1.20303202E-02-1.70397518E-01-2.09002266E-02
30  5-9.51840415E-02-2.52299064E-01-1.10285215E-02-1.96576267E-01 2.27977316E-02
30  6 7.05622699E-02 2.26495050E-02 3.82777079E-01-7.33422474E-02 2.82039327E-01
30  7 2.98828646E-03 4.11278169E-02 6.24022188E-03-3.61482673E-03 4.34132665E-02
30  8 4.83329195E-02-1.08740094E-01-3.19927970E-02-7.35737342E-02
31  1-5.34217633E-04-4.91757596E-04 1.63370694E-03 5.06662907E-03 4.77039424E-04
31  2 1.06319660E-03 3.23820674E-03 1.09507618E-03 4.47993023E-03-6.71889270E-03
31  3 3.59129965E-03-7.31660676E-03-6.99470884E-05-1.74162076E-03-1.56788977E-03
31  4-1.92199019E-04 2.59140377E-04-5.72016635E-04-3.34032412E-01-4.90343775E-03
31  5-1.85635378E-02 5.81752170E-03 3.75651217E-04-1.06506052E-02-5.58490165E-04
31  6-3.86988612E-03 7.60023026E-03-1.18618168E-02 6.75836946E-03 2.98828646E-03
31  7 3.37308886E-01-6.07732036E-04 2.02377927E-02 3.03407106E-04 5.11178796E-03
31  8-7.22030749E-03 2.23332494E-03-6.05393001E-03 7.88782044E-03
32  1 4.91806841E-04 8.82835435E-04 5.32225498E-03 4.07079559E-02-2.94760336E-02
32  2-1.18689256E-02-1.50832274E-03 3.31092392E-02 1.60290028E-02-7.45160332E-02
32  3-5.20335176E-02-2.21276179E-02-5.28324989E-04 5.76809707E-03 6.66625789E-03
32  4 6.19970908E-03 3.26038229E-03 6.32371108E-03-5.33956411E-02-2.21384990E-01
32  5 4.50954142E-02-9.52925934E-02 6.01372284E-03-4.90184002E-02-2.34412742E-02
32  6 8.08636584E-03 2.15218444E-02 1.73663564E-01-3.68119111E-02 4.11278169E-02
32  7-6.07732036E-04 2.07915731E-01-4.77050251E-02-5.32861732E-03 4.75093906E-02
32  8-4.43354523E-02 3.35555028E-02 2.71606878E-02 3.29691188E-02
33  1 2.26014772E-03-6.20700389E-04 9.09555543E-03-2.01927398E-02-1.21337642E-02
33  2-1.65522619E-02-3.96499493E-02-2.00142194E-03-3.17630273E-02 3.07103506E-02
33  3 1.78142317E-02 1.24210602E-02-2.07080012E-03 1.46573063E-02 1.25934512E-02
33  4 3.51442707E-03 2.23522738E-03 4.38258166E-03-4.24717015E-02 6.76530425E-02
33  5-1.91272111E-01-1.18789537E-01 1.34676146E-02 1.85939460E-02 1.93100816E-02
33  6-9.28998860E-04-9.59086672E-03 1.71459156E-01-3.62859570E-02 6.24022188E-03
33  7 2.02377927E-02-4.77050251E-02 1.72913081E-01 2.38463903E-03-1.96769258E-02
33  8 2.38283928E-02-2.67018668E-02 3.52537069E-03-1.08900226E-02
34  1-1.97931764E-03 1.12880451E-04 1.38326394E-03 4.56626736E-03 8.15678396E-04
34  2 1.35189960E-03-3.54049249E-01-1.50325084E-02-2.32155509E-03 7.11204962E-03
34  3 7.26699359E-03 3.02335889E-03 1.78420577E-04-3.08715642E-03-2.81455153E-03
34  4 2.13662517E-03 1.24475855E-03 1.91608968E-03 7.88095227E-03 3.05775072E-03
34  5-1.27797269E-03 6.08237561E-03-6.39540204E-03 1.60793759E-03 2.56871351E-03
34  6 1.35832431E-03 2.77140231E-03-1.12204083E-02 5.69490512E-03-3.61482673E-03
34  7 3.03407106E-04-5.32861732E-03 2.38463903E-03 3.47070479E-01 1.43226240E-02
34  8-3.05297607E-03-1.06503154E-02-4.03023101E-03-1.35670893E-03
35  1 2.09422567E-02-7.38773220E-03 8.93757990E-03-4.25027812E-02-2.31727981E-02
35  2-3.80395637E-02 7.61578411E-02-1.71923029E-01 5.50482081E-02-5.23407914E-02
35  3-2.40749913E-02-7.95569846E-02-6.15131328E-03 4.19016234E-02 3.92399617E-02
35  4-2.13815683E-02-8.28854538E-03-2.34585288E-02-8.73147452E-02-3.87402601E-02
35  5 8.81071683E-03-7.01921564E-02 4.24637070E-02-3.16083084E-02-1.64453352E-02
35  6-1.71878188E-02-1.10426350E-02 1.13906582E-01-2.70585759E-02 4.34132665E-02
35  7 5.11178796E-03 4.75093906E-02-1.96769258E-02 1.43226240E-02 1.90371982E-01
35  8 2.21295455E-03 6.58875990E-02-4.41295255E-03 4.57202587E-02
36  1 2.81566292E-02-9.86244113E-03 9.63605050E-03 1.69739225E-02-3.81954612E-02
36  2-5.58276932E-02 4.42700200E-02 6.13414033E-02-2.01155096E-01 2.31591902E-02
36  3-2.22587384E-02 1.63093262E-02-7.42396713E-03 4.95775085E-02 5.28705661E-02
36  4-2.59615981E-02-9.31552672E-03-2.84543351E-02-5.31121127E-02 2.29260722E-02
36  5-2.19777840E-02-4.61272849E-02-5.47054635E-03-4.79465779E-02-8.75352358E-03
36  6 1.62112361E-02 1.12910231E-02 6.72516632E-02-1.13120174E-02 4.83329195E-02
36  7-7.22030749E-03-4.43354523E-02 2.38283928E-02-3.05297607E-03 2.21295455E-03
36  8 2.26969742E-01-2.81596552E-02-1.15189912E-02-3.38765334E-02
37  1 2.75565426E-02-1.24669427E-02-3.12624471E-03 5.28290342E-02-1.71304283E-03
37  2 2.92867461E-02 5.60645848E-02 4.67011086E-02 5.35069882E-02-5.09213861E-01
37  3-1.90988532E-01-1.68394844E-01-6.77007288E-03 4.19127173E-02 3.96104871E-02
37  4-4.39054615E-02-1.97428668E-02-4.40412990E-02 1.64718511E-01-1.00904950E-01
37  5 8.10829330E-02 9.22574104E-02 3.89542135E-02 1.07845468E-01 2.07896108E-02
37  6-6.30345935E-02-6.17800372E-02-3.48846448E-01 6.44394479E-02-1.08740094E-01
37  7 2.23332494E-03 3.35555028E-02-2.67018668E-02-1.06503154E-02 6.58875990E-02
37  8-2.81596552E-02 5.02937140E-01 9.74003393E-02 1.29611419E-01
38  1-4.16247021E-04 2.87989753E-03-1.76988881E-02 8.10519652E-03 1.85707277E-02
38  2 3.42286235E-02-5.62884812E-03 2.11173316E-03 4.47562214E-02-8.30025369E-02
38  3-2.52818599E-01 3.10390004E-02 2.51259015E-03-7.49108682E-03-7.52014785E-03
38  4-4.40500925E-03-4.45565940E-03-3.23998169E-03 4.47352482E-02-3.74409238E-02
38  5 8.53170775E-03 2.10181153E-02-4.74325107E-02 3.53473933E-02 6.57303666E-03
38  6 1.02653111E-02-1.70773861E-02-7.68077238E-02 1.63570508E-03-3.19927970E-02
38  7-6.05393001E-03 2.71606878E-02 3.52537069E-03-4.03023101E-03-4.41295255E-03
38  8-1.15189912E-02 9.74003393E-02 2.91427670E-01-6.83801250E-02
39  1 1.45581757E-02-1.15574355E-02 9.95816104E-03 4.43730677E-02 1.19805877E-02
39  2 3.50661247E-02 2.07730003E-02 2.90092237E-03 4.53400353E-02-1.68618953E-01
39  3 4.52828679E-02-4.43141600E-01-6.04339897E-03 2.47188102E-02 2.25052457E-02
39  4-2.64085774E-02-9.60592918E-03-2.82839118E-02 1.04758449E-01-8.80590502E-02
39  5 4.99665817E-02 8.90717907E-02-1.59904255E-03-3.25934420E-03 2.87511637E-02
39  6-4.77795094E-02-3.46651997E-02-2.37357248E-01 6.34085262E-02-7.35737342E-02
39  7 7.88782044E-03 3.29691188E-02-1.08900226E-02-1.35670893E-03 4.57202587E-02
39  8-3.38765334E-02 1.29611419E-01-6.83801250E-02 4.64854197E-01
 $END
 $VIB   
         IVIB=   0 IATOM=   0 ICOORD=   0 E=     -762.2879117086
-1.163114334E-05 2.048876429E-06-8.968831787E-05-3.097198727E-06 4.044351997E-05
 1.034320697E-04 1.282759378E-04 1.452462616E-04 1.147726214E-05 1.572317192E-04
-1.911382576E-04-8.052511271E-05 1.212582161E-05-5.442406952E-05-2.772965995E-05
 6.185182481E-06-1.224144206E-06-2.108733164E-05-1.200428864E-05 4.940029298E-05
 2.206272202E-04 1.962981369E-04-1.825342140E-04-1.295224585E-04 4.770305367E-05
 1.374024234E-04 5.054241286E-05-4.198369589E-04 9.512501039E-05 5.391868000E-05
 2.131454793E-05-1.816509238E-05-2.005404487E-04 2.057754532E-05-8.794685534E-05
 1.949757933E-04-1.431423554E-04 6.576624838E-05-8.588010883E-05
-1.938493443E+00-4.549674770E-01-4.100777020E+00
 $END
 --- SOLUTE ELECTROSTATIC MOMENTS ---
 MOMENTS AT POINT    1 X,Y,Z=  5.940439  2.281992 -3.647518
 DIPOLE      -1.945696 -0.455646 -4.102459
 --- SOLUTE ELECTROSTATIC MOMENTS ---
 MOMENTS AT POINT    1 X,Y,Z=  5.937372  2.285059 -3.647518
 DIPOLE      -1.939067 -0.462882 -4.104737
 --- SOLUTE ELECTROSTATIC MOMENTS ---
 MOMENTS AT POINT    1 X,Y,Z=  5.937372  2.281992 -3.644451
 DIPOLE      -1.939894 -0.456671 -4.124013
 --- SOLUTE ELECTROSTATIC MOMENTS ---
 MOMENTS AT POINT    1 X,Y,Z=  5.938425  2.281992 -3.647518
 DIPOLE      -1.936040 -0.455534 -4.097178
 --- SOLUTE ELECTROSTATIC MOMENTS ---
 MOMENTS AT POINT    1 X,Y,Z=  5.937372  2.283045 -3.647518
 DIPOLE      -1.938419 -0.453045 -4.093239
 --- SOLUTE ELECTROSTATIC MOMENTS ---
 MOMENTS AT POINT    1 X,Y,Z=  5.937372  2.281992 -3.646465
 DIPOLE      -1.935545 -0.449884 -4.071777
 --- SOLUTE ELECTROSTATIC MOMENTS ---
 MOMENTS AT POINT    1 X,Y,Z=  5.938425  2.281992 -3.647518
 DIPOLE      -1.922438 -0.460236 -4.101850
 --- SOLUTE ELECTROSTATIC MOMENTS ---
 MOMENTS AT POINT    1 X,Y,Z=  5.937372  2.283045 -3.647518
 DIPOLE      -1.942193 -0.423040 -4.100495
 --- SOLUTE ELECTROSTATIC MOMENTS ---
 MOMENTS AT POINT    1 X,Y,Z=  5.937372  2.281992 -3.646465
 DIPOLE      -1.936484 -0.451825 -4.075328
 --- SOLUTE ELECTROSTATIC MOMENTS ---
 MOMENTS AT POINT    1 X,Y,Z=  5.938775  2.281992 -3.647518
 DIPOLE      -1.954680 -0.448682 -4.098157
 --- SOLUTE ELECTROSTATIC MOMENTS ---
 MOMENTS AT POINT    1 X,Y,Z=  5.937372  2.283395 -3.647518
 DIPOLE      -1.936343 -0.487862 -4.101885
 --- SOLUTE ELECTROSTATIC MOMENTS ---
 MOMENTS AT POINT    1 X,Y,Z=  5.937372  2.281992 -3.646115
 DIPOLE      -1.940670 -0.452105 -4.123591
 --- SOLUTE ELECTROSTATIC MOMENTS ---
 MOMENTS AT POINT    1 X,Y,Z=  5.937460  2.281992 -3.647518
 DIPOLE      -1.937836 -0.455693 -4.101029
 --- SOLUTE ELECTROSTATIC MOMENTS ---
 MOMENTS AT POINT    1 X,Y,Z=  5.937372  2.282080 -3.647518
 DIPOLE      -1.938255 -0.451681 -4.102037
 --- SOLUTE ELECTROSTATIC MOMENTS ---
 MOMENTS AT POINT    1 X,Y,Z=  5.937372  2.281992 -3.647430
 DIPOLE      -1.939855 -0.456149 -4.101936
 --- SOLUTE ELECTROSTATIC MOMENTS ---
 MOMENTS AT POINT    1 X,Y,Z=  5.937460  2.281992 -3.647518
 DIPOLE      -1.935703 -0.453914 -4.101697
 --- SOLUTE ELECTROSTATIC MOMENTS ---
 MOMENTS AT POINT    1 X,Y,Z=  5.937372  2.282080 -3.647518
 DIPOLE      -1.937832 -0.452967 -4.101005
 --- SOLUTE ELECTROSTATIC MOMENTS ---
 MOMENTS AT POINT    1 X,Y,Z=  5.937372  2.281992 -3.647430
 DIPOLE      -1.938774 -0.456314 -4.101475
 --- SOLUTE ELECTROSTATIC MOMENTS ---
 MOMENTS AT POINT    1 X,Y,Z=  5.938775  2.281992 -3.647518
 DIPOLE      -1.946260 -0.459380 -4.100577
 --- SOLUTE ELECTROSTATIC MOMENTS ---
 MOMENTS AT POINT    1 X,Y,Z=  5.937372  2.283395 -3.647518
 DIPOLE      -1.940794 -0.480506 -4.095842
 --- SOLUTE ELECTROSTATIC MOMENTS ---
 MOMENTS AT POINT    1 X,Y,Z=  5.937372  2.281992 -3.646115
 DIPOLE      -1.937786 -0.456835 -4.133297
 --- SOLUTE ELECTROSTATIC MOMENTS ---
 MOMENTS AT POINT    1 X,Y,Z=  5.938775  2.281992 -3.647518
 DIPOLE      -1.956925 -0.459121 -4.090336
 --- SOLUTE ELECTROSTATIC MOMENTS ---
 MOMENTS AT POINT    1 X,Y,Z=  5.937372  2.283395 -3.647518
 DIPOLE      -1.939834 -0.474965 -4.094937
 --- SOLUTE ELECTROSTATIC MOMENTS ---
 MOMENTS AT POINT    1 X,Y,Z=  5.937372  2.281992 -3.646115
 DIPOLE      -1.931291 -0.450385 -4.122601
 --- SOLUTE ELECTROSTATIC MOMENTS ---
 MOMENTS AT POINT    1 X,Y,Z=  5.937460  2.281992 -3.647518
 DIPOLE      -1.930098 -0.453045 -4.105160
 --- SOLUTE ELECTROSTATIC MOMENTS ---
 MOMENTS AT POINT    1 X,Y,Z=  5.937372  2.282080 -3.647518
 DIPOLE      -1.937911 -0.445741 -4.100904
 --- SOLUTE ELECTROSTATIC MOMENTS ---
 MOMENTS AT POINT    1 X,Y,Z=  5.937372  2.281992 -3.647430
 DIPOLE      -1.941872 -0.453157 -4.094642
 --- SOLUTE ELECTROSTATIC MOMENTS ---
 MOMENTS AT POINT    1 X,Y,Z=  5.937460  2.281992 -3.647518
 DIPOLE      -1.928499 -0.453287 -4.106493
 --- SOLUTE ELECTROSTATIC MOMENTS ---
 MOMENTS AT POINT    1 X,Y,Z=  5.937372  2.282080 -3.647518
 DIPOLE      -1.936592 -0.439810 -4.111419
 --- SOLUTE ELECTROSTATIC MOMENTS ---
 MOMENTS AT POINT    1 X,Y,Z=  5.937372  2.281992 -3.647430
 DIPOLE      -1.941899 -0.460002 -4.087755
 --- SOLUTE ELECTROSTATIC MOMENTS ---
 MOMENTS AT POINT    1 X,Y,Z=  5.937460  2.281992 -3.647518
 DIPOLE      -1.937612 -0.453447 -4.099609
 --- SOLUTE ELECTROSTATIC MOMENTS ---
 MOMENTS AT POINT    1 X,Y,Z=  5.937372  2.282080 -3.647518
 DIPOLE      -1.936894 -0.445511 -4.101120
 --- SOLUTE ELECTROSTATIC MOMENTS ---
 MOMENTS AT POINT    1 X,Y,Z=  5.937372  2.281992 -3.647430
 DIPOLE      -1.937845 -0.455430 -4.092336
 --- SOLUTE ELECTROSTATIC MOMENTS ---
 MOMENTS AT POINT    1 X,Y,Z=  5.937460  2.281992 -3.647518
 DIPOLE      -1.940146 -0.455269 -4.101144
 --- SOLUTE ELECTROSTATIC MOMENTS ---
 MOMENTS AT POINT    1 X,Y,Z=  5.937372  2.282080 -3.647518
 DIPOLE      -1.938741 -0.454574 -4.100239
 --- SOLUTE ELECTROSTATIC MOMENTS ---
 MOMENTS AT POINT    1 X,Y,Z=  5.937372  2.281992 -3.647430
 DIPOLE      -1.938364 -0.455975 -4.100737
 --- SOLUTE ELECTROSTATIC MOMENTS ---
 MOMENTS AT POINT    1 X,Y,Z=  5.937460  2.281992 -3.647518
 DIPOLE      -1.928405 -0.450941 -4.104455
 --- SOLUTE ELECTROSTATIC MOMENTS ---
 MOMENTS AT POINT    1 X,Y,Z=  5.937372  2.282080 -3.647518
 DIPOLE      -1.937509 -0.441682 -4.102222
 --- SOLUTE ELECTROSTATIC MOMENTS ---
 MOMENTS AT POINT    1 X,Y,Z=  5.937372  2.281992 -3.647430
 DIPOLE      -1.940035 -0.459563 -4.080935
 --- SOLUTE ELECTROSTATIC MOMENTS ---
 MOMENTS AT POINT    1 X,Y,Z=  5.934305  2.281992 -3.647518
 DIPOLE      -1.931311 -0.454294 -4.099132
 --- SOLUTE ELECTROSTATIC MOMENTS ---
 MOMENTS AT POINT    1 X,Y,Z=  5.937372  2.278925 -3.647518
 DIPOLE      -1.937916 -0.447078 -4.096849
 --- SOLUTE ELECTROSTATIC MOMENTS ---
 MOMENTS AT POINT    1 X,Y,Z=  5.937372  2.281992 -3.650585
 DIPOLE      -1.937096 -0.453273 -4.077674
 --- SOLUTE ELECTROSTATIC MOMENTS ---
 MOMENTS AT POINT    1 X,Y,Z=  5.936319  2.281992 -3.647518
 DIPOLE      -1.940897 -0.454317 -4.104342
 --- SOLUTE ELECTROSTATIC MOMENTS ---
 MOMENTS AT POINT    1 X,Y,Z=  5.937372  2.280940 -3.647518
 DIPOLE      -1.938574 -0.456867 -4.108257
 --- SOLUTE ELECTROSTATIC MOMENTS ---
 MOMENTS AT POINT    1 X,Y,Z=  5.937372  2.281992 -3.648570
 DIPOLE      -1.941430 -0.459989 -4.130238
 --- SOLUTE ELECTROSTATIC MOMENTS ---
 MOMENTS AT POINT    1 X,Y,Z=  5.936319  2.281992 -3.647518
 DIPOLE      -1.954818 -0.449655 -4.099726
 --- SOLUTE ELECTROSTATIC MOMENTS ---
 MOMENTS AT POINT    1 X,Y,Z=  5.937372  2.280940 -3.647518
 DIPOLE      -1.934763 -0.486690 -4.100987
 --- SOLUTE ELECTROSTATIC MOMENTS ---
 MOMENTS AT POINT    1 X,Y,Z=  5.937372  2.281992 -3.648570
 DIPOLE      -1.940508 -0.458102 -4.126268
 --- SOLUTE ELECTROSTATIC MOMENTS ---
 MOMENTS AT POINT    1 X,Y,Z=  5.935969  2.281992 -3.647518
 DIPOLE      -1.922372 -0.461199 -4.103451
 --- SOLUTE ELECTROSTATIC MOMENTS ---
 MOMENTS AT POINT    1 X,Y,Z=  5.937372  2.280589 -3.647518
 DIPOLE      -1.940667 -0.421948 -4.099672
 --- SOLUTE ELECTROSTATIC MOMENTS ---
 MOMENTS AT POINT    1 X,Y,Z=  5.937372  2.281992 -3.648921
 DIPOLE      -1.936277 -0.457921 -4.077950
 --- SOLUTE ELECTROSTATIC MOMENTS ---
 MOMENTS AT POINT    1 X,Y,Z=  5.937284  2.281992 -3.647518
 DIPOLE      -1.939107 -0.454222 -4.100501
 --- SOLUTE ELECTROSTATIC MOMENTS ---
 MOMENTS AT POINT    1 X,Y,Z=  5.937372  2.281904 -3.647518
 DIPOLE      -1.938685 -0.458250 -4.099508
 --- SOLUTE ELECTROSTATIC MOMENTS ---
 MOMENTS AT POINT    1 X,Y,Z=  5.937372  2.281992 -3.647606
 DIPOLE      -1.937088 -0.453763 -4.099586
 --- SOLUTE ELECTROSTATIC MOMENTS ---
 MOMENTS AT POINT    1 X,Y,Z=  5.937284  2.281992 -3.647518
 DIPOLE      -1.941323 -0.455987 -4.099844
 --- SOLUTE ELECTROSTATIC MOMENTS ---
 MOMENTS AT POINT    1 X,Y,Z=  5.937372  2.281904 -3.647518
 DIPOLE      -1.939167 -0.456933 -4.100543
 --- SOLUTE ELECTROSTATIC MOMENTS ---
 MOMENTS AT POINT    1 X,Y,Z=  5.937372  2.281992 -3.647606
 DIPOLE      -1.938208 -0.453573 -4.100079
 --- SOLUTE ELECTROSTATIC MOMENTS ---
 MOMENTS AT POINT    1 X,Y,Z=  5.935969  2.281992 -3.647518
 DIPOLE      -1.930561 -0.450505 -4.100997
 --- SOLUTE ELECTROSTATIC MOMENTS ---
 MOMENTS AT POINT    1 X,Y,Z=  5.937372  2.280589 -3.647518
 DIPOLE      -1.936111 -0.429503 -4.105842
 --- SOLUTE ELECTROSTATIC MOMENTS ---
 MOMENTS AT POINT    1 X,Y,Z=  5.937372  2.281992 -3.648921
 DIPOLE      -1.939141 -0.453094 -4.068402
 --- SOLUTE ELECTROSTATIC MOMENTS ---
 MOMENTS AT POINT    1 X,Y,Z=  5.935969  2.281992 -3.647518
 DIPOLE      -1.919958 -0.450573 -4.111115
 --- SOLUTE ELECTROSTATIC MOMENTS ---
 MOMENTS AT POINT    1 X,Y,Z=  5.937372  2.280589 -3.647518
 DIPOLE      -1.937219 -0.434682 -4.106569
 --- SOLUTE ELECTROSTATIC MOMENTS ---
 MOMENTS AT POINT    1 X,Y,Z=  5.937372  2.281992 -3.648921
 DIPOLE      -1.945749 -0.459329 -4.078778
 --- SOLUTE ELECTROSTATIC MOMENTS ---
 MOMENTS AT POINT    1 X,Y,Z=  5.937284  2.281992 -3.647518
 DIPOLE      -1.946808 -0.456923 -4.096327
 --- SOLUTE ELECTROSTATIC MOMENTS ---
 MOMENTS AT POINT    1 X,Y,Z=  5.937372  2.281904 -3.647518
 DIPOLE      -1.939059 -0.464212 -4.100602
 --- SOLUTE ELECTROSTATIC MOMENTS ---
 MOMENTS AT POINT    1 X,Y,Z=  5.937372  2.281992 -3.647606
 DIPOLE      -1.935110 -0.456816 -4.106804
 --- SOLUTE ELECTROSTATIC MOMENTS ---
 MOMENTS AT POINT    1 X,Y,Z=  5.937284  2.281992 -3.647518
 DIPOLE      -1.948410 -0.456674 -4.095240
 --- SOLUTE ELECTROSTATIC MOMENTS ---
 MOMENTS AT POINT    1 X,Y,Z=  5.937372  2.281904 -3.647518
 DIPOLE      -1.940432 -0.470319 -4.090130
 --- SOLUTE ELECTROSTATIC MOMENTS ---
 MOMENTS AT POINT    1 X,Y,Z=  5.937372  2.281992 -3.647606
 DIPOLE      -1.935055 -0.449974 -4.113956
 --- SOLUTE ELECTROSTATIC MOMENTS ---
 MOMENTS AT POINT    1 X,Y,Z=  5.937284  2.281992 -3.647518
 DIPOLE      -1.939282 -0.456446 -4.101872
 --- SOLUTE ELECTROSTATIC MOMENTS ---
 MOMENTS AT POINT    1 X,Y,Z=  5.937372  2.281904 -3.647518
 DIPOLE      -1.940036 -0.464432 -4.100425
 --- SOLUTE ELECTROSTATIC MOMENTS ---
 MOMENTS AT POINT    1 X,Y,Z=  5.937372  2.281992 -3.647606
 DIPOLE      -1.939075 -0.454479 -4.109141
 --- SOLUTE ELECTROSTATIC MOMENTS ---
 MOMENTS AT POINT    1 X,Y,Z=  5.937284  2.281992 -3.647518
 DIPOLE      -1.936899 -0.454667 -4.100406
 --- SOLUTE ELECTROSTATIC MOMENTS ---
 MOMENTS AT POINT    1 X,Y,Z=  5.937372  2.281904 -3.647518
 DIPOLE      -1.938247 -0.455347 -4.101302
 --- SOLUTE ELECTROSTATIC MOMENTS ---
 MOMENTS AT POINT    1 X,Y,Z=  5.937372  2.281992 -3.647606
 DIPOLE      -1.938647 -0.453971 -4.100829
 --- SOLUTE ELECTROSTATIC MOMENTS ---
 MOMENTS AT POINT    1 X,Y,Z=  5.937284  2.281992 -3.647518
 DIPOLE      -1.948625 -0.458691 -4.097154
 --- SOLUTE ELECTROSTATIC MOMENTS ---
 MOMENTS AT POINT    1 X,Y,Z=  5.937372  2.281904 -3.647518
 DIPOLE      -1.939519 -0.467979 -4.099339
 --- SOLUTE ELECTROSTATIC MOMENTS ---
 MOMENTS AT POINT    1 X,Y,Z=  5.937372  2.281992 -3.647606
 DIPOLE      -1.936919 -0.450031 -4.120737
 $GRAD  
E=     -762.2879117086  GMAX=   0.0004198  GRMS=   0.0001242
CL          17.   -1.1631143336E-05    2.0488764292E-06   -8.9688317867E-05
C            6.   -3.0971987270E-06    4.0443519975E-05    1.0343206967E-04
C            6.    1.2827593783E-04    1.4524626156E-04    1.1477262142E-05
O            8.    1.5723171922E-04   -1.9113825756E-04   -8.0525112708E-05
H            1.    1.2125821611E-05   -5.4424069525E-05   -2.7729659945E-05
H            1.    6.1851824812E-06   -1.2241442057E-06   -2.1087331639E-05
O            8.   -1.2004288638E-05    4.9400292981E-05    2.2062722022E-04
O            8.    1.9629813693E-04   -1.8253421405E-04   -1.2952245854E-04
H            1.    4.7703053673E-05    1.3740242335E-04    5.0542412864E-05
H            1.   -4.1983695888E-04    9.5125010386E-05    5.3918680005E-05
H            1.    2.1314547928E-05   -1.8165092384E-05   -2.0054044867E-04
H            1.    2.0577545320E-05   -8.7946855339E-05    1.9497579331E-04
H            1.   -1.4314235542E-04    6.5766248380E-05   -8.5880108833E-05
 $END
 $HESS
ENERGY IS     -762.2879117086 E(NUC) IS      306.4899188280
 1  1 2.41621287E-02 9.00133419E-03 2.26238667E-02-3.05036639E-02-5.02656249E-03
 1  2-1.10981535E-02 1.35044659E-04 1.89353479E-03 4.28259102E-03 4.56659164E-04
 1  3 1.83631816E-04-1.84629777E-04 1.93955565E-03-7.24108132E-03-2.41192900E-02
 1  4 2.37114692E-03 4.30109004E-04 6.85894399E-03 1.11779883E-03 7.18360400E-05
 1  5 1.05574259E-03 1.15546855E-05 2.04597761E-05-5.63093018E-05-3.92639684E-06
 1  6-4.85502641E-06-4.37489330E-06 4.23811386E-05 4.47029496E-05 2.29075422E-05
 1  7 2.16903557E-05-1.04638599E-04 7.72808024E-04 2.97522901E-04 7.66837000E-04
 1  8-2.23165591E-04-6.08335079E-05-3.84391546E-05 6.74400624E-05
 2  1 9.00133419E-03 3.54597604E-02 4.07153123E-02-5.08588138E-03-3.62416417E-02
 2  2-2.07151426E-02 2.24927380E-03 9.46237336E-04 8.57678762E-03 3.60963079E-05
 2  3 1.22693629E-03 1.39585559E-03 5.19391074E-04-2.04757472E-03-7.92942694E-03
 2  4-7.37735587E-03-1.37366952E-03-2.30392054E-02 4.00091303E-04 1.51625756E-03
 2  5 8.82716837E-04 6.52961297E-05 1.33606373E-04-5.31126866E-05-2.25653246E-05
 2  6 3.77709329E-08 1.72865146E-05-8.61513020E-05-1.91164530E-04 1.15603528E-04
 2  7 2.06809718E-05-7.81012700E-05 3.99058382E-04 4.70871177E-04 5.32756248E-04
 2  8-1.81424217E-04-1.96346894E-04 1.04314821E-04-1.86487997E-04
 3  1 2.26238667E-02 4.07153123E-02 1.57603509E-01-1.25858292E-02-2.25155157E-02
 3  2-8.17970912E-02-1.00550926E-02-1.83004894E-02-3.70370072E-02-1.74525179E-04
 3  3 1.82718792E-03 1.41073752E-03 1.40479868E-03-5.30563278E-03-1.90043530E-02
 3  4-5.35773125E-03-9.05523226E-04-1.80806698E-02 2.73847616E-03 5.80268007E-03
 3  5-7.39203527E-03 6.37137237E-04 1.72854120E-03-6.77567913E-04-2.01113778E-04
 3  6-1.09277075E-04 8.81872482E-05-1.07419174E-03-2.85682930E-03 1.26997051E-03
 3  7 1.06435044E-03 4.43528287E-04 1.23062369E-03 8.28245864E-04-5.78657937E-05
 3  8 1.75518484E-03 1.40591550E-04-4.69242162E-04 6.36328350E-04
 4  1-3.05036639E-02-5.08588138E-03-1.25858292E-02 6.28378472E-01-5.69695119E-02
 4  2-3.10908529E-02-1.20115200E-01-4.57875691E-02 4.30684514E-02 9.81624225E-03
 4  3 2.24149859E-02-1.82953066E-02-3.47180042E-01-2.47115294E-02-2.13917306E-02
 4  4-1.32297135E-01 1.27701503E-01 2.10328858E-02-4.39195701E-04 1.81137521E-03
 4  5-4.11206241E-03 9.42150632E-04-1.90501959E-04-3.50845025E-04-8.35240005E-06
 4  6-3.67618220E-05 1.65392773E-04-5.30379516E-04-6.66124388E-04-4.32097254E-04
 4  7 7.00091517E-04 8.72173046E-04-1.77714771E-03-6.35263508E-03-2.39155375E-02
 4  8 2.44962933E-02-2.41115674E-03 4.57469119E-03 1.27014469E-03
 5  1-5.02656249E-03-3.62416417E-02-2.25155157E-02-5.69695119E-02 5.60174198E-01
 5  2-4.65576990E-02-3.91813761E-02-1.41992543E-01 6.98121677E-02-6.27889562E-03
 5  3-4.12994745E-02 2.81469688E-02-2.81343248E-02-5.68926470E-02 1.90742497E-03
 5  4 1.30990979E-01-2.80305984E-01-2.68838014E-02 8.32225371E-04 1.02839341E-03
 5  5-6.82643847E-03-1.59118857E-03 1.08069179E-03 1.94857234E-03 2.57929737E-04
 5  6-2.25320653E-05-1.48708653E-04-2.52758325E-04-1.63002861E-03 1.37311369E-04
 5  7 6.71371150E-04-1.87370460E-04-9.94490243E-04-3.28873532E-04-2.45147119E-03
 5  8 5.21477489E-03 5.17884485E-03-1.24571308E-03-3.23923736E-03
 6  1-1.10981535E-02-2.07151426E-02-8.17970912E-02-3.10908529E-02-4.65576990E-02
 6  2 2.91489723E-01 4.07434565E-02 8.87326254E-02-1.05066107E-01-5.94812433E-04
 6  3-1.94781837E-03-4.49841236E-04-1.68878391E-02 2.88372004E-03-4.29806203E-02
 6  4 1.85017687E-02-2.08532454E-02-4.28875267E-02 1.51448479E-03-4.70277780E-03
 6  5-1.91078412E-02-1.15612421E-03-1.95893218E-03 1.75069576E-03 2.74396611E-04
 6  6 8.62331486E-05-1.42068540E-04 1.18233790E-03 2.64480385E-03-1.99626819E-03
 6  7-1.57244522E-03 1.46803286E-03-1.74316377E-03-2.09192119E-03-1.98026589E-04
 6  8 1.42399197E-03 2.35970106E-03 1.12474637E-03 1.48784317E-03
 7  1 1.35044659E-04 2.24927380E-03-1.00550926E-02-1.20115200E-01-3.91813761E-02
 7  2 4.07434565E-02 7.02804739E-01-1.83293665E-02-3.39143584E-02-1.72798235E-01
 7  3 1.23822140E-01-1.30946421E-03-1.29171581E-02-2.90237523E-02 2.76855163E-02
 7  4 6.62025528E-03 1.41952495E-02-1.30067874E-02-6.90676104E-02 7.91009493E-03
 7  5 1.20380373E-02-6.46544972E-03 1.19318618E-03 6.35163588E-03 2.66253784E-04
 7  6 5.14397479E-04-4.44571361E-04 2.92273437E-03-1.43336457E-03 1.94794831E-03
 7  7-4.86106077E-03-1.74100627E-02-3.06560033E-02-3.38505388E-01-3.98831925E-02
 7  8 3.87849992E-03 1.19533787E-02-4.64461502E-03-3.24556716E-03
 8  1 1.89353479E-03 9.46237336E-04-1.83004894E-02-4.57875691E-02-1.41992543E-01
 8  2 8.87326254E-02-1.83293665E-02 5.22368283E-01-1.83197072E-01 8.20930988E-02
 8  3-2.28120329E-01 3.76300887E-02 1.98739259E-04-3.33588426E-03 3.82443531E-03
 8  4-1.34572092E-02-1.89250607E-02 1.86906893E-02-2.44136056E-03-2.75764759E-02
 8  5 3.56001547E-02 7.17778978E-03-4.66261466E-03-1.20299045E-02-5.29476117E-04
 8  6-1.29142413E-03-9.04989689E-04 1.86253476E-03 1.44595422E-02 1.25933955E-03
 8  7 8.58709261E-04 1.35361309E-03 6.86729550E-04-3.22471289E-02-5.90873914E-02
 8  8 1.24587244E-02 1.87387822E-02-5.40794296E-02 1.55214084E-02
 9  1 4.28259102E-03 8.57678762E-03-3.70370072E-02 4.30684514E-02 6.98121677E-02
 9  2-1.05066107E-01-3.39143584E-02-1.83197072E-01 2.64767375E-01 5.10897999E-03
 9  3 3.89204071E-02-7.84176515E-02-8.39823314E-04-6.40181166E-04 1.25861762E-03
 9  4-1.13043418E-03-4.43376155E-03 4.32230623E-03-1.08814925E-02 3.85005817E-02
 9  5 1.07018498E-02 6.12168208E-04-8.38890967E-03-1.72107134E-03 2.58177627E-04
 9  6 3.62958085E-05 1.24487343E-04 5.59803239E-03 1.20067195E-02-1.32564839E-02
 9  7 1.35634012E-03-8.69635525E-03-8.77024252E-03 1.05969127E-02 6.84570854E-03
 9  8-4.31447005E-02-2.40980003E-02 3.06656709E-02 6.22585454E-03
10  1 4.56659164E-04 3.60963079E-05-1.74525179E-04 9.81624225E-03-6.27889562E-03
10  2-5.94812433E-04-1.72798235E-01 8.20930988E-02 5.10897999E-03 2.66852938E-01
10  3-6.67528591E-02-1.19803707E-01 1.66716605E-03 1.08368368E-03-1.61086138E-03
10  4-2.48580525E-04-2.55159170E-03 2.37046039E-03 7.00086884E-03 6.46084282E-03
10  5 9.09287770E-03 1.10257262E-03-3.50955110E-03 9.98485317E-03-2.07237298E-03
10  6 8.30598619E-04 1.94409251E-03-4.83460889E-04 1.25126123E-03-2.46379927E-05
10  7 7.12802814E-04 2.91184688E-03 3.30243908E-03-1.36800681E-02 4.17544069E-02
10  8 3.97661930E-03-9.83268798E-02-5.73093489E-02 8.64293595E-02
11  1 1.83631816E-04 1.22693629E-03 1.82718792E-03 2.24149859E-02-4.12994745E-02
11  2-1.94781837E-03 1.23822140E-01-2.28120329E-01 3.89204071E-02-6.67528591E-02
11  3 4.40692268E-01-1.72257503E-01 9.49738009E-04 2.97471054E-03-2.11821666E-03
11  4-2.15898604E-03-2.73518568E-03 4.88875670E-03 1.02432025E-02-2.44399246E-02
11  5-3.11756808E-02-9.67821871E-03 6.91707184E-03 1.75114370E-02-9.68393097E-05
11  6 1.63275232E-03 5.30715791E-04-2.03465085E-03-1.12563760E-02 2.92676845E-03
11  7 1.73161081E-03 9.49508358E-04 3.13850114E-03 5.86053912E-03-5.04100422E-03
11  8-3.02605814E-03-8.44863404E-02-1.41530850E-01 1.40786392E-01
12  1-1.84629777E-04 1.39585559E-03 1.41073752E-03-1.82953066E-02 2.81469688E-02
12  2-4.49841236E-04-1.30946421E-03 3.76300887E-02-7.84176515E-02-1.19803707E-01
12  3-1.72257503E-01 2.79201357E-01-7.36021718E-04-1.85356343E-03 7.86119218E-04
12  4 2.44335623E-03 3.53428710E-03-3.65251661E-03 1.46940812E-02-2.80443849E-02
12  5-7.94268854E-03 1.76869645E-02 4.19193341E-03-2.44849936E-02 2.98228024E-04
12  6-2.46383076E-03-4.21979432E-04-2.42114541E-03 4.24740021E-03 2.35157788E-03
12  7 1.68959559E-03 4.87744826E-03 4.28529047E-03-4.87553417E-04 2.36063480E-03
12  8 8.01386476E-03 1.06420153E-01 1.18218194E-01-1.80671524E-01
13  1 1.93955565E-03 5.19391074E-04 1.40479868E-03-3.47180042E-01-2.81343248E-02
13  2-1.68878391E-02-1.29171581E-02 1.98739259E-04-8.39823314E-04 1.66716605E-03
13  3 9.49738009E-04-7.36021718E-04 3.63975324E-01 3.08141090E-02 1.60050778E-02
13  4-1.00903078E-02-3.83284715E-03-2.91465006E-04 1.32445132E-03 3.45067830E-04
13  5-3.44280451E-04 7.86798939E-05 1.39946820E-05-1.37776233E-04 4.52516095E-06
13  6 3.55532485E-06-1.23268841E-05-1.02843239E-05-5.84303095E-07-2.29584090E-05
13  7 5.82639677E-05 4.09150835E-05 9.06175237E-04 8.91762363E-04-9.87025300E-04
13  8 7.61002222E-04 1.66395182E-04 6.39221262E-05 1.96925830E-04
14  1-7.24108132E-03-2.04757472E-03-5.30563278E-03-2.47115294E-02-5.68926470E-02
14  2 2.88372004E-03-2.90237523E-02-3.33588426E-03-6.40181166E-04 1.08368368E-03
14  3 2.97471054E-03-1.85356343E-03 3.08141090E-02 5.42714982E-02-3.13432132E-04
14  4 2.81685214E-02 6.97960800E-03 3.02983889E-03 8.68808097E-04-2.84797514E-04
14  5-1.08430389E-03 2.48626081E-04-9.67272114E-05-1.61767017E-04-1.54603027E-05
14  6-7.63474012E-06 2.82211339E-05-3.97753441E-05-1.53416255E-05-1.45735844E-04
14  7 1.19980641E-04 5.44819587E-04 2.66236518E-04-4.87502329E-04-2.32477155E-03
14  8 2.80049876E-03 2.00120058E-04 2.32402997E-04 4.97044549E-04
15  1-2.41192900E-02-7.92942694E-03-1.90043530E-02-2.13917306E-02 1.90742497E-03
15  2-4.29806203E-02 2.76855163E-02 3.82443531E-03 1.25861762E-03-1.61086138E-03
15  3-2.11821666E-03 7.86119218E-04 1.60050778E-02-3.13432132E-04 5.89870137E-02
15  4 3.27611915E-03 1.52937093E-03 2.44506979E-03-2.37277162E-04-1.44062617E-04
15  5 1.74987296E-03-1.62167062E-04 5.73890629E-05-4.33781058E-05 1.89897348E-06
15  6 1.01850947E-05-3.36471989E-05 6.63932863E-05 9.41073906E-05 1.69374883E-04
15  7 1.36863311E-04 2.67845503E-04-1.13072052E-03 3.00326409E-04 3.19451306E-03
15  8-1.94437626E-03 3.20147095E-05-3.78226335E-04-2.56293487E-04
16  1 2.37114692E-03-7.37735587E-03-5.35773125E-03-1.32297135E-01 1.30990979E-01
16  2 1.85017687E-02 6.62025528E-03-1.34572092E-02-1.13043418E-03-2.48580525E-04
16  3-2.15898604E-03 2.44335623E-03-1.00903078E-02 2.81685214E-02 3.27611915E-03
16  4 1.33021575E-01-1.35824100E-01-1.68220024E-02-1.19381779E-04-2.90228216E-04
16  5-3.99400345E-04-1.32646006E-04 4.49452389E-06 1.66540949E-04 1.08575305E-05
16  6 3.48659161E-06-1.12036696E-05 9.55154216E-06-3.03522493E-05-9.50632101E-05
16  7 3.16361381E-05 8.75052998E-05 4.21043671E-05 1.53858391E-04 1.98114053E-04
16  8-6.59763475E-04 7.80516785E-04-3.16083958E-04 4.36353521E-05
17  1 4.30109004E-04-1.37366952E-03-9.05523226E-04 1.27701503E-01-2.80305984E-01
17  2-2.08532454E-02 1.41952495E-02-1.89250607E-02-4.43376155E-03-2.55159170E-03
17  3-2.73518568E-03 3.53428710E-03-3.83284715E-03 6.97960800E-03 1.52937093E-03
17  4-1.35824100E-01 2.94328351E-01 2.32358996E-02-1.83129296E-04 1.92717205E-03
17  5-1.53290345E-03-2.16896589E-04 2.15027546E-04 3.18665417E-04 1.67989639E-05
17  6 2.02575982E-05-4.80869598E-06-1.15120434E-04-3.21234025E-04 1.71324565E-05
17  7-1.54383484E-04 2.11380387E-05 1.43919784E-05-6.03837030E-04 4.71946900E-04
17  8-2.28565110E-04 9.90498125E-04-3.10153592E-04-6.84408969E-04
18  1 6.85894399E-03-2.30392054E-02-1.80806698E-02 2.10328858E-02-2.68838014E-02
18  2-4.28875267E-02-1.30067874E-02 1.86906893E-02 4.32230623E-03 2.37046039E-03
18  3 4.88875670E-03-3.65251661E-03-2.91465006E-04 3.02983889E-03 2.44506979E-03
18  4-1.68220024E-02 2.32358996E-02 5.81174851E-02 2.32145677E-06 3.04726881E-04
18  5-6.11036288E-04 3.85935282E-04-5.53493900E-06-5.54306567E-04-5.17467480E-05
18  6-5.59662252E-05 3.51154739E-05-6.15419535E-05 1.82215982E-05 1.45871851E-04
18  7 1.67597552E-04-1.33896386E-04 9.04481366E-06 2.96642939E-04-4.36776279E-04
18  8-5.06231126E-05-9.27433881E-04 3.82738416E-04 7.66304763E-04
19  1 1.11779883E-03 4.00091303E-04 2.73847616E-03-4.39195701E-04 8.32225371E-04
19  2 1.51448479E-03-6.90676104E-02-2.44136056E-03-1.08814925E-02 7.00086884E-03
19  3 1.02432025E-02 1.46940812E-02 1.32445132E-03 8.68808097E-04-2.37277162E-04
19  4-1.19381779E-04-1.83129296E-04 2.32145677E-06 5.05352762E-01-3.64352863E-02
19  5 4.42344926E-02 3.68935886E-03-7.91915996E-03 2.62326163E-03-4.75489730E-04
19  6-1.59563708E-03-2.63357049E-04-8.75918750E-03 3.63400496E-03-3.15922830E-03
19  7-4.36910685E-01 4.33207284E-02-3.05577258E-02-1.33193382E-03-9.24659038E-03
19  8-2.14266191E-02-1.38203851E-03-1.47429078E-03 7.10835893E-04
20  1 7.18360400E-05 1.51625756E-03 5.80268007E-03 1.81137521E-03 1.02839341E-03
20  2-4.70277780E-03 7.91009493E-03-2.75764759E-02 3.85005817E-02 6.46084282E-03
20  3-2.44399246E-02-2.80443849E-02 3.45067830E-04-2.84797514E-04-1.44062617E-04
20  4-2.90228216E-04 1.92717205E-03 3.04726881E-04-3.64352863E-02 7.40341788E-02
20  5 4.17173462E-03-7.69271323E-03-2.33110892E-02 9.41322958E-03 9.28997581E-05
20  6-1.83619602E-03-1.47107341E-03 7.40569201E-03 8.67093300E-03-1.06297363E-02
20  7 2.18968130E-02-1.46487185E-02-7.15763107E-03-2.08196388E-03-5.52751979E-04
20  8-7.75704963E-03 4.87297532E-04 5.43882147E-03 1.72180049E-03
21  1 1.05574259E-03 8.82716837E-04-7.39203527E-03-4.11206241E-03-6.82643847E-03
21  2-1.91078412E-02 1.20380373E-02 3.56001547E-02 1.07018498E-02 9.09287770E-03
21  3-3.11756808E-02-7.94268854E-03-3.44280451E-04-1.08430389E-03 1.74987296E-03
21  4-3.99400345E-04-1.53290345E-03-6.11036288E-04 4.42344926E-02 4.17173462E-03
21  5 7.44656349E-02 1.59158035E-03 1.50579503E-02 2.94497274E-03-9.91954620E-05
21  6 6.60230806E-04 1.17917104E-03-7.84767393E-03-1.61525401E-02-1.06783637E-03
21  7-5.74963991E-02-2.02860076E-03-3.63084065E-02-2.81213155E-03-2.81365801E-03
21  8-1.16003617E-02 5.08088962E-03 5.24684952E-03-7.00934030E-03
22  1 1.15546855E-05 6.52961297E-05 6.37137237E-04 9.42150632E-04-1.59118857E-03
22  2-1.15612421E-03-6.46544972E-03 7.17778978E-03 6.12168208E-04 1.10257262E-03
22  3-9.67821871E-03 1.76869645E-02 7.86798939E-05 2.48626081E-04-1.62167062E-04
22  4-1.32646006E-04-2.16896589E-04 3.85935282E-04 3.68935886E-03-7.69271323E-03
22  5 1.59158035E-03 1.62885949E-01-1.86041771E-02 1.85481062E-01-1.20588009E-01
22  6 6.97545933E-02-1.63334986E-01-3.92790771E-02-4.39186008E-02-2.19807662E-02
22  7 1.71559661E-03 2.64079996E-03-4.14826288E-04 9.83871966E-04-6.94694466E-04
22  8 4.84841111E-04-4.94758844E-03 2.50868429E-03-1.98221915E-02
23  1 2.04597761E-05 1.33606373E-04 1.72854120E-03-1.90501959E-04 1.08069179E-03
23  2-1.95893218E-03 1.19318618E-03-4.66261466E-03-8.38890967E-03-3.50955110E-03
23  3 6.91707184E-03 4.19193341E-03 1.39946820E-05-9.67272114E-05 5.73890629E-05
23  4 4.49452389E-06 2.15027546E-04-5.53493900E-06-7.91915996E-03-2.33110892E-02
23  5 1.50579503E-02-1.86041771E-02 5.20194300E-01-1.39547557E-01 1.10011269E-01
23  6-1.34788782E-01 1.67457193E-01-8.20801222E-02-3.51362371E-01-4.52114162E-02
23  7 8.03334187E-04 5.66736743E-04 1.43022778E-03-5.20507003E-04 4.65810748E-04
23  8 1.74131526E-04 7.80543409E-04-1.53259969E-02 5.01369302E-03
24  1-5.63093018E-05-5.31126866E-05-6.77567913E-04-3.50845025E-04 1.94857234E-03
24  2 1.75069576E-03 6.35163588E-03-1.20299045E-02-1.72107134E-03 9.98485317E-03
24  3 1.75114370E-02-2.44849936E-02-1.37776233E-04-1.61767017E-04-4.33781058E-05
24  4 1.66540949E-04 3.18665417E-04-5.54306567E-04 2.62326163E-03 9.41322958E-03
24  5 2.94497274E-03 1.85481062E-01-1.39547557E-01 3.20359634E-01-1.75927205E-01
24  6 1.19334793E-01-2.68340948E-01-1.79801712E-02 4.53232851E-03-4.39519356E-02
24  7-2.77810593E-04-3.48929260E-04-8.19589398E-04-8.04471070E-05 2.43134055E-04
24  8 7.76954893E-04-9.78557434E-03-1.15186523E-03 1.47595715E-02
25  1-3.92639684E-06-2.25653246E-05-2.01113778E-04-8.35240005E-06 2.57929737E-04
25  2 2.74396611E-04 2.66253784E-04-5.29476117E-04 2.58177627E-04-2.07237298E-03
25  3-9.68393097E-05 2.98228024E-04 4.52516095E-06-1.54603027E-05 1.89897348E-06
25  4 1.08575305E-05 1.67989639E-05-5.17467480E-05-4.75489730E-04 9.28997581E-05
25  5-9.91954620E-05-1.20588009E-01 1.10011269E-01-1.75927205E-01 1.18706314E-01
25  6-9.60793873E-02 1.67471994E-01 2.58754686E-03-1.15616059E-02 4.90917356E-03
25  7-5.23301194E-04-6.48591715E-04 1.65762284E-05 9.72801273E-05-9.19040193E-05
25  8 1.35430427E-04 2.00232183E-03-1.34206158E-03 2.91337163E-03
26  1-4.85502641E-06 3.77709329E-08-1.09277075E-04-3.67618220E-05-2.25320653E-05
26  2 8.62331486E-05 5.14397479E-04-1.29142413E-03 3.62958085E-05 8.30598619E-04
26  3 1.63275232E-03-2.46383076E-03 3.55532485E-06-7.63474012E-06 1.01850947E-05
26  4 3.48659161E-06 2.02575982E-05-5.59662252E-05-1.59563708E-03-1.83619602E-03
26  5 6.60230806E-04 6.97545933E-02-1.34788782E-01 1.19334793E-01-9.60793873E-02
26  6 1.54545821E-01-1.60834697E-01 2.99273229E-02-1.78615077E-02 3.96944204E-02
26  7-5.39124183E-04-6.45655864E-04 2.09429807E-04 2.57614057E-05-6.80140259E-05
26  8 1.60566412E-04-2.80091110E-03 3.23688543E-04 3.27342502E-03
27  1-4.37489330E-06 1.72865146E-05 8.81872482E-05 1.65392773E-04-1.48708653E-04
27  2-1.42068540E-04-4.44571361E-04-9.04989689E-04 1.24487343E-04 1.94409251E-03
27  3 5.30715791E-04-4.21979432E-04-1.23268841E-05 2.82211339E-05-3.36471989E-05
27  4-1.12036696E-05-4.80869598E-06 3.51154739E-05-2.63357049E-04-1.47107341E-03
27  5 1.17917104E-03-1.63334986E-01 1.67457193E-01-2.68340948E-01 1.67471994E-01
27  6-1.60834697E-01 2.71510308E-01-1.35164671E-03-7.22728915E-03-3.30283955E-04
27  7 9.87403621E-05 3.38269488E-04-3.65027547E-05 1.95961687E-04-7.44097638E-05
27  8 1.90470975E-04-4.44513738E-03 2.29869673E-03-3.82172297E-03
28  1 4.23811386E-05-8.61513020E-05-1.07419174E-03-5.30379516E-04-2.52758325E-04
28  2 1.18233790E-03 2.92273437E-03 1.86253476E-03 5.59803239E-03-4.83460889E-04
28  3-2.03465085E-03-2.42114541E-03-1.02843239E-05-3.97753441E-05 6.63932863E-05
28  4 9.55154216E-06-1.15120434E-04-6.15419535E-05-8.75918750E-03 7.40569201E-03
28  5-7.84767393E-03-3.92790771E-02-8.20801222E-02-1.79801712E-02 2.58754686E-03
28  6 2.99273229E-02-1.35164671E-03 4.70565414E-02 4.74113868E-02 1.94105954E-02
28  7-4.00248496E-03-6.30196388E-03 3.07606640E-03-6.28302690E-04 5.29373200E-05
28  8-1.40002909E-03 1.07383399E-03 4.24613740E-03 2.79142091E-03
29  1 4.47029496E-05-1.91164530E-04-2.85682930E-03-6.66124388E-04-1.63002861E-03
29  2 2.64480385E-03-1.43336457E-03 1.44595422E-02 1.20067195E-02 1.25126123E-03
29  3-1.12563760E-02 4.24740021E-03-5.84303095E-07-1.53416255E-05 9.41073906E-05
29  4-3.03522493E-05-3.21234025E-04 1.82215982E-05 3.63400496E-03 8.67093300E-03
29  5-1.61525401E-02-4.39186008E-02-3.51362371E-01 4.53232851E-03-1.15616059E-02
29  6-1.78615077E-02-7.22728915E-03 4.74113868E-02 3.59622466E-01 1.97325430E-02
29  7 1.77641259E-04-7.05169857E-04-2.23852140E-03-2.35608411E-04-4.10463019E-04
29  8-1.70880475E-03 5.32332690E-03 1.01084653E-03-1.30947749E-02
30  1 2.29075422E-05 1.15603528E-04 1.26997051E-03-4.32097254E-04 1.37311369E-04
30  2-1.99626819E-03 1.94794831E-03 1.25933955E-03-1.32564839E-02-2.46379927E-05
30  3 2.92676845E-03 2.35157788E-03-2.29584090E-05-1.45735844E-04 1.69374883E-04
30  4-9.50632101E-05 1.71324565E-05 1.45871851E-04-3.15922830E-03-1.06297363E-02
30  5-1.06783637E-03-2.19807662E-02-4.52114162E-02-4.39519356E-02 4.90917356E-03
30  6 3.96944204E-02-3.30283955E-04 1.94105954E-02 1.97325430E-02 5.77726535E-02
30  7 3.90028776E-04 8.01800450E-04 1.77059875E-03-7.92220439E-04 1.43195281E-04
30  8-1.42426573E-04-1.86740483E-04-8.85126050E-03-2.72357611E-03
31  1 2.16903557E-05 2.06809718E-05 1.06435044E-03 7.00091517E-04 6.71371150E-04
31  2-1.57244522E-03-4.86106077E-03 8.58709261E-04 1.35634012E-03 7.12802814E-04
31  3 1.73161081E-03 1.68959559E-03 5.82639677E-05 1.19980641E-04 1.36863311E-04
31  4 3.16361381E-05-1.54383484E-04 1.67597552E-04-4.36910685E-01 2.18968130E-02
31  5-5.74963991E-02 1.71559661E-03 8.03334187E-04-2.77810593E-04-5.23301194E-04
31  6-5.39124183E-04 9.87403621E-05-4.00248496E-03 1.77641259E-04 3.90028776E-04
31  7 4.42222573E-01-2.44777973E-02 5.52915314E-02 1.39427308E-03 1.33900009E-05
31  8-4.30959584E-04-5.56299461E-04-1.12401687E-03-4.11338265E-04
32  1-1.04638599E-04-7.81012700E-05 4.43528287E-04 8.72173046E-04-1.87370460E-04
32  2 1.46803286E-03-1.74100627E-02 1.35361309E-03-8.69635525E-03 2.91184688E-03
32  3 9.49508358E-04 4.87744826E-03 4.09150835E-05 5.44819587E-04 2.67845503E-04
32  4 8.75052998E-05 2.11380387E-05-1.33896386E-04 4.33207284E-02-1.46487185E-02
32  5-2.02860076E-03 2.64079996E-03 5.66736743E-04-3.48929260E-04-6.48591715E-04
32  6-6.45655864E-04 3.38269488E-04-6.30196388E-03-7.05169857E-04 8.01800450E-04
32  7-2.44777973E-02 1.62586504E-02 7.21028738E-03-1.48869893E-05-1.50244155E-03
32  8-3.14645398E-03-9.13590588E-04-1.92225921E-03-1.05684211E-03
33  1 7.72808024E-04 3.99058382E-04 1.23062369E-03-1.77714771E-03-9.94490243E-04
33  2-1.74316377E-03-3.06560033E-02 6.86729550E-04-8.77024252E-03 3.30243908E-03
33  3 3.13850114E-03 4.28529047E-03 9.06175237E-04 2.66236518E-04-1.13072052E-03
33  4 4.21043671E-05 1.43919784E-05 9.04481366E-06-3.05577258E-02-7.15763107E-03
33  5-3.63084065E-02-4.14826288E-04 1.43022778E-03-8.19589398E-04 1.65762284E-05
33  6 2.09429807E-04-3.65027547E-05 3.07606640E-03-2.23852140E-03 1.77059875E-03
33  7 5.52915314E-02 7.21028738E-03 4.61618138E-02 2.94324670E-04-2.19284811E-03
33  8-4.83979300E-03-2.97938825E-04-7.77386360E-04 1.93889220E-04
34  1 2.97522901E-04 4.70871177E-04 8.28245864E-04-6.35263508E-03-3.28873532E-04
34  2-2.09192119E-03-3.38505388E-01-3.22471289E-02 1.05969127E-02-1.36800681E-02
34  3 5.86053912E-03-4.87553417E-04 8.91762363E-04-4.87502329E-04 3.00326409E-04
34  4 1.53858391E-04-6.03837030E-04 2.96642939E-04-1.33193382E-03-2.08196388E-03
34  5-2.81213155E-03 9.83871966E-04-5.20507003E-04-8.04471070E-05 9.72801273E-05
34  6 2.57614057E-05 1.95961687E-04-6.28302690E-04-2.35608411E-04-7.92220439E-04
34  7 1.39427308E-03-1.48869893E-05 2.94324670E-04 3.57009944E-01 3.08684775E-02
34  8-8.53333052E-03-3.14734874E-04-7.07469145E-04 2.27880881E-03
35  1 7.66837000E-04 5.32756248E-04-5.78657937E-05-2.39155375E-02-2.45147119E-03
35  2-1.98026589E-04-3.98831925E-02-5.90873914E-02 6.84570854E-03 4.17544069E-02
35  3-5.04100422E-03 2.36063480E-03-9.87025300E-04-2.32477155E-03 3.19451306E-03
35  4 1.98114053E-04 4.71946900E-04-4.36776279E-04-9.24659038E-03-5.52751979E-04
35  5-2.81365801E-03-6.94694466E-04 4.65810748E-04 2.43134055E-04-9.19040193E-05
35  6-6.80140259E-05-7.44097638E-05 5.29373200E-05-4.10463019E-04 1.43195281E-04
35  7 1.33900009E-05-1.50244155E-03-2.19284811E-03 3.08684775E-02 6.77744087E-02
35  8-3.99515902E-03 1.15617275E-03 2.18875926E-03-3.01033413E-03
36  1-2.23165591E-04-1.81424217E-04 1.75518484E-03 2.44962933E-02 5.21477489E-03
36  2 1.42399197E-03 3.87849992E-03 1.24587244E-02-4.31447005E-02 3.97661930E-03
36  3-3.02605814E-03 8.01386476E-03 7.61002222E-04 2.80049876E-03-1.94437626E-03
36  4-6.59763475E-04-2.28565110E-04-5.06231126E-05-2.14266191E-02-7.75704963E-03
36  5-1.16003617E-02 4.84841111E-04 1.74131526E-04 7.76954893E-04 1.35430427E-04
36  6 1.60566412E-04 1.90470975E-04-1.40002909E-03-1.70880475E-03-1.42426573E-04
36  7-4.30959584E-04-3.14645398E-03-4.83979300E-03-8.53333052E-03-3.99515902E-03
36  8 5.06354290E-02-1.06576728E-03-7.65188636E-04-1.07492626E-03
37  1-6.08335079E-05-1.96346894E-04 1.40591550E-04-2.41115674E-03 5.17884485E-03
37  2 2.35970106E-03 1.19533787E-02 1.87387822E-02-2.40980003E-02-9.83268798E-02
37  3-8.44863404E-02 1.06420153E-01 1.66395182E-04 2.00120058E-04 3.20147095E-05
37  4 7.80516785E-04 9.90498125E-04-9.27433881E-04-1.38203851E-03 4.87297532E-04
37  5 5.08088962E-03-4.94758844E-03 7.80543409E-04-9.78557434E-03 2.00232183E-03
37  6-2.80091110E-03-4.44513738E-03 1.07383399E-03 5.32332690E-03-1.86740483E-04
37  7-5.56299461E-04-9.13590588E-04-2.97938825E-04-3.14734874E-04 1.15617275E-03
37  8-1.06576728E-03 9.20269246E-02 5.55563233E-02-7.32252590E-02
38  1-3.84391546E-05 1.04314821E-04-4.69242162E-04 4.57469119E-03-1.24571308E-03
38  2 1.12474637E-03-4.64461502E-03-5.40794296E-02 3.06656709E-02-5.73093489E-02
38  3-1.41530850E-01 1.18218194E-01 6.39221262E-05 2.32402997E-04-3.78226335E-04
38  4-3.16083958E-04-3.10153592E-04 3.82738416E-04-1.47429078E-03 5.43882147E-03
38  5 5.24684952E-03 2.50868429E-03-1.53259969E-02-1.15186523E-03-1.34206158E-03
38  6 3.23688543E-04 2.29869673E-03 4.24613740E-03 1.01084653E-03-8.85126050E-03
38  7-1.12401687E-03-1.92225921E-03-7.77386360E-04-7.07469145E-04 2.18875926E-03
38  8-7.65188636E-04 5.55563233E-02 2.05094902E-01-1.45537143E-01
39  1 6.74400624E-05-1.86487997E-04 6.36328350E-04 1.27014469E-03-3.23923736E-03
39  2 1.48784317E-03-3.24556716E-03 1.55214084E-02 6.22585454E-03 8.64293595E-02
39  3 1.40786392E-01-1.80671524E-01 1.96925830E-04 4.97044549E-04-2.56293487E-04
39  4 4.36353521E-05-6.84408969E-04 7.66304763E-04 7.10835893E-04 1.72180049E-03
39  5-7.00934030E-03-1.98221915E-02 5.01369302E-03 1.47595715E-02 2.91337163E-03
39  6 3.27342502E-03-3.82172297E-03 2.79142091E-03-1.30947749E-02-2.72357611E-03
39  7-4.11338265E-04-1.05684211E-03 1.93889220E-04 2.27880881E-03-3.01033413E-03
39  8-1.07492626E-03-7.32252590E-02-1.45537143E-01 1.71484524E-01
 $END
 $DIPDR
 -1.35922145E+00-1.27689511E-01-3.14408904E-01
 -1.08732870E-01-1.49330332E+00-7.45299865E-01
 -2.64378545E-01-3.21009194E-01-4.37843402E+00
  4.58902518E-01-1.14928990E-01 6.76853724E-01
  1.45899047E-02 3.61175170E-01 1.41897835E+00
  5.56111931E-01 9.54798512E-01 5.52375553E+00
  3.05946482E+00-9.99780309E-01-2.00724512E-01
 -7.01978720E-01 6.01401447E+00 4.64687571E-02
  3.80206385E-01 5.93066455E-01 4.81322342E+00
 -3.05270655E+00 1.18269282E+00 5.00229648E-01
  4.08563100E-01-6.22798901E+00-2.09099472E-01
 -4.15108379E-01 5.49522387E-01-4.31248065E+00
  1.20115448E-01-1.38998307E-01-4.99151569E-02
  4.05617227E-02 6.20673464E-01-2.38911321E-01
 -2.61413569E-01-2.25395332E-01-2.21983912E-01
  5.31028410E-01 1.95940201E-01-1.75036909E-01
  1.26146772E-01 3.74756422E-01-4.37322601E-02
 -5.34392100E-02-2.59004843E-01-1.31975279E-01
 -1.48340605E+00-8.38622028E-01 3.97210222E-02
 -4.42435670E-01-4.81906198E+00 9.44899960E-01
  1.28013183E-01-3.53429704E-01-6.13165446E+00
 -3.49284225E+00-8.07688016E-01 1.96334542E+00
 -2.47087899E-01-3.80615013E+00 1.09910322E+00
  1.36604169E+00 8.45030209E-01-4.14070884E+00
  1.57885519E+00 3.66404454E-01-8.34559013E-01
  1.08493466E-01 1.74524166E+00-2.84906094E-02
 -6.38883563E-01 3.45684374E-01 1.14915167E+00
  1.88135621E+00 3.20021400E-01-1.06332707E+00
  3.62852141E-01 2.88274367E+00-2.01143808E+00
 -6.46625753E-01-9.47524610E-01 2.47560980E+00
  1.57743355E-01 2.83326494E-01 2.13834645E-01
  2.96884681E-01 1.78781632E+00-6.56750935E-02
  1.16229632E-01-8.98727855E-02 1.58781507E+00
 -3.06795278E-01-5.68924124E-02-6.97058025E-02
 -4.66217445E-02 7.30742855E-02 1.00474660E-01
  2.66840571E-02-1.89371533E-01 8.71168765E-03
  1.91055171E+00 7.32236566E-01-6.89840183E-01
  1.89912047E-01 2.48477266E+00-2.72377912E-01
 -2.94408439E-01-9.00610944E-01 3.76079179E+00
 $END
----- START OF NORMAL MODES FOR -MOLPLT- PROGRAM -----
ATOMIC MASSES
    34.96885    12.00000    12.00000    15.99491     1.00782
     1.00782    15.99491    15.99491     1.00782     1.00782
     1.00782     1.00782     1.00782
MODE     1   FREQUENCY=   0.36858 (CM**-1)
  7.165589427E-02  6.034148742E-02 -6.294001519E-03
  7.145074313E-02  5.998718552E-02 -6.145935120E-03
  7.163012713E-02  5.969881843E-02 -6.385009449E-03
  7.173501733E-02  5.983818877E-02 -6.428126944E-03
  7.144161246E-02  6.021398196E-02 -6.073966223E-03
  7.122700973E-02  5.987481136E-02 -5.917589043E-03
  7.161953131E-02  5.974688128E-02 -6.057333442E-03
  7.216289409E-02  5.935376675E-02 -6.803636466E-03
  7.212583774E-02  5.907868480E-02 -6.949181637E-03
  7.202493111E-02  5.937041019E-02 -6.364500236E-03
  7.163587211E-02  5.975431049E-02 -6.153118475E-03
  7.163824970E-02  5.963409029E-02 -6.227031312E-03
  7.176657606E-02  5.979225256E-02 -6.377728424E-03
MODE     2   FREQUENCY=   0.22295 (CM**-1)
 -5.978670431E-02  7.218975191E-02  4.480603404E-03
 -5.954151370E-02  7.195324587E-02  4.525383265E-03
 -5.973940576E-02  7.199748739E-02  4.464961399E-03
 -5.990484486E-02  7.189705341E-02  4.452210729E-03
 -5.952267901E-02  7.167170853E-02  4.462564592E-03
 -5.928352753E-02  7.205565973E-02  4.600018785E-03
 -5.971288628E-02  7.193120633E-02  4.486233529E-03
 -5.968818716E-02  7.176823926E-02  4.416972256E-03
 -5.960867783E-02  7.167726102E-02  4.311750890E-03
 -5.969240169E-02  7.175667182E-02  4.529460202E-03
 -5.971572113E-02  7.189312448E-02  4.497460235E-03
 -5.975523340E-02  7.215997032E-02  4.396791773E-03
 -5.997469088E-02  7.194269559E-02  4.467816881E-03
MODE     3   FREQUENCY=   0.11563 (CM**-1)
  7.971595627E-03  7.217549258E-04  9.336788766E-02
  7.884173500E-03  6.162163473E-04  9.341990323E-02
  7.706842398E-03  6.438957183E-04  9.335112343E-02
  7.537314130E-03  5.257242086E-04  9.329337733E-02
  7.890694032E-03  5.099261775E-04  9.350224800E-02
  7.962857640E-03  6.646554731E-04  9.340861633E-02
  7.755755332E-03  5.513027374E-04  9.335720551E-02
  7.351174899E-03  5.987420783E-04  9.319796878E-02
  7.290586497E-03  4.028920633E-04  9.311946708E-02
  7.615600609E-03  5.440200612E-04  9.328592832E-02
  7.750546586E-03  5.174090259E-04  9.336419907E-02
  7.692930435E-03  7.861923670E-04  9.330269380E-02
  7.414184197E-03  5.354981109E-04  9.323057901E-02
MODE     4   FREQUENCY=  25.99469 (CM**-1)
  1.106255783E-01 -7.365632410E-03 -1.992401845E-03
  5.549436696E-02 -1.091298598E-02  9.038281301E-03
 -2.483159605E-02  1.452329837E-02 -6.727789674E-03
 -8.633796449E-02 -2.516450821E-02  1.235615223E-02
  5.651280069E-02 -5.175009615E-02  5.345072163E-02
  8.613270701E-02  9.734288600E-03 -1.760036535E-02
 -2.565405019E-02  7.087521452E-03 -3.101838845E-03
 -1.338412603E-01  3.006721467E-02 -8.780996770E-03
 -1.472307653E-01  6.716338912E-03 -1.397843401E-02
 -9.252042847E-02  2.189630693E-02 -2.823542435E-03
 -3.027474406E-02 -2.603323154E-02  1.565692389E-02
 -3.130936864E-02  7.332615776E-02 -3.726407003E-02
 -1.298838031E-01  6.756449204E-04  1.101488866E-02
MODE     5   FREQUENCY=  45.18664 (CM**-1)
 -2.592071831E-03  1.141637764E-01  1.943937337E-02
  1.764245169E-02  7.411133493E-03  5.047855032E-02
  9.507040111E-03 -3.040893237E-02  3.469670656E-03
 -2.843421291E-04 -3.665948380E-02 -3.672796002E-02
  1.955662070E-02 -1.027817876E-02  4.924436930E-02
  3.077150489E-02  8.123445654E-03  1.034040011E-01
  1.464653283E-02 -7.031823619E-02  2.767127772E-02
 -3.131442351E-02 -1.003177111E-01 -7.456998699E-02
 -4.281985258E-02 -1.529930015E-01 -9.891514195E-02
 -2.557081052E-03 -1.093788547E-01 -1.920869491E-02
  1.327912435E-02 -8.767374694E-02  2.969414598E-02
  8.798480745E-03 -2.201338034E-02  4.549776080E-04
 -1.263490064E-02 -6.157319003E-02 -6.476930013E-02
MODE     6   FREQUENCY=  73.54032 (CM**-1)
 -7.741132857E-02 -7.972182236E-03  6.139490883E-03
  9.959461273E-02 -2.680902584E-02 -1.970144235E-02
  7.303537507E-02  1.693188938E-02  1.524767754E-02
  1.537063068E-02 -2.701513650E-02  3.456364918E-03
  1.125051176E-01 -1.057809176E-01 -8.936421173E-02
  1.735164741E-01  1.118299326E-02  1.226509321E-02
  1.168604380E-01  3.084934401E-03 -1.375124143E-02
 -1.101800286E-01  5.302538812E-02  4.909669121E-03
 -1.363512404E-01  2.149030682E-04 -9.486252884E-03
 -4.104052627E-03  3.000710187E-02  1.258831560E-02
  1.127018705E-01 -4.031284778E-02 -7.281262132E-03
  6.800128992E-02  6.457647122E-02  1.962057723E-02
 -2.642360068E-02 -1.399231388E-02 -1.763828077E-02
MODE     7   FREQUENCY=  86.69632 (CM**-1)
  1.618409687E-02 -4.562658615E-02  3.120657349E-02
 -6.509205212E-02  6.093664092E-02  8.797680150E-03
  2.485200167E-02  4.087938882E-02  3.969664870E-02
  1.169780361E-01  8.407943614E-02 -1.539553863E-02
 -7.589540067E-02  1.636093379E-01  1.750881989E-02
 -1.492023049E-01  1.887166968E-02 -3.341402840E-02
 -1.725405075E-03  1.123606107E-05 -3.179143323E-02
 -1.041626513E-01 -5.616231651E-02 -4.742103604E-02
 -1.241900289E-01 -9.785196863E-02 -5.885522195E-02
 -6.608213323E-02 -7.592795307E-02  3.829335745E-03
 -6.286800257E-03 -5.967815720E-03 -5.626944868E-03
  3.516254892E-02 -6.050957914E-02  2.575588631E-02
  1.245286198E-01 -4.580140833E-03 -1.095038417E-01
MODE     8   FREQUENCY= 122.24664 (CM**-1)
  9.170532721E-03  5.106287479E-02 -3.164372700E-02
 -9.921144339E-03 -2.215019949E-02 -8.280528730E-03
  1.125209125E-02 -4.132435992E-02 -1.171014392E-02
  7.921978838E-02 -1.309181093E-02  1.075411318E-03
 -1.219093468E-02 -3.112462264E-03  5.570405359E-04
 -2.405406755E-02 -3.370013366E-02  2.071471197E-02
 -4.406948612E-02 -4.958488784E-02 -8.240396575E-02
 -5.281006484E-02  5.542283989E-03  1.595017205E-01
  8.822525085E-03  1.292961524E-01  1.949827906E-01
 -9.231926514E-02  1.389368819E-02  2.266383809E-02
 -4.995115443E-02 -4.683433616E-02 -3.880062259E-02
  1.767424116E-02 -1.102986199E-01 -6.239619552E-02
  1.064232755E-01 -4.899673651E-02 -4.120292230E-02
MODE     9   FREQUENCY= 151.06734 (CM**-1)
  1.231533194E-03  1.208711346E-02 -1.520818965E-02
 -3.067843728E-02 -4.496887277E-02  1.417327507E-02
  1.749081993E-02 -9.928450117E-02 -3.219142334E-02
  8.963930636E-02 -2.840016941E-02  6.054543478E-02
 -3.638609988E-02  3.837126648E-03  1.970253369E-02
 -7.653167731E-02 -7.569806097E-02  4.835729695E-02
 -4.532892633E-02 -4.065576790E-03  7.596703384E-02
 -2.461655756E-02  1.117995276E-01 -9.473981263E-02
 -9.876936078E-02  1.587153637E-01 -1.820144453E-02
 -4.024640411E-02  1.338368381E-01 -1.360844693E-01
 -4.605896854E-02 -1.185909545E-02  8.526331989E-02
  2.558530645E-02 -1.562213294E-01  5.322972451E-04
  6.680801819E-02 -9.947038892E-03  8.076469759E-02
MODE    10   FREQUENCY= 177.34392 (CM**-1)
  2.173340759E-02 -1.880396665E-03  1.239229195E-02
 -1.178771162E-01  2.906499985E-02  2.361564139E-02
 -2.722672059E-02 -2.911687400E-02  2.733099981E-03
 -3.667288504E-02 -3.409897724E-02 -1.053526988E-01
 -1.327446821E-01  1.526793956E-01  5.369632838E-02
 -2.214738906E-01 -2.806217196E-02  1.374351639E-02
  1.161573051E-01 -4.940882375E-02  2.471929403E-02
 -8.350028653E-03  8.258027064E-02  3.208017675E-02
  7.640949306E-03  6.953233994E-02  1.350418876E-02
  8.440913464E-02  7.189646703E-02 -2.167534409E-02
  1.214002285E-01 -9.838147286E-02 -3.902181635E-02
 -2.507026228E-02 -2.996390572E-02  1.100442455E-01
  7.350603991E-03 -5.151084415E-02 -1.052522699E-01
MODE    11   FREQUENCY= 238.92021 (CM**-1)
 -1.071554032E-02 -1.665378196E-02  8.730208959E-02
  7.014815646E-02  1.980113735E-02  3.026862340E-02
  7.547822857E-03  1.733980843E-02 -1.429069173E-02
  3.562021726E-03 -1.813236240E-04 -8.673085133E-02
  7.763675614E-02 -5.222510878E-02  3.215720199E-02
  1.228884502E-01  4.798727338E-02  4.104772494E-02
 -8.116601187E-02 -7.695521776E-02 -6.743238503E-02
  3.145948345E-02  6.833261115E-02 -3.143540837E-02
  9.011941068E-02  1.930886139E-01  5.666216887E-03
 -5.261740246E-02  9.600970134E-02 -1.470881476E-01
 -8.591762711E-02 -5.899927942E-03 -2.830690486E-03
  5.253433373E-03  1.945654250E-02 -1.051718058E-01
  2.590147326E-02 -1.924365482E-02 -9.827831485E-02
MODE    12   FREQUENCY= 288.13784 (CM**-1)
 -6.529818750E-03 -1.854451623E-02 -3.360769776E-02
  5.038548749E-02  3.605106183E-02 -3.663375508E-02
  1.886154126E-02  3.327288885E-02 -4.817021534E-02
  1.631653436E-02  4.552495783E-02 -8.179244923E-02
  5.596616112E-02 -5.005777074E-03 -6.031999717E-02
  7.991428845E-02  5.498390259E-02 -5.146099971E-02
 -3.953866844E-02 -4.064937859E-02  1.718227574E-01
 -2.517795924E-02 -2.131827110E-02  5.347127796E-02
  9.054306822E-02  6.578041958E-02  3.166885249E-02
 -5.804465012E-02  6.527024655E-04 -5.105034921E-02
 -4.404199128E-02 -8.391641303E-02  1.943600604E-01
  1.915192956E-02  5.458166000E-02 -3.423361384E-02
  2.745446928E-02 -7.355238475E-03 -1.301309948E-01
MODE    13   FREQUENCY= 353.08886 (CM**-1)
  1.421323877E-04  1.435902743E-05  2.949995058E-02
  7.878853259E-03 -3.467637978E-02  2.483499623E-02
  1.912023863E-02 -6.516807973E-02 -3.623694686E-02
  2.382512514E-02 -5.752661962E-02 -9.983230924E-02
  8.101411349E-03 -3.851968984E-02  2.602050410E-02
  4.459426524E-03 -4.343111575E-02  6.211288312E-02
 -3.345789803E-02  1.499885003E-01  1.734424704E-02
 -2.266815248E-02 -1.529195323E-02  2.926751879E-02
 -2.671057828E-03 -1.229411252E-01 -4.872227196E-02
  1.212459513E-01 -5.000832964E-02  6.683019947E-02
 -1.090814994E-02  3.940610181E-01 -3.148499676E-02
  2.436045338E-02 -7.161359877E-02  2.891048784E-02
  4.071401767E-02 -1.047019240E-01 -1.470209162E-01
MODE    14   FREQUENCY= 406.60311 (CM**-1)
  3.117623535E-03  2.462645587E-03 -2.617218769E-02
  1.960674811E-03 -8.885184433E-03 -8.694855685E-03
  7.898674609E-03  2.702525492E-02  6.639415134E-02
  6.892954059E-03  1.469284966E-02  3.670297746E-03
  7.368989488E-03 -3.594604553E-02 -3.152341652E-02
  3.397875924E-02  1.237245864E-02 -2.469597172E-02
 -4.002268830E-02 -1.031196723E-01  1.514882254E-02
 -7.991310644E-03  5.861047439E-02  8.418609180E-03
 -4.299150929E-02 -3.279205886E-01 -2.053081617E-01
  4.031233987E-01 -2.749228288E-02  1.627621577E-01
  2.073315949E-02  5.151037369E-01 -1.716295613E-01
  8.944436907E-03  1.716753613E-02  6.080208650E-02
 -3.936123831E-03  1.924062504E-02 -2.863611060E-03
MODE    15   FREQUENCY= 477.51798 (CM**-1)
 -6.396751980E-03 -4.391291436E-03  1.099270459E-02
  1.108893311E-03  1.174320518E-01 -3.783789276E-02
  1.270173513E-01  4.545786305E-03 -5.430127704E-02
 -2.886378100E-02 -9.677113658E-02  4.466184652E-02
 -2.635706584E-02  4.233038148E-01 -8.975838051E-02
 -2.488404858E-01 -2.295784203E-02 -1.556013958E-02
 -2.588085831E-02 -1.639362054E-02 -4.563433884E-03
 -1.029906586E-02 -1.155238639E-02  1.184152762E-02
  9.744114402E-02  5.175318162E-03 -4.703235701E-02
 -2.706967437E-02  1.233263387E-03 -2.303704720E-02
 -2.359483740E-02  1.622240688E-01  6.118238160E-02
  1.165094944E-01  7.595000174E-02 -1.016291811E-01
 -1.608254522E-01  3.401309406E-02  1.074641433E-01
MODE    16   FREQUENCY= 506.54090 (CM**-1)
  3.527588389E-04  1.067456700E-03  1.861249087E-02
 -3.530639298E-03 -1.336783032E-02 -6.065231390E-03
 -3.583068952E-02 -2.558585636E-02 -6.780009939E-02
  1.829847631E-02  2.799776053E-02  4.090843948E-02
 -3.075817832E-03 -4.366366395E-02  2.493799204E-02
  1.517683564E-02 -5.658043843E-03  1.055599716E-02
  1.661164602E-02  6.519180180E-03 -6.649276455E-03
 -4.150332581E-02  1.885857532E-02  2.341788052E-02
  6.579141798E-01 -1.493587679E-01 -5.293922968E-01
  3.827542390E-02  1.046237306E-02  3.189797199E-02
  1.311515333E-02 -1.710931643E-01 -5.289077135E-02
 -3.154170835E-02 -5.539797972E-02 -8.658918139E-02
 -1.292330617E-01 -6.962358638E-03 -8.009175694E-02
MODE    17   FREQUENCY= 518.54403 (CM**-1)
  1.136198342E-03  1.300954382E-03 -4.351956303E-02
 -1.381680094E-02 -3.109204456E-02  3.533144985E-02
  4.591952661E-02  3.522381034E-02  1.685348304E-01
 -9.797971656E-03 -3.484004065E-02 -2.105036548E-02
 -1.198070952E-02 -9.515548622E-03 -1.236905064E-02
 -1.235723213E-02 -2.594150795E-02  3.522050036E-03
 -1.259704862E-02  1.446901786E-02 -9.799923887E-03
 -1.204133753E-02 -9.792420846E-03 -2.102871295E-02
  4.048067853E-01  2.705262660E-01 -1.169040161E-01
 -2.595703747E-01  4.948107477E-02 -1.977237878E-01
 -2.415521314E-02  1.618611095E-01  1.353917728E-01
  4.363132257E-02  4.447678728E-02  2.016430359E-01
 -1.469573490E-02 -1.061700154E-01 -1.079545443E-01
MODE    18   FREQUENCY= 590.53978 (CM**-1)
  6.155117949E-03  8.608794521E-03  3.116630945E-02
 -1.894217397E-02 -2.568421091E-02 -5.951858297E-02
 -3.383491699E-02 -8.511489521E-03 -6.112755125E-02
 -9.834675672E-03  3.989165338E-02  3.707996061E-02
 -1.631368144E-02 -7.228349175E-02 -2.799665077E-02
  2.464773779E-02 -5.069225384E-03 -2.699844671E-02
  5.186548993E-02 -3.042194026E-02  2.506773169E-02
 -2.483701548E-02 -5.240096877E-02 -3.548558954E-03
  1.086509612E-01  3.377985098E-01  1.530470827E-01
 -6.630838390E-02  3.358273477E-03 -3.789903108E-01
  1.244680945E-01  5.146855993E-01 -2.903286280E-01
 -3.637808326E-02  5.485042280E-03 -2.076265296E-02
  3.695191937E-03  6.214208901E-03  1.689055225E-02
MODE    19   FREQUENCY= 671.58436 (CM**-1)
 -1.603125746E-02 -2.961361189E-02 -5.738637647E-02
  5.166583415E-02  1.017559035E-01  1.990579806E-01
 -3.534650065E-02 -3.511617118E-02 -4.016840785E-02
  1.251917610E-03  1.207397966E-02  1.674795606E-02
  6.031770917E-02  3.490541718E-02  1.682543482E-01
  2.752996182E-02  9.083480809E-02  1.671246383E-01
  1.893934761E-02 -3.825257850E-03 -1.042189721E-02
 -5.508912408E-03 -9.134691790E-03  1.917981587E-03
  1.594710673E-02  6.986257408E-02  3.739870275E-02
  3.773355686E-02 -5.718085703E-03 -1.040994189E-01
  4.627017366E-02  1.193150418E-01 -1.574697033E-01
 -3.553031269E-02 -2.785008546E-02 -1.082888258E-01
 -2.275511166E-02 -3.307858414E-02 -3.465512667E-02
MODE    20   FREQUENCY= 810.36671 (CM**-1)
 -4.584955510E-04  2.611709264E-03  4.772949381E-04
  8.873402169E-03 -1.039066843E-02 -1.704005745E-02
  7.547018469E-03  7.012672088E-03  2.316483747E-02
 -5.271679085E-03  1.288370414E-02  4.385941401E-02
 -8.689966134E-04  8.445079096E-02 -1.626560395E-02
 -5.465006018E-02 -4.418721676E-02 -2.890591861E-02
 -1.565249202E-02  1.969031103E-02 -8.241509159E-03
  3.659341843E-03 -2.382535980E-03  8.348997423E-03
 -9.298533220E-02  3.629475686E-02  9.244502439E-02
  5.296193291E-01 -6.653266860E-02 -4.165803933E-01
 -3.603211955E-02 -1.954611187E-01  7.017445985E-02
  8.280280377E-03  4.727398773E-03 -3.228599399E-02
 -2.587395642E-01 -3.488124618E-01 -4.562844108E-01
MODE    21   FREQUENCY= 925.94034 (CM**-1)
  9.420478072E-03 -5.610849083E-03  3.189202913E-03
 -7.044728342E-02  1.365190378E-01 -5.157694996E-02
 -3.146978188E-02  7.081757271E-04  2.021776426E-02
  3.649208751E-02 -8.526169405E-02  1.654768890E-02
 -6.137384339E-03 -3.882156980E-01 -1.700555802E-01
  3.798207873E-01  3.804256454E-01  6.971623307E-02
 -3.711654545E-03  1.017114678E-02  3.130957126E-03
 -2.600299947E-03 -1.659934803E-03  5.489224663E-04
  1.098551586E-02  1.261369701E-02  1.123692490E-03
  7.222871136E-02 -8.699869838E-03 -6.865327276E-02
 -4.590953929E-03 -4.712833318E-02 -1.269285168E-02
 -1.778355222E-02 -1.213923090E-01  1.031966034E-01
 -2.646394467E-02 -4.869983331E-02  1.903388669E-02
MODE    22   FREQUENCY=1003.17396 (CM**-1)
  4.819863894E-03 -4.481545067E-03 -1.946317353E-03
 -6.779008560E-02 -3.045500768E-02  4.679172180E-02
  8.462356337E-02 -5.884531714E-03 -8.079726674E-02
 -3.403900537E-02  5.567139718E-02 -1.504555976E-03
 -4.475110555E-02 -2.325282917E-01 -4.162168560E-02
  7.272550163E-02  1.880778767E-02  2.681074977E-01
  7.129567718E-03 -1.625886384E-02 -4.317159153E-02
 -1.233072244E-02 -9.751331458E-03  1.204177020E-02
  7.634340323E-03 -2.488101500E-02 -8.945111877E-03
  1.859658554E-01 -1.744088756E-02 -1.588635452E-01
 -6.059834517E-02  1.014376415E-01  5.356406400E-01
  8.347840141E-02  1.012058266E-01  2.481913229E-01
  1.053228630E-02  1.705294317E-01  1.478441327E-01
MODE    23   FREQUENCY=1052.30337 (CM**-1)
 -5.694684666E-03  2.166687782E-03  1.520870502E-06
  5.653185880E-02  2.079379019E-02 -1.802571294E-02
 -6.752369832E-02  5.319217055E-04  2.787760755E-02
  8.265597357E-03 -3.851067718E-02 -2.089903809E-02
  3.337013920E-02  1.492644013E-01  1.687134492E-01
 -6.446860397E-02 -2.219562299E-02 -2.218322949E-01
 -4.602534023E-03  1.761489655E-02 -7.332662798E-03
 -3.283979041E-02 -1.378335016E-02  8.756475096E-03
  1.077579031E-01  2.069103978E-02 -5.310968882E-02
  3.781945567E-01 -4.358602721E-02 -3.402938754E-01
 -2.176225152E-02 -1.002985351E-01  1.019540558E-01
 -7.418299312E-02  3.786077362E-02  1.116759994E-01
  4.327045784E-01  1.797323288E-01  4.244252044E-01
MODE    24   FREQUENCY=1131.24531 (CM**-1)
 -6.481054583E-03  1.983748260E-03  3.923001969E-03
  5.915304222E-02  5.731158575E-02 -4.583673589E-02
 -6.844411538E-02 -7.935102296E-02 -1.309680855E-02
  1.488297114E-03  1.954007904E-02  2.438004421E-02
  4.116228667E-02  8.507369071E-02  2.735626959E-01
  4.245426319E-03  5.700643043E-02 -3.165696991E-01
  2.787631893E-02 -2.080702083E-02 -2.953414345E-02
  1.301568743E-02  5.990475573E-03 -3.671778045E-03
 -3.946780576E-02 -3.036624575E-02  3.893733378E-03
 -1.668112097E-01  2.417805966E-02  1.562659857E-01
 -2.405240080E-02  2.408093264E-01  4.513717564E-01
 -6.197858454E-02 -1.052292602E-01  3.320114651E-01
 -9.022491114E-02 -1.528763120E-01 -1.947791351E-01
MODE    25   FREQUENCY=1197.32175 (CM**-1)
  4.620687126E-03 -3.672264727E-03  1.702974126E-03
  5.522900188E-02  4.464209364E-02 -4.407262683E-02
  8.088991075E-03 -1.162429894E-01  2.915417916E-02
 -5.222888382E-02  6.329519753E-02  1.908518997E-03
  6.468618415E-02  1.834660342E-01 -3.787647444E-01
 -8.792234605E-03 -3.433546217E-02  3.793347455E-01
 -2.054609851E-02  4.083746511E-03 -4.155931190E-03
 -3.727974090E-03  1.034943819E-03 -8.408749029E-04
  2.349711086E-02 -3.191867836E-03 -2.007731565E-02
 -1.278846833E-02  5.815704171E-03  1.800957901E-02
  1.488140006E-03 -1.175758725E-01 -2.312457035E-01
  8.885667490E-03 -4.132049757E-02  4.063825846E-01
  2.226370550E-01 -9.878110014E-02 -6.013101296E-03
MODE    26   FREQUENCY=1232.77863 (CM**-1)
 -4.464048715E-03  7.674481660E-04 -1.160952231E-03
 -4.381292287E-03 -1.449252135E-02  2.109085834E-02
  4.970127830E-02  3.958604603E-02 -6.191315241E-02
  2.343999284E-02 -1.753268436E-02 -1.486854966E-03
 -1.278747673E-02 -6.489780834E-02  3.090604254E-01
  2.626455783E-03  7.627002830E-03 -1.898035159E-01
 -3.840969484E-02 -5.270246126E-04  8.185373989E-03
  1.030405232E-03 -4.081165847E-03  2.740223706E-03
 -9.824352163E-03  2.043827625E-02  2.473961140E-02
 -6.308742145E-03  2.776671894E-03 -1.068380902E-02
  7.086250116E-03 -1.719942466E-01 -4.109903616E-01
  6.872263273E-02  1.394961260E-01  6.612263897E-01
 -2.130595531E-01  9.251791765E-02 -7.005939943E-03
MODE    27   FREQUENCY=1283.48374 (CM**-1)
  2.237521156E-03 -3.014108459E-03 -8.394532828E-04
  1.124671450E-02 -1.478163606E-02 -8.738892814E-03
 -1.057980954E-01  5.425712383E-02 -3.559233580E-02
  7.397033447E-02 -5.693199348E-02  1.485144423E-02
  8.029623105E-04  1.093280396E-01 -1.295553093E-01
 -6.632706069E-02 -9.415065446E-02  3.588337015E-01
  5.761303953E-03 -7.884129027E-03 -3.880837629E-03
  5.269290152E-03  3.954423820E-03 -3.730688571E-03
 -1.303262139E-02 -1.228207277E-02 -3.511235675E-03
 -5.353573177E-02  3.664485769E-03  5.485871269E-02
 -7.796181324E-03  6.806904626E-02  1.156967494E-01
 -1.723578187E-01  6.324243247E-01  1.268518944E-01
  1.111222401E-02 -1.064874840E-01 -8.102289223E-02
MODE    28   FREQUENCY=1325.41174 (CM**-1)
 -4.902055979E-03 -7.865255044E-03 -8.299481260E-03
  1.229109928E-02  8.028005048E-03 -9.953056151E-02
  4.251606049E-03  3.472249715E-02  2.237121889E-02
 -5.675761751E-03 -4.620871285E-03 -3.708150648E-03
 -2.990282933E-02  5.715081933E-02  6.424357759E-01
  4.297843033E-02 -4.549445565E-02  6.071908949E-01
  1.952970197E-03  1.340735236E-03  5.791865499E-03
  5.637850742E-04 -2.052647039E-04 -7.830110583E-04
 -1.242269532E-03  3.452873344E-03  2.624619352E-03
  4.301055364E-03 -2.195517891E-03 -4.116877532E-03
  3.790583661E-03  9.881922778E-04 -1.175958064E-02
  2.805993367E-02 -2.210234681E-01 -5.820168884E-02
 -2.515995384E-02  2.633246313E-02  7.917497753E-03
MODE    29   FREQUENCY=1410.53548 (CM**-1)
 -2.238623251E-03  1.281633273E-04 -6.292258904E-04
 -4.427295896E-02  2.771764202E-02 -2.325494163E-02
  7.692842155E-02 -7.691915959E-02  9.734658017E-03
 -3.584183744E-02  2.280248911E-02  2.120724337E-02
 -4.120779329E-02 -1.897927609E-01  3.357953501E-01
  5.110664902E-02  9.225794036E-02 -1.315687345E-01
 -8.274808257E-03  2.140711770E-03  3.005850875E-03
 -1.098514525E-03  7.502077919E-03 -2.615065783E-03
  1.407558010E-02 -3.202798072E-02 -3.748484092E-02
 -3.592788460E-02  3.592405033E-03  4.501544227E-02
  2.737162459E-03 -4.010188476E-02 -1.001631714E-01
  1.599599805E-02  5.316685257E-01 -1.970544443E-01
  3.996303294E-01 -2.991082952E-01 -7.438688450E-02
MODE    30   FREQUENCY=1526.54121 (CM**-1)
 -8.804204995E-04 -1.116925828E-03 -1.985402505E-03
 -4.333279373E-02 -6.896336255E-02  1.205302095E-02
  3.857651162E-03 -3.423453728E-02  4.400295938E-03
  5.572806815E-03  1.016766710E-02 -7.174769452E-03
 -1.039245843E-01  6.096726484E-01  4.068579679E-02
  6.173924636E-01  3.201842840E-01 -3.232489982E-02
 -3.014589855E-04  1.527106868E-03 -1.744163978E-03
 -8.298545429E-04 -1.946981912E-03  1.311627028E-03
 -1.529647963E-03  6.423221953E-03  7.509683951E-03
  1.221013675E-02  9.099981631E-04 -1.223698728E-02
 -1.555143323E-04 -3.559751443E-04 -3.573947520E-04
 -1.150311247E-02  1.017920558E-01 -3.411817742E-02
 -8.230100716E-02  7.406694353E-02  2.458969775E-02
MODE    31   FREQUENCY=1565.98926 (CM**-1)
  6.856512836E-05 -1.882425246E-04 -1.775436080E-04
 -1.187992036E-02 -3.498745743E-02  3.338292153E-02
  3.238970677E-03  1.288839200E-01 -8.311614127E-02
 -3.590652335E-02 -3.397595798E-02  4.120135902E-02
 -2.563794756E-02  1.247493905E-01 -5.141879996E-02
  9.714902866E-02  3.064121351E-02 -1.000967295E-02
  1.494415540E-03 -8.984166669E-03  2.539523552E-03
  3.139150298E-03  9.659961402E-03 -5.994113963E-03
  9.586245015E-03 -3.660423055E-02 -4.137198359E-02
 -6.303979317E-02 -2.118824296E-03  6.075034190E-02
  2.832733639E-04  2.988140422E-02  2.150058710E-02
  6.475847592E-02 -3.172861689E-01  1.379289365E-01
  5.138821853E-01 -4.120078473E-01 -1.181940589E-01
MODE    32   FREQUENCY=1715.94767 (CM**-1)
  1.080514763E-06  1.039905007E-05  1.980128524E-04
 -1.175953113E-03 -1.487488984E-04 -1.601584277E-04
  2.190884691E-03  3.037336072E-04 -6.797108477E-03
 -2.239856146E-03 -5.684785863E-04  2.517118109E-03
 -1.338527529E-03 -3.337101738E-03  3.003436132E-03
  3.005273139E-04  5.437848375E-04 -1.144814272E-03
 -4.491415663E-03 -3.149809649E-03 -1.739017885E-03
 -3.525221486E-02 -2.208522244E-02 -4.789193527E-02
  2.306045671E-01  5.381999280E-01  2.073494929E-01
  4.159860181E-01 -1.086561627E-01  5.950930697E-01
 -7.838620457E-03 -2.348278074E-02  3.503478008E-02
  5.508773576E-03  2.981921015E-03 -1.912451080E-03
  1.092920508E-02  9.667979137E-04 -1.369410870E-02
MODE    33   FREQUENCY=3141.33948 (CM**-1)
  7.391003611E-06 -1.864706566E-05 -1.247622196E-04
  3.523203752E-04 -1.791844380E-03  5.526745420E-04
  4.411412295E-03  9.280108583E-03  2.470091429E-04
  1.684819425E-02  2.801584815E-02 -3.082418632E-02
 -4.203891803E-03  5.128123249E-05  5.747017764E-05
 -2.345295869E-03  2.343611858E-04  2.745760276E-03
  5.622701876E-04  7.295134111E-04 -3.057909477E-03
 -1.043324375E-02 -3.473296659E-02 -3.170137234E-03
  3.691285233E-02 -6.261593147E-02  6.257877650E-02
  9.167760990E-02  6.066747430E-01  5.272922090E-02
 -9.035237910E-04 -9.144797296E-04 -1.625987607E-03
 -5.323536342E-02 -1.599062719E-02 -1.935839270E-03
 -2.356186785E-01 -5.208885240E-01  4.682835938E-01
MODE    34   FREQUENCY=3194.14195 (CM**-1)
  8.650525017E-05  1.348492055E-04  1.008100575E-04
 -4.003106236E-02 -4.090383067E-02 -4.896762983E-03
  4.075274203E-02  5.135103303E-03 -3.389792267E-03
 -2.528938569E-04  7.837238990E-04 -2.503845232E-04
  6.988813121E-01  6.060368772E-02  3.909722125E-02
 -2.350892527E-01  3.996365307E-01  3.993452155E-02
 -8.931571108E-04  2.650536243E-04  3.216299105E-04
  4.820178869E-04  2.925145684E-03  3.001651094E-04
 -1.517858454E-03  4.779441783E-03 -4.043004229E-03
 -6.222984593E-03 -4.847034370E-02 -1.408348114E-03
  8.645516211E-03 -2.105496319E-03 -1.988307181E-05
 -4.660188563E-01 -4.953577022E-02  1.221459964E-02
 -1.643668319E-04 -6.783202849E-03  3.519203750E-03
MODE    35   FREQUENCY=3199.76458 (CM**-1)
  7.263832216E-05  1.152299796E-04  1.705413578E-04
 -1.402968789E-02 -2.778774188E-02 -4.727590628E-03
 -7.058519698E-02 -6.944243195E-03  2.775343515E-03
  1.258746284E-05 -1.844363576E-03  1.277779099E-03
  3.442729388E-01  3.309815698E-02  1.358861014E-02
 -1.753891371E-01  2.944330196E-01  3.444611591E-02
  1.867374005E-03 -4.222721014E-05 -7.259692346E-04
 -1.147809939E-03 -6.807896018E-03 -8.293617514E-04
  3.699470646E-03 -1.147221494E-02  9.845530125E-03
  1.499247407E-02  1.138876384E-01  4.559548464E-03
 -1.481313514E-02  3.776862618E-03  4.640719589E-03
  8.110384238E-01  8.849900651E-02 -2.395807670E-02
  9.326296893E-03  2.530146984E-02 -2.139587301E-02
MODE    36   FREQUENCY=3238.00964 (CM**-1)
 -7.008232367E-06 -1.107597809E-05 -2.139639206E-04
 -8.148059172E-04  2.363201809E-03  7.792715043E-04
  9.745461284E-03 -1.286367489E-03  2.258923308E-03
 -1.333649777E-02 -2.474602221E-02  2.551978027E-02
 -5.524089393E-03 -1.488116383E-03  7.331697078E-04
  1.240908363E-02 -1.929872298E-02 -4.434500097E-03
 -8.915552164E-04  1.571995098E-03 -1.050483457E-03
 -7.675320012E-03 -4.199314315E-02 -6.198906863E-03
  2.488793142E-02 -7.717275124E-02  6.764276907E-02
  1.052465695E-01  7.157104919E-01  3.799136537E-02
  1.209590412E-02 -5.660169912E-03 -4.017214129E-03
 -1.144671824E-01 -6.174771268E-03 -8.490652487E-04
  2.068798347E-01  4.158917788E-01 -4.157762327E-01
MODE    37   FREQUENCY=3288.95125 (CM**-1)
 -1.502507474E-04  1.258615146E-04  3.787300844E-05
  7.695216345E-02 -5.091653115E-02 -2.763865271E-03
  8.476056756E-03  8.747652871E-06 -6.608502138E-04
 -5.630004880E-04  9.809600634E-05  2.640271948E-04
 -5.460305418E-01 -6.045302411E-02 -2.890038307E-02
 -3.722560913E-01  6.607577845E-01  6.907121495E-02
 -5.316872472E-04  2.539110621E-04 -5.938071253E-05
  4.137771827E-05  7.549353473E-05  1.842227046E-05
 -3.275105943E-04  2.637098689E-04 -2.681787992E-04
 -3.191427765E-04 -1.664883399E-03  1.155335258E-04
  4.084945587E-03 -7.693849394E-04 -1.679613184E-03
 -8.363437695E-02 -1.112230222E-02  5.577774980E-03
  2.988479603E-03  7.981736672E-03 -7.981308975E-03
MODE    38   FREQUENCY=3543.43246 (CM**-1)
  4.149746337E-06  2.829239325E-06  6.900561442E-05
 -5.271415142E-05  2.229133991E-04 -3.564923300E-04
 -1.982435221E-03  5.388900882E-06  2.658709166E-04
  2.305550884E-04  4.567813746E-04 -1.301577708E-04
  1.395857842E-03  3.863157108E-04 -7.541653857E-05
  8.390382213E-04 -1.788928241E-03  3.913576206E-04
 -5.982238542E-02  3.026492037E-03 -8.257628311E-03
  3.670607196E-04  3.117495491E-04  1.977717503E-04
 -3.343993309E-03  1.636216547E-03 -3.751958137E-03
 -6.318089062E-03 -4.814634485E-03  1.308699708E-03
  9.564292487E-01 -5.411882974E-02  1.263136264E-01
  1.831148451E-02  2.460046150E-03  7.866720150E-04
 -3.278733091E-03 -6.812734289E-03  3.707323053E-03
MODE    39   FREQUENCY=3679.87365 (CM**-1)
 -3.873698153E-07  1.553644721E-06  2.339037207E-05
  6.589919619E-05  3.505441287E-05 -7.529232515E-05
 -2.205712047E-04 -3.772245855E-04 -1.535254133E-04
 -1.780524349E-04 -1.224657483E-04  3.714051480E-04
 -1.449201535E-04  4.157384686E-05 -1.011150056E-04
 -9.671272091E-05  2.500052364E-04  8.138730386E-05
 -2.399500235E-04 -2.360521329E-04  3.355074270E-04
 -2.526543844E-02  3.643018102E-02 -4.212785706E-02
  4.486278149E-01 -4.679072269E-01  7.054299472E-01
 -4.451773156E-02 -1.062251731E-01 -4.102589987E-02
  4.281031932E-03  8.686112034E-04  5.307278773E-04
  1.823829851E-03  2.236128680E-04  6.873506741E-04
 -4.900452697E-04  4.282916607E-03 -6.309620083E-03
----- END OF NORMAL MODES FOR -MOLPLT- PROGRAM -----
