 $DATA  
Chloroacetaldehyde hydrate and water                                            
C1       0
CL         17.0      3.3177700000      0.1961800000      0.4066800000
   S       7
     1          69507.9909450000  0.00054315
     2          10426.1568800000  0.00419905
     3           2373.2334061000  0.02159214
     4            671.5642007100  0.08459885
     5            218.4199979000  0.24757250
     6             77.5722497140  0.47016930
     7             28.8888152770  0.37436371
        
C           6.0      2.2411800000      0.9066200000     -0.9596100000
   S       6
     1          13575.3496820000  0.00022246
     2           2035.2333680000  0.00172327
     3            463.2256235900  0.00892557
     4            131.2001959800  0.03572798
     5             42.8530158910  0.11076260
     6             15.5841857660  0.24295628
        
C           6.0      3.0418900000      1.8848200000     -1.7766100000
   S       6
     1          13575.3496820000  0.00022246
     2           2035.2333680000  0.00172327
     3            463.2256235900  0.00892557
     4            131.2001959800  0.03572798
     5             42.8530158910  0.11076260
     6             15.5841857660  0.24295628
        
O           8.0      2.4787400000      2.7997500000     -2.4056700000
   S       6
     1          27032.3826310000  0.00021726
     2           4052.3871392000  0.00168387
     3            922.3272271000  0.00873956
     4            261.2407098900  0.03523997
     5             85.3546413510  0.11153519
     6             31.0350352450  0.25588954
        
H           1.0      1.3785400000      1.3671700000     -0.4836400000
   S       3
     1             34.0613410000  0.00602520
     2              5.1235746000  0.04502109
     3              1.1646626000  0.20189726
   S       1
     1              0.3272304100  1.00000000
   S       1
     1              0.1030724100  1.00000000
   P       1
     1              1.4070000000  1.00000000
   P       1
     1              0.3880000000  1.00000000
   D       1
     1              1.0570000000  1.00000000
        
H           1.0      1.9554900000      0.0569100000     -1.5808400000
   S       3
     1             34.0613410000  0.00602520
     2              5.1235746000  0.04502109
     3              1.1646626000  0.20189726
   S       1
     1              0.3272304100  1.00000000
   S       1
     1              0.1030724100  1.00000000
   P       1
     1              1.4070000000  1.00000000
   P       1
     1              0.3880000000  1.00000000
   D       1
     1              1.0570000000  1.00000000
        
O           8.0      3.5811200000      0.0549800000     -3.8996100000
   S       6
     1          27032.3826310000  0.00021726
     2           4052.3871392000  0.00168387
     3            922.3272271000  0.00873956
     4            261.2407098900  0.03523997
     5             85.3546413510  0.11153519
     6             31.0350352450  0.25588954
        
O           8.0      3.7969900000      2.6213200000     -4.8687900000
   S       6
     1          27032.3826310000  0.00021726
     2           4052.3871392000  0.00168387
     3            922.3272271000  0.00873956
     4            261.2407098900  0.03523997
     5             85.3546413510  0.11153519
     6             31.0350352450  0.25588954
        
H           1.0      3.5875600000      3.0370400000     -5.7100500000
   S       3
     1             34.0613410000  0.00602520
     2              5.1235746000  0.04502109
     3              1.1646626000  0.20189726
   S       1
     1              0.3272304100  1.00000000
   S       1
     1              0.1030724100  1.00000000
   P       1
     1              1.4070000000  1.00000000
   P       1
     1              0.3880000000  1.00000000
   D       1
     1              1.0570000000  1.00000000
        
H           1.0      3.6563400000      0.8874000000     -4.4094300000
   S       3
     1             34.0613410000  0.00602520
     2              5.1235746000  0.04502109
     3              1.1646626000  0.20189726
   S       1
     1              0.3272304100  1.00000000
   S       1
     1              0.1030724100  1.00000000
   P       1
     1              1.4070000000  1.00000000
   P       1
     1              0.3880000000  1.00000000
   D       1
     1              1.0570000000  1.00000000
        
H           1.0      2.9692300000     -0.5150800000     -4.3732900000
   S       3
     1             34.0613410000  0.00602520
     2              5.1235746000  0.04502109
     3              1.1646626000  0.20189726
   S       1
     1              0.3272304100  1.00000000
   S       1
     1              0.1030724100  1.00000000
   P       1
     1              1.4070000000  1.00000000
   P       1
     1              0.3880000000  1.00000000
   D       1
     1              1.0570000000  1.00000000
        
H           1.0      4.1253900000      1.7475100000     -1.8119700000
   S       3
     1             34.0613410000  0.00602520
     2              5.1235746000  0.04502109
     3              1.1646626000  0.20189726
   S       1
     1              0.3272304100  1.00000000
   S       1
     1              0.1030724100  1.00000000
   P       1
     1              1.4070000000  1.00000000
   P       1
     1              0.3880000000  1.00000000
   D       1
     1              1.0570000000  1.00000000
        
H           1.0      3.2938300000      3.0712600000     -4.1699900000
   S       3
     1             34.0613410000  0.00602520
     2              5.1235746000  0.04502109
     3              1.1646626000  0.20189726
   S       1
     1              0.3272304100  1.00000000
   S       1
     1              0.1030724100  1.00000000
   P       1
     1              1.4070000000  1.00000000
   P       1
     1              0.3880000000  1.00000000
   D       1
     1              1.0570000000  1.00000000
        
 $END      
-------------------- DATA FROM NSERCH=   0 --------------------
 COORDINATES OF SYMMETRY UNIQUE ATOMS (ANGS)
   ATOM   CHARGE       X              Y              Z
 ------------------------------------------------------------
 CL         17.0   3.3177700000   0.1961800000   0.4066800000
 C           6.0   2.2411800000   0.9066200000  -0.9596100000
 C           6.0   3.0418900000   1.8848200000  -1.7766100000
 O           8.0   2.4787400000   2.7997500000  -2.4056700000
 H           1.0   1.3785400000   1.3671700000  -0.4836400000
 H           1.0   1.9554900000   0.0569100000  -1.5808400000
 O           8.0   3.5811200000   0.0549800000  -3.8996100000
 O           8.0   3.7969900000   2.6213200000  -4.8687900000
 H           1.0   3.5875600000   3.0370400000  -5.7100500000
 H           1.0   3.6563400000   0.8874000000  -4.4094300000
 H           1.0   2.9692300000  -0.5150800000  -4.3732900000
 H           1.0   4.1253900000   1.7475100000  -1.8119700000
 H           1.0   3.2938300000   3.0712600000  -4.1699900000
--- CLOSED SHELL ORBITALS --- GENERATED AT 17:27:59 12-AUG-2026    
Chloroacetaldehyde hydrate and water                                            
E(R-WB97X-D)=     -491.6712561899, E(NUC)=  286.7067612841,   30 ITERS
 $VEC   
 1  1 9.99996768E-01 8.10023579E-06 7.16482009E-07-1.22311680E-06 1.75873139E-04
 1  2-9.30171141E-04 4.03958102E-04-3.35729212E-07 2.53044982E-06-3.78275218E-06
 1  3-4.66095362E-07-9.71268489E-06 3.51232996E-06 1.82608356E-04 2.01913551E-04
 1  4 1.95042683E-04-1.06584865E-05-7.61524806E-06 2.03453995E-05 2.16737141E-04
 1  5-1.14604606E-03 6.19390328E-04-2.10657267E-06-9.68629016E-06-4.61108295E-06
 1  6-5.05036551E-06 2.63775482E-05 1.56480706E-05 2.19388807E-04 2.36401043E-04
 1  7 2.32603998E-04-1.14980207E-05-9.80582188E-06 2.00011163E-05 3.78379576E-07
 1  8-2.52296221E-07 9.79013249E-06-5.20880608E-05 7.86519773E-05 1.24232002E-06
 1  9 2.08521563E-06-6.27439422E-06-1.75511164E-06-6.25215314E-06 1.11237921E-05
 1 10 9.74413296E-06 1.07059597E-05 5.12163662E-06 2.26104861E-07 1.35751271E-06
 1 11-8.97737757E-07-2.00798633E-05 1.14423067E-04-6.13095148E-05-2.01345932E-06
 1 12 1.64664878E-06 1.03999278E-05 2.04145037E-06-2.03322689E-06-2.21878248E-05
 1 13-1.47964238E-05-1.82334862E-05-2.06824967E-05-1.61075503E-06 6.27139460E-07
 1 14-1.77350875E-06-2.37136251E-05 1.40687661E-04-1.39823045E-04-5.39965083E-06
 1 15 7.38469077E-06 2.11245797E-05 1.04527275E-05-2.02408864E-05-4.68726820E-05
 1 16-1.82268919E-05-2.11786815E-05-2.46759909E-05-2.76856692E-06 4.12436049E-06
 1 17-6.67075375E-07 9.50468937E-05-4.69281350E-04 1.78103202E-04-2.62093197E-05
 1 18-1.54867209E-05 1.71734082E-05 6.44597880E-05 3.94279064E-05-3.94516966E-05
 1 19 9.63072389E-05 1.04380126E-04 1.09474012E-04-6.74254165E-06 4.68743598E-06
 1 20 7.89052173E-07-2.75942343E-05 1.48635743E-04-1.34389661E-04 1.55680874E-06
 1 21-3.64958392E-06 1.22060125E-06-4.47893521E-06 6.47058019E-06-1.52847891E-06
 1 22-2.53809997E-05-2.58397363E-05-2.80159534E-05 4.04929653E-07-1.88441489E-07
 1 23 1.16460550E-06
 2  1-2.03394431E-04-1.59091476E-03 9.13106716E-04 9.92751656E-01 1.20383252E-02
 2  2-5.88419882E-02 3.27948605E-02 1.62611450E-03 1.59656616E-03-1.41655662E-04
 2  3-3.93585095E-03-4.82718854E-03-2.59263036E-04 1.11363901E-02 1.24601939E-02
 2  4 1.22624655E-02-5.53921927E-04 1.90772926E-04 7.18859648E-04 3.41991889E-03
 2  5-1.43984587E-02-1.15206798E-02 2.11359159E-03 2.52898561E-03-1.78488300E-06
 2  6-6.25682514E-03-6.66997025E-03 1.81480135E-04 3.23558912E-03 4.12491894E-03
 2  7 4.48423797E-03-1.26536765E-03-2.43750198E-04 7.61972484E-04-9.30705377E-03
 2  8-4.54985747E-02-4.86033458E-03 3.43922279E-02-7.46054576E-02-6.31194019E-04
 2  9-3.15255546E-04 9.01464868E-03-1.42623768E-04 1.55670840E-03-1.62661091E-02
 2 10-5.16760027E-03-6.27659073E-03-4.78158499E-03 1.27233042E-03-3.99043593E-03
 2 11 5.33914603E-03 2.00232337E-03-2.64762600E-03-4.38255022E-02-1.46640068E-03
 2 12 5.94099568E-04 6.26419043E-03 4.97315584E-03-4.83605799E-03-1.77126475E-02
 2 13 2.38949711E-03 6.13753402E-04 1.29584562E-03-8.47021246E-04-1.34329884E-04
 2 14-1.46465473E-04-1.00764251E-03 7.24540094E-03 9.23830722E-03-7.10438913E-05
 2 15-6.46758731E-04 4.42926564E-04 7.75418852E-04 3.52068246E-03-7.96160010E-04
 2 16-1.59885808E-03-9.94457413E-04-1.23936319E-03-9.87112000E-04-5.69275167E-04
 2 17-1.35518511E-04 3.68053105E-02-1.80076677E-01 1.01678490E-01 2.63740536E-03
 2 18 2.10079419E-03-1.38032689E-03-3.73734010E-03-6.93909825E-03 5.41797845E-03
 2 19 3.35479989E-02 3.31204734E-02 3.23733892E-02 5.88863923E-04-5.01273161E-04
 2 20 1.55864601E-03 5.23050851E-02-2.52527358E-01 1.96656529E-01 4.54442348E-03
 2 21 1.80104351E-03-1.41906013E-03-9.54332347E-03-3.46169066E-03-4.62275359E-03
 2 22 4.30062165E-02 4.50854413E-02 4.12497612E-02 3.09349759E-03 3.80798142E-03
 2 23-3.39456915E-03
 3  1 3.55144076E-06 3.78186394E-04 4.48112973E-04 4.94168733E-02 2.67980549E-03
 3  2-1.29319655E-02 1.11067164E-02 4.39290980E-05 3.34693743E-04 2.44071431E-04
 3  3-1.37485171E-04-8.59283457E-04-5.51483126E-04 2.46111224E-03 2.33934384E-03
 3  4 2.35367949E-03 1.14412087E-04 1.46891463E-04-2.89718085E-04-5.31995426E-03
 3  5 2.53396855E-02-1.63377865E-02-2.27877410E-04-2.85319823E-04 6.84576393E-04
 3  6 9.12645644E-04 4.47181564E-04-2.44268904E-03-4.82140412E-03-4.75600678E-03
 3  7-4.37282708E-03 2.49402373E-05-3.57098944E-04-1.21123615E-04 5.40915859E-01
 3  8 6.87130969E-01-7.62964043E-02 1.96525079E-01-1.07664708E-02-1.42252252E-02
 3  9 3.62822904E-02-6.51282489E-02 5.02080959E-02-1.02576405E-01 1.40072188E-01
 3 10-7.79105425E-02-4.89471510E-02 1.85385067E-02-2.27843679E-02 4.28869009E-02
 3 11-7.52393805E-02-6.51142093E-02 2.17641311E-01-1.31378216E-01 1.44042617E-03
 3 12 7.04450419E-02-3.02972015E-02 1.01947764E-02-1.48894037E-01 8.02107492E-02
 3 13-6.45810524E-02-4.28297027E-03-2.70667149E-02 2.03074195E-03-2.39459300E-03
 3 14-6.12587889E-02-5.86391907E-02 1.52996747E-01 3.76233529E-03-3.42695155E-02
 3 15-3.72126127E-02-2.58329897E-02 8.02219772E-02 6.85318471E-02 7.59172630E-02
 3 16-1.65237820E-02-3.78512404E-02-2.89811039E-02 4.45207278E-02 5.09982086E-02
 3 17 4.39422485E-02-2.38126570E-03 7.91652489E-03 9.74816298E-03 7.30397427E-04
 3 18 8.57124975E-04 2.26353401E-03-2.39660784E-03-2.74578424E-03-8.25345634E-03
 3 19-2.19268764E-03-2.16785464E-03-9.60720035E-04 1.69905894E-04 3.62796714E-04
 3 20 4.82105302E-04-8.39129286E-02 2.38948164E-01-2.50369317E-02-3.70195000E-02
 3 21 4.29984406E-02 5.35615597E-02 9.45400799E-02-1.16849962E-01-1.03178600E-01
 3 22-5.17421148E-02-5.20661224E-02-3.72291319E-02-4.87305774E-02-6.22110822E-02
 3 23 5.94909810E-02
 4  1 7.01724087E-05 7.44690147E-04-2.29896103E-04-2.48248920E-02 8.95711410E-04
 4  2-4.42145471E-03 9.00656190E-03-5.23049883E-04 2.71288702E-04 3.98226910E-04
 4  3 1.34660477E-03-5.90882707E-04-9.34683169E-04 9.08284273E-04 3.82187019E-04
 4  4 4.36951427E-04 2.53784083E-04 1.09990501E-04-4.62582835E-04-8.93624183E-03
 4  5 4.24152964E-02-2.20559837E-02-9.87902737E-04-1.10016055E-04 1.07965060E-03
 4  6 3.29202844E-03 7.89567980E-05-3.99849261E-03-8.04742420E-03-8.35420224E-03
 4  7-7.77560493E-03 3.03160494E-04-3.60369680E-04-1.45397153E-04 6.90264282E-01
 4  8-5.43030668E-01 6.73800350E-02-2.02945318E-01 7.30680559E-02 1.07995129E-02
 4  9-1.76435089E-02 4.59107487E-02-3.81012640E-02 5.35808468E-02-9.87682056E-02
 4 10 6.40530841E-02 4.58797132E-02-1.09386688E-02 1.73576951E-02-3.38985326E-02
 4 11 5.84638870E-02-9.66762548E-02 3.08991640E-01-1.02358679E-01 6.74517473E-03
 4 12 5.02965823E-02-3.56300320E-02 4.91863722E-03-9.66027945E-02 9.69406217E-02
 4 13-1.10760722E-01-1.38028567E-02-6.04331215E-02-3.35264414E-03-2.95504651E-03
 4 14-7.87908257E-02-8.81565465E-02 2.56035697E-01-4.08889042E-02-4.67682193E-02
 4 15-4.62552371E-02-3.37100112E-02 1.16601614E-01 9.53098457E-02 9.87702201E-02
 4 16-2.90749203E-02-5.25449386E-02-4.93441744E-02 6.46960676E-02 6.52807279E-02
 4 17 5.62923824E-02-7.89044728E-03 3.84950298E-02-2.09786682E-02-5.07970962E-04
 4 18 1.01924128E-03-6.64401015E-04 5.40876706E-04-3.92206896E-03-2.55431029E-04
 4 19-6.54359040E-03-6.44972976E-03-6.22218091E-03 3.47142941E-04-1.19764329E-05
 4 20 6.01816276E-04 6.14655479E-02-1.77042292E-01 4.82581730E-02 2.76388579E-02
 4 21-2.18000616E-02-4.14966795E-02-7.04824227E-02 5.79810319E-02 8.24743974E-02
 4 22 3.30124178E-02 3.89996079E-02 2.22567764E-02 3.76093125E-02 4.89713739E-02
 4 23-4.70289120E-02
 5  1-3.16116428E-04-4.89868705E-01 7.38624804E-01-5.06832501E-03 7.60728914E-02
 5  2-2.93223166E-01 8.15904638E-02 4.88084263E-02-1.90302314E-02-1.83699180E-02
 5  3-1.17654524E-01 3.58071367E-02 3.64288057E-02 3.15615535E-02 7.99181956E-02
 5  4 7.63601564E-02 2.43333791E-02 2.49985171E-02-4.48900994E-03 7.55467386E-02
 5  5-2.85717650E-01 5.59450959E-02 2.52729845E-02 4.40482668E-02 3.28236693E-02
 5  6-6.67006757E-02-9.95474824E-02-7.39419224E-02 7.75853394E-02 4.82303570E-02
 5  7 6.52645680E-02-2.60232441E-02-2.02897423E-02-2.93503180E-02 9.12270018E-04
 5  8-6.18767560E-04 3.12998346E-03-1.55030038E-02 2.02001285E-02-4.43592900E-05
 5  9 6.98019380E-04-7.12704152E-04 3.85862631E-04-2.33982345E-03 1.01570344E-03
 5 10 2.77257911E-03 3.09405012E-03 1.26310543E-03 5.49003120E-05 4.69634398E-04
 5 11-2.76173325E-04-4.19816281E-03 2.44386453E-02-2.52138820E-02-6.27678713E-04
 5 12-8.23869446E-05 3.21767203E-03 2.39875730E-03 3.20795877E-03-6.00077785E-03
 5 13-1.79610197E-03-2.84568080E-03-2.33681452E-03-7.98835037E-04 1.30236379E-04
 5 14 1.80509207E-04-3.76167473E-03 1.91325846E-02-6.62682984E-03-9.70468692E-04
 5 15-8.98517919E-04 6.70865052E-04 2.91873454E-03 2.97588959E-03-1.79994182E-03
 5 16-3.08351642E-03-3.02160708E-03-3.51331675E-03 1.15468059E-04 5.35071458E-04
 5 17 4.20948969E-04-1.22959825E-01 4.34051266E-01-3.25116633E-02 1.10203245E-01
 5 18-1.30422522E-02-3.07346368E-03-2.76560880E-01 3.45275352E-02 6.52357249E-03
 5 19-1.61971446E-02-1.38078897E-01-1.39559587E-01-1.86880198E-02-5.33616542E-03
 5 20-2.11633662E-04-5.09395607E-03 2.70389139E-02-2.78694245E-02 8.19861577E-04
 5 21-1.42620985E-03 2.26223844E-03-1.44022603E-03 1.76905223E-03-3.88174232E-03
 5 22-2.76619757E-03-2.73286180E-03-2.58633100E-03 1.29876505E-04-4.80210304E-05
 5 23 5.40312346E-05
 6  1 2.70074584E-04 7.07680231E-01 5.09568223E-01 6.04447246E-04-8.99127273E-02
 6  2 3.15949464E-01-3.09548607E-02-7.46305742E-02 2.93628064E-02 3.08139861E-02
 6  3 1.81836956E-01-5.88991532E-02-6.51266363E-02-2.79962501E-02-9.70342464E-02
 6  4-9.23235159E-02-3.67126266E-02-3.78359494E-02 8.81595192E-03-9.11636723E-02
 6  5 3.30473176E-01-6.70146386E-02-3.13956939E-02-5.85556739E-02-4.54578070E-02
 6  6 8.78787202E-02 1.31184497E-01 9.99825709E-02-9.37282766E-02-5.12668164E-02
 6  7-7.47780215E-02 3.62131494E-02 2.88206407E-02 4.22737645E-02-1.16983913E-03
 6  8-3.85816558E-04 1.77731516E-03-9.31108420E-03 1.21867445E-02-1.52631098E-04
 6  9 8.34094909E-04-4.04034569E-04 5.37199914E-04-2.77331651E-03 8.94287604E-04
 6 10 1.49665858E-03 1.86900336E-03 9.07343097E-04-1.73287016E-05 2.31465791E-04
 6 11-1.89293136E-04-6.39695831E-03 3.38256910E-02-3.67945789E-02-6.97021398E-04
 6 12-6.00588356E-04 1.19257658E-03 2.65680423E-03 4.06126907E-03-1.55137385E-03
 6 13-4.64845345E-03-5.62290751E-03-4.63011980E-03-4.40287719E-04-5.60859478E-06
 6 14 5.52974787E-04 1.37708320E-03-9.64371526E-03 2.71446188E-02-6.50423216E-05
 6 15-1.97883591E-03-1.80306460E-03 4.12000150E-04 5.84909977E-03 4.95295689E-03
 6 16 5.39558115E-04 5.81033353E-04 1.21282673E-03-1.53849528E-04-2.26898238E-04
 6 17 2.88589646E-04-8.89504355E-02 3.20270694E-01-3.35727253E-02 7.41190830E-02
 6 18-1.03791767E-02-2.41550367E-03-1.89796933E-01 2.48605663E-02 5.75223566E-03
 6 19-1.29080798E-02-9.72136188E-02-9.80341310E-02-1.28015889E-02-3.95780582E-03
 6 20-2.44197457E-05-2.00053088E-03 1.03036557E-02-7.82106436E-03 5.51521939E-04
 6 21-2.98283622E-04 1.08571521E-03-8.12239709E-04-1.04933399E-03-1.44170564E-03
 6 22-7.73478692E-04-6.73830251E-04-5.90290714E-04 8.61580038E-05-3.56024192E-06
 6 23-1.54796288E-04
 7  1 5.65021797E-03 1.91763418E-01 1.64518683E-01 4.25778102E-02-1.44824016E-01
 7  2 7.66511113E-01-7.62659877E-01 4.04385007E-02-2.79122481E-03 1.45817101E-02
 7  3-1.80053104E-01 1.62556807E-02-5.06304241E-02-1.10555777E-01-8.89032956E-02
 7  4-8.65967969E-02 7.49897612E-03-5.51374095E-03 2.79420084E-03-1.60079786E-01
 7  5 8.29072116E-01-7.39123942E-01 3.07494456E-02-3.21027855E-03 2.20133858E-02
 7  6-1.31080082E-01-2.62284803E-03-9.39907973E-02-1.11199224E-01-9.85808511E-02
 7  7-1.13377915E-01-4.44529683E-03-1.44020061E-02-3.02746135E-03 1.19350646E-03
 7  8-1.11949918E-03-1.77699578E-03 1.29511355E-02-3.95573112E-02 3.83691682E-04
 7  9-3.03447660E-03 1.89910164E-03-2.01319297E-03 1.35146141E-02-1.10902252E-02
 7 10-1.51535672E-04-1.87145976E-03-2.75552067E-03 1.68928946E-04-8.01399179E-04
 7 11 1.50280492E-03 2.24311076E-02-1.52132730E-01 1.89103297E-01-1.14291121E-03
 7 12-3.74537021E-03-1.32435961E-02 4.04351263E-03 1.35668904E-02 4.62864884E-02
 7 13 1.42419437E-02 1.74032790E-02 1.78580456E-02 1.97245410E-03 1.07942170E-03
 7 14 2.53930207E-03 2.74282157E-02-1.67281417E-01 1.45665712E-01 3.14085884E-03
 7 15-1.66762105E-03-9.39783161E-03-9.71946730E-03 7.22917497E-03 3.12498781E-02
 7 16 2.00209413E-02 2.25300692E-02 2.12500539E-02 2.42693097E-03-1.59707115E-03
 7 17-5.97082932E-04-1.36156739E-01 6.80950631E-01-7.39390510E-01-1.65937460E-02
 7 18-2.70044526E-03 1.25140436E-02 1.03230397E-01 1.34659431E-03-4.64881155E-02
 7 19-9.99614487E-02-8.60156404E-02-9.04141175E-02 8.31107442E-04 7.05842422E-03
 7 20 2.49056841E-03-9.67397347E-03 3.82376917E-02-5.20331984E-03-6.31614381E-03
 7 21 1.96214422E-04-2.20433391E-03 2.14041791E-02 1.71512110E-03 1.03341934E-02
 7 22-6.35757666E-03-7.83445307E-03-4.38035236E-03-9.35315955E-04 1.39805282E-03
 7 23-1.63234165E-03
 8  1 3.57126520E-04 2.22117358E-02-7.30798078E-02 7.87354256E-04 1.09120402E-01
 8  2-6.80159191E-01-5.02546527E-01 8.30762149E-02-3.34606630E-02-1.06205776E-02
 8  3-5.48556580E-01 2.17239473E-01 1.04072763E-01 2.54813766E-02 1.28785609E-01
 8  4 1.32615593E-01 5.59051170E-02 3.28440892E-02-1.79426842E-02-1.32866386E-01
 8  5 7.95740365E-01 3.47531908E-01-3.94425887E-02-4.91735571E-02-5.88025516E-02
 8  6 2.55719709E-01 3.43965291E-01 3.72526016E-01-1.27566400E-01-9.54670498E-02
 8  7-1.06432801E-01 4.16987057E-02 4.83669309E-02 6.80564045E-02-1.62137143E-02
 8  8-4.45817826E-03 4.68111286E-04 6.12853382E-03-6.92425482E-03 5.32903722E-05
 8  9-4.57477961E-04 6.48845003E-04 6.92396226E-04 3.31271711E-04 1.13320810E-03
 8 10-6.08207529E-04-6.86170069E-04 1.44308380E-04-4.78081580E-05 6.33596301E-05
 8 11-1.29001879E-04 4.05175545E-03 1.53098865E-02 3.25398196E-02 4.58368282E-04
 8 12-1.07832296E-03 9.70683489E-04-3.96663397E-03-1.46745537E-02 1.06332901E-02
 8 13-1.69669930E-03 1.73045015E-03 1.21531401E-03 4.35091816E-04-5.75320413E-04
 8 14-3.99762778E-03-1.79943454E-03 4.72800935E-02-6.22210259E-02 1.03412254E-03
 8 15 3.35200408E-03 3.35629555E-03 2.85113220E-03-6.14802626E-03-3.69389748E-03
 8 16-4.02113445E-03-4.43827817E-03-3.55477527E-03-1.92374444E-04 1.07440419E-03
 8 17 1.00167889E-03-1.84597768E-02 1.95325500E-01 3.98187963E-02 7.46815509E-03
 8 18 8.87084664E-03-3.24509761E-03-1.12964560E-01-2.87144288E-02 2.15389261E-02
 8 19-5.88496739E-04-3.17418570E-02-3.23229177E-02 1.82881577E-03-3.49720760E-03
 8 20-3.31260459E-03 2.66747391E-03-9.06506691E-04 1.38419942E-02 1.00003875E-03
 8 21-9.23877626E-05-1.93207167E-03-7.62362930E-06-2.77220077E-03 2.86625974E-03
 8 22 2.50245288E-04 2.15370390E-04 5.30859346E-04-5.74759063E-04-8.31669407E-04
 8 23 4.98044853E-04
 9  1-1.50122322E-03-1.50699069E-01 2.44302194E-01 2.88258254E-02 6.88806424E-02
 9  2-2.47198459E-01 1.59361657E-01 6.30090325E-03-3.30167624E-03-2.65545742E-02
 9  3 1.07899281E-02 3.26553737E-04 1.04117292E-01 3.88518035E-02 4.03253165E-02
 9  4 3.51348519E-02-3.25054538E-03 1.37231346E-02-9.66577694E-03 4.15026330E-02
 9  5-2.55726735E-02 5.35729748E-01-2.51141283E-02 6.29390402E-03-3.24077427E-02
 9  6 1.75340588E-01 7.31455165E-02 2.31598320E-01 4.10944908E-03 2.34525035E-03
 9  7 2.50846070E-02 1.68275580E-02 3.27136692E-02 2.43263230E-02 3.71510973E-02
 9  8 5.65222113E-02-8.06355325E-03-9.91634772E-02 1.06515732E-01-1.70024379E-04
 9  9 2.86714138E-03-1.23974742E-02-1.54299380E-02 2.02277864E-02-1.72131415E-02
 9 10 1.01009972E-02 8.32116759E-03-5.12941841E-03 1.40596142E-03-2.55540185E-03
 9 11 5.71853628E-03-2.29658298E-02-1.02014297E-02 6.42017258E-02 2.14448233E-03
 9 12 6.43382384E-03-9.63074569E-03-7.65901807E-03 2.41071003E-02 4.03465928E-03
 9 13-3.74170355E-03-1.34972914E-02-8.55114788E-03-2.87848327E-04 1.10877116E-03
 9 14 9.87255274E-03-2.55785367E-02 6.39969963E-02-1.53207899E-01-4.73884009E-03
 9 15-1.37041899E-03 1.79829508E-03-1.01752858E-02-2.13744850E-02-2.69945611E-02
 9 16-1.26463254E-02-1.21225038E-02-1.19101168E-02-3.29111195E-03-2.29027109E-03
 9 17-3.44818942E-03-2.34640589E-02-2.52973270E-01-4.91019897E-01-2.18403398E-02
 9 18 3.88463040E-03 1.39394911E-02 3.65528675E-01-5.04341154E-02-8.42905531E-02
 9 19-5.20632344E-02 4.21717758E-02 4.31029650E-02 2.02836415E-02 1.30698375E-02
 9 20 5.57224088E-03-6.46207669E-02 1.75895078E-01-3.53996968E-01-1.17595299E-02
 9 21 1.19150840E-03 1.68951978E-02-2.75595409E-03 3.89870362E-02-4.16831859E-03
 9 22-2.95793489E-02-2.90862036E-02-3.36538048E-02 5.88387379E-03 1.08814690E-02
 9 23-7.39858820E-03
10  1-2.65956132E-04-3.32385474E-02 8.44442748E-02-1.06295181E-03 6.55390514E-03
10  2 9.44133221E-03 3.36778384E-02-1.37500528E-03 1.07362048E-03-5.90863496E-03
10  3 2.95858730E-02-1.33290682E-02 1.94903130E-02 5.04597938E-03-2.22961711E-04
10  4-1.80385990E-03-4.56643971E-03 1.05950500E-03-1.00512786E-03 2.19650852E-02
10  5-6.65381473E-02 1.23398747E-01-2.21119561E-03 4.56524303E-03-4.47484172E-03
10  6 2.11851740E-02-2.15010780E-03 3.52279326E-02 1.09740908E-02 9.53877164E-03
10  7 1.51548091E-02 1.26745920E-03 4.71181977E-03 2.01730930E-03-2.18090794E-01
10  8-1.86542110E-01 7.62007459E-02 1.76424768E-01 5.28749159E-02 6.48351212E-03
10  9-1.71160955E-02 3.85903311E-02 4.06186707E-02-5.71236007E-02 9.16077609E-02
10 10-1.50403955E-04 7.16136526E-03 3.86379690E-02-6.17732109E-03 1.46919075E-02
10 11-2.59203366E-02 1.03512241E-01 9.73149947E-02 2.74818648E-01-8.15938108E-03
10 12-4.89674346E-02 2.17245669E-02 1.53628127E-02-6.91049428E-02 8.98475167E-02
10 13 1.67721544E-03 5.75521167E-02 2.53632835E-02 2.32990703E-03-4.85761664E-03
10 14-4.23327560E-02 8.49219650E-02 1.53984212E-01 5.08774840E-02 2.78397746E-02
10 15 3.27378977E-02 2.00342623E-02 8.70688590E-02 4.45807350E-02 7.87937972E-02
10 16 2.69738699E-02 1.96928286E-02 1.56417399E-02 2.57262788E-02 2.32078357E-02
10 17 2.21659976E-02-3.08295333E-04-1.38415648E-01-1.62558936E-01-5.67675899E-03
10 18-1.20483903E-03 5.44122243E-03 1.26099611E-01-6.78604273E-03-3.53912787E-02
10 19-1.11360588E-02 2.22891762E-02 2.10164271E-02 5.49620911E-03 7.63915631E-03
10 20 2.16471894E-03 7.17320101E-02 9.12847429E-02 1.19070676E-01 1.93639156E-02
10 21-1.53568991E-02-3.42417333E-02 4.55382470E-02-5.05927938E-02-2.62018464E-02
10 22 1.69477434E-02 1.30230911E-02 2.67682467E-02-1.17086488E-02-2.19869835E-02
10 23 1.77461939E-02
11  1-1.29212704E-04-1.28711882E-02 2.35379466E-02-8.39919105E-03 1.53082193E-02
11  2-7.77508412E-02 3.04719483E-02 3.30090049E-03-8.59600965E-04-2.60258783E-03
11  3-1.91267200E-02 4.86826328E-03 1.23161917E-02 7.90967165E-03 1.24365892E-02
11  4 1.18672680E-02 1.53015111E-03 2.50725394E-03-1.45738836E-03-4.57669764E-03
11  5 5.08144550E-02 4.04708583E-02-3.42721351E-03 6.17697332E-05-4.44572307E-03
11  6 2.62251729E-02 1.54797140E-02 3.51238867E-02-7.45472453E-03-6.27812002E-03
11  7-3.46253665E-03 3.00467604E-03 5.16548407E-03 5.26529958E-03 2.16598209E-01
11  8-2.18936674E-01 1.02412314E-01 2.16692738E-01 9.45177876E-02 8.48621361E-03
11  9-2.01275651E-02 4.92679372E-02 5.43393662E-02-8.59398352E-02 1.33401900E-01
11 10 1.56903641E-03 1.25760758E-02 6.12053073E-02-8.82710698E-03 2.03028745E-02
11 11-3.64113231E-02-9.10343090E-02-7.31249827E-02-1.47969814E-01 3.80964895E-03
11 12 3.01845241E-02-1.44483463E-02 4.23479464E-04 1.28963541E-01-1.04832054E-01
11 13-1.45460248E-02-6.11727599E-02-3.38823791E-02-1.76976853E-03 4.14119283E-03
11 14 3.57090781E-02-1.01866484E-01-8.04899837E-02-1.55826468E-01-2.94644088E-02
11 15-3.31642030E-02-1.99088857E-02-8.26976808E-02-4.01025501E-02-8.16823209E-02
11 16-3.82837687E-02-2.68021212E-02-2.81952407E-02-2.29282927E-02-2.34351881E-02
11 17-2.19694992E-02-4.67348879E-03-2.44990649E-02-6.51221659E-02-1.14094094E-03
11 18-1.00668456E-03 2.20114114E-03 3.77916415E-02 1.25152768E-03-1.29994231E-02
11 19-6.76084773E-03 3.90409928E-03 3.16386640E-03 6.16689868E-04 2.30141088E-03
11 20 1.03284227E-03 1.07909328E-01-4.79214121E-04 2.75186035E-01 2.53924007E-02
11 21-1.80030113E-02-4.48846503E-02 4.38181815E-02-6.06045875E-02-1.63204978E-02
11 22 3.59914246E-02 2.93041042E-02 4.89334055E-02-1.08397982E-02-2.55899035E-02
11 23 1.86977767E-02
12  1-5.63031523E-04 3.02869680E-02 6.04343429E-02-2.68863163E-02 2.19073641E-02
12  2-1.93232701E-01 7.92028691E-02 1.21730132E-03 8.81639944E-04 2.19841120E-03
12  3-4.22807281E-02 1.17665456E-02 1.57233341E-05 1.38804013E-02 2.40766657E-02
12  4 2.43235437E-02 4.19146873E-03 1.36675642E-03 8.46196147E-04 1.43394215E-02
12  5-1.20920128E-01 7.79800326E-02 1.10922515E-03-1.90833834E-03-3.84809792E-03
12  6-1.07306569E-02-4.04193024E-03 5.20404457E-03 1.26937052E-02 1.45529918E-02
12  7 1.41421145E-02-1.82670648E-03-7.53327993E-04 1.43710708E-03 2.12768399E-02
12  8 3.60295751E-02-8.37328183E-02-4.27826953E-01-3.72052175E-01-1.03572474E-02
12  9 1.65539326E-02-2.25799466E-02-9.11380800E-02 1.63001526E-01-3.02055701E-01
12 10 2.17652976E-02-4.80684171E-03-7.34666205E-02 2.92088814E-02-4.33894240E-02
12 11 7.61123640E-02 1.96218458E-02 3.31158860E-01 2.67799266E-02-2.01251010E-04
12 12 5.35059377E-03 4.91485377E-03-4.85910110E-03-2.16087520E-01 1.33550519E-01
12 13-3.56266433E-02 3.37101341E-02 1.88739718E-03 5.35467915E-03 1.18410420E-03
12 14-5.84410181E-02-3.31350747E-02-3.41452221E-01-1.20890389E-01-8.88113190E-03
12 15-8.31707020E-03-9.10554212E-03-1.73510025E-01-1.31455486E-01-1.38011086E-01
12 16-1.11794169E-02 3.63601284E-03 9.56131471E-04-4.64090679E-02-5.01760294E-02
12 17-3.46969531E-02 2.82823842E-02-3.60385290E-01 7.29435283E-02 2.68407098E-03
12 18-5.86751122E-03 9.87876831E-03 1.07744706E-01 1.64802980E-02-6.39600168E-02
12 19 8.83069436E-03 4.48258255E-02 4.22568019E-02 1.23890707E-03 1.21073988E-02
12 20 2.94451300E-03 5.93744432E-02 2.24047843E-01 6.23527855E-01 1.08853019E-02
12 21 3.97725721E-03-1.37668646E-02 1.42201841E-01-1.95497489E-01-1.54702762E-01
12 22 5.10006246E-03 1.91727008E-03 3.08185016E-02-5.10936522E-02-6.33873032E-02
12 23 5.09230842E-02
13  1-7.65661160E-04 5.38319617E-02 4.02615788E-02-2.38105737E-02 2.72598295E-02
13  2-2.93628355E-01 1.39381576E-01-1.56966220E-03 9.27410068E-04 6.29108231E-03
13  3-5.74546681E-02 2.43546817E-02-1.13142413E-02 1.84843142E-02 3.26871494E-02
13  4 3.42858902E-02 8.48793841E-03 1.45998255E-03 1.42196185E-03 8.04941554E-03
13  5-1.33519181E-01 2.80774142E-02 5.28339842E-04-4.21221925E-03-2.66189312E-03
13  6-1.77669564E-02-1.11971426E-02-1.88179720E-02 1.20147763E-02 1.32281154E-02
13  7 9.63734168E-03-3.21117313E-03-3.91833813E-03-7.81598130E-04-5.80820618E-03
13  8 4.42951705E-03-4.04347105E-02-1.66835388E-01-2.42242852E-01-4.44667897E-03
13  9 6.36735847E-03-5.88163670E-03-4.56544695E-02 7.77549178E-02-1.42406659E-01
13 10 7.18521056E-03-4.55239137E-03-3.12523304E-02 1.51281989E-02-2.13564142E-02
13 11 3.55307544E-02-3.19988152E-02-6.04402151E-01-3.22208998E-01-3.45564931E-03
13 12 9.85897312E-03-2.64442293E-03 2.03013664E-02 3.52913212E-01-2.71372412E-01
13 13 7.55761219E-02-6.01602231E-02 6.59365738E-03-7.21030793E-03-2.56833479E-03
13 14 1.07207790E-01 3.98309047E-02 6.11466351E-01 2.34779748E-01 1.15309664E-02
13 15 7.15785609E-03 1.37883320E-02 2.89098899E-01 2.38418723E-01 2.34338640E-01
13 16 9.26778757E-03-1.28718724E-02-6.25482688E-03 7.56311725E-02 8.51731985E-02
13 17 5.90780468E-02 4.41725776E-02-4.12691209E-01 2.05688716E-01 3.21720701E-03
13 18-5.52202535E-03 1.38606445E-03 8.20502468E-02 1.70959152E-02-1.72237089E-02
13 19 2.16346064E-02 5.10245186E-02 4.94053824E-02 3.64228728E-04 4.34564263E-03
13 20 1.71247488E-03 6.48375474E-02 5.08004642E-02 4.63500206E-01 1.21971715E-02
13 21-4.91390992E-03-1.46953780E-02 7.03882167E-02-9.56676338E-02-8.20547139E-02
13 22 2.12631573E-02 1.60298306E-02 3.75963216E-02-2.74843650E-02-3.83375327E-02
13 23 3.00680067E-02
14  1 3.71984092E-03-2.37596990E-01-1.02931090E-01 3.28586782E-02-9.25060491E-02
14  2 1.16834972E+00-5.36926862E-01 1.83601576E-02-5.44692574E-03-2.34836479E-02
14  3 1.95825331E-01-1.04333062E-01 2.77118089E-02-6.78712448E-02-1.18728352E-01
14  4-1.25207146E-01-3.32876103E-02-6.34466731E-03-6.06050684E-03-6.64974807E-02
14  5 9.30364745E-01-4.02810705E-01 4.01902902E-03 2.55753553E-02 1.50453996E-02
14  6 8.06092935E-02 5.96383693E-02 1.05959150E-01-8.78494067E-02-8.50591216E-02
14  7-7.02022526E-02 1.78842488E-02 2.25188391E-02 1.27802003E-02 2.63162578E-03
14  8-2.59421265E-02-1.14544758E-02-2.40699149E-01-3.35455491E-02-1.15144583E-03
14  9 1.19362173E-03-2.98129497E-03-5.21305934E-02 8.79911245E-02-1.36836460E-01
14 10 2.33945855E-02 1.08041950E-02-2.46537199E-02 1.53426937E-02-1.97236690E-02
14 11 3.51309154E-02 1.04730786E-02-1.93971881E-01 1.82061164E-01-1.68393209E-03
14 12-4.01180730E-03-9.29547505E-03 6.41861208E-03 8.10400830E-02-5.88059978E-03
14 13 1.78768160E-02 2.74994530E-03 9.36355107E-03-2.69151250E-04 6.50817600E-04
14 14 1.83495514E-02 1.85922919E-02 1.33382444E-02 6.89521539E-02 2.81286495E-03
14 15 2.02403450E-03-1.34379096E-05 3.99673118E-02 3.09121423E-02 3.85274409E-02
14 16 1.13653973E-02 8.73523272E-03 6.58642296E-03 1.33750948E-02 1.17674774E-02
14 17 7.44802627E-03-1.33800673E-01 1.21823333E+00-7.02995296E-01-5.99422070E-03
14 18 1.86804829E-03 3.52244702E-03-2.43681926E-01 2.38399583E-02 1.23312471E-02
14 19-6.08576992E-02-1.45156763E-01-1.47535731E-01-1.26501990E-02-6.72816308E-03
14 20-4.31992835E-03-3.39838997E-03 4.51288842E-01-1.09414512E-01 1.40786079E-03
14 21-6.38264093E-03-1.03188092E-02 1.27754083E-01-9.88874197E-02-1.18378609E-01
14 22-2.20453854E-02-2.67809580E-02-5.40423365E-03-3.07342925E-02-3.72518466E-02
14 23 3.16270308E-02
15  1 1.87402134E-03-9.76325290E-02 2.68061786E-02-5.68909449E-02-8.64790033E-03
15  2 3.80865180E-01-1.63088350E-01 2.15123207E-02-6.49054413E-03-1.47067421E-03
15  3 1.59879102E-02-3.07157045E-02-3.63670266E-02-1.49597505E-02-2.40938003E-02
15  4-2.45881505E-02-9.01256494E-03-6.44440938E-03-5.10035161E-04-4.69219145E-02
15  5 7.03929029E-01-4.91001416E-01 1.38057174E-02 1.38968335E-02 1.55288175E-02
15  6 1.01142770E-02 6.14035010E-02 4.47506918E-02-6.24518379E-02-4.67587509E-02
15  7-4.91587394E-02 1.20965193E-02 1.25316073E-02 1.60009902E-02 1.63194106E-03
15  8 1.02017308E-01-7.83911076E-02 5.38187756E-01-6.34112968E-01-7.83998992E-03
15  9 8.68801493E-03-9.59072712E-03 9.38518866E-02-1.24513970E-01 1.38931547E-01
15 10-7.72490547E-02-6.22074954E-02-1.11099340E-02-2.38474206E-02 2.05256760E-02
15 11-4.08893846E-02 3.35591475E-02-1.86624414E-01-1.31865858E-01-4.00124110E-03
15 12 1.65155723E-02 8.05660200E-03 2.12150917E-02-9.40939489E-02-4.25407213E-02
15 13 3.13806258E-02 2.36733509E-02 3.03063534E-02 1.60535010E-03 3.70644149E-04
15 14-1.65214767E-03 1.98318916E-02-9.70058006E-02 1.66929442E-01 1.89191951E-03
15 15-1.01326707E-03-1.54680140E-03-4.06001489E-04 9.99430654E-03 5.74655766E-03
15 16 1.36249753E-02 1.26538323E-02 1.19667337E-02 2.31737028E-04 5.18695037E-04
15 17 7.60679641E-04 1.72630285E-02-2.62828415E-01 6.47984698E-02 1.34222601E-02
15 18-2.18397345E-02 1.93516883E-02 1.55625903E-02 1.14820407E-01-1.24426298E-01
15 19 1.63179615E-02 3.29912832E-02 2.05276115E-02-1.57265557E-02 2.17606910E-02
15 20 4.15723232E-03 9.52301082E-02-1.43833913E+00 1.59951785E+00-1.45297179E-03
15 21 2.82900891E-02-5.15399684E-03-2.59208581E-01 1.19276808E-01 3.62837478E-01
15 22 8.04967959E-02 8.94042930E-02 5.22742456E-02 4.84450316E-02 6.41831472E-02
15 23-6.06154160E-02
16  1 1.89722265E-03-1.15838761E-01 8.55908308E-02-7.94619463E-03-1.24538649E-02
16  2 3.73725607E-01-1.35590597E-01 1.96176271E-02-3.15828544E-02 2.69054073E-02
16  3 4.70252024E-03 1.17466214E-01-1.98656643E-01-1.72855154E-02-3.19761276E-02
16  4-1.49567869E-02 1.66832763E-02-2.15903969E-02 2.17556207E-03-9.80683677E-02
16  5 1.16324532E+00-1.15624031E+00 1.49811160E-02-7.56795344E-04 4.47842749E-02
16  6 3.50970582E-02 1.86776124E-01-9.11538460E-02-9.37237621E-02-6.38753907E-02
16  7-1.08430242E-01 2.66899626E-02 9.53632569E-03 2.02055151E-02-1.04601604E-02
16  8-2.32921583E-02 4.48488507E-02-1.46207949E-01 3.24875171E-01 3.69615376E-03
16  9-6.07430385E-03 6.86135997E-03-1.81990344E-02 3.93391724E-02-3.96043794E-03
16 10 2.68935542E-02 2.14687128E-02 2.25225338E-02 5.48281314E-03-4.18644824E-05
16 11 6.84550832E-03-2.78013774E-02 2.29283430E-01-4.19085257E-01-1.68866309E-03
16 12-1.95881050E-03 7.25458467E-03 1.96264764E-02-1.31421459E-02-9.23627251E-03
16 13-1.98033442E-02-1.01985061E-02-2.02192670E-02-4.54537591E-03 2.54344940E-03
16 14-6.08646517E-03 2.33475539E-02-1.84288603E-01 3.79074694E-01-3.09809739E-03
16 15-5.21852605E-03-4.64499173E-03 1.38798521E-02 1.20336565E-02 1.28126320E-03
16 16 1.84260419E-02 1.29104980E-02 1.44043860E-02-3.08577306E-03-3.04709227E-03
16 17-3.83300984E-03 1.28840404E-01-1.38211558E+00 1.45889699E+00 2.74644689E-02
16 18 1.08224786E-02-3.00598689E-02 1.65967701E-01-8.68776205E-02 1.38936712E-01
16 19 4.55515148E-02 1.25747604E-01 1.32701059E-01 1.70801962E-02-1.18502389E-02
16 20 1.58630350E-03-2.55718034E-02 4.51914091E-01-6.71871765E-01 4.00699423E-03
16 21-1.42908442E-02 3.83966750E-03 6.63874205E-02 3.81178407E-03-1.19596345E-01
16 22-1.76189524E-02-2.56427334E-02-1.02671858E-02-9.88355788E-03-1.99565890E-02
16 23 1.53615427E-02
17  1-6.58184567E-05 2.82642312E-02-4.57275350E-02-1.52299407E-03 1.78176605E-01
17  2-1.48967053E+00 1.68757939E+00-3.27018267E-03 1.18641466E-02-5.83575365E-03
17  3-2.05235140E-01-2.00615907E-03 7.36182300E-02 8.90802960E-02 1.56827490E-01
17  4 1.54088529E-01 2.70536411E-02 2.90082150E-02-7.93543613E-03-1.53936526E-01
17  5 1.20314850E+00-1.40285458E+00-3.10250719E-03 2.44018597E-03 3.92993400E-05
17  6 1.16013535E-01 7.87468997E-02 1.01209948E-01-1.27705629E-01-1.08347365E-01
17  7-1.08568026E-01 2.49804737E-02 2.63222722E-02 3.62571283E-02-2.25825157E-02
17  8-6.07379715E-03 8.30156989E-03-2.87949801E-02-2.68705687E-02 6.69514198E-04
17  9-1.19790693E-03 4.36366345E-03-7.01637358E-03 1.54203003E-02-1.15160882E-02
17 10 4.97835137E-03 2.49522680E-03 6.99054735E-03 2.39101885E-03-9.81631176E-04
17 11 3.36949345E-03 2.44982640E-02 2.08200230E-01-2.62551521E-01-5.39974688E-03
17 12-1.61313496E-02 1.80207127E-02 1.98351994E-02-5.66931567E-02-4.48015835E-02
17 13-4.82959929E-03 2.91455445E-02-8.55135189E-03 7.93746941E-04 3.36531893E-04
17 14-1.00030321E-02 4.66820318E-02-3.33768079E-03 1.15606734E-01 1.19551191E-02
17 15 8.69133984E-03 1.49748242E-02 2.95741417E-02 3.12735599E-02-6.03748748E-02
17 16 3.15207642E-02 2.54686812E-02 5.65706173E-03 1.42828696E-02-4.22577265E-05
17 17 1.07629648E-03-5.90255552E-02 5.23511914E-01-4.47922473E-01-2.59212755E-03
17 18-1.68225125E-02-2.74698742E-03-9.72599460E-02 1.15839493E-01 3.38211955E-02
17 19-2.38159826E-02-5.17829426E-02-5.37051632E-02-1.93155192E-02-9.98820295E-03
17 20 3.06757930E-03 2.42406356E-02-6.65686325E-02 1.52984355E-01-1.22166441E-03
17 21-1.32087739E-03 3.29954963E-05 3.27119245E-02-6.94494316E-03-4.38034293E-02
17 22 1.61409896E-02 1.23156124E-02 2.14245928E-02-3.31463432E-03-7.25955313E-03
17 23 4.68577843E-03
18  1 2.67750604E-07 3.94798216E-03 1.25462105E-03 8.33889882E-03 4.95566222E-02
18  2-3.64101589E-01 4.77183805E-01 2.77878555E-03-1.00211947E-02 1.25393838E-02
18  3-6.15140065E-02 7.54719935E-02-7.09878332E-02 2.07106391E-02 3.28804854E-02
18  4 4.31165749E-02 1.57050607E-02-4.48537111E-03 6.16363287E-04-2.76565763E-02
18  5 3.11341509E-01-4.04766242E-01 2.67482360E-03-1.22516830E-02 2.36889586E-02
18  6 1.64176865E-02 1.11563744E-01-1.10859429E-01-2.77212587E-02-7.78458311E-03
18  7-3.99627611E-02 1.23765500E-02-3.40402134E-03 7.24877068E-03 8.92349053E-02
18  8-6.27873928E-03-6.37703179E-02-3.16795851E-01 4.30811522E-01-1.08142725E-02
18  9 3.24477340E-02-3.53836009E-02 3.35724185E-03-1.23556173E-01-9.51763347E-02
18 10-2.87220434E-03 1.28295042E-02-7.46650022E-02-2.56492231E-03-1.60547989E-02
18 11 7.94772302E-03 3.85756039E-02-9.10028582E-01 1.32743723E+00-7.46786976E-03
18 12 5.29541823E-03-1.78210430E-02 8.72822601E-02 3.40737995E-01-1.32990128E-01
18 13 5.18587745E-02-1.67484581E-02 2.51225155E-02-1.38762660E-02 8.61052982E-03
18 14 5.37646154E-02-6.00156887E-02-6.47942982E-02-7.46621222E-02-3.00610244E-02
18 15-1.62089318E-02-2.52086559E-02 9.09695843E-02-2.64681274E-02 9.00832534E-02
18 16-1.66303020E-02-2.92181325E-02-1.57484532E-02 5.06991091E-03 1.65456700E-02
18 17-3.02534815E-03-1.03698791E-02 2.02264911E-02-1.08433094E-01 5.48375380E-03
18 18-3.42656313E-04 9.86707933E-03-1.15928395E-02-4.21982020E-03-7.51475367E-02
18 19-1.82066418E-03-2.81239053E-03-6.40758040E-03 2.71317909E-03 1.15282496E-02
18 20-8.32492744E-04-8.64557357E-02 9.20285590E-02-4.36385734E-01-1.89690018E-02
18 21 2.46591884E-02 2.06901512E-02 2.55984770E-02-1.35212096E-01 3.63307512E-02
18 22-4.02863193E-02-1.15490110E-02-6.77631799E-02-1.14114931E-02 2.25701970E-02
18 23 2.40491614E-03
19  1-3.16979836E-04 1.56500755E-02-2.93808372E-02 3.72000392E-03 5.64531103E-02
19  2-2.96283139E-01 3.80703382E-01 1.16433964E-02-2.75855357E-02 3.57632050E-02
19  3-8.65463571E-02 1.79507841E-01-2.28621583E-01 1.84296898E-02 2.41629437E-02
19  4 4.83002280E-02 2.39267849E-02-2.72974736E-02 6.87717521E-03 3.65539565E-02
19  5-9.58260804E-03-4.50584989E-02 1.23114646E-02-2.42798864E-02 4.20397960E-02
19  6-5.91220063E-02 1.81321448E-01-2.49846831E-01 7.24632298E-03 4.69203590E-02
19  7-1.93045614E-02 1.00683755E-02-1.94836115E-02 9.22142537E-04 1.70750016E-02
19  8-3.33491080E-02 7.41050585E-03 5.86114748E-01-8.77491745E-01 1.24882145E-02
19  9-2.44071899E-02 3.27342806E-02-2.42271451E-02 3.44602290E-02 1.02137622E-01
19 10-2.82694837E-02-2.80779128E-02 2.91172102E-02 4.13897587E-04 9.08153107E-03
19 11-1.79486666E-02-3.02553419E-02-1.91789229E-01 4.48379664E-02-1.85180853E-03
19 12 3.21054610E-02-3.01372763E-02 4.92150993E-02-1.42889900E-01 1.76363631E-01
19 13-2.65843201E-03 4.13789856E-03 1.98848291E-02-7.88876723E-03 9.98183398E-03
19 14-1.93203140E-02 3.79567267E-02-9.03051146E-01 1.06072073E+00-2.58263499E-02
19 15-1.12318634E-02-2.50941429E-02-8.48420830E-02-1.65605944E-01-2.93200972E-02
19 16 3.43315702E-02 2.63185536E-02 5.14216128E-02-4.40792311E-02-2.74665687E-02
19 17-3.01236312E-02-4.31098332E-02 3.41559861E-01-4.38228555E-01 5.77519538E-03
19 18 5.79916446E-03 1.93440425E-02-1.01562323E-01-2.66509181E-02-1.15538536E-01
19 19-5.04764254E-03-3.29199342E-02-3.68790639E-02 1.95664854E-03 1.07550261E-02
19 20 6.93624008E-04 5.69409561E-02-5.99486566E-03 1.68449414E-01 1.65065697E-02
19 21-1.92404759E-02-1.12656477E-02-3.80243923E-02 8.38001606E-02-6.78474972E-02
19 22 2.53589418E-02 1.42663992E-02 4.71790220E-02 8.34036747E-03-8.81837100E-03
19 23 1.77857318E-03
20  1 3.96786720E-04 1.83922540E-02 1.07929894E-02-1.20489092E-03-2.95981796E-02
20  2-7.05873266E-03 5.84798615E-02-1.47664589E-02 3.03340040E-02-3.44478717E-02
20  3 4.77351554E-02-1.74099362E-01 2.37347351E-01-7.41571867E-03-1.14868884E-03
20  4-2.26258878E-02-1.80177337E-02 3.13198850E-02-6.73339964E-03-3.89808447E-02
20  5 1.87660905E-01-2.56316972E-01-4.26067599E-03 2.24713941E-02-2.88061218E-02
20  6 3.15118926E-02-1.67935924E-01 1.63509253E-01-2.05846465E-02-5.02487135E-02
20  7-1.82277090E-03-7.47320437E-03 1.31492324E-02-1.66552476E-03 2.38854940E-02
20  8 7.07994391E-02 7.12785615E-02-7.85818753E-01 1.05984721E+00-1.04369320E-02
20  9-4.09564490E-03-1.35831835E-02 1.99804004E-02 1.84027634E-01-1.35176054E-01
20 10 7.03145553E-02 3.97595094E-02 3.63679446E-02 7.14074204E-03-1.91405859E-03
20 11 3.95852535E-02-4.57712157E-02 1.63331779E-01-7.23719234E-01-1.19055866E-02
20 12 3.47948489E-02-1.89205601E-02 1.04139035E-01-2.04649817E-01 1.21803907E-01
20 13-2.06099384E-02-2.48165065E-03-7.81259622E-03-8.69276082E-03 1.17215387E-02
20 14-1.69278917E-02 6.22454725E-02-8.99906573E-01 1.34273506E+00-2.35192106E-02
20 15-8.93227850E-03-9.65853617E-03-6.14556558E-02-1.58307441E-01-1.21257217E-01
20 16 4.86712035E-02 3.36513743E-02 4.81829985E-02-3.98622230E-02-3.00598664E-02
20 17-3.50184889E-02 1.47084299E-02-2.28876735E-02 1.21436291E-01-9.05838907E-03
20 18-2.22566086E-03-2.55653610E-03 4.15962956E-02 1.69854443E-02 2.57434107E-02
20 19-1.83051301E-03 4.96839461E-03 6.55477884E-03-3.71221884E-03-4.09132293E-03
20 20 1.10505673E-03 1.08822253E-02-7.75862678E-02 1.99104055E-02-1.34995981E-02
20 21-5.07987990E-03 3.24394898E-03 1.00501090E-01 7.11413446E-02-6.65658750E-03
20 22 1.84804626E-02-1.20471418E-02 1.39617307E-02-6.54387164E-03-1.95685777E-02
20 23-3.48218810E-03
21  1-8.01710657E-04-7.04188235E-03-3.29495411E-02 3.85901442E-03 5.58874633E-02
21  2-5.15615419E-02-2.14611635E-02 2.44474787E-02-5.33411525E-02 6.58281998E-02
21  3-9.13051301E-02 3.17268719E-01-4.47570123E-01 1.51694221E-02 5.28036063E-03
21  4 4.49892560E-02 3.30184335E-02-5.88331072E-02 1.38137145E-02 9.28837081E-02
21  5-4.10968993E-01 5.04187629E-01 1.51254107E-02-3.60360459E-02 5.10684899E-02
21  6-1.08181090E-01 2.56693032E-01-3.20144651E-01 4.51617403E-02 9.99345922E-02
21  7 9.73907990E-03 7.35502574E-03-2.92632988E-02-2.53878096E-03-1.93189809E-02
21  8 6.03555432E-02 4.70865450E-02-7.35616284E-01 9.23770614E-01-1.08014705E-02
21  9 3.16831914E-03-1.65328794E-02 1.13775963E-02 1.36336438E-01-1.44009620E-01
21 10 5.76425740E-02 3.48429599E-02 1.72064369E-02 6.79926778E-03-5.82029171E-03
21 11 3.51605684E-02 2.02934977E-02 2.67244233E-01-4.90394296E-01 6.22371719E-03
21 12-6.86978938E-03 8.29175472E-03-8.05222683E-02-9.78102300E-02 2.01443681E-02
21 13 1.62940140E-03 1.98241601E-02 4.11472121E-03 1.45203310E-02-1.01616058E-02
21 14-1.18300997E-02 1.68942859E-02 2.03990261E-01-2.05701261E-01 2.31177216E-02
21 15 4.62959393E-03 1.39505695E-02-7.34061446E-02 7.74446977E-02-2.91675157E-02
21 16-7.11126157E-03 1.46694173E-02-1.64522494E-03 8.18259599E-03-4.10895813E-03
21 17 1.09110243E-02-4.94090630E-02 3.36314026E-01-4.21239267E-01 7.96816550E-03
21 18 1.07793630E-02-9.44574932E-04-1.07863791E-01-6.18460990E-02 2.07518321E-02
21 19-9.44007976E-03-3.67091637E-02-3.43654464E-02 7.20185068E-03-7.19684207E-03
21 20-1.27760212E-03 2.10089196E-02-2.57332762E-01 2.32433663E-01-1.43374595E-02
21 21 2.21740451E-03 1.17026425E-02 8.12127770E-02 2.64239894E-02-3.15304297E-02
21 22 2.90466637E-02 1.20982584E-02 2.32420225E-02-6.76287790E-03-1.26998933E-02
21 23-3.49756124E-04
22  1-4.87318805E-04 4.54158871E-03-3.54608060E-02-6.65929032E-04-5.40990152E-03
22  2-7.00621412E-03-3.69050737E-02-2.11157188E-04 1.14011240E-03 3.18520391E-03
22  3-7.63143722E-03-2.84749472E-03-1.95801812E-02-2.22962592E-03-2.17855138E-04
22  4-6.34225373E-04 3.09143383E-06-2.33048661E-03 1.23519621E-03 2.27470169E-02
22  5-8.35337857E-02 1.03127153E-01 7.71297024E-03 7.02619649E-03 1.70376587E-04
22  6-4.13932042E-02-3.68055230E-02 6.97252382E-03 9.36221249E-03 1.11615872E-02
22  7 1.58595665E-02-4.33984430E-03-9.67425726E-04-1.57472374E-03-6.55085493E-02
22  8-5.53682472E-02 3.59691419E-02-1.46666784E-01 4.42142867E-02-2.74519421E-02
22  9-2.92313207E-02 1.09030799E-02 2.68761351E-01 2.47653663E-01-2.49527190E-02
22 10 4.53266698E-02-6.57492875E-03 1.97458334E-02-6.34323730E-03 3.63291358E-02
22 11 3.92192106E-02 1.41916655E-02-4.52759361E-01 5.26207323E-01-1.65963323E-02
22 12 2.73040614E-02-2.45943301E-02 1.39908461E-01-1.38467758E-01 1.39275757E-01
22 13 4.16805158E-02 2.40110655E-02 4.82053866E-02-1.36076364E-02 1.13497889E-02
22 14 3.64958930E-03-3.92284484E-02 2.70136051E-01-5.22696328E-01-4.68202830E-03
22 15 6.77464692E-03-5.97023343E-03 1.06208037E-01-2.50271522E-02 1.10140746E-01
22 16-1.41274611E-02-3.82029568E-02-1.61412382E-02 3.26366512E-04 1.45173825E-02
22 17 1.75398097E-03 4.81052258E-02-3.44083450E-01 2.03614607E-01 9.63575459E-03
22 18-6.15575962E-02 6.71050423E-02-7.76439467E-02 4.30315825E-01-4.81218991E-01
22 19 6.23165182E-02 5.24031563E-02 2.38682951E-02-5.26059019E-02 5.77539739E-02
22 20 8.51350724E-03 2.57981224E-02-1.47910791E-01-1.73137982E-01-5.31654562E-02
22 21-2.35648217E-02 1.12149063E-02 4.97146408E-01 1.43145785E-01-1.72509731E-01
22 22 8.58878229E-02 1.01351295E-02 3.83850772E-02-2.27066064E-02-3.84686422E-02
22 23-1.01626776E-02
23  1 3.14265115E-04-7.63931452E-03 3.87967024E-02-1.30819363E-03 2.45645197E-02
23  2-1.70813293E-02 5.01174781E-02 8.77620754E-03-2.39203810E-03-7.86851200E-03
23  3-3.48310728E-02 6.98970090E-03 4.77849814E-02 4.68438011E-03 7.28688445E-03
23  4 8.64277017E-03 2.46168029E-04 4.94904306E-03-3.47379818E-03-4.57921925E-02
23  5-2.64917792E-02 2.18645124E-02-1.91464302E-02-2.28871616E-02-4.73158762E-03
23  6 8.73983320E-02 1.11022624E-01-7.24661368E-03-9.06152810E-03-1.08568650E-02
23  7-2.16089687E-02 8.81083777E-03 1.97425962E-04 2.36135787E-03-5.45192696E-02
23  8 1.88486617E-02-3.19861309E-02 5.29199854E-02-2.64531654E-01-2.46562247E-02
23  9-1.31242115E-02-1.20798923E-02 2.24479270E-01 1.19568415E-01 8.65298918E-02
23 10 4.35599534E-03-2.58567241E-02 1.13696173E-02-1.42279028E-02 3.12163690E-02
23 11 1.23606849E-02 6.14827800E-02-7.69974148E-01 9.19561945E-01-3.19923434E-02
23 12 4.67566944E-02-2.97859773E-03 2.97146177E-01-2.93681910E-01-5.77608803E-02
23 13 7.53013975E-02 8.09422894E-02 5.72478008E-02-3.57969657E-02 2.63558532E-02
23 14 1.24776330E-02-2.99660850E-02 1.78795677E-01-5.88198084E-01-2.28342389E-02
23 15 1.67011973E-02 7.10442677E-03 2.73457239E-01-1.14580264E-01-3.58620194E-02
23 16 3.07067417E-02-4.02459790E-02-2.71675807E-02 9.11543958E-03 1.34231779E-02
23 17-1.77531107E-02-3.93880293E-02 3.80628270E-01-3.81106228E-01-1.05253437E-02
23 18 8.12405161E-02-4.11563295E-02 6.76991115E-02-5.79940408E-01 2.89896900E-01
23 19-4.87666957E-02-4.92479214E-02-2.69137141E-02 7.11272595E-02-3.20405628E-02
23 20-1.33831504E-02 4.81009735E-02-1.22956095E-01 2.81500127E-01-4.10995960E-03
23 21-3.42798125E-02-1.39792951E-02 4.79116501E-02 3.05348545E-01 1.45940981E-01
23 22 3.36095543E-02-2.63252645E-02 1.77489746E-03 1.26775553E-02-9.54326419E-03
23 23-2.94161390E-02
24  1 8.30173889E-04-5.45984731E-02-4.30804898E-02 1.03423786E-02-7.77376647E-02
24  2 8.77356200E-02 4.13984431E-02-4.95668567E-02-2.16096696E-02-2.20593002E-02
24  3 2.76962597E-01 2.17038866E-01 1.94452776E-01-5.21159217E-03-6.08235427E-02
24  4-4.85202772E-02 2.52239941E-02 2.80113250E-02-1.89075798E-02-1.08627023E-01
24  5 2.83886036E-01-2.93209692E-01-6.21998014E-02-2.46454619E-02 3.18967881E-03
24  6 4.47556030E-01 1.11282412E-01-6.24992319E-02-1.62540538E-02-6.30297926E-02
24  7-7.46573148E-02 3.38194237E-02 2.68438243E-02-8.88628039E-03-7.32676632E-02
24  8 8.63104685E-02 5.48657836E-02-5.52556084E-02 2.55283658E-01 2.69262867E-02
24  9-1.52016418E-02 1.31890210E-02-2.69851989E-01 1.08088140E-01-1.04121817E-01
24 10 4.44180022E-03 1.12054769E-02 2.54796109E-02 1.55943801E-02-3.04052591E-02
24 11 1.99489775E-03-5.03241409E-04-3.91366145E-01 4.11781304E-01 1.36642546E-02
24 12 2.52465780E-02-3.59425388E-02-9.50021905E-02-1.59825962E-01 2.73731225E-01
24 13 3.52237393E-02 1.77740883E-02 5.79463678E-02 3.20050164E-03-3.61258594E-03
24 14-1.14575739E-02 7.08758294E-03 1.53184822E-02-2.87411347E-01 1.02786226E-02
24 15 5.86460466E-03-1.21637657E-02-3.22197753E-02 6.96892322E-03 1.63904955E-01
24 16-4.10888603E-03 1.88624071E-03 2.51494446E-02-8.91557397E-03 7.69730792E-03
24 17 1.24191020E-02-2.62951682E-02-3.81380563E-02-7.38483087E-02 3.42785936E-02
24 18 1.97811270E-02 4.57933164E-02-2.37320971E-01-1.22062121E-01-3.41511429E-01
24 19 3.75596264E-02-5.34104307E-03-1.70147003E-02 1.32510398E-02 3.56984618E-02
24 20-2.33746346E-03-1.03999940E-03 2.98758330E-01-3.44908003E-01 3.33412186E-02
24 21-5.65217761E-03-1.41195309E-02-2.79864679E-01 3.78620362E-02 5.75280893E-02
24 22-4.69780081E-02-2.77882578E-02 5.02355983E-03 1.16306186E-02 5.65979436E-03
24 23 6.37383135E-03
25  1-8.43279540E-04 5.25839883E-02 3.44536820E-02 3.50237289E-03 8.94907270E-02
25  2-1.76823522E-01 1.46984057E-01 5.70802187E-02 3.35116990E-02 1.39131819E-03
25  3-3.56167172E-01-2.98810258E-01-4.90885369E-02-4.45794090E-03 7.14915950E-02
25  4 5.34607369E-02-2.95800974E-02-9.46523608E-03 1.51015233E-02 8.31328784E-02
25  5-1.45022772E-01 5.62054662E-02 5.75275998E-02 9.98479276E-03 5.49702503E-03
25  6-4.05925128E-01 1.34593036E-02 3.27262265E-02 5.05866217E-03 6.03756130E-02
25  7 6.04865231E-02-2.10472759E-02-2.60454290E-02 1.94655005E-02-9.04419988E-02
25  8 8.79262762E-02 6.09819301E-02-5.24248162E-02 2.58748080E-01 3.38031601E-02
25  9-1.36017469E-02 1.67605620E-02-3.46365720E-01 9.04857289E-02-1.19272918E-01
25 10 2.73287795E-03 1.67338950E-02 2.79179599E-02 1.95475022E-02-3.99336517E-02
25 11-8.43144500E-04-6.71402033E-03-4.62391045E-01 5.46689845E-01-9.95701332E-04
25 12 3.56024846E-02-2.96240068E-02 5.50410084E-02-2.03891988E-01 2.13934243E-01
25 13 3.54707961E-02 1.86776813E-02 4.95950075E-02-1.74341750E-02 9.30312635E-03
25 14-5.45846746E-03-2.28616844E-02 4.03086100E-02-3.83994029E-01-9.70398532E-03
25 15 8.49544983E-03-1.45298969E-02 1.22809622E-01-5.65871473E-02 1.75738405E-01
25 16 6.86909111E-03-2.38958745E-02 1.35831388E-02-8.47319075E-03 1.62022420E-02
25 17 2.30775336E-03 6.01565950E-02-1.09669309E-01 2.01055429E-01-3.00004351E-02
25 18-1.64664870E-02 1.04010750E-02 1.88313041E-01 1.09425110E-01-7.01810874E-02
25 19-8.97351592E-04 2.72990718E-02 2.48255580E-02-1.26656517E-02 1.19140851E-02
25 20 2.46020254E-03 8.67566224E-03 3.39481763E-01-4.67252318E-01 4.01794155E-02
25 21-7.95072234E-03-1.30101098E-02-3.22193803E-01 3.04526006E-02 1.83057006E-02
25 22-4.72899623E-02-2.29745642E-02 1.66342936E-02 1.09285638E-02 5.42104890E-03
25 23 1.36397496E-02
26  1-4.71403860E-04-1.55132461E-02-3.92058724E-02 3.27003607E-03-2.99018843E-02
26  2 1.25889401E-01-2.88361554E-01-2.02041088E-02-3.01399109E-02 3.36138950E-02
26  3 1.59086232E-01 2.27731800E-01-2.33161975E-01 1.41529555E-02-2.85657630E-02
26  4-1.37914736E-02 1.95360760E-02-2.78863074E-02 1.55908724E-03 1.32160529E-02
26  5-2.57506778E-01 3.85878229E-01-9.09034182E-03 1.61754843E-02-2.25778410E-02
26  6 4.21807415E-02-1.74026119E-01 8.56503875E-02 2.16259019E-02-4.96728014E-03
26  7 1.51768651E-02-1.33556960E-02 8.09456391E-03-1.88713318E-02 2.32613919E-02
26  8 2.32744006E-02 3.93064176E-03 1.11939262E-03 8.81753932E-02 2.10944253E-02
26  9 1.02997408E-02 1.99873366E-03-2.25857377E-01-8.45358649E-02-1.46539309E-02
26 10-1.32489547E-02 1.23013379E-02 4.87484920E-03 1.03140705E-02-2.85176594E-02
26 11-1.26066750E-02 1.60453522E-02 1.23390671E-01-8.40497746E-02-3.28231443E-02
26 12 9.11705652E-03 4.52740055E-02 3.29088533E-01-1.67282984E-01-3.78734796E-01
26 13-8.95944376E-03 5.08776526E-02-4.95773185E-02-4.33463802E-02 3.06399995E-02
26 14 1.79527960E-02-6.82548998E-03 5.20984130E-02-6.27946300E-02-3.60103251E-02
26 15 1.81691105E-02 3.10980736E-02 3.52754054E-01-1.65524887E-01-3.20610663E-01
26 16 6.38161416E-02-2.80090848E-02-4.74598912E-02 1.98548257E-02-2.50902051E-03
26 17-4.00885710E-02 1.25497425E-02-2.20998772E-01 9.89885435E-02 1.39709348E-02
26 18-5.15791168E-02 5.71361029E-03-1.05548413E-01 3.78730077E-01-6.14624649E-02
26 19 4.15265769E-02 2.99949409E-02 1.63545311E-02-4.45631348E-02 6.32292633E-03
26 20 7.76953444E-03 1.05951175E-02 2.32422988E-01-2.30434097E-01 2.63787666E-02
26 21 7.13357473E-04-1.20629303E-02-1.95687192E-01-3.53667386E-02 9.15092385E-03
26 22-3.26823435E-02-1.09003543E-02 6.10027411E-03 3.94113432E-03 5.83224075E-03
26 23 1.52248182E-02
27  1 3.09170550E-04 5.68508699E-02 4.83379863E-02 1.15782075E-02 1.08652002E-01
27  2 1.53684654E-01 7.19434830E-02 5.62925467E-02-6.98257447E-02 4.06011092E-02
27  3-2.88101293E-01 5.10798754E-01-3.15591510E-01-4.91933330E-03 5.92447217E-03
27  4 2.46038873E-02 5.06895265E-02-3.88030664E-02-1.78877136E-03-1.49749705E-01
27  5 2.49606577E-01-1.40181125E-01-3.48789974E-02 2.73151717E-02-7.73462112E-02
27  6 2.15053832E-01-3.59135023E-01 4.67211035E-01-5.55650264E-02-1.21024648E-01
27  7-3.48915196E-02-2.20571962E-02 4.14477262E-02-4.02950549E-03-3.11911108E-02
27  8 1.53526961E-02-3.09173673E-02 1.48531183E-01 9.82819388E-02-1.24841116E-02
27  9 4.76798394E-03-1.17682576E-02 1.60323885E-01-7.00849991E-02 3.08526507E-02
27 10-1.57035690E-02-1.79083025E-02-2.52410766E-02-1.53659690E-02 1.66649508E-02
27 11-7.76808699E-03-4.36081306E-02 1.25808308E-01-8.31930995E-02 2.57308197E-03
27 12-2.16266537E-03-2.09803606E-02-1.88432166E-02 5.11644952E-02 2.04460502E-01
27 13-2.54348151E-02-4.13928560E-02-2.26741722E-03 5.24555469E-04-1.93349853E-03
27 14-1.14209148E-02-2.00711852E-02-5.17685013E-02 1.38253696E-01-3.49326853E-03
27 15-1.71262479E-03-1.71908091E-02-3.13164528E-02-3.97291994E-02 1.58844060E-01
27 16-2.14301891E-02-1.57114268E-02 1.14287310E-02-1.60006066E-02 6.33629801E-03
27 17 4.17121282E-03 4.66614449E-02 2.13656422E-01-7.66936441E-02-3.80980935E-02
27 18-5.57493950E-03 4.62657025E-03 1.90026206E-01 4.80158216E-02 1.44606379E-03
27 19-1.96536425E-02 1.42458111E-03 3.30115016E-03-6.66280401E-03 4.56408885E-04
27 20 4.83675977E-05-6.13175004E-02 4.88969611E-01-3.55513709E-01 2.61725694E-03
27 21 5.97530327E-03-2.52000526E-02-5.99659396E-02-2.19066778E-02 2.97979057E-01
27 22-6.50532420E-02-6.10125647E-02-8.55977912E-02 4.31711597E-03 1.16504674E-02
27 23-1.89415602E-02
28  1-7.99448724E-05 8.91972813E-04-1.59580281E-02 2.10379989E-02-1.39681588E-01
28  2-1.07817605E-01 1.17529275E-01-7.19898518E-02 1.73828247E-02 1.16236340E-03
28  3 3.40133499E-01-4.41215723E-02 3.86814250E-02-1.20251038E-02-5.11568331E-02
28  4-4.82407745E-02-1.09821532E-03 9.69813485E-03 2.27736645E-03 1.46214470E-01
28  5 5.68502637E-02-2.76669233E-02 3.40914153E-02 2.75184705E-02 5.55376783E-02
28  6-1.54071806E-01-8.26432455E-02-3.03146300E-01 3.52178698E-02 5.42298439E-02
28  7 2.40145528E-02-9.00700364E-04-1.79340960E-02-1.59293081E-02-6.59405741E-02
28  8 3.20871330E-02-7.62595267E-02 2.57131609E-01 2.27756468E-01-2.55994902E-02
28  9 1.45678686E-02-2.79560120E-02 3.07920368E-01-1.60889158E-01 8.14849492E-02
28 10-3.38842897E-02-3.56561180E-02-4.85425306E-02-3.00431863E-02 3.02867813E-02
28 11-1.58994030E-02-8.17157550E-03 1.10124245E-01-5.89311886E-02-4.17201926E-03
28 12-1.00106816E-02-6.02400095E-03 5.85002555E-02 2.58146938E-02 1.46364237E-01
28 13-1.12140245E-02-1.64347325E-02 7.04008154E-03-1.12167717E-02 1.66170487E-03
28 14-1.35639605E-02-5.66248730E-02-5.20543101E-02 3.93948899E-02-1.38954525E-02
28 15-6.38771060E-03-3.15421447E-02 8.16830775E-02-3.39867394E-03 2.71606623E-01
28 16-1.63103356E-02-2.51877376E-02 1.12242890E-02-9.43462832E-03 1.55524926E-02
28 17 5.79475146E-03-2.05567639E-02 1.15799515E-01-1.24841167E-01 1.27035937E-03
28 18-3.41131742E-02-2.67501069E-02-5.13343569E-02 2.58823628E-01 2.41623649E-01
28 19-4.16377396E-03-1.10473168E-02-2.39438360E-03-3.00143903E-02-3.32240458E-02
28 20 6.80379796E-03-8.79206357E-02 9.89566289E-01-7.67492381E-01 1.42377846E-02
28 21 1.28385385E-03-5.33578696E-02-1.56187281E-01 1.53921981E-02 5.79920965E-01
28 22-1.17604840E-01-1.16255900E-01-1.52536344E-01 1.07281699E-02 1.89385454E-02
28 23-3.40204932E-02
29  1-6.93598046E-04-1.81781604E-02-4.17956549E-02 1.73143556E-02 8.24172071E-02
29  2-3.52412593E-02-7.16585086E-02 4.42196693E-02 1.51930576E-02-1.20916243E-02
29  3-2.41996719E-01-1.83683731E-01 4.99968170E-02 5.43728453E-03 4.75334331E-02
29  4 3.87609969E-02-1.79725102E-02 2.51409066E-03 1.45543130E-03-4.86389331E-02
29  5-2.45850664E-01 1.47669058E-01-6.80232400E-03-3.66120147E-02-1.58741392E-02
29  6-2.69271763E-02 2.42746843E-01 5.61638642E-02-1.68069224E-03 1.98580499E-02
29  7 2.52485675E-03 7.60047504E-03-7.36257449E-03 1.73023630E-02 6.57433404E-02
29  8 3.23470719E-02-4.53990905E-02 2.45361171E-01 2.85927560E-01-1.58628476E-02
29  9 7.55132920E-03-1.61605092E-02 2.25103481E-01-1.16903097E-01 4.34730117E-02
29 10-2.61540839E-02-2.72365427E-02-3.30198260E-02-2.27825847E-02 2.15569010E-02
29 11-1.13566982E-02-9.87430981E-03-1.37783350E-02 3.82567797E-02 1.22702701E-02
29 12 5.48521756E-03 4.30005167E-03-1.50944769E-01-1.50026573E-01-7.90547206E-02
29 13 2.23501131E-03 5.27956354E-02-2.82546764E-03 1.94670130E-02-7.43596316E-03
29 14-5.31746121E-03 1.01473551E-01 3.27402743E-04-2.27789451E-02 3.19378249E-02
29 15 1.42856211E-02 4.77356901E-02-2.27423933E-01-1.16261012E-03-4.37131747E-01
29 16 2.02457989E-02 4.99348321E-02-1.12554575E-02 6.84933645E-03-3.85365751E-02
29 17-1.00815716E-02-1.33929359E-02-2.94802643E-01 3.30824526E-01 2.91645123E-02
29 18 1.78370755E-03 4.67934956E-02-1.59874882E-01-2.38319947E-02-3.75379806E-01
29 19 3.08315638E-02 1.08596173E-02-3.08727827E-03 4.59099010E-03 3.99766001E-02
29 20-2.86740068E-03-7.41435763E-02 1.08691370E+00-1.04440701E+00 1.46548186E-02
29 21 4.11458749E-04-5.82570536E-02-1.08502642E-01-7.96326186E-03 5.21052845E-01
29 22-1.09184493E-01-1.12520053E-01-1.29191880E-01 5.79735106E-03 9.75300277E-03
29 23-2.56114073E-02
30  1-7.35957296E-05 4.57151499E-02 1.17792320E-01 4.79291361E-03-1.25642807E-01
30  2-1.19155609E-02 1.56126115E-01-5.83569285E-02-8.28249863E-03 9.33799728E-03
30  3 2.71921367E-01 1.78976947E-01-1.33972995E-02-2.19649403E-02-6.53359189E-02
30  4-5.43916539E-02 2.11449555E-02 2.94866334E-03-7.99020118E-04 1.16453810E-01
30  5 1.77869421E-01-6.71438676E-02 2.84856958E-02 4.41219948E-02 3.39174042E-02
30  6-1.06955001E-01-2.81314360E-01-1.88725537E-01 1.90435600E-02 9.59928047E-03
30  7 1.12783278E-02-1.24695613E-02-6.25329049E-03-2.70369837E-02 4.23317480E-02
30  8 1.92141441E-02 9.52265535E-03-4.23672700E-02-5.88011051E-02 1.85444088E-03
30  9-8.73212375E-03 6.39557787E-04-2.40710795E-02 7.64144972E-02 3.44956465E-02
30 10 1.01551890E-02 3.57115017E-03 2.66875186E-02 1.96108471E-03 2.99044982E-04
30 11 4.90448527E-03 5.28024171E-02-6.81106499E-01 8.02663922E-01 1.22573276E-02
30 12 2.49233229E-02-1.59640109E-03-1.73056103E-01-2.03226991E-01-9.06819396E-02
30 13 7.18146526E-02 8.33282812E-02 5.52126538E-02 2.41527889E-02-1.10824254E-02
30 14 3.55202742E-03 8.82094137E-02-1.77792084E-02-3.47486922E-01 3.92624607E-02
30 15 2.84999067E-03 3.11931097E-02-2.66844172E-01 1.33691934E-01-2.75768990E-01
30 16 1.39519823E-02 6.30136277E-02 8.53028744E-03 1.17781680E-02-2.94528490E-02
30 17 8.22688688E-03 1.36773383E-01 2.97247596E-01-1.30704071E-01-8.14889157E-02
30 18 4.72238520E-03 2.38077084E-02 4.83664908E-01-3.42499177E-02-1.76434129E-01
30 19-2.84710658E-02 2.74530705E-02 2.11266385E-02 3.47139032E-03 2.99368257E-02
30 20-2.78167215E-03 4.13252438E-02 1.04665658E-02-1.17961255E-01 7.83357974E-03
30 21-2.22414915E-02-6.51439381E-03-4.04685890E-02 1.77870980E-01-9.11094599E-04
30 22 1.69669171E-02-6.19328216E-03 2.61323902E-02 1.01740957E-02-5.40359788E-03
30 23-5.65246232E-03
31  1 3.75166143E-04-7.93081622E-03-5.68252715E-02 2.28201945E-03 5.27458302E-02
31  2 2.89684983E-02-7.24120023E-02 1.90874283E-02-4.71296130E-03 4.21414230E-03
31  3-7.34520834E-02-3.72411379E-03-5.02000870E-02 1.55615432E-02 2.32373236E-02
31  4 1.89732163E-02-3.36346956E-03-7.35351543E-03 6.65999426E-05-6.64805634E-02
31  5 2.82138154E-02-2.77077257E-02-1.44563223E-02-2.39356827E-03-2.31047256E-02
31  6 8.09497680E-02-2.84847030E-02 1.48568952E-01-1.96154997E-02-3.50698686E-02
31  7-8.67195475E-03-3.12870966E-03 1.00401876E-02 3.44889313E-03-9.86318826E-03
31  8 1.02965617E-02-4.02495691E-03-2.43743671E-01 1.20256750E-02-3.73374545E-03
31  9-6.21955500E-03-1.07808866E-02 3.48815508E-03 8.03415455E-02 1.64500211E-01
31 10 2.63237308E-02 1.64115971E-02 5.98248275E-02 4.22910628E-04 4.68986006E-03
31 11 3.90561795E-03 8.20209040E-02-1.18491884E+00 1.39418214E+00 1.74056510E-02
31 12 4.47004442E-02-4.13062339E-03-1.98105936E-01-2.49753519E-01-4.59170904E-02
31 13 1.17443307E-01 8.48571032E-02 1.02410685E-01 2.04269355E-02-1.63491736E-02
31 14-5.57844573E-04 1.80787189E-02-2.39578028E-01-3.15227705E-01 2.56218240E-02
31 15-1.74977030E-02-8.72576121E-03-2.94525329E-01 2.24560538E-01 3.54712938E-02
31 16-1.53701301E-02 4.82293471E-02 3.22799567E-02-3.84656774E-03-1.70812845E-02
31 17 2.27517789E-02-9.24984001E-02-1.61602208E-01-6.27515213E-02 4.00483065E-02
31 18-4.88150165E-02-6.93796018E-02-2.06064804E-01 3.92889471E-01 5.16022255E-01
31 19-8.28331999E-04-1.11006118E-02-1.12304084E-03-4.23754277E-02-5.84450315E-02
31 20 1.48967074E-02 1.01546950E-01-1.48979139E-01-1.68924476E-01 2.04194605E-02
31 21-4.59345773E-02-4.35135838E-03-1.09843783E-01 3.59845265E-01-7.12883160E-02
31 22 5.24124400E-02 1.43103410E-02 6.72126512E-02 2.26120853E-02-8.41800634E-03
31 23-8.92350444E-03
32  1 3.52701326E-05 1.19190585E-01 4.59416096E-02 4.52424581E-03 4.81260141E-02
32  2 6.04145223E-01-3.60411660E-01 5.95745948E-02-7.62394883E-03-5.57512814E-02
32  3-3.94831374E-01 9.39219346E-02 5.18676161E-01-7.79610596E-02-4.59180815E-02
32  4-3.30090597E-02 1.27780796E-02 4.86738359E-02-1.79212862E-02-7.28251112E-02
32  5 5.35722039E-02 3.25752995E-01-3.70819657E-02-4.55466118E-02 2.98854990E-02
32  6 2.91155545E-01 2.19776470E-01-4.15475898E-01-1.08992808E-02-2.72672835E-02
32  7-9.99695113E-02 2.83543003E-02-9.99533725E-03-1.22873618E-02-7.22521034E-03
32  8-1.65342913E-04-2.07505808E-02-3.31834818E-02 9.22373695E-02-7.70741361E-04
32  9 8.86265370E-03-8.58020984E-03 3.04532985E-03-6.29171022E-02 6.16780885E-02
32 10-6.16150872E-03 4.28717776E-04 1.95631850E-03-2.07709786E-03 6.27488471E-04
32 11-6.23006555E-03 6.33989237E-02 1.63635034E-01-3.11527169E-01-5.46580906E-03
32 12-2.27599918E-02 3.25079460E-02 4.81933398E-02 5.65185739E-02-2.36575338E-01
32 13 1.17719489E-02 2.34746333E-02-8.36077628E-03-5.03174515E-03-7.72483904E-04
32 14 9.42497230E-03-3.86763843E-02-9.51790180E-02 1.02898141E-01-1.27573045E-02
32 15-1.13940459E-02-1.60669563E-02 1.37072269E-01 1.10184167E-01 1.09685551E-01
32 16 1.48281447E-02 8.48622862E-03 6.09810974E-03 1.72192196E-02 1.01026670E-02
32 17 3.87653385E-03 3.17139283E-02 1.04074409E-01 2.43364073E-02-2.84841281E-02
32 18-2.92981349E-02 2.44350406E-03 2.24219655E-01 2.72938618E-01-8.50539901E-03
32 19-3.10037084E-02 8.81575017E-03-4.74951149E-03-2.74078310E-02 6.24670208E-03
32 20 4.72669558E-03 6.89371127E-03 8.79184552E-02-6.68912292E-02 3.34049924E-03
32 21-6.15619761E-03-6.81964214E-03-2.92597728E-02 5.75690331E-02 4.25233900E-02
32 22-7.43796308E-03-9.71971269E-03-6.18222753E-03 4.84108371E-03 2.00506494E-03
32 23-1.83003031E-03
33  1 1.09923522E-03 1.91564227E-01-9.71994815E-02-9.27886696E-03-3.95617587E-02
33  2 5.52273820E-01-1.63513803E-01 1.56197331E-02-7.75863567E-03-9.66393185E-03
33  3-1.83733688E-01 1.36987705E-01 1.87288084E-01-7.94345308E-02-6.39864851E-02
33  4-6.60826670E-02 1.59305270E-02 1.71862117E-02-9.23860547E-04 3.94622728E-02
33  5 7.07471063E-01-3.63022519E-01 3.42701383E-02 5.07966054E-02 2.27938600E-02
33  6-2.29235555E-01-5.35923639E-01-1.70907616E-01-5.54245202E-02-8.52561850E-02
33  7-5.65116550E-02-3.40875843E-02-2.00555626E-02-3.67950952E-02 3.58034530E-03
33  8 1.10249462E-02 3.13088635E-02 2.12362593E-01-1.96192065E-01 8.13546616E-03
33  9-1.19488752E-02 1.80442374E-02-7.36533817E-02 9.77477524E-02-1.71314227E-01
33 10-1.00145158E-02-1.42819311E-02-2.64507602E-02 7.23718210E-03-7.77048777E-03
33 11 1.22322663E-02-8.24685839E-03-1.52779949E-01 1.27264391E-01 4.31308194E-04
33 12 5.93270253E-03-6.73043153E-03-2.15516956E-02-3.90847930E-02 1.59729478E-02
33 13 1.05225394E-02 1.91932943E-02 7.26003053E-03 2.84255125E-03 4.40369016E-04
33 14 5.99130305E-03 4.75161502E-02 6.29869889E-04-9.79532137E-02 8.72706067E-03
33 15 2.98570004E-03 1.61110770E-02 5.52547515E-03 4.97283928E-02-1.32505488E-01
33 16 2.56265235E-02 2.52402701E-02 4.84341179E-03 1.03485308E-02-5.16804863E-03
33 17 5.70545275E-04-1.13112893E-01-4.26373607E-01 3.60469199E-01 6.93355586E-02
33 18 2.43210022E-02-1.23218602E-02-4.42685279E-01-2.60775788E-01 7.63409319E-02
33 19 3.58237115E-02-2.00261037E-02-7.92135993E-03 2.63573351E-02-1.43134790E-02
33 20-4.94036761E-03-3.05517185E-02-2.25668698E-02 5.05094891E-02-1.28848329E-02
33 21 1.39159509E-02 5.71914332E-03 1.23867984E-01-1.31588359E-01-2.71943765E-02
33 22 1.06945738E-03 2.28874936E-03-3.47166776E-03-1.51911324E-02-6.09796020E-03
33 23 6.12080926E-03
34  1 1.06002245E-04 3.62035349E-02-4.44372797E-02 1.49861251E-03-2.06568859E-02
34  2 6.08084426E-02 5.26188018E-02-3.92984496E-04 4.47786751E-03 6.62436080E-03
34  3-3.90236350E-02-3.36116854E-02-4.31625388E-02-1.90444224E-02-7.05057248E-03
34  4-1.47504301E-02-1.01556894E-03-3.86696377E-03 4.87523803E-03 2.42948371E-02
34  5 2.67561040E-01-3.35631451E-01 2.05523301E-02 2.53491263E-02 2.32793246E-03
34  6-1.65462422E-01-2.06481045E-01 5.01371504E-02-1.90217715E-02-2.13601380E-02
34  7 4.79068848E-03-1.72243798E-02-6.30475759E-03-3.41069121E-03-1.73887761E-02
34  8-5.95577246E-02-7.75910209E-02-7.93146130E-01 8.63486733E-01-1.52629688E-02
34  9 3.65873809E-02-4.75966130E-02 1.29713556E-01-3.46789050E-01 5.66184072E-01
34 10 4.01887827E-02 6.09205574E-02 1.05596007E-01-1.61628888E-02 1.45005541E-02
34 11-4.26064041E-02 4.05429427E-02 4.10564620E-01-6.97119389E-01 4.98081628E-03
34 12-3.06441723E-02 2.86939558E-02-6.07000760E-02 1.16941021E-01-1.71051645E-01
34 13-1.43890811E-02-2.06432763E-02-1.59686585E-02 8.28758758E-03-8.18264502E-03
34 14-3.29536479E-03-3.11673384E-02-2.60706578E-01 4.44459117E-01-1.18063287E-02
34 15-7.93334424E-03-2.56539642E-02 9.95482917E-02 8.03837702E-02 2.62698902E-01
34 16 1.32602488E-02 2.03919935E-02 3.47236931E-02 7.75466393E-03 2.11268682E-02
34 17 1.19030028E-02 3.81093996E-02-4.87845094E-01 5.50360225E-01 2.07069217E-02
34 18 2.36210763E-02 3.98276104E-02-1.92460831E-01-2.19380775E-01-4.17824817E-01
34 19 7.72582073E-02 3.97464941E-02 2.37757773E-02 1.97361469E-02 4.44963432E-02
34 20-5.57236411E-03 1.13283021E-01-1.12898259E-03-4.39974087E-01 3.86411504E-02
34 21-3.86188459E-02-2.22046717E-02-3.09643059E-01 3.28067186E-01-4.94009288E-03
34 22 2.03004118E-02 1.96447723E-02 4.82038630E-02 3.91189848E-02 1.26081897E-02
34 23-6.86938690E-03
35  1 3.97554600E-05-2.20724806E-02-6.33478997E-03 5.17642584E-03-8.74896428E-04
35  2-1.27007090E-01 1.34620420E-01-4.41980442E-03 4.22151664E-03 1.01134575E-02
35  3 3.13562337E-02-5.32665464E-02-1.13233653E-01 1.19394073E-02 1.45118025E-02
35  4 8.56563922E-03-5.24560829E-03-1.05916822E-02 4.04867967E-03-1.21950502E-02
35  5 6.58028920E-02-2.04248999E-01 3.31517533E-03 9.26234721E-03-8.33762443E-03
35  6-4.31363287E-02-5.77548326E-02 1.12223542E-01-9.83037727E-03-1.04782646E-02
35  7 1.22204411E-02-7.20881146E-03 2.41034925E-03 4.92678974E-03 2.53998526E-02
35  8 1.13373563E-01 1.51001566E-02 6.84037677E-01-4.39222420E-01 3.67541249E-03
35  9-4.02014301E-02 5.89355931E-03-7.25990755E-05 5.44572748E-01-1.39248667E-01
35 10-5.04676191E-02-8.47751598E-02-4.84907331E-02 1.12554115E-02 8.36773099E-03
35 11 4.11232944E-02 1.51122987E-01-1.22888540E-01 1.18888385E-01 1.34298386E-02
35 12-3.44273473E-02 3.48605702E-02-2.01800737E-01 4.36786755E-01-4.96026283E-01
35 13 5.81281891E-02-7.91469481E-04 1.11261993E-03 1.50316103E-02-2.35262638E-02
35 14 6.78907762E-02-8.99324436E-02-4.73321063E-01 4.62587275E-01-3.84636025E-02
35 15-3.63670033E-02-3.05976765E-02 3.08341935E-01 3.37582179E-01 2.60771092E-01
35 16 3.18117006E-02 3.95193037E-02 3.57583446E-02 3.34955263E-02 3.66272644E-02
35 17 2.17783731E-02 2.23949178E-02-1.25025550E-01 1.31011936E-01 2.43176795E-03
35 18 5.56786133E-03 1.15683898E-02-3.72589883E-02-6.90043985E-02-1.22176471E-01
35 19 2.48352732E-02 1.47651263E-02 9.99517150E-03 7.16613440E-03 1.35905821E-02
35 20-3.32460771E-03-1.12552584E-01 5.89139040E-01-3.63949719E-01-8.63428003E-03
35 21 1.87361950E-03-1.17692866E-03-2.10364973E-02 1.47225958E-01 1.70149437E-01
35 22-8.21529577E-02-8.90988311E-02-8.09444452E-02 8.20640497E-03-5.82190494E-03
35 23-2.49946681E-02
36  1-1.23103026E-04 2.27233826E-02-1.44491214E-02 1.05250656E-02-1.34833052E-02
36  2 1.07304969E-01-7.52329307E-02 1.24138753E-03-1.29865861E-03-4.54321179E-03
36  3-3.65514859E-02 3.01971457E-02 6.06902502E-02-1.94140136E-02-1.64643574E-02
36  4-1.39420637E-02 4.68251138E-03 6.04496485E-03-1.52128850E-03 1.30799612E-02
36  5 1.85318802E-02 7.85856877E-02 3.26560643E-03 2.75350857E-04 7.70917078E-03
36  6-2.21563336E-02-1.04574528E-02-6.92945341E-02-4.60658122E-04 5.05411614E-04
36  7-8.58823044E-03 5.36675295E-04-4.12859485E-03-4.63928460E-03 1.32950879E-01
36  8 7.39117578E-02-8.78114146E-03 1.41954229E-01 2.28919968E-02-3.42891334E-03
36  9-2.44578804E-02-1.90225526E-02 1.86471588E-02 3.64871829E-01 1.91793117E-01
36 10-1.35812099E-02-3.62247202E-02 2.35640640E-02 2.36664727E-03 1.02176563E-02
36 11 1.37933077E-02-6.46233039E-02 5.05071293E-01 3.06130970E-01-2.38116284E-02
36 12 1.89673885E-02-1.43849135E-02 3.76871260E-01 2.92977931E-01-2.27092619E-02
36 13-6.56376404E-02-1.26308055E-01-7.19574406E-02-1.69124379E-02 2.46621380E-02
36 14 1.89671768E-02-8.24486820E-03 9.92682814E-01-7.57540696E-01 3.51024691E-02
36 15 6.09557453E-03 4.33640490E-04-4.66034994E-01-2.92650053E-01 3.96466321E-02
36 16-1.27286237E-01-1.09344864E-01-6.54749075E-02-3.28548255E-02-7.72063153E-03
36 17-8.15252831E-03-2.11151650E-02-4.68515200E-02 7.73909194E-02 6.57621044E-03
36 18-7.55895092E-03 7.38718373E-04-4.44461593E-02 8.02736964E-02-3.04476053E-03
36 19-1.43843948E-03-6.18534568E-03-5.19210486E-03-8.98772375E-03-1.85424485E-03
36 20 4.22085942E-03-6.33540789E-02 4.56482247E-01-4.83481771E-01 1.30994139E-02
36 21-1.30245789E-02-4.21433313E-03-2.79669679E-01 2.90846198E-01 1.16631335E-01
36 22-7.69361322E-02-7.23875146E-02-5.29386927E-02 2.86331235E-02 1.05949001E-02
36 23-2.90227965E-02
37  1 7.31266554E-05-1.06715410E-02-3.17207274E-03-1.27056598E-03-5.90804982E-03
37  2-4.65252318E-02 6.80344014E-02-2.53226319E-03 2.09443023E-03 3.93843570E-03
37  3 1.38701981E-02-2.44263571E-02-4.58402416E-02 1.38055662E-03 3.00794025E-03
37  4 4.76881244E-04-2.19766566E-03-3.95789145E-03 1.46690242E-03-9.61659696E-03
37  5 5.43361578E-02-1.01749733E-01-3.08899855E-05 4.28732987E-03-4.63570255E-04
37  6-8.06886262E-03-2.19139341E-02 3.81348536E-02-7.94743589E-03-8.22559084E-03
37  7 1.25958941E-03-2.18524829E-03 1.53985024E-03 2.93315176E-03 1.27083264E-02
37  8 3.07032494E-02-8.55801445E-03 3.12782277E-01-2.38052807E-01 4.21943090E-02
37  9 3.96987353E-02 1.32073393E-02-5.06952263E-01-4.50788751E-01-2.55619388E-01
37 10-5.77051795E-02 1.05895850E-02-5.60728681E-02 7.79506148E-03-3.33999670E-02
37 11-1.50158605E-02 3.41829793E-02 1.32073258E-01-1.41306927E-01-2.30405174E-02
37 12-1.84313501E-03 2.88378161E-02 2.49580655E-01-4.57721085E-02-2.32484812E-01
37 13 5.36221850E-03-1.22668578E-03-1.10219825E-02-3.73967285E-03 9.82246983E-03
37 14-5.08391577E-03-2.41894473E-02 2.65307519E-02 8.98220654E-02 2.14763047E-02
37 15-1.36726910E-02-2.62139695E-02-3.00100879E-01 1.12125802E-01 2.80180428E-01
37 16-4.61625107E-02-2.81124174E-03 1.64796729E-02-3.38342597E-03-6.55331237E-05
37 17 1.54572876E-02 1.37024530E-02-3.97222387E-02 2.52814567E-02-4.54056418E-04
37 18 6.87487497E-03 5.11896882E-03-2.75288559E-02-8.58440991E-02-5.01791200E-02
37 19 1.54833062E-02 7.03203197E-03 5.82780948E-03 9.17831100E-03 4.18046455E-03
37 20-4.46631512E-03 1.31810253E-02 1.08216616E-01 6.29696241E-02-5.13543297E-02
37 21-3.88715828E-02-9.74117304E-03 5.32351957E-01 3.94330439E-01 1.73563425E-01
37 22 3.17074832E-02-3.66349113E-02-1.40546932E-02-1.57767383E-02-4.87824427E-03
37 23-1.05135243E-02
38  1-1.98659099E-04 6.80947610E-03-2.70581310E-03 1.57744985E-02-1.94292286E-02
38  2 7.76875361E-02-9.53286970E-02-3.00667495E-03-5.26542267E-03-5.52208624E-03
38  3-6.58503280E-03 7.30650789E-02 6.77453994E-02-1.64267213E-02-1.73031439E-02
38  4-1.26580708E-02 8.31025087E-03 7.24050260E-03-2.34660188E-03 7.66696213E-03
38  5-9.00255269E-02 1.90768471E-01 3.77682603E-03-7.69614809E-03-3.83606228E-03
38  6-3.79975005E-02 5.63484998E-02-1.58403986E-02 3.66290369E-03 1.02877115E-02
38  7-1.80885237E-03 3.43758551E-03-1.99610441E-03-3.18979769E-03 3.73100791E-02
38  8 3.84262827E-02-3.14980107E-03-3.69504648E-02 1.68083642E-01 2.44490237E-02
38  9 8.08471290E-03-1.42151863E-02-2.81243203E-01-1.03248213E-01 1.76520585E-01
38 10-1.27266107E-02 1.82185247E-02 2.64771701E-02 1.79328421E-03 2.19384920E-03
38 11-1.01954766E-02-3.56655449E-03-3.51542110E-02 4.93212160E-01 4.45239827E-02
38 12-3.29471775E-03-3.19844842E-02-5.41361043E-01 3.46451661E-01 3.55106209E-01
38 13-1.73434157E-02-6.75006697E-02 3.68428319E-02 3.25628653E-02-2.48097763E-02
38 14 2.63274786E-03-3.02102098E-02 3.41685665E-01-4.34121552E-01-3.88027587E-02
38 15 1.90537769E-02 2.18331707E-02 4.02122010E-01-3.83928913E-01-3.34256798E-01
38 16-6.35725984E-03-5.80002064E-02-6.40576494E-02-2.21055070E-02 7.17018792E-03
38 17-2.65019515E-02-4.17904649E-02 1.13509471E-01-7.43211827E-02 3.33562066E-03
38 18-9.70510840E-03-4.29262125E-03 6.65789736E-03 1.24798445E-01 7.67198553E-02
38 19-3.02615868E-02-2.34694038E-02-1.80392207E-02-1.16084714E-02-9.86541189E-03
38 20 6.67074176E-03-1.04737486E-01 4.96960121E-01-5.26133823E-01-3.18505723E-02
38 21-2.81631910E-02-3.39350574E-03 1.83458182E-01 5.66993498E-01 2.39606244E-01
38 22-6.79340059E-02-1.04337351E-01-9.38213276E-02 2.90068865E-02 1.62639926E-02
38 23-4.61859937E-02
39  1-7.15886203E-05-5.45750182E-03-5.91667138E-03 1.87344235E-03-1.73825043E-01
39  2 6.01827989E-01-7.39951106E-01-2.89548722E-02-6.41515994E-02-5.19238932E-02
39  3-2.14506616E-02 7.72463159E-01 6.19866033E-01-1.42062215E-01-1.09094624E-01
39  4-9.89999249E-02 7.31745098E-02 6.37138797E-02-3.35219618E-04 1.24760479E-01
39  5-5.28930777E-01 7.18686212E-01 6.90955760E-02-3.50976901E-02-3.55008611E-02
39  6-6.03581981E-01 6.04939609E-01 5.50680125E-01 2.29546739E-02 1.30538121E-01
39  7 1.29482781E-01 3.69599781E-02 2.10380538E-02 5.81464563E-02-2.06252450E-03
39  8-6.17867763E-03 8.61049973E-03-2.80019046E-02 2.18971054E-02 1.05205644E-03
39  9-2.44546169E-03 3.62538612E-04-4.68431312E-03 1.60421058E-02 2.39760004E-02
39 10 4.67788245E-03 3.38794980E-03 8.19845046E-03 1.09846632E-03 2.22695793E-04
39 11-1.17805790E-03-1.01464839E-02 5.27344202E-02-5.25673704E-02 1.67776103E-03
39 12 6.05920566E-03 5.37452147E-03 3.36874337E-05-8.43277971E-02-9.02038576E-02
39 13-7.12386122E-03 1.04478202E-04-1.37721172E-02-3.58094405E-03-7.03023947E-04
39 14 1.49367933E-03-3.22450719E-02 5.27786953E-03-9.76955815E-03-3.80310763E-03
39 15 9.39716656E-04-3.70140537E-03-2.08025125E-02-2.72747260E-02 2.39347549E-02
39 16-1.26696020E-02-1.40106727E-02-7.04865958E-03-4.01575540E-03-3.85668743E-03
39 17-3.90749017E-03-2.74697116E-02-1.57835982E-02 3.79504631E-02 3.37359157E-03
39 18-5.17903445E-03-3.00483138E-03-8.39884719E-03 4.47504302E-02 2.51612166E-02
39 19-1.02718200E-02-7.28351177E-03-9.66690448E-03-2.32681085E-03 2.27717941E-04
39 20-6.89118309E-04 1.60026389E-03-4.08108978E-02 2.29820784E-02 9.33209607E-04
39 21 3.78438804E-03-4.24555064E-03 7.37556665E-03-5.80037693E-02 1.52986546E-02
39 22 4.36950931E-03 4.27655913E-03 5.52305456E-03-1.76466320E-03-1.09297519E-03
39 23 1.96046210E-03
40  1-1.01212227E-04-9.95675131E-03 3.08033350E-03 1.59783511E-02-2.57931308E-02
40  2 1.12805078E-02 4.73369251E-02-3.20077465E-03 3.36605551E-03 1.89904383E-03
40  3 4.09857316E-04-2.66753068E-02-3.43009632E-02-1.32686921E-02-1.25107519E-02
40  4-1.16091979E-02-6.60046867E-04-2.32652741E-03-5.24765845E-04-1.64884536E-02
40  5 3.78089338E-03-1.14144494E-02-3.92258932E-03 5.43656532E-04-1.94313599E-04
40  6 2.36814518E-02 3.44291904E-03-2.01042738E-02-4.20339530E-03-6.06059244E-03
40  7-9.15418077E-03 8.22472647E-05-5.22269895E-04-4.31368225E-04-3.10482437E-02
40  8-5.65037186E-02 1.79896565E-01-7.45989746E-01 9.99936948E-01 5.15775037E-02
40  9-5.10218067E-02-2.87008415E-02-4.62520439E-01 2.52757190E-01 9.82535624E-01
40 10 9.31824900E-02 1.07237239E-01 2.18058020E-01 1.29936163E-02 2.41927542E-02
40 11-5.55427335E-02-6.07798865E-02 1.21143610E-01-3.32893502E-01-1.54357184E-02
40 12-1.32132712E-02-1.00159453E-02 1.60608172E-01 1.29348207E-02 7.15521716E-02
40 13-2.45437182E-02 6.67658784E-04-2.74237389E-02-6.22268095E-03 6.49749436E-03
40 14 1.83586850E-03 4.49866366E-02-2.30787431E-01 2.93306997E-01 9.47221724E-03
40 15-6.96029106E-03 1.02699699E-02-9.80373683E-04 2.33115738E-01-2.39884289E-02
40 16 3.73055065E-02 4.55164117E-02 3.09422670E-02 1.94297413E-02 4.76528473E-04
40 17 1.34351374E-02-3.12881769E-03 7.83464560E-02-5.26782831E-03-1.62931721E-03
40 18-2.05410655E-03 9.61187746E-03-3.73645444E-03 1.94209958E-03-3.37752109E-02
40 19-8.48452379E-03-9.90861688E-03-7.57272464E-03 1.14737210E-03-9.45001134E-04
40 20-2.60082389E-03-2.83774561E-01 4.33054734E-01-7.09002190E-01-3.94379981E-02
40 21 5.95517491E-02-6.69258668E-02 1.41731343E-01-3.33260348E-01 8.79902449E-01
40 22-1.39695187E-01-1.31354007E-01-1.54560871E-01 1.51953528E-02 4.18700909E-02
40 23-5.40787168E-02
41  1-1.85120310E-06-1.16719124E-02-3.23997019E-03 4.33816253E-03-2.64950171E-02
41  2 5.63829358E-02-4.07504082E-02-3.16003608E-03-4.12926780E-03-3.73930833E-03
41  3-8.29028737E-03 4.70826823E-02 3.55435341E-02-1.92592330E-02-1.25566260E-02
41  4-1.30075963E-02 4.84423507E-03 3.97506336E-03 6.47703567E-04-2.02734650E-02
41  5-9.26089225E-03 6.26778825E-03 3.14135825E-03-2.99033506E-03-6.21652353E-03
41  6-4.24735295E-02 6.86402252E-02 6.64822165E-02-1.00597267E-02-6.08011295E-04
41  7 1.73514620E-03 3.39733133E-03 3.14344720E-03 9.15225150E-03-2.94051552E-02
41  8 9.42538314E-03-7.80406497E-02 1.56913044E-01 5.94751706E-03-9.59713963E-03
41  9 1.83880530E-02-6.34365109E-03 5.99005235E-02-1.54873971E-01-1.08114071E-01
41 10-3.84870582E-02-2.58191551E-02-6.46603438E-02-7.34839426E-03-2.84303754E-03
41 11-1.72369926E-03-2.33832596E-01 5.93422470E-01-1.02688314E+00-5.50328791E-02
41 12-3.96504804E-02-5.12090897E-02 6.14994122E-01 7.83831722E-01 3.22876547E-01
41 13-1.04913156E-01-1.74625006E-01-1.18738657E-01-2.64072386E-03 2.22106279E-02
41 14 4.72726387E-02 2.16634034E-01-7.16924845E-01 1.04289494E+00 1.78383926E-02
41 15-4.79349667E-02 6.30275067E-02 2.89315529E-01 1.01429003E+00-3.34517846E-01
41 16 1.68024518E-01 1.64362366E-01 1.16186959E-01 7.37387849E-02 3.12991525E-02
41 17 6.39290216E-02 3.64887992E-03 1.99453566E-04 6.99630842E-02-2.55434598E-03
41 18 2.94177378E-03 8.42764875E-03-1.23863939E-02 9.72882660E-03-6.16686479E-02
41 19 2.63691114E-03-3.21770516E-04-2.89124174E-03-2.88539925E-03 3.24033056E-03
41 20 2.94456591E-03-1.01139562E-01 4.09717040E-01-5.62479459E-02-1.05815979E-02
41 21-3.33483468E-03 2.73997145E-02-7.41241965E-02 1.88710621E-01-1.34368602E-01
41 22-8.15037879E-02-5.28494559E-02-8.52521778E-02 2.25961553E-03 1.27727226E-02
41 23-2.76422035E-03
42  1 3.12113323E-03-1.08063617E-01-8.87085758E-02 2.35076883E-02-6.40422252E-01
42  2 1.36486109E+00-2.23030260E-01-5.25023448E-02 4.60373612E-03-3.09670779E-03
42  3 3.80532040E-02 1.98646773E-02-4.82269625E-02-3.47893265E-01-3.23011276E-01
42  4-3.19462741E-01 1.64266924E-02 1.69372376E-02-1.83575885E-02-6.31782699E-01
42  5 1.48468280E+00-4.11721324E-01-4.75624076E-02-2.71102775E-02-2.42964554E-02
42  6 5.26316967E-02-4.24238115E-02-5.81369733E-02-3.27714330E-01-3.50390506E-01
42  7-3.37084683E-01-1.67676840E-02-1.33604478E-02-3.69783116E-02-2.73428156E-03
42  8-1.27874372E-02-4.89250983E-02 1.27462427E-01-1.19115482E-01-2.56570973E-03
42  9 3.74257253E-03-5.81947423E-03 1.93662427E-02-3.34270428E-03-5.44390863E-02
42 10-1.95995755E-02-2.37276011E-02-4.82087744E-02 1.82585418E-03-5.98377344E-04
42 11 8.00121093E-03 5.89310590E-02-1.40576298E-01 8.76683660E-02-1.53507007E-03
42 12-1.87837824E-02 1.57058829E-03 2.40033661E-03-3.49632137E-02 3.05410851E-02
42 13 2.18638305E-02 5.70455100E-02 2.29834220E-02 1.76975761E-03 1.02318096E-03
42 14-1.07955884E-02 6.65020884E-02-2.27126205E-01 1.10843345E-01 1.07323933E-02
42 15 1.09871733E-02 5.66764482E-03-2.80333334E-02-1.96371889E-02 5.51701776E-02
42 16 4.15576854E-02 4.85976642E-02 3.61412334E-02 1.19403581E-02 4.71252796E-03
42 17 3.38066527E-03-1.17639672E+00 2.94573530E+00-9.46481211E-01 1.31244370E-01
42 18-8.31422424E-03-1.79666858E-02 2.07935162E-02 8.55732531E-03-4.89931718E-03
42 19-7.11428482E-01-6.04447853E-01-6.06914426E-01 8.52226620E-03 1.45082172E-02
42 20-9.11808311E-03-1.38129535E-01 3.25922370E-01 5.40537840E-02-1.09308263E-02
42 21 9.80389327E-03 8.32694042E-03 1.39008003E-02-2.08078480E-02-3.06110319E-02
42 22-7.15789351E-02-7.27554445E-02-9.18233824E-02 1.90372897E-03 8.74283843E-03
42 23-4.02246491E-03
43  1 1.55130447E-03-9.89840017E-02 6.51254977E-02-5.05667313E-03-1.26133868E+00
43  2 3.16469948E+00-1.07107839E+00-1.18561435E-01 4.37231971E-02 2.54771119E-02
43  3-1.16440537E-01-1.39704495E-01-1.08171934E-01-7.16189739E-01-6.64613728E-01
43  4-6.59397039E-01 3.31274751E-02 2.64342212E-02-3.98315267E-02-1.34128656E-03
43  5-1.52559376E-01 1.19285195E-01-1.75785376E-02 3.50173213E-02 2.48584491E-02
43  6 1.04246392E-01-1.54775971E-01-1.07771748E-01 2.81061549E-02 7.45334984E-03
43  7 1.20244254E-02-2.02296753E-02-1.44131435E-02-1.26379526E-02-1.19045289E-02
43  8-1.88215741E-02-1.12954975E-01 2.66065046E-01-9.60970235E-02-6.74780634E-03
43  9 9.20692975E-03-7.57700869E-03 2.17319207E-02-1.47590357E-02-4.69617686E-02
43 10-5.06974275E-02-5.34641424E-02-7.68965649E-02 3.17840578E-03-4.55575718E-03
43 11 9.13516195E-03-1.20863494E-01 2.80170819E-01-8.91294914E-02 1.63866084E-03
43 12 7.31836042E-03-4.21751662E-04-3.61161756E-02-5.96724757E-02-5.21500195E-02
43 13-5.91181716E-02-5.74249577E-02-5.80978765E-02-9.50338582E-03 1.12290086E-03
43 14 2.39343832E-03-1.19681435E-01 3.54179049E-01-1.88144891E-01-1.21454172E-02
43 15-7.36046793E-03-1.73463783E-02-1.55689619E-02-4.49727917E-02-1.70359499E-02
43 16-7.12133072E-02-7.49923267E-02-6.76346515E-02-1.36601810E-02-1.45089798E-02
43 17-1.17013000E-02 7.59005160E-01-2.00515839E+00 8.13032635E-01-8.37646091E-02
43 18 8.92612176E-03 1.10512827E-02-8.08780350E-02-1.05374526E-02 3.54713656E-02
43 19 4.66269704E-01 3.89534941E-01 3.86793950E-01-7.88030347E-03-8.13722457E-03
43 20 6.40618608E-03-1.64869823E-01 3.77093583E-01-1.19290057E-01-6.15959943E-03
43 21 3.89677404E-03 1.31538560E-02-1.17740733E-02 1.32863692E-02-9.33535795E-02
43 22-7.98592660E-02-7.70170873E-02-9.13851389E-02 4.37839517E-03 8.12486147E-03
43 23-1.73902951E-03
44  1-1.32083418E-03 5.82709551E-02-3.56713311E-02 1.37641235E-02 5.22850006E-02
44  2-5.05605476E-02-3.27177271E-02-1.86241840E-03 1.87557151E-02 1.51527396E-02
44  3 2.33504046E-03-7.97981625E-02-7.76746071E-02 2.98930506E-02 9.23318588E-03
44  4 1.42410988E-02-6.04033346E-03-8.24858917E-03-3.75957615E-03 6.56672464E-01
44  5-1.62712097E+00 5.98201186E-01 3.00576630E-02 3.79782288E-02 3.97953171E-02
44  6 9.80585186E-02-3.16825859E-02-5.69753636E-02 3.44815423E-01 3.56010050E-01
44  7 3.32458458E-01 1.01538628E-02 8.94631243E-03 2.76376617E-02-8.66250071E-02
44  8-9.11325556E-02-8.28938003E-01 2.08031800E+00-6.14293537E-01-2.65530679E-02
44  9 5.02879010E-02-8.57011569E-02-6.64843320E-03-2.60487213E-02 6.82151299E-02
44 10-3.89639807E-01-3.95096957E-01-5.32776255E-01 1.24442421E-02-6.20338470E-03
44 11 3.93761371E-02-6.04961618E-01 1.50927900E+00-4.63121920E-01 7.01812717E-04
44 12-3.41862020E-03-1.94940415E-02-1.82133182E-02-1.23515633E-01-3.78634791E-02
44 13-3.18339083E-01-2.92689870E-01-3.07138732E-01-4.18939269E-02 2.86593945E-03
44 14-4.81220145E-03-4.93784527E-01 1.16867766E+00-3.94984725E-01-3.84063041E-02
44 15-1.63786948E-02-4.22897026E-02-3.99947639E-02-6.10433246E-02-1.94491733E-04
44 16-2.56059724E-01-2.80448886E-01-2.48894980E-01-4.41030947E-02-4.35522136E-02
44 17-2.84056188E-02-3.32168971E-01 8.27572323E-01-2.43590989E-01 3.15955241E-02
44 18-5.28891035E-03-2.05234125E-03 1.82541711E-02 2.47920258E-02-7.84782570E-02
44 19-1.95736092E-01-1.67025418E-01-1.71374141E-01 1.17545778E-03 1.03551065E-02
44 20-4.28537677E-03-6.07001532E-01 1.48793473E+00-4.14266436E-01-3.49378902E-02
44 21 3.74124723E-02 2.81688603E-02 5.84888678E-03 1.23618621E-02 3.93313231E-02
44 22-3.08667148E-01-2.86178472E-01-3.99485968E-01 2.37115002E-02 4.98611070E-02
44 23-3.03952729E-02
45  1 1.07695404E-03-5.76863798E-02 4.24697303E-02-3.64282017E-03 4.72421750E-01
45  2-1.30052053E+00 5.07393847E-01 5.32093585E-02-5.08679030E-02-3.73339239E-02
45  3 1.43781634E-02 1.77215430E-01 1.88280651E-01 2.57723883E-01 2.71109391E-01
45  4 2.66205088E-01 2.06667029E-04 2.84296112E-03 2.32281211E-02-1.20483871E+00
45  5 3.08039972E+00-1.09609985E+00-5.13246761E-02-8.42448179E-02-8.81997984E-02
45  6-2.18045475E-01 1.13017207E-01 5.79920077E-02-6.39125644E-01-6.55426598E-01
45  7-6.42280602E-01-6.25471233E-03-1.11072752E-02-5.38627008E-02-4.27138096E-02
45  8-5.28588635E-02-4.87268520E-01 1.22048633E+00-3.75082898E-01-1.66764009E-02
45  9 2.91126197E-02-4.74577903E-02 9.36828201E-04-5.38913080E-03 3.51834662E-02
45 10-2.25773226E-01-2.32891671E-01-3.06581573E-01 7.80020165E-03-5.92551373E-03
45 11 2.46066827E-02-1.60095666E-01 3.31436502E-01-9.02356699E-02-3.90851070E-03
45 12-1.52033390E-02 7.37815184E-03-1.64812100E-02-1.99500367E-02-1.68619053E-02
45 13-8.04641858E-02-6.49106862E-02-7.52658413E-02-1.55692981E-02 2.21763668E-03
45 14-1.32873099E-02-2.87277495E-01 6.67061012E-01-1.22839546E-01-2.25549100E-02
45 15-1.29896177E-02-2.12533431E-02-4.03088825E-02 1.28782351E-02 6.52474655E-02
45 16-1.54066864E-01-1.51326238E-01-1.43683060E-01-1.96228587E-02-1.00587663E-02
45 17-7.04394863E-03 4.56281793E-01-1.13839871E+00 5.00318863E-01-4.26064306E-02
45 18 7.68195468E-03 6.86799958E-03-3.38110459E-02-4.32722785E-02-3.03025078E-02
45 19 2.66802804E-01 2.20088658E-01 2.20013944E-01-7.10368949E-04-4.93012698E-03
45 20 3.75575787E-03-3.33392895E-01 7.92170981E-01-2.70048851E-01-1.77628498E-02
45 21 1.66843701E-02 1.53246755E-02-1.49949515E-02 9.58557525E-03-5.46199915E-03
45 22-1.64576764E-01-1.56762408E-01-2.09451952E-01 1.37345169E-02 2.76753947E-02
45 23-1.56278237E-02
46  1-3.29223460E-06-3.03693141E-03-1.10643240E-02 3.21609821E-03 1.34438436E-02
46  2-2.85198004E-02-2.89394589E-03 8.59764566E-04-1.49405096E-03-6.46321358E-04
46  3-2.28030889E-03 3.81853921E-03 1.20686125E-02 5.94019325E-03 2.45140512E-03
46  4 7.88428737E-03 2.65536130E-03 1.80354967E-03-1.98622685E-03-9.00119264E-02
46  5 2.37989395E-01 2.44171986E-03-6.77011045E-03-7.50629546E-03-8.98486231E-03
46  6 6.49144036E-03 3.41101517E-04-5.75746116E-02-4.57080033E-02-4.98771711E-02
46  7-6.78356772E-02 1.40799965E-03-3.91433899E-04-1.19250431E-02-9.44708558E-02
46  8 6.05019016E-02 9.90350318E-01-2.59995721E+00 8.96733839E-01 2.26912387E-02
46  9-4.99623335E-02 1.04400339E-01 7.11942873E-02-5.37458488E-02-2.72673740E-01
46 10 4.58405061E-01 4.78677760E-01 5.62004963E-01-1.07071750E-02 2.28663442E-03
46 11-4.23657029E-02-3.95147352E-01 9.23438791E-01-4.54940192E-01-1.23724588E-02
46 12 3.28257577E-02-4.66900776E-02 1.27699442E-01 1.68825862E-01 3.20300855E-02
46 13-1.66528522E-01-2.88695590E-01-1.93106605E-01-4.10455220E-02 2.02205619E-03
46 14 7.01194896E-02-1.11028996E+00 2.86434120E+00-8.58697946E-01-8.58563249E-02
46 15-7.80542061E-02-6.80382199E-02 1.02324405E-01 2.37165501E-01-1.58877305E-02
46 16-5.69030873E-01-6.19622637E-01-5.35869366E-01-8.64052965E-02-3.92647582E-02
46 17-3.52924711E-02-8.89086077E-02 2.03949758E-01-2.21498332E-04 7.41078327E-03
46 18-4.75168864E-04-3.62807543E-03-6.86657718E-03-2.28956478E-02-5.77627744E-02
46 19-4.48068958E-02-4.50584783E-02-4.87164888E-02 3.20859002E-03 5.40671135E-03
46 20-5.75768228E-03-6.31941468E-02 2.79207407E-01-3.51515122E-02-1.05177828E-02
46 21-6.84697013E-03 3.83410608E-02 9.51755672E-03 2.37104297E-02-2.74114037E-01
46 22-4.63814674E-02-1.87791878E-02-3.36748296E-03-2.54414407E-02-1.72378432E-02
46 23 2.57761123E-02
47  1-5.16205579E-04 1.20353466E-02 5.57149336E-05 1.88897197E-02 1.30623734E-01
47  2-3.22498671E-01 1.14570040E-01 9.37424208E-03-3.21645788E-03-2.72392478E-03
47  3-5.57886652E-03 3.06195759E-03 5.33962577E-03 6.77994361E-02 6.60490498E-02
47  4 6.38023064E-02-2.16600488E-03-4.19852574E-03 5.72665621E-03 3.85364941E-02
47  5-8.67907269E-02-2.84718836E-02 3.55515791E-03 9.40156368E-04-2.57682409E-03
47  6-3.07404595E-02 1.57048384E-02 2.78730309E-02 1.86621389E-02 2.11681756E-02
47  7 2.28372276E-02 2.82897393E-03 4.67600815E-04 6.32564141E-03 1.84276752E-02
47  8-3.32065270E-02 7.14032691E-01-1.98579056E+00 5.99546804E-01 3.45652348E-03
47  9-2.00259292E-02 1.01291349E-01 1.61762873E-01-7.55265334E-02-5.62788477E-01
47 10 3.48853701E-01 3.42253875E-01 3.38049293E-01 1.18867867E-02-6.18907956E-03
47 11 1.64772294E-02-2.15910300E-01 5.77882993E-01-1.35421066E-01 1.40366224E-02
47 12 7.05711046E-03-9.04424164E-03-1.65012573E-01-3.65368527E-01-6.36911791E-02
47 13-1.18872751E-01 1.72154626E-02-1.28430224E-01-1.01927914E-02 4.09537310E-03
47 14-1.57724421E-02 6.89021832E-01-1.88728270E+00 5.59783434E-01 5.80917456E-02
47 15 7.14487270E-02 3.58924755E-02-1.74246947E-01-3.27263053E-01 7.72268329E-02
47 16 3.55456328E-01 3.82996006E-01 3.30516944E-01 5.19149795E-02 3.34239107E-03
47 17 3.45766007E-03 7.94142922E-02-2.47279375E-01 1.98784960E-01-1.41806432E-02
47 18 5.34735478E-03-9.67622462E-05-1.86431039E-02 4.45403848E-02-6.45888019E-02
47 19 5.57093102E-02 3.95511923E-02 3.27892005E-02-6.58137010E-03 2.88321158E-03
47 20 8.29467045E-03-1.22183201E+00 3.23653045E+00-9.75586978E-01-5.62111843E-02
47 21 5.28110370E-02 1.09846862E-01 7.88803593E-02 1.85776040E-02-5.91012006E-01
47 22-5.90847423E-01-6.02832140E-01-6.55075117E-01 1.09177000E-02 2.03933122E-02
47 23-1.36858077E-02
48  1 3.20431126E-04-1.58726355E-02-6.35668011E-04-7.49709835E-03-6.46781700E-03
48  2-1.07140516E-03 1.25016354E-02 1.25952434E-03-5.18558998E-03-3.19313053E-03
48  3-8.41681161E-04 1.26429552E-02 1.81952123E-02-4.55981109E-03-4.07350738E-04
48  4 1.64426338E-03-4.50792691E-05 9.96823568E-04 1.97418042E-03-1.60157062E-01
48  5 3.78352135E-01-1.23786556E-01-5.53944523E-03-5.99716797E-03-1.44060352E-02
48  6 1.60316736E-03 2.46509205E-02-1.52565295E-02-7.48589111E-02-7.34669221E-02
48  7-8.46703453E-02 9.33928981E-04 2.99969347E-03-9.89008761E-04-5.22911348E-02
48  8 4.18338334E-02 2.26588250E-02 3.86070889E-02 1.15061541E-01 1.49153537E-02
48  9-1.80018912E-03-1.51253884E-02-3.29963052E-02-3.76331526E-02 1.89353897E-01
48 10-1.52600466E-02 1.38575731E-02 3.65144576E-02-7.39906995E-03 8.48082932E-03
48 11-3.54652273E-02-1.42248687E+00 3.87827547E+00-1.53610773E+00 2.31792677E-02
48 12 1.37618527E-01-7.36911748E-02-2.33932052E-01-4.43706712E-01-3.82817449E-02
48 13-6.89674553E-01-7.85330215E-01-6.82061165E-01-2.78282409E-02 5.38121371E-03
48 14 2.45627681E-02 6.09308759E-01-1.77435810E+00 7.27923571E-01 6.02324003E-02
48 15 7.75081712E-02 2.44810864E-02-1.78554852E-01-4.62728542E-01 7.20460826E-02
48 16 2.98074495E-01 2.86740244E-01 2.97130622E-01-1.86332315E-02-1.20631250E-02
48 17-3.48564018E-03-3.09858087E-02 1.31646832E-01 5.79674122E-03 7.38913244E-03
48 18 2.62406194E-03 4.72707078E-03 1.23386403E-03-4.32276809E-02-4.82194583E-02
48 19-2.89856906E-02-1.96359003E-02-2.60906183E-02 3.55519026E-03 5.51995553E-03
48 20-3.90716069E-03 5.69406259E-01-1.42130951E+00 5.41443984E-01 2.74047234E-02
48 21-2.51591998E-02-3.28981384E-02 2.56672683E-03-2.15819984E-02 2.11445647E-01
48 22 2.50392120E-01 3.13381965E-01 3.01442807E-01-1.33520276E-02-1.62631458E-02
48 23 2.66034818E-02
49  1 8.01002573E-05-1.51931762E-03-6.60452599E-04 1.61027551E-07 3.17261927E-03
49  2-2.32979589E-02 2.17850518E-02 4.80399170E-03-4.28066126E-04-2.56633322E-03
49  3 3.68769756E-03 2.77754516E-03-8.91911664E-04 4.11356134E-03 2.57657494E-03
49  4 3.51605843E-03-2.78403140E-03-1.02229480E-03 1.61504553E-03-1.51161442E-02
49  5 2.87293990E-02-3.66031886E-03 2.49217541E-03 1.06204735E-03-2.10775240E-03
49  6 6.89723317E-03 2.84276490E-03-4.87064101E-03-5.10473239E-03-3.00705551E-03
49  7-6.32773607E-03 1.46895853E-04 2.77137946E-03 1.33370648E-03 5.01183450E-02
49  8-1.07012321E-01-2.46070606E-01 1.52865889E-02 3.42726737E-02-9.85849582E-03
49  9-5.17854194E-02 2.49780666E-01 2.98538444E-02-3.77414385E-03-2.88163699E-01
49 10-1.83491696E-01-1.87033396E-01 5.14151001E-01 3.80308577E-02-1.22499670E-02
49 11-1.15373154E-01 5.39829455E-02 2.24137205E-01-9.72171045E-02 4.01599873E-02
49 12 1.84012412E-01-6.09622863E-02-3.97832915E-02-1.36195350E-01 4.30262537E-02
49 13 7.10905539E-02-3.19653213E-01 5.17922407E-02-1.06812282E-01 3.64233996E-02
49 14 1.64748411E-01 9.78786171E-02-4.08199163E-03 1.50229331E-03-5.30398214E-02
49 15-9.15956558E-02-1.14796386E-02 6.21047859E-02 1.04665446E-01 7.95580208E-03
49 16-2.01552675E-02-1.46258402E-01 9.29797728E-02-1.82234304E-01-2.01282909E-02
49 17-6.67816696E-02-4.62772988E-02 1.62662359E-01-9.51275267E-02 1.43540744E-02
49 18-6.65187292E-03 1.10268264E-02-6.01419722E-04-3.23725492E-03 8.52407272E-04
49 19-3.64099712E-02-2.08477471E-02-1.70601220E-02 4.10426542E-03-2.96972568E-03
49 20-5.82059191E-03-3.06829342E-01 1.26735588E-01 6.38015853E-03 1.16929481E-01
49 21-6.83318118E-02-2.63610299E-01-6.99412706E-02 1.01003755E-02 2.13946740E-01
49 22-9.49835723E-02-2.14765382E-01 4.04816523E-01-4.62361527E-02-3.10720536E-01
49 23 1.71859747E-01
50  1-5.51402553E-06 1.84965749E-03 2.97355164E-03-1.47238421E-03-1.03365961E-02
50  2 2.72076309E-02-1.97971253E-02 1.60077432E-04 2.94460349E-03 1.82619592E-03
50  3 1.54461601E-03-1.66675991E-04-1.85675063E-03-2.02413164E-03-6.11742505E-03
50  4-4.57947832E-03 2.37313194E-03 3.32102597E-03-4.97291956E-03 2.29642358E-02
50  5-6.24540526E-02 4.48786270E-02 2.50887920E-03-4.74110721E-04 2.99793605E-04
50  6 2.34775132E-03 1.06514586E-03 1.95086379E-03 9.35362495E-03 6.65469638E-03
50  7 9.19145739E-03-7.34127757E-04-1.55883589E-03-6.52429683E-03-9.02889449E-02
50  8-3.25224925E-02-6.72360560E-02 2.34974354E-02-7.90374830E-02-2.44925128E-02
50  9 4.05991505E-02 1.02687446E-01 1.64971991E-02 3.49300581E-02-1.24686935E-01
50 10-1.27727168E-01-9.31795287E-02 3.07750282E-01 2.86831017E-02-3.46407020E-02
50 11-4.62733345E-02-1.54026148E-01-3.02594653E-01 3.30417165E-01-1.06360531E-01
50 12-1.95405798E-01 6.53960430E-02 9.07186695E-02 2.47279315E-01-5.19759880E-02
50 13-6.53521166E-02 4.53778261E-01-8.95254494E-02 3.00949226E-01-1.26322796E-01
50 14-2.29491639E-01-2.64693871E-01 1.21928359E-01-1.40407327E-01 1.36651690E-01
50 15 2.05494166E-01 4.66509483E-02-1.24293848E-01-2.56873416E-01-4.59130559E-02
50 16-4.31125029E-03 3.05738084E-01-1.82141419E-01 3.68822287E-01 8.67547263E-02
50 17 1.90692368E-01 7.53262613E-03 6.61669034E-03-5.20545085E-02 7.22297085E-03
50 18-6.10109780E-04 1.57653058E-02-9.24904439E-04 7.95906682E-03 2.28314641E-02
50 19-1.57074139E-02-7.95655704E-04 1.86221037E-02 2.96563416E-03-8.44547782E-03
50 20 4.73339786E-03 2.72350372E-02-3.05748128E-01 4.30759575E-02 3.55822604E-02
50 21 2.14184394E-02-1.42271066E-01-5.21045516E-02 9.17867281E-02 1.48719364E-01
50 22-5.27442942E-02-2.56447174E-02 3.28548693E-01-3.29640464E-02-1.82620305E-01
50 23 9.95312956E-02
51  1 6.04986184E-05 1.68882020E-05 3.70750810E-03-8.49391301E-04-1.70262797E-03
51  2-4.86114992E-03 7.34147105E-03 4.73557449E-03-9.51722689E-04-1.48569920E-03
51  3 5.04326851E-04 1.76816972E-03 8.65869784E-06 2.62051691E-03 8.86068030E-04
51  4-4.45649504E-04-4.01833632E-03-7.50328961E-04 9.75416793E-04-3.54782332E-03
51  5 9.58718423E-03-2.59666916E-03 1.78184360E-03-2.84692243E-03 1.49673046E-03
51  6 3.10881274E-03 1.22280454E-03-6.69419291E-04-2.76709227E-03-3.67225046E-03
51  7 2.32661891E-03-2.68635474E-03-3.19321975E-04-3.17184652E-03 2.12104939E-02
51  8-1.38420060E-02-2.39081651E-01-2.86690975E-03-1.28443601E-01 1.25902123E-01
51  9-2.11022961E-01 2.56690242E-01-9.05442344E-02 1.24703722E-01-3.07408541E-01
51 10-1.08793411E-01-5.38179164E-03 2.73696031E-01-2.14916680E-01 2.93126408E-01
51 11-3.30475395E-01 7.80500720E-02-2.90327755E-02 1.14273351E-01-1.11037888E-02
51 12 8.54296438E-02-1.57586432E-01-2.73562577E-02-1.16511186E-01 1.36577368E-01
51 13 1.05300861E-01 8.69521879E-02-2.22234765E-01-2.78911833E-02 2.89880483E-02
51 14 3.89474767E-01-8.00603775E-02-5.82031793E-02-5.98201671E-02 8.65247832E-02
51 15 7.78540196E-02 2.79818595E-02-1.22030002E-01-1.19741935E-01 2.51295538E-02
51 16 1.48298198E-01 4.15831228E-02-9.05400041E-02 1.98008276E-01 3.46714271E-02
51 17-6.43957035E-02 8.68349501E-03 3.18954557E-02-5.28567986E-02 1.72816716E-02
51 18 6.81029768E-04 2.92333287E-02-1.14800671E-02 2.74128891E-03 9.27305950E-03
51 19-4.56369156E-02 7.69787818E-04 2.63898695E-02 6.76937327E-03-1.67610009E-02
51 20 4.48180884E-03 1.66044374E-01 5.30474020E-02 1.15033137E-01-1.44796779E-01
51 21 1.62940495E-01 1.55135078E-01 1.17472085E-01-1.18709088E-01-2.34600391E-01
51 22 9.43285694E-03-4.96976905E-02-1.08508427E-01 2.70707726E-01 2.10444937E-01
51 23-2.94276476E-01
52  1-7.82191365E-06-2.00847824E-04-2.05194564E-04 9.07426841E-05-3.51494399E-03
52  2 1.34899315E-02-1.07294121E-02-2.00670264E-03 1.33413989E-03 1.94208436E-03
52  3 5.20252351E-04-1.48639084E-03-5.28167496E-04-1.91070992E-03-5.43946472E-03
52  4 4.52968903E-04 5.23754095E-03 3.31760461E-03-4.66416296E-03-2.63146576E-03
52  5-6.12785724E-04 1.23157462E-02 2.59641914E-03 1.22573620E-03-7.78750862E-03
52  6-1.65639241E-04 7.75918588E-04-7.90004559E-04 5.60477655E-03 4.60094762E-03
52  7-1.09285309E-02 3.90230910E-03 3.29856108E-03-4.68991244E-03-1.21537537E-02
52  8 4.01398843E-02 8.49687047E-02-3.81397044E-02 8.16643297E-02 6.84873675E-03
52  9 1.32779875E-01-8.22998221E-02-8.72934159E-02-2.15898273E-01 9.35915040E-02
52 10 1.62789231E-01-2.37389438E-01 3.41661372E-02-8.16594737E-04 2.81633570E-01
52 11 5.81993451E-01-5.55118935E-02 2.29455014E-01-1.14404440E-01-3.50373788E-03
52 12 1.14789433E-01-7.11648513E-02-3.90288071E-03-9.71310114E-02 5.06591125E-02
52 13 4.57910414E-02-9.27804693E-02-3.76792404E-02 1.12306626E-02-2.15968168E-02
52 14 1.17911632E-01-8.21307896E-02 1.86856429E-02-1.60164393E-02 7.24919256E-02
52 15 6.40439740E-02 5.78889200E-02-6.82093509E-02-8.18968114E-02-4.54455381E-02
52 16 1.89432072E-02 4.55367458E-04 1.18795479E-02 8.60749027E-02 9.91882990E-02
52 17 7.29144687E-02-2.42042884E-03 1.44826701E-02 8.68004316E-04 4.26039021E-03
52 18 1.08764342E-03-4.26894855E-04-1.54670343E-03-1.17147084E-03-4.87809084E-03
52 19-4.94279882E-03-2.48840742E-05-4.02966313E-03-5.26983045E-06 1.92693000E-03
52 20-1.68884851E-03-1.19085823E-02-7.37069600E-02-4.77400867E-03 7.53244567E-02
52 21 4.27013924E-02-2.52395441E-02-1.16849875E-01-1.29607843E-01 2.07534200E-02
52 22 3.20444472E-01-2.39723307E-01-1.98873878E-02 4.35606777E-02-3.48460155E-01
52 23-3.77461370E-01
53  1-4.93779246E-05 1.30196755E-03-3.25398184E-03 1.31962596E-03 5.54685890E-04
53  2 9.98041231E-03-9.18708119E-03-5.23387215E-03 8.93328795E-04 1.89234616E-03
53  3-5.94230061E-04-2.97960740E-03-7.71274167E-04-2.81947685E-03-1.87047968E-03
53  4-1.13644131E-03 7.45143312E-03 3.12326601E-03-3.97787865E-03 4.52831692E-03
53  5 2.12042452E-03-8.32322005E-03-5.44434992E-03-5.34485027E-03-2.97328708E-03
53  6-3.51056027E-03 1.88011118E-03 5.10199886E-03 4.84405717E-03-5.85315372E-03
53  7-2.20753749E-03-1.92712157E-03-5.53947767E-03-1.10776536E-02 9.01869079E-03
53  8-1.05114857E-01-6.67082900E-02 1.36122084E-01-6.37699500E-02 1.30161065E-01
53  9-1.10085952E-01 2.30162420E-02-1.71550750E-01 1.31447821E-01-3.36207021E-02
53 10-1.02522503E-02 6.80259539E-02-1.16088062E-01-1.92960930E-01 4.81435977E-01
53 11-3.05506176E-01 2.48144636E-02-6.07872616E-02 7.07579051E-02-4.03668848E-02
53 12-2.60081477E-02 1.98923300E-02 5.56399876E-02 1.59156934E-02-3.55449526E-02
53 13 5.85880439E-02-1.09210119E-01 6.10901141E-02 1.66217693E-01-9.21187829E-02
53 14-6.07657726E-02 1.97821982E-02-2.79622972E-02-6.71379134E-04-4.13219897E-02
53 15 8.15279227E-03-2.86033747E-03 6.67345174E-02-2.42298987E-02-1.57358128E-02
53 16-1.79892919E-01 1.46594095E-01 4.73311452E-02-6.40675802E-02-2.88901889E-02
53 17 8.56601165E-02 5.72356730E-03-8.92082278E-02 7.17804820E-02-3.33787482E-02
53 18 2.13171755E-02-2.41194309E-02 2.05127101E-02-1.84747819E-03-5.54648357E-04
53 19 7.27987159E-02-4.98595304E-03-2.03783514E-02-2.44750906E-02 1.06516645E-02
53 20 1.55902340E-02-1.23514588E-01 2.42815029E-01-1.32362704E-01 1.30999713E-01
53 21-1.27758920E-01 1.65810612E-02-1.68913164E-01 1.16523329E-01-2.93095198E-02
53 22 2.76007875E-01 5.24827067E-02-4.22731396E-01-3.09033492E-01-3.05965020E-01
53 23 2.08760957E-01
54  1 1.36303766E-05-2.93522484E-03 3.45099418E-04 1.71987918E-03 7.92560077E-03
54  2-4.21879482E-02 3.10211626E-02 8.94449477E-03-4.60819033E-03-7.39733284E-03
54  3-2.26452180E-03 6.55122756E-03 4.34787837E-03 8.05142975E-03 1.09279046E-02
54  4 3.35774621E-03-1.88721054E-02-1.43994274E-02 1.72220955E-02-1.08786994E-02
54  5 8.68665526E-03-1.32043016E-02 1.86906479E-03 8.81189841E-03 6.78902623E-03
54  6 2.63474059E-03-6.03947273E-03-5.62057008E-03-1.32625605E-02 8.99629646E-03
54  7 8.89460982E-03-1.27234085E-04 1.92748635E-03 2.68104636E-02 8.78756671E-02
54  8 2.54438409E-02 1.70395939E-02-1.85957854E-02 6.74314600E-02-6.04032218E-02
54  9-6.92467864E-03-4.21728059E-02 6.35311420E-02-4.08762440E-02 6.73715153E-02
54 10 5.93159664E-02 1.70647967E-02-9.32456018E-02 7.12450699E-02-1.98736462E-01
54 11 9.58377484E-02 4.97299327E-02 5.89608116E-02-4.88792501E-02-1.04840891E-01
54 12 7.47249785E-02-1.34202119E-01 1.49852521E-01-1.24714409E-01 1.28879223E-01
54 13 2.86433457E-01-2.24004360E-01-1.19920371E-01 4.49610823E-01-1.82922528E-01
54 14 3.74909851E-01 5.62565132E-02-1.58220496E-01 8.22471261E-02-9.78175984E-02
54 15 7.29496533E-02-8.96804188E-02 1.44596423E-01-1.09033738E-01 9.23294064E-02
54 16-3.64467190E-01 4.85525279E-01-4.30493557E-02-1.00984826E-01-2.74100410E-01
54 17-3.88083798E-02-1.68775706E-02 7.04087255E-02-4.46589464E-02 7.32975725E-03
54 18 1.59010263E-03 1.84048368E-02-5.79719961E-03 1.96970786E-03-4.99308572E-03
54 19-2.70278251E-02-7.14522415E-03 2.81514517E-03 1.73265996E-03-1.58864014E-02
54 20 5.12247998E-03-7.91709615E-02 1.10934014E-01-3.93968151E-02-2.41148294E-02
54 21-4.70981013E-02-1.96073926E-02 2.78629257E-02-2.49455414E-02 1.80938600E-02
54 22-5.08043842E-02-3.38402826E-02 4.69509837E-02 6.07217981E-03 1.08150099E-01
54 23-3.23868583E-03
55  1-6.29485837E-05 8.48136629E-03 1.12390202E-03 2.54551037E-03-3.47623681E-03
55  2 5.34374608E-02-4.24950489E-02-1.12681259E-02 1.36840793E-02 1.43436186E-02
55  3 6.95563689E-03-1.55373590E-02-1.33895737E-02-6.31718779E-03-2.95678485E-02
55  4-3.01097405E-03 4.79238693E-02 3.89978609E-02-4.81251583E-02 3.13790008E-02
55  5-5.15905861E-02 6.39593688E-02 4.83419396E-03-1.47511175E-02-2.90856661E-02
55  6-4.35181096E-03 1.99858501E-02 1.51983338E-02 4.34573805E-02-1.35748066E-02
55  7-3.13044162E-02 7.95393414E-03 4.10115980E-03-7.27683406E-02-3.75635367E-02
55  8-6.45639930E-03 1.47072583E-02 4.35741137E-02 5.10863545E-02-4.11525396E-02
55  9-2.96662810E-02-6.70018114E-02 5.02283352E-02 1.95587037E-02 1.01010513E-01
55 10 4.46067780E-02 9.40407774E-02-1.97814097E-01 6.66143362E-02-1.79506412E-01
55 11-4.75452189E-02 1.32230232E-01 2.19380619E-01 6.67968398E-02-1.93102004E-03
55 12 1.81076742E-01-1.25304237E-01-5.93601201E-02-2.78883234E-01 8.71511592E-02
55 13 1.41704234E-01-3.60188854E-01-3.52390440E-02-3.41809311E-02-7.94617895E-02
55 14 2.85372926E-01-2.14115268E-01-3.33240812E-02-1.40722438E-01 2.39355671E-01
55 15 1.38672724E-01 2.67210908E-01-2.41191901E-01-2.41628292E-01-2.27829939E-01
55 16 7.97491889E-02-9.13633789E-02 1.72494284E-01 2.88022914E-01 4.98627211E-01
55 17 3.47997603E-01 5.37428929E-03 7.72027454E-03-7.99635540E-03 6.00692627E-03
55 18 1.22995841E-02 6.32841384E-03-3.53841897E-03 6.07443301E-03-2.31494539E-03
55 19-1.38822341E-02 1.89699599E-03 3.78317134E-03-4.15981484E-04-5.61388456E-03
55 20 9.23044498E-03-1.34381558E-01 1.87769515E-01-1.13608421E-01 5.21448136E-02
55 21-1.07405772E-01-3.83361234E-02-1.11467122E-02 5.75802155E-02 5.02674902E-02
55 22-4.28024453E-02 3.62450563E-02-5.23251302E-02-1.12565180E-01 5.87042264E-02
55 23 1.88477588E-01
56  1-1.28115923E-05-3.21776245E-03 3.89049071E-04 2.11881479E-03 4.74833362E-03
56  2-3.83874097E-02 2.77906423E-02 8.67092601E-03-7.34345150E-03-1.02018565E-02
56  3-6.01077391E-03 8.27901180E-03 7.58530891E-03 1.03083628E-02 1.46410101E-02
56  4-5.74791719E-04-2.61916899E-02-2.31164212E-02 2.55148701E-02-7.85188309E-03
56  5 1.96821204E-02-3.03631909E-02-5.49530408E-03 1.72162003E-03 1.51605120E-02
56  6 2.19346482E-03-7.42214677E-03-6.45650713E-03-2.02033448E-02 3.15340315E-04
56  7 1.93737170E-02-7.66689004E-03-6.76972651E-03 2.79137507E-02 4.14984234E-02
56  8-2.19068563E-02 5.17282158E-02 9.58803143E-02 9.62846776E-02-3.64049892E-02
56  9 4.01909304E-02-1.05186314E-01-5.41939209E-03-1.79103964E-02 2.01060351E-01
56 10 6.03715525E-02 4.53734959E-02-2.14908379E-01 7.00488474E-02-3.83279870E-02
56 11 8.09906308E-02 6.87911408E-02-1.30630297E-01 1.49744712E-01-2.48032191E-02
56 12 8.69038334E-03-8.85302455E-02-5.66837842E-02 4.09288544E-02 1.67057281E-01
56 13-1.04465423E-05 3.08006821E-01-2.80605339E-01-1.20723264E-01 1.58899759E-01
56 14 3.89510549E-01-7.30409177E-03-3.51767001E-02-3.02270093E-02 5.42122970E-02
56 15 4.92581199E-03-1.03275429E-01-1.02619985E-01 1.85165087E-03 1.52422548E-01
56 16 3.71552460E-01-4.34962794E-02-2.83043913E-01 1.92419473E-01-1.41587167E-01
56 17-3.57409068E-01 9.83377035E-03-3.60822028E-02 1.83752095E-02-1.37849180E-02
56 18 2.00014544E-02 9.95059288E-03 6.51091070E-03 1.43336259E-03-4.04526295E-04
56 19 1.94036593E-02-8.66571675E-03 5.37438156E-03-1.64363854E-02-1.33628763E-02
56 20 2.57678367E-02-1.27772120E-02-1.50307475E-01-1.39380533E-01 1.23259251E-01
56 21-6.41238626E-02-9.99686220E-02-1.22011160E-01 1.48126078E-01 1.75013045E-01
56 22 2.06550390E-02 1.11810797E-01-6.11656783E-04-2.76875469E-01-2.31062519E-01
56 23 2.71218018E-01
57  1-6.73642290E-04-7.20930347E-02-9.78207321E-03-1.41967209E-03-6.34001161E-02
57  2-2.20673899E-01 7.23659961E-02 1.07635829E-01-9.34053421E-02-1.06153333E-01
57  3-1.02832007E-01 1.26664350E-01 1.34173238E-01 1.53129961E-01 9.31906175E-02
57  4-2.28480583E-03-3.98859571E-01-3.81162549E-01 3.62162599E-01-3.06392587E-02
57  5-2.94053939E-01 1.54556240E-01 9.09521508E-03 1.58785331E-01 8.04023096E-02
57  6 2.52707209E-02-1.79562184E-01-1.09106020E-01-2.21312331E-01 3.80451563E-01
57  7 1.01600664E-01 2.97123713E-02-1.38866887E-02 5.46666014E-01-1.28324922E-02
57  8-8.16350040E-04-1.21852680E-03-3.42087693E-03-4.07576974E-03-1.95174343E-03
57  9-4.35863560E-03 1.37461788E-03 2.23304253E-03 7.18356322E-03-5.32469736E-03
57 10-3.56202008E-03 8.85315262E-03-1.90836286E-03-1.69620606E-03-7.12157231E-03
57 11-1.40374005E-02 1.64866003E-02 2.90213383E-03 5.32036190E-02-2.81310691E-03
57 12 1.15973290E-02-5.93295519E-03-7.48765146E-03-2.91792432E-02-6.55188327E-03
57 13 3.96274499E-03-4.68414479E-02 2.22822080E-02-7.18653417E-03-2.36865569E-02
57 14-5.45348578E-04-6.43431440E-02 1.16607079E-01-1.29725027E-01 3.45407992E-02
57 15-1.43630888E-03 1.92003675E-02-3.12908954E-02-3.09408914E-02-4.42859962E-02
57 16-1.52532387E-03-4.38337366E-02 2.95978012E-02 3.93891597E-02 8.04599430E-02
57 17 6.72865734E-02-3.01228101E-02-5.83807251E-02 1.75158475E-02-8.15841801E-02
57 18 4.30907051E-03 3.75084499E-03 7.41894308E-02-4.13648925E-03-7.57941921E-04
57 19 1.82890909E-01-6.00730000E-02-5.92243835E-02-3.02305016E-02-1.56731486E-02
57 20 1.02900801E-02-1.19230337E-02 2.51696802E-02-1.31914151E-02 1.98313859E-03
57 21-3.61042237E-03 2.81191484E-03 1.84264513E-03 1.41166022E-03-6.91310529E-03
57 22 3.15050133E-03-5.23566914E-03-7.61134463E-03 2.82247479E-03 1.01995461E-02
57 23-2.22578250E-04
58  1-1.08302435E-05 1.28281996E-02-4.69749068E-02-4.63351648E-04 1.95955703E-02
58  2 8.12473132E-03 9.03576076E-03-5.77365209E-03 2.71650996E-02 1.73985932E-02
58  3 1.85090320E-02-2.79294033E-02-3.19534403E-02-1.17730242E-02-2.40017521E-02
58  4 9.50903493E-04 8.14116396E-02 8.64511370E-02-8.73593673E-02-1.00895712E-02
58  5 1.62242986E-02 1.14897158E-02 3.55502414E-02 5.88898778E-03-4.87206068E-03
58  6-1.50881222E-02 2.41362666E-02 6.21222147E-03 5.04039658E-02-6.65290798E-02
58  7-5.08769588E-03 2.27243471E-02 4.90152837E-02-7.94105480E-02 2.62992578E-03
58  8 6.04225955E-03-2.26537815E-02 2.53162729E-02-5.72250610E-02-7.03523904E-03
58  9 1.64139876E-03 6.90012118E-03 9.18179546E-03-9.68537881E-04-1.71700089E-02
58 10-1.19346506E-02-9.59547473E-03 3.08599103E-02 8.16560262E-03-2.25312150E-02
58 11 2.90137130E-03 5.98123599E-03-5.13918067E-02 4.18542559E-02-4.46944527E-03
58 12 8.88522739E-03 8.60105522E-03 7.29831575E-04-1.05704149E-02 6.01244685E-03
58 13 2.08076772E-02 1.36295547E-02-8.29312263E-03 3.94555642E-03-3.73638804E-04
58 14 1.93277674E-02 6.08444102E-03-2.25232010E-02-3.37773995E-03 5.69113931E-03
58 15 2.65544067E-03-2.77411265E-03-5.92224172E-03-7.97640625E-03 4.35939691E-03
58 16 1.28012127E-02 1.16965177E-02-1.31242917E-02 1.05013883E-02-4.45271310E-03
58 17-7.50581579E-03-2.43516651E-01 7.30859082E-03-3.92769750E-02-3.72178709E-01
58 18 5.45680969E-02 1.77900894E-02 3.58552201E-01-6.04974723E-02 1.37520228E-02
58 19 9.39629374E-01-3.65833557E-01-3.77051261E-01-2.06607767E-01-5.92567732E-02
58 20 5.20101327E-02 4.23003935E-02-1.30432802E-01 1.14396303E-01-6.43153499E-03
58 21 4.06717966E-03 1.10407649E-02 1.79482914E-02-1.57097240E-02-4.07148940E-03
58 22-3.60247745E-03-3.67057274E-03 5.58444491E-02 4.58593017E-02 2.42300285E-02
58 23-2.68026148E-02
59  1-4.77502797E-05-7.75244949E-04-1.09711079E-03 3.22199733E-04-1.80821495E-01
59  2-1.11093264E-02-9.05769184E-02 2.56034126E-01-7.71176140E-02-1.00645309E-01
59  3-2.23087065E-01 1.23155001E-01 1.41339472E-01 5.09847709E-01-1.61694542E-01
59  4-1.84956040E-01-2.79217645E-01-3.04416661E-01 1.74660820E-01 1.89357509E-01
59  5-1.10587283E-02 1.03777639E-01-1.29471048E-01-2.13319137E-01-1.45302479E-01
59  6 6.64653751E-02 2.49945517E-01 1.63084896E-01 5.14108894E-02-2.29944411E-01
59  7 1.93154982E-02-3.20003132E-01-2.24673331E-01-4.91021448E-01-5.93083438E-04
59  8 1.68846066E-03 8.25805703E-04-3.22357363E-03 5.08573070E-03 5.39330609E-04
59  9-1.19056081E-03 1.13194377E-03 6.84942182E-04-4.86668660E-03 3.66508591E-04
59 10 3.54065890E-03-5.80504346E-03 2.14294402E-03 2.63895808E-03-1.52933713E-03
59 11 6.54974941E-03-2.09818326E-02 5.52254558E-02-5.46213122E-02 9.84496779E-03
59 12 6.13212995E-03-5.00892903E-03-1.66117868E-04-2.41284390E-03-8.48384835E-04
59 13-6.10257636E-03-5.22003921E-03-1.10367166E-03-4.68673473E-03 2.68334381E-04
59 14-4.61866627E-03 1.03203805E-02-2.35397515E-02 2.53693500E-02-1.78726832E-03
59 15 5.68262027E-03-1.35169898E-04 5.03874085E-03-8.36453244E-04-3.73586390E-03
59 16-7.77885863E-03 4.27491636E-03 8.23490147E-03-2.98534753E-03-9.13001622E-03
59 17 6.02929208E-03-1.63062421E-03-9.54551377E-03-3.88749966E-03-1.02025278E-02
59 18 1.69724952E-02 3.64601181E-03 1.94403017E-02 6.07381181E-03 1.56148020E-03
59 19 5.10268103E-02-6.38824041E-03-3.33582122E-02 1.70757573E-02 4.09327683E-03
59 20-5.40159974E-04 3.79728963E-03-1.12471056E-02 1.59112627E-02-8.45471921E-04
59 21-2.02457445E-03 2.57742573E-03 2.97881190E-03-5.29536781E-03-1.03967587E-04
59 22-2.21790614E-03 6.76481963E-04 5.16336451E-03 6.14994189E-03 3.83714500E-03
59 23-3.58810109E-03
60  1 3.58768146E-04-3.53850995E-02 4.78342287E-03 8.40828857E-06-1.15887196E-01
60  2 1.49725721E-01-5.09343762E-02 1.61884924E-01-1.73894524E-02 4.49497850E-03
60  3-1.77096471E-01-1.18788098E-02-4.99656817E-02 5.97392379E-01-2.54113425E-01
60  4-3.72200063E-01-1.29541014E-01 3.32224410E-02-2.33976880E-01-1.23722912E-01
60  5 1.72159785E-01-7.75954462E-02 1.26113934E-01 6.37567293E-02 8.22696038E-02
60  6-1.72776412E-01-3.83096706E-02-7.69278566E-02 1.30014558E-01-2.17296287E-01
60  7 5.10145437E-02 4.81066708E-01 4.36719059E-01 8.85081446E-02 1.47854629E-03
60  8-6.43568318E-04 3.93694701E-04 1.13420495E-03 3.69019822E-04 2.65954666E-03
60  9 9.11399377E-04-1.52538469E-03-2.12137684E-03 7.53639040E-04 1.06034584E-03
60 10 1.88806317E-03-2.04784350E-04-2.24781090E-03-4.66964445E-03 5.25775756E-03
60 11-1.38266799E-03 7.13935250E-03-2.13990880E-02 5.42902629E-03-3.37139511E-03
60 12-4.18950646E-03 2.10302686E-03 4.53839866E-04 5.25626857E-03-2.60745993E-03
60 13-2.00749279E-03 6.81945888E-03 2.91097903E-03 3.73742151E-03 6.07585737E-03
60 14-4.31581819E-03 6.99232924E-03-1.41138107E-02 1.77495898E-02-2.43798517E-03
60 15-3.18225904E-04 1.99314606E-03 2.06767181E-03 4.91322868E-03 5.24856811E-03
60 16 2.19752019E-03 3.67366027E-03-4.37353409E-03-5.41203056E-03-3.79768577E-03
60 17-9.51006530E-03 1.38380909E-02-3.12877973E-02 4.17259889E-02 7.97871166E-04
60 18-3.79223250E-03-8.13615202E-05-2.51951422E-02-1.12396033E-02 6.70711967E-03
60 19-6.35735058E-02 3.05127969E-02 3.43354346E-02-3.52113206E-02 2.85423671E-02
60 20-3.45387110E-03 9.20486292E-04 3.45809018E-03-8.26451777E-03-1.17101917E-03
60 21-1.87768250E-04-4.17344865E-03-2.15196505E-03 2.81051808E-03-7.19164648E-04
60 22-6.85369752E-05 8.39322179E-04-3.74641359E-03-5.69387510E-03-1.10244482E-03
60 23 2.42954275E-03
61  1-1.71304827E-04 2.35354591E-02-9.11672968E-04-3.03030853E-04 2.66740436E-02
61  2-3.69440630E-02 3.94523381E-03-2.62387089E-02-7.07669003E-02 7.96479958E-02
61  3 2.15517606E-02 1.25444731E-01-1.12958049E-01-1.21229290E-01 4.50495833E-01
61  4-3.18930752E-01-3.75553190E-01 4.31298590E-01 1.87904433E-02 4.06640846E-02
61  5-7.86507098E-02 5.15650732E-02-2.39961519E-02-5.30015125E-02 3.46773471E-02
61  6 3.35284515E-02 8.37440805E-02-1.11421623E-01-2.22145455E-02-4.71698319E-01
61  7 5.17787229E-01-2.02551595E-01 1.07437341E-02 1.44729389E-01-5.68563270E-03
61  8 8.17814478E-05 4.62232566E-03-9.76804520E-03 1.52404536E-02 1.78289623E-03
61  9-1.26664557E-03 2.73329052E-03-1.34436841E-03-2.36993189E-03 3.20976123E-04
61 10 6.56527745E-03-5.30750130E-03-1.63114132E-03-3.26956283E-03 2.05659890E-03
61 11 4.35108491E-03-1.93309614E-02 6.29321187E-02-2.32550071E-02-3.50719844E-03
61 12 2.80371060E-03-5.99027492E-03 1.44738667E-03-8.17701726E-03-2.79670035E-03
61 13-9.39353611E-03-2.92387087E-02 1.41694382E-02 2.45916784E-03-1.55705267E-02
61 14 6.70245426E-04-3.37942809E-02 8.45201037E-02-6.67466571E-02 1.20097051E-02
61 15-1.34016482E-02-1.14616522E-02-8.74492877E-03-4.54308647E-03-7.23407194E-03
61 16 1.25699240E-04-2.28468558E-02 2.60904716E-03 9.37498138E-03 2.09744289E-02
61 17 1.43197292E-02 1.26041836E-02-2.70478168E-02 1.75093237E-02-2.36533437E-03
61 18-3.38056039E-02 1.90417947E-02 7.78139779E-03 3.93719089E-02-2.65041627E-02
61 19 2.99343469E-02-2.43135055E-02-5.48843561E-04 1.44219537E-01-9.07026350E-02
61 20 7.99936297E-03-1.10092681E-02 2.40292480E-02-1.79451412E-02-2.59530078E-03
61 21-4.93488046E-03 1.08122100E-03-4.50454900E-04 5.62898406E-04-1.69238648E-03
61 22-7.43380933E-04 9.81935552E-04-5.22988037E-03-8.01389597E-03 3.63975789E-03
61 23-4.90276534E-04
62  1 9.25330944E-05-5.93784497E-03 1.81007715E-03-1.60357727E-04-1.87425741E-02
62  2 3.92281828E-02-1.67047538E-02 6.58777422E-03 1.95492485E-02-1.40415699E-02
62  3-8.66027157E-03-3.00177000E-02 1.76360724E-02 4.38641513E-02-1.03384747E-01
62  4 4.73274513E-02 8.25628102E-02-7.86943679E-02-2.37521871E-02-1.87255175E-02
62  5 4.10204025E-02-2.24521931E-02 1.07863624E-02 7.10668938E-03 1.05272033E-02
62  6-1.48634429E-02-1.47119753E-02 7.08085108E-03 3.57839329E-04 5.45233582E-02
62  7-7.08178245E-02 5.01102521E-02 3.88929600E-02-1.42652469E-02 8.35553676E-04
62  8-1.04503332E-03 2.27787760E-03-1.58597460E-03 1.32211059E-02 2.70569238E-02
62  9 1.36606254E-02 1.31815497E-03-1.75526237E-02-1.12535146E-02 3.08407757E-03
62 10 4.38402565E-02-4.46014005E-02-1.19344713E-03-2.60711584E-02 3.95937023E-02
62 11 2.00042243E-02-1.36142994E-03 2.10056247E-02-3.39167529E-02 1.83219473E-03
62 12-1.12729822E-02-9.68784445E-03-2.69933809E-03 7.68350029E-03-2.11874887E-03
62 13-1.79387536E-02 1.51098154E-03 7.16072105E-03-5.48162285E-03 1.72067313E-02
62 14-6.84443408E-03 1.35226830E-02-2.70065426E-02 3.46855934E-02-6.29142739E-03
62 15 5.20767545E-03 9.16339335E-03 6.95281728E-03 4.36338697E-03-2.52867639E-03
62 16-1.79455364E-02 2.30500202E-03 1.82565264E-02-4.45377107E-03-4.02009919E-03
62 17-1.18483397E-04-1.82162457E-02 2.76236040E-02 1.69947675E-02-3.14350839E-02
62 18-1.76190397E-01 1.64383826E-01 3.05203698E-02 1.79566364E-01-1.77125706E-01
62 19 9.82377206E-02-1.57994584E-01 3.68966792E-02 6.74374177E-01-6.49879622E-01
62 20 7.47616710E-02-2.13376791E-03 1.90413978E-02-2.23791807E-02-1.84648946E-02
62 21-1.61031485E-02-1.58198361E-02 4.24915742E-03 1.36909086E-02 5.06299892E-03
62 22-4.13363623E-02 3.29369272E-02-9.17475583E-04-2.69847820E-02 1.72808120E-02
62 23 2.59724960E-02
63  1 3.19471662E-05-5.55581387E-04-7.31755750E-05-3.42444025E-04-3.51512920E-03
63  2 8.13038176E-03-3.08648789E-03 2.55076967E-04 2.78804129E-03-3.13085116E-03
63  3-1.39015228E-03-4.36775313E-03 3.18627199E-03 6.30425302E-03-1.36092167E-02
63  4 4.73818966E-03 1.38598377E-02-1.19234174E-02-2.80862431E-03-6.98137823E-03
63  5 2.12117306E-02-1.32711768E-02 3.00041252E-04-4.02517272E-03 1.55598995E-03
63  6-2.09192807E-03 3.21941528E-03-4.88059004E-04 3.43929456E-03-9.99318622E-03
63  7-1.63384064E-03-1.09614989E-04 8.79208577E-03-5.72152165E-03-4.83255593E-03
63  8 2.02281825E-03 1.16114353E-02-1.44966514E-02 7.91781464E-03-2.15098622E-01
63  9-1.88308553E-01-5.71869045E-02 1.39545646E-01 1.18911730E-01 2.86465232E-02
63 10-4.04395744E-01 5.07938115E-01-1.03759723E-01 1.17810014E-01-3.41247163E-01
63 11-2.08213195E-01-5.65554842E-02 8.50880896E-02-8.09829677E-02-4.89112704E-02
63 12 6.36229431E-02 5.20820216E-02 3.50227503E-02-1.75795294E-02-3.42069312E-02
63 13-4.25718742E-02-7.00764481E-02 1.21373050E-01 9.03807810E-02-6.39702369E-02
63 14-4.45966081E-02-1.48399362E-03 9.48807515E-03 2.73468280E-02 6.29428363E-02
63 15-1.26802254E-02-4.98675823E-02-4.07413333E-02 2.07146006E-02 3.71365724E-02
63 16 1.66824447E-01-4.42979604E-02-1.37228004E-01-1.88682182E-03 8.77773994E-03
63 17-8.83582659E-02-1.08263144E-03 2.53371831E-03 1.22868199E-02 9.97571013E-04
63 18-2.56413252E-02-1.16427768E-04-1.10402394E-03 2.36148517E-02-1.16154520E-02
63 19 9.36207701E-03-1.08282004E-02-3.24455433E-03 9.41153743E-02-3.28646744E-02
63 20-4.95848420E-03-1.25682030E-02 2.64668541E-02 1.20202840E-04 1.69466956E-01
63 21 1.41455386E-01 2.32934642E-02-1.08398866E-01-1.15907241E-01-3.41340175E-02
63 22 4.65723670E-01-3.81467423E-01-9.39220350E-02 2.01930689E-02-2.17148706E-01
63 23-2.82039741E-01
64  1-5.52645926E-06 7.77514941E-04-7.90597108E-04 4.16611375E-04 6.22694632E-03
64  2-4.88749848E-03 6.28509201E-03-1.36847908E-02 4.72177955E-02-5.96806191E-02
64  3 1.47772179E-02-4.17501632E-02 4.60575922E-02-2.68970426E-02-5.83981984E-02
64  4 8.27162748E-02 1.38306656E-01-1.63755335E-01 1.26355460E-02-1.30993341E-03
64  5-6.54529890E-03 1.02614429E-03 1.18395071E-02-4.32202597E-02 6.31247288E-02
64  6-7.40025431E-03 3.39611698E-02-5.65070852E-02 7.48145342E-03-1.72238429E-01
64  7 1.70513517E-01-7.44084722E-02 1.01572215E-01 4.38935321E-02-5.63826506E-04
64  8 4.61424101E-05-7.15793348E-03-6.21616697E-03-2.45208966E-02 6.86982365E-02
64  9 4.91172659E-02 1.73482181E-02-3.71675570E-02-3.14180254E-02-3.80656951E-02
64 10 1.76022848E-01-2.04277954E-01 3.98496619E-02-8.06324209E-02 7.15304512E-02
64 11 1.38697633E-02-1.84255224E-02 5.74754774E-02-3.87779864E-02-1.62382624E-01
64 12 7.02382819E-02 1.08483876E-01 1.17061512E-01-5.96912255E-02-8.31602028E-02
64 13-8.55738696E-02-2.93429950E-01 3.57525510E-01 3.32887280E-01-2.80825637E-01
64 14-6.35897291E-02 4.02063494E-03-4.58157424E-03 9.26150942E-03 1.93483210E-01
64 15-1.05021299E-01-1.28414373E-01-1.33743522E-01 6.94030874E-02 8.48805548E-02
64 16 5.01505454E-01-1.28727509E-01-3.73306170E-01-1.56942433E-02 1.37615301E-01
64 17-2.55585993E-01-8.29654689E-03 2.26313480E-02-1.07134487E-02 1.42146989E-03
64 18-1.96430901E-02-2.38577633E-02-2.62851942E-03 1.52583114E-02 2.16189794E-02
64 19 8.00884664E-03-3.97986702E-03-1.14463434E-02 5.63089060E-02 9.09361469E-02
64 20-2.76318949E-02-8.59516419E-02 1.45878910E-01-7.05568406E-03-6.19428320E-02
64 21-1.11827771E-01 1.10366508E-03 4.19394778E-02 1.44868806E-02-2.39052819E-02
64 22-3.10960381E-02-1.10939933E-02-5.35132994E-04-2.21819145E-03 1.69571661E-01
64 23 5.30982057E-02
65  1-3.65435271E-05-2.92308591E-04-1.68034907E-03 2.30776957E-05 8.16489577E-03
65  2 5.51795947E-03 1.25749646E-03-3.97163211E-02 1.04775693E-01-1.36559494E-01
65  3 3.72516137E-02-9.17259493E-02 1.03386041E-01-7.68551629E-02-1.11422556E-01
65  4 1.78494429E-01 3.00888779E-01-3.69005281E-01 2.90889903E-02-6.49623439E-03
65  5-2.67578407E-02 1.23592029E-02 2.93115022E-02-1.05837597E-01 1.48451396E-01
65  6-2.10145432E-02 7.39542978E-02-1.45975445E-01 1.74369792E-02-4.18182167E-01
65  7 4.26255715E-01-1.69153808E-01 2.58476333E-01 1.38873776E-01-1.84537611E-03
65  8-6.78289401E-04 2.93500958E-03 1.28733506E-03 8.91228457E-03-2.15456600E-02
65  9-9.47614609E-03-2.90695070E-03 1.00392939E-02 8.91140928E-03 1.22589084E-02
65 10-5.71179952E-02 6.30044821E-02-9.51705102E-03 2.97931055E-02-1.51035963E-02
65 11 3.10873827E-03 8.55531193E-03-2.89559427E-02 5.75424103E-02 6.20039873E-02
65 12-2.94397868E-02-3.76727759E-02-4.66353935E-02 1.74529567E-02 3.69413195E-02
65 13 5.63852132E-02 1.05674274E-01-1.59139200E-01-1.35374555E-01 8.97552434E-02
65 14 3.77584667E-02-2.41624184E-02 5.77156007E-02-6.93353707E-02-6.98151283E-02
65 15 2.49842091E-02 3.83295489E-02 4.54697217E-02-3.30875533E-02-3.56117241E-02
65 16-1.94256734E-01 4.39508396E-02 1.42223468E-01 1.37994979E-02-3.90998583E-02
65 17 1.16203993E-01 1.90479777E-03-1.31237122E-02-5.22977702E-04-1.01924541E-02
65 18-6.99593740E-02-8.03980239E-02 5.97870737E-03 7.33287462E-02 9.00651765E-02
65 19 8.75946437E-02-7.52556964E-02-7.93432189E-04 2.72222584E-01 3.44095468E-01
65 20-4.70267299E-02 2.87808383E-02-4.85059535E-02-8.61924060E-03 1.67897031E-02
65 21 4.00968869E-02 1.90977800E-03-1.18649248E-02 6.10569952E-04 9.87084030E-03
65 22-7.55744528E-03 2.22012272E-02 2.12314003E-03 2.28925070E-03-5.98064403E-02
65 23-9.45203016E-03
66  1 7.77960063E-05-1.65843958E-03-3.21178120E-03 3.35110975E-04 2.77371466E-03
66  2-1.49658936E-02 1.78345197E-02 2.20526557E-02-6.15093520E-02 7.67955832E-02
66  3-1.96550480E-02 4.58925632E-02-6.10192943E-02 4.70267706E-02 4.57645574E-02
66  4-8.86846547E-02-1.58637308E-01 2.08071305E-01-2.97987446E-02-1.19118522E-02
66  5 5.32904295E-02-3.74787477E-02-1.18410832E-02 5.91331994E-02-8.09450438E-02
66  6 7.44205697E-03-5.20109550E-02 8.23179979E-02-2.25501671E-02 2.64357406E-01
66  7-2.67822344E-01 1.19953343E-01-1.28885421E-01-7.50456238E-02 5.26003979E-03
66  8-1.72390689E-03-4.91571288E-03 9.24895390E-03-1.56190018E-02 9.26345968E-03
66  9 1.73179516E-02 1.64703897E-03-6.61466006E-03-3.32956593E-03-4.90358539E-03
66 10 2.11980739E-02-2.74115348E-02 7.65671029E-03-3.96847628E-03 1.84108982E-02
66 11 3.83140511E-03 2.13220881E-02-7.69665046E-02 7.50452314E-02-1.05061568E-02
66 12 5.24103591E-03 2.99612295E-02 6.72718836E-03-4.73863098E-03-3.50877553E-04
66 13 4.03075715E-02-5.84656335E-03-1.25405962E-02 2.11893394E-02-2.56912312E-02
66 14 7.81417715E-03 1.85568911E-02-5.33729039E-02 1.70080300E-02 1.01764705E-02
66 15-4.84362247E-03-3.28480361E-03-1.14086820E-02 1.30410583E-03 1.08607685E-02
66 16 5.39690795E-02 1.44500008E-02-5.02829767E-02-7.08898283E-03 1.08736974E-02
66 17-2.47282414E-02 1.69443446E-03 3.91739130E-03-1.36926330E-02-1.88958513E-02
66 18-1.39309217E-01-1.42499383E-01 1.66296519E-02 1.49824583E-01 1.58570785E-01
66 19 1.84335606E-01-1.68846709E-01-1.35838018E-02 5.62770913E-01 6.06086427E-01
66 20-8.87555714E-02-8.79609539E-03 1.63129012E-02-1.22614861E-02-9.97518682E-03
66 21-6.75320479E-03 1.72899876E-03 7.02614888E-03 8.62052559E-03-1.17475888E-04
66 22-1.92092849E-02 1.38768744E-02 1.84462603E-03 7.13931770E-03 1.55436929E-02
66 23 1.99572272E-02
67  1-1.48070568E-05-1.08034896E-03 1.18245031E-03-4.11202970E-04-2.75588623E-03
67  2 9.98327816E-03-8.88759456E-03-5.63197327E-03-3.41985881E-04 2.51534016E-04
67  3 4.27521948E-04-3.10395966E-04 8.56017411E-04-4.07769384E-04 4.23656915E-03
67  4-6.45929142E-03 7.94621909E-04-5.98131881E-03-1.07135417E-03 9.07680021E-04
67  5 3.20462865E-04-1.02485712E-03-4.45317033E-03-3.26804303E-03 6.38089205E-04
67  6-6.29588420E-04-9.16910676E-04-1.90592711E-03 5.03539682E-04-6.17332675E-03
67  7 5.62403089E-03 6.01859882E-03-1.73863963E-03 6.67324311E-03-2.78675700E-03
67  8-1.50236984E-02 4.02479188E-03 8.38073391E-02-4.25676359E-02-6.00186135E-02
67  9 9.47567532E-02-1.52335751E-02 3.18026997E-02-4.44909870E-02 5.36843091E-03
67 10 1.62001582E-01-2.26187211E-01-1.55734120E-02 6.95737239E-01 1.67395427E-01
67 11-1.60311269E-01-7.39589053E-03-2.81716371E-02 2.04106304E-02 2.97425956E-02
67 12 6.04898741E-02-3.11475620E-03-1.04079734E-02-2.69903673E-02 5.77117800E-03
67 13 7.91085010E-02 3.62206065E-03-3.79753498E-02-5.15757613E-03 2.65949396E-02
67 14-2.53677572E-02-2.37249265E-02 3.91763136E-02-3.10891500E-02 1.51369285E-02
67 15 2.38902783E-02-1.67514806E-02-8.77668080E-03-1.85167616E-02 9.48267346E-03
67 16 2.81888739E-02 3.41764998E-02-7.24032702E-02-2.65016970E-02-6.39830622E-03
67 17 2.08286448E-02 1.32868793E-02-4.28955803E-02 3.13828900E-02-5.49056859E-03
67 18 5.88398372E-03-1.08879276E-02-9.45379091E-04 2.28860724E-04-2.08961635E-03
67 19-4.80180843E-03 1.11950684E-02 7.32762082E-03 9.34621569E-03-2.53696219E-02
67 20 1.13186624E-02 6.05125877E-02-2.32284463E-03 6.49439478E-03-9.41456578E-02
67 21 1.17003498E-01 1.08000564E-01 3.93676368E-02-4.48411344E-02-5.47095593E-02
67 22 2.65885580E-01-1.47884809E-01-1.63129109E-01 4.12310637E-01-1.43123834E-02
67 23 2.95617074E-01
68  1-3.13193759E-05 2.65107161E-04 9.58882248E-05-4.39720916E-04-3.71960256E-04
68  2 2.85540307E-03-7.31897487E-03-1.62201243E-03 4.98507919E-03 3.86312005E-03
68  3-1.36856094E-03-1.57563755E-03-5.98242235E-04 9.20348206E-03-3.09629175E-03
68  4-6.10769163E-03 4.30799422E-03 3.75517090E-04 1.11761177E-03 8.37602690E-03
68  5-1.96177170E-02 1.45162714E-02-3.20758726E-03 5.95955106E-03 4.59637961E-04
68  6 2.31041201E-03 8.49434693E-05 1.11432743E-03-7.03434564E-03 3.22216938E-03
68  7 7.67520023E-03-5.62762441E-03-6.20895286E-03-6.41819858E-04 2.48164706E-02
68  8-1.94956176E-03 7.60734032E-03 1.08515847E-03-8.76374240E-03-3.45590030E-02
68  9-1.41966409E-03-8.62078388E-03 1.13417395E-02-1.11413191E-02-5.59904704E-03
68 10-4.31154003E-01 3.56089403E-01 6.29889502E-02 2.07181585E-01 1.82994708E-01
68 11 1.71305315E-01 2.31860065E-02 6.36813614E-02-5.82807959E-02 1.36561800E-02
68 12-1.91367878E-01 9.19008071E-02 2.41910100E-02 5.69223292E-02-3.76445056E-02
68 13-3.98399843E-02-1.39582307E-01 7.06204708E-02 2.04134147E-01 1.52945764E-01
68 14 4.42636988E-02 5.73961386E-03-7.53749382E-02 5.38917101E-02 5.79835989E-02
68 15-5.46792667E-02 4.57152956E-02-2.53126045E-02 3.85338340E-02-2.49633485E-02
68 16-7.77676723E-02 4.93559234E-02 9.56201732E-02-6.79804585E-03 2.86053225E-01
68 17-2.80657009E-01 4.25820657E-03-7.78831551E-03 6.15094346E-03-6.78788764E-04
68 18 1.76280042E-03-1.00155687E-03 8.48648543E-04-1.02226231E-03-2.10072931E-03
68 19-1.47419039E-04 1.22231946E-02-1.13622885E-02 1.09998715E-03-7.60113240E-03
68 20-1.38858179E-02-7.52459833E-03-1.16838952E-02 3.04373172E-02-1.35096589E-01
68 21-1.13308806E-01 8.42708109E-03 6.09055282E-02 4.69894125E-02-1.67216555E-02
68 22-3.67837820E-01 4.79383771E-01-9.47282582E-02 2.14340829E-01-2.14355805E-01
68 23-4.56787463E-02
69  1-6.24750398E-05 1.09403581E-03-6.68088658E-04 5.54581746E-04 2.22036688E-03
69  2-6.84643680E-03-3.56524418E-03 1.58643324E-03 7.31786672E-03 1.60135418E-03
69  3-1.14903064E-04-4.97146243E-04 4.40954880E-04 1.98020510E-03-3.64211526E-03
69  4 4.85733121E-03-1.90119102E-03-7.59604697E-04 1.55036211E-03 1.80181290E-02
69  5-4.95122365E-02 4.13605778E-02 2.02037839E-03 8.60819763E-03 2.19993609E-03
69  6 3.67390469E-03 7.12687465E-05-3.74953179E-03-1.44050067E-02 6.78374014E-03
69  7 1.99815177E-02-1.72006162E-02 4.48953787E-03 3.81357996E-03 8.80403074E-03
69  8-2.86502624E-03-4.10802550E-03 1.27911066E-02-2.85194913E-02 1.95110547E-02
69  9 3.65763713E-02-4.39308048E-03-4.48447743E-03-2.86376148E-03-5.37596821E-03
69 10 2.19196631E-01-2.05017206E-01-8.74125920E-03-9.88828859E-02-9.27345561E-02
69 11-1.07197329E-01-7.13726155E-02-4.92472996E-02 5.31753399E-02 2.33305450E-02
69 12-3.30995280E-02 8.47719403E-02-2.20523697E-02 3.55265921E-02-3.06293604E-02
69 13-4.77667525E-02 1.30339965E-02 1.53283411E-01 2.11161832E-01 5.85016179E-01
69 14-3.80772347E-02-5.23411278E-02-3.94177515E-03-2.35499143E-02 7.32892879E-02
69 15 5.23835668E-02 9.96869713E-02-3.06815608E-02-3.83427748E-02-4.62827596E-02
69 16-2.89196898E-01 1.29187250E-01 2.14250849E-01 8.80116455E-02 2.93359972E-01
69 17-3.77757463E-01-1.21361866E-02 3.91205634E-02-3.73549817E-02 2.35185927E-03
69 18 6.69060016E-03 1.30570823E-02 2.06543132E-03 1.16665820E-03 4.58971510E-03
69 19 1.66558848E-03-1.77809312E-02 4.51073207E-03 2.44343776E-03 3.09495358E-02
69 20-7.63153434E-04-8.43723416E-03 7.22427516E-03-3.61008830E-03 4.48518616E-02
69 21 5.30208693E-02 8.01414143E-03-2.43763511E-02-2.51582511E-02-1.02511664E-03
69 22 2.37038750E-01-2.81066905E-01 5.05480736E-02-1.00000006E-01 1.28608954E-01
69 23 1.50679893E-02
70  1-9.68643718E-05-4.96369931E-04 4.00517674E-04-7.23590399E-05-1.70463490E-03
70  2 1.11951418E-02-2.14839706E-02-9.53724006E-03 1.27052358E-02 5.86628942E-03
70  3-8.20850675E-04-4.02965911E-03-8.12813740E-05 1.48235840E-02 3.75756147E-03
70  4-2.00161509E-02 1.04982171E-02-7.42281611E-03 6.90145094E-04 2.21046191E-02
70  5-4.97199790E-02 3.99660201E-02-1.10588887E-02 9.92558693E-03 2.97681864E-03
70  6 6.07726827E-03-2.73382042E-03-2.76313904E-03-1.93876290E-02 1.64096436E-03
70  7 2.65929459E-02-3.66961448E-03-1.71352729E-02 1.05294859E-02-2.19158068E-03
70  8 1.88142809E-03-1.68615716E-03-5.93565158E-03 9.56172581E-03 1.00537279E-02
70  9-1.05192681E-02 6.45903620E-03-2.78001262E-03 3.87930961E-03-4.16084446E-03
70 10-9.29853089E-03 1.23127298E-02 1.36169629E-03-7.72071048E-02-2.82403658E-02
70 11 1.37825570E-02-4.42547064E-03 2.45964360E-02-1.44284818E-02 8.46619398E-02
70 12-3.79877562E-02-7.37985090E-02-3.96576721E-02 1.69190912E-02 2.96206119E-02
70 13 5.72305349E-01-8.37567245E-02-4.98900952E-01-8.83118742E-02 1.86275252E-01
70 14-2.77110138E-01-5.44254944E-03 9.12603319E-03-1.05960812E-02 7.28382980E-02
70 15-3.62507764E-02-5.27398340E-02-2.80711654E-02 1.21699384E-02 1.45921108E-02
70 16 1.92636966E-01 2.66294966E-01-4.56968122E-01-3.60197372E-01 3.03268405E-01
70 17 3.53644455E-02 1.00643309E-02-3.61028416E-02 2.72703869E-02-1.39836500E-03
70 18 3.86804399E-03-1.49837253E-02-1.56113738E-04-3.09875084E-03-4.43426849E-03
70 19-5.14692751E-03 3.17546621E-02-1.29301613E-02-1.28151854E-02-3.73445894E-02
70 20 1.19589083E-02-2.88406293E-02 2.48021979E-02-2.08711520E-02 2.92214710E-02
70 21-2.35898052E-02 1.15001671E-02-9.39950121E-03 7.35480220E-03-1.89641502E-03
70 22-6.33213477E-03 1.86499344E-03 1.97440205E-02-4.02318002E-02 1.05936585E-02
70 23-3.13070612E-02
71  1-4.88211444E-05 1.39546532E-02-1.20326597E-03 1.46154481E-04-1.96146634E-04
71  2-4.63044036E-03 9.68045638E-03 6.22662912E-02 1.04233318E-01-7.64885698E-02
71  3-1.78094577E-02-5.74612255E-02 4.00285862E-02 1.47340273E-01 2.73205577E-01
71  4-4.27053189E-01 4.05347606E-01-4.90923683E-02 3.08655630E-01 8.12942117E-03
71  5-1.72392740E-02 1.93125978E-02 7.03989961E-02 7.70046214E-02-8.57658227E-02
71  6-2.52018575E-02-3.56258900E-02 5.37936798E-02 4.70405603E-01-2.90196774E-01
71  7-1.84175354E-01 1.99669810E-01-4.28705705E-01 2.49098428E-01 1.98087408E-04
71  8 4.11505869E-04 1.64755877E-03-4.61659264E-03-4.03471026E-03 1.11854009E-03
71  9 1.92924006E-03-9.00018533E-03-1.05969945E-03 2.05307637E-04 3.72117616E-03
71 10 6.23270778E-03-5.05601821E-04-5.14239631E-04-1.42480643E-02-2.62869376E-03
71 11-2.52598139E-03-2.01245069E-03-3.43764370E-03 6.61637356E-03-8.19250665E-04
71 12-1.41198876E-03 6.52676384E-03 1.05169634E-03 5.20596176E-04-7.27072131E-04
71 13-4.30333221E-03 2.60852287E-03 4.67533051E-03 3.11996660E-03 1.45690909E-03
71 14 4.70973766E-03-3.32799068E-03 3.49231307E-03-6.17875277E-03-1.59659518E-03
71 15-7.67745504E-04 2.22361262E-03 5.24477943E-04-2.00472428E-04-1.51813871E-03
71 16-6.83236427E-03-2.60536195E-03 1.17520688E-02 6.19332131E-03 2.14419729E-03
71 17-7.46201148E-03-1.41516027E-02 4.06742716E-02-3.32266234E-02 7.64238549E-03
71 18 7.87417232E-03 2.42868598E-03 1.54206122E-03 1.28037632E-03 4.54438694E-04
71 19 8.60585491E-03-2.24602263E-02 2.75281460E-03 1.25851223E-02 2.19747721E-03
71 20-4.49700011E-03 6.46804743E-03-1.36291577E-02 1.50630701E-02 4.78737493E-03
71 21 8.06690216E-05-8.57476301E-03-1.98738771E-04-1.37439044E-03 5.36072636E-03
71 22-1.18031299E-04-8.41088319E-03 7.14060418E-03 1.02983719E-02 3.12532949E-04
71 23 2.53123562E-03
72  1-1.02643756E-04 1.25357017E-02 1.49488734E-03-5.41907833E-04-1.55187627E-02
72  2-2.96670540E-02 1.33660213E-02 9.67993880E-02-3.15038260E-02 1.00925884E-01
72  3-5.06405402E-02 6.07369479E-03-5.03430633E-02 1.72816451E-01-3.52834670E-01
72  4 2.13998141E-01-7.75716180E-03 3.81263777E-01 4.17157713E-01-1.22760684E-02
72  5-4.58754219E-02 1.43516142E-02 1.01348305E-01-3.62588028E-02 8.30160059E-02
72  6-6.14337115E-02 1.59525478E-02-2.79070142E-02 4.17129850E-01-1.84686239E-02
72  7-3.50726551E-01-4.04122459E-01 3.25862732E-01 1.97131410E-01 1.24681383E-03
72  8-7.09928375E-04 5.85881445E-04 7.97619765E-04 8.92813321E-04 4.64268582E-04
72  9 3.57372945E-03-2.28606120E-03-6.73006066E-04-6.89411833E-05 1.48867484E-03
72 10 2.38852106E-04 1.25560273E-03-1.82574576E-03 3.48024653E-03 4.20589773E-03
72 11-1.95520017E-03 1.56977795E-02-2.77857503E-02 1.64172093E-02-6.22351479E-04
72 12-4.11737806E-03-3.69889101E-03-6.95323164E-04 2.48263894E-03 1.30927760E-05
72 13 9.95814779E-03 3.90688300E-03-1.22832833E-02 1.29842136E-03 4.47824080E-03
72 14-8.02889064E-03 9.07790286E-03-2.11909064E-02 1.08167960E-02 7.03619310E-04
72 15 1.45939339E-03 1.62791537E-03 7.81803552E-06 9.89130763E-04-3.98183183E-04
72 16 8.63303986E-03 7.78364078E-03-1.13200680E-02-8.56615507E-03 4.39156385E-03
72 17-2.90885791E-04 1.00210964E-02-3.63153144E-02 2.60119233E-02-1.64404316E-02
72 18-7.97101106E-03-4.42008195E-04 1.96333783E-03 2.12808776E-03-1.12050254E-04
72 19-1.15973112E-02-3.02660464E-03 2.60135190E-02-3.32305965E-03 3.38197269E-03
72 20 6.72005895E-03-2.16209786E-03 1.06615800E-02-1.38531856E-02-1.94773298E-03
72 21 3.30971424E-03-3.21716248E-03-1.54276165E-04 1.59485262E-03 8.43382700E-05
72 22-1.29631461E-03 9.64033733E-04-4.18168411E-03 2.11057197E-03-1.01147711E-03
72 23 4.34953085E-03
73  1-2.47590403E-05-1.30508591E-03 2.50881772E-04 5.30420184E-04-1.39646894E-01
73  2 1.63198885E-01-1.21514728E-01 3.56107787E-02-2.17824639E-01-1.62076627E-01
73  3 3.31262951E-02 1.50907829E-01 1.06075534E-01-4.67174034E-01 2.07723763E-01
73  4 2.58687916E-01-3.91925818E-01-2.74090301E-01-1.50948007E-01 1.51547107E-01
73  5-1.86200104E-01 1.28970645E-01 1.15698665E-01-1.76386440E-01-1.60405473E-01
73  6-1.25711872E-01 9.01583393E-02 9.81315488E-02 6.18592574E-01-2.66095167E-01
73  7-3.44059703E-01 1.61456266E-01 1.15470814E-01 1.46644621E-02 2.36242468E-03
73  8 1.82165860E-04 1.86639566E-03-4.71906424E-03-1.38188455E-03 2.87071956E-03
73  9 1.69722463E-03-1.02004429E-02-1.94789837E-03 5.00384335E-04 4.30944521E-03
73 10-1.98563561E-03 9.24835071E-03-2.46758173E-03-1.44188685E-02 1.89418016E-03
73 11 1.22811894E-03 1.35833976E-02-2.61244647E-02 9.02097317E-03 1.08477362E-02
73 12 4.18577803E-03-2.73952707E-03-4.05875898E-03-2.32375878E-03-8.30179262E-04
73 13 1.32190664E-02-2.24297155E-03-3.41780627E-03 1.02260743E-02 2.71078047E-02
73 14-1.48016526E-02 1.18173839E-02-3.53279365E-02 1.83114287E-02 1.25079908E-02
73 15 1.35365238E-02 5.08978436E-03-3.58286915E-03-5.72768387E-03-3.75296558E-03
73 16 9.68116789E-03 1.70360319E-02-1.78869623E-02-7.90480487E-03 5.24070361E-03
73 17-9.01435509E-03 2.53412401E-03 3.45811177E-03-7.54765880E-03 1.06818664E-04
73 18 1.62704923E-02 5.74532166E-03 2.62918419E-03 9.51591294E-05 9.83474446E-04
73 19 4.61364749E-03 2.12452369E-02-3.20795721E-02 1.43334268E-02-2.24196806E-03
73 20 2.99112645E-02-3.47337815E-03 2.75706765E-03 1.99730963E-03 3.67198716E-03
73 21-7.86371977E-03-8.98176007E-03 4.58848331E-04 2.41141344E-03 4.45552190E-03
73 22-7.86789464E-03 2.47092211E-03 2.89794875E-03 1.65956043E-02-2.62357448E-03
73 23 5.29012373E-03
74  1 5.56998704E-05-5.03476090E-04-5.97169962E-03-7.31611701E-04 9.63206118E-03
74  2-1.25856662E-02 1.49818573E-02-7.54916409E-04 7.98349639E-03 5.12082237E-03
74  3-2.09934621E-04-7.45751088E-03-5.02127108E-03 1.91220457E-02-8.71940082E-03
74  4-1.19704885E-02 2.19693136E-02 1.37115929E-02 8.28994773E-03-7.96719452E-03
74  5 2.30433430E-02-1.65059806E-02-1.32862357E-02-4.30010211E-03 1.08435657E-02
74  6 9.32408457E-03-1.85008128E-03-8.30805144E-03-3.23216796E-02 9.50406993E-03
74  7 1.50416423E-02-8.33388066E-04-4.29523742E-03 5.81018036E-03-2.94780181E-03
74  8 3.78646443E-03 3.38240323E-02-7.34280742E-02 2.62702830E-02 7.65904148E-03
74  9-1.92646906E-03-9.11537261E-02-9.69119460E-03 2.95831779E-03 4.55393642E-02
74 10 1.70182168E-02 5.31207382E-02-3.08072904E-02-1.11425790E-01-5.35129774E-04
74 11 5.93556533E-04-7.16154221E-03 2.76520169E-02-3.52655393E-02 2.41268720E-02
74 12 3.99898160E-02-1.63224829E-02-8.60359145E-03-2.00497538E-02 4.10329755E-03
74 13-2.20874607E-02-1.85666041E-02 4.37483833E-02 1.13543726E-02 4.01936883E-02
74 14-1.14412055E-02-3.28345254E-02 5.66776807E-02-2.11581816E-02 1.59030613E-02
74 15 3.09476352E-02 1.38543168E-03-6.43241099E-03-1.65790765E-02 3.75047288E-03
74 16 8.08778067E-03-8.54665787E-04-2.15024831E-02 3.89507927E-03-3.73230059E-02
74 17 1.62461403E-02 4.28384342E-03 1.01296732E-01-3.54741627E-02 5.86922493E-02
74 18 9.27290484E-03-1.58978011E-02-3.91132096E-02-2.78977671E-02 2.60664433E-02
74 19-4.75204282E-02 2.14406787E-01-2.60363107E-01 6.97740312E-02 1.17623497E-01
74 20 9.12045171E-01-1.45493913E-02-1.01361393E-02 3.91560924E-02 3.68269632E-02
74 21-4.92124840E-02-7.07572952E-02-1.58709798E-03 2.90652359E-03 3.98613368E-02
74 22-2.00444513E-02-2.46092991E-02 3.48654050E-02 1.68724001E-01-3.28682877E-02
74 23 5.32598040E-02
75  1-3.58045533E-05 8.63841616E-04-2.59201077E-03-1.02162988E-03-1.17878445E-02
75  2 2.30108795E-02-2.82902592E-02-5.29107907E-03-1.06939494E-03 5.81250606E-04
75  3 1.97140539E-03 5.90107032E-03 4.98783235E-03-1.43379538E-02 1.71499165E-02
75  4-3.97110243E-03-1.65475691E-02-2.33547897E-02-8.96909732E-03 1.11233279E-02
75  5-4.02541041E-02 3.95591992E-02 1.66636739E-02 1.15966836E-02-6.78260115E-03
75  6-5.08494310E-03 3.22928279E-03 4.53427886E-03 1.57593503E-02-7.71039282E-03
75  7 5.67710575E-03-8.47242412E-03-5.44616491E-03-1.69380362E-02-4.21317123E-03
75  8 5.09095291E-03-5.43958693E-02 9.77645100E-02-4.95593839E-02 7.02965001E-04
75  9-4.75994194E-02 1.32062639E-01 1.30958623E-02 2.61452202E-03-7.14770044E-02
75 10-5.37493192E-02-4.74471095E-02 5.16169960E-02 1.62892257E-01 2.00739975E-03
75 11 2.12660507E-02-1.31516994E-02 1.06550718E-01-1.10401580E-01 1.10157529E-02
75 12-5.18060931E-03-7.71683568E-02-1.76767635E-03-1.88004810E-03 1.47369142E-02
75 13-3.62404438E-02-3.98884478E-02 2.78190661E-02 7.23482902E-03 2.03977676E-02
75 14-3.43198350E-02 1.72609608E-03 8.82444290E-03 2.90861855E-02 1.77178486E-02
75 15 9.73738120E-03-7.25597359E-03-3.84415326E-03 1.67000495E-03 1.80688563E-04
75 16 1.76614057E-02-3.58077437E-03-2.99512608E-02-2.64835457E-02-1.79585500E-03
75 17 1.34752224E-02 5.49036848E-03 2.72312649E-02-1.09490780E-03 2.41338151E-02
75 18 1.28198971E-02 1.54781256E-02-1.62402908E-02-2.10655121E-02-2.79214924E-02
75 19-3.71673638E-02-7.47437470E-01 7.49583554E-01-1.20243201E-01 5.91275329E-02
75 20 3.38927660E-01 3.62845591E-02-8.00632834E-02 7.35270154E-02-2.52594031E-02
75 21-1.67124570E-02 1.07066519E-01 3.14842756E-03 4.56344758E-03-6.17157524E-02
75 22 6.03557158E-03 7.05133526E-02-3.21871919E-02-1.96572852E-01 5.23504265E-02
75 23-9.78766041E-02
76  1-9.25272826E-05-5.95131531E-04 1.63753006E-03 3.71601895E-03 4.66402180E-03
76  2-2.85153771E-03-6.16971471E-03-1.09717127E-02 4.53783863E-03 2.26799158E-03
76  3 2.28088039E-03-3.14118056E-04-2.25210408E-04 9.66475140E-04 2.57575341E-03
76  4-4.19649129E-03-6.39764123E-03-3.83641616E-03-3.01368304E-03 5.76641381E-03
76  5-2.33631637E-02 2.17599098E-02-2.57775245E-03 9.77242539E-03-5.65421845E-03
76  6 2.56727626E-03-1.57374538E-03-2.80561435E-03-1.98332896E-02 6.56379948E-03
76  7 2.13878949E-02-1.59447729E-02 9.16515528E-03-5.31771446E-03-9.73618623E-04
76  8-1.79746868E-03 1.50197006E-01-2.79936007E-01 2.03807144E-01 2.25974479E-02
76  9 3.75237729E-02-3.24790024E-01-4.19618672E-02 8.42146345E-03 1.86206045E-01
76 10 7.62878268E-02 1.98586482E-01-1.61750261E-01-4.07061224E-01 1.12110287E-02
76 11-2.12455872E-03 2.72469944E-02-4.41545022E-02 3.13794741E-02 6.26164936E-02
76 12 1.39636164E-01-3.78476900E-03-3.86972181E-02-6.56498497E-02 3.06426342E-03
76 13 1.86659030E-03-6.38606542E-02 1.07126365E-01 1.37411794E-02 1.73347496E-01
76 14-1.81223786E-02-6.24080865E-02 1.12933157E-01-6.66560373E-02 6.47213463E-02
76 15 1.20932104E-01 2.17807986E-03-2.92921672E-02-7.34958935E-02 1.33466335E-02
76 16 4.03888127E-02 3.87322434E-02-1.28180652E-01 3.03965859E-02-1.31796119E-01
76 17 9.55291336E-02 4.43751535E-03-2.51549420E-02 3.14280766E-02-1.12719896E-02
76 18 1.27330616E-02-8.55019684E-03 2.12443170E-03 3.69070003E-03-1.80375758E-02
76 19-8.42003734E-03-2.96268548E-01 3.14714313E-01-5.28610678E-02-1.63534716E-02
76 20-1.46335838E-01-1.57695136E-01 3.36444173E-01-2.37409188E-01 5.34024555E-02
76 21-6.30012772E-02-3.01573456E-01 1.36718943E-03 1.84355359E-03 1.66044490E-01
76 22-6.69393466E-02-1.22308423E-01 3.49880319E-02 5.55578398E-01-1.44848665E-01
76 23 2.50933902E-01
77  1 8.54951257E-06 3.66166448E-04 5.82206267E-04-4.87409359E-04 2.51841509E-03
77  2-7.82969087E-03 8.24701203E-03 6.99353760E-03 6.00998071E-03-3.05877545E-03
77  3-8.24055397E-04-3.96188144E-03-7.95250825E-05 4.70008973E-03 4.56741292E-03
77  4-8.29227887E-03 1.57979289E-02 6.41330604E-03 1.42107240E-02-1.88776404E-03
77  5-2.49369264E-03 8.84479399E-03 5.79109947E-03-2.59148527E-03 4.99393411E-03
77  6 1.84243410E-03-4.37617919E-03-8.76532086E-03-1.14209357E-02 3.62051777E-03
77  7 9.75049775E-03 3.54239184E-03-1.39081077E-03 1.40911530E-02-9.25885390E-04
77  8 7.60262810E-03-7.49660334E-02 1.15116032E-01-1.09818242E-01 4.77215101E-02
77  9-2.55830665E-02 1.43325799E-01-6.20593687E-03 9.95328566E-03-9.48192148E-02
77 10-1.51033011E-01 4.61257741E-02 7.46885296E-02 1.52850748E-01 5.32535882E-02
77 11 6.77370885E-02 1.70414581E-01-3.04034930E-01 2.57867147E-01 9.63346377E-02
77 12 2.68673089E-01-7.60860171E-02-8.34634960E-02-1.46050240E-01-1.36933850E-03
77 13-5.21722291E-02-1.92603683E-01 3.35528006E-01 6.16273426E-02 5.13050764E-01
77 14-6.47643457E-02-1.50528140E-01 2.78602153E-01-2.15156396E-01 1.64983520E-01
77 15 2.58330092E-01 4.33602796E-02-7.70830066E-02-1.72425803E-01 1.98796363E-02
77 16 1.47041930E-01 7.58048695E-02-3.36758456E-01 8.97350404E-02-3.64008597E-01
77 17 3.20200888E-01-9.49680417E-03 1.77244232E-02-4.21877516E-02-5.29728715E-03
77 18 7.31852613E-03 2.92079332E-02 6.86326668E-03 3.69983615E-03 9.72662854E-03
77 19 1.22999978E-02 1.24761781E-01-1.32651816E-01 2.67763596E-02 1.44810662E-02
77 20-6.31465247E-02-3.79866908E-02-1.62594229E-03 3.99549091E-02-3.98287773E-02
77 21-1.70178806E-01 9.76558931E-02 1.65538527E-02 7.20068611E-02-6.94572576E-02
77 22-4.24303147E-02 1.39159881E-01-4.95842101E-02-1.69505797E-01 1.03375344E-01
77 23-7.92396451E-02
78  1-2.05106904E-05-1.06709644E-03-2.50338041E-03 3.04859835E-05 3.82796442E-03
78  2-3.07273197E-02 1.10310234E-02 1.96048595E-02 1.13063353E-01-1.01743272E-01
78  3-1.74895074E-02-3.31951077E-02 1.30707407E-02 1.41068976E-02-5.50476287E-01
78  4 5.61256176E-01-1.83515744E-01 2.19185193E-01 1.05033925E-01-3.69263168E-03
78  5 2.05240995E-02 2.08626182E-04-2.91512039E-02-1.17056840E-01 1.46784559E-01
78  6 2.87365511E-02 3.05551081E-02-4.68491569E-02-1.11041990E-03-2.96684139E-01
78  7 2.76643149E-01 3.63743514E-01-4.57917926E-01 8.30153252E-02-3.96431159E-03
78  8 1.28580107E-03 1.58715349E-03-3.30798867E-03 5.08916207E-03-6.94746339E-04
78  9-9.23349670E-03 1.63523294E-03 3.60354779E-04 2.41588429E-03-3.10973390E-04
78 10 1.89918183E-03-1.03933839E-03-2.34191312E-03-2.40911240E-03-3.41420971E-03
78 11 1.79712220E-03-1.88082463E-02 3.26706610E-02-2.11621358E-02 5.57398331E-03
78 12 5.56879378E-03-9.91941112E-03-1.74553307E-03-2.77086059E-03 3.41550962E-03
78 13 5.36448998E-03-7.51907272E-03 4.95526856E-03-2.54786259E-03 4.69750879E-03
78 14-2.07689496E-03-1.67237369E-02 3.93425069E-02-2.78167111E-02 5.70686990E-03
78 15-9.86806983E-03-2.20379882E-02-2.34221227E-03 1.77635737E-03 7.18155279E-03
78 16-6.11370035E-03-4.04850489E-03 5.42073826E-03 6.85075665E-03 3.67175428E-03
78 17 4.78086898E-03 9.62272376E-03 8.29763350E-03-7.76850979E-03 2.79889478E-02
78 18 2.37875702E-02 1.16568673E-05-8.23883559E-03-7.79094080E-03-1.17770473E-03
78 19 9.81193161E-03-2.60857534E-02 2.15376739E-03 1.09600305E-04-1.15585733E-03
78 20-2.39797967E-03-1.43651359E-03-1.33273174E-03 4.80853252E-03 3.47335443E-03
78 21-7.29432050E-03 1.40804855E-03-6.95196164E-04 4.78669800E-04 1.38506925E-04
78 22 2.00203939E-04 1.35418805E-03 1.95332805E-04 6.94688606E-03-2.80272831E-03
78 23-1.02764439E-04
79  1 8.26341494E-06-2.87636010E-05-6.36608393E-04-1.94875841E-05-3.70820357E-03
79  2 4.06024049E-03-1.55181153E-03 3.18291676E-03-2.49774457E-03-5.07070842E-03
79  3-6.71232118E-04 8.37652856E-04 1.98528020E-03-2.25909998E-03 3.94616366E-03
79  4-1.66026139E-03 4.41335376E-03 2.57281891E-03 7.47539378E-03 4.25063495E-04
79  5-6.91087011E-03 4.17116747E-03 6.32667936E-03-6.77012653E-03-3.98967073E-03
79  6-2.22558062E-03 1.89562820E-03 5.11432652E-04-3.98188848E-03 5.55959108E-03
79  7 4.69542368E-03 4.42091003E-03 5.60782043E-03-1.57934577E-03 2.95564512E-03
79  8 3.19602227E-03 6.69505671E-03-2.04940841E-02 7.67479190E-03-2.49464275E-01
79  9-2.56544176E-01-5.87388433E-02 1.06370229E-01 1.12185501E-01 2.77919280E-02
79 10 4.55389036E-01-3.58685952E-01-8.30607616E-02 2.34916390E-02-2.15675102E-01
79 11-2.97648317E-01 5.58586437E-02-5.78085210E-02 5.12961516E-02 1.16577867E-01
79 12-9.93908103E-02-1.29973465E-01-4.44712916E-02 3.09800646E-02 4.00571386E-02
79 13-2.01549546E-01 4.25808543E-03 1.64801184E-01 3.36699723E-02 4.97310041E-02
79 14 7.63494653E-02-1.22542696E-02 1.58284220E-02-2.26029233E-02-3.30292232E-02
79 15 2.43456930E-02 6.51940468E-02 1.31665674E-02-1.14762719E-02-2.60358664E-02
79 16 4.32718286E-02 1.06155142E-01-1.46034831E-01-1.30184023E-01 6.17816987E-02
79 17 8.27818755E-02 3.51054502E-03 5.76150759E-03-1.14861494E-02 1.00528163E-02
79 18 1.81382209E-02 3.82923739E-02-2.01011718E-03-4.45021983E-03-9.92130535E-03
79 19 8.70438919E-03 8.58695616E-03-2.36545332E-02 7.27218171E-03 9.83511999E-03
79 20-1.75017618E-02 6.25982641E-03-1.90406343E-02-5.42540050E-03 2.00628461E-01
79 21 1.69147897E-01-1.35410056E-03-7.86434289E-02-5.15070477E-02-4.08091673E-03
79 22-2.58818501E-01 3.69527356E-01-1.03654032E-01 7.85016532E-02-3.77311657E-01
79 23-3.01247042E-01
80  1-3.85647440E-05 2.67425195E-03 5.51902101E-03 5.82282003E-04-1.49794892E-01
80  2 3.51726958E-01-1.74152498E-01-8.16674562E-02-3.14745361E-01-3.19792722E-01
80  3 5.63621271E-02 1.13596269E-01 1.29812535E-01-1.92622623E-01 9.68603182E-02
80  4-5.90986228E-02 1.00697403E-01 1.10843116E-01 5.41094969E-01 1.51467728E-01
80  5-3.46234594E-01 1.72763433E-01 3.70741064E-01-2.53296437E-01-1.46349746E-01
80  6-1.67048362E-01 9.37768402E-02 3.92472820E-02-1.74729997E-01 1.18778614E-01
80  7 1.99900466E-01 3.29833461E-01 2.40536309E-01-3.31560810E-01-4.84925068E-03
80  8 3.72772285E-03-4.52459602E-03 7.41949558E-03-1.63322314E-04-9.82270137E-03
80  9-3.74542802E-02 6.95710008E-03 4.56919420E-03 1.53527704E-02-4.54979889E-03
80 10 1.93318822E-02-1.54668174E-02-7.68053835E-03 3.95504042E-03-1.14071589E-02
80 11-8.78758549E-03 1.36565397E-03 3.89100476E-03-1.20290416E-02-3.09453668E-02
80 12 3.09260912E-02-2.10193746E-02 1.31048760E-02-1.35603831E-02 7.24530748E-03
80 13 9.17533685E-02-2.76134393E-02-6.02064541E-02 1.94681231E-02 3.53101555E-03
80 14-7.38519683E-02 1.34664077E-02-2.09850982E-02 6.16070176E-03 5.58321404E-02
80 15-2.46521784E-02-6.48281676E-02-2.20936563E-02 9.09057092E-03 2.04252642E-02
80 16-7.84993430E-03-5.96186796E-02 6.78862723E-02 7.03935658E-02-3.56658194E-02
80 17-3.90058249E-02-3.52683637E-03-2.47546612E-02 2.03874349E-02-5.09040516E-02
80 18-3.00637847E-03 7.14878492E-03 2.21229961E-02 4.96895090E-03-3.58041234E-03
80 19-1.24379550E-02 7.58946416E-03 1.87463895E-02 2.43816807E-04-4.31171004E-03
80 20-5.43967755E-04-1.50453168E-02 1.67458881E-02-8.59120573E-03 1.44526804E-02
80 21-3.27040396E-02 4.64263698E-03-5.57598525E-03 1.29936587E-02-3.81489459E-03
80 22-1.15352879E-02 2.82196847E-02-1.19068007E-02 1.37268637E-02-1.59319147E-02
80 23-1.47121870E-02
81  1 8.36438448E-05-4.54103986E-04 1.79407648E-03-7.78115687E-04 3.06481295E-02
81  2-6.44597841E-02 4.36730331E-02 1.29007930E-02 4.16756984E-02 6.91611966E-02
81  3-9.39111582E-03-1.76821024E-02-2.96102994E-02 3.64609099E-02-1.30496719E-02
81  4 4.09913154E-04-1.46055411E-02-2.15005052E-02-1.04362341E-01-4.93444875E-02
81  5 1.15900541E-01-8.07219670E-02-7.65297346E-02 3.79258694E-02 5.28956320E-02
81  6 3.21400014E-02-1.56332265E-02-1.61580501E-02 3.63445518E-02-1.81954343E-02
81  7-5.28742643E-02-6.13521787E-02-4.13460637E-02 5.16617307E-02-1.05215962E-03
81  8 7.77163854E-03-2.30018740E-02 4.50086635E-02-4.43091389E-02-1.26082953E-01
81  9-1.23250354E-01 1.29402816E-02 6.02376101E-02 4.81423634E-02-1.97595444E-02
81 10 1.31418565E-01-1.40121338E-01-3.12370999E-03 6.55152633E-03-8.72821289E-02
81 11-9.35712307E-02-9.65477300E-04 2.08879931E-02-1.35476206E-02-2.40729748E-01
81 12 9.98311433E-02 1.32333033E-01 1.02207777E-01-3.06728712E-02-5.88681309E-02
81 13 4.79723691E-01-2.14898669E-01-2.85775203E-01 9.94488802E-02 5.28878799E-02
81 14-2.96095825E-01 7.30999614E-03-3.13811935E-03 2.13820535E-02 2.42090678E-01
81 15-1.31017505E-01-1.66658488E-01-9.99667168E-02 6.01504954E-02 7.38562680E-02
81 16 7.70646620E-03-3.36482469E-01 3.17965880E-01 3.72381294E-01-2.81864476E-01
81 17-1.15591280E-01-2.93723752E-03-2.20556500E-02 2.41435451E-02-1.84198114E-02
81 18-1.46217640E-02-7.76783555E-02 4.40818749E-03 2.94607886E-03 2.73478323E-02
81 19-8.50610857E-03 1.51165258E-03 2.44258925E-02-5.50382287E-04-1.82503219E-02
81 20 6.15424049E-03-5.49467238E-02 1.11386549E-02 1.91550760E-02 7.36942835E-02
81 21-1.42600003E-01 7.10319549E-02-2.81153553E-02 5.95865979E-02-4.11698468E-02
81 22-6.84092419E-02 1.90809986E-01-6.46101296E-02 6.77425117E-02-1.16841558E-01
81 23-1.26677819E-01
82  1-5.04969084E-05-9.33964760E-03-4.97234982E-03-2.89464636E-03-1.46272287E-02
82  2 4.77415533E-02-5.11270267E-02-8.47173866E-02-1.22366745E-02-3.39198862E-03
82  3 3.56539111E-02 6.24855194E-03 2.94068490E-03 3.45431962E-03-1.18117061E-02
82  4 3.52422822E-04-8.37162240E-03-5.88584962E-04 3.86251355E-02 3.30025095E-02
82  5-5.61028518E-02 4.30565442E-02-3.94194888E-03-2.32553832E-02-4.27676302E-02
82  6-6.12940937E-04 1.16907331E-02 1.84359540E-02-2.03635147E-03-1.00280220E-02
82  7 1.72746885E-02 2.15328316E-02 8.85089560E-03-1.31804312E-02 1.07348160E-01
82  8-6.92622145E-02 3.18475827E-02 4.20160306E-02-5.76731172E-02-3.18771375E-01
82  9 4.73160940E-01-1.95837870E-02 1.58521868E-01-2.38874535E-01 1.07431643E-02
82 10-8.15209032E-02-1.07046847E-01 1.25806650E-01-1.53298442E-01-6.91963834E-02
82 11-3.74038398E-02-3.50315050E-02 2.97420288E-01-2.09826559E-01 1.14645413E-01
82 12-4.61655006E-01 4.79466197E-01-3.91788519E-02 2.22137720E-01-2.31118189E-01
82 13 3.85205854E-02-2.29744250E-01-8.95701582E-02 2.65508705E-02 3.96394920E-02
82 14 1.82938337E-01-3.49932714E-02 1.51845670E-02 8.43040155E-02 2.94305138E-01
82 15-9.35445848E-02 3.97838743E-01-1.15900565E-01 6.55721671E-02-1.74161319E-01
82 16 1.14440898E-01-6.45384967E-02-3.31052738E-02-6.99545887E-02-1.74811796E-01
82 17 1.37144831E-01 3.26584382E-02-4.84810545E-02 4.63422299E-02 3.30127995E-02
82 18-5.70789100E-02-1.20495740E-01-1.68535648E-02 1.62908322E-02 4.33489327E-02
82 19 3.20261580E-05-3.07112576E-02 2.34432567E-02-2.02619817E-02-3.13450215E-02
82 20 3.95403278E-02 9.93301726E-02-2.88505862E-01 1.61405318E-01-1.80915035E-01
82 21 2.29763804E-01 2.46974665E-01 7.67849890E-02-9.60432983E-02-1.21355483E-01
82 22 1.36931909E-01 4.65637428E-02-9.05220923E-03-3.15598802E-02-5.31475834E-02
82 23 3.55361972E-02
83  1 7.95497429E-05 4.75038087E-03 9.81401272E-03-4.18385162E-03-8.52388205E-03
83  2-1.13817159E-03 8.15954142E-03 4.69396219E-02-2.07182738E-02 2.86290940E-02
83  3-2.07340574E-02 7.53752690E-03-1.17751342E-02-1.72313214E-03 1.36368093E-02
83  4-3.43938094E-03 9.67413548E-03-2.76494282E-03-1.29103198E-02-2.36346931E-02
83  5 3.37753183E-02-2.87548820E-02 1.69853171E-02-1.51739905E-02 5.44938283E-02
83  6-7.79757461E-03 4.41322636E-03-2.25799862E-02 5.25944212E-03 8.28228867E-03
83  7-8.73506353E-03-1.63514857E-03-6.51659846E-03 2.42028155E-04-4.63475470E-02
83  8-4.73905764E-03-1.21084276E-01 4.04669060E-01-2.90597578E-01-3.63327922E-01
83  9 1.00357970E-01 5.13157050E-01 1.85535212E-01-5.19761879E-02-3.08173104E-01
83 10-1.45134577E-01-1.75872302E-01 3.48771910E-02-2.55843284E-01-2.52093065E-01
83 11 1.78709678E-01 3.26599131E-02-9.65771116E-02 5.55929067E-02-4.55245358E-02
83 12 1.55018164E-01-2.27813681E-01 1.67554172E-02-7.83345600E-02 1.04651274E-01
83 13-8.35358313E-02 8.64461735E-02 5.20938111E-02-2.03296497E-02-4.66166401E-03
83 14-1.94210856E-02 2.52851854E-02-2.21522071E-02-1.59079047E-02-1.81840197E-01
83 15 4.30674168E-02-1.85351816E-01 8.15587433E-02-2.38218932E-02 8.47453662E-02
83 16-3.82023210E-02 4.96696695E-02-1.24888117E-02 1.34641964E-02 9.74242279E-02
83 17-2.13155828E-02-1.74368337E-02-2.39082838E-02-7.14966821E-03-8.29841730E-02
83 18 6.51674350E-02-2.77553936E-03 4.25061915E-02-3.16438757E-02 1.23354981E-02
83 19-9.53241755E-03 3.09838589E-02 1.47741969E-02 2.22432744E-02-1.75639472E-03
83 20-7.86312968E-03 8.58005720E-02-4.05404886E-01 2.93117778E-01-8.47522641E-02
83 21-2.12882959E-01 5.79581775E-01 5.31988682E-02 9.32534604E-02-3.23812865E-01
83 22 2.85642570E-01 2.10759535E-01-1.63465124E-01 1.66570898E-01-1.28067314E-01
83 23 2.56266130E-01
84  1 2.55773785E-04-8.19635491E-02-7.49876526E-02-3.70525456E-04 3.95496168E-02
84  2 5.16142919E-02-5.68649908E-02-4.81489065E-01-6.57099484E-02 6.91551514E-02
84  3 2.12374454E-01 2.05582127E-02-3.38889997E-02 7.89299080E-02-3.78406415E-02
84  4-8.71066338E-02 1.59974156E-02 4.22818812E-04 6.82573336E-02 1.04449605E-01
84  5-1.54539262E-02-1.59936714E-02-4.59130033E-01-3.86451968E-01-1.19238646E-01
84  6 2.03557101E-01 1.74319360E-01 5.60047868E-02 4.83374828E-03-2.71044634E-05
84  7-6.63787656E-02 6.67811591E-02 8.40358284E-02 8.79142895E-02 7.88704157E-03
84  8 2.44659446E-02-3.72365086E-02 8.61267797E-02-7.22204198E-02 1.32704094E-01
84  9 6.14070037E-03 1.29942818E-01-6.06972727E-02 3.70711773E-03-7.63852853E-02
84 10-1.33395190E-02-2.12761102E-02-3.71036660E-03 6.73620735E-03-3.87070080E-02
84 11 2.22642606E-02 2.51912750E-02-1.67287436E-01 1.50982262E-01 1.44356885E-01
84 12 1.22885785E-01 1.25530612E-01-7.32405734E-02-6.12807031E-02-5.71902416E-02
84 13 3.28983760E-02 4.42171256E-02 3.86792196E-02-5.75736812E-02-7.89565702E-02
84 14-2.62400832E-02-3.62758688E-02 9.02807753E-02-8.60766933E-02 3.48620074E-02
84 15 1.44677690E-01 1.76555069E-02-2.51550185E-02-8.94326865E-02-4.22855825E-03
84 16-7.28368970E-02 4.56718254E-02-3.27963187E-02 2.60266140E-02 3.03359845E-03
84 17-9.15691467E-02 1.22128637E-01-1.53267570E-02-5.37712941E-02 7.10760626E-01
84 18 1.28846760E-01-1.26368842E-01-3.35336663E-01-5.35934666E-02 6.52191035E-02
84 19 1.90913669E-01-1.33660474E-01-1.06884681E-01-1.76122902E-02-4.57900096E-02
84 20-2.80393848E-02-6.26835508E-03-1.14147703E-02 2.46134318E-02 2.18030410E-01
84 21-6.45485777E-02 6.85932970E-02-9.67240384E-02 3.85327655E-02-3.49926899E-02
84 22 1.99562477E-04 5.51281225E-02-4.36032790E-02 3.85609967E-02 3.69048598E-03
84 23-3.81041653E-04
85  1-1.38915341E-04 2.05566095E-02 4.28498178E-02-1.79049094E-03-1.82094940E-02
85  2-8.88515915E-03-2.49143459E-03 1.23863324E-01 5.09901021E-02-2.81950974E-02
85  3-5.71424079E-02-1.88782309E-02 1.43612543E-02-1.56042244E-02 6.20055624E-03
85  4 3.43583618E-02-1.01838320E-02 1.94347567E-03-1.74047517E-02-2.78671155E-02
85  5-1.86771965E-02 2.88069610E-02 1.33738975E-01 1.26398992E-01-9.95130001E-03
85  6-6.05319050E-02-6.21271260E-02-2.36961348E-03-2.40030969E-03 5.21582763E-06
85  7 3.63900245E-02-2.37988588E-02-2.01495605E-02-1.03138754E-02 4.84521139E-02
85  8 5.58384948E-02-6.53507140E-02 1.63416854E-01-1.19987555E-01 4.34129584E-01
85  9 8.37333615E-02 2.73110864E-01-2.08605193E-01-2.64423580E-02-1.54941788E-01
85 10-1.72521069E-02-3.06515732E-02-3.08474856E-02 3.20196272E-02-8.44361073E-02
85 11 3.01925660E-02 3.07690712E-02-2.71870517E-01 2.60611590E-01 4.22274487E-01
85 12 1.15449178E-01 3.69101670E-01-2.09900588E-01-5.89591153E-02-1.85825696E-01
85 13 7.24501594E-02 4.88241532E-02 8.18375510E-02-1.44053806E-01-1.87574036E-01
85 14-1.68934232E-02-1.25785916E-01 2.81819521E-01-2.31288912E-01 2.63180075E-01
85 15 2.74188257E-01 1.03705180E-01-1.40306832E-01-1.74320921E-01-4.53545840E-02
85 16-1.53889990E-01 9.60310505E-02-7.64820940E-02 2.00011830E-02-3.30641022E-02
85 17-1.69288319E-01-4.45425381E-02-4.51141408E-02 4.67174201E-02-3.90503755E-01
85 18 2.26071547E-02-1.38375108E-01 1.89914515E-01-8.86824287E-03 6.57241109E-02
85 19-1.00158497E-01 6.48035466E-02 7.52636289E-02 2.10387790E-02-1.89948697E-02
85 20 8.37411348E-03-1.53353536E-02 6.33127834E-03 3.98730730E-03 5.52064050E-01
85 21-3.16648942E-02 1.08897195E-01-2.52840002E-01 3.88446269E-02-5.56574657E-02
85 22-1.16677225E-02 1.03308531E-01-8.52140828E-02 8.11910482E-02-1.26597429E-02
85 23-2.28582264E-02
86  1 1.29650434E-04 3.59600362E-02-3.67553335E-02-5.10460589E-04-6.18571500E-02
86  2 3.19414293E-02 8.80110591E-04 2.97952104E-01-2.67229952E-01 3.09787356E-01
86  3-1.40036534E-01 1.20021240E-01-1.34057692E-01-3.70489760E-02 8.16778270E-02
86  4-1.89147197E-02 4.82511622E-02-3.93502600E-02-3.41532024E-02-7.71991140E-02
86  5 6.69219821E-02-4.48758661E-02 2.15568090E-01-1.65293551E-01 4.72410413E-01
86  6-1.02700652E-01 7.14940587E-02-2.16011997E-01-4.62224891E-03 2.90931286E-02
86  7 2.51148257E-04 1.34209984E-02-6.71775834E-02-3.62258763E-02-3.44750550E-03
86  8 3.88725584E-02-1.01025208E-02 1.11204286E-01 1.70296399E-04 4.26596438E-01
86  9-8.37683687E-03 2.25132304E-01-2.21887016E-01 1.47886662E-02-1.17289799E-01
86 10-3.82650008E-02 6.39834882E-03-1.00753460E-01-3.88946372E-03-7.25686408E-02
86 11 9.09378835E-02-6.43942739E-02 1.84877237E-01-1.41999122E-01 8.31265865E-02
86 12-3.11252777E-01-2.22062433E-01-2.02550531E-02 1.75494040E-01 1.02258693E-01
86 13-3.96350673E-02-2.81556766E-02-3.79540391E-02 1.62519028E-01 8.87796368E-02
86 14 4.93461055E-02 2.57026126E-02-1.70293217E-01 1.13066006E-01 1.51582236E-01
86 15-3.79137523E-01-6.41375628E-02-5.96116400E-02 2.05242568E-01 2.68248818E-02
86 16 1.30487414E-01-7.40907497E-02 1.11227949E-01-2.04951821E-02-4.34082270E-02
86 17 1.32072080E-01 7.52909740E-02-5.69049026E-02 4.25667048E-02 3.23905681E-01
86 18-7.71294203E-02 1.02886777E-01-1.65799117E-01 3.61256348E-02-5.10067160E-02
86 19 8.08969209E-02-4.57808813E-02-5.83058137E-02-2.23037971E-02 6.32014270E-03
86 20-1.99950506E-02-3.40369056E-03-3.18362198E-03-3.22395863E-02 2.63308841E-01
86 21 1.86065572E-01 3.27998214E-02-1.15570687E-01-9.02505247E-02-1.36886822E-02
86 22 6.76271143E-02-1.00740595E-02-1.25809273E-02 7.97129380E-02-4.07144830E-02
86 23 8.47371705E-02
87  1 1.34966876E-05 3.68497021E-02-3.22365739E-02-6.77354201E-06-6.64023739E-02
87  2 3.60916756E-02-2.03239532E-02 2.89322824E-01-2.22398989E-01 2.92407280E-01
87  3-1.36466597E-01 1.03469077E-01-1.25630879E-01-3.62018510E-02 7.32732024E-02
87  4-3.34876655E-03 3.44793541E-02-4.11286695E-02-2.64444351E-02-6.28774391E-02
87  5 2.09398913E-02 1.13831808E-02 2.57495426E-01-1.10030452E-01 4.15772958E-01
87  6-1.21207000E-01 4.23955775E-02-1.99591327E-01-8.86003617E-03 1.75185488E-02
87  7 2.33609154E-02 6.39970369E-03-6.80367788E-02-2.99918340E-02 1.35439771E-03
87  8-5.18331279E-02 4.94554696E-02-1.44664082E-01 7.88513190E-02-3.85988795E-01
87  9 1.63423845E-01-2.27438975E-01 1.99478809E-01-9.05603498E-02 1.39182940E-01
87 10 1.13095025E-02 6.75319218E-03 8.55427469E-02-1.22517911E-02 8.01001653E-02
87 11-1.00372818E-01 9.34600264E-02-2.15994073E-01 1.59609586E-01 2.85800987E-01
87 12 2.41087293E-01 1.35755203E-01-1.61842425E-01-1.52655080E-01-7.24631862E-02
87 13 6.36965204E-02-4.70526879E-02 1.02382635E-01-2.13688944E-01-1.29405397E-01
87 14-3.97805848E-02-7.47874600E-02 3.16843219E-01-2.12200352E-01 1.20712305E-01
87 15 3.72972445E-01-2.81517231E-01-6.43399458E-02-2.10639653E-01 1.46596554E-01
87 16-2.13619904E-01 1.00100509E-01-1.11469384E-01 9.34991072E-02 4.74631119E-02
87 17-1.47318445E-01 6.81438733E-02-8.56874301E-02 4.58501850E-02 2.67161097E-01
87 18-1.90283236E-01-7.74277808E-03-1.37894650E-01 9.13463030E-02 6.04371636E-03
87 19 6.91275003E-02-2.87750709E-02-3.38313418E-02-4.12556605E-02-9.78924686E-03
87 20-1.67962109E-03-2.88703671E-02 7.17924881E-02-8.73487604E-02-2.38349839E-01
87 21 3.17547739E-03-7.08255787E-02 1.00501504E-01 9.35098964E-03 3.78031201E-02
87 22-5.86892219E-02 2.72652952E-02 1.32366743E-03-1.02612948E-01 3.90290545E-02
87 23-7.32111656E-02
88  1-1.65480453E-04 1.91639831E-02-1.35228192E-02-1.05518354E-03-6.99678233E-02
88  2 5.32157367E-02-7.92941859E-02 1.25252218E-01-1.50983077E-01 2.46875237E-01
88  3-6.05432640E-02 8.01701229E-02-1.07466304E-01-1.28444768E-02 3.90989187E-02
88  4 2.35305033E-02 7.04485406E-03-4.29999202E-02 1.34755423E-02 2.44275802E-02
88  5-1.19502630E-01 1.29357058E-01 2.52596718E-01-4.31015294E-02 1.97448581E-01
88  6-1.23790667E-01 1.60330114E-02-9.75382432E-02-1.52100513E-02-1.24923098E-02
88  7 4.93294938E-02 1.24579161E-02-4.47411680E-02-2.34207413E-02 1.65285664E-02
88  8 3.21486741E-02-3.80230119E-02 6.20339370E-02-7.15452876E-02 3.07275771E-02
88  9-2.37786227E-01 3.92559941E-02-1.53518283E-02 1.24543761E-01-4.23926862E-02
88 10 4.20159935E-02-3.25706414E-02-1.32722149E-02 3.76671958E-02-1.30842161E-02
88 11 8.59928627E-03-8.69610290E-02 9.08749622E-03 3.02235747E-02-5.06121035E-01
88 12 1.73095454E-01 4.48324209E-01 2.54322991E-01-5.42626834E-02-2.25079556E-01
88 13 1.69326482E-02 1.16266930E-01-5.12314292E-02 1.99662181E-03 4.64745926E-02
88 14 3.52967981E-02-2.00274595E-02-3.54614242E-02-2.68412142E-02-4.32297234E-01
88 15 8.63092212E-02 5.48878291E-01 2.02291479E-01-4.34456652E-02-2.76576535E-01
88 16 9.51799468E-02 4.00252113E-02-5.18786022E-02-1.07669330E-01 2.48538743E-02
88 17 3.66757478E-02 4.29785524E-02-5.14769310E-02 2.68448439E-02 1.05725103E-01
88 18-1.05987975E-02-3.50826270E-01-5.51531344E-02 7.01735883E-03 1.69568145E-01
88 19 1.82571070E-02-3.09078025E-02 8.31614824E-03-1.01861872E-02-5.82634953E-02
88 20 8.07407378E-03-2.37548265E-02 5.31069581E-02 1.48762426E-02 4.97091949E-02
88 21-2.88685815E-01 1.68038861E-02-2.37090326E-02 1.36826590E-01-1.45302469E-02
88 22-1.74481135E-02-4.25030995E-05-1.83906878E-02 5.16357678E-02 2.49274378E-03
88 23-2.87336768E-02
89  1 2.06739437E-05-1.87797818E-02 5.41537317E-02 1.89961332E-03 4.66330770E-03
89  2-4.16021689E-02 4.21031421E-02 1.27674511E-01-2.23513568E-01 2.37586079E-01
89  3-7.17983301E-02 1.08136345E-01-1.05968741E-01-8.27107578E-03 4.24379614E-02
89  4-3.64014351E-02 8.41265498E-02 3.98369738E-03-8.34454390E-03 3.31091142E-02
89  5-2.62726007E-03 1.86677794E-03-2.69054657E-01-3.90733107E-01 1.82183454E-01
89  6 1.42500720E-01 2.01609758E-01-7.82657371E-02-3.60747666E-02 3.29865463E-02
89  7-1.61878670E-02 5.69140402E-02-1.33325236E-03 7.60781403E-02 1.79968283E-02
89  8-7.20518807E-03-1.11974834E-02-7.61568457E-02-1.25988091E-02-1.41917645E-01
89  9-1.96198991E-01-1.32666172E-01 7.76982377E-02 1.02059218E-01 5.71799521E-02
89 10 3.36784624E-02 3.05865120E-02 3.73913435E-02 9.94761078E-03 5.00958635E-02
89 11 1.13093202E-02-5.36849328E-02-2.12142565E-02 1.85603489E-02 1.19659497E-01
89 12-2.96135885E-02-8.98536996E-02-5.88871348E-02 2.93245185E-03 5.94073319E-02
89 13-2.05705754E-02 1.06629868E-01 2.17795986E-02-1.64928609E-02-4.97796414E-02
89 14-1.78034604E-02-2.98286010E-02 4.12140708E-02-3.77456468E-02 2.68954626E-01
89 15-1.02578173E-01 1.71723788E-01-1.52692826E-01 3.31942355E-02-1.01982750E-01
89 16-3.96896712E-02-7.49069053E-04 2.21722284E-02-7.12679403E-02-4.42413657E-02
89 17-3.86996588E-02-8.82164556E-02 1.56241666E-01-9.79707065E-02-3.85160106E-01
89 18 8.22361188E-01-6.20568650E-02 2.11837625E-01-4.03496923E-01 3.35205294E-02
89 19-1.05212193E-01 9.95654804E-03 4.07103896E-02 1.25488760E-01 1.21145742E-03
89 20-5.61461767E-03 1.58460175E-02-7.95373769E-02 8.47009982E-02-1.35542984E-01
89 21-1.26253432E-01 1.09186465E-02 6.71260611E-02 5.40279369E-02-2.47689041E-03
89 22-3.67486603E-04-6.99798982E-02 9.31220362E-02-3.23305479E-02 4.24689455E-02
89 23 8.19538225E-03
90  1-1.31200214E-04 9.13574192E-03-2.51871212E-02 1.93841914E-04-1.02134504E-02
90  2-2.98701954E-03-1.65202755E-02 5.21446833E-02 1.05055423E-01-7.22592786E-02
90  3-2.75727806E-02-4.60209451E-02 3.70772990E-02-2.83669426E-03-6.85544146E-04
90  4 2.35474884E-02-1.71282900E-02 7.49381504E-03-8.29063704E-03 1.59882527E-03
90  5-3.34231693E-02 3.37905197E-02 9.12387091E-02 9.96237255E-02-8.07865014E-02
90  6-4.61224102E-02-5.27345756E-02 3.45695933E-02-7.03163555E-03 2.98097171E-03
90  7 1.88768457E-02-2.45157454E-02 2.76282792E-03 4.97662960E-03 4.90914256E-02
90  8 2.93867608E-02-3.61256526E-02 1.57176455E-01-7.47194271E-02-8.85230601E-02
90  9-5.35150947E-01 1.77177258E-01 3.00334090E-02 3.14538186E-01-1.27031150E-01
90 10 2.71955765E-02-3.22497574E-02-1.31989822E-01-2.49912839E-02-3.15514961E-02
90 11 1.34694244E-01-4.13394851E-02-2.35761231E-01 2.35947887E-01 1.09352950E-01
90 12 1.04048184E-01-7.68481374E-02-6.49812034E-02-8.88387413E-02 6.06037640E-02
90 13 2.84651894E-02 2.35737766E-01 3.24076027E-02-5.78400551E-02-1.41480778E-01
90 14-1.36913704E-01-6.56052835E-02 1.61834946E-01-1.60949233E-01 5.03430799E-01
90 15-3.35753996E-02 5.50545047E-01-3.08045493E-01-3.97719596E-02-3.17635353E-01
90 16-1.23361203E-01-1.18785879E-02-3.29586277E-03-1.40961576E-01-1.16589435E-01
90 17-1.67640674E-01 6.21603246E-02-1.04735419E-01 5.44508096E-02 2.03122583E-01
90 18-2.54071969E-01 4.18299241E-01-1.07861617E-01 1.32324736E-01-1.97665001E-01
90 19 6.20502501E-02 5.73362340E-04-4.69270803E-02-4.19534199E-02 5.83612945E-02
90 20-2.21605745E-02-3.60951264E-02 9.24061438E-02-1.02639536E-01-3.06499853E-01
90 21-9.32614985E-02-4.28950576E-02 1.63646787E-01 3.58975517E-02-9.06083334E-03
90 22 6.75841292E-02-2.71651826E-02-1.38100255E-02 1.12500495E-02-3.71588926E-02
90 23 1.49147427E-01
91  1 1.32045699E-04 5.83400643E-02-3.78203416E-02-2.40935584E-03-1.73724778E-01
91  2 1.40348966E-01-1.06384778E-01 9.39272814E-01 1.78843640E-01-3.02591758E-01
91  3-5.20413810E-01-6.49341390E-02 1.71358383E-01-1.30972776E-01 7.24454128E-02
91  4 1.08751732E-01 1.22037609E-01 1.40050617E-01-4.34603915E-02 6.19909276E-02
91  5 5.06844441E-02-1.32347156E-03-2.49165756E-01 6.69501933E-02-3.34241634E-01
91  6 1.32545233E-01 1.09318394E-03 1.94090035E-01-1.61324569E-01 4.64654192E-02
91  7 3.05474349E-02 2.02444836E-02 1.08144151E-01 7.76778248E-02 4.20117062E-03
91  8-2.13667163E-03 7.40354056E-03 5.07377612E-03 1.70598812E-02-1.79250854E-02
91  9 1.25281537E-01 1.18281109E-02 1.25553301E-02-7.57777710E-02 5.94761339E-03
91 10-2.18344124E-02-6.05171342E-03 1.47209401E-02-2.34003978E-03 1.69406394E-03
91 11-1.98404397E-02 5.76710054E-03 6.62806943E-02-7.36148265E-02-4.49527414E-02
91 12-5.94686713E-03 3.05244435E-03 2.12187458E-02 3.52195778E-04-2.68163708E-03
91 13 1.84278385E-02-3.85281398E-02-3.46593336E-02 8.58671013E-03-7.64454200E-03
91 14-1.99340944E-02 3.62153241E-03-3.54264104E-04 2.85049565E-02-5.91449933E-02
91 15 6.07738168E-02 4.83100964E-02 3.29597290E-02-2.70766304E-02-2.76975037E-02
91 16 1.70862161E-02-2.87250677E-02 2.43290087E-03 4.50108715E-03-1.21850691E-02
91 17-1.88371973E-02 1.50105422E-01-1.50014483E-01 1.32336634E-01 3.76904005E-01
91 18 2.49225965E-01-6.90387180E-02-2.10879003E-01-1.26219120E-01 3.54356242E-02
91 19 6.96290360E-02-8.72241899E-02-5.62506035E-02 1.85466674E-02-2.40172744E-02
91 20-1.04106358E-02 1.48481222E-02 6.15107026E-03-4.56505791E-03 6.65485964E-02
91 21 1.43544414E-02-5.53009283E-03-4.00757927E-02-2.84838815E-03 2.99445144E-03
91 22-9.29037244E-03 1.35039440E-02-3.63175041E-02 6.16519718E-03 8.46579291E-03
91 23-1.71912195E-02
92  1-3.73947229E-04-2.26944971E-02 1.98578927E-02 2.20618043E-04 1.25556444E-02
92  2-4.83628965E-02 1.00912876E-02 5.74899256E-02-1.91510656E-01 2.53890136E-01
92  3-4.00839604E-02 1.06937786E-01-1.22117324E-01-7.13583678E-03-7.33464163E-03
92  4 1.67086630E-02 5.58307077E-02-8.42947408E-03 2.08034159E-02 7.80027860E-02
92  5-1.21886467E-01 1.05349307E-01-2.06728103E-01-1.99935589E-01-6.59687200E-02
92  6 1.17299800E-01 1.14405067E-01 4.35618645E-02-2.77944980E-02-1.74342082E-02
92  7 4.39772893E-02 5.00997264E-02-6.54353395E-03 6.38805609E-02 2.16601317E-02
92  8-6.61857468E-03 4.37898673E-02 2.81321704E-02 7.71781703E-02 1.24803123E-01
92  9 3.13577405E-01 7.41488990E-02-7.30076144E-02-1.89818088E-01-1.40003892E-02
92 10-4.81990922E-02-2.20328881E-02-3.81441168E-02-7.54795848E-03-4.16580880E-02
92 11-4.74034390E-02-3.55375461E-04 3.10290684E-01-2.77262497E-01-3.00857237E-01
92 12 5.07047357E-03 8.16755381E-02 1.55365493E-01-1.80877042E-02-4.04361127E-02
92 13 6.34449371E-02-1.89707527E-01-8.34144990E-02-1.97263277E-02-2.59710749E-02
92 14-7.32952010E-02-3.48682294E-03 1.32118365E-01 2.72586803E-02-2.49247427E-01
92 15 3.53437196E-01 1.88604493E-01 1.40785190E-01-1.66871439E-01-1.12502023E-01
92 16 1.13648952E-02-9.66540878E-02-4.19662536E-02-8.59282155E-04-1.73741690E-02
92 17-7.54077311E-02-5.54640268E-02 1.76466091E-02 1.92143108E-02-1.68830709E-01
92 18-1.93138215E-03 8.86121135E-01 9.73781567E-02 1.24484993E-03-4.78532557E-01
92 19-3.53529114E-02 2.07477577E-02 4.08438716E-02-6.06093086E-03 1.22963388E-01
92 20 6.99446074E-03-8.72512028E-03 8.80259491E-02-4.81664035E-02 6.68961994E-02
92 21 1.67634449E-01-5.88209954E-02-3.16356819E-02-9.51631003E-02 3.65222467E-02
92 22-2.47239027E-02 5.72998151E-02-8.88369815E-02 1.75018296E-02-5.02690104E-02
92 23-4.59517864E-02
93  1 9.53583478E-05 2.26578267E-02-2.20457008E-02-7.63858350E-04 3.87420637E-02
93  2-2.54520683E-02 3.46182931E-02-2.24487041E-01 2.25439363E-01-2.05254324E-01
93  3 1.40247378E-01-1.31380186E-01 1.00026564E-01 3.72552498E-02 9.95948262E-03
93  4-4.46293523E-02-1.03917394E-01-2.64299219E-02-3.13916989E-02-1.14705398E-01
93  5 1.04932420E-01-1.01692826E-01 4.59391151E-01 1.86349507E-01 2.39723791E-01
93  6-2.57983208E-01-1.23611187E-01-1.55509845E-01 4.29527473E-02 2.41750223E-02
93  7-2.92503962E-02-8.73882207E-02-3.82156566E-02-8.58727503E-02 2.24676797E-03
93  8 2.21564263E-04 1.94358352E-02-8.85415982E-02 1.25797703E-01-2.43201246E-01
93  9 4.64572664E-01-2.84846647E-02 1.57849884E-01-2.97018046E-01 8.35770202E-02
93 10-5.92555068E-02 4.36956157E-02 1.03681725E-01 1.55317157E-02 9.16413945E-02
93 11-9.19451177E-02-1.25661762E-02 1.35832218E-01-1.35064286E-01-1.82301086E-01
93 12 9.66238228E-02-3.75012286E-01 1.00459499E-01-9.77383389E-02 2.55992944E-01
93 13-3.11589304E-02 6.27184153E-02-5.56249113E-02 1.59601336E-02-5.85341076E-02
93 14-9.49845518E-02-5.17270953E-03 6.52309807E-02 9.73927094E-03 1.17228004E-01
93 15 3.44062138E-02 3.05832048E-01-9.41185809E-02-3.47668713E-02-2.01398711E-01
93 16-4.58904708E-02-7.33178379E-02 2.30931427E-02-9.13284222E-02-5.60575789E-02
93 17-1.17457471E-01 6.04438307E-02-7.29662488E-02 8.89050410E-02 2.48850306E-01
93 18 4.65382959E-01 1.24783964E-01-1.48460104E-01-2.50017102E-01-7.15335453E-02
93 19 4.81594241E-02-3.04211841E-02-4.22678098E-02 6.72060053E-02 1.21622199E-02
93 20-2.44145939E-02 2.23966233E-02 1.79731157E-01-9.39215029E-02 3.86169687E-01
93 21-8.78444887E-02-1.10889925E-01-2.46320164E-01 7.09561390E-02 8.81438947E-02
93 22-1.02419207E-01-1.20128195E-02-1.33788646E-01 1.97386750E-02 1.26183326E-01
93 23-8.81547074E-02
94  1-1.14788892E-04-2.14716124E-02 1.03519885E-02 3.23966862E-03-2.63755390E-02
94  2-1.02558296E-02-1.38676607E-02 1.06317141E-01-2.92233227E-01 3.74020438E-01
94  3-6.88294367E-02 1.69607453E-01-1.99014516E-01-7.78785084E-03-5.34836527E-02
94  4 8.67475830E-02 8.09081822E-02-1.68011811E-02 3.56241250E-02 7.31241861E-02
94  5-9.90255831E-02 7.70682799E-02-2.45172848E-01-4.19872785E-04-3.50057453E-01
94  6 1.43083872E-01 8.63048676E-03 2.09164144E-01-1.98335895E-02-6.58802275E-02
94  7 9.19267418E-02 6.76138016E-02 5.22129038E-03 6.23277789E-02-2.16687284E-02
94  8 2.56461223E-02-9.14490162E-03-5.05006711E-02 8.92756555E-02-3.98188832E-01
94  9 2.51796756E-01-8.54040731E-03 2.52800622E-01-1.68060438E-01 7.48966558E-02
94 10-4.03321918E-02 3.59007784E-02 1.17039360E-01 2.82558620E-02 1.39279617E-01
94 11-5.81821273E-02-4.65605377E-02-7.29563636E-02 5.89943724E-02-1.84570672E-02
94 12 1.30619828E-01-2.83055507E-01 2.21549656E-02-7.80650233E-02 2.01191712E-01
94 13-7.52765347E-02 2.25273938E-01 8.47290082E-04 3.94426709E-02-1.35282430E-04
94 14 6.47276521E-03 2.62397232E-02-1.38173745E-01 3.92680826E-02 1.93827518E-01
94 15-2.95127250E-01 1.40495976E-01-1.36225454E-01 1.37479286E-01-9.79180803E-02
94 16-2.05844822E-02 3.80528533E-02 4.87966448E-02-8.51386673E-02-7.98103332E-03
94 17-9.53961382E-03-4.45852124E-02 7.05945648E-02-6.12332263E-02-1.49524217E-01
94 18-4.64630883E-01-1.21385837E-01 8.79327277E-02 2.60317277E-01 6.22897464E-02
94 19-2.96357762E-02 2.08020282E-02 1.87985426E-02-5.95901323E-02-9.94537004E-03
94 20-8.72980493E-03 3.90739988E-03 2.99586886E-01-1.80481221E-01 4.66261301E-01
94 21-2.72782821E-01-1.61714563E-01-3.07831382E-01 1.83286852E-01 1.27605749E-01
94 22-1.13198257E-01-6.76790543E-02-1.51722203E-01 2.66651858E-02 1.99784891E-01
94 23-6.86568867E-02
95  1 8.89391128E-05-1.85733170E-02-6.75145489E-03-1.77953215E-03-3.07241465E-02
95  2-8.82156942E-02 1.98119265E-02-5.25075064E-02-1.46197558E-01 5.09512611E-01
95  3 3.38643601E-02 9.55875425E-02-2.82455525E-01 6.05283462E-02-6.75090407E-02
95  4 1.46425457E-01 1.69312653E-02-6.99254169E-02 2.41056162E-02-2.10623567E-02
95  5-3.86718416E-02-1.75562183E-02 2.37688436E-01 2.29883292E-01-4.89850617E-01
95  6-1.22826238E-01-1.51009382E-01 2.63097767E-01 9.08329676E-03-8.39974892E-02
95  7 1.59107756E-01 1.71906624E-02-2.44890948E-02 1.74674159E-02 5.92695540E-03
95  8-5.15129003E-02 2.97886315E-03-1.42375569E-01-8.94096758E-03 3.21701765E-01
95  9 1.08206373E-01-7.84080178E-02-1.98866416E-01-5.17753617E-02-5.66782631E-03
95 10 4.96246208E-02 7.63556197E-02-2.15333612E-02-2.43935403E-02-8.87617952E-02
95 11-7.91386973E-03 1.43607320E-01-5.17297022E-02 7.09292840E-02-1.37095049E-01
95 12 6.70062145E-02-4.20570462E-01 6.76121985E-02-1.34902725E-01 2.71286939E-01
95 13-3.68334961E-02-8.66952767E-02-1.12001232E-02 6.93173796E-03-5.52778903E-02
95 14-1.35542686E-01 2.82286340E-02 1.80510072E-01-7.26664938E-02 1.23138522E-01
95 15 2.38080917E-01 1.32588639E-01-9.41762192E-02-1.55996558E-01-1.06123357E-01
95 16-1.11660964E-01-1.15915296E-01-5.38924347E-02-1.90407140E-02-5.38553279E-02
95 17-1.42519178E-01 5.94070301E-03 3.77666640E-02-6.39466815E-02 6.61844159E-02
95 18 1.49206565E-01-3.71719001E-01-3.54053511E-02-8.64232429E-02 2.19878121E-01
95 19 2.06544182E-02 3.30862298E-03-3.92976070E-02 2.79054361E-02-4.26583777E-02
95 20 2.55971891E-03-2.49290968E-03-3.01922448E-01 1.93397885E-01-2.95168531E-01
95 21 3.48975444E-01 1.74934394E-01 2.08033945E-01-2.14321404E-01-1.30581519E-01
95 22 4.76068110E-02 1.03464875E-01 1.48369076E-01-3.79602475E-02-1.56940061E-01
95 23 2.68360841E-02
96  1 4.41645024E-04 7.97470849E-02-1.46462129E-02-4.53467007E-04 1.57183151E-02
96  2 2.65429554E-01-3.87887597E-02-9.18033452E-02-7.69875534E-01-1.45640009E-01
96  3 6.38303104E-02 3.88960579E-01 3.81766854E-02-8.68366861E-02-1.96681607E-01
96  4 5.70641836E-04 5.52615353E-02-7.71424178E-03 2.78635006E-02-1.91571474E-02
96  5 3.65499347E-01-1.42335585E-01-1.76833265E-01 8.29320534E-01 4.89696130E-02
96  6 6.81841081E-02-4.56371848E-01-5.01938603E-03-5.53428027E-02-2.52694069E-01
96  7-2.90920373E-02-4.07264271E-02-3.71040152E-02-5.19333951E-02 3.94562671E-03
96  8 1.38741158E-02-5.49282587E-03 7.00147600E-02-3.39011791E-02-5.24327591E-02
96  9-1.02869747E-01 3.39994283E-02 3.08538380E-02 6.36773251E-02-1.78225927E-02
96 10-1.22137927E-02-3.60234151E-02-8.89239348E-03 1.44006971E-03 6.41986343E-03
96 11 2.11663865E-02-1.61553313E-02-4.43467429E-03 1.12000053E-02 9.39618846E-02
96 12-5.95235509E-02 1.65198847E-01-5.60065359E-02 6.37405585E-02-1.13709959E-01
96 13 2.09730125E-02-1.61734236E-02 9.79230140E-04-1.37965687E-02 6.19591857E-03
96 14 3.09705705E-02-2.99939840E-02-1.38148238E-02-5.32228083E-03-4.15752862E-02
96 15-1.26115360E-02-7.97051406E-02 3.50002946E-02 1.58713993E-02 6.14876733E-02
96 16 3.76549995E-02 3.00049415E-02 1.64165650E-02 2.68296749E-02 7.24664123E-03
96 17 3.70202203E-02 1.12974063E-02-8.47625850E-02 6.64916512E-02 1.76366693E-01
96 18 2.68467672E-01 1.39039867E-01-1.11220139E-01-1.53059259E-01-7.72841944E-02
96 19 5.33776621E-02 5.82199351E-03 5.48042051E-03 3.98390849E-02 1.22090056E-02
96 20-5.33862578E-03 1.66130967E-02 2.29467356E-02-1.28931549E-02 1.80286360E-02
96 21-7.08387018E-02-2.29073983E-02-1.66444865E-02 4.29861770E-02 1.44481371E-02
96 22 5.30183805E-03-2.85186722E-02-2.40428287E-02 6.47548652E-03 2.15480147E-02
96 23 1.28854970E-02
97  1 1.01159201E-04 3.42342051E-02 1.07358806E-02 1.02074058E-03 1.49302256E-02
97  2 1.92879009E-01-7.12605200E-02 4.12110465E-02-2.13420626E-01-4.33643689E-01
97  3-2.74944707E-02 1.00017835E-01 2.38210025E-01-8.47042686E-02-7.36898390E-03
97  4-1.27708180E-01 3.04289571E-02 5.93715980E-02-4.34120412E-03 4.89435385E-02
97  5 9.26454751E-02 7.46724083E-02-4.07982248E-01-1.85559159E-02 4.49494543E-01
97  6 2.23675929E-01 4.67839817E-02-2.36833551E-01-3.42148926E-02-2.32808756E-02
97  7-1.39579968E-01-2.15290833E-03-1.70920426E-03-3.21606913E-03 3.89424361E-03
97  8-3.85056475E-02 1.60542516E-03-1.89859477E-01 4.56305109E-02 3.35561191E-01
97  9 3.39883058E-01-7.68500995E-02-2.11212034E-01-2.20262625E-01 1.45474407E-02
97 10 7.51090816E-02 8.38105275E-02 9.90184679E-03 9.68750611E-03-1.11100417E-01
97 11-1.17506721E-01 3.60548001E-02-6.68680424E-04 6.87929540E-03-4.20247131E-01
97 12 2.38590526E-01-2.29307256E-01 2.59700457E-01-2.20191632E-01 1.69870802E-01
97 13-1.15004082E-01 1.09932558E-01 1.48864255E-02-9.55184434E-02-2.28763719E-02
97 14-2.50652735E-02-1.50009122E-02 2.31187920E-01-1.33369638E-01 3.32477057E-01
97 15 2.16687014E-02 1.46088246E-01-2.41749268E-01-2.75256613E-02-1.12851161E-01
97 16-1.94392890E-01 2.08566842E-02-6.24659627E-02-1.49746522E-01 3.72455696E-03
97 17-5.68845268E-02-2.55371497E-02 9.97144861E-02-9.26215703E-02-1.23177952E-01
97 18-2.71653473E-01-2.18237841E-01 7.81734370E-02 1.53752854E-01 1.28711067E-01
97 19-3.21631280E-02-4.58188369E-03-1.08108585E-03-3.94412351E-02-2.20923075E-02
97 20 8.16355616E-03-2.08485802E-02-1.20386377E-01 1.04301341E-01-2.31400419E-01
97 21 9.78963462E-04 1.15799337E-01 1.68131011E-01-3.28540536E-03-8.32277568E-02
97 22 4.24417360E-03 8.00893871E-02 4.80897093E-02 5.63352238E-04-1.61553853E-01
97 23-9.54072350E-02
98  1 3.04460220E-05 1.44452449E-02 1.22239486E-02-6.60524466E-04 1.36223416E-03
98  2 9.22125722E-02-5.08144121E-02 7.50241268E-03-1.17362273E-01-1.99311474E-01
98  3-6.77761152E-03 6.09705932E-02 1.15456292E-01-3.27331936E-02 2.27808771E-03
98  4-6.27220730E-02 1.66491219E-02 2.63805580E-02-4.93021150E-03 2.63020072E-02
98  5 2.95451851E-03 8.95112017E-02-2.04123102E-01-4.63182338E-02 2.46807078E-01
98  6 1.17685853E-01 4.85163488E-02-1.35515905E-01-1.11258896E-02-4.83242071E-03
98  7-5.67049538E-02-1.37986372E-04-1.00082473E-02 7.68746676E-03 2.24849229E-02
98  8 3.19139838E-04 1.34483686E-02 1.07151614E-01-5.77680919E-02-3.32065654E-01
98  9-3.54254416E-01 4.41479024E-02 2.25999658E-01 2.64527478E-01-2.31975966E-02
98 10-1.13358048E-01-2.02337483E-02-7.17983326E-03-4.63433480E-02 1.65852152E-01
98 11 2.20595287E-01 9.38660496E-02-4.67816931E-02 1.01633725E-01-2.96516761E-02
98 12-1.27120812E-01-2.47854213E-01-2.03817213E-03 2.06031967E-02 1.59466211E-01
98 13 8.26107093E-02-2.04929744E-01 3.32985430E-02 7.33386511E-02-3.02049148E-02
98 14-1.46169227E-01-1.38517597E-02 2.66659495E-01-1.62543613E-01-1.64861941E-01
98 15 3.82465473E-01 2.37131155E-01 1.02971786E-01-2.36431861E-01-1.70295839E-01
98 16-1.55469323E-03-1.69769199E-01-7.17451551E-02 5.15194027E-02-5.65776709E-02
98 17-1.28834854E-01-1.71695201E-02 1.22474064E-01-1.12293661E-01-1.25465615E-01
98 18-1.60067649E-01-2.79360830E-01 8.36398893E-02 9.44371284E-02 1.72394892E-01
98 19-3.54134750E-02-8.05521791E-03-2.72723427E-02-2.19285462E-02-3.06362925E-02
98 20 5.93353321E-03 3.66457888E-02-9.27906788E-02 8.80866862E-02 3.36393325E-01
98 21 6.35685288E-01-3.58698596E-03-2.19896968E-01-4.12431281E-01-9.88797532E-03
98 22-5.36725426E-02 2.95029181E-02 5.73401244E-02-3.81550480E-02 1.64733565E-01
98 23 2.17571441E-01
99  1-8.84439761E-05 7.69276040E-03-8.35099636E-03 3.00215100E-04-7.93002125E-03
99  2 2.65968698E-02-2.37994963E-02 2.99563709E-02-3.70556832E-03-4.91456380E-02
99  3-2.06221237E-02 1.10601014E-03 2.93027285E-02-8.48335639E-03 9.15745572E-04
99  4-2.41498585E-03-9.45534559E-04 7.41041955E-03-2.45623125E-03 8.07093158E-04
99  5 1.54703217E-03 4.35053862E-03 1.27968012E-03 2.79898464E-02 2.60570717E-02
99  6-5.90948303E-03-1.53304178E-02-1.30253793E-02-5.23410927E-03 7.03336158E-04
99  7-2.31249905E-03-7.42061307E-03 1.18073429E-03 3.62330113E-05-1.86872279E-02
99  8-9.59514525E-02-6.12551593E-02-6.46421826E-01 2.23840634E-01 1.17403886E-01
99  9-8.24329897E-02-7.42670886E-01-3.48510028E-02 2.73387524E-02 4.27374261E-01
99 10 1.50650247E-01 1.99322551E-01 3.95426104E-01 2.56899102E-03 5.28125830E-02
99 11-2.74142544E-02-1.95480456E-02-2.54979101E-02-3.11376682E-02 2.37725522E-01
99 12 4.32334545E-02-1.24982026E-01-1.51627141E-01-9.10778956E-03 1.06060667E-01
99 13 4.16261707E-02 2.94044758E-02-1.65302017E-02 6.46464940E-02-4.27665317E-02
99 14-2.51892568E-02-2.10215033E-02-1.07065409E-01 2.46348084E-02-1.97163895E-01
99 15-8.22405488E-02 1.89693941E-01 1.22792977E-01 2.58500458E-02-1.23538123E-01
99 16 1.01273265E-01-3.43085424E-03 4.25251787E-02 5.27084956E-02-2.49814139E-02
99 17-4.97842905E-02 3.51837840E-02-1.23366515E-01 1.04770458E-01 5.35930500E-02
99 18-1.25211452E-01 2.25648841E-01-3.69059152E-02 7.58302356E-02-1.35614907E-01
99 19 1.49521671E-02 4.61503690E-03 1.82487896E-02-1.53214948E-02 2.15321075E-02
99 20-2.19887139E-02-1.30126617E-01-4.73849552E-01 2.20132346E-02 2.18986515E-01
99 21-1.61156238E-01 7.65202889E-01-1.48398019E-01 9.71947379E-02-3.92034292E-01
99 22 1.64634026E-01 1.70481791E-01 3.37314568E-01-6.38330033E-03 1.98594120E-02
99 23 3.02921107E-02
 0  1-2.22569579E-05 6.47489383E-03 7.44045369E-03 1.86763921E-03 4.29662881E-03
 0  2 3.45835580E-02-2.46511194E-02-7.13666003E-03-6.82660432E-02-8.34390812E-02
 0  3 2.95848725E-03 3.94248238E-02 5.08297718E-02-1.08193055E-02-2.45221162E-03
 0  4-2.78916056E-02 7.96203409E-03 9.68185670E-03-5.49014023E-03 1.98575330E-02
 0  5-2.19543924E-02 6.22624951E-02-7.70735314E-02-2.19386289E-02 1.10135246E-01
 0  6 4.38840006E-02 2.49875043E-02-5.72281126E-02-5.82439636E-03-1.73370086E-03
 0  7-2.36909919E-02-3.39662961E-03-8.14765821E-03 9.50555138E-03-5.00583722E-02
 0  8 1.03866160E-02 1.10787749E-02 3.92683672E-02-1.59667045E-03 8.60219471E-02
 0  9 2.77494285E-01 1.87160243E-01-7.93302137E-02-1.83159642E-01-1.08228745E-01
 0 10 3.78065812E-02 1.75293720E-02-1.05401984E-01 4.11009628E-03-8.77564845E-02
 0 11-1.01965199E-01-5.27883150E-02-2.86181494E-01 9.46409156E-02 6.58678194E-01
 0 12 1.26084998E-01-2.67266925E-01-4.27762195E-01-3.95391617E-02 2.09676774E-01
 0 13 2.66474521E-01 2.10554168E-02 7.65611774E-02 1.74220296E-01-7.38667204E-02
 0 14-1.41080581E-01-2.99656330E-02-2.37107684E-01 2.74048715E-02-5.38762772E-01
 0 15-1.60231387E-01 4.41318332E-01 3.46779586E-01 3.70754450E-02-2.87996005E-01
 0 16 2.47506217E-01-4.25885543E-02 6.95113266E-02 1.95645779E-01-6.61916483E-02
 0 17-1.29440328E-01-1.66000086E-02 7.17185124E-02-6.88324314E-02-7.04993960E-02
 0 18-7.19830809E-02-1.33596520E-01 4.86425083E-02 4.58992492E-02 8.37135856E-02
 0 19-1.63749320E-02-4.13161691E-03-9.14083514E-03-1.22340127E-02-1.54559696E-02
 0 20 1.19177391E-03-9.76385598E-04 9.11997996E-02-3.08193117E-02-3.32879051E-01
 0 21-1.22229788E-01-2.54739850E-01 2.22626456E-01 9.92214033E-02 1.32513422E-01
 0 22 1.26501422E-02-2.26223662E-02-6.81213156E-02-2.52348577E-02-8.62044580E-02
 0 23-1.04098471E-01
 1  1 3.75588329E-05-8.87976408E-04 2.31098138E-03-6.01103849E-03-1.35641216E-02
 1  2-2.31923294E-02 7.70286444E-03-4.11287414E-03 2.02615631E-02 1.50013411E-02
 1  3 2.52660378E-03-1.38497457E-02-1.09171295E-02 1.48565555E-02 1.41986089E-02
 1  4 2.10457708E-02-1.35093768E-03-9.40533194E-04 2.76366707E-03-2.84714288E-03
 1  5 1.30740764E-02-3.69357582E-02 2.14292040E-02 1.58573444E-02-3.29921293E-02
 1  6-1.58120419E-02-1.24333913E-02 2.39140153E-02 3.12761671E-03 4.03213679E-04
 1  7-7.64381266E-05 2.24697678E-03 6.29113494E-03-8.82645137E-03-8.57883518E-02
 1  8-4.81089129E-02 1.32464337E-02-1.19127229E-01 1.45340289E-02-7.53194483E-02
 1  9 6.56349291E-02 1.99887124E-02 6.11218024E-02-2.13019803E-02-4.25966121E-02
 1 10-8.91828781E-03 9.01361921E-02-1.41005676E-02-4.68542674E-02 5.10139357E-02
 1 11 8.55040112E-02 8.71344909E-03-3.07137987E-01-2.02629013E-01-4.88209760E-02
 1 12 7.77155446E-01 2.79429768E-01 1.08646450E-01-5.33847387E-01-1.93661242E-01
 1 13 1.02219661E-01 1.21532555E-01 1.55439094E-01-6.50178917E-03 2.64924203E-02
 1 14-2.50087094E-02-5.51125248E-02-4.29299334E-01 2.23939615E-01-3.63758891E-02
 1 15-6.27653024E-01 2.75264426E-02-7.81351439E-03 3.93150296E-01 1.00941646E-02
 1 16 5.92944625E-02 3.28871618E-01 8.90446062E-02 3.73141595E-02 3.44868005E-02
 1 17 4.60736044E-02-2.23049464E-02-8.17162018E-02 3.79954687E-02 8.96185282E-03
 1 18 1.38358541E-01 9.75551103E-02-4.54187336E-03-9.82968671E-02-6.62236899E-02
 1 19 2.84055849E-02 2.67690804E-02 5.48549966E-02 1.59278280E-02 4.47665897E-03
 1 20 2.76890986E-02-7.05303505E-02-2.23465657E-01 2.37815261E-01 7.85335484E-03
 1 21 7.10888425E-01 5.30330631E-02 1.84635672E-02-5.38854949E-01-9.48053861E-02
 1 22-2.73203078E-02 2.69784486E-01 8.67771513E-02-6.74104779E-02-4.00133617E-03
 1 23 7.70771343E-02
 2  1 4.09087398E-05-3.11572309E-03-3.43927608E-03 1.89182811E-03 2.69107234E-01
 2  2 1.79919510E-01-3.04173169E-01 5.08094068E-02-5.81439795E-01-4.86917576E-01
 2  3-1.24617827E-01 5.94645478E-01 4.96242252E-01 1.43837536E-02-3.87714459E-01
 2  4-2.61927141E-01 1.28247913E-01 1.03730232E-01-3.90374549E-01-2.22041195E-01
 2  5-7.41927618E-02 2.95775615E-01 4.20485272E-01-5.08739568E-01-4.11404489E-01
 2  6-3.67378217E-01 5.42790784E-01 4.45437509E-01 2.95099686E-02 2.51610847E-01
 2  7 1.55300642E-01-2.52455747E-01-2.13602639E-01 3.34325956E-01-3.99525513E-03
 2  8-3.17426985E-03 1.10166639E-02 1.35924085E-01-2.05357405E-02 6.93644675E-03
 2  9-5.15645661E-03-1.90409818E-02-5.73572473E-03 3.02215461E-04 2.58235313E-02
 2 10-6.81197717E-02-6.89386527E-02-3.36328044E-02-2.57464326E-03-5.92151977E-03
 2 11-5.01167048E-04 1.43432090E-02 2.37928602E-01-7.25042501E-02 2.21416046E-03
 2 12 4.39411037E-02 3.43884466E-02-8.05576458E-03-5.66498009E-02-2.48964875E-02
 2 13-1.00738656E-01-5.67216278E-02-1.12130599E-01 2.63119999E-02 6.41195463E-03
 2 14-7.04638577E-04 2.28657046E-02-1.05025992E-01 3.32786237E-02 1.06656443E-03
 2 15-1.10573451E-02-1.01741972E-02-1.37251665E-02-2.11737450E-02 2.97353812E-03
 2 16 1.88507481E-02 6.35558376E-03 2.34727062E-02-1.86346491E-02 7.77098900E-03
 2 17 7.64772362E-03 5.99251414E-02 2.16429607E-01-4.02875837E-02-1.69101280E-02
 2 18-3.47079706E-02-9.06587017E-03 1.02661265E-02 3.12539718E-02 7.25447367E-03
 2 19-1.06806581E-01-1.27482882E-01-1.13082029E-01-1.43576124E-02-6.83707918E-03
 2 20 9.65337787E-04 1.42287676E-02 2.52046871E-02 9.48387770E-04-4.71554220E-04
 2 21 2.67704901E-03 2.94883113E-03-1.54735786E-03-5.88818199E-03 1.63621945E-02
 2 22-1.59533757E-02-1.69805528E-02-2.94293196E-02-2.31223828E-03 1.09062744E-03
 2 23 1.26545767E-03
 3  1 1.29264446E-04-1.77239951E-03-5.44111117E-03 2.53265192E-03-6.27208961E-03
 3  2 4.91964841E-02 2.03042782E-02-5.89102631E-03 5.06616253E-02 4.77454821E-02
 3  3 1.49500306E-02-5.11876310E-02-4.69367147E-02-3.44785670E-02-8.76539072E-04
 3  4-1.47597772E-02-1.35512019E-02-1.25383782E-02 3.53129207E-02 3.27163111E-02
 3  5 9.33965153E-02-2.71114256E-02-3.36683948E-02 4.30361063E-02 5.65480415E-02
 3  6 3.76337251E-02-4.61783521E-02-6.14924753E-02-4.69125742E-02-6.58936151E-02
 3  7-5.07268209E-02 2.35007184E-02 1.47133432E-02-2.91850051E-02-3.93504604E-02
 3  8-3.78166751E-02 2.26181672E-01 2.19349936E+00-4.22156334E-01 1.02546921E-01
 3  9-7.94069632E-02-2.15809139E-01-7.62114371E-02 2.81129562E-02 2.74959723E-01
 3 10-1.08502821E+00-1.08539936E+00-6.86470647E-01-1.93056629E-02-3.80642584E-02
 3 11-4.97492618E-02 2.08992626E-01 1.00552330E+00-2.39072886E-01 6.07205332E-02
 3 12 1.46716013E-01-9.06210052E-03 1.14181840E-03-4.47697770E-02 2.86547313E-02
 3 13-5.22881970E-01-4.88135347E-01-5.03885381E-01-3.54182708E-03-1.52751322E-02
 3 14-3.95352910E-02 6.91548728E-02 6.78287735E-01-9.05200836E-02-4.19996527E-02
 3 15-2.14834450E-01 9.60494677E-02 3.26337160E-02 1.53003060E-01-6.28823107E-02
 3 16-3.61547318E-01-1.95323639E-01-3.93730262E-01 1.15558711E-01 9.20849668E-03
 3 17-2.01854822E-02 6.89532203E-02 4.21211079E-01-7.99610324E-02-3.24021538E-02
 3 18 1.72481241E-03 1.81158133E-02 1.37587681E-02-3.13205923E-03-2.27407738E-02
 3 19-1.80485648E-01-2.01028905E-01-1.98796699E-01-3.09583240E-03 5.83308499E-04
 3 20-1.29177540E-03 1.68880132E-01 3.71158330E-01-7.30518256E-02 3.04214783E-02
 3 21-6.84259920E-02 8.66845506E-02-5.72882208E-02 4.71332147E-02 1.45417863E-01
 3 22-2.56080033E-01-2.99473379E-01-2.99008005E-01-4.11929535E-03 2.92848110E-03
 3 23 1.52407774E-04
 4  1 1.25011654E-03-2.07403624E-02-3.36847674E-02 1.04714982E-02 4.47194998E-02
 4  2 6.25147807E-02 8.44776556E-02-5.30148436E-02 3.99104878E-02 7.28774943E-02
 4  3 5.13091508E-02-1.24641238E-02-4.74367221E-02-4.71007942E-02-7.02491941E-02
 4  4-6.48039911E-02 2.07509898E-03-1.35957137E-02 1.43451068E-03 1.50790610E-01
 4  5 9.11518047E-01-2.31829729E-01 4.03554171E-02 3.83880604E-02 1.68370560E-02
 4  6 1.09699967E-03-2.36758632E-02-1.27169993E-02-4.24880385E-01-4.13357939E-01
 4  7-4.21788687E-01 1.74924661E-02 1.42655474E-02 1.38074750E-02-1.82692593E-03
 4  8-1.03003773E-04-9.75831324E-02-5.50613514E-01 1.38832451E-01 9.73549942E-03
 4  9-4.51415983E-03-2.95360997E-02-1.50571876E-02 1.20276024E-02 2.91345086E-02
 4 10 2.51323342E-01 2.39765625E-01 2.90086806E-01-4.40251480E-03-4.58499851E-02
 4 11 4.09516255E-02-8.37568629E-03-1.48208026E-02 4.34400179E-03-1.55709972E-02
 4 12 1.96620851E-02-8.63725549E-04 7.69808057E-03-4.11402746E-02 1.87678368E-02
 4 13 2.16308129E-02 5.94784665E-04 3.71218971E-02-2.76107889E-03 1.95182635E-03
 4 14-7.48031743E-03-4.68695075E-02-4.71483508E-01 1.48126499E-01 2.84539210E-03
 4 15-5.23113365E-03-6.01590929E-02-1.24919868E-02-2.66158802E-03 5.14090945E-02
 4 16 1.89702109E-01 1.84997968E-01 2.14713940E-01-2.13029960E-02-1.15916114E-02
 4 17-4.79847255E-03 3.78437828E-01 2.40328707E+00-6.03522471E-01-1.56473259E-01
 4 18-4.56948955E-03 1.86497467E-02 7.04254934E-02 2.30799032E-03-1.94624010E-03
 4 19-1.01207425E+00-1.12744650E+00-1.13642122E+00-2.08442401E-02-3.16639756E-03
 4 20-1.22450552E-02 7.87263658E-02 3.21369284E-01-4.27978070E-02-1.49727714E-02
 4 21 3.43357390E-02-5.05164637E-02 2.17749661E-02-4.33865512E-02 5.86006910E-02
 4 22-1.36475565E-01-1.29452324E-01-2.20884414E-01-1.38054490E-02-1.00787298E-02
 4 23 2.58559769E-02
 5  1 2.14069746E-04-7.81075688E-03 4.78647836E-04 3.06984978E-04 4.05889193E-02
 5  2 1.82346553E-01-5.04369855E-02 1.65700345E-02 3.91767082E-03-3.33178192E-03
 5  3-1.54594289E-02 9.65447897E-03 1.50956024E-02-8.43710727E-02-9.48142666E-02
 5  4-9.64694827E-02-3.03964907E-03-4.48841290E-04-8.32732259E-03 5.81843189E-02
 5  5 4.17969465E-01-5.16155940E-02 3.45332128E-02-4.60608149E-03 3.06559690E-02
 5  6-1.56464356E-02 4.09427992E-03-3.49256603E-02-2.08532153E-01-1.89029031E-01
 5  7-1.79548040E-01-3.51797348E-03-7.38494738E-03 2.22499860E-02-3.96385014E-02
 5  8 2.39229046E-02-1.27300081E-01-1.24324997E+00 3.10720054E-01-2.69506278E-02
 5  9 1.34207504E-02 6.79030483E-02 1.50416263E-02-1.86579033E-03-7.80792272E-02
 5 10 5.86723676E-01 5.67101118E-01 4.63216756E-01 9.23143159E-03-1.12435286E-02
 5 11 5.03261286E-02 4.95524427E-02 5.07301569E-01-1.15272207E-01 1.05881565E-01
 5 12 8.91916607E-02 1.09937444E-01-2.57168628E-02 3.73197919E-02-8.43543683E-02
 5 13-2.81223678E-01-1.97592258E-01-3.13203070E-01 8.12249819E-02 1.91407639E-02
 5 14 2.92858309E-03 2.96193109E-01 2.42085845E+00-5.55913824E-01-2.90348268E-02
 5 15-1.30802705E-01 5.88623627E-02 5.06758566E-02 1.10086258E-01-9.93764872E-03
 5 16-1.07560898E+00-1.03226903E+00-1.13766471E+00 1.32054015E-01 6.95120318E-02
 5 17 7.74126208E-02-3.80712414E-03-4.08511969E-02 4.85862470E-02 7.83804871E-03
 5 18 2.86340248E-02 3.88537079E-02-1.09297224E-02-2.79454764E-02-3.67791448E-02
 5 19 8.25464554E-03 1.27330995E-02 1.79184968E-02 1.65521956E-03 3.88452632E-03
 5 20 1.04037434E-02 3.88564534E-03 9.18321269E-03-1.40933256E-02 1.21664018E-02
 5 21 2.35324424E-02-7.87290646E-02 1.85925757E-03-2.11381780E-02-1.01478944E-02
 5 22 4.58408393E-02 1.81769828E-02-1.02463599E-02 9.25945229E-03-1.90391923E-03
 5 23 1.13912835E-02
 6  1 1.07529293E-03-3.96967365E-02 4.95782429E-03 4.09168483E-03 3.29986308E-01
 6  2 2.57887138E+00-5.78346803E-01 1.34737741E-01 1.74690988E-01 1.64285206E-01
 6  3-2.63120759E-02-2.03579582E-01-1.75956428E-01-1.17781035E+00-1.10671991E+00
 6  4-1.13876304E+00-1.17158417E-01-9.85472300E-02 1.58516562E-01 6.66029766E-02
 6  5-4.32498227E-01 1.09695723E-01-4.83515955E-02 5.66560737E-02 2.75925371E-02
 6  6 8.08350040E-02-1.65743864E-01-1.21572061E-01 1.59914033E-01 5.72472972E-02
 6  7 1.01954020E-01 8.87511793E-02 7.62625039E-02-1.39062081E-01 2.32373118E-03
 6  8-1.07251955E-02-7.25093310E-02-2.01431379E-01 1.04131612E-01 4.16947771E-02
 6  9-2.45238171E-02-9.67663941E-02-4.06220834E-02 2.33496035E-02 1.05326652E-01
 6 10 7.21904752E-02 6.02988006E-02 2.03444822E-01-7.77955557E-03-6.17234050E-02
 6 11 3.86461776E-02 3.53772918E-02-5.80049202E-02-6.80900380E-03-1.93148466E-02
 6 12 1.70947621E-03-6.07498307E-03 2.17232205E-02 9.07517223E-04 2.11706913E-03
 6 13 2.37925522E-02-4.27642072E-02 3.56671192E-02-3.18684855E-02-6.68469338E-03
 6 14-2.07229720E-02-5.94869425E-02-2.58573773E-01 5.61434729E-02-1.18325525E-02
 6 15-1.98428103E-02 2.62170925E-02 1.53060691E-02 3.30724688E-02-2.80178320E-02
 6 16 1.24557848E-01 1.65856282E-01 1.15421070E-01 1.22871935E-02-1.21218443E-02
 6 17-2.13287263E-02-5.19443875E-02-3.99854330E-01 1.47116471E-01 6.07867037E-02
 6 18 2.13662301E-03-2.62430839E-02-5.19870452E-02 1.75643286E-03 1.94593622E-02
 6 19 1.69965038E-01 1.71070185E-01 1.76919479E-01 5.54666603E-03-8.74526575E-03
 6 20-9.45331439E-04 1.41856141E-01 5.59877767E-01-1.72710068E-01-2.14952098E-03
 6 21 2.32828301E-02-2.38593634E-02-2.77350147E-03-2.60643972E-02 6.65280075E-02
 6 22-2.58107373E-01-2.53482685E-01-3.76875154E-01-1.64031079E-02-1.88034132E-02
 6 23 4.13167599E-02
 7  1 1.33334967E-03-4.40846320E-02 1.11180448E-02-2.30529860E-03 1.28694200E-01
 7  2 2.13538527E-01-2.12337531E-02 1.57703204E-02-4.36882921E-03-1.38699974E-02
 7  3-4.51528477E-02 8.68794330E-02 8.16826282E-02-1.03335642E-01-2.13281027E-01
 7  4-1.76219967E-01 2.84975964E-02 2.48437442E-02-9.70972888E-02 2.57814503E-01
 7  5 2.07711563E+00-5.15309705E-01 2.00161197E-01-6.45963042E-02-7.49497595E-02
 7  6-1.44674261E-01 8.57147428E-02 1.04719885E-01-9.69665352E-01-8.53128832E-01
 7  7-9.09605422E-01-2.99408782E-02-1.11942349E-02 1.28403161E-01 1.49047078E-02
 7  8-9.99508146E-03 1.60646056E-01 6.10857966E-01-2.75919147E-01-3.36658430E-02
 7  9 2.28009803E-02 1.03256070E-01 5.66588715E-02-1.39500733E-02-2.04078325E-01
 7 10-2.90467659E-01-2.53457335E-01-4.63723712E-01 6.21617950E-03 9.90083075E-02
 7 11-6.41766823E-02-5.14330841E-02-1.68600713E+00 4.15036557E-01-7.69262549E-02
 7 12-1.48579714E-01-7.60845684E-02 1.31811454E-01 2.91594217E-01 3.15970810E-02
 7 13 6.82789082E-01 4.44874816E-01 7.35827177E-01-1.49484189E-01-1.97612497E-03
 7 14 5.18291304E-02-3.67475819E-02 6.62511798E-01-1.06310732E-01-2.50958203E-03
 7 15-5.72712612E-02-2.25239566E-02 1.02307608E-01 2.48611566E-01 3.04598092E-02
 7 16-2.19095498E-01-7.91198476E-02-2.57239249E-01 1.20852479E-01-5.89388825E-03
 7 17-4.31986471E-04-5.71955264E-02-4.78223651E-01 1.37294970E-01 3.01253900E-02
 7 18 2.15816228E-03-1.50466109E-02-2.71884826E-02-1.12758251E-02 2.76897781E-02
 7 19 1.92970782E-01 2.16011969E-01 2.08624530E-01 6.20825262E-03-1.36207880E-04
 7 20-4.09711221E-04-1.19202494E-01-1.45669890E-01 1.21950050E-01 2.66561811E-02
 7 21-1.15235136E-02 1.80343692E-01-6.87632087E-03 2.08492359E-02-2.51766604E-01
 7 22-1.05763166E-05 4.77014940E-02 3.06545006E-01 1.01037646E-02-2.69369097E-02
 7 23-2.83002254E-02
 8  1-4.16910875E-04 3.39575672E-03 1.37204031E-02 3.21154725E-03-7.68294632E-02
 8  2-9.63451085E-01 2.15339320E-01-2.69508850E-02-7.15263867E-02-7.26099584E-02
 8  3-2.42785635E-02 1.08244370E-01 1.00201103E-01 4.26094711E-01 3.70122818E-01
 8  4 3.92102166E-01 5.19835263E-02 4.89961780E-02-9.46227780E-02 4.43891414E-02
 8  5 6.77933685E-01-1.70196386E-01 8.70833264E-02-6.89131017E-02-3.73935434E-02
 8  6-9.05302014E-02 1.11857772E-01 8.74013358E-02-3.14555710E-01-2.29800601E-01
 8  7-2.69101177E-01-4.80234699E-02-3.52935735E-02 9.37702921E-02 3.60237759E-04
 8  8-2.88433292E-02-2.15354594E-01-2.78686581E-01 2.99554299E-01 1.44418092E-01
 8  9-7.67001201E-02-3.43420401E-01-1.53598915E-01 7.30881498E-02 4.50615274E-01
 8 10 7.28557744E-02 3.45118630E-02 5.69304165E-01-2.11668342E-02-2.03971196E-01
 8 11 1.05149300E-01 7.29834332E-02-6.25060284E-01 8.88139476E-02-7.04640823E-02
 8 12-5.79211237E-02-5.45606120E-02 1.16253341E-01 1.62064851E-01 3.82946017E-02
 8 13 2.43424130E-01 5.95797840E-03 2.95666813E-01-1.33290599E-01-9.54820888E-03
 8 14-1.86430413E-02-1.01410981E-01 3.43138643E-02 6.69636745E-02-2.34803556E-02
 8 15-1.18549562E-01 1.84661824E-02 8.31110985E-02 2.32875204E-01-1.58260502E-02
 8 16 1.74123116E-02 1.98830580E-01-2.03503650E-02 1.11125387E-01-2.41896670E-02
 8 17-3.87862447E-02-1.09938593E-01-7.53957318E-01 2.21312596E-01 3.40668968E-02
 8 18-1.06919166E-02 2.58700895E-03-1.76007068E-02 1.43822962E-02-1.93880865E-02
 8 19 3.11021996E-01 3.53306202E-01 3.54726669E-01 3.59274365E-03 7.46416102E-03
 8 20-7.23236341E-04 3.77640975E-01 1.39838800E+00-5.63546963E-01-2.60853942E-03
 8 21 3.98080926E-02-1.55750299E-01-2.98000312E-02-4.51187443E-02 3.59276221E-01
 8 22-6.06533027E-01-5.93442188E-01-1.07755552E+00-3.87417908E-02-1.62947380E-02
 8 23 1.06206093E-01
 9  1 6.75540146E-04-2.73400105E-02 1.65286518E-02-2.96259788E-03 4.69585172E-02
 9  2-1.06904191E-01 4.93867438E-02 8.82095672E-03 1.25983943E-02-1.23890968E-02
 9  3-3.65385866E-02 4.55460966E-02 5.93370434E-02 3.61188936E-02-1.74059598E-02
 9  4-5.33484011E-03 2.39703351E-02 2.56778309E-02-6.41156305E-02 1.75504770E-01
 9  5 1.52941903E+00-3.90347903E-01 9.80917077E-02-5.35213810E-02 1.14847122E-02
 9  6-7.17865984E-02 7.62360923E-02 2.88876081E-02-7.07809505E-01-6.26356808E-01
 9  7-6.61369281E-01-1.36693414E-02-1.33371000E-02 7.79611961E-02-1.47578043E-02
 9  8 2.21936784E-02-5.75757908E-02-2.49048914E-01 1.07669779E-01-2.70427694E-02
 9  9 5.26328219E-03 2.50468365E-02 7.06573170E-03-2.17821123E-02 5.40496016E-02
 9 10 1.52778334E-01 1.31461584E-01 1.57143732E-01 4.65356692E-04-1.42548832E-02
 9 11 1.43603417E-02 3.62568969E-02 2.50144336E+00-6.44511781E-01 1.30345248E-01
 9 12 1.56063797E-01 4.76414013E-02-2.34731317E-01-4.16132105E-01-7.08176063E-03
 9 13-1.00779087E+00-6.12827338E-01-1.07045226E+00 2.17213616E-01-1.38428591E-02
 9 14-6.27137682E-02 2.78043279E-02-1.52073543E+00 3.88101688E-01 4.78239086E-02
 9 15 1.23002072E-01-4.63589238E-02-2.04630933E-01-4.07978320E-01 3.81464021E-02
 9 16 5.33440405E-01 2.79276143E-01 6.32398035E-01-2.13738621E-01-2.12990406E-02
 9 17-8.28852771E-03-1.06096229E-01-6.83075790E-01 2.17096148E-01 2.07035958E-02
 9 18-3.36247614E-03-8.87086313E-03-1.36947789E-02-1.40746776E-02-1.09685752E-02
 9 19 2.89959453E-01 3.21330020E-01 3.30321887E-01 5.64069717E-03-2.63141591E-04
 9 20 4.28085040E-03-2.09780744E-02-5.67632137E-01 1.36519938E-01-1.34440945E-02
 9 21-1.23592708E-02-1.16672847E-01-1.46719240E-03 8.93804703E-03 1.20879935E-01
 9 22 3.02265330E-01 2.28267162E-01 1.65220864E-01 1.07497788E-02 3.97623816E-02
 9 23-1.95301963E-02
10  1-2.76800179E-04 5.42591860E-03-2.26338176E-03 5.96173401E-03-2.08667778E-02
10  2-1.89585047E-01 3.87610492E-02 2.42146963E-03-8.18470310E-03-1.17913339E-02
10  3-7.95488798E-03 8.32629894E-03 1.14148511E-02 8.09808552E-02 8.33224830E-02
10  4 8.33963065E-02 4.78572279E-03 6.72897966E-03-7.92922477E-03-1.14823897E-02
10  5-6.50274362E-02 1.30321282E-02 5.67724193E-03-6.69885744E-03 3.53938312E-03
10  6-1.11232631E-02 1.21818933E-02 3.90973365E-03 2.58465289E-02 3.38373994E-02
10  7 3.27083704E-02-7.13004207E-03-5.08648241E-03 4.29833322E-03-7.95672017E-03
10  8-1.73182477E-02 2.67954566E-01-1.46860938E+00 1.13550588E-01-1.38965468E-01
10  9 6.82282964E-02 3.96531038E-01 2.31029881E-01-6.13557981E-02-9.74845090E-01
10 10 5.76976001E-01 6.20969693E-01-3.21166220E-01 1.67327644E-02 2.53242004E-01
10 11-5.93137654E-02 1.00603852E-01 4.25475892E-01-1.28494170E-01-2.94289010E-03
10 12 5.41269101E-02 5.36736602E-02 1.49348106E-02-8.97673303E-02-5.33530133E-02
10 13-1.91187821E-01-2.90837345E-01-1.55369653E-01 1.17527683E-02-5.04156638E-03
10 14-5.95484908E-02-3.86857032E-02-2.56767750E-01 8.51080117E-02-1.13740560E-02
10 15-4.95678731E-02 8.01963137E-03-2.56524978E-03 2.47831887E-02-5.54390241E-03
10 16 9.45860739E-02 1.44250050E-01 8.34898190E-02 2.32567623E-02-1.14909606E-02
10 17-1.69047400E-02-2.34847225E-03-1.41236600E-01 9.61220132E-02 2.46026926E-02
10 18-2.77887110E-02 5.08605157E-02-2.19473525E-02 2.66445713E-02-5.43082026E-02
10 19 3.97331926E-02 4.49423402E-02 5.43965132E-02-3.06768656E-03 6.49066282E-03
10 20-7.13418851E-03-1.33432041E-01 2.51386035E+00-3.14222479E-01-1.67963761E-03
10 21-3.76086400E-02 5.39984257E-01 1.34303250E-01-1.01299500E-02-1.04707812E+00
10 22-1.13132560E+00-1.15069827E+00-6.91362895E-02-2.09747084E-02-2.21908931E-01
10 23 7.88079590E-03
11  1-6.49900785E-06-1.52099289E-04-1.94228765E-03-1.83180879E-03 2.05664057E-03
11  2 3.95694539E-03-9.50186402E-03 1.47215964E-03-9.58370800E-03-8.47949363E-03
11  3-2.40979913E-03 1.02243259E-02 8.60050573E-03 1.69207663E-03-5.23439222E-03
11  4-2.45580081E-03 2.67858361E-03 1.78634347E-03-5.93494497E-03-1.13898292E-02
11  5-8.02415751E-02 1.96455422E-02 3.66211091E-03-1.80502029E-02-2.20822648E-02
11  6-4.38917574E-03 1.96784935E-02 2.20585160E-02 3.90171115E-02 3.95011910E-02
11  7 3.45504877E-02-2.42459707E-03-3.72670644E-03-7.68048410E-04-6.69432907E-03
11  8 4.63609612E-02-3.41016127E-02-3.99795121E-01 9.25351751E-02-2.32688343E-02
11  9-1.74600187E-02 1.00036422E-01 7.45535830E-03 3.75796370E-03-2.85321763E-02
11 10 2.33619777E-01 2.00354710E-01 1.54545224E-01 2.13449084E-02 1.41081068E-02
11 11 2.48355174E-03 3.65402434E-01-1.01015168E-02-3.34671701E-01-2.46832398E-01
11 12-5.01708135E-01-9.39660211E-02 4.56859699E-01 9.58329126E-01 7.31997930E-02
11 13-2.29409482E-01-6.68705985E-01 3.60472143E-02-5.35266185E-01-4.51111732E-02
11 14-9.34160333E-02-3.47181631E-01 6.58199957E-01 1.90964817E-01-1.66431438E-01
11 15-4.76935703E-01 1.28184090E-01 3.89695012E-01 8.94667190E-01-1.17381968E-01
11 16-1.82091239E-01 5.78263951E-01-3.33421138E-01 4.49066320E-01-6.34197228E-02
11 17-1.40002835E-01 1.09425047E-03 6.53349572E-02-1.59274161E-02 1.42143221E-03
11 18 8.44263467E-03-2.76129804E-04-1.53290101E-03-1.24902168E-02-4.42342141E-03
11 19-2.21561051E-02-2.47234715E-02-2.33524535E-02 4.35920581E-04 7.81340594E-04
11 20 3.72323378E-03-5.14312175E-02-8.95812863E-01 1.95186576E-01 4.60853779E-02
11 21-1.20827289E-01-1.09315554E-01-5.25574899E-02 1.29787186E-01 8.52703811E-02
11 22 4.52202140E-01 3.17056679E-01 3.74901277E-01 6.13695139E-02 4.84651373E-02
11 23-3.72986454E-02
 $END   
 POPULATION ANALYSIS
CL           2.00000  15.00000   2.00000  15.00000
C            1.82569   4.17431   1.83376   4.16624
C            1.92343   4.07657   1.93137   4.06863
O            1.99642   6.00358   1.99713   6.00287
H            7.80869  -6.80869   7.81852  -6.81852
H            7.33984  -6.33984   7.31119  -6.31119
O            1.84014   6.15986   1.84526   6.15474
O            1.82609   6.17391   1.83132   6.16868
H            5.83881  -4.83881   5.98000  -4.98000
H            6.15143  -5.15143   6.10198  -5.10198
H            6.27474  -5.27474   6.26034  -5.26034
H            7.94085  -6.94085   8.02797  -7.02797
H            7.23386  -6.23386   7.06117  -6.06117
 --- SOLUTE ELECTROSTATIC MOMENTS ---
 MOMENTS AT POINT    1 X,Y,Z=  5.937371  2.281994 -3.647523
 DIPOLE      35.667712-44.429491236.583503
 --- SYSTEM ELECTROSTATIC MOMENTS ---
 MOMENTS AT POINT    1 X,Y,Z=  5.937371  2.281994 -3.647523
 DIPOLE      35.667712-44.429491236.583503
 $GRAD  
E=     -491.6712561899  GMAX=   5.3531059  GRMS=   2.5430405
CL          17.    1.1517471106E+00    2.2806138837E-01    1.0635855609E+00
C            6.    5.3531058903E+00    7.1249524894E-01    1.8413027102E+00
C            6.   -4.7792765003E+00    2.2811455875E+00   -5.2920166588E-01
O            8.    2.0851114619E-01   -2.2979381935E+00    2.7726769749E+00
H            1.   -4.8290455089E+00    1.3495708442E+00    5.5210225262E-01
H            1.   -2.9440852559E+00   -2.3988989798E+00   -3.1627842846E+00
O            8.    2.4705964618E+00   -7.6294676440E-01    4.3190898117E+00
O            8.    2.9796172624E+00   -3.1036328099E+00    9.5180293326E-01
H            1.   -1.0065895950E+00    1.9153240239E+00   -3.5516868186E+00
H            1.    1.8517837435E-01    2.4839829671E+00   -2.0974972028E+00
H            1.   -2.7140174634E+00   -2.3610493344E+00   -2.2143621432E+00
H            1.    5.1787734631E+00   -1.1343773658E-01   -1.1473707900E+00
H            1.   -1.2545153853E+00    2.0673237586E+00    1.2023426615E+00
 $END
-------------------- DATA FROM NSERCH=   1 --------------------
 COORDINATES OF SYMMETRY UNIQUE ATOMS (ANGS)
   ATOM   CHARGE       X              Y              Z
 ------------------------------------------------------------
 CL         17.0   3.3139118191   0.1954187280   0.4031168322
 C           6.0   2.2233451410   0.9042661038  -0.9657709470
 C           6.0   3.0577660685   1.8772408947  -1.7748658774
 O           8.0   2.4780746736   2.8073802305  -2.4149052568
 H           1.0   1.3946521222   1.3626821374  -0.4854616606
 H           1.0   1.9653266588   0.0648910782  -1.5702916656
 O           8.0   3.5728829275   0.0575308672  -3.9140140363
 O           8.0   3.7870466180   2.6316598371  -4.8719533073
 H           1.0   3.5909187920   3.0306524011  -5.6982143528
 H           1.0   3.6557272875   0.8791367896  -4.4024351925
 H           1.0   2.9782751372  -0.5072173117  -4.3659064291
 H           1.0   4.1081325977   1.7478805843  -1.8081334599
 H           1.0   3.2980101570   3.0643576599  -4.1739846467
--- CLOSED SHELL ORBITALS --- GENERATED AT 17:28:14 12-AUG-2026    
Chloroacetaldehyde hydrate and water                                            
E(R-WB97X-D)=     -493.2827069451, E(NUC)=  286.7236536369,   11 ITERS
 $VEC   
 1  1 9.99996564E-01 8.44617329E-06 1.24028910E-06-1.23218894E-06 1.81819010E-04
 1  2-9.60455670E-04 4.15523557E-04-6.79781049E-07 2.19921267E-06-4.45093150E-06
 1  3 4.54844113E-07-1.05188901E-05 3.61264961E-06 1.88357747E-04 2.08494207E-04
 1  4 2.01259841E-04-1.09786480E-05-7.84404878E-06 2.11446912E-05 2.23991653E-04
 1  5-1.18409114E-03 6.43349945E-04-3.19031978E-06-1.05143524E-05-5.09050509E-06
 1  6-4.15115974E-06 2.97587825E-05 1.80018404E-05 2.26243908E-04 2.43964690E-04
 1  7 2.39729109E-04-1.18666853E-05-1.02656454E-05 2.08900499E-05 4.22758632E-07
 1  8-2.60810743E-07 9.96536269E-06-5.34605483E-05 8.09786478E-05 1.32251958E-06
 1  9 2.11335436E-06-6.48172297E-06-1.85620707E-06-6.35157407E-06 1.12765543E-05
 1 10 9.92804232E-06 1.09014909E-05 5.32006610E-06 2.39366128E-07 1.36010088E-06
 1 11-9.17916544E-07-2.05252201E-05 1.16677966E-04-6.09827540E-05-2.16297554E-06
 1 12 1.77922164E-06 1.06440597E-05 2.25237414E-06-2.31905212E-06-2.25441008E-05
 1 13-1.49913563E-05-1.85112821E-05-2.11095524E-05-1.51352557E-06 6.54143634E-07
 1 14-1.98320848E-06-2.45386084E-05 1.45390627E-04-1.45746363E-04-5.53354238E-06
 1 15 7.81861452E-06 2.19278815E-05 1.04908144E-05-2.16707217E-05-4.85445033E-05
 1 16-1.88116938E-05-2.18653078E-05-2.55037083E-05-2.87959295E-06 4.28992087E-06
 1 17-6.65800375E-07 9.71374121E-05-4.78645426E-04 1.77574793E-04-2.72267484E-05
 1 18-1.60634781E-05 1.78052084E-05 6.77850205E-05 4.14025094E-05-4.11562627E-05
 1 19 9.79843862E-05 1.06378036E-04 1.11608625E-04-6.98073276E-06 4.90766382E-06
 1 20 8.83194826E-07-2.81822370E-05 1.51681496E-04-1.37598457E-04 1.49964002E-06
 1 21-3.70349207E-06 1.15045829E-06-4.37403860E-06 6.59365707E-06-1.35447097E-06
 1 22-2.59574657E-05-2.64378560E-05-2.85499232E-05 3.99018369E-07-1.65360526E-07
 1 23 1.14453454E-06
 2  1-2.04724060E-04-1.76208916E-03 6.77592787E-04 9.88296168E-01 1.18500674E-02
 2  2-5.77059383E-02 3.17662734E-02 1.70843894E-03 1.58962802E-03-2.15331521E-04
 2  3-4.16680746E-03-4.86853233E-03-1.02825793E-04 1.09282259E-02 1.22795052E-02
 2  4 1.20891308E-02-5.51626957E-04 2.25327833E-04 7.11340073E-04 3.51228395E-03
 2  5-1.47201226E-02-1.14848352E-02 2.12022300E-03 2.57952353E-03-2.02875387E-05
 2  6-6.40147806E-03-6.75843081E-03 3.27021499E-04 3.29299306E-03 4.17032637E-03
 2  7 4.52953997E-03-1.28691498E-03-2.32539187E-04 7.66131025E-04-2.49157716E-02
 2  8-8.89609599E-02-3.39078443E-04 2.52551906E-02-7.53840221E-02-6.58296462E-05
 2  9-2.00725635E-03 1.26907761E-02-2.99205366E-03 7.41899987E-03-2.53097046E-02
 2 10-8.83037747E-04-4.01738629E-03-8.60075250E-03 2.82271645E-03-7.04000758E-03
 2 11 1.10328117E-02 3.56106589E-03-7.54106692E-03-3.97004950E-02-1.53432905E-03
 2 12-1.99544193E-03 7.16896515E-03 4.89437427E-03 1.14179420E-03-2.02678111E-02
 2 13 3.58178214E-03-6.49274913E-05 1.40699319E-03-1.10699246E-03-8.45997181E-06
 2 14 1.76979503E-03 2.52497074E-04 5.31384436E-03 8.34735500E-03 7.07584271E-04
 2 15 3.39439857E-04 1.02715054E-03-1.24577456E-03 1.72004031E-03-2.81793559E-03
 2 16-1.78367749E-03-4.92590757E-04-9.79194127E-04-2.46935779E-03-2.21142338E-03
 2 17-1.57683032E-03 3.70629358E-02-1.81193163E-01 1.01896876E-01 2.71671609E-03
 2 18 2.08239201E-03-1.50590583E-03-3.89083807E-03-6.93234248E-03 5.86957745E-03
 2 19 3.37652190E-02 3.33115956E-02 3.24684043E-02 5.89600912E-04-5.15325274E-04
 2 20 1.56640838E-03 5.74019438E-02-2.66042566E-01 2.00531005E-01 6.56519734E-03
 2 21-3.37777028E-04-4.57769997E-03-1.52025718E-02 2.89156981E-03 1.96173545E-03
 2 22 4.55393121E-02 4.78543067E-02 4.20800525E-02 6.32868923E-03 8.30873097E-03
 2 23-7.57443363E-03
 3  1 7.58379681E-06 3.65610140E-04 5.34551657E-04 9.17416563E-02 3.26071237E-03
 3  2-1.57259133E-02 1.38000171E-02 6.98676252E-05 4.85373961E-04 3.00715102E-04
 3  3-1.97288309E-04-1.24043052E-03-6.96510247E-04 3.01399054E-03 2.85897750E-03
 3  4 2.88833296E-03 1.31106238E-04 1.84662197E-04-3.44840880E-04-6.50285893E-03
 3  5 3.13273645E-02-2.12709508E-02-1.81762188E-04-1.08972581E-04 7.42546699E-04
 3  6 8.39573412E-04-1.64396456E-05-2.69087176E-03-5.86214501E-03-5.79430903E-03
 3  7-5.35395788E-03-2.93642379E-06-3.84819992E-04-1.20551345E-04 6.38658400E-01
 3  8 5.83941619E-01-6.22033219E-02 1.41664586E-01 2.17225273E-03-1.03651608E-02
 3  9 3.00318111E-02-5.29116816E-02 4.11777734E-02-9.06334634E-02 1.24518085E-01
 3 10-6.27681419E-02-3.54481465E-02 3.36042247E-02-2.03097095E-02 3.84846889E-02
 3 11-7.00512963E-02-7.61952685E-02 2.40015519E-01-1.46441053E-01 3.26967593E-03
 3 12 7.40668030E-02-3.18500284E-02 8.74759705E-03-1.61059158E-01 9.00533997E-02
 3 13-7.58456332E-02 8.05780460E-03-2.99762764E-02 3.46013776E-03-3.86639543E-03
 3 14-7.70678010E-02-6.82725554E-02 1.63678607E-01 5.84167542E-03-3.73432599E-02
 3 15-4.19290389E-02-2.67027541E-02 9.72634116E-02 8.59493496E-02 8.76269067E-02
 3 16-9.17980191E-03-3.23143184E-02-2.87151065E-02 6.25395797E-02 6.52812956E-02
 3 17 5.75732701E-02-1.53593752E-03 3.77653768E-03 1.23720073E-02 8.40545498E-04
 3 18 1.15107731E-03 2.25055478E-03-2.56898283E-03-3.81712828E-03-8.13862194E-03
 3 19-1.42633821E-03-1.44914942E-03-2.59924750E-04 2.54319290E-04 3.16667222E-04
 3 20 6.66793362E-04-6.65953825E-02 1.72275331E-01-2.56220248E-03-2.91947129E-02
 3 21 3.65657795E-02 4.38139510E-02 7.82479542E-02-1.03190646E-01-8.72923667E-02
 3 22-3.77877709E-02-3.74015528E-02-2.11208634E-02-4.27230792E-02-5.63738688E-02
 3 23 5.32417226E-02
 4  1-7.82455721E-05-7.30033081E-04 2.88293508E-04 5.70386085E-02-1.81858562E-04
 4  2 1.08386912E-03-6.91123010E-03 6.42407214E-04-1.79912734E-04-4.17421334E-04
 4  3-1.65067403E-03 2.97247348E-04 9.55252126E-04-2.66166232E-04 3.11032618E-04
 4  4 2.40474099E-04-2.56212235E-04-6.16736224E-05 4.37305531E-04 7.96953494E-03
 4  5-3.78837462E-02 1.92059891E-02 9.85801806E-04 1.18926266E-04-8.63711312E-04
 4  6-3.27347410E-03-1.65032295E-04 3.29075558E-03 7.14818045E-03 7.48489386E-03
 4  7 7.05483171E-03-3.44531687E-04 2.57772219E-04 1.47400715E-04-5.90735848E-01
 4  8 6.39942836E-01-7.58266015E-02 2.07780058E-01-6.69396114E-02-1.07787712E-02
 4  9 2.02849696E-02-5.18810413E-02 4.31568450E-02-6.82091471E-02 1.23810685E-01
 4 10-7.11480596E-02-4.67142092E-02 3.29310704E-02-2.14650988E-02 4.22695650E-02
 4 11-7.58294482E-02 8.03167559E-02-2.41797048E-01 7.10410203E-02-6.62490980E-03
 4 12-3.46306395E-02 2.65313675E-02-2.60941084E-03 6.82602384E-02-7.81228511E-02
 4 13 9.29822523E-02 8.94601552E-06 4.82969367E-02 1.85055411E-03 3.39914702E-03
 4 14 7.19116779E-02 7.48300174E-02-2.04858706E-01 3.62540327E-02 3.69913755E-02
 4 15 3.76219352E-02 2.54192881E-02-1.02470222E-01-8.71460972E-02-8.28922617E-02
 4 16 1.54461319E-02 3.30282690E-02 3.74505419E-02-6.50709243E-02-6.05975721E-02
 4 17-5.34934789E-02 8.87450409E-03-4.41481220E-02 2.72250607E-02 7.56652826E-04
 4 18-8.38611461E-04 1.11785187E-03-1.18096821E-03 3.21955628E-03-1.33628067E-03
 4 19 7.43569666E-03 7.32502669E-03 7.32845897E-03-2.93784379E-04 7.30439121E-05
 4 20-4.52013944E-04-6.85851547E-02 1.82629501E-01-4.39125956E-02-2.99895717E-02
 4 21 2.52381571E-02 4.68508102E-02 8.04985852E-02-7.18123826E-02-9.57610468E-02
 4 22-3.30311482E-02-3.99394907E-02-1.58239184E-02-4.56394454E-02-6.15093699E-02
 4 23 5.83929441E-02
 5  1 4.12856756E-04 7.64524857E-01-3.92692558E-01 4.87000675E-03-1.09463370E-01
 5  2 3.96140895E-01-8.44090154E-02-7.63256580E-02 3.11159310E-02 3.18211616E-02
 5  3 1.91311774E-01-6.28939827E-02-6.83387040E-02-3.21574901E-02-1.11762440E-01
 5  4-1.05317963E-01-4.48128010E-02-4.69290470E-02 1.22989706E-02-1.10151379E-01
 5  5 3.99849360E-01-8.14705536E-02-3.51199564E-02-6.66023189E-02-4.95997040E-02
 5  6 9.82228556E-02 1.55053232E-01 1.13927912E-01-1.12111767E-01-5.59591502E-02
 5  7-8.79447716E-02 4.21445615E-02 3.26381657E-02 5.32208031E-02-1.27470536E-03
 5  8 4.60137936E-04-2.08095127E-03 1.01054544E-02-1.33511197E-02-5.36126992E-05
 5  9-2.19793919E-04 5.14025282E-04-6.16688830E-05 7.56923467E-04-5.28286429E-04
 5 10-1.88584508E-03-1.99276932E-03-7.20370214E-04-6.60229913E-05-3.23569398E-04
 5 11 1.50105100E-04 8.51468509E-04-6.39908463E-03 4.73901469E-03 2.07314896E-04
 5 12-2.23822515E-04-2.30217811E-03-8.14567121E-04-9.78015447E-04 4.63078034E-03
 5 13-4.71248190E-04 2.03047011E-05 5.51897985E-05 5.15720710E-04-1.10101855E-04
 5 14 1.24029348E-04 4.42440923E-03-2.38310468E-02 2.06457970E-02 7.99439155E-04
 5 15-2.30087444E-04-1.54945786E-03-2.29105479E-03 3.83525720E-04 4.12979016E-03
 5 16 3.33707466E-03 3.32690796E-03 4.05693461E-03-1.62259066E-04-5.86857664E-04
 5 17-2.46103049E-04 6.52870088E-02-2.20284066E-01 9.88409341E-03-6.05656320E-02
 5 18 5.92757392E-03 1.46722198E-03 1.56655094E-01-1.80156646E-02-2.91776815E-03
 5 19-3.04284029E-03 7.36118473E-02 7.46359184E-02 1.14235104E-02 3.09668819E-03
 5 20 1.96423832E-04 4.04818492E-03-2.16025498E-02 2.33657297E-02-4.74263510E-04
 5 21 1.16488757E-03-1.46707722E-03 9.52605098E-04-2.20254982E-03 2.71917819E-03
 5 22 2.52061497E-03 2.55490755E-03 2.45234504E-03-9.30761285E-05 3.86305538E-05
 5 23-1.16424670E-04
 6  1 1.36593753E-04 3.76811716E-01 7.94368608E-01-1.23547011E-03-4.40173220E-02
 6  2 1.40682520E-01 6.12359569E-03-3.99985291E-02 1.65547349E-02 1.83348259E-02
 6  3 1.01690426E-01-3.58663116E-02-4.18370308E-02-6.89090657E-03-4.57088792E-02
 6  4-4.27426160E-02-2.30988454E-02-2.42801631E-02 7.51422517E-03-4.42407173E-02
 6  5 1.52826786E-01-3.73883503E-02-1.35116370E-02-2.89162465E-02-2.31230492E-02
 6  6 4.20465333E-02 6.69649170E-02 5.15745582E-02-4.45241989E-02-1.70241564E-02
 6  7-3.19146152E-02 1.98788027E-02 1.58803220E-02 2.58935842E-02-7.55902093E-04
 6  8-7.35624170E-04 3.07438916E-03-1.55778021E-02 1.99376101E-02-1.41396731E-04
 6  9 9.74273358E-04-6.62735298E-04 6.26756987E-04-3.24658517E-03 1.00135565E-03
 6 10 2.67840471E-03 3.10840909E-03 1.34445208E-03 1.83922613E-05 4.11521202E-04
 6 11-2.56602916E-04-7.01106487E-03 3.78368298E-02-4.08794532E-02-9.87094323E-04
 6 12-6.39953097E-04 2.27175696E-03 3.70657364E-03 5.45300732E-03-3.34314221E-03
 6 13-4.52058463E-03-5.87466615E-03-4.63500358E-03-7.49675407E-04 1.02846117E-04
 6 14 6.66508334E-04-2.33501350E-04-1.43512880E-03 2.23130977E-02-4.63557316E-04
 6 15-2.23433503E-03-1.49149083E-03 1.64974047E-03 6.83267607E-03 4.04172722E-03
 6 16-7.63837855E-04-5.37077511E-04-3.25381468E-04-7.39810276E-06 7.57834748E-06
 6 17 4.35247751E-04-1.43231026E-01 5.02978175E-01-5.61567776E-02 1.17672166E-01
 6 18-1.51152524E-02-3.48636885E-03-3.12616699E-01 3.93483000E-02 8.50969013E-03
 6 19 2.91670524E-04-1.55033584E-01-1.56751215E-01-2.30699566E-02-6.78059816E-03
 6 20-1.40322916E-04-4.57314137E-03 2.36786265E-02-2.06257923E-02 7.56566472E-04
 6 21-9.60840005E-04 1.87339750E-03-1.10212875E-03 1.03714795E-05-2.64076108E-03
 6 22-2.38309533E-03-2.32401198E-03-2.01176963E-03 1.33538737E-04 1.00407923E-05
 6 23-1.80744073E-04
 7  1 5.87190187E-03 1.88625814E-01 1.56178451E-01 4.21847246E-02-1.45718560E-01
 7  2 7.70266949E-01-7.69916609E-01 4.13521134E-02-3.55961398E-03 1.61330084E-02
 7  3-1.82331543E-01 1.86733928E-02-5.68930332E-02-1.08350891E-01-8.81071778E-02
 7  4-8.51320685E-02 6.26016306E-03-8.32801593E-03 4.10147647E-03-1.61732353E-01
 7  5 8.37845816E-01-7.52688283E-01 3.17957333E-02-3.89368306E-03 2.39474569E-02
 7  6-1.34232153E-01 1.48149017E-03-1.00480300E-01-1.11768405E-01-9.53023566E-02
 7  7-1.13403451E-01-3.41661422E-03-1.46846752E-02-8.92838446E-04 8.21227880E-04
 7  8-9.11404224E-04-2.18948572E-03 1.48487099E-02-4.22052214E-02 3.35352779E-04
 7  9-2.99898575E-03 1.86432502E-03-1.84572653E-03 1.34687178E-02-1.11830249E-02
 7 10-4.69985127E-04-2.20871060E-03-3.04329463E-03 1.40075041E-04-7.82363529E-04
 7 11 1.47689664E-03 2.29732232E-02-1.55129747E-01 1.89817774E-01-9.98364908E-04
 7 12-3.72224496E-03-1.33443599E-02 3.37982309E-03 1.30822233E-02 4.65435893E-02
 7 13 1.46282135E-02 1.77837121E-02 1.83422985E-02 1.97057852E-03 1.04287153E-03
 7 14 2.57097995E-03 2.82986660E-02-1.72002750E-01 1.50424969E-01 3.19721495E-03
 7 15-1.75529112E-03-9.65298514E-03-9.63834588E-03 8.14668658E-03 3.19963104E-02
 7 16 2.05946493E-02 2.32134246E-02 2.19177252E-02 2.46465336E-03-1.63992069E-03
 7 17-6.42013413E-04-1.38409960E-01 6.87037698E-01-7.26443168E-01-1.36846883E-02
 7 18-2.38923914E-03 1.20449199E-02 8.60931412E-02 1.26111436E-03-4.47588575E-02
 7 19-9.37656141E-02-8.83180770E-02-9.29566726E-02-3.26269818E-04 6.70630068E-03
 7 20 2.44264205E-03-8.99399466E-03 3.48841725E-02-1.16140143E-03-6.20016279E-03
 7 21 2.51167489E-04-2.17722682E-03 2.11485121E-02 1.51696643E-03 1.00610130E-02
 7 22-5.86305909E-03-7.34177396E-03-3.86433207E-03-9.72975120E-04 1.27768575E-03
 7 23-1.56085096E-03
 8  1 1.94838528E-04 8.97244385E-03-5.26749163E-02 2.52879277E-03 1.12045812E-01
 8  2-7.13019591E-01-4.76567021E-01 7.88445184E-02-3.28603927E-02-1.10222892E-02
 8  3-5.45433163E-01 2.25197841E-01 1.16331758E-01 2.56300678E-02 1.29059853E-01
 8  4 1.32507939E-01 5.87225739E-02 3.66262499E-02-2.08482959E-02-1.25532939E-01
 8  5 7.94101463E-01 3.89503951E-01-3.95649438E-02-4.55546710E-02-5.97590950E-02
 8  6 2.65581781E-01 3.54597596E-01 3.97652700E-01-1.25940245E-01-8.87529079E-02
 8  7-9.97147267E-02 4.32018756E-02 5.15414233E-02 7.38757418E-02-1.28220817E-02
 8  8-2.50209785E-03 7.74331376E-04 7.95314790E-04 8.50402846E-04 1.00048536E-04
 8  9-3.83648030E-04 2.24439513E-04 5.01957790E-05 9.21016677E-04 7.89006847E-04
 8 10 1.12243623E-04-9.32903094E-06 1.87908713E-04 8.13738670E-06-3.48499225E-06
 8 11 4.66710906E-05 2.25082213E-03 1.83877924E-02 3.34847929E-02 4.86516654E-04
 8 12-8.32104254E-04 5.79589911E-04-4.19930171E-03-1.26470379E-02 9.81868200E-03
 8 13-2.28635221E-03 2.88712969E-04 6.87630728E-05 4.49014162E-04-4.93531431E-04
 8 14-3.14882741E-03-3.77826818E-03 5.28708697E-02-7.44742743E-02 6.43531806E-04
 8 15 3.29409084E-03 3.61641764E-03 1.59457747E-03-8.37488884E-03-6.80914343E-03
 8 16-5.35230552E-03-5.66500446E-03-4.77825328E-03-8.19028194E-04 5.46922817E-04
 8 17 4.29060072E-04-1.46945995E-02 1.56067576E-01 4.72381748E-03 2.78121700E-03
 8 18 9.26758275E-03-1.85631033E-03-7.35016774E-02-3.40161078E-02 1.35305846E-02
 8 19-3.76438897E-03-2.38922249E-02-2.44550521E-02 4.37516893E-03-2.00104962E-03
 8 20-2.93566487E-03-5.36293276E-04 1.04889020E-02-5.78129945E-03 4.45117119E-04
 8 21-1.57565318E-04-1.20149157E-03 2.85414979E-04-1.00863096E-03 2.31666866E-03
 8 22-1.36396723E-03-1.40301959E-03-1.23035396E-03-3.04448672E-04-3.64229446E-04
 8 23 2.12836613E-04
 9  1 1.45435575E-03 1.43567152E-01-2.49038187E-01-3.17025063E-02-5.74796846E-02
 9  2 1.74478541E-01-1.86199944E-01-2.46190356E-04 5.26348506E-05 2.68725155E-02
 9  3-5.01336741E-02 1.94600410E-02-1.02998557E-01-3.15353141E-02-2.75997579E-02
 9  4-2.08647001E-02 6.54418153E-03-1.41626464E-02 9.36089575E-03-5.11887924E-02
 9  5 8.24118516E-02-4.92577256E-01 2.08509664E-02-1.22210304E-02 2.68873810E-02
 9  6-1.47413483E-01-3.53611224E-02-1.99345913E-01-1.33803460E-02-6.23312163E-03
 9  7-3.30337433E-02-1.11813443E-02-2.74774936E-02-1.65984776E-02-4.76819947E-02
 9  8-7.16387823E-02 1.51463981E-02 1.18085152E-01-1.13312088E-01 6.73595689E-04
 9  9-4.49984272E-03 1.69560162E-02 1.76633283E-02-2.33719636E-02 2.17327218E-02
 9 10-1.05356435E-02-8.70497339E-03 6.26197709E-03-1.27532934E-03 2.55739439E-03
 9 11-5.99228898E-03 2.99610832E-02 1.71362975E-02-5.93997714E-02-2.67172193E-03
 9 12-9.47605355E-03 1.19877827E-02 7.89536327E-03-2.86162744E-02-3.75382869E-03
 9 13 4.45147422E-03 1.59369470E-02 9.73373109E-03 4.55566143E-04-1.42462582E-03
 9 14-1.13645173E-02 2.92856108E-02-4.88725219E-02 1.48532753E-01 6.38454886E-03
 9 15 3.52725521E-03-3.38186802E-04 1.24321586E-02 2.18092390E-02 2.78073084E-02
 9 16 1.19727846E-02 1.16778301E-02 1.11473897E-02 3.19833470E-03 2.16948785E-03
 9 17 3.51584866E-03 4.62333020E-02 1.84916252E-01 5.29887745E-01 1.19386364E-02
 9 18-2.35512927E-03-1.33507076E-02-3.36762295E-01 4.59278800E-02 8.27289353E-02
 9 19 5.42036905E-02-2.68465187E-02-2.79453603E-02-1.85357117E-02-1.19068052E-02
 9 20-5.95224278E-03 7.57921766E-02-1.82381340E-01 3.88719738E-01 1.46683507E-02
 9 21-2.96613137E-03-2.12322888E-02 3.17027658E-03-4.25778202E-02 3.46759454E-03
 9 22 3.27305603E-02 3.19285299E-02 3.78696544E-02-6.21276894E-03-1.24260213E-02
 9 23 8.46966893E-03
10  1-3.51025383E-04-4.27840711E-02 1.03267333E-01 1.34720113E-03 1.03766292E-02
10  2 3.78988284E-03 4.86774402E-02-1.31714570E-03 1.38337585E-03-8.39248257E-03
10  3 3.53629365E-02-1.76529430E-02 2.86680735E-02 6.53331109E-03 1.11141700E-03
10  4-1.38425527E-03-5.41487881E-03 2.56250018E-03-1.76006038E-03 2.60956606E-02
10  5-7.32625717E-02 1.54814178E-01-3.34352379E-03 6.32004033E-03-6.05103217E-03
10  6 2.95085287E-02-4.26628110E-03 4.82478368E-02 1.21605155E-02 9.19775791E-03
10  7 1.79273432E-02 1.32789243E-03 6.27510934E-03 2.34489380E-03-2.05293528E-01
10  8-1.93030481E-01 8.71911403E-02 1.88181709E-01 6.49919863E-02 7.54507265E-03
10  9-1.96148377E-02 4.44797473E-02 3.91418087E-02-5.63050177E-02 9.14560119E-02
10 10 1.20682891E-03 7.93849158E-03 3.72962558E-02-5.25396804E-03 1.31451569E-02
10 11-2.36920868E-02 1.04786098E-01 9.36117094E-02 2.72878294E-01-8.38480977E-03
10 12-5.09751061E-02 2.22568576E-02 1.26127760E-02-5.86172063E-02 7.89819636E-02
10 13 3.29846281E-03 5.22142270E-02 2.25889750E-02 2.69621310E-03-4.59294052E-03
10 14-3.56285561E-02 8.58184438E-02 1.57190776E-01 2.93053794E-02 2.92529544E-02
10 15 3.46566669E-02 2.11402166E-02 7.39814444E-02 3.49664537E-02 6.41829065E-02
10 16 2.18906215E-02 1.72351226E-02 1.19315927E-02 2.02540703E-02 1.69403183E-02
10 17 1.67632328E-02-1.27150332E-02-1.23576564E-01-2.18329140E-01-2.70658066E-03
10 18-1.62031759E-03 6.28724957E-03 1.38748906E-01-8.09206255E-03-4.18040730E-02
10 19-1.63363667E-02 1.81404977E-02 1.68836362E-02 6.10995803E-03 8.39065611E-03
10 20 2.68704427E-03 7.42573015E-02 1.07856528E-01 9.97446140E-02 2.07448332E-02
10 21-1.68873517E-02-3.74433161E-02 4.16331308E-02-4.51842740E-02-2.16089674E-02
10 22 1.46561306E-02 1.08342869E-02 2.47824775E-02-9.07950979E-03-1.92270843E-02
10 23 1.50978630E-02
11  1-1.36802774E-04-1.31108528E-02 2.52580811E-02-7.83302842E-03 1.45994017E-02
11  2-7.34774322E-02 3.43812644E-02 2.64526386E-03-5.32832401E-04-2.77060833E-03
11  3-1.57826246E-02 3.33540137E-03 1.33052964E-02 7.31576291E-03 1.14816294E-02
11  4 1.07039968E-02 1.35771152E-03 2.80983355E-03-1.58742394E-03-3.40702429E-03
11  5 4.63384874E-02 3.92223412E-02-3.16284274E-03 7.75860794E-04-4.07689618E-03
11  6 2.47638158E-02 1.26486411E-02 3.40320244E-02-6.65482763E-03-5.79361796E-03
11  7-2.47426246E-03 2.59032313E-03 4.92190239E-03 4.90059468E-03 2.26942779E-01
11  8-2.09089464E-01 1.07767117E-01 2.14665910E-01 9.20466582E-02 9.07728449E-03
11  9-2.17181915E-02 5.31076882E-02 4.88998068E-02-7.77239112E-02 1.23412926E-01
11 10 3.03389512E-03 1.23302214E-02 5.68318251E-02-7.17956217E-03 1.71565551E-02
11 11-3.12445889E-02-1.01678282E-01-8.93398241E-02-1.54182910E-01 5.12352105E-03
11 12 3.74596334E-02-1.79987761E-02 4.61166690E-04 1.23850157E-01-9.97943173E-02
11 13-1.53976677E-02-6.04641484E-02-3.23062501E-02-2.45239521E-03 4.35589525E-03
11 14 3.29771322E-02-1.13625680E-01-9.48520118E-02-1.55865351E-01-3.41414636E-02
11 15-3.84337498E-02-2.30107045E-02-7.83438701E-02-3.61868730E-02-7.62947859E-02
11 16-3.63274977E-02-2.65565400E-02-2.67155336E-02-1.96086062E-02-1.92824500E-02
11 17-1.86451944E-02-7.36737864E-03-1.84561835E-02-6.99841215E-02-5.69451401E-05
11 18-1.11655358E-03 2.23726041E-03 3.61073563E-02 1.50589703E-03-1.34453547E-02
11 19-7.41352009E-03 2.39014219E-03 1.64770912E-03 4.86869293E-04 2.24525966E-03
11 20 1.07106306E-03 1.06511204E-01-5.09066368E-03 2.61408880E-01 2.55147751E-02
11 21-1.80078120E-02-4.55613773E-02 3.33749418E-02-4.95823492E-02-7.25272740E-03
11 22 3.31804455E-02 2.68823296E-02 4.55675196E-02-6.73025304E-03-2.05396874E-02
11 23 1.38281407E-02
12  1-3.05404287E-04 1.02824814E-02 5.27264262E-02-2.01002471E-02 1.34198110E-02
12  2-9.73698363E-02 3.99976403E-02 1.59423617E-03 8.53623448E-04-1.20811900E-04
12  3-2.12761907E-02 1.78130657E-03 4.43514835E-03 8.35440664E-03 1.35346300E-02
12  4 1.30931624E-02 9.41233927E-04 8.72199968E-04 3.80593137E-04 1.10471572E-02
12  5-6.54937505E-02 6.34238766E-02 8.95458915E-04 1.41921820E-04-2.98830799E-03
12  6-3.16130456E-03-5.68018910E-04 1.40924190E-02 7.52249114E-03 9.35637191E-03
12  7 1.04924427E-02-5.65607338E-04 9.79935520E-04 2.32230050E-03 2.31812966E-02
12  8 3.02168823E-02-8.77051775E-02-4.17911654E-01-3.22608152E-01-1.18513766E-02
12  9 1.97038042E-02-2.91393418E-02-8.50200500E-02 1.55452125E-01-2.89823085E-01
12 10 1.95159613E-02-7.27658575E-03-7.80677661E-02 2.84230142E-02-4.21406669E-02
12 11 7.55821633E-02 3.04280046E-02 3.83270219E-01 7.22257693E-02-9.46748567E-05
12 12-4.69293983E-04 7.78694905E-03-9.60757443E-03-2.54703001E-01 1.60706751E-01
12 13-4.06839708E-02 4.88336338E-02 4.73518996E-03 6.92330647E-03 6.14793938E-04
12 14-7.25996093E-02-4.84829825E-02-3.97447767E-01-1.42889274E-01-1.55992154E-02
12 15-1.37155473E-02-1.50350897E-02-2.00520645E-01-1.57568048E-01-1.56779692E-01
12 16-1.79879048E-02-1.34163322E-03-2.86125779E-03-5.63981316E-02-5.98868499E-02
12 17-4.22316075E-02 7.40437168E-03-2.17625887E-01-8.90710085E-03 4.67068757E-03
12 18-5.14370978E-03 9.25339392E-03 7.79887974E-02 1.52686583E-02-5.92283771E-02
12 19 2.68431434E-04 2.55140411E-02 2.31428817E-02 3.35157833E-04 1.08920539E-02
12 20 2.49358762E-03 5.59662751E-02 2.74312559E-01 5.17604488E-01 1.20770887E-02
12 21 7.46623483E-04-1.57331082E-02 1.48983364E-01-1.90427030E-01-1.68787074E-01
12 22 3.53853361E-03-6.91312690E-04 3.23146659E-02-5.17507113E-02-6.63913920E-02
12 23 5.41241013E-02
13  1 4.05150789E-04-2.79358074E-02-3.75279653E-02 2.10711700E-02-1.73951153E-02
13  2 1.74041352E-01-8.59994778E-02 9.66629017E-05-7.58170262E-04-3.79771025E-03
13  3 3.53699161E-02-1.22295876E-02 7.85788040E-03-1.20309653E-02-2.03725490E-02
13  4-2.12774631E-02-4.52904804E-03-4.99077179E-04-8.99243568E-04-2.25480543E-03
13  5 4.32021665E-02 4.11261788E-03-9.25954321E-04 1.57932020E-03 1.75170767E-03
13  6 8.50937245E-03 3.21298948E-03 3.56032048E-03-3.56247918E-03-5.95024619E-03
13  7-3.81399170E-03 1.01115507E-03 1.04072844E-03-1.48900051E-03 4.28759514E-03
13  8-2.70519772E-03 5.62830650E-02 2.42219650E-01 2.68592892E-01 7.14148158E-03
13  9-1.09091208E-02 1.33621170E-02 5.98979198E-02-1.04734320E-01 1.91190892E-01
13 10-1.07881801E-02 6.15453068E-03 4.77824135E-02-2.04546801E-02 2.90976293E-02
13 11-4.99320138E-02 3.93327105E-02 5.70677771E-01 2.77026900E-01 3.21201668E-03
13 12-1.61818399E-02 7.67906853E-03-2.40628327E-02-3.39947257E-01 2.48614151E-01
13 13-6.79510524E-02 6.70285860E-02-2.58185276E-03 7.73342846E-03 1.03459606E-03
13 14-1.05021349E-01-5.28883377E-02-5.51933118E-01-2.16069323E-01-1.80391609E-02
13 15-1.27254785E-02-1.85925076E-02-2.66539426E-01-2.24721911E-01-2.12782538E-01
13 16-1.82293845E-02 1.81616056E-03-1.42054644E-03-7.45732831E-02-8.14895217E-02
13 17-5.76062785E-02-2.44867494E-02 2.88713429E-01-1.17952518E-01-5.27876930E-03
13 18 5.73941688E-03-2.88706630E-03-6.00330383E-02-2.03120070E-02 2.32668675E-02
13 19-1.26941072E-02-3.44352460E-02-3.23604918E-02 9.93199317E-04-4.80837912E-03
13 20-1.54619832E-03-7.34228217E-02-1.51803809E-01-4.75527466E-01-1.53648277E-02
13 21 7.99000462E-03 1.98346675E-02-1.05890343E-01 1.27782858E-01 1.24285318E-01
13 22-2.04505084E-02-1.35073275E-02-4.43364460E-02 3.79603328E-02 5.29461920E-02
13 23-4.24586647E-02
14  1 3.78159256E-03-2.42231472E-01-1.23375554E-01 3.88877506E-02-8.54507054E-02
14  2 1.17919112E+00-5.44882125E-01 2.23540056E-02-7.34323067E-03-2.78108419E-02
14  3 1.87149383E-01-1.03569529E-01 4.40856296E-02-7.10125588E-02-1.17131360E-01
14  4-1.25145312E-01-3.14538363E-02-1.46179961E-03-7.94646003E-03-5.86775257E-02
14  5 9.11702195E-01-3.82662664E-01 4.08951623E-03 2.95401387E-02 1.66873955E-02
14  6 7.86523812E-02 4.14227476E-02 1.01407186E-01-8.38838702E-02-8.81317283E-02
14  7-6.78252271E-02 1.46680448E-02 2.08940541E-02 7.37892590E-03 2.94605316E-03
14  8-3.20682462E-02-1.10576139E-03-1.98133733E-01 4.89682045E-02-4.90984463E-04
14  9 4.01444818E-04-2.71891720E-03-4.08011883E-02 6.88493110E-02-1.01927318E-01
14 10 2.14390237E-02 1.12105421E-02-1.98683553E-02 1.22282253E-02-1.50706792E-02
14 11 2.78820655E-02 1.09640201E-02-1.49328425E-01 2.27914109E-01-9.52389443E-04
14 12-4.87139056E-03-9.97210959E-03 3.66127932E-03 5.81097761E-02 1.56999589E-02
14 13 1.12158551E-02 5.91594179E-03 7.68923020E-03-8.85402069E-05 1.00322189E-03
14 14 1.07426247E-02 1.60400010E-02-3.06028947E-02 3.92690416E-02 2.41553617E-03
14 15 2.22918429E-03-5.71697887E-04 1.87964947E-02 1.21227331E-02 1.97848288E-02
14 16 1.11882950E-02 1.00407362E-02 7.07788156E-03 8.24954634E-03 5.59912643E-03
14 17 3.09813221E-03-1.17942376E-01 1.25586668E+00-7.06475209E-01-1.78447177E-02
14 18 5.38274165E-03 1.83491566E-03-2.41129381E-01 1.21264739E-02 2.56601025E-02
14 19-5.61649884E-02-1.42241145E-01-1.43723441E-01-1.12877982E-02-8.76140520E-03
14 20-5.28025424E-03-1.47886290E-02 4.66856704E-01-2.66018810E-01 5.05285331E-04
14 21-8.22290577E-03-8.90751433E-03 1.15226966E-01-7.37526741E-02-1.10920773E-01
14 22-2.56283903E-02-3.01751171E-02-1.06370265E-02-2.48143560E-02-3.07119210E-02
14 23 2.66859716E-02
15  1 1.98589430E-03-1.08046541E-01 2.52323859E-02-5.68574513E-02-4.40977379E-03
15  2 4.05690573E-01-1.68183443E-01 2.47648544E-02-7.15230417E-03-4.77901374E-03
15  3 1.33561256E-02-3.58294895E-02-2.54535626E-02-1.69929856E-02-2.41996404E-02
15  4-2.57203844E-02-9.35292776E-03-4.08309557E-03-1.42971674E-03-3.98185450E-02
15  5 7.14007749E-01-4.85657566E-01 1.52334623E-02 1.86351578E-02 1.72163248E-02
15  6 7.36762487E-03 5.12874405E-02 4.95987052E-02-6.12730356E-02-4.71679253E-02
15  7-4.63716216E-02 1.06098770E-02 1.26062624E-02 1.50243259E-02 1.59989035E-03
15  8 1.01623093E-01-7.95052441E-02 5.10471271E-01-6.67573684E-01-6.82346456E-03
15  9 7.28390416E-03-7.83859517E-03 8.70999906E-02-1.16986970E-01 1.31860043E-01
15 10-7.36244906E-02-5.81635738E-02-5.13311067E-03-2.32194958E-02 2.03119385E-02
15 11-4.15333721E-02 3.24101248E-02-1.81602200E-01-1.34675687E-01-4.05282002E-03
15 12 1.59590402E-02 7.54958428E-03 2.08923473E-02-8.91054424E-02-4.11271641E-02
15 13 3.05755082E-02 2.30161496E-02 2.93658242E-02 1.74651911E-03 3.55232470E-04
15 14-9.47251799E-04 2.08256214E-02-9.73857219E-02 1.70421053E-01 2.21800274E-03
15 15-8.44426503E-04-1.32852585E-03-2.85107069E-04 1.08575128E-02 5.94228350E-03
15 16 1.41060310E-02 1.32058096E-02 1.23495871E-02 4.80585387E-04 7.05210049E-04
15 17 9.23198342E-04 7.98898881E-03-2.14233156E-01 2.60088515E-02 1.53350428E-02
15 18-2.30217633E-02 2.11444559E-02 3.92726555E-03 1.24420254E-01-1.37233459E-01
15 19 1.29157202E-02 2.66265172E-02 1.32432024E-02-1.78867461E-02 2.38600768E-02
15 20 4.05534749E-03 8.89293440E-02-1.39482079E+00 1.61143635E+00-3.52357335E-03
15 21 3.00855253E-02-2.03161544E-03-2.44645802E-01 1.02800299E-01 3.53544001E-01
15 22 7.71275853E-02 8.63817192E-02 4.70224572E-02 4.40270479E-02 6.09394418E-02
15 23-5.70866634E-02
16  1 1.96255954E-03-1.19149375E-01 8.47151982E-02-7.90098934E-03 1.56977483E-02
16  2 1.93128861E-01 8.58289871E-02 2.16848229E-02-3.30517410E-02 2.68492704E-02
16  3-2.77839248E-02 1.33331986E-01-1.99351069E-01-7.92107930E-03-1.32901015E-02
16  4 6.29408654E-03 2.38378814E-02-1.79672678E-02 2.88569042E-04-1.02901941E-01
16  5 1.29211980E+00-1.30945559E+00 1.70273771E-02 2.80517345E-03 5.03434702E-02
16  6 4.10799305E-02 1.97831837E-01-9.82455657E-02-1.04111767E-01-6.97984510E-02
16  7-1.18911530E-01 2.89581309E-02 1.09419083E-02 2.29923101E-02-1.16899307E-02
16  8-2.33184898E-02 4.57328265E-02-1.49856659E-01 3.22760749E-01 3.50270986E-03
16  9-5.73626561E-03 7.44191529E-03-1.90069099E-02 4.16544819E-02-8.79042745E-03
16 10 2.70011472E-02 2.08130293E-02 2.16272943E-02 5.96713495E-03-7.82195213E-04
16 11 8.51325647E-03-2.16391239E-02 2.37455262E-01-4.31590419E-01-2.41367570E-03
16 12-4.73858278E-03 9.54067660E-03 2.31657531E-02-1.63159323E-02-1.67792973E-02
16 13-1.88116652E-02-5.37613581E-03-1.99962259E-02-4.62290799E-03 2.70005336E-03
16 14-6.63942600E-03 2.71019313E-02-1.86135777E-01 3.95583170E-01-2.23228230E-03
16 15-4.79288625E-03-3.68251439E-03 1.73834209E-02 1.45892642E-02-5.57461235E-03
16 16 2.12515744E-02 1.47652748E-02 1.40388358E-02-1.80518640E-03-3.53469804E-03
16 17-4.45090652E-03 9.47018113E-02-1.25474380E+00 1.34967349E+00 3.77552687E-02
16 18 8.68435712E-03-3.06389800E-02 1.28664167E-01-7.64632528E-02 1.46593089E-01
16 19 3.21155716E-02 1.04931358E-01 1.11688642E-01 1.51891851E-02-1.46006606E-02
16 20 2.32907487E-03-1.93796476E-02 4.19489108E-01-6.34010350E-01 4.50246046E-03
16 21-1.44383836E-02 2.64758056E-03 6.50504385E-02 6.13505880E-03-1.20515375E-01
16 22-1.40698684E-02-2.24045403E-02-5.13668619E-03-9.06747490E-03-1.98414643E-02
16 23 1.46276828E-02
17  1-2.96177980E-04 4.48153461E-02-5.89196194E-02-1.66333477E-04 1.66345564E-01
17  2-1.50279642E+00 1.69576668E+00-1.10835945E-02 1.90408538E-02-8.45124745E-03
17  3-1.92336338E-01-2.59716543E-02 1.06138668E-01 8.48181059E-02 1.53110054E-01
17  4 1.46733734E-01 2.44092164E-02 3.36444721E-02-9.14817457E-03-1.36664521E-01
17  5 1.03685906E+00-1.26550067E+00-3.48772851E-03 4.56005241E-03-3.91838919E-03
17  6 1.04532528E-01 5.32209211E-02 1.12080106E-01-1.12751177E-01-9.41576537E-02
17  7-8.93035657E-02 2.15200383E-02 2.48215755E-02 3.60114668E-02-1.89340915E-02
17  8-3.77903315E-03 2.24973577E-03-1.34695959E-02-6.17406815E-02 6.33627230E-05
17  9-6.85116728E-05 3.23557073E-03-4.95106653E-03 9.66760951E-03-1.26564879E-02
17 10 1.68660056E-03-5.86764052E-05 2.99308205E-03 1.77563565E-03-1.31855812E-03
17 11 2.94639718E-03 3.25333238E-02 1.46571885E-01-1.80488505E-01-5.56532149E-03
17 12-1.77689084E-02 1.71403403E-02 1.79630692E-02-4.55995806E-02-5.13243384E-02
17 13 1.22213688E-03 3.31378834E-02-4.63731014E-03 1.58052515E-03 2.63786007E-04
17 14-6.37802403E-03 4.73711615E-02 3.64798303E-03 7.48665741E-02 1.32899073E-02
17 15 1.05612254E-02 1.56310624E-02 2.64356246E-02 2.73476455E-02-6.57538328E-02
17 16 3.14278069E-02 2.65048048E-02 4.44214992E-03 1.50422587E-02-9.42304169E-04
17 17 4.36254346E-05-6.27911554E-02 6.71124504E-01-6.10571226E-01-1.13940324E-02
17 18-1.76329434E-02 1.14151793E-03-1.03898677E-01 1.29089892E-01 1.79154522E-02
17 19-2.62247846E-02-6.06321546E-02-6.37322704E-02-2.21387070E-02-8.66254939E-03
17 20 2.81573135E-03 2.56672512E-02-1.14490151E-01 2.17750369E-01-1.78448330E-03
17 21 4.74197028E-04-3.72947539E-04 2.48084679E-02-8.01256179E-03-2.96101533E-02
17 22 1.73503209E-02 1.48171863E-02 2.16518143E-02-2.14141984E-03-4.58366968E-03
17 23 2.79711579E-03
18  1-9.60072348E-05 3.70683567E-03-2.03713700E-03 8.96265427E-03 5.00991367E-02
18  2-3.55077268E-01 4.63745861E-01 3.39316654E-03-1.18216374E-02 1.53469935E-02
18  3-6.35804344E-02 8.78107720E-02-8.98905969E-02 2.00208671E-02 3.11364241E-02
18  4 4.40773133E-02 1.71503676E-02-7.39054331E-03 1.33820513E-03-1.60233981E-02
18  5 2.49036387E-01-3.40674221E-01 3.93599536E-03-1.34173072E-02 2.67746764E-02
18  6 6.58703491E-03 1.23939065E-01-1.30538332E-01-2.07601181E-02 3.55389286E-03
18  7-3.51605748E-02 1.21654049E-02-5.77920397E-03 6.96247296E-03 8.54197582E-02
18  8-4.84886998E-03-7.40184928E-02-2.90851945E-01 4.33930630E-01-1.20048704E-02
18  9 3.43264563E-02-4.11991446E-02 1.16855050E-02-1.37827386E-01-8.89494258E-02
18 10-8.01841054E-03 9.41391603E-03-8.39205646E-02-4.09223189E-03-1.46382875E-02
18 11 5.24047594E-03 3.07667535E-02-8.94084885E-01 1.32810791E+00-5.66988864E-03
18 12 1.19110554E-02-2.09475665E-02 8.45033211E-02 3.17667371E-01-1.12528095E-01
18 13 4.84705903E-02-1.86578305E-02 2.63550568E-02-1.56115406E-02 8.91891457E-03
18 14 4.92987337E-02-6.60595959E-02-4.60698767E-02-1.26115099E-01-2.99920592E-02
18 15-1.72703229E-02-2.52685937E-02 9.64040102E-02-2.07429556E-02 1.00010182E-01
18 16-1.53672387E-02-3.03046909E-02-1.46025245E-02 7.36995494E-03 2.00508178E-02
18 17 1.35776459E-04-1.54459048E-02 5.26561250E-02-1.48421783E-01 6.17424717E-03
18 18-4.80859332E-05 1.16946154E-02-2.02017105E-02-6.57830776E-03-8.88200879E-02
18 19-3.23466359E-03-6.48640784E-03-1.03518826E-02 3.19451176E-03 1.33534766E-02
18 20-9.88345604E-04-8.97452133E-02 9.43651262E-02-4.24369691E-01-2.03405516E-02
18 21 2.55078304E-02 2.30419127E-02 2.97809457E-02-1.43200749E-01 3.73611143E-02
18 22-4.15982159E-02-1.21409008E-02-7.24856733E-02-1.28552827E-02 2.29979183E-02
18 23 3.85471319E-03
19  1-6.30343586E-04 1.29527197E-02-4.06599901E-02 5.08399397E-03 7.37957994E-02
19  2-3.27378244E-01 3.83790083E-01 1.83515744E-02-3.74560101E-02 4.77651239E-02
19  3-1.12709141E-01 2.36442141E-01-3.17623953E-01 2.37402194E-02 2.88433537E-02
19  4 6.33432232E-02 3.02590519E-02-4.04775843E-02 1.07753878E-02 6.35287392E-02
19  5-1.45627450E-01 1.11642397E-01 1.58094062E-02-3.07550944E-02 5.21119586E-02
19  6-8.71912661E-02 2.35368979E-01-3.12557591E-01 2.16129413E-02 7.61194392E-02
19  7-1.19491968E-02 1.04793339E-02-2.65778254E-02 1.07953312E-03 8.60978516E-03
19  8-2.76882639E-02 1.86330651E-02 5.02271545E-01-7.99583631E-01 1.25960156E-02
19  9-2.52397815E-02 3.55574105E-02-3.44538570E-02 5.27550623E-02 7.92060834E-02
19 10-2.06509964E-02-2.25610197E-02 3.41601612E-02 2.47703810E-03 5.90592697E-03
19 11-1.31780693E-02-2.45758946E-02-1.35474578E-01 1.14299018E-02 5.31860556E-04
19 12 2.68278202E-02-2.60090686E-02 2.66725154E-02-1.40274698E-01 1.68863433E-01
19 13-2.85746206E-03 6.25354715E-03 1.96256921E-02-5.21180992E-03 6.83725703E-03
19 14-2.08688576E-02 2.25089260E-02-7.12353013E-01 8.42465435E-01-2.25663217E-02
19 15-1.23259624E-02-2.31442096E-02-7.56410478E-02-1.31240028E-01-8.84839415E-03
19 16 2.19070365E-02 1.57900835E-02 4.05306219E-02-3.84243069E-02-2.22303386E-02
19 17-2.33720958E-02-4.99972123E-02 4.45560612E-01-5.66018849E-01 2.71178951E-03
19 18 8.35087721E-03 1.97444624E-02-1.16400511E-01-4.12447850E-02-1.16394986E-01
19 19-7.69959360E-03-4.12354215E-02-4.47865282E-02 4.15853967E-03 1.04713486E-02
19 20 8.42689867E-05 6.22980086E-02-4.90653720E-02 2.22634189E-01 1.63255090E-02
19 21-1.83866603E-02-1.16725530E-02-4.10101342E-02 8.49358680E-02-6.73172373E-02
19 22 2.81546823E-02 1.73062399E-02 5.23312085E-02 9.09537677E-03-8.49073586E-03
19 23 7.60558006E-04
20  1 7.71880447E-04 2.25596586E-02 2.29595571E-02-2.51517046E-03-5.06066609E-02
20  2-1.90142374E-02 1.24327876E-01-2.56111059E-02 4.72994551E-02-5.38254290E-02
20  3 7.97348738E-02-2.69081469E-01 3.82661769E-01-1.27790149E-02-2.86395924E-03
20  4-3.91723873E-02-2.74982057E-02 5.23306850E-02-1.24716536E-02-7.99282596E-02
20  5 3.92520479E-01-5.15003175E-01-9.89074904E-03 3.06352839E-02-4.14144224E-02
20  6 7.78552604E-02-2.29145833E-01 2.48751674E-01-4.22079649E-02-8.89788264E-02
20  7-1.31346616E-02-6.25003202E-03 2.33385274E-02 8.58773493E-04 3.34383230E-02
20  8 1.91366838E-02 3.50640772E-02-1.76142607E-01 2.52975974E-01-1.56424869E-03
20  9-8.85674823E-03 2.70805776E-03 1.23491872E-02 9.01744347E-02-1.99546426E-02
20 10 2.44693376E-02 9.89006348E-03 2.65602596E-02 2.14219570E-03 3.96905318E-03
20 11 1.24984123E-02-5.82128128E-02-7.70268769E-02-2.81737750E-01-1.35942755E-02
20 12 4.10601996E-02-2.75811407E-02 1.51256548E-01-1.35787173E-01 1.27002586E-01
20 13-1.86873550E-02-1.43042827E-02-4.05574087E-03-2.00949334E-02 1.83270969E-02
20 14-1.09988697E-02 2.87777309E-02-9.75866620E-01 1.39153136E+00-4.36664124E-02
20 15-1.81589969E-02-2.58310161E-02 7.74147571E-04-2.01219482E-01-6.10931338E-02
20 16 4.38710586E-02 1.02236913E-02 4.38383774E-02-4.58013931E-02-2.29375246E-02
20 17-3.98090901E-02 3.18751027E-02-1.77939697E-01 2.78157165E-01-7.75518259E-03
20 18-7.29185900E-03 3.24466722E-03 6.77290473E-02 4.75817622E-02-2.26642779E-02
20 19 6.20283867E-03 2.11225629E-02 1.96971239E-02-7.53602393E-03 4.01926533E-03
20 20 1.92101928E-03 6.58547510E-03 6.69552090E-02-1.02751284E-01-1.89902729E-03
20 21-8.73972818E-03-4.89163898E-03 4.41274973E-02 6.10574851E-02-6.15796929E-03
20 22 6.15281734E-03-1.35354287E-02 8.26549518E-03-1.01986747E-03-1.19941948E-02
20 23-2.66761543E-03
21  1-4.81659803E-04 3.43160066E-03-2.04371074E-02 1.10950757E-03 2.86784894E-02
21  2-2.95837221E-02-2.13805106E-02 1.25718032E-02-2.35251510E-02 3.04189046E-02
21  3-4.63545584E-02 1.38870761E-01-2.13066432E-01 8.51654253E-03 4.48172899E-03
21  4 2.38358046E-02 1.39353144E-02-2.93082797E-02 7.91055126E-03 5.55899455E-02
21  5-2.58771075E-01 3.06809267E-01 9.64350185E-03-1.35005367E-02 2.06668375E-02
21  6-7.31368751E-02 9.32487703E-02-1.41585474E-01 2.72978912E-02 5.31201419E-02
21  7 1.22216559E-02-5.78430717E-04-1.55088792E-02-3.18857797E-03-3.73825740E-03
21  8 9.06308127E-02 6.59163832E-02-1.08007503E+00 1.40294623E+00-1.89533930E-02
21  9 5.35634177E-03-2.95033400E-02 5.31025500E-02 2.07200363E-01-1.84725400E-01
21 10 8.66356127E-02 4.83979334E-02 3.18664175E-02 6.69692269E-03-3.96934845E-04
21 11 5.16862887E-02-1.83091894E-03 3.30931981E-01-8.32529378E-01-2.34872067E-03
21 12 7.85775378E-03 1.33817763E-03-1.16970554E-02-1.79804434E-01 5.63059746E-02
21 13-8.14407867E-03 1.84330313E-02-2.65432036E-03 9.14714796E-03-3.21255870E-03
21 14-1.69076076E-02 4.50064228E-02-2.31834096E-01 4.73565517E-01 8.51936997E-03
21 15 2.83078594E-04 9.19844528E-03-8.63345804E-02-7.32804802E-03-9.51192932E-02
21 16 1.70167947E-02 2.82118322E-02 1.86469038E-02-1.07267824E-02-1.81177921E-02
21 17-8.00721713E-03-2.56802787E-02 2.51252177E-01-2.63594422E-01-2.14794957E-03
21 18 6.20294889E-03-3.85483259E-03-5.03426781E-02-3.25704226E-02 4.46291408E-02
21 19-8.20743394E-03-2.41124827E-02-2.10439684E-02 3.00911165E-03-9.68216511E-03
21 20-4.10171646E-04 2.14584163E-02-3.14498062E-01 2.42637198E-01-2.31975862E-02
21 21 7.82092186E-04 1.33944349E-02 1.46084918E-01 6.24760445E-02-2.56447606E-02
21 22 4.08256904E-02 6.18620401E-03 2.78935732E-02-1.06457336E-02-2.36036621E-02
21 23-3.42037870E-03
22  1 6.11512541E-04-6.23566911E-03 3.84091044E-02-5.75422466E-04 3.01050841E-03
22  2 1.04481628E-02 4.81623213E-02-1.56028295E-03-3.34827188E-04-5.82892441E-03
22  3 1.63834643E-02-6.48345816E-04 3.97401368E-02 1.49547301E-03-1.75975859E-03
22  4-2.02729424E-03-1.27446536E-04 5.24384069E-03-2.67064956E-03-3.30438289E-02
22  5 1.09352179E-01-1.29132405E-01-1.11758470E-02-9.22214396E-03-8.78753633E-04
22  6 6.11102108E-02 4.36065443E-02-7.77948081E-03-1.30601268E-02-1.75942364E-02
22  7-2.21346503E-02 5.98909444E-03 1.81744045E-03 9.88640765E-04 5.99245267E-02
22  8 5.88194720E-02-3.52165246E-02 9.92948125E-02-3.38874007E-02 2.40928310E-02
22  9 2.66946877E-02-1.17775077E-02-2.53506532E-01-2.33565115E-01 2.48355560E-02
22 10-4.07039662E-02 1.03060603E-02-1.27082432E-02 6.06450959E-03-3.62166217E-02
22 11-4.03710674E-02-6.71865250E-03 3.28707797E-01-4.38228419E-01 1.25922442E-02
22 12-2.09667943E-02 2.17365919E-02-1.10968101E-01 9.74973487E-02-1.29951418E-01
22 13-2.93468644E-02-1.01962374E-02-3.65962499E-02 1.16209251E-02-8.99407025E-03
22 14-3.91312876E-03 3.88190849E-02-3.08054649E-01 5.24315778E-01 1.58011512E-03
22 15-5.68366647E-03 4.91992702E-03-8.42144451E-02 1.29468752E-02-1.08687420E-01
22 16 2.11386390E-02 4.02104121E-02 1.87718181E-02 9.26977433E-04-1.30155633E-02
22 17-2.75376198E-03-5.66161381E-02 3.79164753E-01-2.51729885E-01-7.72523368E-03
22 18 6.83403009E-02-6.93239508E-02 7.07483993E-02-4.87166714E-01 5.06475140E-01
22 19-6.47513007E-02-5.91989045E-02-2.81027313E-02 6.12688894E-02-6.28892791E-02
22 20-9.23002326E-03-1.77079126E-02 7.82144255E-02 2.48100499E-01 4.95368149E-02
22 21 2.07551930E-02-1.05292801E-02-4.79155142E-01-1.19019374E-01 1.76783996E-01
22 22-7.75954698E-02-6.68167170E-03-3.19706701E-02 2.22312243E-02 3.78905492E-02
22 23 1.01731914E-02
23  1 3.38087636E-04-1.08834720E-02 3.31535015E-02-2.90459263E-03 1.84063370E-02
23  2 3.48507402E-03 2.52474783E-02 5.52942520E-03-3.97933874E-03-7.37164703E-03
23  3-1.44745979E-02 2.04185479E-02 4.68897531E-02 4.01642361E-03 2.13677815E-03
23  4 4.33468854E-03 1.73248283E-03 5.30206654E-03-4.55846175E-03-5.05493784E-02
23  5-1.91307806E-02 3.23432694E-02-2.16203006E-02-2.32417557E-02-5.40130576E-03
23  6 1.04072421E-01 1.06189749E-01-9.58077807E-03-9.94315120E-03-1.52042136E-02
23  7-2.56977622E-02 9.56497178E-03 1.25343806E-03 3.70602584E-04-5.05224290E-02
23  8 3.20093218E-03-3.64683862E-02 7.96803089E-02-3.30146524E-01-2.88142297E-02
23  9-1.38404168E-02-1.16712437E-02 2.83173851E-01 1.31140216E-01 9.71289938E-02
23 10 5.67160500E-03-3.13109950E-02 8.62766477E-03-1.77031115E-02 4.12527940E-02
23 11 1.62064093E-02 5.71136973E-02-6.92265874E-01 8.69506419E-01-3.19286442E-02
23 12 4.30196735E-02-1.88620670E-03 3.07461371E-01-2.63948325E-01-7.14166581E-02
23 13 6.65073840E-02 7.28811808E-02 4.75642703E-02-3.86003515E-02 2.78945051E-02
23 14 1.60602489E-02-3.41675153E-02 2.39618358E-01-6.18239960E-01-2.14312378E-02
23 15 1.61013439E-02 8.07121989E-03 2.81955581E-01-1.14980926E-01-4.44824684E-02
23 16 2.81231209E-02-4.90316228E-02-3.54626375E-02 1.00413326E-02 1.32506220E-02
23 17-2.06039938E-02-4.19168783E-02 3.45092280E-01-3.68379576E-01-5.88147772E-03
23 18 7.49108730E-02-3.62236241E-02 4.29809668E-02-5.47126871E-01 2.56240288E-01
23 19-4.15599943E-02-4.75582425E-02-2.67654878E-02 6.93258564E-02-2.92741727E-02
23 20-1.25108119E-02 4.47507418E-02-1.88891566E-01 3.46898702E-01-1.36999768E-02
23 21-3.20155137E-02-9.64891995E-03 1.27930414E-01 2.99651120E-01 1.25127569E-01
23 22 4.61276870E-02-2.21419226E-02 7.06182316E-04 9.12860508E-03-1.34824683E-02
23 23-3.29712796E-02
24  1 1.23869439E-03-6.64337229E-02-5.09750111E-02 7.36756234E-03-1.11448791E-01
24  2 1.75060947E-01 9.47796139E-03-6.66633506E-02-2.92392053E-02-2.10076849E-02
24  3 3.73390422E-01 3.02651365E-01 2.12188060E-01-1.21117249E-02-9.12492621E-02
24  4-7.28367785E-02 3.62423185E-02 3.32433077E-02-2.69577794E-02-1.38452931E-01
24  5 3.88965662E-01-3.43179868E-01-7.64157963E-02-3.02391705E-02 4.16823370E-03
24  6 5.56671819E-01 1.21804000E-01-9.30106663E-02-2.54501828E-02-8.79666950E-02
24  7-1.03177021E-01 4.29901337E-02 3.45451774E-02-1.70035067E-02-3.47519656E-02
24  8 4.18220251E-02 3.00050883E-02-7.19309256E-02 1.41768966E-01 8.26351294E-03
24  9-1.05871264E-02 5.87682154E-03-8.51155277E-02 8.68980123E-02-4.75341139E-02
24 10 8.92900351E-03 5.08561922E-03 1.89976400E-02 6.16858947E-03-8.62218233E-03
24 11 4.65987484E-03 1.53584660E-03-1.66554872E-01 1.44267874E-01 1.57785868E-02
24 12 7.64570510E-03-2.53107440E-02-1.44986065E-01-4.78449548E-02 2.08088279E-01
24 13 1.89925099E-02 5.83374551E-04 3.85243639E-02 1.64237514E-02-1.11837610E-02
24 14-1.06515492E-02 1.79855594E-02 9.22676761E-03-1.13588484E-01 1.81829974E-02
24 15 6.33077083E-04-7.96389811E-03-1.24919942E-01 5.02275709E-02 1.18619080E-01
24 16-1.75170624E-02 1.41867855E-02 2.28609191E-02-8.55836155E-03 2.77551152E-04
24 17 1.58420260E-02-4.31395794E-02 6.60802225E-02-1.76766126E-01 3.63048726E-02
24 18 2.97455856E-02 3.98068283E-02-2.63261387E-01-1.93797881E-01-3.04543279E-01
24 19 2.77014756E-02-1.87355225E-02-2.82053678E-02 2.29774653E-02 3.20177033E-02
24 20-4.34235154E-03 5.37320493E-04 5.36205473E-02-6.23478451E-02 9.34068972E-03
24 21-2.98358402E-03-4.87927335E-03-8.87379491E-02 3.53559096E-02 2.48208635E-02
24 22-1.21540899E-02-9.36533935E-03 6.92564167E-03 5.13993792E-03 1.30328941E-04
24 23-4.20632229E-04
25  1-3.76050984E-04-2.05106159E-02-4.22785483E-02 4.42072342E-03-3.48301467E-02
25  2 1.42783663E-01-2.80763272E-01-2.22537600E-02-3.21919999E-02 2.97465919E-02
25  3 1.73609695E-01 2.50529441E-01-2.04654079E-01 1.24860827E-02-3.59382168E-02
25  4-1.79785646E-02 2.28316995E-02-2.47497725E-02-1.21900882E-03-4.34852202E-03
25  5-2.14887936E-01 3.52887880E-01-1.70227214E-02 9.74933613E-03-2.26017352E-02
25  6 9.85479123E-02-1.44325683E-01 7.46115442E-02 1.74499274E-02-1.51983599E-02
25  7 2.80157512E-03-8.05436121E-03 1.13378323E-02-2.04634332E-02 8.03608859E-03
25  8 3.95159776E-02 2.01827205E-02-4.82986405E-02 1.54617538E-01 2.57887275E-02
25  9 6.32879365E-03 6.20450659E-03-2.87598551E-01-5.86559239E-02-4.19832454E-02
25 10-8.58648726E-03 1.95628993E-02 1.60298631E-02 1.50320119E-02-3.76408739E-02
25 11-1.33301888E-02 1.63122407E-02 3.78961196E-02-8.20271460E-03-2.88413806E-02
25 12 1.29208611E-02 3.63638017E-02 3.10022178E-01-1.99577899E-01-3.20068663E-01
25 13-2.15016701E-03 5.87320509E-02-3.85718315E-02-4.51199363E-02 3.15307007E-02
25 14 1.77913910E-02-4.26764296E-03 5.69888300E-02-1.26594858E-01-3.18501332E-02
25 15 1.92718259E-02 2.81577087E-02 3.52952562E-01-1.67069912E-01-2.93859392E-01
25 16 6.92041818E-02-2.92095604E-02-4.43815161E-02 2.05140046E-02-1.29254650E-03
25 17-4.06723510E-02 1.51567297E-02-1.96769211E-01 7.36419885E-02 1.35373489E-02
25 18-4.49605542E-02 1.42332027E-02-1.15190647E-01 3.41314708E-01-1.25228893E-01
25 19 4.25789629E-02 2.96741484E-02 1.38605077E-02-4.14833481E-02 1.41705325E-02
25 20 6.67898937E-03 1.49714583E-02 2.30462788E-01-2.55732980E-01 3.18258418E-02
25 21-1.12897735E-04-1.37040757E-02-2.45056824E-01-3.24150768E-02 1.26112097E-03
25 22-3.66050042E-02-9.26512305E-03 1.65568830E-02 5.60343098E-03 6.67747779E-03
25 23 1.91517124E-02
26  1-4.30779728E-04 2.53242389E-02 2.25919511E-02 4.47353707E-03 6.25802166E-02
26  2-1.49139780E-01 1.68543125E-01 3.77500680E-02 2.55780112E-02-1.29450139E-02
26  3-2.44698809E-01-2.25259960E-01 6.57896681E-02-4.73928267E-03 5.11225207E-02
26  4 3.61171421E-02-2.17531798E-02 5.89647732E-03 7.36631615E-03 3.22753363E-02
26  5-3.39003522E-02-8.00780905E-02 2.75058356E-02-4.28028427E-03 8.48461398E-03
26  6-1.96358525E-01 9.36283793E-02-4.53170783E-04-7.20494611E-04 3.73325766E-02
26  7 2.84762350E-02-4.47730737E-03-1.52312907E-02 1.92284499E-02-1.19206768E-01
26  8 1.14427607E-01 8.32394427E-02-1.68661146E-01 3.67162641E-01 3.57530618E-02
26  9-2.13480600E-02 2.03989405E-02-3.89653515E-01 1.61445195E-01-1.39292177E-01
26 10 1.53334279E-02 2.53858995E-02 5.40453498E-02 2.40140792E-02-4.51725854E-02
26 11 1.54826342E-03-7.45906719E-03-5.60615550E-01 6.74619200E-01 4.24910035E-03
26 12 4.59284382E-02-4.35513906E-02 2.04711476E-02-2.53106122E-01 3.27159924E-01
26 13 4.55384304E-02 1.28696421E-02 6.90719161E-02-1.54578244E-02 7.37850064E-03
26 14-8.45561275E-03-2.37618995E-02 1.30487932E-01-5.50083497E-01-3.17713006E-03
26 15 9.44663237E-03-1.90398544E-02 9.21895513E-02-4.87880800E-02 2.55287530E-01
26 16-8.02964799E-03-3.42905397E-02 1.73952498E-02-1.68787820E-02 1.84671792E-02
26 17 7.42814250E-03 4.06870092E-02-9.42012348E-02 1.38458492E-01-1.41519905E-02
26 18 6.93114279E-03 2.26611114E-02 8.92897514E-02-5.55641488E-02-1.69310659E-01
26 19 9.28711682E-03 1.75642300E-02 1.42959288E-02 6.46349205E-03 2.25109515E-02
26 20-1.08914116E-03 2.22261833E-02 2.71343228E-01-4.39121668E-01 4.41222315E-02
26 21-1.39519757E-02-1.50743258E-02-3.62586604E-01 8.58028725E-02 1.34192043E-02
26 22-4.10343573E-02-2.01493167E-02 3.76407782E-02 1.44462422E-02 2.56059517E-03
26 23 1.44351477E-02
27  1 3.59668060E-04 4.85417873E-02 4.24165679E-02 1.09131074E-02 1.04822656E-01
27  2 8.18741837E-02 1.14745047E-01 4.94980699E-02-6.67106216E-02 4.25259567E-02
27  3-2.48251087E-01 4.90827696E-01-3.41920922E-01 4.54341108E-03 9.85054186E-03
27  4 3.01671808E-02 4.84034668E-02-4.26804089E-02-2.86929482E-04-1.49634799E-01
27  5 2.68911968E-01-1.78371713E-01-3.34325762E-02 2.68009444E-02-7.66505655E-02
27  6 2.08098370E-01-3.55767312E-01 4.74935848E-01-5.71228593E-02-1.21535113E-01
27  7-3.16481901E-02-2.15059866E-02 4.24068292E-02-2.17993589E-03-4.91852228E-02
27  8 1.76911777E-02-3.20057756E-02 1.37012100E-01 9.79879349E-02-1.08340978E-02
27  9 4.78994674E-03-1.27802875E-02 1.46217716E-01-7.04358732E-02 3.21547595E-02
27 10-1.58284760E-02-1.69124958E-02-2.44290900E-02-1.52163442E-02 1.63945159E-02
27 11-9.14314161E-03-5.06870832E-02 1.65428736E-01-1.05464664E-01 7.88644130E-04
27 12-2.53399075E-04-2.32230607E-02 1.30466964E-02 6.28516068E-02 2.44748335E-01
27 13-3.15852051E-02-5.87633968E-02-3.71151139E-03-5.32172638E-03-1.81041131E-05
27 14-1.35495294E-02-4.49838790E-02-1.90814699E-02 1.32345640E-01-1.15844012E-02
27 15-5.25125348E-03-2.67323288E-02 9.69522274E-03-5.44200650E-02 2.49880953E-01
27 16-3.30915511E-02-3.53155375E-02 1.00624204E-02-2.28408945E-02 1.32393972E-02
27 17 5.17360047E-03 3.45946382E-02 2.11379791E-01-1.14073789E-01-3.25473309E-02
27 18-7.68567187E-03-5.84431511E-03 1.55111011E-01 6.67682439E-02 8.56928179E-02
27 19-1.66471351E-02-1.96813869E-03 3.29686357E-03-9.77051214E-03-1.09903029E-02
27 20 1.28925015E-03-6.06937028E-02 4.52138699E-01-3.03445164E-01 3.41068301E-03
27 21 6.19354331E-03-2.15826120E-02-7.43728207E-02-2.15477167E-02 2.84781193E-01
27 22-6.39350305E-02-5.81238993E-02-8.47495943E-02 4.42960720E-03 1.24008397E-02
27 23-1.77319582E-02
28  1 4.82334048E-05-7.14637536E-03-1.72596407E-02 1.50803932E-02-1.68284300E-01
28  2-7.99166345E-02 8.91562691E-02-8.53107111E-02 2.00415857E-02 1.23159192E-03
28  3 4.16886184E-01-4.69869873E-02 5.38488407E-02-1.40062624E-02-6.44629807E-02
28  4-6.11619214E-02-1.56877098E-03 1.22476453E-02 1.27656420E-03 1.68174029E-01
28  5 3.57032605E-02-1.52577993E-03 3.55317256E-02 3.03129384E-02 6.34385625E-02
28  6-1.52051485E-01-7.85476834E-02-3.42875492E-01 4.38939422E-02 6.49160066E-02
28  7 2.88219157E-02 1.06219951E-03-1.85672311E-02-1.83267083E-02-8.40396622E-02
28  8 2.69734617E-02-5.72260641E-02 1.66743572E-01 1.47016871E-01-1.60967656E-02
28  9 1.05050894E-02-2.17162634E-02 1.97808971E-01-1.13883829E-01 6.06148878E-02
28 10-2.46786754E-02-2.43098422E-02-3.34965553E-02-2.11150203E-02 2.09447316E-02
28 11-1.33112990E-02-7.26412150E-03 1.18829005E-01-5.00873301E-02-7.50293399E-03
28 12-6.78469071E-03-6.22745784E-03 1.11600254E-01 3.89943565E-02 1.57508545E-01
28 13-1.31779297E-02-3.38690903E-02 5.15455008E-03-2.01481584E-02 5.70847751E-03
28 14-1.06290207E-02-8.55239498E-02 3.24339127E-02-3.79198655E-02-2.28264182E-02
28 15-9.69328503E-03-4.03490622E-02 1.50151313E-01-1.79664166E-02 3.65163578E-01
28 16-2.71255546E-02-5.04404329E-02 5.67302996E-03-1.46497131E-02 2.43271579E-02
28 17 5.58765610E-03-2.52653682E-02 1.65059436E-01-2.16117916E-01-3.07744104E-04
28 18-3.37067766E-02-3.79566504E-02-4.83391285E-02 2.69262829E-01 3.37935435E-01
28 19-8.51055376E-03-1.39201229E-02-2.36183534E-03-3.26051392E-02-4.55570277E-02
28 20 8.21723580E-03-5.96981873E-02 6.26608768E-01-4.32891205E-01 1.13754851E-02
28 21 6.05960069E-04-3.23760102E-02-1.36641877E-01 1.96012180E-02 3.92035292E-01
28 22-8.07152632E-02-7.76063616E-02-1.05683874E-01 8.45409471E-03 1.49349448E-02
28 23-2.28096589E-02
29  1-6.83278782E-04-3.72591540E-03-2.47313890E-02 2.44406087E-02 3.66008364E-02
29  2-4.35554540E-02-1.00595937E-02 2.18071352E-02 1.21428904E-02-9.37301669E-03
29  3-1.41734135E-01-1.23093402E-01 5.10236890E-02-3.55451753E-03 2.40934291E-02
29  4 1.90111203E-02-1.04765192E-02 4.65813702E-03 1.42730411E-03-7.16749334E-03
29  5-1.67337791E-01 1.04761292E-01 2.10578380E-03-2.08404608E-02-1.30951703E-03
29  6-5.35954211E-02 1.52300926E-01-2.41968357E-02 5.46369880E-03 2.47598623E-02
29  7 4.46232113E-03 4.48241390E-03-9.78585094E-03 8.83345746E-03 3.96956257E-02
29  8 4.88731595E-02-6.43848341E-02 3.09935660E-01 3.72932382E-01-1.90594997E-02
29  9 9.72427199E-03-2.43878044E-02 2.87533097E-01-1.57123743E-01 6.89723982E-02
29 10-3.49573844E-02-3.49378329E-02-4.11839064E-02-3.14904605E-02 3.02464163E-02
29 11-1.86458633E-02-7.89080264E-03-2.25040483E-02 2.74218081E-02 9.88548305E-03
29 12 6.15768574E-04 1.08731679E-03-1.33035923E-01-1.54255101E-01-2.04983759E-02
29 13 4.74164147E-03 5.84142608E-02 5.45047578E-03 1.78463548E-02-7.13344688E-03
29 14-1.07401656E-02 8.96929067E-02-7.25697303E-02 1.74308219E-02 2.74793078E-02
29 15 1.44014129E-02 3.64897111E-02-1.92387045E-01 1.12292775E-04-3.47038017E-01
29 16 2.31104005E-02 5.11995673E-02-1.72234197E-03 6.49219991E-03-3.34702208E-02
29 17-8.04552823E-03 7.95101667E-03-1.92175920E-01 2.76728079E-01 1.25223775E-02
29 18-3.75895052E-03 4.41432387E-02-8.30409911E-02 1.95491253E-02-3.47402193E-01
29 19 2.31096840E-02 1.19938756E-02-3.04864893E-04-4.66671222E-04 3.79913972E-02
29 20-2.43536525E-03-1.01345775E-01 1.38857106E+00-1.28056410E+00 2.12154645E-02
29 21 4.83832690E-04-7.25267555E-02-1.82276541E-01 3.31169932E-03 6.91419540E-01
29 22-1.47574069E-01-1.49554106E-01-1.76041499E-01 9.61224363E-03 1.55547982E-02
29 23-3.41249868E-02
30  1 2.76378072E-05 5.12168521E-02 1.32930753E-01 3.51988049E-03-1.32394583E-01
30  2-2.11630035E-02 1.91941354E-01-6.13772927E-02-1.09005276E-02 1.80252321E-02
30  3 2.90517260E-01 2.13556471E-01-7.67756221E-02-1.93376775E-02-6.79481935E-02
30  4-5.57772294E-02 2.37774750E-02-4.98275477E-03 9.56056088E-04 1.19916265E-01
30  5 2.15309394E-01-1.26816395E-01 3.20286187E-02 5.42361432E-02 2.77397796E-02
30  6-1.30586861E-01-3.58012260E-01-1.27394343E-01 1.52584010E-02 2.42205976E-03
30  7 1.87395471E-02-1.82159221E-02-2.36675296E-03-2.71323796E-02 2.87045166E-02
30  8 2.09463013E-02 1.48580097E-02-7.01171625E-02-8.20010190E-02 2.22060492E-03
30  9-1.07644269E-02 1.99295501E-03-3.27975345E-02 1.00233192E-01 4.18022738E-02
30 10 1.44583123E-02 5.89494359E-03 3.58951233E-02 3.12149987E-03 3.67454443E-04
30 11 6.17576269E-03 5.39404496E-02-7.62894676E-01 9.03484707E-01 1.00068577E-02
30 12 2.68205160E-02-6.30820221E-03-1.55155000E-01-1.87899158E-01-5.45805237E-02
30 13 7.83581707E-02 7.97013156E-02 6.34687605E-02 2.35208154E-02-1.08017011E-02
30 14 3.80509239E-03 7.67935198E-02-7.60607668E-02-3.31239790E-01 3.45917288E-02
30 15 2.30803735E-03 2.22081187E-02-2.45666338E-01 1.36804895E-01-1.97598519E-01
30 16 1.24999472E-02 6.30675363E-02 1.65860199E-02 1.01613999E-02-2.39369053E-02
30 17 1.14005009E-02 1.34613038E-01 2.86118483E-01-1.49692807E-01-8.04026446E-02
30 18 5.00485226E-03 1.23246982E-02 5.00119634E-01-4.17391188E-02-9.28890742E-02
30 19-2.60105861E-02 2.60580524E-02 2.40035758E-02 3.08080099E-03 2.09473464E-02
30 20-2.19644181E-03 4.73991134E-02-6.62267206E-02-5.64335754E-02 8.19314311E-03
30 21-2.43872005E-02-3.75228249E-03-4.71977731E-02 2.05308437E-01-2.59617736E-02
30 22 2.43709845E-02-1.03885092E-03 3.60941908E-02 1.21009194E-02-6.25771206E-03
30 23-6.45710681E-03
 $END   
 $GRAD  
E=     -493.2827069451  GMAX=   5.3290547  GRMS=   2.6269316
CL          17.    1.2742594750E+00    1.4539733713E-01    1.2252430212E+00
C            6.    5.3290546610E+00    7.1414226247E-01    1.7817253393E+00
C            6.   -4.8872171761E+00    2.1917949691E+00   -4.7516086528E-01
O            8.    1.2409947427E-01   -2.1110850443E+00    2.6774440677E+00
H            1.   -4.8902509005E+00    1.4336638641E+00    5.8229841322E-01
H            1.   -2.9228587210E+00   -2.4458855753E+00   -3.2665194270E+00
O            8.    2.7254925656E+00   -7.0273227452E-01    4.6169500604E+00
O            8.    3.0267831951E+00   -3.2876454060E+00    1.1878387749E+00
H            1.   -1.0497503977E+00    2.0457609772E+00   -3.9024456506E+00
H            1.    2.2549881428E-01    2.6874085745E+00   -2.1871161340E+00
H            1.   -2.9943111561E+00   -2.6037799519E+00   -2.4120752831E+00
H            1.    5.3009364649E+00   -1.4449972792E-01   -1.1472554679E+00
H            1.   -1.2617362988E+00    2.0774599955E+00    1.3190731512E+00
 $END
-------------------- DATA FROM NSERCH=   2 --------------------
 COORDINATES OF SYMMETRY UNIQUE ATOMS (ANGS)
   ATOM   CHARGE       X              Y              Z
 ------------------------------------------------------------
 CL         17.0   3.3045985459   0.1957163842   0.3935439133
 C           6.0   2.1919259053   0.8999935974  -0.9755586998
 C           6.0   3.0884305260   1.8654072258  -1.7727718322
 O           8.0   2.4785086916   2.8173473016  -2.4295348340
 H           1.0   1.4246539848   1.3529464511  -0.4893630616
 H           1.0   1.9824379461   0.0801365601  -1.5493582377
 O           8.0   3.5530600337   0.0608808959  -3.9457106549
 O           8.0   3.7683525981   2.6538345757  -4.8823355940
 H           1.0   3.5977758512   3.0166333368  -5.6700309941
 H           1.0   3.6538152069   0.8602617664  -4.3881437178
 H           1.0   3.0000567913  -0.4882955434  -4.3487562912
 H           1.0   4.0748240038   1.7491816674  -1.8013023414
 H           1.0   3.3056299153   3.0518357811  -4.1834976545
--- CLOSED SHELL ORBITALS --- GENERATED AT 17:28:32 12-AUG-2026    
Chloroacetaldehyde hydrate and water                                            
E(R-WB97X-D)=     -496.7256001008, E(NUC)=  287.1798295128,   13 ITERS
 $VEC   
 1  1 9.99996115E-01 8.48285654E-06 2.13127443E-06-1.26209594E-06 1.94409166E-04
 1  2-1.02356207E-03 4.40021891E-04-1.66048680E-06 1.50074679E-06-5.91233582E-06
 1  3 2.82968360E-06-1.22633446E-05 3.86557070E-06 2.00267296E-04 2.21886127E-04
 1  4 2.13968937E-04-1.14556282E-05-8.20083806E-06 2.25438776E-05 2.38803041E-04
 1  5-1.26106613E-03 6.92910683E-04-5.72747876E-06-1.23146023E-05-6.24056310E-06
 1  6-1.83560487E-06 3.72145249E-05 2.32956942E-05 2.40000389E-04 2.59067314E-04
 1  7 2.53878459E-04-1.24894065E-05-1.11572108E-05 2.25718723E-05 5.28732614E-07
 1  8-2.73408251E-07 1.02532377E-05-5.62360089E-05 8.60262381E-05 1.50659652E-06
 1  9 2.15896913E-06-6.92192567E-06-2.08660118E-06-6.54602549E-06 1.15902200E-05
 1 10 1.02415631E-05 1.12362734E-05 5.80770501E-06 2.72872770E-07 1.34348412E-06
 1 11-9.69764242E-07-2.15138886E-05 1.21443860E-04-5.97258825E-05-2.46130425E-06
 1 12 2.06193543E-06 1.11097529E-05 2.55872084E-06-3.04588548E-06-2.30522830E-05
 1 13-1.53960341E-05-1.90197241E-05-2.20219802E-05-1.21273194E-06 6.67132157E-07
 1 14-2.51011717E-06-2.62161546E-05 1.54818398E-04-1.58482248E-04-5.83254708E-06
 1 15 8.79951094E-06 2.36113731E-05 1.05084350E-05-2.50430328E-05-5.20050053E-05
 1 16-1.99890366E-05-2.32766900E-05-2.71755988E-05-3.11651933E-06 4.65384233E-06
 1 17-6.49697745E-07 1.01319812E-04-4.97408958E-04 1.76146443E-04-2.91784227E-05
 1 18-1.72068773E-05 1.90692998E-05 7.44195378E-05 4.54120391E-05-4.46491886E-05
 1 19 1.01292472E-04 1.10310525E-04 1.15777305E-04-7.41360572E-06 5.34380801E-06
 1 20 1.08959407E-06-2.93563684E-05 1.57725652E-04-1.44324412E-04 1.41148983E-06
 1 21-3.80995870E-06 9.79477820E-07-4.21998104E-06 6.85937514E-06-9.24091676E-07
 1 22-2.71276665E-05-2.76304298E-05-2.96024566E-05 3.92041699E-07-1.27727507E-07
 1 23 1.08804655E-06
 2  1 6.30232501E-05 6.50141286E-04 4.17635482E-04-1.62042543E-02 1.91019560E-03
 2  2-9.25717326E-03 1.29379182E-02-3.28679055E-04 4.53740879E-04 5.24227323E-04
 2  3 8.05770682E-04-9.46675694E-04-1.12837929E-03 1.82711048E-03 1.27818544E-03
 2  4 1.41890150E-03 2.80571786E-04 1.76724275E-04-5.78888049E-04-8.85079816E-03
 2  5 4.31286211E-02-2.82463956E-02-4.18305341E-04-2.01421031E-04 5.13923050E-04
 2  6 1.74844623E-03 2.57486018E-04-2.28465948E-03-7.85376820E-03-7.96873516E-03
 2  7-7.66469218E-03 2.18582380E-04-2.78430095E-04-2.70405053E-04 8.04718523E-01
 2  8 2.84841078E-01-2.39339961E-02 2.24872506E-02 3.60554362E-02-2.76180815E-03
 2  9 1.49257945E-02-2.27702681E-02 1.81547621E-02-5.22941284E-02 7.00899722E-02
 2 10-2.45586145E-02-7.17818423E-03 4.04402322E-02-1.11967060E-02 2.12109866E-02
 2 11-4.16445369E-02-8.50775277E-02 2.24582755E-01-1.40712500E-01 6.93980961E-03
 2 12 6.64924757E-02-2.81706232E-02 4.15052262E-03-1.57936444E-01 9.80928746E-02
 2 13-8.55385186E-02 4.74810579E-02-2.59678208E-02 8.21306159E-03-7.72541264E-03
 2 14-1.06088170E-01-7.69028937E-02 1.34272138E-01 1.69756878E-02-3.21926054E-02
 2 15-4.12446972E-02-1.92515362E-02 1.26520301E-01 1.22624661E-01 1.01836785E-01
 2 16 2.47418852E-02 5.70985701E-03-1.58319821E-02 1.11559749E-01 9.70773867E-02
 2 17 9.03178746E-02-7.29132703E-03 3.28248444E-02-6.75083914E-03 3.10290212E-04
 2 18 1.23208452E-03 1.89220425E-03-1.56681781E-03-4.15878587E-03-7.04689058E-03
 2 19-6.61387958E-03-6.63076494E-03-5.57838511E-03 2.88791936E-04 2.44943655E-04
 2 20 6.16155846E-04-3.28564424E-02 7.79749466E-02 4.47940689E-03-1.23820952E-02
 2 21 2.04754098E-02 1.88321383E-02 3.61867705E-02-6.06997097E-02-3.79840545E-02
 2 22-1.85381172E-02-1.58328401E-02-6.48211915E-03-2.15331694E-02-2.96508766E-02
 2 23 2.71283836E-02
 3  1-4.26792671E-05-2.53136164E-04 3.85436612E-04-6.02271729E-02-7.81308298E-04
 3  2 4.24376371E-03-6.81427310E-03 4.86182495E-04-2.01684740E-04-3.25674960E-04
 3  3-1.29360384E-03 4.54203880E-04 8.40650964E-04-8.25368296E-04-5.01155935E-04
 3  4-5.53210753E-04-1.18310426E-04 1.35902097E-05 1.63061334E-04 3.95111841E-03
 3  5-1.90739229E-02 1.11617653E-02 5.07748133E-04-3.03413725E-04-3.08106298E-04
 3  6-1.72687316E-03 8.02707299E-04 1.38608033E-03 3.44915339E-03 3.65543667E-03
 3  7 3.50730188E-03-1.52600214E-04 6.40064553E-05-2.06230229E-05-2.87487559E-01
 3  8 8.06442263E-01-8.14500069E-02 1.59593391E-01-1.99511707E-02-6.71142082E-03
 3  9 1.93052338E-02-5.32465747E-02 4.76302324E-02-9.31407082E-02 1.77744109E-01
 3 10-7.34490407E-02-3.47601013E-02 1.08370578E-01-3.00302963E-02 6.04162710E-02
 3 11-1.16957486E-01 3.44629535E-02-8.22811151E-02-1.18338097E-03-4.05296756E-03
 3 12 1.51655735E-03 5.44143337E-03-8.45241383E-04-4.55598388E-03-2.49757593E-02
 3 13 4.50684860E-02-1.11717396E-02 2.18370341E-02 1.17539791E-03 2.51518478E-03
 3 14 3.89479764E-02 3.72756197E-02-9.38438320E-02 2.76857008E-02 1.32176707E-02
 3 15 1.38279667E-02 7.57221342E-03-5.59199484E-02-5.25383088E-02-3.83665205E-02
 3 16-2.95411169E-03-2.39434022E-04 1.48448193E-02-4.61463412E-02-3.50079711E-02
 3 17-3.27535830E-02 2.84032627E-03-1.64301479E-02 1.84439416E-02 7.03835437E-04
 3 18-6.00783725E-04 2.45615703E-03-1.68855333E-03 2.19799443E-03-6.08766742E-03
 3 19 1.92843325E-03 1.85678230E-03 2.55092668E-03-2.38814646E-04 2.78722955E-04
 3 20-3.11245222E-04-8.12558898E-02 1.96818688E-01-6.17283669E-02-3.03471177E-02
 3 21 2.79708772E-02 5.07697806E-02 9.04630813E-02-9.04366579E-02-1.05919461E-01
 3 22-3.26217749E-02-4.13039641E-02-1.60520788E-03-5.81812569E-02-8.32732821E-02
 3 23 7.71423864E-02
 4  1-2.16286305E-04-2.02674594E-03 7.05717624E-04 9.92032805E-01 1.20063887E-02
 4  2-5.79415141E-02 3.12136121E-02 1.96238358E-03 1.64342746E-03-3.55598053E-04
 4  3-4.88992591E-03-5.12797638E-03 2.19440969E-04 1.09862900E-02 1.24152481E-02
 4  4 1.22428424E-02-5.50582275E-04 3.29355645E-04 6.65847909E-04 3.44411260E-03
 4  5-1.40588447E-02-1.30568269E-02 2.22845381E-03 2.63860475E-03-2.98641471E-05
 4  6-6.96203696E-03-6.87522980E-03 5.40390867E-04 3.16568714E-03 4.07422489E-03
 4  7 4.46394299E-03-1.35848376E-03-2.41987765E-04 7.51405256E-04-4.19446101E-03
 4  8 5.54531606E-02-1.58241324E-02 6.17940204E-02-8.25961147E-02-2.16487803E-03
 4  9 3.37598135E-03 1.47071703E-03 6.46536510E-03-1.14244958E-02 5.91379796E-03
 4 10-1.57340692E-02-1.22536663E-02 3.66051224E-03-2.31125476E-03 2.98079762E-03
 4 11-7.55600799E-03 1.71508355E-03-3.24039578E-05-5.33783691E-02-1.80208999E-03
 4 12 4.07477122E-03 5.74310711E-03 5.85523952E-03-1.25095547E-02-1.66876619E-02
 4 13 3.16626416E-03 6.52661621E-04 2.20364173E-03-4.96447022E-04-1.22227959E-04
 4 14-5.91213878E-04-8.80886872E-04 5.78964360E-03 1.37361078E-02-3.72220648E-04
 4 15-1.26969591E-03 2.02326790E-04 5.25744496E-04 3.65523770E-03-1.02059016E-04
 4 16-1.64620819E-03-1.55330510E-03-9.49691890E-04-1.45490896E-03-1.61299804E-04
 4 17 2.42220930E-04 3.81282036E-02-1.87263312E-01 1.08853941E-01 3.31507025E-03
 4 18 2.05207483E-03-9.36206310E-04-5.28416179E-03-6.99011896E-03 4.38050812E-03
 4 19 3.45638466E-02 3.39763409E-02 3.32349260E-02 5.77559368E-04-4.45987920E-04
 4 20 1.62645412E-03 4.23050661E-02-2.28608367E-01 1.97307074E-01 2.12987653E-04
 4 21 6.46996278E-03 5.52077308E-03 2.48233526E-03-1.71757685E-02-1.84511961E-02
 4 22 3.82616078E-02 3.97573839E-02 3.90785753E-02-4.12138968E-03-5.89120525E-03
 4 23 5.81716775E-03
 5  1-8.65144984E-05-2.06813148E-01 8.38818960E-01-3.87416220E-03 3.22512498E-02
 5  2-1.18254319E-01 4.46339353E-02 1.78225824E-02-7.30724041E-03-6.99666016E-03
 5  3-4.71520986E-02 1.43774059E-02 1.49853482E-02 6.98474869E-03 3.05989616E-02
 5  4 2.80863714E-02 1.46119002E-02 1.57390252E-02-4.86412696E-03 3.51397459E-02
 5  5-1.23439944E-01 1.46186541E-02 1.21810043E-02 2.16112571E-02 1.36270629E-02
 5  6-3.18393569E-02-5.38272027E-02-3.47167043E-02 3.63748866E-02 1.49661821E-02
 5  7 2.80632911E-02-1.29198401E-02-9.09622239E-03-1.90215751E-02-1.14089109E-05
 5  8-1.01978010E-03 3.79139921E-03-1.89694714E-02 2.44380509E-02-3.76455160E-05
 5  9 7.69796736E-04-9.16722515E-04 4.97770286E-04-2.57021528E-03 7.10030934E-04
 5 10 3.38593010E-03 3.71629398E-03 1.33369656E-03 7.86512221E-05 5.37128065E-04
 5 11-2.36748365E-04-5.00829858E-03 2.78377193E-02-2.90902699E-02-9.37728117E-04
 5 12-4.16564549E-04 2.83841070E-03 3.55072947E-03 5.36047664E-03-4.62784785E-03
 5 13-2.57078856E-03-3.94134074E-03-2.90189517E-03-9.23374029E-04 1.91101119E-04
 5 14 5.11636743E-04-3.07823754E-03 1.41531183E-02 3.88856996E-03-7.32670414E-04
 5 15-1.54796055E-03-3.64585300E-04 2.46756895E-03 5.17628453E-03 1.04159367E-03
 5 16-2.83379312E-03-2.41039382E-03-2.91769068E-03 2.13240352E-04 3.12677023E-04
 5 17 4.79020952E-04-1.51921865E-01 5.00645847E-01-5.26007630E-02 1.19506791E-01
 5 18-1.34519429E-02-3.00552914E-03-3.56007623E-01 4.15914421E-02 8.14314685E-03
 5 19 5.79706072E-02-1.60957093E-01-1.63566914E-01-3.10835189E-02-8.40495590E-03
 5 20-2.91913562E-04-6.97467050E-03 3.62797875E-02-3.38725107E-02 7.45925274E-04
 5 21-1.54354237E-03 2.21204653E-03-1.19282360E-03 1.75253834E-03-3.45664128E-03
 5 22-4.31771902E-03-4.36512180E-03-3.83405319E-03 1.76917660E-04-9.75386441E-06
 5 23-1.22980103E-04
 6  1 4.36553114E-04 8.11920337E-01 2.13339034E-01 3.60176907E-03-1.09704336E-01
 6  2 3.63888055E-01-5.98638606E-02-7.56592463E-02 3.34533490E-02 3.59249812E-02
 6  3 2.07810956E-01-7.67368327E-02-8.82517854E-02-1.02182678E-02-1.01713052E-01
 6  4-9.21370683E-02-6.13582580E-02-6.61953977E-02 2.42737130E-02-1.09335307E-01
 6  5 3.72486044E-01-8.66771120E-02-2.95332293E-02-6.52095312E-02-4.84396449E-02
 6  6 9.29981786E-02 1.64985122E-01 1.18670594E-01-1.08983418E-01-2.69419866E-02
 6  7-7.36501797E-02 4.70554040E-02 3.58619646E-02 7.16535421E-02-1.40235353E-03
 6  8-7.31572113E-05 1.62064760E-04-9.92274970E-04 2.22624655E-04-1.36888834E-04
 6  9 3.32814585E-04 1.04865071E-04 3.30106275E-04-1.07688488E-03-1.18937054E-04
 6 10 1.05084156E-04 2.33452663E-04 1.85293376E-04-4.35190728E-05-2.84756588E-05
 6 11-8.02742766E-06-2.71355703E-03 1.32528992E-02-1.77756735E-02-5.55406441E-04
 6 12-6.46344124E-04-7.01151952E-04 1.97126900E-03 2.90292675E-03 2.39854459E-03
 6 13-2.45816047E-03-2.88543584E-03-1.93550823E-03-6.00513250E-05 4.84483979E-05
 6 14 6.33352668E-04 4.04170356E-03-2.35304581E-02 3.28884588E-02 3.12861017E-04
 6 15-1.72714082E-03-2.41170549E-03-6.19626844E-04 5.11888855E-03 6.24319651E-03
 6 16 2.67906282E-03 3.04119549E-03 3.55572193E-03-3.12044462E-05-4.92014753E-04
 6 17 2.90805926E-05-4.57432896E-02 1.64975653E-01-4.12518197E-02 2.68633281E-02
 6 18-5.41527447E-03-8.32405788E-04-8.58631594E-02 1.30694535E-02 3.11949665E-03
 6 19 1.06003131E-02-4.49872274E-02-4.54788740E-02-8.07328921E-03-2.31730279E-03
 6 20 8.28619662E-05 3.77231370E-04-2.74872723E-03 7.13043799E-03-3.73085382E-05
 6 21 3.14650513E-04-1.02110054E-04 4.34573597E-04-1.69152216E-03 8.80968051E-04
 6 22 5.14407850E-04 5.50197404E-04 8.23009759E-04-1.84759198E-05 6.27372609E-05
 6 23-2.55408440E-04
 7  1 6.25828165E-03 1.83427869E-01 1.40313272E-01 4.11561954E-02-1.43223616E-01
 7  2 7.57932789E-01-7.70358096E-01 4.43081738E-02-5.71453097E-03 1.87140156E-02
 7  3-1.88536816E-01 2.41103544E-02-6.99190390E-02-1.01173716E-01-8.28657461E-02
 7  4-7.81900296E-02 3.51161950E-03-1.47117523E-02 7.69687545E-03-1.59575272E-01
 7  5 8.28667104E-01-7.67897175E-01 3.47522033E-02-3.83340729E-03 2.89052608E-02
 7  6-1.44244889E-01 6.13013054E-03-1.17336615E-01-1.08892389E-01-8.38793359E-02
 7  7-1.09496390E-01-2.28563599E-03-1.62771803E-02 3.31097392E-03 1.54186789E-04
 7  8-5.26412394E-04-2.88839218E-03 1.82846530E-02-4.74624793E-02 2.43326919E-04
 7  9-2.94104564E-03 1.83802731E-03-1.48117378E-03 1.33037929E-02-1.12230800E-02
 7 10-1.03383532E-03-2.79861330E-03-3.39644454E-03 7.19915505E-05-7.15836895E-04
 7 11 1.34940138E-03 2.39331450E-02-1.60030105E-01 1.89499859E-01-6.90458627E-04
 7 12-3.62295294E-03-1.34627150E-02 1.94906919E-03 1.19535627E-02 4.64995931E-02
 7 13 1.52954270E-02 1.82621966E-02 1.91926998E-02 1.91130979E-03 9.67176818E-04
 7 14 2.69192501E-03 2.96573957E-02-1.79365988E-01 1.58011880E-01 3.28828535E-03
 7 15-1.97783712E-03-1.01694875E-02-9.55927183E-03 1.01328906E-02 3.32237254E-02
 7 16 2.13609395E-02 2.42296099E-02 2.30090801E-02 2.39773783E-03-1.80121127E-03
 7 17-8.10735107E-04-1.35180832E-01 6.65957834E-01-6.92927831E-01-1.23530404E-02
 7 18-1.44671523E-03 1.14615459E-02 6.53745696E-02 4.90835549E-04-4.30148859E-02
 7 19-7.63498198E-02-8.60302981E-02-9.10836829E-02-2.38422578E-03 6.46465185E-03
 7 20 2.50027092E-03-7.32017573E-03 2.72766406E-02 7.84147951E-03-5.85632038E-03
 7 21 2.90696956E-04-2.16350078E-03 2.03183441E-02 1.19740469E-03 9.36890732E-03
 7 22-4.68897648E-03-6.19819702E-03-2.58649133E-03-1.04226786E-03 9.46490310E-04
 7 23-1.32917364E-03
 8  1 5.52291623E-05-2.67698270E-03-2.87064159E-02 4.78211159E-03 1.08922939E-01
 8  2-7.44638255E-01-4.42893917E-01 6.94445361E-02-3.05835482E-02-9.08005746E-03
 8  3-5.38585732E-01 2.39155479E-01 1.32043483E-01 2.11959019E-02 1.24162873E-01
 8  4 1.26853972E-01 6.43157933E-02 4.32659073E-02-2.61038309E-02-1.14602048E-01
 8  5 8.03838430E-01 4.16883771E-01-3.76127621E-02-3.75148069E-02-5.82612650E-02
 8  6 2.69268744E-01 3.65346547E-01 4.27341140E-01-1.24234355E-01-7.77437381E-02
 8  7-8.95884112E-02 4.36094436E-02 5.46295303E-02 8.22707925E-02-7.82104846E-03
 8  8-5.44354193E-04 1.08798062E-03-5.19258942E-03 9.40701159E-03 1.53629469E-04
 8  9-2.74899773E-04-2.80587690E-04-5.43204336E-04 1.30787182E-03 3.82468485E-04
 8 10 9.00944797E-04 7.68307200E-04 3.19671738E-04 3.31629441E-05-2.25425599E-05
 8 11 1.37893462E-04-3.23763268E-04 2.34142300E-02 3.26150957E-02 4.54446923E-04
 8 12-4.02820276E-04-1.10759511E-06-4.10940250E-03-1.03083002E-02 9.07060233E-03
 8 13-3.25271031E-03-1.47181929E-03-1.50580640E-03 4.93945418E-04-3.74656274E-04
 8 14-2.25461911E-03-6.22096948E-03 5.57505784E-02-8.50190228E-02-1.66080476E-04
 8 15 2.83989443E-03 3.58913512E-03 3.91695862E-05-1.11481020E-02-1.02623448E-02
 8 16-6.76741687E-03-7.10552378E-03-6.04176646E-03-1.73475453E-03-1.77900257E-04
 8 17-3.84891568E-04-1.34354432E-02 1.27701677E-01-4.29062711E-02-1.54879576E-03
 8 18 9.26819034E-03-3.26921685E-04-3.32194662E-02-3.97815439E-02 4.46013187E-03
 8 19-8.46822519E-03-1.76264478E-02-1.82692703E-02 7.51584974E-03-2.92414167E-04
 8 20-2.59259732E-03-4.03259452E-03 2.21676102E-02-2.48856349E-02-2.81065885E-04
 8 21-9.85493760E-05-4.08017461E-04 1.18437781E-03 2.01829673E-04 1.75485174E-03
 8 22-3.07302374E-03-3.09956930E-03-3.07236304E-03-1.01323426E-04 9.68384577E-05
 8 23-6.49120589E-05
 9  1 1.31961861E-03 1.34657593E-01-2.54164040E-01-3.61249339E-02-4.13445581E-02
 9  2 6.18358416E-02-1.92728839E-01 5.65803586E-03-4.04046157E-03 2.89604644E-02
 9  3-9.28833498E-02 4.64710589E-02-1.10387740E-01-1.85958141E-02-1.00253585E-02
 9  4 2.50539538E-04 1.01844318E-02-1.75385607E-02 1.05303773E-02-5.63625532E-02
 9  5 1.15239492E-01-4.34982429E-01 1.74209544E-02-1.84292729E-02 2.24811668E-02
 9  6-1.21252331E-01 1.05183858E-02-1.70816042E-01-1.90852014E-02-1.23790632E-03
 9  7-3.73365225E-02-4.43792694E-03-2.24554370E-02-5.86122241E-03-4.86221255E-02
 9  8-7.57414462E-02 1.90113199E-02 1.36087305E-01-1.31160355E-01 4.73875326E-04
 9  9-4.91744404E-03 2.02352205E-02 1.66470903E-02-2.17783820E-02 1.69627167E-02
 9 10-1.18969010E-02-1.14235868E-02-8.06738724E-04 1.26024534E-04-9.13896704E-05
 9 11-1.44619607E-03 3.41927435E-02 2.99897129E-02-7.76295442E-02-3.03388637E-03
 9 12-1.09865728E-02 1.43159271E-02 6.62566394E-03-3.35013759E-02-9.32609561E-03
 9 13 4.90588965E-03 1.51680640E-02 9.06661680E-03 5.70513801E-04-1.54540876E-03
 9 14-1.05526645E-02 2.86916259E-02-3.17198347E-02 1.37691194E-01 6.52306245E-03
 9 15 4.35509396E-03-2.81804383E-05 8.10393902E-03 1.75106520E-02 2.24281109E-02
 9 16 6.76993505E-03 7.34401955E-03 7.34194769E-03-8.15135284E-04-1.17501936E-03
 9 17 6.53543164E-04 8.27800881E-02 9.47945482E-02 5.95672280E-01-3.06359343E-03
 9 18-6.36096173E-04-1.24749859E-02-2.88562949E-01 4.08011343E-02 8.12658966E-02
 9 19 4.45311983E-02-5.46989177E-03-6.73435256E-03-1.53946293E-02-9.98966733E-03
 9 20-6.93389821E-03 8.51980080E-02-1.94071502E-01 4.23561759E-01 1.69707403E-02
 9 21-4.05414631E-03-2.43707196E-02-2.36730793E-04-4.27026564E-02 3.35703239E-03
 9 22 3.48008982E-02 3.40365386E-02 4.05762526E-02-5.31881005E-03-1.22338823E-02
 9 23 8.13339399E-03
10  1-3.45753393E-04-4.49461709E-02 1.09733340E-01 3.12959267E-03 9.91898471E-03
10  2 2.24910272E-02 5.03332200E-02-1.43433611E-03 2.15206082E-03-1.05553225E-02
10  3 4.18774054E-02-2.50866966E-02 3.72334344E-02 4.29005574E-03-8.08585350E-04
10  4-4.86324584E-03-6.27559099E-03 4.73972087E-03-2.63716431E-03 2.73511036E-02
10  5-7.30638811E-02 1.59336237E-01-3.58472557E-03 8.17874175E-03-6.38341561E-03
10  6 3.00908701E-02-1.35137163E-02 5.19012246E-02 1.22356110E-02 5.82697234E-03
10  7 1.88207729E-02 2.30330591E-05 6.30989891E-03 4.39979372E-04-1.94383343E-01
10  8-1.96775960E-01 1.02533674E-01 2.17039039E-01 6.10509641E-02 8.25968401E-03
10  9-2.24653571E-02 5.33705029E-02 3.45721606E-02-4.93930048E-02 7.58045345E-02
10 10 1.12816792E-03 4.72776632E-03 2.06063374E-02-2.07436721E-03 7.17267185E-03
10 11-1.31006903E-02 1.14387635E-01 1.16152714E-01 2.74474283E-01-9.31037969E-03
10 12-5.56868177E-02 2.38748227E-02 6.00732388E-03-6.33487561E-02 7.24194241E-02
10 13 3.90635387E-03 4.61607386E-02 1.83423647E-02 3.64625283E-03-4.24860413E-03
10 14-2.85650431E-02 9.05355128E-02 1.64333773E-01 8.98058390E-04 3.08336142E-02
10 15 3.81600991E-02 2.08050964E-02 4.62594931E-02 1.22478558E-02 3.90306797E-02
10 16 7.88747888E-03 7.33791310E-03 2.65478925E-03 4.44776819E-03 1.46364960E-03
10 17 3.27862575E-03-3.17033841E-02-8.14398257E-02-2.63859360E-01 4.26025978E-03
10 18-2.52129305E-03 6.54254578E-03 1.22694087E-01-5.59909802E-03-4.63370015E-02
10 19-1.44262002E-02 8.17608591E-03 6.87619045E-03 4.90062908E-03 8.58453426E-03
10 20 3.17560445E-03 7.77478925E-02 1.31852215E-01 9.30270662E-02 2.20322675E-02
10 21-1.75291165E-02-4.15314000E-02 3.60837740E-02-4.02390675E-02-1.58773968E-02
10 22 9.39776901E-03 6.23204276E-03 1.94731204E-02-5.16376418E-03-1.43349357E-02
10 23 1.03778439E-02
11  1-1.23291823E-04-1.22572084E-02 2.68707929E-02-7.64763031E-03 1.22045422E-02
11  2-5.99058872E-02 3.78502725E-02 1.49495371E-03 1.44967940E-04-2.83529630E-03
11  3-9.65515200E-03-7.97500114E-05 1.41146009E-02 5.64044405E-03 9.06200933E-03
11  4 7.83955114E-03 9.26874796E-04 3.23306138E-03-1.75106328E-03-1.92809178E-03
11  5 4.13908449E-02 2.90221244E-02-2.43582821E-03 1.96002879E-03-3.31707402E-03
11  6 2.05100829E-02 6.61925244E-03 3.08068271E-02-5.49737226E-03-5.42541588E-03
11  7-1.18409431E-03 1.70133302E-03 4.29101722E-03 3.89198910E-03 2.29763734E-01
11  8-2.01197850E-01 1.22175227E-01 2.34668540E-01 7.67886699E-02 9.86186134E-03
11  9-2.49068002E-02 6.25117463E-02 4.16595402E-02-6.42445305E-02 1.02203216E-01
11 10 3.95691295E-03 9.15266960E-03 4.07319975E-02-3.70333473E-03 1.05105685E-02
11 11-1.90355099E-02-1.14166578E-01-1.48839800E-01-1.47120281E-01 7.25867091E-03
11 12 4.75318913E-02-2.19665765E-02 3.90139732E-03 1.22685098E-01-9.28537790E-02
11 13-1.18478755E-02-5.18446443E-02-2.38755902E-02-3.57570404E-03 4.17072160E-03
11 14 2.64863573E-02-1.26019420E-01-1.24449770E-01-1.36836371E-01-3.83663537E-02
11 15-4.48121075E-02-2.45781151E-02-5.47279025E-02-1.54804092E-02-5.43051829E-02
11 16-2.09977637E-02-1.48397287E-02-1.62417111E-02-3.05136940E-03-3.45764321E-03
11 17-4.83669924E-03-1.10339249E-02-1.55085403E-02-7.27724835E-02 2.10116647E-03
11 18-1.57258014E-03 2.27110671E-03 3.12315074E-02 3.61685962E-03-1.44749437E-02
11 19-6.20742357E-03 8.20081019E-04-9.73577287E-05-1.11416242E-04 2.33470884E-03
11 20 1.12043567E-03 1.06340041E-01-2.15142181E-03 2.53932720E-01 2.56382694E-02
11 21-1.74932156E-02-4.73079440E-02 2.03726962E-02-3.63822938E-02 4.25425012E-03
11 22 2.76230337E-02 2.20961590E-02 3.87654908E-02-9.34392734E-04-1.29352779E-02
11 23 6.38720636E-03
12  1 1.24958275E-04 3.98978736E-03-3.59950876E-02 9.70890853E-03-5.97873622E-03
12  2 1.86908763E-02-8.37061745E-03-1.36506879E-03-7.48183921E-04 2.34541465E-03
12  3 2.62298124E-03 5.92886350E-03-9.89782304E-03-3.00895932E-03-4.35984423E-03
12  4-3.11886908E-03 1.45399163E-03-1.06548623E-03 1.41605099E-04-9.39150248E-03
12  5 3.78457594E-02-6.05060636E-02-1.77580159E-04-1.62796758E-03 1.96622018E-03
12  6-2.32101614E-03 1.54679097E-03-1.62739941E-02-4.92337301E-03-5.17721759E-03
12  7-8.19604601E-03 3.09249610E-04-1.52818895E-03-1.54656169E-03-3.73515598E-02
12  8-2.70130666E-02 8.88825948E-02 3.23998109E-01 2.04534460E-01 1.34872597E-02
12  9-2.41667287E-02 3.99314592E-02 5.82520527E-02-1.12273286E-01 2.15371109E-01
12 10-9.07199987E-03 1.29815246E-02 7.28780333E-02-2.18280190E-02 3.22923248E-02
12 11-6.04766810E-02-5.81820177E-02-4.99849693E-01-1.32437332E-01 7.74558334E-05
12 12 1.72865380E-02-1.74635425E-02 2.50157646E-02 3.46822805E-01-2.12456617E-01
12 13 5.02828461E-02-9.02332322E-02-1.21476715E-02-1.21511546E-02 2.40726486E-03
12 14 1.06847344E-01 1.07821388E-01 5.06527475E-01 1.93779542E-01 4.14157700E-02
12 15 3.62874335E-02 3.59502844E-02 2.53425336E-01 2.13378727E-01 1.90283563E-01
12 16 4.17908923E-02 2.25667798E-02 1.83367142E-02 8.06233517E-02 8.12901152E-02
12 17 5.98370156E-02 1.08299256E-02 6.54741044E-02 7.42990234E-02-5.07784846E-03
12 18 3.19796565E-03-6.86577625E-03-4.06670579E-02-9.39769196E-03 4.54868005E-02
12 19 4.76819488E-03-5.73796872E-03-4.18884926E-03 2.18993476E-04-8.26565785E-03
12 20-1.76428925E-03-3.95375240E-02-2.65510931E-01-3.02976691E-01-1.05698629E-02
12 21 1.30966481E-03 1.43585192E-02-1.26535011E-01 1.49033101E-01 1.53899442E-01
12 22-4.38512557E-04 4.36295722E-03-2.90819948E-02 4.19627187E-02 5.78572394E-02
12 23-4.77251976E-02
13  1-2.15236593E-04 8.14770971E-03 4.31956952E-02-1.87500323E-02 1.25345140E-02
13  2-9.67089231E-02 5.43269357E-02 1.11631769E-03 8.74709642E-04 8.48324497E-04
13  3-1.94516260E-02 1.69434941E-03-2.02860499E-04 8.17847998E-03 1.29872873E-02
13  4 1.28726079E-02 1.39125453E-03 6.38500613E-04 3.53465162E-04 3.15804846E-03
13  5-3.97448378E-03-1.89154697E-03 1.18493686E-03 1.27734282E-03-1.64562777E-03
13  6-2.02899426E-03-8.64758855E-04 1.12326896E-02 7.90806679E-04 3.40275190E-03
13  7 3.66708927E-03-9.37382548E-05 1.08774877E-03 2.91636126E-03-5.49697897E-03
13  8 7.58527405E-03-1.06207047E-01-3.55485803E-01-3.09624524E-01-1.60652770E-02
13  9 2.69752328E-02-4.12644584E-02-7.76823682E-02 1.42941035E-01-2.67660364E-01
13 10 8.81910311E-03-1.79036629E-02-8.87540257E-02 2.97657817E-02-4.28352269E-02
13 11 7.66600949E-02-4.43687998E-02-4.24878187E-01-1.87681262E-01-2.08235945E-03
13 12 2.52028033E-02-1.23851478E-02 2.70343938E-02 2.61186363E-01-1.79408327E-01
13 13 4.68537598E-02-6.74631424E-02-2.34578644E-03-8.06886050E-03 1.92892607E-03
13 14 8.46635450E-02 7.10477353E-02 3.78454030E-01 1.53829876E-01 2.85430567E-02
13 15 2.28156570E-02 2.55733267E-02 1.86301052E-01 1.66586120E-01 1.42787961E-01
13 16 2.92725835E-02 1.63971138E-02 1.35912106E-02 6.06081691E-02 6.23900528E-02
13 17 4.61635742E-02 4.27206545E-03-2.03583590E-01 3.35460588E-02 9.03170685E-03
13 18-6.04065654E-03 5.16009652E-03 4.89696149E-02 2.25465937E-02-3.69310915E-02
13 19 5.97665916E-03 2.16269693E-02 1.90758419E-02-2.01975786E-03 6.81248734E-03
13 20 1.76911910E-03 9.32719375E-02 3.16609533E-01 4.87926247E-01 2.26597935E-02
13 21-1.44841063E-02-3.09280795E-02 1.68058426E-01-1.81964041E-01-2.09338833E-01
13 22 2.20731186E-02 1.07938446E-02 6.39864979E-02-5.64098699E-02-8.25744164E-02
13 23 6.73759194E-02
14  1 3.88385273E-03-2.34543728E-01-1.47243436E-01 4.36136056E-02-7.50130807E-02
14  2 1.17071450E+00-5.47556975E-01 2.67640552E-02-9.64948897E-03-3.33858759E-02
14  3 1.64642584E-01-9.86148099E-02 7.27003268E-02-7.87210001E-02-1.14426398E-01
14  4-1.25990984E-01-2.55878785E-02 9.51121648E-03-1.28021940E-02-5.17531468E-02
14  5 8.86441052E-01-3.64719646E-01 3.31837932E-03 3.34166329E-02 1.72122499E-02
14  6 7.50591523E-02 7.40844054E-03 9.34854550E-02-8.01125004E-02-1.00054272E-01
14  7-6.79625969E-02 9.12363114E-03 1.83105326E-02-3.90174752E-03 3.39057169E-03
14  8-3.60428212E-02 4.77685002E-03-1.54102874E-01 1.25799934E-01-8.28489916E-04
14  9 1.21269711E-03-4.95232233E-03-2.98333618E-02 5.15498496E-02-7.38992519E-02
14 10 1.77976609E-02 8.98352898E-03-2.15580242E-02 1.00865105E-02-1.18742447E-02
14 11 2.35350345E-02 1.10075489E-02-1.30891130E-01 2.62663048E-01-1.86766882E-04
14 12-5.17621074E-03-1.05838436E-02 1.09820622E-03 4.58948490E-02 2.70291653E-02
14 13 8.02173975E-03 7.85330501E-03 7.12945442E-03-2.59256706E-04 1.27334880E-03
14 14 6.72397107E-03 1.44342921E-02-5.50059224E-02 1.75574890E-02 2.32475886E-03
14 15 2.51369709E-03-1.06790730E-03 7.83655063E-03 2.04875079E-03 9.75292535E-03
14 16 1.13741131E-02 1.08598222E-02 7.34932173E-03 5.82874001E-03 2.34137043E-03
14 17 6.30952006E-04-7.29551820E-02 1.24111311E+00-6.73930987E-01-4.25585626E-02
14 18 1.06906705E-02-2.37951277E-04-2.06087426E-01-7.19985051E-03 4.49350342E-02
14 19-5.00034868E-02-1.25199085E-01-1.25541055E-01-7.90070696E-03-1.09900789E-02
14 20-6.84023692E-03-2.32648286E-02 4.83124323E-01-4.05346765E-01 8.61083027E-05
14 21-9.93595459E-03-8.24235868E-03 1.04602108E-01-5.16021414E-02-1.07887326E-01
14 22-2.89446272E-02-3.37479688E-02-1.41852165E-02-1.93340724E-02-2.55955509E-02
14 23 2.25091666E-02
15  1 2.19439192E-03-1.21401514E-01 1.96206257E-02-5.65327394E-02 2.43042417E-03
15  2 4.49792791E-01-1.79249064E-01 2.99808395E-02-8.21625184E-03-1.06144085E-02
15  3 5.45584894E-03-4.44773857E-02-3.48031327E-03-2.31434783E-02-2.51272327E-02
15  4-2.93739368E-02-8.61700418E-03 2.11537030E-03-3.95958818E-03-2.70511685E-02
15  5 7.33568348E-01-4.86341229E-01 1.78286935E-02 2.71280767E-02 2.01995511E-02
15  6-2.80555777E-04 2.82492128E-02 5.67406968E-02-5.94995610E-02-5.07334785E-02
15  7-4.21741112E-02 7.07382237E-03 1.23175724E-02 1.15233178E-02 1.15033921E-03
15  8 9.69082755E-02-7.44636643E-02 4.47036109E-01-7.11556223E-01-3.69062067E-03
15  9 2.39285307E-03-9.08022302E-04 7.24842148E-02-9.98895161E-02 1.20172929E-01
15 10-6.34634357E-02-4.70896391E-02 1.30245692E-02-2.24776720E-02 2.04164602E-02
15 11-4.39536419E-02 2.93323663E-02-1.68223091E-01-1.42913343E-01-3.96649991E-03
15 12 1.51349108E-02 6.44971952E-03 1.97330804E-02-8.07425051E-02-3.75073003E-02
15 13 2.84951811E-02 2.10103173E-02 2.71141272E-02 1.94144380E-03 3.85082538E-04
15 14 2.68673074E-04 2.31728508E-02-1.02576294E-01 1.81664976E-01 2.92449837E-03
15 15-5.13078552E-04-1.06445067E-03-1.37164179E-03 1.18833376E-02 6.16136331E-03
15 16 1.50817177E-02 1.43690621E-02 1.33741927E-02 5.13657300E-04 7.32419914E-04
15 17 1.01437566E-03-2.42260974E-03-1.61375002E-01-5.45602973E-03 1.82446382E-02
15 18-2.57416860E-02 2.45562317E-02-1.48307794E-02 1.49018389E-01-1.66247045E-01
15 19 1.05266379E-02 2.01248918E-02 4.62647346E-03-2.32967036E-02 2.93293580E-02
15 20 3.83232086E-03 8.21176108E-02-1.31850023E+00 1.60790183E+00-5.40926473E-03
15 21 3.07231366E-02 1.90535135E-03-2.20005117E-01 7.83390404E-02 3.35709077E-01
15 22 7.43481703E-02 8.41284776E-02 4.13182798E-02 3.61859638E-02 5.49061897E-02
15 23-5.03492331E-02
16  1-2.08618687E-03 1.26507335E-01-8.07549688E-02 6.68373445E-03-3.94894124E-02
16  2-7.54181084E-02-2.62900712E-01-2.36316992E-02 3.69496764E-02-2.88217361E-02
16  3 5.59386992E-02-1.66929304E-01 2.15484357E-01 6.68064692E-03 4.89345986E-03
16  4-2.14110060E-02-3.53551666E-02 1.50174281E-02 2.70883581E-03 8.40185199E-02
16  5-1.33731371E+00 1.37681251E+00-2.19939309E-02-8.61866069E-03-6.26795097E-02
16  6-2.96293485E-02-2.12769665E-01 1.38732811E-01 1.02777758E-01 6.18468066E-02
16  7 1.22713315E-01-2.93586339E-02-8.25533336E-03-2.17061527E-02 9.94059490E-03
16  8 2.30370891E-02-4.40623906E-02 1.49950119E-01-3.21391850E-01-2.66906807E-03
16  9 3.85540434E-03-6.80145511E-03 1.93970262E-02-4.10379799E-02 1.72765017E-02
16 10-2.54769988E-02-1.82928496E-02-1.58968856E-02-6.76362346E-03 2.40212031E-03
16 11-1.17077426E-02 1.20956632E-02-2.12608033E-01 4.01399469E-01 2.93452110E-03
16 12 8.43228428E-03-1.09684431E-02-2.60460971E-02 9.43203302E-03 2.64231902E-02
16 13 1.55103974E-02-1.38611915E-04 1.80105340E-02 4.89733755E-03-2.88117880E-03
16 14 5.33728492E-03-2.59384368E-02 1.80466848E-01-3.96848548E-01 2.26272994E-03
16 15 5.43834085E-03 4.56302872E-03-2.08079441E-02-1.61328087E-02 8.66223815E-03
16 16-2.15680115E-02-1.38963389E-02-1.14605994E-02 8.82455720E-04 4.44684321E-03
16 17 6.01558009E-03-3.34096870E-02 1.05068784E+00-1.17413716E+00-5.73946746E-02
16 18-7.91905599E-03 3.19204651E-02-6.28006791E-02 7.69788442E-02-1.63408342E-01
16 19-1.12854047E-02-6.97267896E-02-7.68735332E-02-1.48731994E-02 2.02399541E-02
16 20-3.26797680E-03 1.41180008E-02-3.80309419E-01 5.92386598E-01-5.03975249E-03
16 21 1.37603135E-02-1.13661218E-03-5.94957412E-02-7.44481406E-03 1.18927130E-01
16 22 1.17565603E-02 1.95556668E-02 7.42369522E-04 7.43439895E-03 1.85684037E-02
16 23-1.30215669E-02
17  1-4.73124936E-04 6.06416826E-02-6.65691570E-02 7.02836359E-04 1.34139457E-01
17  2-1.45629606E+00 1.67030901E+00-2.53398683E-02 3.08833594E-02-1.06522664E-02
17  3-1.58665687E-01-6.93509991E-02 1.51688463E-01 7.34765756E-02 1.40118411E-01
17  4 1.26533360E-01 1.86493234E-02 4.01701744E-02-1.06833528E-02-1.17626162E-01
17  5 8.85811404E-01-1.17760061E+00-1.78107517E-03 9.89665143E-03-6.57715335E-03
17  6 8.67737179E-02 2.28009055E-02 1.31314729E-01-9.71785501E-02-7.67663364E-02
17  7-6.51070832E-02 1.83962315E-02 2.42760341E-02 3.93158671E-02-1.49417198E-02
17  8-2.50454103E-03-1.97317919E-03-3.47508176E-03-7.71471753E-02-4.93322059E-04
17  9 9.82568619E-04 2.08254500E-03-3.01723660E-03 4.75744387E-03-1.32188772E-02
17 10-5.25755346E-04-1.69323983E-03-5.01676135E-04 1.32381481E-03-1.55039026E-03
17 11 2.74730051E-03 4.19190311E-02 8.37700620E-02-1.14925632E-01-6.34287730E-03
17 12-2.12384324E-02 1.63189732E-02 1.68277221E-02-3.15727915E-02-6.35029669E-02
17 13 8.22212756E-03 3.86098993E-02-1.63269027E-03 2.58473693E-03 6.62949114E-04
17 14-5.39748365E-04 5.48740464E-02-1.38726978E-02 5.88091235E-02 1.65600653E-02
17 15 1.46214283E-02 1.61709981E-02 2.00000331E-02 2.07379611E-02-7.91440545E-02
17 16 3.50029384E-02 3.16419052E-02 4.33312353E-03 1.60083885E-02-4.27623715E-03
17 17-3.53578334E-03-3.91263575E-02 7.00498123E-01-6.60633452E-01-2.68917141E-02
17 18-1.90201678E-02 4.22605349E-03-7.62169653E-02 1.53291203E-01 7.31321857E-03
17 19-2.27930635E-02-5.20164970E-02-5.65239389E-02-2.68656273E-02-7.31027311E-03
17 20 2.70021715E-03 2.38807598E-02-1.30846594E-01 2.34861019E-01-2.37368583E-03
17 21 1.64127901E-03-4.06962907E-04 2.09924230E-02-9.24672885E-03-2.10493089E-02
17 22 1.66294835E-02 1.50722752E-02 1.99581240E-02-1.55959584E-03-2.81313932E-03
17 23 1.67919642E-03
18  1-4.94705602E-04 4.61913120E-03-1.82978473E-02 1.08156339E-02 6.69712866E-02
18  2-4.07810237E-01 5.00425934E-01 7.88166670E-03-1.86721937E-02 2.45522225E-02
18  3-8.69339693E-02 1.32220627E-01-1.58926977E-01 2.48666824E-02 3.64552737E-02
18  4 5.96970965E-02 2.30910924E-02-1.81540783E-02 5.00038481E-03 1.96484759E-02
18  5 8.27272925E-02-1.70881894E-01 8.42995240E-03-1.79449284E-02 3.76147224E-02
18  6-2.62710490E-02 1.72543651E-01-1.98457201E-01-1.76690998E-03 3.89738645E-02
18  7-2.34678201E-02 1.18208220E-02-1.39526418E-02 6.95822777E-03 7.34739813E-02
18  8-3.49229158E-03-9.77701263E-02-1.86664341E-01 3.55925892E-01-1.36161690E-02
18  9 3.54748682E-02-5.25875901E-02 2.94955886E-02-1.62587356E-01-6.33538509E-02
18 10-2.14509574E-02 5.44762461E-05-1.00175835E-01-7.72256025E-03-1.01619465E-02
18 11-3.12290109E-03 2.00749259E-02-8.49040505E-01 1.30639538E+00-8.13346698E-04
18 12 2.27316646E-02-2.48209954E-02 6.91062980E-02 2.58817608E-01-6.69256177E-02
18 13 4.34444932E-02-1.63005574E-02 3.20400141E-02-1.72590832E-02 8.51197382E-03
18 14 3.72792147E-02-6.88577902E-02-3.01116084E-02-2.15525118E-01-2.59491419E-02
18 15-1.74761075E-02-2.22043993E-02 9.30089326E-02-9.21624399E-03 1.10989825E-01
18 16-8.76790206E-03-2.58835977E-02-7.65638528E-03 1.23432382E-02 2.59757220E-02
18 17 7.49247734E-03-2.84013261E-02 2.06088601E-01-3.29977319E-01 3.66892045E-03
18 18 6.41265097E-04 1.77502743E-02-4.78476796E-02-9.59461186E-03-1.31889805E-01
18 19-7.92906546E-03-1.96058155E-02-2.46269065E-02 3.98192590E-03 1.90281139E-02
18 20-1.47289123E-03-8.91439432E-02 7.33345120E-02-3.49501320E-01-2.22541046E-02
18 21 2.54733247E-02 2.73623546E-02 3.79476095E-02-1.49389477E-01 3.29686800E-02
18 22-3.93367843E-02-1.04620708E-02-7.52921264E-02-1.49267309E-02 2.24511940E-02
18 23 6.90296798E-03
19  1 1.28298365E-03-7.52238461E-03 5.80723977E-02-5.71967716E-03-1.04792317E-01
19  2 3.65199753E-01-3.38421988E-01-3.03946026E-02 4.57875722E-02-5.51225559E-02
19  3 1.51364183E-01-2.73462846E-01 4.01732383E-01-3.40757011E-02-4.13291692E-02
19  4-8.90254084E-02-3.40834693E-02 5.66948865E-02-1.79282482E-02-1.12413386E-01
19  5 4.18026592E-01-4.32796263E-01-1.99949384E-02 3.25665353E-02-5.73296138E-02
19  6 1.32810742E-01-2.69422835E-01 3.50370330E-01-4.96921105E-02-1.21765310E-01
19  7-1.23199723E-02-5.52449258E-03 3.57080243E-02-9.88122960E-04 1.54468732E-02
19  8 1.33246591E-02-4.63900277E-02-3.41699973E-01 6.59166739E-01-1.25049806E-02
19  9 2.77240479E-02-4.38681407E-02 4.82447967E-02-9.70904647E-02-4.18184817E-02
19 10 4.36146539E-03 1.26289013E-02-5.22417892E-02-6.45553499E-03-1.61086267E-03
19 11 3.47417167E-03 6.54651158E-03-8.59961006E-02 2.14109031E-01-4.12688292E-03
19 12-7.83690013E-03 1.05894624E-02 3.48066826E-02 1.50491273E-01-1.33161765E-01
19 13 4.93290352E-03-1.51841183E-02-1.33639553E-02-6.16994451E-03 2.05025144E-03
19 14 2.39750230E-02-1.66158315E-02 3.04944435E-01-3.76707162E-01 5.52725246E-03
19 15 5.68041553E-03 9.13392381E-03 8.18405822E-02 5.32294777E-02 9.12163547E-03
19 16-2.49094841E-03-9.60443036E-03-2.11748338E-02 2.46231969E-02 1.70190457E-02
19 17 9.68525745E-03 4.70029536E-02-6.29025531E-01 7.70605521E-01 1.20274895E-02
19 18-1.12502482E-02-1.69962938E-02 1.11200031E-01 5.71620397E-02 9.00640968E-02
19 19 1.41007125E-02 5.14241379E-02 5.32344073E-02-7.16833478E-03-6.72605383E-03
19 20 1.12788831E-03-7.89422088E-02 1.61064591E-01-3.93084259E-01-1.66643939E-02
19 21 1.74607639E-02 1.49261213E-02 4.82146868E-02-9.80403308E-02 5.78037895E-02
19 22-3.76001070E-02-2.46369699E-02-6.75761805E-02-1.16547585E-02 9.54987075E-03
19 23 2.57449349E-03
20  1 6.20470645E-04 2.51394670E-02 1.00736440E-02 1.99429806E-04-3.54694185E-02
20  2-1.16761437E-01 2.60065500E-01-2.28510903E-02 3.22174758E-02-3.14167688E-02
20  3 4.86001856E-02-1.66555201E-01 2.53162298E-01-8.00119313E-03 1.36670144E-03
20  4-2.40653138E-02-1.52682128E-02 3.77060554E-02-9.95040713E-03-6.29218906E-02
20  5 3.67461499E-01-5.14722489E-01-4.76345261E-03 1.50546207E-02-1.75513662E-02
20  6 5.58378578E-02-1.12303677E-01 1.12554816E-01-3.72294806E-02-6.15899420E-02
20  7-2.16705771E-02 1.80976261E-03 1.43488805E-02 3.65824056E-03 2.83151040E-02
20  8-9.66124392E-03 3.95423727E-02 1.41787454E-01-2.29519300E-01 6.31886020E-03
20  9-1.93951082E-02 2.48062304E-02-1.52204997E-02 8.80619133E-02 2.07825709E-02
20 10 7.77628114E-03-3.49072785E-03 3.48030335E-02 3.60828489E-03 3.74624673E-03
20 11 4.29865439E-03-7.75277402E-02-2.24098873E-01-1.10886499E-03-1.00381275E-02
20 12 5.55502844E-02-4.02457455E-02 1.82065902E-01-1.36745246E-01 1.93250920E-01
20 13-2.27944262E-02-2.55585921E-02 4.24157055E-03-3.33910697E-02 2.31788861E-02
20 14-1.67335887E-02-3.31687623E-02-9.54745694E-01 1.37819125E+00-6.82779710E-02
20 15-4.03196583E-02-4.73637931E-02 7.22441071E-02-2.20943967E-01 4.47666452E-02
20 16 2.79541193E-02-3.39010928E-02 3.46494980E-02-5.42944156E-02-9.64586796E-03
20 17-3.94503994E-02 1.95654575E-02-1.09008350E-01 1.44883689E-01-2.39626653E-03
20 18-6.26414639E-03 1.48151860E-02 2.06172426E-02 4.67966904E-02-1.08622812E-01
20 19 1.10666226E-02 1.49376941E-02 9.80748192E-03-8.03839869E-03 1.50675052E-02
20 20 2.13172194E-03 2.20760178E-02 1.19125111E-01-1.34743976E-01 6.95271541E-03
20 21-1.50600016E-02-1.15033001E-02 1.33252068E-02 7.87463555E-02-3.54710396E-02
20 22 8.40739780E-03-9.04934594E-03 2.24636941E-02 3.70507811E-03-1.08446402E-02
20 23-2.53868434E-03
21  1-3.56633032E-04 9.23350867E-03-1.16321299E-02-1.76603109E-03 1.70895355E-02
21  2-2.24707773E-02-3.01883355E-02 7.78100218E-03-7.25377134E-03 1.16072323E-02
21  3-2.81578356E-02 3.66826429E-02-9.14723392E-02 6.68326136E-03 7.38789713E-03
21  4 1.45874076E-02 2.20250486E-03-1.44482163E-02 5.76018733E-03 3.62663547E-02
21  5-1.84203146E-01 2.08484571E-01 7.25435738E-03-1.09075386E-03 3.73116550E-03
21  6-6.00917884E-02 3.70831115E-03-3.90900922E-02 1.78695206E-02 2.87074072E-02
21  7 1.65065394E-02-5.59412673E-03-8.20667901E-03-2.43447660E-03 4.33925679E-03
21  8 8.47014113E-02 4.27013672E-02-1.09770751E+00 1.42629839E+00-2.68247957E-02
21  9 1.15699656E-02-4.32771132E-02 1.45038600E-01 2.12922583E-01-1.41627560E-01
21 10 8.88173698E-02 3.95285651E-02 3.71042256E-02-1.32065950E-03 1.94095021E-02
21 11 5.37775048E-02-6.10253872E-03 2.73230421E-01-8.46947888E-01-8.49732531E-03
21 12 1.12709220E-02-5.36103882E-04 3.92626587E-02-1.85009007E-01 4.66858120E-02
21 13-7.19992574E-03 2.09902079E-02-3.88115464E-03 4.13681383E-03 1.29005745E-03
21 14-1.42093477E-02 3.70678346E-02-3.37619064E-01 6.70290141E-01-3.50316154E-03
21 15-4.85001178E-03 3.18653531E-03-5.45832133E-02-4.07513834E-02-1.03778562E-01
21 16 2.17382028E-02 2.07957238E-02 1.71477732E-02-1.56215619E-02-1.92077937E-02
21 17-1.60770499E-02-3.78295293E-03 1.52561968E-01-1.50882550E-01-8.55569908E-03
21 18-2.95486108E-04-3.15527093E-03-1.04458203E-02 1.15942322E-02 4.29661722E-02
21 19-2.49062599E-03-9.58939772E-03-7.78114082E-03-2.91151929E-03-8.84726896E-03
21 20 5.25211240E-04 2.08753456E-02-3.78868468E-01 2.55017419E-01-3.07343414E-02
21 21-7.63729761E-04 1.50198919E-02 2.18336548E-01 9.18569043E-02-2.79661242E-02
21 22 5.77203335E-02 6.69974757E-03 3.09526055E-02-1.33071719E-02-3.28388063E-02
21 23-8.33475682E-03
22  1-9.36231294E-04 9.39722491E-03-4.27217228E-02 4.39967976E-03 5.87567594E-03
22  2-1.68369849E-02-8.88665421E-02 7.56226212E-03-1.16317474E-03 1.05709098E-02
22  3-4.06439629E-02-1.83581598E-04-8.44343950E-02 1.78439120E-03 9.51033655E-03
22  4 1.08149083E-02-1.12813026E-03-1.26618038E-02 7.40040199E-03 6.27814711E-02
22  5-1.85148800E-01 1.95988067E-01 2.01122001E-02 1.67655656E-02 2.15550305E-03
22  6-1.13775172E-01-6.92314567E-02 1.82353057E-02 2.45064655E-02 3.59635634E-02
22  7 4.21029469E-02-1.15567885E-02-4.14604305E-03 1.11713623E-03-4.62846838E-02
22  8-5.93982448E-02 3.76104470E-02-1.63709736E-02 7.23471748E-02-1.15666434E-02
22  9-1.83742335E-02 1.38233062E-02 1.56574424E-01 1.75629226E-01-3.69878703E-02
22 10 2.84613608E-02-1.21237157E-02-3.64762256E-03-1.29919622E-03 2.50397441E-02
22 11 3.83394629E-02-9.79730422E-03-5.67092747E-02 2.19657187E-01-2.67064736E-03
22 12 5.85161650E-03-1.43035651E-02 2.66517942E-02-1.03336139E-02 1.08856640E-01
22 13 3.39069328E-03-1.75498835E-02 1.24869325E-02-3.55192548E-03 1.45475420E-03
22 14 1.81959623E-03-3.33716451E-02 3.61640843E-01-5.03243254E-01 5.61419583E-03
22 15 3.93761500E-03-2.03711527E-03 2.17503280E-02 2.05279029E-02 1.02669810E-01
22 16-3.63334667E-02-3.69013167E-02-1.99013651E-02-3.38304591E-03 8.89056329E-03
22 17 7.57612205E-03 7.63112168E-02-4.78754173E-01 3.96206876E-01 4.68664804E-03
22 18-8.44620278E-02 7.16788966E-02-4.95250563E-02 6.32863564E-01-5.48584594E-01
22 19 6.71704134E-02 7.59540950E-02 3.89914993E-02-8.52368847E-02 7.37576873E-02
22 20 1.13778990E-02-4.04189329E-03 1.40916435E-01-4.94431584E-01-3.50595493E-02
22 21-1.29389495E-02 7.97682353E-03 3.78074454E-01 3.88803277E-02-1.90037695E-01
22 22 4.51295360E-02-2.17933923E-03 1.76127999E-02-2.00368753E-02-3.21686885E-02
22 23-2.97958534E-03
23  1 3.00991454E-04-1.67936639E-02 1.33743111E-02-3.46278588E-03 3.50821287E-03
23  2 4.11894324E-02-1.58135450E-02-1.48001483E-03-8.03169933E-03-4.33423690E-03
23  3 2.34056699E-02 6.10822828E-02 3.44050724E-02 8.45962826E-04-1.10542352E-02
23  4-5.38351086E-03 7.20415756E-03 5.14652583E-03-7.43967758E-03-5.92498077E-02
23  5 5.96617720E-03 5.09111626E-02-2.51030276E-02-2.36947274E-02-6.51065864E-03
23  6 1.34955457E-01 9.69861391E-02-1.42191868E-02-1.23248839E-02-2.45652609E-02
23  7-3.46013815E-02 1.17896956E-02 4.45155603E-03-4.04587998E-03-5.56623422E-02
23  8-2.52942992E-02-3.84743180E-02 2.00272761E-01-4.78072475E-01-2.99215564E-02
23  9-1.69712988E-02-6.31931111E-03 3.61641547E-01 1.67189810E-01 1.01747124E-01
23 10 4.56947720E-03-4.77905377E-02-3.75711841E-03-2.30809645E-02 5.98528613E-02
23 11 2.81953033E-02 4.52923337E-02-5.64784507E-01 8.53531808E-01-2.82160263E-02
23 12 3.78597430E-02-4.55108362E-03 3.09168498E-01-2.14952461E-01-6.18769589E-02
23 13 4.92827993E-02 5.41653121E-02 3.32473136E-02-4.50803568E-02 3.04012596E-02
23 14 2.23455775E-02-4.64232320E-02 4.34791383E-01-8.13916200E-01-1.48456636E-02
23 15 1.60590494E-02 8.25309871E-03 2.99266792E-01-1.11502421E-01-3.18993929E-02
23 16 1.81864369E-02-7.44130032E-02-5.42527639E-02 1.17435660E-02 1.47636124E-02
23 17-2.50097002E-02-3.31057876E-02 2.26724540E-01-2.95943854E-01 1.66231925E-03
23 18 5.18586890E-02-1.31432299E-02-1.26486994E-02-4.01344464E-01 8.51983323E-02
23 19-1.79786945E-02-3.33888166E-02-2.18891296E-02 5.51229049E-02-9.60125505E-03
23 20-9.71876188E-03 3.20033732E-02-1.98016033E-01 3.32556300E-01-2.73256486E-02
23 21-2.76079898E-02-2.99754043E-03 2.57325634E-01 2.75379587E-01 7.94191519E-02
23 22 5.97028409E-02-2.10046672E-02-7.10346522E-03 2.40917188E-03-2.09501510E-02
23 23-3.89164841E-02
24  1 1.49051475E-03-5.74444019E-02-5.23286978E-02 6.17886174E-03-1.33992518E-01
24  2 2.23120273E-01 4.49502142E-02-7.15065253E-02-2.18965008E-02-1.50105823E-02
24  3 3.67495011E-01 2.88341069E-01 2.04124046E-01-2.82780635E-02-1.11002490E-01
24  4-9.11504795E-02 3.97249467E-02 3.67924169E-02-3.36030160E-02-1.45098093E-01
24  5 5.03667335E-01-4.14963036E-01-6.70320480E-02-3.27043806E-02 7.83834334E-03
24  6 5.13317653E-01 1.34525140E-01-1.24002210E-01-4.03910000E-02-1.00052911E-01
24  7-1.20626996E-01 4.73223837E-02 3.47808710E-02-2.10377270E-02-9.88052634E-03
24  8 1.25546949E-02 1.72411381E-02-8.20495212E-02 9.34589795E-02-2.32778229E-03
24  9-7.50800811E-03 1.94741872E-03 3.41355136E-02 8.14191843E-02-1.90112548E-02
24 10 1.31074133E-02-4.50369061E-04 1.29115846E-02-4.48232721E-05 7.54131761E-03
24 11 9.82425739E-03 4.00766178E-04-1.60849283E-02-5.88738560E-02 1.92638376E-02
24 12-6.11105770E-03-2.11335326E-02-2.27003504E-01 4.85017761E-02 2.04185910E-01
24 13 1.04775047E-02-1.91498301E-02 3.18354126E-02 3.62475389E-02-2.30484806E-02
24 14-1.54323045E-02 3.06244217E-02-4.74994647E-02 6.55122856E-02 2.53518184E-02
24 15-3.60126478E-03-7.39297382E-03-2.46458899E-01 1.07009197E-01 1.26475779E-01
24 16-3.92403368E-02 3.67951170E-02 3.40000311E-02-1.33475935E-02-5.30853032E-03
24 17 2.78438025E-02-4.16078561E-02 1.60355212E-01-2.18946337E-01 2.74352588E-02
24 18 2.75448414E-02 3.78844055E-02-2.24976395E-01-1.83996655E-01-3.03839634E-01
24 19 1.09416798E-02-2.49386125E-02-3.46015186E-02 2.46734342E-02 3.54785869E-02
24 20-4.89892025E-03-1.14074825E-03-7.51480552E-02 7.20044102E-02-6.87442539E-03
24 21-4.17067370E-04 2.11715956E-03 4.68703289E-02 2.46171072E-02-4.87545201E-03
24 22 1.03829384E-02 1.65343223E-03 6.22137169E-03-6.10297531E-05-4.89904525E-03
24 23-5.52578249E-03
25  1-2.21532496E-05-3.31307391E-02-5.35851103E-02 5.07828741E-03-6.39302835E-02
25  2 2.26088474E-01-3.06140579E-01-3.57814699E-02-3.97653749E-02 2.79686495E-02
25  3 2.56695210E-01 3.40442840E-01-1.76384052E-01 6.72215783E-03-6.78192404E-02
25  4-3.89134293E-02 3.49793497E-02-2.04589640E-02-9.94789615E-03-4.82116766E-02
25  5-9.87005242E-02 3.03183849E-01-3.52505877E-02-3.10942913E-03-2.44933419E-02
25  6 2.33436773E-01-1.06079860E-01 4.39160657E-02 4.80681413E-03-4.70870162E-02
25  7-3.33701316E-02 4.04001948E-03 2.08145903E-02-2.99306737E-02 2.38754957E-02
25  8 2.98980857E-02 2.38363076E-02-1.14481576E-01 1.84119597E-01 2.01918015E-02
25  9 6.52260527E-03 6.96163736E-03-2.62772564E-01-6.95409534E-02-4.51290725E-02
25 10-2.89842126E-03 2.79109967E-02 2.16729495E-02 1.59609889E-02-4.03729551E-02
25 11-1.64938872E-02 2.09666393E-02 1.00138865E-01-1.54499458E-01-2.10731087E-02
25 12-7.43581753E-04 3.42268079E-02 2.42983943E-01-1.50537195E-01-3.13263255E-01
25 13-6.35745947E-03 6.73244655E-02-4.13305293E-02-3.81972091E-02 2.80559661E-02
25 14 1.96897703E-02 1.65635977E-02-2.31831715E-02 8.56756514E-03-1.80302809E-02
25 15 1.79784398E-02 2.70064278E-02 2.89501149E-01-1.44013323E-01-3.21516432E-01
25 16 8.39155745E-02-1.12718044E-02-3.88110894E-02 2.84839637E-02-7.20493192E-03
25 17-4.36244205E-02 4.94553793E-03-8.43949801E-02-3.03797611E-02 1.49245943E-02
25 18-3.42163872E-02 2.00465191E-02-1.44870779E-01 2.84750195E-01-1.76197933E-01
25 19 3.19883924E-02 1.92382106E-02 1.23840972E-03-3.64582283E-02 2.15525367E-02
25 20 4.59110177E-03 1.52337348E-02 1.18239397E-01-1.40080325E-01 2.53605641E-02
25 21 3.76240567E-03-1.14071180E-02-2.04359419E-01-6.03863561E-02-1.75813526E-02
25 22-2.85459282E-02 2.72824203E-03 2.40785377E-02 3.47146858E-03 7.63784005E-03
25 23 2.14477584E-02
26  1 2.32640753E-04-3.44595181E-03-9.62652071E-03-1.68818722E-03-4.32913508E-02
26  2 8.51310569E-02-1.02294190E-01-2.41506705E-02-1.40514997E-02 1.55188863E-02
26  3 1.54827081E-01 1.35751476E-01-9.52021303E-02 3.99231955E-03-3.27949832E-02
26  4-2.18551135E-02 1.27415642E-02-1.12035910E-02-1.90614921E-03-1.41923655E-03
26  5 1.12008422E-02 7.86068270E-02-6.81622499E-03 1.14474416E-02-6.83201297E-03
26  6 5.70835781E-02-1.24032431E-01 9.17351710E-03 1.05476440E-03-2.21297495E-02
26  7-9.18497617E-03-4.20844799E-03 7.40932283E-03-1.58731308E-02 1.19716434E-01
26  8-1.23380719E-01-1.12762441E-01 4.52776313E-01-5.62939758E-01-3.23778106E-02
26  9 2.36630165E-02-2.62563202E-02 4.20964369E-01-2.03782388E-01 1.40751745E-01
26 10-4.15280295E-02-5.18503658E-02-1.07689567E-01-3.01382425E-02 5.27919688E-02
26 11 1.25003882E-03 1.58452582E-02 3.76426833E-01-5.55386734E-01-2.77750635E-03
26 12-5.05249064E-02 3.84802194E-02-6.13270907E-02 2.64984294E-01-2.90392874E-01
26 13-2.88552960E-02 1.05878715E-02-4.87523456E-02 2.34499501E-02-1.15490869E-02
26 14 2.14767056E-03 3.65272736E-02-3.69528534E-01 7.34156865E-01 4.56603468E-03
26 15-8.82515053E-03 1.35953909E-02-1.26658168E-01 6.93704957E-02-2.35279115E-01
26 16 2.79959651E-02 7.21808561E-02 7.86494198E-03 2.53247605E-02-1.68437058E-02
26 17 7.73866560E-05-3.30753743E-02 1.19602384E-01-1.23200711E-01 3.94834138E-03
26 18-1.79413701E-02-2.79271165E-02-1.76717186E-02 1.43543743E-01 2.33871526E-01
26 19-2.26533043E-02-1.60721504E-02-1.11173095E-02-1.81314965E-02-3.17393989E-02
26 20 3.54743494E-03-5.05373974E-02-2.84351930E-02 2.86756889E-01-4.18730578E-02
26 21 1.79242478E-02 1.59158385E-02 3.48255934E-01-1.23714242E-01 3.75536639E-02
26 22 1.33615861E-02-4.16835399E-03-8.33448206E-02-1.50151387E-02 3.37378909E-03
26 23-1.93912864E-02
27  1 5.04501993E-04 2.08249697E-02 1.85604309E-02 8.19672412E-03 3.74087046E-02
27  2-1.53420707E-02 1.49676107E-01 8.18782926E-03-5.24037155E-02 4.08671515E-02
27  3-2.13337765E-02 4.24129440E-01-3.22542142E-01 1.46182646E-02-1.11136314E-02
27  4 1.42259745E-02 4.29934908E-02-4.00432501E-02 2.47788333E-04-9.18187695E-02
27  5 2.69768448E-01-1.72324756E-01-2.29170196E-02 2.83049872E-02-4.81775012E-02
27  6 1.72569512E-01-3.14569524E-01 3.23088655E-01-4.00620186E-02-9.42420228E-02
27  7-2.20084181E-02-1.50139454E-02 3.60353787E-02-7.53100686E-03-8.89165268E-02
27  8 1.67965582E-02-3.42017395E-02 7.89546176E-02 5.81262230E-02-6.98574275E-03
27  9 5.59875989E-03-1.43151917E-02 9.71050844E-02-6.99936132E-02 3.13307962E-02
27 10-1.41142259E-02-1.15154390E-02-2.04883273E-02-1.27076759E-02 1.27360664E-02
27 11-1.16580768E-02-6.77877381E-02 2.88564241E-01-1.28263971E-01-1.76200358E-03
27 12 1.01013587E-02-2.48938452E-02 9.60360114E-02 8.17379333E-02 3.03119456E-01
27 13-5.08967310E-02-1.10433444E-01-1.38729269E-02-2.48738862E-02 5.62184014E-03
27 14-1.62672976E-02-1.24455682E-01 2.30721495E-01-4.50823871E-02-3.37002011E-02
27 15-2.15796391E-02-4.76712314E-02 1.20640428E-01-7.21400085E-02 4.62019806E-01
27 16-7.83550710E-02-1.08038623E-01-9.82575270E-03-4.30655089E-02 3.07637254E-02
27 17 7.86476646E-03 5.44849225E-03 2.67989214E-01-2.91260260E-01-2.34149885E-02
27 18-1.92962768E-02-3.30625593E-02 7.15501039E-02 1.79902329E-01 3.29690194E-01
27 19-1.40865899E-02-1.11409977E-02 1.80302016E-03-2.61306761E-02-4.67985291E-02
27 20 6.60573190E-03-4.43429447E-02 2.22340235E-01-4.18223313E-02 2.96715898E-03
27 21 5.61272800E-03-8.54641263E-03-8.58056468E-02-1.64109399E-02 2.01620039E-01
27 22-4.45426245E-02-3.54865062E-02-6.36527190E-02 3.91005543E-03 1.30398635E-02
27 23-1.20944738E-02
28  1 1.50600854E-05 3.11402420E-02 3.41844862E-02-4.02418362E-03 2.23000650E-01
28  2-4.11127208E-02 8.23623747E-02 1.01786245E-01-4.39430839E-02 1.42015789E-02
28  3-5.06103996E-01 2.14531087E-01-2.07696234E-01 3.00450878E-02 8.48076332E-02
28  4 9.04287551E-02 1.84568925E-02-3.30244465E-02 2.62814631E-03-2.31780350E-01
28  5 1.76118138E-01-1.96318841E-01-4.22711269E-02-1.73715885E-02-9.04029488E-02
28  6 1.96733841E-01-8.93295877E-02 5.23038678E-01-7.57927913E-02-1.21206822E-01
28  7-4.34735788E-02-1.24622244E-02 3.28660439E-02 1.93400181E-02 6.04845079E-02
28  8-8.50287755E-03 2.09678551E-02-1.36060967E-02-5.78224932E-03 3.37246340E-03
28  9-4.33323706E-03 7.89196153E-03-2.87145752E-02 3.34815991E-02-1.80507190E-02
28 10 7.14116666E-03 4.78391700E-03 8.01517092E-03 4.43718597E-03-3.11333348E-03
28 11 5.01138485E-03-6.93940680E-03-7.70842982E-02-2.00707579E-02 6.96443926E-03
28 12-6.05778522E-04-2.75952789E-03-1.23692848E-01-1.43620463E-02-3.93242613E-02
28 13 7.30673844E-03 2.85785015E-02 2.13108579E-03 2.42681641E-02-8.66753420E-03
28 14-5.66703657E-04 8.12164606E-02-2.16682129E-01 2.49107344E-01 1.97964789E-02
28 15 1.06680889E-02 2.66017030E-02-1.64201987E-01 9.14790862E-03-2.56740629E-01
28 16 2.88404257E-02 6.35418145E-02 1.50162630E-02 1.07857970E-02-1.99531853E-02
28 17-4.71310282E-04 4.11538440E-02-1.40657367E-01 2.48334111E-01-9.71050989E-03
28 18 2.72106905E-02 3.61038344E-02 9.05150491E-02-2.40083590E-01-3.26282522E-01
28 19 1.32495402E-02 1.62124429E-02 7.18072519E-03 2.99531962E-02 4.57913062E-02
28 20-8.32176367E-03 2.43406907E-03-2.80262327E-02-5.85830836E-02-4.10315650E-03
28 21 1.82999143E-03 2.34544325E-03 5.46373698E-02-2.27070237E-02-6.48361379E-02
28 22 9.84943183E-03 8.18131957E-03 1.49205924E-02-3.02272717E-03-4.63002840E-03
28 23 3.52840307E-03
29  1-6.43369063E-04 4.66433452E-03-8.65337869E-03 2.99790042E-02-7.42154231E-03
29  2-4.19591726E-02 4.36583249E-02 5.79995154E-04 7.58882043E-03-4.25463767E-03
29  3-4.45797909E-02-5.00620367E-02 3.43404886E-02-1.17065468E-02 5.72280166E-04
29  4 8.35642306E-05-1.89095565E-03 4.41456293E-03 1.31842963E-03 2.85428157E-02
29  5-1.08645884E-01 6.29085507E-02 7.74911921E-03-5.74292171E-03 8.89240826E-03
29  6-6.19788457E-02 7.28064949E-02-7.03336742E-02 1.32443825E-02 3.05304008E-02
29  7 9.00544757E-03 2.43895786E-03-8.92402580E-03 3.35693567E-03-1.22618539E-02
29  8 6.66251750E-02-7.77171640E-02 3.16954508E-01 5.15393242E-01-1.42834413E-02
29  9 9.07636807E-03-3.18762366E-02 2.97642427E-01-2.01279680E-01 9.37020505E-02
29 10-3.98051938E-02-3.30089136E-02-3.75053066E-02-4.01061046E-02 3.78240966E-02
29 11-3.37419162E-02-2.41028549E-02 1.83936854E-01-2.25378063E-01 3.00644666E-03
29 12-9.83307454E-03-4.10023430E-03-4.83752993E-02-1.18480285E-01 9.83715190E-02
29 13-1.60326429E-02 3.06087044E-02-2.51157301E-03 5.59017289E-03-1.84428595E-03
29 14-1.74949752E-02 4.34070826E-02-5.86358408E-02 8.88393666E-02 1.02679747E-02
29 15 1.23972269E-02 1.25660099E-02-7.03178290E-02-4.87433273E-02-1.38316356E-01
29 16 1.10508179E-02 1.71044153E-02-3.11790619E-04-4.27489549E-03-1.94812452E-02
29 17-1.05072240E-02 2.93185558E-02-8.74030757E-02 2.05481267E-01-3.93108752E-03
29 18-5.38557730E-03 3.66409908E-02-1.80402620E-02 3.97627520E-02-2.83446396E-01
29 19 1.90483352E-02 1.24076019E-02 4.10548550E-03-3.87894813E-03 3.12692535E-02
29 20-2.18427518E-03-1.33618173E-01 1.60659375E+00-1.41364155E+00 2.77465239E-02
29 21 4.80030013E-03-7.87327328E-02-2.79599792E-01-1.66362045E-02 8.29384665E-01
29 22-1.86110244E-01-1.78687091E-01-2.21236192E-01 1.13517582E-02 2.30480066E-02
29 23-3.65575112E-02
30  1 4.54428686E-05 4.53413604E-02 1.33788968E-01 4.99414721E-03-1.28017449E-01
30  2-5.67825252E-02 2.20856533E-01-5.97838962E-02-9.27946909E-03 2.75105589E-02
30  3 2.97940594E-01 2.06710572E-01-1.62810781E-01-8.14330737E-03-5.98906832E-02
30  4-4.73630959E-02 2.08599110E-02-1.75049878E-02 5.11839381E-03 1.20895784E-01
30  5 1.88367158E-01-1.78652757E-01 3.44815814E-02 6.05329301E-02 1.78447760E-02
30  6-1.64140402E-01-4.10139318E-01-3.17023168E-02 1.39616184E-02 1.11766479E-03
30  7 3.57874945E-02-2.46668020E-02 1.29431185E-03-2.34204595E-02 1.69523352E-02
30  8 3.73333232E-02 2.66559025E-02-1.06525500E-01-5.61696098E-02 1.71139106E-03
30  9-1.63746769E-02 5.54912349E-03-1.62755048E-02 1.52259915E-01 7.35470154E-02
30 10 2.36135229E-02 8.66155131E-03 6.51944481E-02 1.41236988E-03 5.70429425E-03
30 11 6.94196722E-03 6.32954815E-02-1.00310590E+00 1.24490271E+00 7.80728807E-03
30 12 3.68415432E-02-1.24794167E-02-1.42613492E-01-2.10093464E-01-2.72906803E-02
30 13 1.01105423E-01 8.87746132E-02 8.43085121E-02 2.49755212E-02-1.10866845E-02
30 14 6.09817511E-03 7.26700018E-02-1.66953798E-01-3.84728881E-01 3.15534600E-02
30 15 4.92447591E-03 1.53571240E-02-2.53227966E-01 1.49002272E-01-1.40957201E-01
30 16 1.02447989E-02 7.23099801E-02 2.72843641E-02 7.55603786E-03-2.21191864E-02
30 17 1.56667338E-02 1.23462631E-01 1.31433349E-01-1.08500904E-01-6.80016886E-02
30 18 5.34049732E-04-3.04532075E-03 4.42027185E-01-1.27297149E-02 2.28953530E-02
30 19 4.10185243E-03 3.13292531E-02 3.45393752E-02-3.56892406E-03 5.64343967E-03
30 20 7.03431926E-04 5.24772751E-02 1.18767750E-02-1.95031130E-01 1.50794748E-02
30 21-3.24178396E-02-1.31288302E-02-1.04153338E-01 2.93519621E-01 3.97815575E-02
30 22 1.91785190E-02-1.47358558E-02 3.64329671E-02 1.94196261E-02-7.48902023E-03
30 23-1.48755325E-02
 $END   
 $GRAD  
E=     -496.7256001008  GMAX=   5.8616732  GRMS=   2.9273268
CL          17.    1.5090559851E+00    9.1718031356E-04    1.5098578553E+00
C            6.    5.3328147868E+00    8.0041054540E-01    1.6620093705E+00
C            6.   -5.4450824227E+00    2.1061936458E+00   -4.4280370277E-01
O            8.    4.1799243234E-03   -1.8616142131E+00    2.5201865412E+00
H            1.   -5.0050656586E+00    1.5957921357E+00    7.0787448025E-01
H            1.   -2.9601727283E+00   -2.6253517540E+00   -3.5143035320E+00
O            8.    3.5999325272E+00   -2.4992792503E-01    5.1934589992E+00
O            8.    3.2581381433E+00   -3.8360257369E+00    2.1576067164E+00
H            1.   -1.2352071226E+00    2.4841157279E+00   -5.0164962690E+00
H            1.    3.6668509619E-01    3.1297298718E+00   -2.2415655440E+00
H            1.   -3.9601152542E+00   -3.4259271917E+00   -2.9179493039E+00
H            1.    5.8616731909E+00   -2.0213412842E-01   -1.0923339522E+00
H            1.   -1.3268364674E+00    2.0838218423E+00    1.4744583411E+00
 $END
-------------------- DATA FROM NSERCH=   3 --------------------
 COORDINATES OF SYMMETRY UNIQUE ATOMS (ANGS)
   ATOM   CHARGE       X              Y              Z
 ------------------------------------------------------------
 CL         17.0   3.2859092920   0.1987752740   0.3737717928
 C           6.0   2.1433901921   0.8908971047  -0.9880976863
 C           6.0   3.1497748882   1.8480628234  -1.7693974491
 O           8.0   2.4810111752   2.8289437566  -2.4490653675
 H           1.0   1.4725824581   1.3349513167  -0.4985074768
 H           1.0   2.0100950630   0.1078357318  -1.5121432922
 O           8.0   3.5017865259   0.0536519985  -4.0051460011
 O           8.0   3.7338302614   2.7003356912  -4.9224315249
 H           1.0   3.6129067195   2.9848056519  -5.6008237925
 H           1.0   3.6474561955   0.8223391448  -4.3665981059
 H           1.0   3.0565409676  -0.4397184834  -4.3115460234
 H           1.0   4.0096822100   1.7522397627  -1.7925764922
 H           1.0   3.3191040516   3.0327602271  -4.2002585809
--- CLOSED SHELL ORBITALS --- GENERATED AT 17:28:45 12-AUG-2026    
Chloroacetaldehyde hydrate and water                                            
E(R-WB97X-D)=     -505.3570191170, E(NUC)=  288.8421824215,   12 ITERS
 $VEC   
 1  1 9.99995214E-01 6.34554293E-06 2.91097594E-06-1.31462154E-06 2.17196723E-04
 1  2-1.13326739E-03 4.80369393E-04-4.29101030E-06-1.48478454E-07-8.98110318E-06
 1  3 8.35979603E-06-1.46508599E-05 5.15376330E-06 2.20736221E-04 2.43867055E-04
 1  4 2.35041532E-04-1.15306286E-05-8.38796376E-06 2.38719130E-05 2.65433221E-04
 1  5-1.39688108E-03 7.88126314E-04-1.16325048E-05-1.67035957E-05-9.40654314E-06
 1  6 4.12367821E-06 5.42967698E-05 3.56402378E-05 2.63604284E-04 2.84612700E-04
 1  7 2.77360291E-04-1.30618498E-05-1.26621335E-05 2.50267756E-05 7.25612680E-07
 1  8-2.77344016E-07 1.04737843E-05-6.10551378E-05 9.62107923E-05 1.92507576E-06
 1  9 2.10997456E-06-7.64852643E-06-2.67513024E-06-6.69683190E-06 1.21830179E-05
 1 10 1.05845832E-05 1.15425793E-05 7.15628508E-06 3.67299241E-07 1.15866203E-06
 1 11-1.08671160E-06-2.34395346E-05 1.29913031E-04-5.26277623E-05-3.00047642E-06
 1 12 2.54760517E-06 1.17132643E-05 2.21147576E-06-5.61244191E-06-2.25241129E-05
 1 13-1.59427912E-05-1.92784981E-05-2.36117992E-05-4.18493087E-08 4.94210487E-07
 1 14-3.94254614E-06-2.91427251E-05 1.70554965E-04-1.85796154E-04-6.45981223E-06
 1 15 1.12063297E-05 2.69398308E-05 1.00883068E-05-3.40306227E-05-5.86481060E-05
 1 16-2.19345008E-05-2.60190537E-05-3.00722537E-05-3.61437225E-06 5.36364793E-06
 1 17-6.72098775E-07 1.08468781E-04-5.29639071E-04 1.71061433E-04-3.20046634E-05
 1 18-1.92540267E-05 2.11947037E-05 8.57797097E-05 5.31583316E-05-5.10276102E-05
 1 19 1.06695081E-04 1.16559450E-04 1.22286641E-04-7.95685252E-06 6.01717609E-06
 1 20 1.49934049E-06-3.13390679E-05 1.67949727E-04-1.57622479E-04 1.29736011E-06
 1 21-4.07588496E-06 5.75299767E-07-4.06798520E-06 7.68006741E-06 1.34376240E-07
 1 22-2.91818275E-05-2.96860290E-05-3.14274585E-05 3.84146909E-07-6.30149309E-08
 1 23 9.39406681E-07
 2  1 8.20926627E-05 4.03562974E-04 1.54682220E-04 7.98746298E-05 1.46201318E-03
 2  2-7.20042941E-03 1.30719825E-02-4.34688178E-04 5.06253334E-04 6.94396319E-04
 2  3 1.06178305E-03-8.98300150E-04-1.49590999E-03 1.45305536E-03 6.82504751E-04
 2  4 1.08506674E-03 3.33438966E-04 1.46600084E-04-6.16657624E-04-6.52131141E-03
 2  5 3.38755303E-02-3.04888192E-02 3.28401307E-04 4.92367431E-05-1.16050916E-03
 2  6-2.37709660E-04-2.73657010E-04 2.35518602E-03-5.30457670E-03-5.36959666E-03
 2  7-5.81839145E-03 2.21872866E-04 1.94061500E-04-3.35500698E-04 8.10223691E-01
 2  8 5.48080048E-02-4.33202844E-04-1.88092364E-02 2.21918909E-02 7.15952566E-04
 2  9 2.67044518E-03 2.34905430E-04 2.51845416E-03-1.46058700E-02 1.69592851E-02
 2 10-2.27493056E-03 3.54092755E-03 2.09146772E-02-2.78755541E-03 4.72806536E-03
 2 11-1.14193683E-02-3.60339677E-02 6.76746543E-03-7.32788982E-02 8.06513029E-03
 2 12 2.57064468E-02-3.17652945E-03 5.67383165E-03-6.18234707E-02 4.60876450E-02
 2 13-3.79467587E-02 8.57696759E-02 1.24878310E-02 9.55868099E-03-1.02432810E-02
 2 14-9.39245475E-02-2.32779145E-02-8.27602861E-02 7.93991509E-02 3.73895454E-02
 2 15 2.76077886E-02 3.40262269E-02 1.17666387E-01 1.51873385E-01 7.05253181E-02
 2 16 1.15606654E-01 1.48250173E-01 3.86374769E-02 1.98187067E-01 1.28604768E-01
 2 17 1.36630780E-01-5.41235199E-03 2.56365284E-02-9.16980831E-03 1.62821811E-04
 2 18 8.87401085E-04 8.88534063E-04-8.58174410E-04-2.88330758E-03-2.83738926E-03
 2 19-5.05983874E-03-5.18096655E-03-4.72085975E-03 2.49640951E-04 2.44736034E-05
 2 20 2.81804323E-04-4.69320201E-03 3.84898127E-03 1.62057988E-02-2.01585156E-03
 2 21 7.33984535E-03 2.51739524E-03 5.88918037E-03-2.04665346E-02-3.47784453E-03
 2 22-3.93628892E-03-4.01343999E-04-1.37688645E-03-3.73794512E-03-4.71763823E-03
 2 23 4.00689297E-03
 3  1-3.45174386E-05-1.50702606E-04 3.49067035E-04-4.93195510E-03 2.22726586E-04
 3  2-4.30424270E-04-2.51520020E-03 5.87433028E-04 5.47837465E-05-2.78698108E-04
 3  3-1.57353764E-03-1.90228316E-04 7.56423295E-04 1.06535914E-04 3.67441678E-04
 3  4 3.22780857E-04-8.42820586E-05 1.15758141E-04 1.72297482E-05 1.07145685E-03
 3  5-5.04002248E-03 1.87184858E-03 4.53118268E-04-1.32973499E-04 6.17035255E-05
 3  6-1.49602567E-03 2.95117928E-04 1.67332000E-04 8.09091716E-04 1.01818480E-03
 3  7 1.10834276E-03-1.78871712E-04-6.81935918E-05-3.64946821E-05-5.60555784E-02
 3  8 8.16708270E-01-3.38771214E-02-5.38315633E-02 6.71200171E-02 1.52948325E-02
 3  9-2.19610670E-02 3.22324711E-02 2.36630259E-02-7.82959128E-02 2.11087473E-01
 3 10-3.67709729E-02 1.68637186E-02 3.02178404E-01-3.49162022E-02 7.32120332E-02
 3 11-1.71443833E-01-3.66840920E-04 2.36377095E-02-5.48604091E-02-7.28515384E-04
 3 12 1.47094101E-02-5.34354111E-03-3.17422309E-03-3.90377598E-02 9.79837016E-03
 3 13 7.84805226E-03-2.17369584E-03 2.27220758E-03 2.42490867E-03 2.85062917E-04
 3 14 7.71775818E-03 8.26440257E-03-2.90838742E-02 2.55003464E-02-2.22532612E-03
 3 15-3.62831934E-03-1.56354475E-03-1.63239590E-02-1.94606985E-02-7.17341166E-03
 3 16-4.17271294E-03-1.12147528E-02 3.83061413E-03-1.92071438E-02-9.21317504E-03
 3 17-1.00516144E-02 3.34808325E-03-1.95976866E-02 2.33590536E-02 8.89835679E-04
 3 18-3.24960405E-05 2.93827369E-03-2.17395968E-03 6.39737532E-05-7.60549861E-03
 3 19 2.39237658E-03 2.28131038E-03 3.18652497E-03-8.48782339E-05 2.71763959E-04
 3 20 5.83667125E-05-3.75103667E-02 1.84480876E-02-3.29651984E-02-1.27086453E-02
 3 21 1.31186605E-02 3.05538111E-02 4.29168995E-02-5.38088754E-02-3.77452995E-02
 3 22 1.29398142E-03-5.76352438E-03 2.41413672E-02-4.49289974E-02-6.71568263E-02
 3 23 6.21921615E-02
 4  1-2.26598559E-04-2.25158646E-03 1.96681417E-03 9.93629997E-01 1.19035120E-02
 4  2-5.65684527E-02 2.93540729E-02 2.26501221E-03 1.74525440E-03-5.72962830E-04
 4  3-5.85501169E-03-5.55259573E-03 7.66534430E-04 1.07754638E-02 1.22085873E-02
 4  4 1.21003939E-02-5.48742387E-04 4.87258255E-04 5.62876919E-04 3.30107094E-03
 4  5-1.27165236E-02-1.54402431E-02 2.32201463E-03 2.83258841E-03-9.33882851E-05
 4  6-7.69813030E-03-7.32094376E-03 1.01428849E-03 2.92458978E-03 3.80516552E-03
 4  7 4.22962121E-03-1.40071791E-03-1.75101790E-04 7.30055005E-04-3.79243248E-04
 4  8 5.08343139E-03-1.04175283E-02 5.46034858E-02-8.76997272E-02-1.77522527E-03
 4  9 1.93475657E-03 5.78140663E-03 3.27223218E-03-5.31744305E-03-3.64109310E-03
 4 10-1.10636179E-02-9.86535658E-03-2.62588215E-03-4.71107051E-04-6.08541980E-04
 4 11-3.67790801E-04 7.66323496E-04 2.19568376E-03-5.44984596E-02-1.75832917E-03
 4 12 2.96435471E-03 6.19437173E-03 6.38650140E-03-9.00424868E-03-1.77435193E-02
 4 13 1.70678700E-03 2.93293829E-04 1.06423519E-03-7.11715367E-04-7.57948914E-05
 4 14-1.13473067E-03-2.27618654E-03 1.12112541E-02 1.33687838E-02-7.19996498E-04
 4 15-1.56997097E-03 1.71715178E-04 1.70397056E-03 5.22986665E-03 6.19560705E-04
 4 16-2.27585099E-03-1.80751642E-03-1.97577067E-03-6.54696779E-04 4.14916951E-04
 4 17 9.14533870E-04 3.93192094E-02-1.94180264E-01 1.15975232E-01 4.52833630E-03
 4 18 1.73540748E-03-7.52947968E-04-8.26148036E-03-6.55709832E-03 4.26883056E-03
 4 19 3.59132823E-02 3.44983470E-02 3.35686544E-02 5.03577184E-04-4.59454807E-04
 4 20 1.67820759E-03 4.84237224E-02-2.45473428E-01 2.05964765E-01 2.31873779E-03
 4 21 4.30662120E-03 2.47006821E-03-3.89716934E-03-1.04088736E-02-1.12855882E-02
 4 22 4.13394007E-02 4.32957976E-02 3.93635527E-02-3.20171617E-04-3.00790524E-04
 4 23 8.21572763E-04
 5  1 1.10897347E-04-3.95246493E-02 8.23543171E-01-5.20509220E-03 1.74461241E-03
 5  2-8.22733123E-05 3.23140831E-03 3.56750103E-03 4.25136492E-05-5.66090267E-04
 5  3-8.38927777E-03-2.11429790E-03-4.66090952E-04-2.77018495E-03 2.35167116E-03
 5  4 1.77126446E-03 2.84117924E-03 3.58509287E-03-9.85408207E-04 9.91946341E-03
 5  5-2.85453600E-02-1.60793259E-02 7.51623162E-03 9.77462511E-03 2.78171783E-03
 5  6-1.64100476E-02-2.53424844E-02-9.33743608E-03 1.17666628E-02 4.72612939E-03
 5  7 1.02440641E-02-3.56795936E-03-1.11880928E-03-6.20032026E-03-2.20586862E-04
 5  8-7.92854791E-04 3.31137297E-03-1.73927885E-02 2.25670839E-02-1.12789348E-06
 5  9 5.81838428E-04-1.09956431E-03 6.05546470E-04-1.93212435E-03-1.77508257E-04
 5 10 3.03849644E-03 3.26467326E-03 7.53394868E-04 1.01299458E-04 5.88641311E-04
 5 11-2.25345337E-04-2.61511273E-03 1.43406870E-02-1.95567852E-02-9.03098786E-04
 5 12-6.12092197E-04 1.90581989E-03 3.57743564E-03 6.22515898E-03-3.15988892E-03
 5 13-1.17173419E-03-2.39738039E-03-1.33528819E-03-9.44091146E-04 2.17785538E-04
 5 14 5.97401085E-04-2.06112753E-03 8.53973106E-03 8.87262055E-03-3.04253342E-04
 5 15-1.54607061E-03-9.99545179E-04 1.77030505E-03 6.17169033E-03 2.66251476E-03
 5 16-2.05913899E-03-1.05747097E-03-2.00298562E-03 4.89433998E-04 8.73701476E-05
 5 17 4.08492914E-04-1.22515551E-01 3.41768661E-01-3.14928376E-02 6.35872404E-02
 5 18-6.68175054E-03-1.06572680E-03-3.54179715E-01 3.93227665E-02 7.44436659E-03
 5 19 2.11645283E-01-1.25704950E-01-1.29697284E-01-4.50926531E-02-1.16717242E-02
 5 20-7.73831928E-05-7.01937997E-03 3.64284265E-02-3.44195771E-02 5.12288626E-04
 5 21-1.51576993E-03 2.06130197E-03-7.77652802E-04 2.23125851E-03-4.05596423E-03
 5 22-4.66117445E-03-4.81418751E-03-3.94034828E-03 1.46947831E-04-1.78409832E-04
 5 23-2.88652500E-05
 6  1 3.45310447E-04 8.14137150E-01 4.12915078E-02 4.65599426E-03-9.58001631E-02
 6  2 2.72797063E-01-4.72025376E-02-5.52272592E-02 2.71322077E-02 2.95314336E-02
 6  3 1.94238275E-01-8.33501652E-02-9.89512683E-02 2.75367363E-02-6.76243046E-02
 6  4-5.21587193E-02-8.42387270E-02-9.36751493E-02 4.63642614E-02-9.65301183E-02
 6  5 2.84577823E-01-6.64634298E-02-2.02528612E-02-5.29861445E-02-3.76433960E-02
 6  6 7.74224157E-02 1.72597600E-01 1.16303259E-01-9.56886589E-02 3.20555769E-02
 6  7-4.26121450E-02 4.68844522E-02 3.42434351E-02 1.01260558E-01-9.42082609E-04
 6  8 1.96386660E-04-7.88434840E-04 4.29382750E-03-7.52949368E-03-1.25118916E-04
 6  9 1.55624431E-07 5.06768551E-04 1.10114552E-04 2.85396104E-05-4.88380445E-04
 6 10-7.19226492E-04-7.42329236E-04-1.34004387E-04-7.08017765E-05-1.99930617E-04
 6 11 7.81473231E-05-1.09044449E-04-4.28222424E-04-5.40242263E-03-4.14970625E-04
 6 12-5.63857304E-04-1.53724314E-03 1.32366349E-03 1.55320248E-03 3.86388881E-03
 6 13-7.50420743E-04-7.45881029E-04 3.89440262E-05 7.08618000E-05 9.67393765E-05
 6 14 5.45476647E-04 5.16421916E-03-2.87495287E-02 3.10933421E-02 2.75529145E-04
 6 15-1.43375262E-03-2.23096276E-03-6.21994906E-04 4.24479636E-03 5.23565534E-03
 6 16 3.76988779E-03 4.26842447E-03 4.56132056E-03 7.19635936E-06-5.11742605E-04
 6 17-1.88752998E-04-1.30348977E-02 5.73541083E-02-4.06131686E-02-2.92763492E-03
 6 18-3.41237460E-03 5.94331326E-04-6.99410133E-03 7.22794457E-03-4.64515849E-05
 6 19 6.79547821E-03-9.48610141E-03-9.41976934E-03-2.96510229E-03-4.66953509E-04
 6 20 2.63968758E-04 2.02842745E-03-1.15016247E-02 1.61760266E-02-3.50409878E-04
 6 21 6.27187628E-04-7.44786561E-04 1.05340595E-03-1.88281224E-03 2.12964496E-03
 6 22 1.52094213E-03 1.54506780E-03 1.76172193E-03-8.94750298E-05 1.03522655E-04
 6 23-2.40740771E-04
 7  1-6.76909819E-03-1.78084257E-01-1.08564237E-01-3.77222343E-02 1.27791316E-01
 7  2-6.85655078E-01 7.30800508E-01-5.25281325E-02 1.15114924E-02-2.12884189E-02
 7  3 2.02600862E-01-3.32869123E-02 9.76211020E-02 8.17475418E-02 6.35449664E-02
 7  4 5.45981252E-02 2.04292316E-03 2.88831405E-02-1.81782417E-02 1.40338210E-01
 7  5-7.38148281E-01 7.82441232E-01-4.14560427E-02-6.10821627E-04-4.25828388E-02
 7  6 1.72732619E-01-3.22677381E-03 1.67315971E-01 9.16910187E-02 4.79750723E-02
 7  7 9.20157226E-02 3.50905356E-03 2.30312348E-02-1.06333983E-02 1.58602921E-04
 7  8-2.39301982E-05 3.25860089E-03-2.22217458E-02 5.65912828E-02-1.13483843E-04
 7  9 2.87460073E-03-2.32328218E-03 6.32405942E-04-1.23970334E-02 1.11541951E-02
 7 10 1.61491917E-03 3.31834562E-03 2.96172463E-03 8.72750340E-05 4.65378208E-04
 7 11-8.44432658E-04-2.46539670E-02 1.60149846E-01-1.71694536E-01 8.38087497E-05
 7 12 3.23497269E-03 1.29384358E-02 2.30094846E-04-9.65112605E-03-4.33114921E-02
 7 13-1.56975935E-02-1.80708597E-02-2.00028127E-02-1.34424404E-03-7.80308731E-04
 7 14-2.74938954E-03-3.01877315E-02 1.87401048E-01-1.72948181E-01-2.76931391E-03
 7 15 3.45350818E-03 1.15887552E-02 8.97817875E-03-1.55241087E-02-3.52825104E-02
 7 16-2.15741090E-02-2.47115604E-02-2.43232857E-02-1.62197034E-03 2.30691818E-03
 7 17 1.31990175E-03 1.04599129E-01-5.42447027E-01 5.91710351E-01 2.35627528E-02
 7 18-1.90255329E-03-1.07183231E-02-5.41604728E-02 4.40837990E-03 4.13810960E-02
 7 19 3.05882194E-02 6.49532486E-02 7.08206491E-02 5.93039215E-03-6.85713937E-03
 7 20-2.68062993E-03 2.87978631E-03-7.20841254E-03-2.92181074E-02 4.90109582E-03
 7 21-3.07795008E-04 2.04881396E-03-1.76095015E-02-4.80653881E-04-7.13134380E-03
 7 22 1.59479607E-03 3.02647572E-03-7.76796047E-04 9.78238632E-04-3.41500216E-04
 7 23 8.28934362E-04
 8  1 9.07425126E-05-9.37249380E-03 7.77309302E-04 8.46793319E-03 8.74387752E-02
 8  2-7.55265520E-01-4.14758563E-01 5.10036802E-02-2.38889253E-02-1.30133925E-03
 8  3-5.26301974E-01 2.62404619E-01 1.50193203E-01 8.56413244E-03 1.07214338E-01
 8  4 1.08463168E-01 7.43043475E-02 5.31595401E-02-3.51705717E-02-9.70825379E-02
 8  5 8.56233230E-01 3.97655367E-01-3.14194502E-02-1.95353465E-02-5.05270595E-02
 8  6 2.56784081E-01 3.69742121E-01 4.63179317E-01-1.24236526E-01-6.32464466E-02
 8  7-7.50059040E-02 4.02383753E-02 5.66834545E-02 9.31913449E-02-3.92943388E-03
 8  8 4.67355398E-04 1.60346514E-03-1.14226823E-02 1.66191891E-02 2.74177930E-04
 8  9-3.36971129E-04-6.14290279E-04-9.79873707E-04 1.72833107E-03-4.85466792E-04
 8 10 1.80447068E-03 1.68308304E-03 8.19193539E-04 1.68783517E-06 8.83475384E-05
 8 11-2.23891023E-05-1.54560584E-03 2.46678644E-02 3.88435718E-02 2.07632272E-04
 8 12-4.49073717E-04-8.73551581E-04-3.90243528E-03-9.13823925E-03 1.08182980E-02
 8 13-3.75399531E-03-1.42035396E-03-2.38058968E-03 8.96680290E-04-3.77696804E-04
 8 14-2.02144943E-03-7.02287019E-03 5.00158699E-02-8.62563165E-02-1.25846874E-03
 8 15 2.03517506E-03 3.06238535E-03-1.52308722E-04-1.31749530E-02-1.13217527E-02
 8 16-6.67618226E-03-7.49746731E-03-6.07691736E-03-2.21984425E-03-5.19646551E-04
 8 17-9.56801035E-04-1.68723187E-02 1.17266004E-01-1.14914501E-01-5.82894166E-03
 8 18 7.90316218E-03 1.40315103E-03 4.64913905E-03-4.35668387E-02-6.41845172E-03
 8 19-8.70379513E-03-1.38389092E-02-1.47721761E-02 1.10647118E-02 1.76786574E-03
 8 20-2.17660247E-03-7.26140295E-03 3.28995840E-02-3.94089949E-02-1.17629628E-03
 8 21 8.28038731E-06 2.44725619E-04 3.62321638E-03 6.19184353E-04 4.54288887E-04
 8 22-4.63207478E-03-4.71773261E-03-4.59530817E-03-8.55841823E-05 3.61901512E-04
 8 23-2.12509747E-04
 9  1 6.72143009E-04 1.22396675E-01-2.23876121E-01-4.20157344E-02-9.22800038E-03
 9  2-1.76918597E-01-1.10291359E-01 9.65762288E-03-9.06492053E-03 3.23417748E-02
 9  3-1.36501529E-01 8.65966643E-02-1.29970596E-01 8.96671558E-03 2.16766829E-02
 9  4 4.03560470E-02 1.51667077E-02-2.60961554E-02 1.55330500E-02-3.64611959E-02
 9  5 2.33229755E-02-2.98743280E-01 1.46942353E-02-2.12187008E-02 2.13518094E-02
 9  6-9.71195463E-02 6.49149462E-02-1.53020709E-01-6.86399075E-03 3.35221940E-02
 9  7-2.41599945E-02 1.88961625E-03-1.92725139E-02 1.04197693E-02-7.18755205E-02
 9  8-7.53743291E-02 1.04421802E-02 1.78983948E-01-1.62007034E-01-4.14649980E-03
 9  9 2.80004391E-03 1.01746771E-02 1.38249062E-02-1.77867957E-02 3.50122258E-03
 9 10-1.97605616E-02-2.42926260E-02-3.83945845E-02 4.61644486E-03-8.52136763E-03
 9 11 1.58772437E-02 6.09069168E-02 1.51246603E-01-9.95451409E-02-6.19714375E-03
 9 12-2.39278964E-02 2.23408035E-02-2.60199546E-03-9.17591030E-02 1.46203415E-02
 9 13-2.57441095E-03 3.02048629E-02 6.60415685E-03 5.19846919E-03-3.94641920E-03
 9 14-2.47140982E-02 1.71291608E-02 3.67428204E-02 9.85740659E-02-4.22147050E-03
 9 15-2.71046446E-03-8.90386500E-03-5.22682927E-03-2.80086494E-03 1.38277454E-02
 9 16-1.97352697E-02-2.09797381E-02-1.17495660E-02-2.39087934E-02-1.76209333E-02
 9 17-1.44987793E-02 9.24549107E-02 2.27467759E-02 6.50099216E-01 6.13626547E-03
 9 18-1.69238577E-03-1.18288595E-02-2.15431745E-01 3.42221934E-02 7.57658515E-02
 9 19-2.97988068E-02 3.24347894E-03 2.84792594E-03-6.48675345E-03-5.76958416E-03
 9 20-7.75353223E-03 9.21837079E-02-1.49447536E-01 4.39239894E-01 1.87204345E-02
 9 21-3.82818698E-03-2.76034745E-02 8.79406590E-03-5.60996824E-02-1.98208286E-02
 9 22 3.19755696E-02 3.07428294E-02 4.47673668E-02-8.04594163E-03-1.87806416E-02
 9 23 1.35275746E-02
10  1-2.06975372E-04-5.36461224E-02 1.10578208E-01 1.51540841E-02-4.48124301E-04
10  2 1.32663387E-01 1.68207492E-02-2.95347024E-03 4.10955854E-03-1.57290678E-02
10  3 7.01809466E-02-4.72980551E-02 5.85961802E-02-6.71067573E-03-1.42816849E-02
10  4-2.33057427E-02-9.90797275E-03 1.01794916E-02-5.64201395E-03 2.38623767E-02
10  5-5.43391819E-02 1.63572564E-01-5.20521292E-03 1.02155734E-02-7.78235304E-03
10  6 3.39935078E-02-3.76305478E-02 5.71983633E-02 8.95079934E-03-1.01022002E-02
10  7 1.63473618E-02-2.37772833E-03 6.70479837E-03-6.78461565E-03-2.17913028E-01
10  8-6.45957833E-02 2.36750895E-02 7.32708291E-02 3.22129080E-02-1.21698386E-03
10  9-4.01821222E-04 3.72208119E-03 6.65078656E-03-5.18411363E-03-4.23210768E-03
10 10-3.50757195E-03-7.74402306E-03-3.38515643E-02 3.83581435E-03-5.32283908E-03
10 11 1.27463629E-02 1.76925873E-01 3.99780397E-01 2.92695681E-01-1.57749297E-02
10 12-8.36304947E-02 3.32666857E-02-3.06382007E-02-2.42659021E-01 1.71012611E-01
10 13-1.55079970E-02 9.25225353E-02 1.41344628E-02 1.82739671E-02-1.01005667E-02
10 14-6.73828651E-02 5.18034033E-02 2.13953546E-01-8.28036217E-02-6.92394755E-03
10 15 1.00341177E-02-1.50798067E-02-2.26329369E-02-6.90122346E-02 5.55490454E-04
10 16-6.28560929E-02-6.89460677E-02-4.49218566E-02-6.89786303E-02-5.43480512E-02
10 17-4.91619759E-02-4.60974837E-02-1.79149015E-02-3.45769259E-01-1.30117253E-03
10 18-6.82537535E-04 7.22256796E-03 1.04585351E-01-1.08887875E-02-5.21109628E-02
10 19 1.62232497E-02-2.11801688E-04-9.64064783E-04 2.39861828E-03 7.61920817E-03
10 20 3.96424523E-03 6.63963852E-03 2.06635198E-01-8.94224129E-02 4.53567385E-03
10 21-4.39444175E-03-1.27553857E-02 4.06561573E-02-3.30444798E-02-4.27919993E-02
10 22-1.57826877E-02-1.66390982E-02-5.38328333E-03-6.98964764E-03-1.20558815E-02
10 23 1.02817549E-02
11  1-8.17139640E-05-3.37123790E-02 6.93418803E-02-3.00472868E-03 7.14520388E-03
11  2 2.94805334E-02 3.42495018E-02-2.07379591E-04 2.59658450E-03-9.42849672E-03
11  3 2.45582529E-02-2.50544433E-02 4.01962331E-02-9.88882019E-04-1.22507569E-03
11  4-7.27814853E-03-3.79533167E-03 8.45711153E-03-4.66531461E-03 8.17882926E-03
11  5 3.34032134E-02 6.53273614E-02-2.89901728E-03 7.92901803E-03-6.04138205E-03
11  6 2.68269847E-02-1.69811098E-02 5.50058989E-02-2.16676051E-03-1.15366176E-02
11  7 5.84633450E-03-3.95451171E-04 6.61046009E-03-2.92689969E-04 9.70506904E-02
11  8-2.44547027E-01 1.22102497E-01 3.76786135E-01-2.56243461E-02-1.94867770E-03
11  9-9.62104850E-03 4.64875540E-02 3.00563567E-02-2.98669600E-02 1.69889718E-02
11 10-1.48528666E-02-2.94114938E-02-8.93641545E-02 1.35114104E-02-1.89601307E-02
11 11 4.35235612E-02-5.60016198E-02-2.27355027E-01 2.80640236E-02 4.40856706E-03
11 12 2.80141654E-02-1.19712472E-02 1.75259378E-02 1.28244334E-01-7.59900840E-02
11 13 1.03007874E-02-3.08811776E-02-1.79558977E-04-6.69035247E-03 3.79465534E-03
11 14 2.57393246E-02-3.22477636E-02-6.71841317E-02-5.79004570E-02 2.23501561E-03
11 15-3.00097322E-03 6.11068817E-03 7.58329831E-03 2.67854948E-02-6.32396767E-03
11 16 2.30992758E-02 3.02327932E-02 1.39288746E-02 3.20797738E-02 2.24095665E-02
11 17 2.06550627E-02-2.98109273E-02-3.17754647E-02-2.12628090E-01 2.46352207E-03
11 18-2.78087832E-03 5.46097676E-03 6.34254965E-02 6.12916378E-03-3.96261334E-02
11 19 1.03473275E-02 1.83067439E-03-3.47107048E-04-1.43892999E-03 6.62326099E-03
11 20 2.56386984E-03 1.33919741E-01 2.68341181E-01 2.61285182E-01 3.26292767E-02
11 21-2.28760808E-02-6.55050623E-02 8.98065804E-02-9.53634508E-02-9.87545874E-02
11 22 1.32904339E-02 3.69486309E-03 5.04894927E-02-1.67155671E-02-4.15051326E-02
11 23 2.89136564E-02
12  1-2.21629607E-06 4.54040809E-03-3.76346444E-03 8.38062427E-04-1.22214350E-03
12  2-5.94392551E-03 6.40737029E-04-3.23981835E-04-3.37310209E-04 1.69276422E-03
12  3-1.87175198E-03 4.06978775E-03-7.77108047E-03 3.24661038E-04-5.86794706E-05
12  4 1.11653791E-03 7.45519943E-04-1.39988018E-03 7.04647600E-04-5.96288326E-04
12  5-2.21703480E-03-1.99145957E-02 6.78128993E-04-6.79163265E-04 8.08490630E-04
12  6-4.62027024E-03 8.58056729E-04-9.04998777E-03 5.54059931E-04 1.78737504E-03
12  7-1.04494496E-03-9.76006751E-07-1.04489839E-03-2.47460289E-04-1.37159237E-01
12  8-2.47271745E-02 4.99391243E-02 1.25476314E-01 2.51272399E-02 6.76801056E-03
12  9-1.49755683E-02 2.73605467E-02 9.11959420E-03-2.05321134E-02 4.37010001E-02
12 10 4.95956324E-06 5.76363565E-03 1.31615090E-02-4.36645360E-03 5.53518042E-03
12 11-1.19465529E-02-7.07803638E-02-4.47499999E-01-7.04010177E-02 1.76396436E-03
12 12 3.57576839E-02-2.65460200E-02 4.73728412E-02 3.61158418E-01-2.01969859E-01
12 13 4.35336926E-02-1.48634340E-01-2.33433837E-02-2.60261568E-02 1.35672486E-02
12 14 1.32596359E-01 3.10872588E-01 6.43646792E-01 1.89876904E-01 1.12037238E-01
12 15 1.11628194E-01 8.79695265E-02 2.03707141E-01 1.85145508E-01 1.48893924E-01
12 16 4.72212211E-02 3.02831550E-02 3.57721117E-02 5.48352191E-02 6.23456185E-02
12 17 4.38154589E-02 7.72138556E-03-3.47955826E-02 5.17140099E-02 3.18527458E-04
12 18 1.60666612E-04-1.96832505E-03-4.15753272E-03-2.66924163E-04 1.43785189E-02
12 19 3.70168344E-03 4.32817017E-03 4.55378704E-03 1.99937794E-04-2.80268106E-03
12 20-4.49985837E-04-1.83223884E-03-7.37112301E-02-6.23969257E-02-8.47463420E-04
12 21-4.54299846E-03 1.73480702E-03-3.58172415E-02 4.85503119E-02 4.66652639E-02
12 22 4.42874238E-03 5.44724646E-03-7.26855999E-03 1.09917074E-02 1.77803528E-02
12 23-1.43202825E-02
13  1 4.30375789E-05 5.37154932E-03-2.88305567E-02 8.09967662E-03-4.45376070E-03
13  2 7.37016016E-03-1.16875895E-02-1.33398494E-03-8.67439101E-04 2.23636090E-03
13  3 1.37126898E-03 8.01106078E-03-9.55321628E-03-1.37095338E-03-3.02713985E-03
13  4-1.25785633E-03 1.22960058E-03-1.85111376E-03 5.53484006E-04-4.98901207E-03
13  5-5.84128926E-03-1.09268466E-02-8.48903288E-04-3.23399683E-03 1.22313087E-03
13  6-3.62207011E-04 6.56782799E-03-1.62764974E-02-5.60665465E-04 1.47548173E-04
13  7-4.17609271E-03 6.67195931E-04-1.52053989E-03-1.07558250E-03 1.36551365E-02
13  8-8.87656113E-02 2.90385132E-01 5.06929416E-01 2.70253977E-01 4.04192097E-02
13  9-7.75622541E-02 1.43897976E-01 6.46108032E-02-1.25947980E-01 2.40204651E-01
13 10 1.58258953E-02 4.42131997E-02 1.00026190E-01-3.16325985E-02 4.20981540E-02
13 11-7.36986623E-02 1.56594592E-02 1.03858504E-01 5.68750722E-02 5.49714697E-04
13 12-1.57587237E-02 4.97540771E-03-1.24675734E-02-5.87128810E-02 4.37273030E-02
13 13-1.32546473E-02 2.47239359E-02-1.80109175E-04 4.05833427E-03-2.75395264E-03
13 14-2.58861098E-02-5.43541342E-02-9.07803158E-02-5.14278449E-02-2.01778428E-02
13 15-1.89037681E-02-1.62535721E-02-3.16992955E-02-3.29699215E-02-2.57650426E-02
13 16-1.19258618E-02-9.23613132E-03-1.04798213E-02-1.10762624E-02-1.32117359E-02
13 17-1.00553499E-02 7.34604058E-03 8.28344814E-02 3.02718387E-02-5.67975765E-03
13 18 3.46875922E-03-4.86430159E-03-2.26067805E-02-1.52706010E-02 3.61650109E-02
13 19-8.92734131E-03-7.60552960E-03-5.62303474E-03 2.98599528E-03-6.57740327E-03
13 20-1.29204083E-03-8.63700579E-02-4.77805505E-01-2.83760670E-01-2.26176134E-02
13 21 1.61605935E-02 3.41026645E-02-2.18004766E-01 2.09495359E-01 3.04487511E-01
13 22-1.76307751E-02 5.64400647E-04-9.43253830E-02 6.85616414E-02 1.16960354E-01
13 23-9.65322699E-02
14  1 4.78248709E-03-2.16284634E-01-1.75728095E-01 4.05703489E-02-8.10267262E-02
14  2 1.26438607E+00-6.16764895E-01 2.87016246E-02-1.26126158E-02-3.32137776E-02
14  3 1.34384203E-01-8.26558910E-02 9.47217746E-02-1.05786114E-01-1.29696234E-01
14  4-1.47465408E-01-1.23190873E-02 2.82505381E-02-2.51470852E-02-7.59067826E-02
14  5 1.05461012E+00-5.20786437E-01 2.13385923E-03 3.13543813E-02 1.90475590E-02
14  6 7.53311709E-02-2.44681537E-02 7.38598492E-02-9.89807859E-02-1.48485147E-01
14  7-9.63791737E-02 6.48538076E-03 1.74006863E-02-2.34263331E-02 8.25347645E-04
14  8-2.09227600E-02-6.28262925E-03-6.57503976E-02 1.39944139E-01-2.79491858E-03
14  9 5.44783821E-03-1.42589921E-02-9.20807245E-03 1.98506193E-02-3.08147576E-02
14 10 6.21463106E-03 6.69976297E-04-2.50974105E-02 5.56783017E-03-5.79708191E-03
14 11 1.42219949E-02 1.32072365E-02-1.14711702E-01 2.25829085E-01 2.66231323E-04
14 12-5.30704954E-03-9.30456463E-03 1.02367260E-03 3.15485298E-02 2.85351492E-02
14 13 7.60661499E-03 1.02307013E-02 8.35484585E-03-8.72613004E-04 1.51893611E-03
14 14 3.99179792E-03 1.89773432E-02-9.42816928E-02 6.15727530E-02 3.08738773E-03
14 15 1.88811403E-03-3.17567279E-03 3.18240521E-03 1.78114736E-03 8.85881530E-03
14 16 1.45510699E-02 1.33825489E-02 1.02017374E-02 4.13584956E-03-7.84166620E-05
14 17-1.82314031E-03 9.35722172E-04 1.16161276E+00-4.85594602E-01-6.85703718E-02
14 18 1.77150805E-02-5.22811659E-03-1.39760293E-01-4.12729043E-02 8.68915078E-02
14 19-8.65857044E-02-1.00201130E-01-9.84747129E-02 2.75836875E-03-1.48458864E-02
14 20-9.67597229E-03-3.14482530E-02 3.75601798E-01-4.12668128E-01-3.73762852E-03
14 21-6.06821229E-03-2.44110439E-03 7.60683849E-02-2.47412510E-02-8.20410388E-02
14 22-2.75116449E-02-3.12021833E-02-1.53987259E-02-1.05133447E-02-1.54782526E-02
14 23 1.37624774E-02
15  1 2.31614815E-03-1.14936926E-01 1.99897047E-02-5.91923253E-02 1.11308173E-02
15  2 4.45540862E-01-1.64200431E-01 3.19812148E-02-7.30889697E-03-1.50462575E-02
15  3-1.72614892E-02-5.51016915E-02 2.67831132E-02-3.28872031E-02-2.25262096E-02
15  4-3.32478114E-02-4.30050950E-03 1.45599179E-02-8.99661063E-03-5.90543196E-03
15  5 7.14677307E-01-4.91000008E-01 2.10076045E-02 3.65671657E-02 2.31472060E-02
15  6-2.31638100E-02-1.61843478E-02 6.22223778E-02-5.31466380E-02-5.70627634E-02
15  7-3.26449113E-02 1.30728793E-04 1.03191978E-02 3.49228325E-03 1.42763713E-04
15  8 7.19251413E-02-2.93223853E-02 2.98549890E-01-7.17377984E-01 6.22826305E-03
15  9-1.62350256E-02 3.29770337E-02 3.33568972E-02-4.88998336E-02 7.83726826E-02
15 10-3.63506914E-02-2.03620490E-02 5.58285199E-02-1.91173316E-02 1.65414334E-02
15 11-4.35098251E-02 2.12710276E-02-1.34559781E-01-1.74693529E-01-3.30768254E-03
15 12 1.49789909E-02 4.99710945E-03 1.64032459E-02-6.90871099E-02-3.30091252E-02
15 13 2.33981049E-02 1.40214558E-02 2.18476317E-02 1.76309421E-03 4.69664658E-04
15 14 2.25963257E-03 2.63782568E-02-1.06514761E-01 2.04117796E-01 3.83097432E-03
15 15-3.98238424E-04-1.01816269E-03-5.17130028E-03 1.35728310E-02 8.46945773E-03
15 16 1.43891534E-02 1.41928419E-02 1.42353995E-02-9.10915065E-04 4.65767339E-04
15 17 1.09355892E-03-9.96288852E-03-2.11746261E-01 5.01493004E-02 2.86165658E-02
15 18-3.01220357E-02 2.79487494E-02-3.16139840E-02 1.95403299E-01-2.19557953E-01
15 19 1.47254733E-02 2.42085647E-02 3.82652464E-03-3.65319826E-02 4.41823823E-02
15 20 3.84829279E-03 9.61541289E-02-1.19659895E+00 1.58760073E+00 2.56936439E-03
15 21 2.33078186E-02-4.86254907E-03-2.00978162E-01 5.39161594E-02 3.24034473E-01
15 22 7.82615596E-02 8.78350513E-02 4.05627599E-02 2.63960740E-02 4.64723751E-02
15 23-4.18335175E-02
16  1-1.93739121E-03 1.38186124E-01-7.98751462E-02 3.98082193E-03-5.22360830E-02
16  2-1.29428662E-01-2.52831143E-01-2.57912790E-02 4.77224857E-02-3.84430117E-02
16  3 6.97139356E-02-2.53466366E-01 2.94223505E-01 2.19523463E-02 2.42252138E-02
16  4-2.45024321E-02-5.70467787E-02 1.99298261E-02 5.69164702E-03 2.41618872E-03
16  5-1.06292899E+00 1.08748180E+00-2.71718912E-02-1.13268151E-02-8.53658362E-02
16  6 1.05155787E-02-2.49584013E-01 2.70276310E-01 6.27639366E-02 1.36406296E-02
16  7 1.09828519E-01-2.49165622E-02 5.77098604E-03-4.67429865E-03 2.92405254E-03
16  8 1.78571311E-02-2.50682927E-02 1.04362357E-01-2.72157658E-01 7.26997612E-04
16  9-3.46415221E-03 2.04259661E-03 1.16599614E-02-2.41824982E-02 1.76290207E-02
16 10-1.51020501E-02-8.00424034E-03 2.80071223E-03-6.51811290E-03 3.66685859E-03
16 11-1.43931072E-02 4.93655632E-03-1.12507572E-01 2.64109026E-01 1.45339772E-03
16 12 7.54530843E-03-7.39369545E-03-2.08617558E-02-1.06002927E-02 2.30041631E-02
16 13 9.36160981E-03-1.14715583E-03 1.07273492E-02 5.11302747E-03-2.41737142E-03
16 14 2.88424008E-03-6.18961720E-03 1.33580679E-01-3.21586074E-01 5.05388663E-03
16 15 1.08815424E-02 1.01228168E-02-2.35147005E-02-2.12581113E-02-1.11867890E-02
16 16-1.36750145E-02-4.65623998E-03-5.40219038E-03-7.21342092E-05 2.38180216E-03
16 17 5.53068080E-03 7.36194927E-02 7.70380509E-01-8.64963724E-01-9.51819685E-02
16 18-1.04318484E-02 3.00479083E-02 4.70332076E-02 1.16949699E-01-1.63860355E-01
16 19 6.79869115E-03-1.66895099E-02-2.51997626E-02-2.30555516E-02 2.83221424E-02
16 20-4.32883800E-03 1.52214499E-02-3.04545720E-01 5.06770642E-01-2.81117829E-03
16 21 9.61819588E-03-3.07078763E-03-4.76371348E-02-4.98403281E-03 1.10684420E-01
16 22 1.18848747E-02 1.69148679E-02 2.47154539E-05 4.91199719E-03 1.42197303E-02
16 23-1.02115861E-02
17  1 7.79647851E-05 4.95788856E-02-4.25066322E-02-1.14476559E-03 4.91137968E-02
17  2-1.19079900E+00 1.53525976E+00-5.02207051E-02 4.68850125E-02-9.62654816E-03
17  3-7.04022012E-02-1.32945881E-01 2.12514991E-01 4.02358006E-02 9.80431191E-02
17  4 6.92190964E-02 9.90495119E-03 5.19186991E-02-1.53726198E-02-9.94561086E-02
17  5 9.53428874E-01-1.37830360E+00 6.89258488E-03 2.80717763E-02 3.99217785E-03
17  6 6.43943052E-02-1.40250259E-02 1.51608032E-01-9.22232592E-02-6.76433972E-02
17  7-4.46972572E-02 1.87589698E-02 2.79210045E-02 4.83923098E-02-1.18356703E-02
17  8-5.13254294E-03 3.52213423E-03-3.25414391E-02 1.68851052E-02-1.09265440E-03
17  9 2.87905126E-03 1.15668755E-04-2.83815055E-03 9.56158643E-03-1.38072097E-02
17 10 3.28554207E-03 3.79296553E-05-1.29369876E-03 2.51901273E-03-1.78793129E-03
17 11 6.63649642E-03 5.34673214E-02 7.89156106E-02-1.82650193E-01-9.44670002E-03
17 12-3.08730295E-02 1.72798582E-02 2.02934212E-02-1.82344706E-02-9.23165508E-02
17 13 1.35091327E-02 4.76258721E-02-4.57001311E-03 3.72223284E-03 2.74959221E-03
17 14 8.16767063E-03 8.55346267E-02-9.57461942E-02 1.50621683E-01 2.53815899E-02
17 15 2.52369293E-02 1.10971139E-02 5.82351646E-03 7.09610718E-03-1.22487907E-01
17 16 4.80959724E-02 4.59008902E-02 1.50621452E-03 1.66810814E-02-1.80567929E-02
17 17-1.99202865E-02 6.21269481E-03 3.56852491E-01-2.75467705E-01-2.64001225E-02
17 18-2.02592721E-02-2.23733965E-03-6.14383424E-03 1.88153936E-01 5.60438650E-02
17 19-2.25793777E-02-1.47173797E-02-1.94657889E-02-3.66336255E-02-1.43024551E-02
17 20 4.64375879E-03 1.38435738E-02-2.84917589E-02 5.67191665E-02-2.09503894E-03
17 21-4.59920820E-04 2.23270969E-05 3.31975762E-02-6.42442597E-03-4.31562256E-02
17 22 1.00721425E-02 7.21946661E-03 1.56222578E-02-2.50484110E-03-5.91764783E-03
17 23 3.44897648E-03
18  1 2.34338184E-03-2.33827483E-02 7.47537402E-02-1.50694391E-02-1.63469307E-01
18  2 8.01018593E-01-7.82103920E-01-3.06489291E-02 2.51901445E-02-3.20461585E-02
18  3 2.19280813E-01-1.49439472E-01 2.78592719E-01-5.98471359E-02-1.01673185E-01
18  4-1.42924709E-01-2.64378256E-02 4.17405345E-02-2.37959551E-02-1.47557251E-01
18  5 4.45583468E-01-3.23295783E-01-2.75885646E-02 9.71526599E-03-5.41160716E-02
18  6 1.79827211E-01-2.18700258E-01 2.77349176E-01-6.03723510E-02-1.50686093E-01
18  7-4.34524350E-02 4.23039287E-03 3.82640109E-02-1.63503399E-02-3.18419175E-02
18  8 6.04436750E-03 1.05349138E-01-8.78781649E-02 3.86624322E-02 8.57152202E-03
18  9-1.87037907E-02 5.00787517E-02-4.33330099E-02 1.50750443E-01-8.67910759E-04
18 10 3.56314662E-02 1.09924799E-02 8.72822727E-02 1.13594492E-02-1.91441190E-03
18 11 2.33745623E-02-3.09870526E-02 5.08443439E-01-8.77537286E-01-4.31800376E-03
18 12-9.57558283E-03 1.42527464E-02 3.61829138E-03-1.22536190E-01 1.03561171E-02
18 13-3.50520401E-02-7.89611214E-03-3.37250143E-02 2.86917482E-03-5.98581777E-04
18 14-1.42241776E-02 1.20086263E-02 1.34026200E-02 2.98350061E-01-3.61445663E-03
18 15-4.60291716E-03-2.90536800E-03-2.66431861E-03-7.48649353E-03-3.73527762E-02
18 16-5.79275790E-03-1.39123688E-02-1.07048440E-02-1.58795646E-02-1.56260277E-02
18 17-1.46382686E-02 2.43143983E-03-7.67634469E-01 9.49489914E-01 4.50527401E-02
18 18 5.80378544E-03-3.34832222E-02 3.44880737E-02-6.25242509E-02 2.25003052E-01
18 19 2.71630807E-02 4.25077840E-02 5.20878094E-02 7.10140497E-03-3.51520606E-02
18 20 2.96287449E-03 4.81080002E-02 6.92633179E-02-2.29327534E-02 1.82839404E-02
18 21-1.75783222E-02-2.43607077E-02-4.17659705E-02 1.10760707E-01-7.45674641E-03
18 22 1.39860999E-02-4.58494001E-03 4.24391892E-02 1.18765075E-02-1.41286598E-02
18 23-8.95549885E-03
19  1 1.47056021E-03-1.38637913E-02 4.08432899E-02-3.66638423E-04-1.03610096E-01
19  2 3.06844473E-01-1.82661320E-01-3.33726361E-02 2.03105414E-02-1.88029340E-02
19  3 1.50650194E-01-7.81982388E-02 2.05061837E-01-3.44755390E-02-5.95389057E-02
19  4-8.28829623E-02-7.77247120E-03 3.53866534E-02-2.05057696E-02-1.12267753E-01
19  5 4.71834741E-01-4.87536924E-01-1.88024914E-02 2.97615883E-03-2.22015356E-02
19  6 1.55514238E-01-8.37370544E-02 1.25754220E-01-5.29997120E-02-1.01260557E-01
19  7-5.02059492E-02 1.32981669E-02 2.70543453E-02-5.30755220E-03 3.93469785E-02
19  8-7.48599964E-03-1.78772348E-01-2.84632838E-02 4.87389633E-01-1.64937319E-02
19  9 4.23029664E-02-1.07546511E-01 1.17792760E-01-2.97301110E-01 3.96493143E-02
19 10-4.81806562E-02-7.35626154E-03-1.49430913E-01-2.45589695E-02 1.41046380E-02
19 11-3.96442616E-02 6.85383535E-03-4.45675105E-01 7.82743646E-01 1.84425525E-03
19 12 9.80001359E-03-4.00464084E-03 5.90050582E-02 2.36782804E-01-1.07540236E-01
19 13 1.92585733E-02-2.18316231E-02 1.00916764E-02-1.87128165E-02 7.61022745E-03
19 14 2.72066940E-02-2.53767894E-02 8.41033482E-02-2.86966529E-01 3.69320506E-03
19 15 1.53596014E-03 3.60756449E-03 8.91955315E-02 3.18625065E-02 5.67308989E-02
19 16 1.46762038E-02-2.98460078E-04-5.47880989E-05 3.07422772E-02 2.94322033E-02
19 17 1.56970008E-02-2.24351345E-02-4.98373959E-01 5.74777357E-01 4.50935560E-02
19 18-6.49972799E-03-4.72258734E-03-1.22386556E-02 1.78471761E-02-1.98244165E-02
19 19 7.50200673E-03 2.18484437E-02 1.97411004E-02-7.78832594E-04 8.32097061E-03
19 20 3.09374796E-04-1.37382852E-01 2.34131233E-01-5.30379057E-01-2.96247799E-02
19 21 2.88087000E-02 4.14150238E-02 8.42953146E-02-2.00420404E-01 5.41766823E-02
19 22-6.06804768E-02-3.14011877E-02-1.24389379E-01-2.34323307E-02 2.01703645E-02
19 23 1.54215976E-02
20  1 1.17508724E-04 2.37705979E-02-1.01685293E-02 4.57369465E-03-1.88095488E-02
20  2-2.17799007E-01 3.60374193E-01-1.85554205E-02 2.15155304E-02-1.10568570E-02
20  3 9.77778692E-03-9.31571959E-02 1.28923035E-01-2.07425997E-03 1.13941573E-02
20  4-4.05325279E-03-6.55439893E-03 2.16509889E-02-4.64032359E-03-1.57468535E-02
20  5 2.33017881E-01-4.08407142E-01 5.25807279E-03 1.00074135E-02 5.67001944E-03
20  6 2.16863649E-03-2.35809525E-02 5.77533686E-03-1.82825002E-02-1.30313248E-02
20  7-6.69770032E-03 4.84953078E-03 4.59817324E-03 1.04319000E-02-6.98224536E-03
20  8-1.25577785E-02 6.02600744E-02 3.18523035E-02-9.34525611E-02 3.75912852E-03
20  9-1.59590089E-02 3.19010616E-02-5.67770051E-03 1.45735328E-01-2.52590725E-02
20 10 2.01281557E-02-6.66481709E-03 3.35801679E-02 7.27350381E-03 2.85849070E-03
20 11 2.74167064E-02-1.28923034E-01-1.74594786E-01 1.72899405E-01 3.92830255E-03
20 12 8.19820956E-02-4.88590100E-02 2.31016427E-01-1.37839960E-01 2.71109283E-01
20 13-5.63324368E-02-7.10345797E-02-3.87573676E-03-6.29325318E-02 2.86606646E-02
20 14-2.81224375E-02-1.98777898E-01-3.35904593E-01 8.09517015E-01-9.86330623E-02
20 15-1.04785889E-01-6.38856547E-02 2.94548510E-01-1.50791180E-01 2.88076961E-01
20 16-1.00658637E-02-1.65995664E-01-4.10955715E-03-4.55690593E-02 4.77719631E-02
20 17-1.38075278E-02 2.62898208E-02-7.33930077E-02 6.85225109E-02-3.69319030E-03
20 18-1.41073758E-02 2.68411157E-02-8.01236409E-03 1.24111427E-01-2.20978136E-01
20 19 1.62869332E-02 1.93544265E-02 7.11832838E-03-2.19605681E-02 3.59462765E-02
20 20 2.60880651E-03 1.90086997E-02 1.55104957E-01-2.67389263E-01 2.03716332E-03
20 21-1.51307868E-02-1.16042553E-02 6.19130508E-02 8.27637965E-02-7.18386886E-02
20 22 1.16871614E-02-1.13294666E-02 2.80255633E-02 1.48282600E-03-1.59013417E-02
20 23-4.51955554E-03
21  1 1.34862121E-03-1.29802126E-02 1.66779867E-02-3.41972532E-03-5.59539240E-02
21  2-2.50246891E-02 3.01784440E-01-3.78760991E-02 4.80256853E-03-6.26879024E-03
21  3 1.30509550E-01 6.89664368E-02 1.31150119E-01-1.71379315E-02-4.79827554E-02
21  4-4.16729477E-02 1.66819853E-02 2.64364390E-02-2.34129265E-02-1.23754898E-01
21  5 3.99190446E-01-3.92064118E-01-3.61814766E-02-3.56931023E-02 1.81309680E-03
21  6 2.46972652E-01 1.54580699E-01-8.86553906E-02-5.15640477E-02-7.06827036E-02
21  7-9.61796642E-02 3.26473777E-02 1.43619551E-02-6.75804443E-03 2.08109208E-02
21  8 3.00451350E-02 1.62176023E-03 2.53754011E-01-5.98944488E-01 1.07422754E-02
21  9-1.44176422E-02 3.10608157E-02-1.74051716E-01-1.23307905E-01 2.95011642E-02
21 10-3.16325982E-02 1.58025292E-02 3.10297528E-02 5.95265852E-03-3.83495986E-02
21 11-5.22784255E-02 8.28223586E-03-2.55426523E-01 2.85604549E-01 3.02063822E-03
21 12 1.37683817E-02-5.82363569E-03 2.74110482E-02-1.68489556E-02-1.10329421E-02
21 13 1.18741426E-02 1.54306443E-02 1.32496679E-02-1.05977373E-02 6.21609442E-03
21 14 6.81911381E-04-3.14730437E-03-2.93304087E-01 2.93542227E-01-1.25822231E-02
21 15-1.23922818E-02-1.01552434E-02 5.64437129E-02-4.33880541E-02 5.05093090E-03
21 16 3.69603088E-02 5.18296492E-03 1.77585498E-02 4.36997658E-03 8.08397455E-03
21 17-5.25854976E-03-7.62489040E-02 6.00887114E-01-6.45892970E-01-1.00919264E-02
21 18 7.84020360E-02-3.69448750E-02-1.87798550E-02-6.51644238E-01 3.19561819E-01
21 19-4.24556759E-02-8.35644927E-02-5.22848055E-02 1.07842497E-01-5.39871451E-02
21 20-1.25184919E-02 3.24488945E-02-2.36465502E-01 6.56401954E-01 3.18647532E-02
21 21 3.93850303E-03-1.55880018E-02-3.40080334E-01 2.90562814E-03 1.94918415E-01
21 22-2.37833333E-02 1.66996724E-02 1.34848513E-03 2.10400170E-02 3.75423516E-02
21 23-1.87343158E-03
22  1-5.53847730E-05 3.81363767E-03 1.18315144E-02-6.63947268E-03 2.45180436E-02
22  2-3.31001438E-02 2.53721932E-03 7.74703397E-03-5.16970079E-03 2.31746486E-03
22  3-2.39888474E-02 1.94496295E-02-3.44495300E-02 9.46601992E-03 9.56684162E-03
22  4 1.46208659E-02 4.30533412E-04-7.08408891E-03 2.20216829E-03-1.05403129E-02
22  5-9.89676684E-02 1.45196802E-01-6.02543391E-03-1.04618577E-02-5.68434191E-03
22  6 5.79608492E-03 2.68688852E-02-1.06040924E-02 1.01876766E-03 1.66133592E-03
22  7-5.96993826E-03-1.36381479E-03-4.49133128E-03-2.87347697E-03 3.90055852E-03
22  8 5.05330315E-02-5.92384218E-02-6.70986773E-01 8.24242433E-01-2.12353896E-02
22  9 2.41178082E-02-6.69805465E-02 3.78665958E-01 1.58691834E-01 4.41598083E-02
22 10 5.70910884E-02-1.14282847E-02 2.83316371E-02-3.44827893E-02 9.24894176E-02
22 11 4.48221318E-02 1.60055118E-02-1.28208742E-02-3.55811783E-01-1.63278705E-02
22 12 1.57523367E-02 8.12119728E-04 1.72118698E-01-1.77706044E-01-5.36529429E-02
22 13 7.00366750E-03 4.62806530E-02-1.04521849E-03-2.15601409E-02 1.75883282E-02
22 14 5.23383828E-03 7.82811972E-04-1.39332748E-01 3.16089163E-01-7.30150047E-03
22 15-7.46827630E-03-2.60864214E-03 1.33405101E-01-8.50827147E-02-1.28058305E-01
22 16 5.34618317E-02-2.20773263E-02-1.84836055E-02 8.62045332E-03-5.13213105E-03
22 17-3.58691887E-02-1.57768090E-02 2.61187949E-01-3.12088234E-01-1.71700256E-02
22 18 3.10747083E-02-2.27774200E-02 2.82546464E-02-2.59866652E-01 2.15139761E-01
22 19-1.04091720E-02-2.86062227E-02-1.22371174E-02 4.17754379E-02-3.67892458E-02
22 20-4.82772258E-03 1.59457271E-02-4.87439078E-01 5.27393217E-01-3.35268784E-02
22 21-1.64840978E-03 1.71507519E-02 2.55095227E-01 1.56558267E-01 8.35236279E-02
22 22 7.13440826E-02-1.27310018E-03-6.24757936E-03-8.86976222E-03-3.29838755E-02
22 23-3.15404912E-02
23  1-1.21898650E-03 4.34182684E-02 7.11472037E-02-9.80713742E-03 1.48607486E-01
23  2-2.52043565E-01-5.50663457E-02 7.16235440E-02 1.48214554E-02-9.12845713E-03
23  3-3.28108606E-01-3.11443310E-01-7.88991304E-02 4.02481624E-02 1.35248435E-01
23  4 1.00540220E-01-4.79419992E-02-2.34408518E-02 4.02262500E-02 1.48907248E-01
23  5-4.26429171E-01 2.40297945E-01 5.61800682E-02 4.56081313E-02-9.29899807E-04
23  6-4.49002785E-01-1.75460494E-01 1.44837096E-01 4.91882169E-02 9.66209989E-02
23  7 1.33166028E-01-5.19721223E-02-3.58671193E-02 2.83187657E-02 1.54500274E-02
23  8 1.64287513E-02-6.73414292E-03-8.06571958E-02 1.67925815E-01 3.87164666E-03
23  9 6.33858379E-03-5.35668138E-03-1.84640327E-01-1.69383566E-01-1.61039748E-02
23 10-1.36057382E-02 3.56688247E-02-1.39836112E-03 1.03828355E-02-4.55076143E-02
23 11-4.12896314E-02-2.09635486E-02 9.20562878E-02-1.56994912E-01-4.24611160E-03
23 12 4.12723944E-03 1.20178600E-02 1.30509862E-01-1.10267147E-03-1.19297266E-01
23 13-2.41618407E-02 1.07972834E-03-3.12649537E-02-3.09784728E-02 1.74480687E-02
23 14 6.11616588E-03-3.32192208E-02-1.17441942E-01 2.41145766E-01-1.79742730E-02
23 15-1.49983526E-02-6.85680112E-03 1.88997091E-01-7.86852784E-02-5.46787922E-02
23 16 5.04370395E-02-3.23257304E-02-1.40976000E-02 1.52692694E-02 1.14980857E-02
23 17-2.34527090E-02 4.33641647E-02-3.76572006E-01 3.94281248E-01-2.06307616E-02
23 18-7.92881811E-03-4.89537606E-02 1.92841523E-01 4.11495724E-02 4.51095907E-01
23 19 2.74303648E-02 3.59409556E-02 5.76714188E-02-1.20787389E-02-7.10965618E-02
23 20 6.47479270E-03-9.72409910E-03 8.55232057E-02-9.38846449E-02 1.97948772E-02
23 21 7.65207507E-03-2.45996251E-03-2.05056267E-01-9.64224230E-02 3.86587303E-02
23 22-3.85378082E-02 4.26261327E-03-8.74730228E-03 3.22394926E-03 2.14106531E-02
23 23 1.98298694E-02
24  1 4.13203425E-04 1.76003800E-02 2.10744342E-02-1.25520598E-03-1.42279765E-02
24  2-1.31375470E-01 2.68376902E-01-6.97221305E-03 2.55626559E-02-1.67453970E-02
24  3-3.38380705E-02-1.76587993E-01 1.50629828E-01-1.26168689E-02 1.97190439E-02
24  4-3.94352670E-03-1.73318329E-02 2.29632866E-02 2.17434198E-03 4.25557160E-02
24  5 1.84339418E-01-3.87681535E-01 2.04490794E-02 1.73887312E-02 2.55525692E-02
24  6-9.96094469E-02 4.39869698E-03-5.09514710E-02-8.98390287E-04 2.39826882E-02
24  7 1.92181532E-02 9.96801424E-05-7.64165631E-03 1.76881496E-02 2.29171600E-02
24  8 3.81266445E-02 1.18181037E-02-4.95709050E-01 6.87028852E-01-2.70506544E-03
24  9 9.73842022E-03-2.09100025E-02-1.27510904E-02 1.19836647E-02-3.03802557E-02
24 10 3.44018277E-02 3.38634233E-02 3.68740194E-02 9.50567757E-04 2.77885235E-04
24 11-1.29837953E-03-4.39416977E-02 1.76346272E-01-5.71597841E-01 1.82638337E-02
24 12 6.42619266E-04-1.80122174E-02-3.17803682E-01 1.33055609E-01 2.68168417E-01
24 13-6.82364422E-03-7.89235201E-02 2.49847087E-02 6.32573188E-02-4.46796708E-02
24 14-4.07851228E-02-5.46062240E-03-4.86876758E-01 8.99775484E-01-1.95469555E-02
24 15-3.15937758E-02-1.67355064E-02-4.15460272E-01 1.87081502E-01 2.76743720E-01
24 16-1.02455105E-01 8.24755148E-02 9.18938445E-02-5.26679654E-02-7.10274513E-04
24 17 7.58223806E-02 1.61139932E-03 2.16973586E-03 6.31455047E-02-8.90796762E-03
24 18 7.89945430E-03-1.36163654E-02 4.89904419E-02-5.83422724E-02 1.53494515E-01
24 19-2.00598711E-03-3.89887298E-03 6.99509395E-03 5.56629830E-03-2.77821218E-02
24 20 2.46117238E-03-5.86161171E-04-1.49780167E-01 2.57672153E-02-1.95532175E-03
24 21 5.60095127E-03 8.19124602E-03-1.16430104E-02-3.00137315E-02-1.00194128E-02
24 22 9.44873554E-03 1.55286837E-02 1.26242032E-02-1.82910135E-03-2.91377755E-03
24 23 4.41947199E-03
25  1 8.99689441E-05-1.04978905E-02-4.74105064E-02 7.59639581E-03-6.58746507E-02
25  2 1.84567091E-01-1.84869647E-01-2.94929040E-02-1.94323362E-02 1.96491735E-02
25  3 1.92088752E-01 2.19333384E-01-1.07703497E-01-2.47567733E-03-6.52019912E-02
25  4-3.87219761E-02 2.41517515E-02-1.39359201E-02-1.00486178E-02-3.88899536E-02
25  5-9.70295301E-03 1.62158897E-01-1.98976749E-02-7.75046333E-03-1.68489537E-02
25  6 1.56547928E-01-6.32479119E-02-6.44200525E-03-3.49978638E-03-3.89143115E-02
25  7-3.59510714E-02 7.94946199E-03 1.66957161E-02-2.58306434E-02 6.20970842E-02
25  8 6.21382910E-02 7.62233921E-02-7.67136439E-01 9.61593748E-01 6.56632627E-03
25  9 5.98978360E-03 4.86164645E-03-3.52224837E-01-3.47045488E-02-1.16338991E-01
25 10 4.70505518E-02 8.97579407E-02 9.17108427E-02 3.19099311E-02-7.51811162E-02
25 11-2.46806039E-02 2.81263926E-02 1.36103604E-01-6.69745424E-01-5.47149071E-03
25 12-2.45004365E-02 1.74624336E-02 5.66737240E-03-5.90254602E-02-1.61501943E-01
25 13 4.60568846E-03 7.19620521E-02-1.75722884E-02 6.63313631E-03 4.17779662E-03
25 14 4.38765234E-03 8.73238774E-02-7.43643881E-01 9.94817869E-01 6.29160968E-03
25 15 1.05361706E-02 6.23844926E-03-8.39199881E-03-6.05128882E-02-2.85248485E-01
25 16 1.11008826E-01 9.83716459E-02 3.47772112E-02 3.02920903E-02-2.36799504E-02
25 17-2.93544241E-02-1.58951604E-04 6.02985067E-02-5.24590935E-02 9.46614336E-03
25 18-3.16623535E-02 2.17383079E-02-8.69081083E-02 3.05974349E-01-1.98356824E-01
25 19-7.98828018E-03 7.69044003E-03-1.30750980E-02-4.74995232E-02 3.04087563E-02
25 20 5.12839722E-03 3.07857959E-02-7.04487548E-02-1.71718628E-01 2.18324769E-02
25 21 7.44257270E-03-1.02073794E-02-1.98529578E-01-9.73849547E-02-8.71703838E-02
25 22-1.26260000E-02 3.00988664E-02 6.78141282E-02 1.61903075E-03 5.84537431E-03
25 23 3.35271445E-02
26  1 1.10398456E-04 1.09199376E-02 4.53028932E-04-2.58719982E-03-3.34985710E-02
26  2 4.79846856E-02-6.24131386E-02-1.31146748E-02 6.29686888E-03 8.58807929E-04
26  3 7.87448507E-02-3.47552949E-02 9.70661682E-03-4.05492584E-04-1.25538356E-02
26  4-1.54501804E-02-6.88522955E-03-4.64225686E-04 1.79951708E-03 2.36138068E-02
26  5-4.89268780E-02 4.02230359E-02 6.16305853E-03 6.70488473E-03 1.55896955E-03
26  6-4.08084007E-02-6.32321283E-02-3.99555831E-02 8.53745630E-03 5.69917467E-03
26  7 6.25932851E-03-4.58672742E-03-4.52173714E-03-8.03106602E-03 1.04945874E-01
26  8-1.01282540E-01-1.19982587E-01 9.32785807E-01-1.02384974E+00-8.67542849E-03
26  9 1.57820175E-02-2.68334225E-02 3.11937826E-01-1.65816937E-01 1.17682257E-01
26 10-7.88775774E-02-9.13318444E-02-1.67141848E-01-2.71140641E-02 5.38133619E-02
26 11 1.02843200E-02 6.14153717E-02-3.72523583E-02-3.83082276E-01-1.02593333E-02
26 12-5.52147097E-02 3.04538410E-02-5.36514807E-02 1.45077749E-01-2.30207870E-01
26 13 2.41603955E-02 8.65456247E-02 7.06070049E-04 3.00099831E-02-9.38239146E-03
26 14-1.69040429E-03 1.10208266E-01-1.00209356E+00 1.24662169E+00 1.45440751E-02
26 15 1.77526160E-02 1.02835768E-02-1.51624845E-01 2.85429687E-02-3.13461899E-01
26 16 1.08807230E-01 1.74691590E-01 6.11068004E-02 4.55476929E-02-2.78415680E-02
26 17-6.46522065E-03-3.16715336E-02 5.37925812E-02-2.74537037E-02 8.12115578E-03
26 18-9.23494763E-03-1.30578676E-02-1.83751544E-04 7.51946288E-02 1.21989576E-01
26 19-2.33157071E-02-1.29595839E-02-1.10150642E-02-1.12030931E-02-1.90365545E-02
26 20 2.75330623E-03-5.45853675E-02 1.65194476E-01 2.00985472E-01-2.62718252E-02
26 21 1.35750342E-02 1.97613720E-02 2.36622577E-01-9.71314361E-02-7.88767477E-04
26 22-8.43041320E-03-2.24552192E-02-8.54793268E-02-1.12402506E-02 1.16596330E-04
26 23-1.29828305E-02
27  1-5.27795797E-04 3.37333383E-03 1.66065338E-02-6.23057552E-03 1.01588994E-02
27  2-1.43900184E-02-6.78882169E-02 1.71901583E-02 4.57208354E-02-4.31844514E-02
27  3-1.34054616E-01-4.28794212E-01 3.30620177E-01-1.85153633E-02 4.64341557E-02
27  4 2.09551282E-03-4.67208215E-02 4.31269192E-02 4.57581449E-03 8.49599170E-02
27  5-2.10534822E-01-4.98307230E-03 2.64967094E-02-1.15255422E-02 3.64886989E-02
27  6-2.17795119E-01 2.25748875E-01-1.91361918E-01 3.44253934E-02 8.99220710E-02
27  7 3.98965864E-02 2.82547885E-03-3.61914030E-02 2.15440256E-02 4.36586910E-02
27  8 1.98520947E-02 8.91047638E-02-2.79703055E-01 2.18129881E-01 5.61704615E-03
27  9-1.47064165E-02 3.42315657E-02-1.22979881E-01 1.98125214E-01-6.19911793E-02
27 10 4.15987538E-02 2.36239027E-02 8.09907772E-02 1.87415534E-02-1.83222621E-02
27 11 2.53228161E-02 8.08609737E-02-4.85643749E-01 4.16828979E-01-3.16613611E-03
27 12-9.35001339E-03 3.10236534E-03-5.93974944E-02-8.21957949E-02-1.42101950E-01
27 13 7.41761380E-02 1.07130591E-01 4.27418031E-02 2.28467952E-02-1.42279290E-03
27 14 2.39415535E-02 1.56189855E-01-3.82351212E-01-9.25867212E-03 4.69554838E-02
27 15 5.19374688E-02 3.11402045E-02-1.20373607E-01 7.56903965E-03-3.35713340E-01
27 16 9.12094735E-02 1.30849546E-01 3.00211853E-02 4.01051792E-02-3.18992600E-02
27 17-1.57336311E-02 1.92383608E-02-4.28437000E-01 5.31734041E-01 2.20223064E-02
27 18 2.99963013E-02 3.71818044E-02-1.36578273E-02-3.40503076E-01-4.35875738E-01
27 19 3.40334932E-02 2.24260215E-02 1.20192014E-02 5.66284381E-02 7.77858578E-02
27 20-1.29424077E-02 3.95662127E-02-2.24166540E-02-3.15541449E-01 6.29164566E-03
27 21-1.34612057E-02-9.56206111E-03 1.57877965E-02 9.40997462E-02-1.25599433E-01
27 22 2.66869273E-02 1.21188424E-02 6.81284444E-02 4.07063499E-03-1.60388155E-02
27 23 2.93421252E-03
28  1 2.30740676E-04 3.46812604E-02 3.36973124E-02-4.41491677E-03 2.90955862E-01
28  2-3.50017771E-01 3.52824666E-01 1.08165120E-01-5.33048872E-02 1.30076365E-02
28  3-5.29472492E-01 2.49762365E-01-2.73011647E-01 7.17994512E-02 1.29031786E-01
28  4 1.40931450E-01 2.15074520E-02-4.54104833E-02 9.40641363E-03-2.96953150E-01
28  5 4.82949619E-01-5.19559872E-01-4.50528745E-02-1.56099486E-02-9.64892425E-02
28  6 2.38703987E-01-1.56942285E-01 5.97258967E-01-1.12608128E-01-1.72272851E-01
28  7-6.30909609E-02-1.67842872E-02 4.04197778E-02 2.43473042E-02 3.20801581E-02
28  8-1.68631950E-03 2.20430325E-02-1.31149258E-02 1.26743551E-02 1.77136348E-03
28  9-3.98817653E-03 8.83518707E-03-7.77640209E-03 4.84851310E-02-1.04426136E-02
28 10 7.93362074E-03 1.00638120E-03 1.21538669E-02 2.98154407E-03 1.75133851E-04
28 11 8.27251767E-03-3.10122283E-03-1.22786145E-01 2.21701294E-02 2.02011506E-03
28 12 1.36827848E-05-6.77981069E-03-7.78459453E-02 1.72520743E-02 3.37718409E-02
28 13 1.30448730E-02 1.14779233E-02 1.35727934E-02 1.92537478E-02-8.24379476E-03
28 14-4.31427982E-03 5.28322558E-02-3.59320592E-01 4.13215074E-01 5.96041406E-03
28 15 8.43529475E-03 8.50156480E-03-1.23398969E-01 8.71135620E-03-8.47825196E-02
28 16 2.07612256E-02 6.44586126E-02 3.36615130E-02 3.43967527E-03-7.38283439E-03
28 17 9.19394253E-03 5.24786777E-02-2.30710918E-01 2.76936795E-01-1.40130096E-02
28 18 2.12728801E-02 1.89507927E-02 7.04139111E-02-2.18520254E-01-2.09041155E-01
28 19 4.25647707E-02 2.66912437E-02 2.29635842E-02 3.08370655E-02 3.55645814E-02
28 20-7.31873133E-03-8.20835862E-04 3.83633065E-02-1.26987523E-01-1.25472551E-03
28 21-8.70454507E-04-1.18037150E-03 2.90013035E-02 4.78216152E-03-2.77589593E-02
28 22 2.86225739E-03-7.26282745E-04 7.61466241E-03-8.02683747E-05-4.08769293E-03
28 23-9.68587104E-04
29  1 6.83667090E-04 2.15131996E-03 9.00359425E-03-1.92536395E-02-1.50018535E-02
29  2 1.21730389E-02-1.20217715E-03-1.12426779E-02-6.21277270E-03 1.09347725E-02
29  3 1.04611504E-01 6.33226899E-02-8.41101628E-02 1.41494287E-02-9.43234875E-03
29  4-6.21840577E-03 2.17973629E-03-1.13100766E-02 7.44358544E-04-1.26012975E-02
29  5 1.13231035E-01-4.78377138E-02-7.90037928E-04 1.19238884E-02-6.70575279E-03
29  6 1.73360754E-02-1.44371351E-01 5.95089320E-02-1.38497985E-02-3.49671405E-02
29  7-3.00513593E-03-7.85223105E-03 7.22953743E-03-1.12130489E-02 2.86995433E-02
29  8-1.82462578E-02 8.39065344E-02-2.18289374E-01-6.43191892E-01-2.93551199E-03
29  9-8.33847630E-03 4.19699713E-02-1.73322389E-01 3.40435915E-01-4.83927698E-02
29 10 4.21751422E-02 4.89206572E-03 7.37312192E-02 3.65147181E-02-2.65108600E-02
29 11 5.97880111E-02 8.40550260E-02-1.10371316E+00 1.58472107E+00 2.80248468E-03
29 12 4.70929184E-02-7.01264249E-03-1.33977198E-02-2.33870263E-02-1.40168233E-01
29 13 1.07436033E-01 4.50392428E-02 7.87183436E-02 4.99732858E-03-1.78808160E-03
29 14 2.88903321E-02 2.06481000E-02-9.36903541E-02-5.54247299E-01 1.55498024E-02
29 15 9.09311878E-03 8.89699997E-03-9.43609975E-02 1.19870377E-01 1.25827485E-02
29 16 5.73781694E-03 5.00444216E-02 2.56305209E-02 1.49749711E-02 7.27042864E-03
29 17 2.51330808E-02-6.09972503E-02 1.51636845E-01-3.30642147E-01 1.17541322E-02
29 18-1.11839005E-02-4.47774186E-02 1.27283348E-02 1.14439849E-01 4.09153995E-01
29 19-3.44499269E-02-2.24514739E-02-1.11605894E-02-1.80529280E-02-5.67733985E-02
29 20 9.12894474E-03 1.41897670E-01-1.24647577E+00 9.57674393E-01-1.01757816E-02
29 21-2.63160113E-02 4.22876939E-02 1.62075987E-01 2.39764647E-01-5.96207052E-01
29 22 1.63112898E-01 1.28514399E-01 2.08697530E-01 7.39705805E-03-2.56238695E-02
29 23 6.79332235E-03
30  1-3.72455955E-04 2.97391496E-02 9.57336979E-02 2.26572076E-02-1.04132689E-01
30  2-4.48619469E-02 1.71953197E-01-4.40142469E-02-4.32838908E-03 2.41001629E-02
30  3 2.28773990E-01 1.58883060E-01-1.67633228E-01-2.92500334E-03-4.68831212E-02
30  4-3.20217876E-02 1.49167780E-02-2.26695581E-02 8.19825210E-03 1.10931246E-01
30  5 3.21551980E-02-1.26316674E-01 2.82993081E-02 4.82665833E-02 1.13076053E-02
30  6-1.54548341E-01-3.18586276E-01 1.03335858E-02 2.27643522E-02 1.76779066E-02
30  7 4.75681163E-02-2.12336653E-02 1.15101773E-03-1.44843594E-02 1.14121110E-02
30  8 7.05586336E-02 6.77224681E-02-9.98767289E-02 3.20657399E-01 1.26586605E-02
30  9-3.27104021E-02 3.34467066E-02 1.15621659E-01 1.62877448E-01 1.19629354E-01
30 10 3.94456556E-02 1.79185061E-02 1.33541411E-01-2.25799796E-02 3.86968634E-02
30 11-8.37485228E-03 5.61237623E-02-9.10085015E-01 1.34399186E+00 3.15986288E-03
30 12 2.96244330E-02-1.51463505E-02-7.68195867E-02-1.48994608E-01 4.95076359E-04
30 13 9.21410793E-02 7.85537546E-02 7.72292601E-02 1.68357060E-02-6.73878356E-03
30 14 1.00160914E-02 5.78385035E-02-1.78302218E-01-4.22788163E-01 1.82156851E-02
30 15 1.88873898E-02 9.53934447E-03-1.86904855E-01 8.47242929E-02-1.04089130E-01
30 16 3.32782685E-03 6.67560132E-02 2.20333312E-02 2.96070251E-03-2.00619978E-02
30 17 1.07590999E-02 1.69976732E-01-3.09944983E-01 1.50812756E-01-7.29860330E-02
30 18-4.06781975E-03 1.89937473E-03 3.05398714E-01 6.39146476E-02-2.78509052E-03
30 19 1.05368431E-01 7.59373501E-02 7.95514202E-02-2.00496857E-02 1.87011927E-03
30 20 4.35127525E-03-2.96808461E-02 9.76004749E-01-1.16037993E+00 3.40837077E-02
30 21-2.96188468E-02-6.46385321E-02-2.98701595E-01 3.17446483E-01 5.70142617E-01
30 22-9.17453945E-02-1.22013225E-01-9.57952431E-02 3.02004012E-02 7.93003120E-03
30 23-4.72981896E-02
 $END   
 $GRAD  
E=     -505.3570191170  GMAX=   8.8605264  GRMS=   4.0325422
CL          17.    1.8637772745E+00   -2.5123037572E-01    1.9596247678E+00
C            6.    5.7164312409E+00    8.9453152974E-01    1.5755707594E+00
C            6.   -7.5007093844E+00    2.2281052549E+00   -3.4492467337E-01
O            8.   -1.5146369543E-01   -1.5009479267E+00    2.2164058329E+00
H            1.   -5.5835590471E+00    2.2491221472E+00    9.3248804051E-01
H            1.   -3.0012984600E+00   -3.1952363170E+00   -3.9993578500E+00
O            8.    5.7782424267E+00    3.0500415033E+00    6.3244935187E+00
O            8.    3.6131317261E+00   -5.3991098262E+00    6.4897793527E+00
H            1.   -2.0131574184E+00    4.2909059215E+00   -8.8605264206E+00
H            1.    4.0683637014E-01    3.0229684595E+00   -1.8596694509E+00
H            1.   -6.2068125657E+00   -6.3767698220E+00   -4.4924856948E+00
H            1.    8.0026598377E+00   -5.4334894702E-01   -1.0553628072E+00
H            1.   -9.2407830508E-01    1.5309683984E+00    1.1139646249E+00
 $END
-------------------- DATA FROM NSERCH=   4 --------------------
 COORDINATES OF SYMMETRY UNIQUE ATOMS (ANGS)
   ATOM   CHARGE       X              Y              Z
 ------------------------------------------------------------
 CL         17.0   3.2689888163   0.2032018377   0.3551202945
 C           6.0   2.0992333865   0.8835620324  -0.9981812287
 C           6.0   3.2244827688   1.8311312222  -1.7680304306
 O           8.0   2.4838050522   2.8355294705  -2.4612391262
 H           1.0   1.5179462890   1.3121117891  -0.5074728077
 H           1.0   2.0315213680   0.1364086558  -1.4788869787
 O           8.0   3.4378141014  -0.0030179055  -4.0617899017
 O           8.0   3.7046433285   2.7550843908  -5.0143116085
 H           1.0   3.6353842571   2.9353794496  -5.4973712378
 H           1.0   3.6441098006   0.8020445760  -4.3575639857
 H           1.0   3.1241730173  -0.3631749776  -4.2631701183
 H           1.0   3.9305847674   1.7596770832  -1.7856039929
 H           1.0   3.3213830470   3.0279423758  -4.2043188777
--- CLOSED SHELL ORBITALS --- GENERATED AT 17:29:02 12-AUG-2026    
Chloroacetaldehyde hydrate and water                                            
E(R-WB97X-D)=     -519.1820372746, E(NUC)=  292.1749848939,   16 ITERS
 $VEC   
 1  1 9.99994283E-01 1.65278370E-06 1.36086046E-06-1.33352665E-06 2.40737042E-04
 1  2-1.24059773E-03 5.25592722E-04-9.19473208E-06-8.06924331E-07-1.15119303E-05
 1  3 1.73646378E-05-1.85291353E-05 5.54452756E-06 2.39872468E-04 2.62471717E-04
 1  4 2.53723433E-04-1.00885414E-05-7.84689361E-06 2.32867265E-05 2.86670469E-04
 1  5-1.50018754E-03 8.69311818E-04-1.91740230E-05-2.18598640E-05-1.30586757E-05
 1  6 1.29338330E-05 7.38804747E-05 4.92516226E-05 2.80417895E-04 3.02300289E-04
 1  7 2.92918269E-04-1.23341926E-05-1.38166579E-05 2.62068878E-05 1.44865085E-07
 1  8-7.93525337E-08 1.01862776E-05-6.45402847E-05 1.06762153E-04 2.50476915E-06
 1  9 1.53553674E-06-7.83069978E-06-3.76591670E-06-5.87222689E-06 1.27711637E-05
 1 10 1.05903202E-05 1.11776004E-05 9.30278452E-06 5.52351272E-07 6.28936676E-07
 1 11-1.14935042E-06-2.46072169E-05 1.35171511E-04-3.26236551E-05-3.08293302E-06
 1 12 2.84413670E-06 1.10952672E-05-1.39581943E-06-1.18998346E-05-1.73532357E-05
 1 13-1.58630096E-05-1.78607718E-05-2.41209680E-05 2.04497151E-06-2.01465711E-07
 1 14-6.01378349E-06-3.10523351E-05 1.78933111E-04-2.19288714E-04-7.08570051E-06
 1 15 1.44332954E-05 3.01916075E-05 8.61088759E-06-4.82847293E-05-6.49830326E-05
 1 16-2.30184878E-05-2.91636436E-05-3.20605102E-05-4.24549945E-06 5.93946301E-06
 1 17-1.02026336E-06 1.14312862E-04-5.57235450E-04 1.62296648E-04-3.33031275E-05
 1 18-2.08871021E-05 2.28789949E-05 9.46166447E-05 6.06397497E-05-5.71005928E-05
 1 19 1.11439877E-04 1.21100523E-04 1.26520062E-04-7.89882980E-06 6.38917491E-06
 1 20 1.85307764E-06-3.30982033E-05 1.77290695E-04-1.73075098E-04 1.29927166E-06
 1 21-4.72439707E-06 1.97245748E-07-4.33365279E-06 9.81070306E-06 1.55951217E-06
 1 22-3.11205062E-05-3.16730759E-05-3.34082139E-05 3.87436413E-07 4.98970379E-08
 1 23 7.83571459E-07
 2  1-9.59778305E-06-1.32574233E-05-7.15886859E-06 5.45922576E-05 1.11246372E-04
 2  2-4.47734794E-04-4.43451757E-04 1.07627272E-04-9.47235567E-06-5.33063109E-05
 2  3-3.02761068E-04 6.49580592E-06 1.67188876E-04 6.88297654E-05 1.47220115E-04
 2  4 1.04976918E-04-2.35641400E-05 2.03488802E-05 7.46450194E-06 1.57791278E-04
 2  5-9.44239602E-04 1.11082183E-03 4.19511652E-06-9.41547806E-05 1.74888244E-04
 2  6-9.61948371E-05 2.27743993E-04-3.46116002E-04 4.48306450E-05 9.66076941E-05
 2  7 1.61946737E-04-3.26576295E-05-5.50521558E-05-9.61814747E-07-4.75219288E-02
 2  8 7.40760462E-01 1.07056792E-01-8.76191734E-02 7.47743550E-02 4.75325962E-02
 2  9-1.12790062E-01 2.83649370E-01-2.41656904E-02-3.92547190E-03 1.41027285E-01
 2 10-4.90951687E-02-1.61201956E-03 4.18818323E-01-2.72826508E-02 5.35346940E-02
 2 11-1.77142604E-01-3.34898888E-03 2.01016132E-02-1.66571187E-02-2.81402894E-04
 2 12-2.94809535E-04-3.32851102E-03-4.60419469E-03-1.05103266E-02 9.19852031E-03
 2 13-1.01785651E-03 3.60646217E-03-3.47462375E-03 2.29549642E-03-5.21492288E-04
 2 14 1.33446976E-03-6.28790072E-03 2.82626575E-05 2.31454967E-03-1.26605751E-02
 2 15-1.41231921E-02-7.82363363E-03-5.02883803E-03-1.09197452E-02-1.45414772E-03
 2 16-7.78756669E-03-1.58445212E-02 1.12828427E-04-1.80959753E-02-8.54745358E-03
 2 17-9.84233646E-03 3.75323401E-04-2.52059288E-03 4.08612747E-03 1.37620052E-05
 2 18 8.82501909E-05 5.13796671E-04-1.56252440E-04-8.99105948E-05-1.68396092E-03
 2 19 3.35506652E-04 3.73352388E-04 5.93963104E-04-1.60674682E-05 5.44759856E-05
 2 20 2.57371380E-05 1.79522715E-02-1.13338660E-01-2.07358048E-02-2.21388859E-03
 2 21-6.61676296E-04 1.90928493E-02-3.07598955E-02 1.38487381E-02 9.43961498E-02
 2 22 1.86835712E-02 2.31588008E-02-4.95345768E-02-7.73144886E-03 1.36379234E-02
 2 23-3.74063906E-04
 3  1 2.36297145E-05 7.84315007E-05 1.62863493E-05 7.86055288E-05 2.08400111E-04
 3  2-9.53490876E-04 2.84050654E-03-1.02945587E-04 7.99056478E-05 2.11456926E-04
 3  3 2.29019714E-04 1.16693455E-05-4.35170875E-04 2.24253820E-04-1.37806458E-04
 3  4 1.67711052E-04 1.30685205E-04 3.60592571E-05-2.13957704E-04 3.62900861E-05
 3  5 1.31221290E-03-7.65162277E-03 5.80685781E-04-1.15423240E-04-1.43270107E-03
 3  6-1.36649832E-03 3.13973376E-04 3.64037841E-03 5.26154035E-04 6.01896281E-04
 3  7-5.91315613E-06 7.45353809E-05 3.00714016E-04-1.38114577E-04 7.39680903E-01
 3  8 4.77001571E-02 8.41462346E-03-9.60080434E-03 8.99630520E-04 3.04665851E-03
 3  9-9.10193191E-03 1.99468713E-02-1.45413401E-03 3.08707122E-03 6.17718128E-03
 3 10-7.71762331E-04 1.40953527E-03 2.86152411E-02-1.58679219E-03 3.64139226E-03
 3 11-1.12224098E-02 1.63313216E-02-1.50209799E-01-1.06815647E-02 1.40324601E-02
 3 12 2.26104168E-02 3.12873025E-03 3.67047664E-02 1.01436032E-01-1.90665040E-02
 3 13 4.25741959E-03-2.73103021E-02 3.00225777E-02-3.32483001E-02 4.85744936E-03
 3 14-1.19399146E-02 1.07439354E-01-6.52036601E-02 6.71309457E-02 1.91722742E-01
 3 15 2.12451503E-01 1.28388662E-01 6.81577261E-02 1.38079287E-01-4.72068538E-04
 3 16 1.26448309E-01 2.29696853E-01 1.08671265E-02 2.65919501E-01 1.29483810E-01
 3 17 1.45672807E-01-1.03658361E-03 5.11671953E-03-1.85875693E-03 1.80684966E-04
 3 18 1.64881624E-04 4.09099380E-04-3.81515615E-04-2.72826076E-04-5.92227755E-04
 3 19-1.23262642E-03-1.35494993E-03-1.20971868E-03 4.83496491E-05-2.94734515E-05
 3 20-7.00999819E-05 3.73585640E-03-1.64586961E-02 2.84941597E-03 4.96752810E-04
 3 21-1.77231673E-03 5.67241757E-04-2.92303685E-03 4.48789547E-03 6.14204914E-03
 3 22 4.36636452E-03 3.11928514E-03-1.65697227E-04-7.16015975E-05 9.78478177E-04
 3 23 1.42494163E-05
 4  1-2.32493705E-04-2.16769283E-03 5.74325869E-03 9.93096328E-01 1.15962043E-02
 4  2-5.40073889E-02 2.62888659E-02 2.63799851E-03 1.94854895E-03-8.25060457E-04
 4  3-7.10496810E-03-6.16370105E-03 1.53823997E-03 1.04261062E-02 1.17197049E-02
 4  4 1.17481077E-02-5.85275938E-04 6.48135250E-04 4.17464478E-04 3.06880391E-03
 4  5-1.08052745E-02-1.87081459E-02 2.52154081E-03 3.06231907E-03-2.70259741E-04
 4  6-8.70080374E-03-7.86512527E-03 1.78712373E-03 2.61953336E-03 3.51498833E-03
 4  7 3.91238039E-03-1.35554965E-03-1.46998499E-05 7.09499847E-04-7.81366343E-05
 4  8 5.74578203E-05-1.04712196E-02 6.28934818E-02-9.66644957E-02-2.11461521E-03
 4  9 2.48837971E-03 5.58031366E-03 2.90189423E-03-5.09109598E-03-2.08739078E-03
 4 10-1.14402556E-02-1.04055926E-02-6.16231820E-03-2.97554659E-04-9.25428193E-04
 4 11 1.10257506E-03 7.57593706E-04 1.04555138E-03-5.56292927E-02-1.90697374E-03
 4 12 2.83451794E-03 6.81806851E-03 7.28682792E-03-7.39420956E-03-1.97893965E-02
 4 13 1.78847042E-03 4.35187760E-04 1.04364588E-03-7.18808276E-04 5.99339054E-05
 4 14-1.04638727E-03-2.94559130E-03 1.48435097E-02 1.35535910E-02-6.94816875E-04
 4 15-1.45355875E-03 5.02149095E-04 1.69591599E-03 5.98757437E-03 5.69745614E-04
 4 16-2.68181183E-03-1.66232294E-03-2.61434083E-03-4.86244581E-04 6.41895713E-04
 4 17 1.28851200E-03 4.05632367E-02-2.02105674E-01 1.26395020E-01 5.80483282E-03
 4 18 1.06489252E-03-1.50210344E-04-1.34375578E-02-5.29031930E-03 3.37968749E-03
 4 19 3.86825669E-02 3.44603808E-02 3.33612052E-02 2.08804756E-04-5.17923735E-04
 4 20 1.69603977E-03 4.94820586E-02-2.50216283E-01 2.12134286E-01 2.46364350E-03
 4 21 4.18079856E-03 2.29808381E-03-4.88178172E-03-9.56507698E-03-9.29160632E-03
 4 22 4.20436676E-02 4.40314853E-02 3.87518712E-02 8.85409421E-05 6.48192398E-04
 4 23 2.34624940E-04
 5  1 1.09547543E-04-1.80028100E-02 7.61623747E-01-1.16246713E-02-3.97164095E-03
 5  2 2.68517331E-02-1.99026727E-02 3.94239949E-03 9.97657024E-04-1.25947054E-03
 5  3-9.11090875E-03-3.98793700E-03 1.60111812E-03-5.18198615E-03-2.45622275E-03
 5  4-2.60099172E-03 9.96334640E-04 2.26703620E-03-6.13673260E-04 6.05802342E-03
 5  5-1.48033083E-02-1.79676459E-02 6.78750377E-03 7.90878208E-03 5.37585637E-04
 5  6-1.54737325E-02-2.09148361E-02-3.26407346E-03 7.52033988E-03 3.19374083E-03
 5  7 7.33619429E-03-2.25814638E-03 2.85714394E-04-3.79693628E-03-3.95218760E-05
 5  8-3.74570445E-05 2.02725294E-03-1.23412743E-02 1.75265061E-02 1.63489125E-04
 5  9 1.62147936E-04-1.06963451E-03 5.31694327E-04-1.07121043E-03-4.05191788E-04
 5 10 1.94703370E-03 2.09398665E-03 5.03640470E-04 1.23388592E-04 6.48202402E-04
 5 11-4.77532832E-04 4.35814571E-04-1.62543070E-03-6.02345810E-03-4.16227748E-04
 5 12-5.30653705E-04 1.15689680E-03 1.76951560E-03 4.22294271E-03-3.04492060E-03
 5 13 7.48954086E-04 9.94506711E-05 3.23494690E-04-7.11203164E-04 9.10204140E-05
 5 14 2.46809373E-04-1.01290770E-03 5.48399356E-03 3.44115771E-03 1.94194099E-04
 5 15-4.71915293E-04-3.80104077E-04 6.24949756E-04 3.72996554E-03 1.01742758E-03
 5 16-9.02153889E-04-6.61584026E-05-1.03696605E-03 4.07017168E-04-4.47724970E-05
 5 17 1.80585799E-04-2.16901877E-02 1.84473459E-02 3.36762496E-02-7.99417196E-02
 5 18 8.82598104E-03 2.91893696E-03-2.62063356E-01 2.61247641E-02 4.09926799E-03
 5 19 3.93289211E-01-5.40978147E-02-5.88105309E-02-5.43859364E-02-1.34007761E-02
 5 20 1.36777037E-04-5.12285534E-03 2.76643998E-02-3.13478942E-02 3.95065467E-04
 5 21-1.39604842E-03 1.88972225E-03-8.24696054E-04 3.03922126E-03-5.32814490E-03
 5 22-3.53496087E-03-3.74440503E-03-3.05241419E-03 1.04627014E-04-3.99788127E-04
 5 23 3.23082387E-04
 6  1 1.06759356E-04 7.93770891E-01 1.95996394E-02 4.33194113E-03-6.56714503E-02
 6  2 1.30048990E-01-1.36479384E-02-2.59198597E-02 1.28632075E-02 1.38790009E-02
 6  3 1.65818731E-01-8.39199381E-02-1.03356309E-01 6.54434305E-02-1.97424985E-02
 6  4 5.00505363E-03-1.02271565E-01-1.18330484E-01 7.20439955E-02-6.70838804E-02
 6  5 1.43876953E-01-3.04231418E-02-1.09160726E-02-2.88055728E-02-1.99827543E-02
 6  6 5.48491648E-02 1.60125482E-01 1.01148122E-01-6.92937902E-02 9.70245517E-02
 6  7-3.49291436E-03 3.72628511E-02 2.64751535E-02 1.22859150E-01-2.61855117E-04
 6  8 4.04879742E-05-7.29712704E-04 4.83181315E-03-8.67166076E-03-1.27726955E-04
 6  9-9.90689299E-05 6.16177519E-04-5.16825260E-05 4.90154043E-04-5.43000777E-04
 6 10-6.74505337E-04-7.77748927E-04-2.61255201E-04-7.92597309E-05-2.73893017E-04
 6 11 1.84953846E-04 1.01918732E-03-5.68212526E-03-7.22248981E-04-3.87347779E-04
 6 12-4.80735220E-04-1.42207425E-03 1.25311810E-03 1.15182762E-03 3.43804091E-03
 6 13 1.62132024E-04 2.65111853E-04 9.84969076E-04-4.87337189E-05 1.40836327E-04
 6 14 3.89736229E-04 5.00565299E-03-2.75015979E-02 2.62442365E-02 7.59991085E-05
 6 15-1.21563053E-03-1.70710878E-03 7.79812585E-05 4.00813360E-03 3.49098660E-03
 6 16 4.04250046E-03 4.66740211E-03 4.55664635E-03 1.80765911E-04-2.81575809E-04
 6 17-1.73124460E-04-3.96574892E-03 2.79545402E-02-4.11406948E-02-1.08838425E-02
 6 18-3.78334800E-03 1.84008391E-03 1.08727392E-02 8.85057615E-03-3.03752202E-03
 6 19 9.00104647E-03-1.18285830E-03-9.34114176E-04-2.72742715E-03 2.80772350E-04
 6 20 4.34710723E-04 1.88652927E-03-1.06736278E-02 1.56960197E-02-4.38889478E-04
 6 21 5.93016846E-04-8.74163698E-04 1.18438337E-03-1.63443529E-03 2.56562306E-03
 6 22 1.32526775E-03 1.34392959E-03 1.45588954E-03-9.06473114E-05 1.61403428E-04
 6 23-2.33728146E-04
 7  1-7.14417565E-03-1.64856789E-01-6.75870613E-02-3.38899398E-02 1.02930225E-01
 7  2-5.88830793E-01 6.82116521E-01-6.37898056E-02 2.31661318E-02-2.09404836E-02
 7  3 2.20016267E-01-5.48171762E-02 1.29424510E-01 6.01742102E-02 3.85478358E-02
 7  4 2.23274801E-02 4.16098008E-03 4.36191390E-02-3.05724343E-02 1.13016300E-01
 7  5-6.16095437E-01 7.80689882E-01-4.67139329E-02-7.31755922E-03-5.90606112E-02
 7  6 1.99934312E-01 2.58641680E-03 2.27730915E-01 6.80807027E-02 8.61671596E-03
 7  7 7.31980263E-02 7.15856329E-03 3.23344409E-02-1.45558743E-02 2.42034680E-04
 7  8-2.86955685E-04 1.04900729E-03-1.70580053E-02 5.87538819E-02-7.73998219E-05
 7  9 2.71443530E-03-3.48857081E-03-9.94090823E-05-1.11152258E-02 1.36889650E-02
 7 10 9.85948961E-04 2.58835733E-03 2.64205928E-03 9.62985645E-05 2.13835603E-04
 7 11-6.47316694E-04-2.46905213E-02 1.47398607E-01-1.33311263E-01-2.75914988E-04
 7 12 3.49824540E-03 1.08582385E-02 5.02606458E-04-8.00663167E-03-3.66615051E-02
 7 13-1.44130108E-02-1.77063299E-02-1.92213613E-02-4.40465337E-04-4.74712722E-04
 7 14-1.66389711E-03-2.66914121E-02 1.88084809E-01-1.95837234E-01-1.10415994E-03
 7 15 6.55170690E-03 1.33891977E-02 4.55072435E-03-2.62941916E-02-3.86466490E-02
 7 16-2.19633431E-02-2.52840343E-02-2.52081009E-02-1.98985938E-03 1.85832185E-03
 7 17 6.74896270E-04 6.16374496E-02-4.14606535E-01 4.66548552E-01 4.44657417E-02
 7 18-8.46000789E-03-7.12765405E-03-6.02793464E-02 2.11448818E-02 2.72401058E-02
 7 19 4.18943383E-03 4.37840698E-02 4.91897482E-02 4.84586906E-03-5.97665648E-03
 7 20-2.41680247E-03-4.49843268E-04 9.50930536E-03-4.22084593E-02 4.13356725E-03
 7 21-3.57238203E-04 7.40447942E-04-1.50752572E-02-1.03156259E-04-5.94141487E-04
 7 22-1.14566574E-03-1.55944474E-04-3.40594654E-03 5.86263953E-04-3.88427733E-04
 7 23 5.62406635E-04
 8  1 3.07462096E-04-1.47871463E-02 2.13608607E-02 1.47018078E-02 4.77732468E-02
 8  2-6.87012338E-01-4.51002619E-01 3.09106090E-02-1.52461035E-02 1.10101535E-02
 8  3-4.92317382E-01 2.81028512E-01 1.55907863E-01-5.23828242E-03 7.91054614E-02
 8  4 7.67766611E-02 7.97675672E-02 5.84577869E-02-4.37750222E-02-7.17488153E-02
 8  5 8.99648782E-01 3.99824882E-01-2.65498681E-02 1.60402404E-03-4.21174761E-02
 8  6 2.36366334E-01 3.52896127E-01 4.95976609E-01-1.23041815E-01-5.35053918E-02
 8  7-5.88829245E-02 3.12233321E-02 5.57789595E-02 9.75317550E-02-2.09131002E-03
 8  8 4.10128483E-03 1.90613849E-03-3.05421040E-02 3.35727784E-02 1.30001478E-03
 8  9-1.90598827E-03 6.44298747E-04-1.51298479E-03 4.23078281E-03-5.41306562E-03
 8 10 3.69859356E-03 3.90519613E-03 3.96696749E-03-4.14782590E-04 1.20866999E-03
 8 11-1.69362142E-03-2.06741969E-03 1.24517489E-02 6.48148830E-02 3.26539957E-04
 8 12-3.85591570E-04-2.57889808E-03-5.20185549E-03-5.93948992E-03 1.35233207E-02
 8 13-2.68757622E-03-9.57382870E-04-2.18251516E-03 1.24097306E-03-3.41743653E-04
 8 14-8.97216638E-04-2.96922833E-03 4.00165337E-02-9.26175397E-02-1.05793977E-03
 8 15 2.80737847E-03 3.45338510E-03-1.68527197E-04-1.55817630E-02-1.16879018E-02
 8 16-4.53461839E-03-5.64422100E-03-4.07399743E-03-1.78936845E-03-2.92796853E-04
 8 17-9.65945905E-04-6.14127717E-03 8.16535325E-02-1.85634800E-01-2.25165460E-02
 8 18 6.33721919E-03 1.97817586E-03 4.56961140E-02-4.38409902E-02-1.13240743E-02
 8 19 1.25099809E-02-3.55402214E-03-4.13686320E-03 1.29545609E-02 2.69147888E-03
 8 20-1.15186055E-03-1.45118255E-02 5.29053340E-02-8.09252314E-02-2.53843243E-03
 8 21-2.20288562E-04 2.31050223E-03 5.95953169E-03 4.37973371E-03-2.68002493E-03
 8 22-7.41503164E-03-7.42958358E-03-8.49392412E-03 2.80787805E-04 1.60287944E-03
 8 23-9.75975194E-04
 9  1 1.17120203E-04 2.39688538E-02-3.48704548E-02-1.80150696E-02 6.46445612E-03
 9  2-1.00463358E-01-2.82675852E-02 5.60546433E-03-3.81894844E-03 7.71359859E-03
 9  3-5.76442975E-02 3.45554063E-02-2.79050213E-02 7.03811656E-03 1.41386407E-02
 9  4 2.01375619E-02 6.89490624E-03-5.75268788E-03 3.56985851E-03-4.00013141E-03
 9  5 2.66288467E-02-4.44843923E-02 3.64682631E-03-2.03152915E-03 5.26973146E-03
 9  6-1.61002890E-02 3.08825221E-02-1.67202528E-02-2.63373111E-03 1.38453142E-02
 9  7-3.62795458E-03 1.33890639E-03-2.74986501E-03 8.53268001E-03-7.24079374E-02
 9  8-1.94027016E-01 1.17231904E-01 4.44698410E-01-8.26232335E-02-2.83977784E-02
 9  9 4.25918914E-02-5.49416778E-02 3.80825822E-02-5.91145736E-02 9.47056790E-02
 9 10-6.90420221E-03-2.88826422E-02-1.37219451E-01 1.85963588E-02-3.10326868E-02
 9 11 6.93215671E-02 6.35654310E-02 1.35647563E-01-3.75652366E-03-9.23310133E-03
 9 12-2.29966320E-02 1.31208757E-02-1.05741035E-02-9.51325100E-02 2.68103655E-02
 9 13-2.33522303E-03 4.60989969E-02 2.23291390E-03 1.42433035E-02-5.89933197E-03
 9 14-2.50115441E-02 3.31646253E-02 1.10843601E-01 2.00602576E-02-2.36227633E-02
 9 15-1.70242384E-02-2.34467241E-02 2.02106071E-02 1.26700461E-02 2.26612851E-02
 9 16-2.06395330E-02-2.42509238E-02-1.04451831E-02-3.23972509E-02-2.28515224E-02
 9 17-2.04997348E-02 1.51578340E-03 6.71635258E-04 1.42673498E-01 2.07336705E-02
 9 18-3.64559848E-03-1.29174071E-03-5.54843082E-02 1.61167220E-02 7.50733343E-04
 9 19-2.49494951E-02-4.32748810E-03-5.66038576E-03-2.02579532E-03 3.54850099E-03
 9 20-1.79476830E-03 1.27053865E-01 2.19924171E-01 2.77345804E-01 2.14735876E-02
 9 21-7.66634707E-03-4.91748265E-02 8.02079377E-02-1.05563558E-01-1.22787614E-01
 9 22 9.35107832E-03-1.87241700E-03 8.29826470E-02-1.94373412E-02-5.91398719E-02
 9 23 4.02352749E-02
10  1 2.90592088E-05 8.16547107E-04-2.45978588E-03 2.06082154E-03-2.04920269E-03
10  2 2.42009531E-02 3.32142228E-04-2.70234047E-04-6.07291552E-05-1.01321624E-04
10  3 1.04500699E-02-4.84586181E-03-4.85318416E-03-6.26697358E-04-2.79752217E-03
10  4-2.35060063E-03-1.67961937E-03-1.74399609E-03 1.13646731E-03 4.73112629E-04
10  5-1.91772087E-02-5.35589769E-03 2.56056670E-04-7.53673079E-04 1.80658518E-03
10  6-4.73768783E-03-5.54044766E-03-1.68506312E-02 2.05692469E-03 7.71835798E-04
10  7-3.15249002E-04-5.38091843E-04-1.79429190E-03-2.52847943E-03-2.06888522E-01
10  8 8.36814530E-02-7.17585855E-02-1.85954187E-01 1.66173480E-02 1.05713565E-02
10  9-1.42689642E-02 1.50531345E-02-1.41759772E-02 1.45714437E-02-3.04145524E-02
10 10-2.86797785E-03 8.32082840E-03 5.66599389E-02-8.51047673E-03 1.32752812E-02
10 11-3.24312454E-02 1.42126161E-01 3.69634409E-01 8.25190386E-02-1.94929545E-02
10 12-6.70814862E-02 2.02245951E-02-4.41553057E-02-2.36398385E-01 1.19572670E-01
10 13-1.57551221E-02 1.05643531E-01-6.07759180E-03 3.61533510E-02-1.44152296E-02
10 14-5.71619543E-02 1.28679498E-01 3.48479403E-01 1.44038659E-02-5.72980951E-02
10 15-3.98235315E-02-5.69917684E-02 6.09354443E-02 1.98096046E-02 5.62447448E-02
10 16-5.61677674E-02-7.58375584E-02-2.74538035E-02-9.35770912E-02-6.37416895E-02
10 17-6.19017959E-02-2.08647911E-03 1.45902680E-02-2.01305118E-03 1.03511639E-03
10 18 2.53970368E-04-1.99793134E-04-3.85526623E-03-2.39841871E-03-5.06463748E-04
10 19-3.40605209E-03-2.25784177E-03-1.90150707E-03 8.96872658E-04 5.04412973E-04
10 20-6.09829796E-06-5.20337507E-02-1.04020065E-01-6.42516220E-02-8.52676360E-03
10 21 7.62320522E-03 2.01966379E-02-3.40335545E-02 2.54300868E-02 5.48494171E-02
10 22-6.54791630E-03 2.97840264E-04-3.68185999E-02 6.47670143E-03 2.27026334E-02
10 23-1.47888123E-02
11  1-2.05161670E-04 1.17123338E-01-1.79005890E-01-5.57413809E-02 3.00291294E-02
11  2-5.00419315E-01-5.92646030E-03 1.46864190E-02-1.59044852E-02 3.90694884E-02
11  3-2.05363321E-01 1.49393067E-01-1.64978483E-01 4.16133852E-02 6.18958771E-02
11  4 9.48671976E-02 2.74310231E-02-3.60210254E-02 2.19466738E-02-5.07410329E-03
11  5-7.16165458E-02-1.97427994E-01 1.60056981E-02-1.58332550E-02 2.56680981E-02
11  6-9.05904056E-02 1.22603198E-01-1.40346621E-01 1.07621386E-02 8.20572940E-02
11  7-6.58451956E-03 4.79754689E-03-1.90742123E-02 2.91641456E-02 2.13414734E-02
11  8 6.43903492E-02-8.82762081E-02-3.89774348E-02-2.04638396E-01 2.25088115E-03
11  9-3.74367486E-03 1.37585745E-02-1.09664744E-02 5.17281667E-03 3.39163552E-04
11 10-1.96924948E-02-1.18887532E-02 4.76406195E-02-5.22074640E-03 4.36483940E-03
11 11-2.07745229E-02-2.27235329E-02 3.25406221E-02-2.83102395E-01 1.02710270E-03
11 12 1.22720820E-02 1.01364572E-02 1.39986417E-02 4.02262417E-03-5.52239290E-02
11 13-1.41319593E-03-1.67042649E-02-3.12392451E-03-4.58675938E-03 9.98634090E-04
11 14 3.35096193E-03-2.45175228E-02-3.44627063E-02 1.16481019E-01 1.90046184E-03
11 15-3.61997157E-03 4.57681261E-03-1.27460757E-03 1.98493831E-02 5.65676497E-03
11 16 2.79532871E-03 5.87976892E-03 2.58328784E-03 8.72641733E-03 8.84006818E-03
11 17 1.07039210E-02 4.40452776E-03 3.07840277E-02 8.00568130E-01 1.01951724E-01
11 18-1.49907909E-02-1.05003390E-02-2.79969309E-01 6.62716555E-02 5.11970318E-02
11 19-1.35982340E-01-2.82024131E-02-3.02663004E-02-5.49120334E-03 4.05737900E-04
11 20-8.91538080E-03 4.16274556E-02-4.02569875E-01 4.73677479E-01 7.61213756E-03
11 21 6.10830495E-03-2.65906308E-03-6.92970897E-02 2.28305236E-03 1.00077005E-01
11 22 3.76323421E-02 4.16904074E-02 1.58082554E-02 4.27433410E-03 1.11983038E-02
11 23-8.84512108E-03
12  1-3.00469023E-04 2.27371273E-02-3.06530622E-02 2.65132090E-03 4.37930663E-03
12  2-1.07521475E-01 2.83907261E-02-1.33322528E-03-2.45271504E-03 7.83101399E-03
12  3-2.01601751E-02 2.90394818E-02-3.69101719E-02 9.66795384E-03 9.58149597E-03
12  4 1.72225281E-02 4.52846559E-03-8.52951968E-03 4.79879983E-03 2.25060567E-03
12  5-7.80028288E-02 4.94716437E-03 6.95541806E-04-5.73658794E-03 3.51570133E-03
12  6-1.18671082E-02 2.19036721E-02-3.79174829E-02 7.98489381E-03 1.93265966E-02
12  7 1.25583783E-03 1.10281045E-03-4.44123064E-03 2.94567018E-03-5.96207173E-02
12  8-8.43234907E-02 4.16249764E-01 4.06520661E-01 1.04918478E-01 3.87563578E-02
12  9-6.58080527E-02 1.01967186E-01 1.86820410E-02-4.86265167E-04-7.04997470E-02
12 10 2.55016298E-02 2.27237722E-02-1.16908591E-01-1.04018831E-02 7.40836929E-03
12 11 2.56061863E-02-7.92618648E-02-2.05160412E-01-3.86722534E-02 6.87589794E-03
12 12 2.58495531E-02-1.38097550E-02 1.36502856E-02 1.63727283E-01-9.66220328E-02
12 13 1.13518447E-02-8.28840947E-02-1.55490673E-02-1.39394309E-02 1.05083639E-02
12 14 6.15903497E-02 2.90710457E-01 3.62129877E-01 1.54182904E-02 5.91108230E-02
12 15 4.70402846E-02 5.26250347E-02 6.70629133E-03-2.07730092E-02 6.65498250E-03
12 16-1.71969197E-02-5.44259685E-02 7.76815129E-03-4.35122361E-02-2.86165519E-03
12 17-1.97281732E-02-2.47365477E-04 3.07444009E-02 1.30424171E-01 1.39799602E-02
12 18-1.74047312E-04-5.39098284E-03-4.27611028E-02-3.23313128E-03 4.02485358E-02
12 19-2.61020129E-02-7.84681862E-03-6.23155250E-03 2.94613110E-03-8.01374589E-03
12 20-1.47403005E-03-9.43724974E-02-2.81466752E-01-2.17803745E-01-1.42698172E-02
12 21 4.15658485E-03 3.04109074E-02-1.02041769E-01 1.31881857E-01 1.06252481E-01
12 22-1.13872181E-02 1.65372928E-05-5.57549589E-02 3.43523271E-02 6.91545489E-02
12 23-5.63623443E-02
13  1 1.22282804E-05-5.28060255E-03 1.89194858E-02-3.65127095E-03-1.51117382E-04
13  2 2.76395991E-02-1.40117547E-02 1.15724304E-03 9.63417019E-04-3.04365696E-03
13  3 4.04400854E-03-1.15109696E-02 1.31600350E-02-1.90039136E-03-1.01407301E-03
13  4-3.90167125E-03-2.27516868E-03 2.39608861E-03-7.66163264E-04 4.21850537E-03
13  5 1.41141733E-03 1.90305599E-02 3.64990226E-04 3.04431328E-03-1.41229653E-03
13  6 5.92124898E-05-1.18007790E-02 1.47887325E-02 4.56205005E-04-2.64119626E-03
13  7 4.11416757E-03-1.23437508E-03 1.24073456E-03-3.29638919E-04-7.62634617E-02
13  8 4.82030729E-02-2.73171015E-01-2.56559571E-01-9.16680345E-02-2.94101691E-02
13  9 4.65577161E-02-6.62428398E-02-1.66704490E-02 1.39249390E-02 4.62536910E-02
13 10-1.44441816E-02-1.60759970E-02 7.98578507E-02 1.03733949E-02-9.20981067E-03
13 11-9.66065631E-03-1.17259823E-01-3.30773615E-01-9.45342568E-02 8.51874699E-03
13 12 4.87780451E-02-2.22318009E-02 2.66716782E-02 2.30915713E-01-1.43006438E-01
13 13 2.31801322E-02-1.19545725E-01-1.70720058E-02-2.01951440E-02 1.60036776E-02
13 14 9.32011229E-02 4.29711493E-01 4.82192428E-01 5.27388708E-02 9.08543229E-02
13 15 7.22892019E-02 8.11722232E-02-3.87468356E-03-3.77893482E-02 4.60330415E-03
13 16-2.01294223E-02-7.30255021E-02 1.73457195E-02-6.17497048E-02-1.48934408E-03
13 17-2.56343451E-02 7.36588514E-03-7.10851296E-02-2.99860879E-02-7.15697137E-03
13 18-6.68655386E-04 2.66428163E-03 2.55338152E-02 7.36439053E-03-1.71671502E-02
13 19 2.16811118E-02 1.10063577E-02 9.84350504E-03-3.02352143E-03 2.80863577E-03
13 20 8.30252952E-04 8.44418449E-02 2.01577830E-01 1.51273245E-01 1.30870468E-02
13 21-1.02077543E-02-2.64352920E-02 7.33311926E-02-7.51769082E-02-8.54498189E-02
13 22 1.73697394E-02 5.69102747E-03 5.38786345E-02-2.40291566E-02-5.20660180E-02
13 23 4.13888561E-02
14  1 7.08406460E-03-2.32482217E-01-1.38982430E-01 6.24522816E-03-1.27912758E-01
14  2 1.59035284E+00-7.51618245E-01 2.09690194E-02-1.31878715E-02-2.05198414E-02
14  3 1.30546418E-01-5.14652658E-02 9.07797293E-02-1.62511139E-01-1.86327412E-01
14  4-2.09447911E-01 8.54497326E-03 5.24685979E-02-4.89021940E-02-1.37009390E-01
14  5 1.62018535E+00-1.00281615E+00 6.71386125E-03 2.76844122E-02 2.88232091E-02
14  6 9.08774822E-02-2.12381094E-02 4.76471861E-02-1.56627467E-01-2.35100933E-01
14  7-1.65211849E-01 1.62173380E-02 2.59829684E-02-4.21785502E-02 6.31739125E-04
14  8 3.43070672E-03 1.18482801E-02 7.44889652E-02-1.26790282E-01 3.72630746E-03
14  9-8.00182219E-03 1.20866173E-02-6.71127511E-04 3.97957544E-03-4.92444107E-03
14 10-6.84691169E-03-5.84069578E-03-4.72569684E-03-2.51634801E-03 3.83471184E-04
14 11-1.81521001E-03 1.09332434E-02-1.27630214E-01 2.51171671E-02-2.16642431E-04
14 12 1.96233290E-03-4.71613944E-03 1.27845951E-02 1.28131290E-02 3.19255937E-03
14 13 1.13759891E-02 6.99162969E-03 1.23679676E-02-2.88554397E-03 2.29860585E-03
14 14 5.37345679E-03 3.22319243E-02-1.53572924E-01 2.51066333E-01 6.14921763E-03
14 15-4.87067185E-03-7.32547145E-03 9.07198988E-03 2.12082924E-02 2.32466183E-02
14 16 2.23942341E-02 1.43324234E-02 1.64810481E-02 2.67821932E-03 8.67868754E-04
14 17-2.95156753E-03-8.17335151E-02 9.77165889E-01-1.23620543E-01 3.12853899E-02
14 18 3.37288411E-03-6.28358719E-03-2.00759095E-01 6.09828346E-03 4.43897124E-02
14 19-1.97428006E-01-1.18347852E-01-1.23338990E-01 1.88261453E-03-5.20408530E-04
14 20-9.95255202E-03 7.49472506E-03-1.31871212E-01 2.09974859E-01-2.84955745E-04
14 21 2.75288247E-03-4.84711240E-03-2.19991686E-02 5.66320274E-03 6.44434404E-02
14 22 6.30152974E-03 7.69291281E-03-9.41758675E-04 3.06645986E-03 7.97425761E-03
14 23-7.24320031E-03
15  1-1.93885150E-04-1.04064681E-02 9.49942712E-02-6.13942488E-02 4.00855619E-02
15  2-8.40660640E-02 7.47161465E-02 1.55458211E-02 6.71917613E-03-1.53444930E-02
15  3-4.74924501E-02-8.29839487E-02 6.78773705E-02 1.27323237E-02 3.71345943E-02
15  4 1.80313827E-02-1.34995949E-02 1.19066828E-02 1.53673494E-03 4.12679590E-02
15  5 2.38367102E-02-6.32398733E-04 1.20628080E-02 2.59967228E-02-8.68267637E-04
15  6-4.90376021E-02-6.99483351E-02 9.42666529E-02 6.23653227E-03 6.63875693E-03
15  7 3.93687368E-02-1.16122627E-02 3.20577362E-03 1.01761257E-02 3.15055937E-04
15  8 3.01022041E-02 1.12782576E-01 3.47066676E-01-7.64542750E-01 1.79706268E-02
15  9-4.54564775E-02 9.40016579E-02-2.01202161E-02 3.15390172E-02-4.20124802E-02
15 10-3.13198513E-02-2.57790864E-02-4.70970780E-04-1.01203804E-02-6.01673568E-03
15 11-5.26379339E-03 1.61995399E-02-9.45868129E-02-1.34068496E-01-2.74304594E-03
15 12 1.43804533E-02 6.18532791E-03 8.21281064E-03-7.56971333E-02-2.97077695E-02
15 13 1.85158439E-02 1.09221926E-02 1.77405359E-02 3.10383479E-03-3.14441809E-04
15 14 1.16202571E-04 1.62854768E-02-3.47066701E-02 7.09042500E-02 1.53894055E-03
15 15 2.16652153E-03 2.08710708E-03-1.63098692E-02-3.03403776E-03-6.86920413E-04
15 16 9.95119626E-04 4.27344530E-03 5.53908509E-03-5.06190830E-03-6.76943215E-04
15 17 1.88130635E-03 1.60862948E-02-5.32760289E-01-7.50675935E-02-1.27586277E-03
15 18-2.26911297E-02 2.59242530E-02 7.85997228E-02 1.64588101E-01-2.33477531E-01
15 19 1.17094078E-01 6.96875929E-02 5.12119829E-02-4.27241884E-02 5.24523028E-02
15 20 6.39944497E-03 1.01710238E-01-1.06003397E+00 1.60766006E+00 1.94854745E-02
15 21 1.24084437E-02-2.71874556E-02-2.45807963E-01 6.66366397E-02 3.84854505E-01
15 22 7.05727920E-02 7.94428346E-02 2.75220516E-02 2.64202299E-02 4.75477643E-02
15 23-4.43413093E-02
16  1-4.26328954E-04 1.07427466E-01-8.60492398E-02 8.47764496E-03-1.03828992E-01
16  2 2.99365408E-01-7.07516994E-01-1.69332877E-02 3.58983463E-02-3.95584780E-02
16  3 1.35771331E-01-2.49510316E-01 2.93659941E-01 5.81545371E-03-1.37557998E-02
16  4-7.30073681E-02-7.00584852E-02 1.17007224E-02 4.87333921E-03-9.64719431E-02
16  5-7.31201363E-01 8.83559630E-01-3.49144404E-02-2.61757829E-02-9.50542598E-02
16  6 8.74167767E-02-2.37242910E-01 3.15302463E-01 1.72178612E-02-5.22102450E-02
16  7 6.52730228E-02-1.20661665E-02 1.75149519E-02-3.72880703E-03 4.91900583E-03
16  8 7.45368534E-04-5.29704439E-02 9.73898547E-02-6.46232247E-02 7.94849619E-03
16  9-1.85455184E-02-2.82528879E-02 3.84845374E-02-1.02590412E-01 3.83573578E-02
16 10-1.47810588E-02 1.04439844E-02-3.30855479E-02-1.53917568E-02 1.39993807E-02
16 11-4.04296384E-02 5.41056500E-03-7.43221781E-02 2.86869105E-01 1.03446551E-03
16 12 1.31713682E-03-2.90117879E-03-2.58859742E-02 2.94478642E-02 1.52925899E-03
16 13 7.65912462E-03-6.40313543E-03 5.90665562E-03 5.27759283E-03-2.73579861E-03
16 14 4.96964274E-03 1.92315870E-02 1.18140436E-01-3.39323001E-01 4.83736380E-03
16 15 2.47610043E-02 1.67205832E-02-5.79624790E-02-2.60151658E-02-2.18086351E-02
16 16-2.63676686E-02 4.81638015E-03-4.00604722E-03-5.58576828E-03-3.45773238E-03
16 17 7.02380652E-03 1.17836531E-01 5.76391717E-01-3.87939402E-01-8.71273221E-02
16 18-1.67952268E-03 9.79511691E-03 9.89567168E-02 6.01063205E-02-5.24808625E-02
16 19-5.53859818E-02-5.46571643E-03-7.35873461E-03-9.82641252E-03 1.80612310E-02
16 20-8.40152436E-03-2.86871359E-02-5.54802867E-02 1.33134887E-01-4.57028565E-03
16 21 7.99155386E-03 3.64014112E-03-1.92859091E-02-4.12702307E-02 9.57756709E-02
16 22-1.42551369E-02-5.70935101E-03-3.51543811E-02-2.13889462E-03 1.17520855E-02
16 23-2.19338287E-03
17  1-3.23097230E-04-1.52823248E-02 6.93190849E-03-1.89925935E-03 4.83157714E-02
17  2-2.54883655E-01 3.42342540E-01 5.16586858E-03-4.54203451E-03 7.80186712E-03
17  3-6.54747138E-02 3.42077371E-02-5.90240198E-02 1.11202958E-02 2.99564427E-02
17  4 3.99650691E-02 1.43443563E-02-1.32957778E-03 2.27646268E-03 4.54330208E-02
17  5 1.27978084E-01-2.20799937E-01 1.37025572E-02 1.32580753E-02 2.63980613E-02
17  6-5.18110193E-02 5.18705025E-02-6.59195045E-02 4.03330699E-03 3.19006740E-02
17  7 3.15438180E-03-5.80645415E-04-6.89309894E-03 8.79743975E-03 2.51309190E-02
17  8-2.21012085E-02-2.99307313E-01 2.64565107E-01 1.71128413E-01 3.11439890E-02
17  9-3.14275365E-02-1.77290015E-01 2.57706703E-01-4.58015629E-01 2.10925439E-01
17 10-4.73934498E-02 3.76356217E-02-1.51090107E-01-6.61271929E-02 9.25328809E-02
17 11-1.49049640E-01 5.53592850E-02-2.86232600E-01 5.08203713E-01-3.53364389E-03
17 12-1.82327746E-02 8.33801624E-03-4.34674575E-03 1.77580603E-01-1.26560189E-01
17 13 3.70692176E-02 1.11301249E-02 2.00541114E-02 8.28889631E-04 2.84930570E-04
17 14 2.60640311E-02 1.08535204E-01-6.28596440E-03-2.54346561E-01 4.16136891E-02
17 15 6.38131131E-02 1.24599924E-02-9.48677671E-02-1.12960390E-03-1.19905241E-01
17 16 1.67390081E-03 5.65384005E-02-1.11298811E-02 1.64848501E-02-2.47001962E-02
17 17-1.29133403E-02-3.94418291E-02-2.97710059E-02-2.82662329E-02 2.43896161E-02
17 18-1.30125743E-02 6.98535403E-03-3.49538790E-02 8.81982060E-02-7.99248637E-02
17 19-5.38622320E-03-5.15051553E-03-1.15746797E-02-1.61960811E-02 1.76271925E-02
17 20 4.69957523E-04-1.21332156E-01-4.25534084E-02-1.01830372E-01-3.05372561E-02
17 21 2.43990249E-02 5.07202444E-02 1.04184828E-01-1.83509670E-01 6.93081696E-02
17 22-3.59471223E-02-1.48179171E-02-1.10568106E-01-2.43423983E-02 1.57787719E-02
17 23 1.43359287E-02
18  1-6.37577592E-04-4.37430787E-02 2.51808994E-02 3.50549854E-03 5.34748814E-02
18  2 6.62382709E-01-9.51964240E-01 6.29631770E-02-4.93749892E-02 1.66892648E-03
18  3-4.97058054E-02 1.31796199E-01-2.11070206E-01-8.31438270E-03-2.97731621E-02
18  4 6.14293164E-03 1.43546733E-03-4.50184210E-02 1.90624875E-02 9.66418810E-02
18  5-7.08633235E-01 1.06515953E+00 1.01068413E-03-2.03488421E-02 2.47311504E-03
18  6-8.87476907E-02 3.07968956E-02-1.48580954E-01 7.34913851E-02 6.38912753E-02
18  7 3.19521812E-02-1.94248219E-02-2.84752299E-02-3.85427873E-02-8.03550699E-03
18  8-4.33003702E-03-4.88327211E-02 8.51886629E-02-2.59509388E-03 8.38363218E-03
18  9-1.03362083E-02-2.97043865E-02 5.43112956E-02-7.55976766E-02 3.82519486E-02
18 10-9.82312961E-03 3.87928961E-03-3.14666331E-02-1.40195298E-02 1.99643171E-02
18 11-2.72450564E-02-9.69857231E-02-1.04576527E-01 2.39301650E-01 1.49259822E-02
18 12 5.31391142E-02-2.15211615E-02 4.03175550E-02 3.78221750E-02 1.49701246E-01
18 13-3.65849122E-02-8.04366965E-02-2.43612864E-03-2.08682135E-02 3.25286133E-03
18 14-1.96489427E-02-2.04394889E-01 1.93564791E-01-3.25331931E-02-6.11830294E-02
18 15-1.01503614E-01 3.79056756E-02 1.56239322E-01 2.41680459E-02 3.72332646E-01
18 16-4.13736520E-02-1.17439405E-01 5.36583696E-02-2.56923272E-02 9.95329008E-02
18 17 7.97595992E-02 6.31184466E-03-2.10683637E-01 5.78964254E-02 3.95344166E-03
18 18 7.46698183E-03 7.33058375E-03 8.71264015E-03-1.02159284E-01-9.49733062E-02
18 19 3.98313638E-02 1.33700917E-02 1.70167861E-02 2.54437617E-02 2.24677783E-02
18 20-2.53012627E-03-3.04072160E-02 3.41944131E-02-6.29326035E-02-3.92745965E-03
18 21 3.52312686E-03 7.64539905E-03 4.90960855E-03-2.84362092E-02 4.04789704E-02
18 22-1.28398094E-02-9.63798987E-03-3.00748831E-02-3.37352068E-03 4.90482427E-03
18 23-1.36647412E-04
19  1-6.49721575E-04-3.50962503E-02-9.23944834E-03 5.93304765E-03 6.39689763E-02
19  2 3.21485663E-01-5.21544858E-01 4.51110705E-02-3.93195652E-02 7.02262638E-03
19  3-6.46260720E-02 1.31696504E-01-1.91904172E-01 2.66881577E-03-6.79236634E-03
19  4 2.64217563E-02 1.01521411E-02-3.52829136E-02 1.40727747E-02 7.65451471E-02
19  5-4.96562699E-01 7.57995458E-01 1.02475374E-03-1.63567986E-02 6.24328712E-03
19  6-6.58687557E-02 6.33370337E-02-1.18178139E-01 5.30187075E-02 5.65279783E-02
19  7 2.06068881E-02-1.25912280E-02-2.21820716E-02-2.38617115E-02 2.01428967E-02
19  8 1.09857659E-02 8.40012003E-02-1.78806222E-02-1.39554503E-01-4.52495063E-02
19  9-3.44732761E-02 4.80774294E-02-2.81991376E-01-5.30862370E-02-1.00413967E-01
19 10-1.65705814E-02 4.03831370E-02 1.03898861E-02 3.83993064E-02-1.15176165E-01
19 11-3.59167811E-02 8.60486522E-02 4.77163205E-02 8.83340365E-02-3.91630092E-03
19 12-4.91775339E-02 1.82430802E-02-2.13358289E-01 5.97347089E-02-7.95725271E-02
19 13 4.77616163E-02 3.60820920E-02 2.01383370E-02 5.28919972E-02-2.55661437E-02
19 14 1.13841715E-02 2.01859670E-01-7.83994894E-02-3.80654310E-01 1.58538125E-02
19 15 1.47206804E-01 1.51441085E-02-4.41405670E-01 5.18400169E-02-2.32753003E-01
19 16-9.94308077E-02 1.81236818E-01-3.41319393E-03-1.75559287E-02-9.47974169E-02
19 17 5.42317659E-03-3.62794716E-03 1.70348853E-01-1.94395765E-01-9.72149811E-03
19 18 1.16063519E-02-6.07065220E-03 6.91539171E-03-1.19065072E-01 5.52852528E-02
19 19-1.41855693E-02-1.93060413E-02-1.13981528E-02 2.88649214E-02-9.62165473E-03
19 20-2.97773800E-03 2.24636507E-02 1.49131082E-02 6.24630316E-02 1.84383047E-02
19 21-6.21871526E-04-1.37449033E-02-1.81555646E-01-3.85018022E-02 1.01664002E-02
19 22-1.81515074E-02 1.62419209E-02 2.32126713E-02 9.78224690E-03 2.02139098E-02
19 23 1.17337397E-02
20  1-2.51610599E-04-1.78784128E-02 7.79095642E-03-5.18458924E-03 2.63966631E-02
20  2 2.89523061E-01-4.64795345E-01 2.95722344E-02-2.04986856E-02-4.44975877E-04
20  3-3.29860917E-02 4.39751699E-02-8.52806579E-02-1.41141387E-03-6.89629614E-03
20  4 3.48652211E-03-2.01052550E-03-1.83737061E-02 8.50255086E-03 3.57667315E-02
20  5-2.87693248E-01 4.64190177E-01 1.19592111E-03-4.40808705E-03-6.21035880E-03
20  6-4.40728271E-02-1.83411431E-02-7.58156012E-03 2.77671964E-02 1.83856044E-02
20  7 2.06173505E-02-1.13437833E-02-8.65365018E-03-1.40942010E-02-2.38729341E-03
20  8-3.61195199E-03-5.22343952E-02-1.03818611E-01 1.93900401E-01 8.39703126E-02
20  9 7.39260439E-02-2.48048005E-02 4.73788792E-01 2.67556334E-01 1.22234674E-01
20 10 5.24951089E-02-8.52832038E-02 4.35175492E-02-5.54149616E-02 2.00063783E-01
20 11 1.17189123E-01 4.00548322E-02 1.54371433E-01-3.23735066E-01-1.14724409E-02
20 12-2.00978145E-02 7.28996296E-03-7.04178777E-02-6.50439027E-02-1.40146588E-03
20 13 2.16344386E-02 2.87938713E-02 9.83366082E-03 3.21503992E-02-1.46567408E-02
20 14-1.18933178E-03 8.48602763E-02 6.36343552E-02-1.65619468E-01 1.53714308E-04
20 15 6.63097893E-02 5.63676909E-05-2.29521086E-01 4.35789745E-02-1.29348894E-01
20 16-6.75085734E-02 7.80037259E-02-1.76279449E-02-1.68332061E-02-5.62809521E-02
20 17-3.35847835E-03 7.99637243E-03-1.44587230E-01 1.19770971E-01 4.71370043E-03
20 18-2.93823848E-03 1.45520128E-03 1.24132756E-03 1.96155069E-02-1.91386606E-02
20 19 1.66306301E-02 1.32130982E-02 1.20654545E-02-3.92510233E-03 4.32970674E-03
20 20 1.95521869E-04 6.57342295E-03-1.88157387E-01 1.64379097E-01-2.31156167E-02
20 21-4.18233846E-03 1.12519948E-02 2.79670921E-01 1.44685854E-01-3.85271402E-04
20 22 5.78626101E-02-1.17019796E-02-5.95926785E-03-6.20022074E-03-3.86636983E-02
20 23-3.37213132E-02
21  1-2.97252339E-03 4.17006369E-02-1.14765906E-01 1.47235485E-02 2.29705634E-01
21  2-9.27389813E-01 7.75465055E-01 6.07522871E-02-6.05084895E-03-9.96404173E-03
21  3-3.48560134E-01-1.18689327E-01-9.28185513E-02 7.67573113E-02 1.86989021E-01
21  4 1.81347123E-01-1.33569091E-02-2.15485674E-02 4.36620960E-02 2.31417720E-01
21  5-6.26210054E-01 3.76372130E-01 4.54065566E-02 4.42002396E-02 4.39804825E-02
21  6-3.50138298E-01-2.10517592E-03-7.28256074E-02 9.31189983E-02 1.82050964E-01
21  7 1.41831755E-01-4.35844426E-02-4.95765971E-02 3.66178180E-02-1.47035998E-03
21  8-3.67469424E-03 2.73499991E-02-1.66637548E-02-1.39450272E-01-3.01017238E-03
21  9 1.26487735E-02 2.05427603E-02-1.03040170E-02 1.00611386E-01-4.18392929E-02
21 10 8.85968788E-03-1.51749802E-02 1.72664058E-02 8.69446305E-03-3.15470345E-03
21 11 3.37642015E-02 6.75932453E-03-1.35410684E-01 2.81557414E-01 9.89243414E-04
21 12 7.32532952E-03-1.08491065E-02 1.62212961E-02-4.30405831E-02 5.00432935E-02
21 13 6.70186632E-03 1.34658478E-02 1.18576175E-02-3.83117567E-03 2.86333554E-03
21 14-1.98212252E-03-1.72620534E-02-3.64895193E-02-7.27351804E-02-2.00631690E-04
21 15-1.25797865E-02-1.06260795E-03 4.36873224E-02-3.55508290E-02 7.59868189E-03
21 16 2.01416504E-02-1.65280900E-02 4.26085234E-03 1.95090861E-03 8.76556473E-03
21 17-4.07206215E-03 1.09068600E-01 9.39376458E-01-8.38239263E-01-9.67229995E-02
21 18-2.04200615E-02 2.98910850E-02 1.15670405E-01 2.54374598E-01-1.90557697E-01
21 19-9.85095683E-02-2.08931213E-02-3.43271641E-02-4.97642181E-02 4.10678208E-02
21 20-3.93298799E-03 2.49787288E-02-4.90596890E-02 5.74225563E-02-5.06093122E-03
21 21-1.79278896E-03-2.61842693E-03 6.40171936E-02 1.66116315E-02-8.40259448E-02
21 22 1.95670880E-02 1.04189474E-02 3.40375015E-02-7.60700417E-04-9.16094741E-03
21 23 3.14038562E-04
22  1-7.42864267E-04-1.23177961E-02 3.14406476E-03-4.26180516E-04 6.02160834E-02
22  2 2.02022445E-01-4.55708721E-01 3.50303380E-02-3.18258006E-02 6.49559736E-03
22  3-4.08054157E-02 1.20783251E-01-1.62128509E-01 1.89430282E-02 6.93802230E-04
22  4 2.87526193E-02 5.64422585E-03-3.32763873E-02 1.06088778E-02 7.66422514E-03
22  5-4.57282489E-01 7.14689543E-01-1.18596916E-02-2.55354148E-02-2.26583122E-02
22  6-2.28736844E-03 2.50851796E-02-1.72731812E-02 3.06428749E-02 1.74539440E-02
22  7 3.97013594E-03-1.00441513E-02-1.13956744E-02-2.27329084E-02 1.75292193E-02
22  8 1.35339350E-02 4.47745104E-03-3.38944825E-02-3.09548213E-02 6.81106744E-03
22  9-8.43653674E-03 9.37039457E-03 1.76325312E-02 2.58015878E-03 5.17467192E-03
22 10 2.25886167E-03 3.41591491E-03 1.40355809E-02-7.09104171E-03 8.93411901E-03
22 11-6.32759993E-03 4.83632308E-02-1.12290984E-01 1.24049454E-01-9.87502723E-03
22 12-9.28764614E-03 9.46982440E-03 1.98188397E-01-1.23878915E-01-2.08281459E-01
22 13 1.17179203E-02 8.56567888E-02-1.47896778E-02-4.21801583E-02 3.24073169E-02
22 14 3.35536693E-02 5.50931799E-02-5.33434866E-02-1.54410206E-01 1.08847357E-01
22 15 5.30666645E-03-6.28464800E-02 3.33171898E-01-2.29787106E-01-4.31600556E-01
22 16 2.08725371E-01-6.55969124E-02-1.10326617E-01 8.63897461E-02-3.63244724E-02
22 17-1.46405333E-01 1.98632166E-02 1.16495504E-01-2.22051135E-01-2.57616210E-02
22 18 2.02678151E-02-1.34916384E-02 4.39378527E-02-2.09170566E-01 1.24903880E-01
22 19 8.55027107E-03-9.04858570E-03 3.59590062E-03 4.64877961E-02-2.30074325E-02
22 20-4.33885740E-03 9.79593453E-03-9.02111533E-02 2.51937051E-01 6.81645507E-03
22 21-5.28443154E-04-7.22067565E-03-7.28962076E-02 4.18450054E-02 1.13087058E-01
22 22-1.00624943E-03-4.59330362E-03-1.21070753E-02 4.77988613E-03 6.19240240E-03
22 23-8.41423957E-03
23  1-4.98346546E-04-7.92170528E-03 2.60185868E-02-6.90049362E-03 3.46193673E-02
23  2 3.33421734E-01-6.77420372E-01 4.17450208E-02-1.47285847E-02-6.01833326E-03
23  3-6.66435225E-02-5.16817782E-02-6.90540279E-02 8.39113857E-03 2.06567477E-02
23  4 7.95344172E-03-1.95984639E-02-1.80427187E-02 1.69889565E-02 6.25828586E-02
23  5-2.80986918E-01 3.68787766E-01 1.88629321E-02 2.79372457E-02-1.98176954E-02
23  6-1.44669620E-01-2.02231146E-01 1.54287698E-01 3.41915779E-02 1.19427868E-02
23  7 7.08880180E-02-3.02579169E-02-3.61015048E-03-7.01612802E-03-2.36725364E-03
23  8-2.72853302E-02 1.01964054E-02 3.44547908E-02 1.09299200E-01-3.31857563E-02
23  9 1.47653231E-02-9.48075444E-03-1.34880807E-01-1.51953958E-02-3.27668115E-02
23 10-8.13646843E-03 4.42721204E-03-2.00627737E-02 2.85607200E-02-5.80182432E-02
23 11 8.94386776E-03-6.77112994E-03 1.99859928E-01-1.58368519E-01-2.72202467E-03
23 12-1.71148628E-02 1.25221289E-02 3.94754701E-02 1.64759208E-02-9.10248212E-02
23 13-1.65859327E-02 7.35371328E-03-2.66516424E-02-9.51124932E-03 7.55952493E-03
23 14 9.79170087E-03 2.19566914E-02 1.74022005E-01-2.36633029E-01 3.14051194E-02
23 15 1.38729073E-02-1.73763844E-02 7.46314034E-02-5.17879728E-02-1.47036948E-01
23 16 3.30464232E-02-2.26160259E-02-5.06687894E-02 2.16130914E-02-2.13116426E-02
23 17-4.47765861E-02-2.88266537E-02-9.09735917E-01 9.97860906E-01 8.82460020E-02
23 18-6.42364935E-02 2.61452471E-02-1.01230544E-01 5.78247939E-01-3.36920284E-01
23 19 4.96993497E-02 7.40522095E-02 3.92498139E-02-1.19373415E-01 7.21570386E-02
23 20 8.69814088E-03-1.88216429E-02 2.93003778E-01-6.98757082E-01-1.01643012E-02
23 21 1.74119769E-03 6.63670825E-03 1.29427703E-01-9.26897560E-02-2.55564387E-01
23 22-1.07073279E-02 1.82629414E-04 3.15687315E-02-9.99548173E-03-1.25256783E-02
23 23 2.46283953E-02
24  1 5.89822082E-04-1.42977110E-02-1.07332062E-01 2.04595545E-02-1.36527413E-01
24  2 1.34138216E-01 1.22157289E-01-6.74001508E-02-2.93117632E-04 2.29028985E-02
24  3 2.83763541E-01 2.52624827E-01-1.96437374E-03-3.01615728E-02-1.24995381E-01
24  4-8.13630216E-02 3.74901030E-02 5.98153519E-03-3.57377143E-02-1.28702090E-01
24  5 1.40558614E-01 1.21771454E-01-4.28964712E-02-5.93762794E-02-9.75232509E-03
24  6 3.41035483E-01 2.15362252E-01-1.63486053E-01-3.96713801E-02-5.95727185E-02
24  7-1.17682698E-01 4.96980368E-02 2.63560130E-02-2.87784371E-02 1.55961651E-02
24  8-1.39928503E-02 3.20517132E-02 2.13838289E-01-5.34313785E-01-1.72234707E-04
24  9 1.40414953E-02 2.91689573E-02 1.73748135E-03 1.41037043E-01-4.49210679E-02
24 10-6.24542660E-03-3.93778907E-02-5.48239624E-03 9.24116627E-03 5.56791544E-04
24 11 4.83187358E-02 4.40753913E-02-3.86451211E-01 6.91900763E-01 1.52687860E-03
24 12 1.16168011E-03-1.37242315E-02-1.28559845E-02-1.03721628E-02 2.39722261E-02
24 13 3.69592517E-02 3.69717037E-02 3.46222257E-02 2.32484700E-03 1.40731488E-03
24 14 1.09938094E-02 5.10947861E-02-1.63113752E-01-1.50524283E-01 2.20978214E-02
24 15 2.76547233E-02-2.27201032E-03-4.17973164E-02-4.61882995E-02-8.98432409E-02
24 16 2.65210561E-02 3.05800445E-02 9.10866649E-04 1.19066350E-02-1.38931517E-02
24 17-1.43288234E-02-2.44717583E-01 1.24018976E+00-1.01632298E+00 9.57324916E-02
24 18-1.72644215E-02 4.44217383E-02-3.13605882E-01 1.05023134E-01-5.50679878E-01
24 19-2.13048852E-01-1.56129966E-01-1.84177667E-01-2.66418106E-03 1.17300922E-01
24 20-1.20504131E-02 1.69057995E-02-8.70053646E-02 1.68927689E-01-8.14539175E-03
24 21 6.01520003E-04-3.27052145E-03 9.27670291E-02 1.27929015E-02-9.14205659E-02
24 22 2.09109904E-02 9.96975000E-03 3.26445858E-02-3.74731486E-04-8.31363536E-03
24 23-3.99478510E-03
25  1 2.30548841E-05 7.91256902E-03-1.08003300E-02 6.06715696E-03-3.06068106E-02
25  2 4.06819855E-02-2.93121407E-02-1.07260925E-02 5.42278636E-03-1.27282217E-04
25  3 5.63565974E-02-1.79503349E-02 2.29910975E-02-3.22951696E-03-1.31289557E-02
25  4-1.56347443E-02-4.21953415E-03 1.74901855E-03-6.99229224E-04 1.05092509E-02
25  5-2.74169052E-02-1.14316013E-02 3.20005273E-03 2.80127493E-03-4.19135228E-05
25  6-8.55812547E-03-3.04762082E-02-1.93443800E-02 5.87513446E-03 4.31871516E-03
25  7 4.00668310E-03 4.26562069E-04 3.61824614E-04-3.44045166E-03 4.42274233E-02
25  8 7.33545429E-02 5.70492876E-02-1.35550803E+00 1.76126295E+00-2.24468629E-02
25  9 9.55802401E-03 2.49255776E-02-1.68149696E-01 1.33362616E-01-6.30621822E-02
25 10 9.80904736E-02 9.71995005E-02 2.00617388E-01 2.26824970E-02-3.99111053E-02
25 11-1.03461071E-03 2.08569066E-02-1.48469788E-01-3.63949636E-01-9.42789504E-04
25 12 7.29088718E-03-6.47783434E-03-2.25820827E-02-2.30405769E-02-8.01541549E-03
25 13 2.63236457E-02 1.55027447E-02 1.87136310E-02 6.73904314E-03-2.77748524E-03
25 14 7.65604624E-03 4.01128494E-02-7.02997232E-01 9.69229911E-01 3.72423284E-03
25 15 1.87092066E-02 5.33555119E-03-8.62413236E-02 1.26489644E-02-9.34557431E-02
25 16 5.37667677E-02 9.91552716E-02 5.30790431E-02 1.98004779E-02-4.37362272E-03
25 17 9.60836244E-03-2.75387515E-02-1.10484116E-03 7.60164242E-02 2.20264651E-02
25 18-1.40155261E-02 9.97426325E-03-4.62198579E-02 1.41331094E-01-1.23961394E-01
25 19-1.82536686E-02-3.20426612E-03-1.38552796E-02-2.76055121E-02 2.52849502E-02
25 20 1.59263163E-03 4.16118165E-02-2.67220637E-01-3.37582504E-01 4.07905561E-03
25 21-2.09487042E-03-7.32823958E-03-4.35365182E-02 4.03866893E-02-6.25805104E-02
25 22 3.13778607E-02 3.24810056E-02 5.79754359E-02 3.91135652E-03-2.29901774E-03
25 23 5.39161918E-03
26  1 1.06703239E-04 2.01091911E-02 3.40105523E-02-1.02990547E-02-2.51311676E-02
26  2 2.31488611E-02-3.07423526E-02-3.36349392E-03 2.25304737E-02-1.75149061E-02
26  3 9.17807998E-03-2.08601979E-01 1.47582199E-01-6.54784868E-03 1.79984098E-02
26  4-1.30049381E-02-2.84163181E-02 1.71572033E-02 6.87533845E-03 6.30538146E-02
26  5-8.33509637E-02-1.20630581E-01 1.88229097E-02 1.52884957E-02 1.56017974E-02
26  6-1.35402588E-01-3.80873279E-02-6.38180515E-02 2.38618932E-02 4.00056039E-02
26  7 3.70486557E-02-8.39801634E-03-1.61263144E-02 7.78303748E-03 7.83487024E-02
26  8-4.50601751E-02-2.67730831E-02 6.82153580E-01-8.85841430E-01 1.05389476E-02
26  9 1.37506213E-02-1.58268685E-02 9.79462604E-02-4.79915185E-02 4.20879414E-02
26 10-4.57771565E-02-5.69149136E-02-9.92841774E-02-6.75524996E-03 2.44001108E-02
26 11 1.98636159E-02 4.66445992E-02-1.97241024E-01-3.90361726E-01-7.19211860E-03
26 12-3.06648301E-02 1.22507088E-02-3.27372691E-02 1.11222544E-01-1.07512352E-01
26 13 3.39657748E-02 4.40566761E-02 2.25396663E-02 1.13772044E-02-5.27713632E-03
26 14 3.44086188E-03 7.23920558E-02-1.24648074E+00 1.68278653E+00 1.22865283E-02
26 15 4.82535257E-02-9.28802886E-03-1.26559318E-01 4.23683404E-02-2.34693262E-01
26 16 1.07176193E-01 1.98759582E-01 7.01640447E-02 5.36994014E-02-2.55529264E-02
26 17 3.19244972E-04 3.76261387E-02-3.69377430E-01 3.19242261E-01-1.00090195E-02
26 18 8.02516339E-03-6.63082281E-03 5.55296432E-02-1.06148769E-01 5.71953625E-02
26 19 5.72932104E-02 3.26226345E-02 3.87490248E-02 1.78968521E-02-9.30041832E-03
26 20 1.09004344E-03-2.09592798E-02 1.02849276E-01 1.41804727E-01-5.72238984E-03
26 21 5.14671753E-03 1.02427562E-02 8.22227941E-02-4.80160427E-02-6.54363284E-02
26 22-5.37535248E-03-8.21190791E-03-1.34281952E-02-3.47441060E-03-6.62654810E-03
26 23 1.77286806E-04
27  1-4.00771152E-04 1.78481017E-03 6.45117467E-02-8.18595068E-03 2.15217271E-02
27  2-2.24664241E-02-2.02621070E-02 1.93208659E-02 2.94207309E-02-3.57411358E-02
27  3-1.48371451E-01-3.15371893E-01 2.73093458E-01-1.72089484E-02 5.08045875E-02
27  4 4.04317563E-03-3.28335361E-02 3.92021975E-02 3.89532055E-03 7.44061003E-02
27  5-9.61367570E-02-1.61358312E-01 2.03964056E-02 5.12559753E-03 3.27425778E-02
27  6-1.65267301E-01 1.39391192E-01-1.01927178E-01 2.96432229E-02 6.98675011E-02
27  7 4.44195531E-02-2.52489530E-03-2.61420616E-02 2.57093077E-02 7.33652026E-03
27  8 2.14097035E-02 1.09759777E-01-2.38851383E-01 1.11178630E-01-1.94338480E-03
27  9 1.11554960E-02 6.82692785E-02-6.78291767E-02 2.90406272E-01-8.56755761E-02
27 10 3.36718285E-02-1.29355536E-02 8.46186909E-02 1.81498911E-02-1.18189838E-02
27 11 6.60365232E-02 6.74541907E-02-7.71720692E-01 1.49094698E+00 4.95078010E-03
27 12 2.72643648E-02-1.36623898E-02 7.27778301E-03 6.82307940E-03-1.92392841E-02
27 13 7.65254541E-02 3.55297991E-02 6.36276390E-02-4.02900986E-03 5.08493523E-03
27 14 3.00138162E-02 1.02485940E-01 2.28420995E-01-1.02994240E+00 4.10431641E-02
27 15 4.81775101E-02 1.95555474E-02-8.09921889E-02-5.89291255E-02-7.87692968E-02
27 16-1.25922348E-02-3.99678555E-03-1.53685870E-02-2.13528134E-03-1.11802157E-02
27 17-1.03853510E-02 1.35357679E-01-8.84925367E-01 7.22263225E-01-3.31344325E-02
27 18 3.11635693E-02 1.28290142E-02 1.15283632E-01-4.16464284E-01-2.58688951E-01
27 19 1.57165633E-01 8.62377309E-02 9.42234806E-02 8.19934615E-02 6.21300985E-02
27 20-1.13442831E-02 7.07765315E-03 1.08308278E-01-5.18635993E-01 4.63667038E-03
27 21-1.23264415E-02-1.20082012E-02 4.37994382E-03 1.09725386E-01-2.67464776E-02
27 22 7.78073254E-03-7.95186222E-03 2.52295599E-02 8.34202839E-03-5.79432538E-03
27 23-1.25386566E-02
28  1-5.93290996E-05-2.79926305E-02-6.18898388E-02 4.61033630E-03-2.68159543E-01
28  2 5.13887133E-01-5.31390300E-01-8.30458066E-02 6.47040323E-02-1.81053361E-02
28  3 3.61337828E-01-4.17804221E-01 3.39335756E-01-1.02210364E-01-1.04115118E-01
28  4-1.48252073E-01-3.91881113E-02 5.77533715E-02-8.73784817E-03 2.93571152E-01
28  5-6.94244888E-01 6.94880691E-01 4.30723263E-02 8.09431585E-03 8.65307147E-02
28  6-3.24160605E-01 2.12776692E-01-5.33944922E-01 1.20271644E-01 1.90663321E-01
28  7 8.33672507E-02 1.02606422E-02-5.32835817E-02-1.32700795E-02-2.38946578E-02
28  8-2.62119428E-03-4.17118015E-02-3.10010925E-02 6.54713273E-02-5.35934900E-03
28  9-3.13854127E-03-2.28003859E-02-1.94150459E-04-8.47845872E-02 2.04438448E-02
28 10-5.05315178E-03 1.12156925E-02-1.33757216E-02-2.37206647E-03-3.60602854E-03
28 11-2.31735392E-02-2.25835981E-02 2.94507909E-01-3.45738430E-01 9.25698497E-05
28 12-5.77396780E-03 2.96113953E-03 1.57376014E-02-5.21387204E-02 1.49009040E-03
28 13-2.95350026E-02-6.68997635E-03-2.61665107E-02-4.18386842E-03 2.47523041E-03
28 14-4.76083879E-03-3.34128884E-02 3.14671327E-01-2.93896102E-01 3.46476922E-04
28 15-2.06397321E-02-1.62645040E-02 8.53115523E-02-1.24865294E-02 2.36585521E-02
28 16-5.73375988E-03-5.53613426E-02-3.30779275E-02-3.78041351E-03-3.49761070E-03
28 17-1.88794140E-02-2.97682696E-01 7.35002164E-01-3.95709389E-01 1.30924211E-01
28 18-1.78475243E-02-1.24183342E-02-3.22181389E-01 7.94085522E-02 1.41049578E-01
28 19-1.92705229E-01-1.46166946E-01-1.40800288E-01-3.03241282E-03-2.90761341E-02
28 20 1.54104708E-03 9.58225874E-03-1.44055792E-01 2.34602002E-01-1.66747019E-03
28 21 3.06547980E-03 5.23985471E-03 2.44986679E-03-2.97981914E-02-3.22027793E-02
28 22 9.03694803E-03 1.38036160E-02 7.83178813E-03-3.44405490E-03 8.80795093E-04
28 23 7.26088638E-03
29  1 1.24277766E-03-7.06981475E-04-8.19685384E-02-1.87728505E-02 1.92661383E-01
29  2-2.29426802E-01 1.00461248E-01 7.00029684E-02-1.16378944E-02-1.34614786E-02
29  3-3.81929372E-01-1.51115324E-01 6.61908163E-03 3.28714428E-02 1.14278168E-01
29  4 8.28751019E-02-1.83057543E-02-4.98441379E-04 6.03740554E-03-2.21957471E-01
29  5 3.00454439E-01-1.76117632E-01-3.14216393E-02-3.91555328E-02-4.72191151E-02
29  6 9.81742837E-02 7.92600483E-02 2.77354890E-01-8.75599618E-02-1.16360498E-01
29  7-5.77914599E-02-4.51411516E-03 7.97140660E-04 1.69943029E-02 3.92918690E-03
29  8-2.34645324E-02-5.70026853E-02-4.32665943E-02-4.56703675E-01-3.32463940E-02
29  9 3.56854870E-02-2.15183252E-02-6.17621662E-02 1.33224134E-02 9.57486603E-03
29 10-3.67525015E-03-8.50758250E-03-4.39558235E-03 2.36326570E-02-2.76240048E-02
29 11 1.82365607E-02-8.61624202E-04-5.23109047E-02 5.17490202E-02 1.96502678E-03
29 12 1.19190291E-02-4.88435651E-04 3.99837591E-03 5.89673618E-03-8.03163252E-03
29 13 9.27882711E-04-1.59931063E-02 2.12329819E-03-1.38052319E-03 5.03976975E-04
29 14 3.45822132E-04-5.72041995E-03-3.17384828E-02 5.47059970E-02-1.20618085E-03
29 15-8.25989463E-03 1.13517861E-02 8.73152322E-03-1.00726163E-02 4.51950093E-02
29 16 1.78659075E-03-8.36267675E-03 1.26917857E-02-3.88675098E-03 1.50781659E-02
29 17 1.10742250E-02-4.88940278E-01 1.06212723E+00-5.57252997E-01 2.12600338E-01
29 18-8.93418984E-03-2.62508405E-02-5.29594790E-01-1.46375110E-01 2.44819589E-01
29 19-2.83910120E-01-2.31333121E-01-2.18923530E-01 4.68915822E-02-4.43323723E-02
29 20-3.12547861E-03 7.39531128E-02-1.08228689E+00 1.12593464E+00-1.58292835E-02
29 21 3.84826770E-03 3.95447101E-02 1.73593017E-01-3.70183880E-02-4.71016989E-01
29 22 1.12544630E-01 1.12827727E-01 1.32348745E-01-8.73717480E-03-1.22993892E-02
29 23 2.25901092E-02
30  1 3.12065487E-04-2.74370238E-03 2.22844301E-02-3.43998953E-03-1.15798035E-01
30  2 1.31882328E-01-7.82760353E-02-4.82482606E-02-1.15452758E-03 2.49700409E-02
30  3 3.11617660E-01 1.26635789E-01-1.56129080E-01-3.86539835E-03-6.74236497E-02
30  4-4.78836103E-02 9.25591593E-03-1.95656577E-02 1.10659907E-03 8.90362137E-02
30  5-7.75625235E-02 1.59402222E-01 1.47765668E-02 2.84958172E-02 9.43168760E-03
30  6-6.63898403E-02-2.16243084E-01-4.57726667E-02 2.34890841E-02 9.92160699E-03
30  7 2.74485637E-02-1.01828691E-02 4.15630332E-03-2.57596056E-02 2.69422118E-02
30  8 3.55132662E-03 7.79942319E-02 2.78605489E-02-6.68101026E-01-3.55726903E-03
30  9 2.99800665E-02 6.11354061E-02-2.31046077E-02 2.90070997E-01-3.33498884E-02
30 10 1.47242770E-02-3.81639330E-02 5.48917318E-02 1.75605749E-02-5.47590678E-04
30 11 7.94024533E-02 9.86334443E-02-1.04334914E+00 1.95623752E+00 4.17698237E-03
30 12 4.19909277E-02 2.96134319E-04 5.34839596E-02 7.52571445E-02-1.46246612E-01
30 13 9.81986821E-02 2.56200286E-02 7.72465916E-02-1.21343328E-02 5.70778692E-03
30 14 3.32952164E-02 4.40915251E-02 6.71255620E-02-8.81455647E-01 2.75629119E-02
30 15 2.97594662E-02 3.84476926E-02-8.37070739E-02-6.81527992E-03 3.85115705E-02
30 16-1.51848804E-02 3.11979772E-03 1.77208066E-02 9.92539545E-04 2.01958526E-02
30 17 2.44998464E-02 1.09006299E-02 9.27289654E-02-4.09643019E-01-2.82861434E-02
30 18-1.83775726E-02-4.09294619E-02 1.08416904E-01 3.07773808E-01 5.46339200E-01
30 19 4.28510132E-03 1.16870315E-02 2.15617545E-02-6.59367345E-02-1.06561976E-01
30 20 1.81319347E-02 4.25629698E-02-4.97137595E-01 4.20900914E-01 3.67377889E-03
30 21-1.48262840E-02 9.93267905E-03-9.30837178E-04 1.69759246E-01-1.67839326E-01
30 22 6.06941199E-02 4.12226293E-02 6.85344090E-02 1.14623070E-02-5.01955360E-03
30 23-1.44484638E-02
 $END   
 $GRAD  
E=     -519.1820372746  GMAX=  11.7843598  GRMS=   4.3940868
CL          17.    2.1964498341E+00   -7.0152531465E-01    2.5930585157E+00
C            6.    5.5570009384E+00    8.8874158106E-01    1.0399254124E+00
C            6.   -1.0939298730E+01    2.4611454358E+00   -4.9175721215E-02
O            8.   -4.4476631642E-01   -8.7702097991E-01    1.4727512114E+00
H            1.   -5.9009922308E+00    2.7673474640E+00    1.5411283323E+00
H            1.   -2.7836307941E+00   -3.5294529940E+00   -4.3951289429E+00
O            8.    5.6848103522E+00    5.2834066056E+00    4.5414718466E+00
O            8.    1.9719301445E+00   -3.9924847872E+00    8.1780496890E+00
H            1.   -1.4708704613E+00    3.5239201625E+00   -8.9534644222E+00
H            1.    1.4258981903E-01    9.2191822275E-01   -6.7387422163E-01
H            1.   -5.8302212633E+00   -6.2633116322E+00   -4.0498450653E+00
H            1.    1.1784359811E+01   -1.0274597933E+00   -1.2229327832E+00
H            1.    3.2638897456E-02    5.4477602957E-01   -2.1963851014E-02
 $END
-------------------- DATA FROM NSERCH=   5 --------------------
 COORDINATES OF SYMMETRY UNIQUE ATOMS (ANGS)
   ATOM   CHARGE       X              Y              Z
 ------------------------------------------------------------
 CL         17.0   3.2491672415   0.2157822291   0.3267588229
 C           6.0   2.0687807282   0.8783192242  -0.9940912852
 C           6.0   3.3583397870   1.8113686303  -1.7734164625
 O           8.0   2.4926186335   2.8285532457  -2.4551762933
 H           1.0   1.5601517310   1.2850542264  -0.5287465214
 H           1.0   2.0439537556   0.1644532326  -1.4445129982
 O           8.0   3.4046864895  -0.0789846611  -4.0546089976
 O           8.0   3.7250411829   2.7519964898  -5.0971827736
 H           1.0   3.6337079356   2.9293812797  -5.4407780423
 H           1.0   3.6481747445   0.8377195705  -4.3768731353
 H           1.0   3.1517716467  -0.3270213050  -4.2475389644
 H           1.0   3.7850337157   1.7750829132  -1.7749066294
 H           1.0   3.3026424082   3.0441749247  -4.1817467197
--- CLOSED SHELL ORBITALS --- GENERATED AT 17:29:20 12-AUG-2026    
Chloroacetaldehyde hydrate and water                                            
E(R-WB97X-D)=     -528.7182198446, E(NUC)=  298.0968513133,   15 ITERS
 $VEC   
 1  1 9.99993193E-01-4.83956529E-06-2.19103087E-06-1.32559958E-06 2.64495603E-04
 1  2-1.34154737E-03 5.73817068E-04-1.91831708E-05 3.96211926E-08-1.21346725E-05
 1  3 3.31568810E-05-2.29723956E-05 4.44003340E-06 2.55437871E-04 2.74455348E-04
 1  4 2.66594822E-04-5.97312741E-06-6.49827252E-06 1.96182997E-05 3.03539972E-04
 1  5-1.57517783E-03 9.45719237E-04-2.93442005E-05-3.09576672E-05-1.97445412E-05
 1  6 2.59083318E-05 1.02622935E-04 6.85915490E-05 2.90286312E-04 3.12255710E-04
 1  7 2.98821955E-04-9.44346751E-06-1.47256490E-05 2.53703212E-05-9.23727017E-07
 1  8 1.35576451E-07 1.05223741E-05-6.78880545E-05 1.12807793E-04 2.89424343E-06
 1  9 9.33693786E-07-7.89718476E-06-4.62730825E-06-4.67086025E-06 1.29604434E-05
 1 10 1.12073559E-05 1.13376581E-05 1.04912027E-05 6.77025591E-07 3.52413649E-07
 1 11-1.11849942E-06-2.58439994E-05 1.40590576E-04-1.61801644E-05-2.37024123E-06
 1 12 3.96240705E-06 9.95002630E-06-4.83666527E-06-1.80438065E-05-1.27006727E-05
 1 13-1.67038004E-05-1.80033254E-05-2.48362872E-05 3.07776590E-06-6.13570854E-07
 1 14-7.09189690E-06-3.41954395E-05 1.96771210E-04-2.51303524E-04-7.50717999E-06
 1 15 1.73565230E-05 3.29997634E-05 8.04600097E-06-5.91849682E-05-6.98412386E-05
 1 16-2.53118210E-05-3.36564158E-05-3.51820418E-05-4.77021780E-06 6.45160812E-06
 1 17-1.15081058E-06 1.23605930E-04-6.06464912E-04 1.59788732E-04-3.22391895E-05
 1 18-2.21758531E-05 2.36994310E-05 9.91036106E-05 6.94863734E-05-6.30065327E-05
 1 19 1.21284359E-04 1.27652119E-04 1.32194645E-04-6.20024674E-06 5.40603724E-06
 1 20 1.88537907E-06-3.48808252E-05 1.87103144E-04-1.85724347E-04 1.05850415E-06
 1 21-5.47012983E-06 6.55418988E-08-3.95156124E-06 1.19813770E-05 1.93457890E-06
 1 22-3.29026365E-05-3.36878268E-05-3.53841235E-05 3.12799880E-07 1.93421186E-07
 1 23 8.74963709E-07
 2  1 2.69343096E-06 1.40909390E-05 2.08652730E-05 3.05394577E-04-4.01052595E-05
 2  2-4.30040957E-05 6.18565328E-04-1.79925380E-04-8.11170699E-05 9.69923598E-05
 2  3 5.08618402E-04 1.58942914E-04-2.98934292E-04-2.79942979E-05-2.99607508E-05
 2  4-5.44941213E-05 1.74365576E-05-5.17455050E-05 3.39940042E-05 9.17628639E-05
 2  5-6.49248172E-04 1.26704880E-03-1.63464337E-04-2.59258336E-05 6.43469776E-05
 2  6 5.02783746E-04 6.90910023E-05-2.31545175E-04 9.75695932E-05 3.81623191E-05
 2  7 2.92738239E-05 4.53273158E-05-7.95066647E-06 5.14136228E-06 2.47291254E-02
 2  8 7.09219810E-01 2.45738461E-01 3.87675082E-02-8.24369824E-03 9.91125027E-02
 2  9-1.94706908E-01 3.76871771E-01-3.44702874E-02 4.07872168E-02 9.50518774E-03
 2 10-9.20323133E-02-3.75724227E-02 2.40923212E-01-4.63218896E-02 7.69566783E-02
 2 11-1.74987444E-01 1.88307720E-03-1.49684725E-02 2.38634802E-02 1.03845455E-03
 2 12-3.35443464E-03-1.59397686E-05-1.17705038E-04 1.56611584E-02-1.36588176E-03
 2 13 3.39800099E-04-1.30874530E-04 9.14410359E-04-2.14338146E-03 4.63862401E-04
 2 14 6.22327663E-04 7.37212968E-03 9.05734365E-03-1.10406097E-02 9.48111810E-03
 2 15 1.03677445E-02 7.01086308E-03 1.71636298E-03 2.64664697E-03-1.66019113E-03
 2 16 1.62475997E-03 3.69763376E-03-1.61251722E-03 8.34776888E-03 4.61618988E-03
 2 17 4.40023710E-03-7.41857526E-04 4.55201758E-03-6.13567842E-03-3.74959593E-04
 2 18-7.26011117E-05-9.93934194E-04 6.80173828E-04 4.58360282E-04 2.14137533E-03
 2 19-2.70308272E-04-2.89001133E-04-5.61341954E-04-4.64513416E-07-2.69718067E-05
 2 20-9.03848308E-05 1.90496704E-02-4.49485550E-02-9.52940811E-03-2.89593904E-04
 2 21-3.97604048E-03 1.18314245E-02-3.55992620E-02 2.85778247E-02 7.86935046E-02
 2 22 4.06597310E-03 1.21769565E-02-6.92478073E-02 7.27765305E-03 3.98881650E-02
 2 23-2.48910599E-02
 3  1-4.03753416E-05-2.20356646E-05-9.12661304E-06 1.12351728E-04-6.08908396E-04
 3  2 3.36766764E-03-6.55551426E-03 2.35479892E-04-3.04830399E-04-3.78307821E-04
 3  3-5.17237516E-04 3.94477523E-04 6.89211520E-04-6.13368802E-04-3.45656085E-04
 3  4-4.82479661E-04-1.30384136E-04-5.21068399E-05 2.27040440E-04 3.40083302E-03
 3  5-1.72054178E-02 1.35850539E-02 2.14339541E-05-2.33477415E-04 6.44000679E-05
 3  6-3.11361461E-04 6.94404517E-04 1.74302027E-04 3.01980714E-03 3.08172974E-03
 3  7 3.07502874E-03-3.39915083E-05-7.28338765E-06 6.43940004E-05 7.10155739E-01
 3  8-2.47300104E-02-6.18863346E-03-6.15620553E-03-7.20328691E-03-3.33175827E-03
 3  9 3.28097325E-03-1.06744272E-02 1.09053723E-03 5.77027032E-03-5.48483092E-03
 3 10 6.86562856E-03 2.59917198E-03-6.34006034E-03 2.07785999E-03-2.26930540E-03
 3 11 6.61398534E-03 2.08176360E-02-8.07185357E-02 9.45178972E-03 1.04664480E-02
 3 12 1.75714133E-02 1.10371577E-03 2.89365328E-02 1.04547255E-01-3.17468924E-02
 3 13 7.84939064E-03-8.13245955E-02 1.50175791E-02-3.85945611E-02 1.23777861E-02
 3 14 2.80206429E-02 2.32871058E-01 5.82582957E-02-7.33670500E-03 2.69793364E-01
 3 15 2.67164047E-01 2.04742467E-01 1.11688741E-05 4.99474369E-02-4.00650246E-02
 3 16 5.63458663E-02 1.00571402E-01-2.55088223E-02 2.15059833E-01 1.37248139E-01
 3 17 1.33890143E-01 1.30209071E-03-6.71134260E-03 4.29629628E-03 1.87821202E-04
 3 18 7.90541251E-05 5.18686594E-04-1.22021158E-04 2.48138344E-04-8.15097316E-04
 3 19 8.45405016E-04 8.31408818E-04 9.49142164E-04-5.69514844E-05-7.64834775E-07
 3 20 4.25960190E-05 2.49029502E-03-7.16521554E-03-6.34580016E-04 1.06194072E-03
 3 21-3.43249063E-03-1.04304737E-03-5.14918382E-04 6.94742536E-03-3.47326425E-03
 3 22 4.19170854E-03 9.09661499E-04 6.32554239E-03 4.29051537E-04-1.28882752E-03
 3 23 1.14875791E-03
 4  1-2.40176540E-04-2.22354820E-03-2.14907815E-03 9.92107864E-01 1.15360848E-02
 4  2-5.20140924E-02 2.13296373E-02 3.47698441E-03 2.51383808E-03-1.32881820E-03
 4  3-9.91138500E-03-7.64512100E-03 3.19955577E-03 1.03025515E-02 1.13393288E-02
 4  4 1.16800823E-02-6.85004427E-04 9.02235314E-04 2.14718192E-04 2.58581763E-03
 4  5-7.07447084E-03-2.55402004E-02 3.03866549E-03 3.66372066E-03-6.51762779E-04
 4  6-1.07360337E-02-9.39386631E-03 3.25201114E-03 2.09716230E-03 3.10576167E-03
 4  7 3.37125835E-03-1.29427230E-03 2.83282143E-04 6.98139735E-04-1.49337462E-04
 4  8-3.18681479E-04-1.11412265E-02 6.68138108E-02-9.44443175E-02-2.25426449E-03
 4  9 2.98372062E-03 4.70328388E-03 2.54071464E-03-5.82672252E-03 1.30613276E-03
 4 10-1.18774157E-02-1.07572944E-02-6.50121639E-03-3.15180028E-04-1.06289225E-03
 4 11 1.39170021E-03-1.63102516E-04 6.30437492E-03-6.29834115E-02-2.19117435E-03
 4 12 2.72948372E-03 7.74801115E-03 8.36974809E-03-5.98067652E-03-2.25329301E-02
 4 13 1.37814677E-03-3.19977159E-04 2.06143396E-04-8.66296234E-04 1.81978180E-04
 4 14-9.48697063E-04-3.38520644E-03 1.73253601E-02 1.47440638E-02-7.10139095E-04
 4 15-1.48560190E-03 8.16120377E-04 1.86195324E-03 6.81267995E-03-7.52416686E-05
 4 16-2.88345776E-03-1.62144712E-03-3.08906092E-03-4.29877401E-04 7.01438059E-04
 4 17 1.38622573E-03 3.88943307E-02-2.04303302E-01 1.47582405E-01 1.42049092E-02
 4 18-2.29395137E-03 2.38611210E-03-2.43862124E-02 1.00054854E-04-1.41964987E-03
 4 19 3.17789933E-02 3.14929636E-02 3.02849093E-02 6.54857658E-04-4.02322375E-04
 4 20 1.57684033E-03 4.87703295E-02-2.46539387E-01 2.06952222E-01 2.86953093E-03
 4 21 4.10459001E-03 1.86831605E-03-6.33462843E-03-9.05041604E-03-6.76469084E-03
 4 22 4.10774361E-02 4.30816271E-02 3.66031608E-02 1.65780273E-04 1.05528170E-03
 4 23 1.85492030E-04
 5  1-2.95255533E-05 4.30463057E-04 6.59408316E-01 2.75899721E-03-1.08580317E-03
 5  2 4.84496236E-03-5.13965492E-03-6.09946000E-05-5.54927903E-05-5.93853834E-05
 5  3-3.74461716E-04 1.69533650E-04 4.46912996E-04-9.05595733E-04-1.06553431E-03
 5  4-1.03547964E-03 6.20036594E-05-1.59845578E-04 3.28048887E-05-1.67416988E-04
 5  5-1.31710014E-03 2.94272523E-03-6.00205517E-04-4.67833719E-04-2.43243353E-04
 5  6 1.07334408E-03 1.15643602E-03 6.72089554E-04 1.59679981E-04 2.85524079E-04
 5  7-3.31547137E-04 6.56574926E-04-8.57014665E-05 2.38595570E-05 3.27691710E-05
 5  8-4.80030203E-05-7.28660524E-04 4.21009777E-03-5.49690663E-03 3.31340895E-06
 5  9-1.92680266E-04 2.41439714E-04-2.65605513E-04 8.06457513E-04-3.77330170E-05
 5 10-6.45931708E-04-7.39437894E-04-3.79346918E-04-3.23949964E-06-1.72173665E-04
 5 11 1.16156149E-04 1.40498342E-03-6.55955410E-03 8.71117276E-03 2.05114943E-04
 5 12 9.62243382E-05-4.94748754E-04-1.22683497E-03-2.24650059E-03 7.31423212E-04
 5 13 8.79745366E-04 1.38126530E-03 7.65248234E-04 2.99374546E-04-1.08483929E-04
 5 14-3.12478035E-04 9.92263237E-04-4.14233904E-03-3.52200287E-03 1.73013436E-04
 5 15 5.86994569E-04 3.37995743E-04-8.22070147E-04-2.53499889E-03-8.24499897E-04
 5 16 9.10655355E-04 3.82310197E-04 8.87159720E-04-2.53790241E-04-3.11816206E-05
 5 17-1.31110766E-04 2.55161039E-01-1.15588356E-01 2.02076294E-02-3.83415727E-01
 5 18 3.31039493E-02 1.31987858E-03 1.56984282E-02 2.99060597E-04-7.42441693E-05
 5 19 3.40386871E-01-5.24184994E-02-5.58850912E-02-4.11195621E-02-1.30142950E-03
 5 20-4.35247540E-04 1.62403950E-03-8.10792164E-03 5.87837300E-03-1.42490739E-04
 5 21 1.79926488E-04-2.39478820E-04 1.34975408E-04 1.26279830E-04 2.48792048E-04
 5 22 1.11595236E-03 1.12211823E-03 7.87985477E-04-2.04523068E-05 3.12889014E-05
 5 23 9.97305512E-05
 6  1-2.22300165E-04 7.71634596E-01-2.10500995E-04 4.44111965E-03-2.79168396E-02
 6  2-1.75853292E-02 2.97158241E-02 9.16920540E-03-9.00555541E-03-1.21144361E-02
 6  3 1.39079590E-01-8.49590740E-02-1.00730605E-01 1.04935858E-01 3.07031564E-02
 6  4 5.92780462E-02-1.22052940E-01-1.40208228E-01 9.85776115E-02-3.25895134E-02
 6  5 2.16489394E-03 7.48984559E-03-5.56548777E-03-2.65500496E-03-2.33119245E-03
 6  6 3.84699105E-02 1.30128793E-01 7.78332252E-02-3.98764685E-02 1.41025682E-01
 6  7 2.94288936E-02 2.73118346E-02 1.91004313E-02 1.29358469E-01 4.06259799E-05
 6  8-2.81157298E-05-6.81320846E-04 4.38794059E-03-7.32929365E-03-9.76749063E-05
 6  9-1.18644411E-04 4.50353089E-04-1.80024369E-04 6.65411394E-04-3.09590634E-04
 6 10-5.85290856E-04-7.11042684E-04-2.73936910E-04-6.48340327E-05-2.85600315E-04
 6 11 1.99339162E-04 1.35502753E-03-6.87036443E-03 2.97826211E-03-3.01356656E-04
 6 12-3.42526287E-04-1.05657061E-03 7.70021815E-04 5.34124997E-04 2.63380031E-03
 6 13 6.64026321E-04 7.14383474E-04 1.25736688E-03-9.03211657E-06 1.20443973E-04
 6 14 2.17753551E-04 4.35205529E-03-2.24698036E-02 1.69183997E-02 3.70065145E-07
 6 15-5.84701323E-04-7.49369994E-04 4.98484732E-04 2.32059080E-03 1.20863946E-03
 6 16 3.69174206E-03 4.12012011E-03 3.85582362E-03 2.15482830E-04-1.87790011E-05
 6 17-1.23671149E-04 3.19246227E-03-7.75240245E-04-3.67947263E-02-1.11260854E-02
 6 18-5.02469794E-03 3.49108782E-03 2.52785207E-02 1.15779627E-02-7.74807025E-03
 6 19 3.22080641E-03 6.12475907E-03 6.55385906E-03-2.02563310E-03 1.52054702E-03
 6 20 7.80369784E-04 1.19357496E-03-7.04515627E-03 1.16098257E-02-3.87572081E-04
 6 21 4.60727034E-04-8.70168808E-04 9.84493709E-04-1.21168475E-03 2.66701526E-03
 6 22 7.35291008E-04 7.56706046E-04 8.05368969E-04-8.52684761E-05 1.60020612E-04
 6 23-1.92789443E-04
 7  1-7.55287247E-03-1.49232766E-01-2.56689423E-02-2.98646468E-02 6.97919971E-02
 7  2-4.71643783E-01 5.94945896E-01-7.57024372E-02 4.06223918E-02-1.84978330E-02
 7  3 2.29965622E-01-8.52852858E-02 1.73712475E-01 3.57343417E-02 1.09587244E-02
 7  4-1.27163100E-02 3.97949198E-03 6.08943788E-02-4.41698215E-02 8.10832167E-02
 7  5-4.70330903E-01 7.81464444E-01-5.07606302E-02-1.34047638E-02-7.85365027E-02
 7  6 2.23377779E-01 1.54166095E-02 3.11119767E-01 3.92108482E-02-2.70308033E-02
 7  7 5.65003905E-02 8.37437424E-03 4.35738239E-02-1.03138579E-02 9.55135164E-04
 7  8-2.55434836E-04 1.50330885E-03-2.19688062E-02 6.91338107E-02 2.42279747E-04
 7  9 1.91694903E-03-3.46791345E-03-9.38059116E-04-8.48119531E-03 1.40687771E-02
 7 10 2.24639100E-03 3.57341708E-03 4.25469479E-03 6.32214844E-05 3.87029028E-04
 7 11-8.79202545E-04-2.28209923E-02 1.31733358E-01-8.66464322E-02-2.94770576E-04
 7 12 3.25567136E-03 8.17859023E-03-1.18608583E-03-1.04451115E-02-2.61897290E-02
 7 13-1.31862898E-02-1.54775791E-02-1.74587715E-02 2.70491322E-04-4.69745102E-04
 7 14-1.86691249E-03-2.67626023E-02 1.83576510E-01-2.15578432E-01-1.69184989E-03
 7 15 6.82189675E-03 1.33045869E-02 2.18780491E-04-3.46495362E-02-4.02046239E-02
 7 16-2.32049667E-02-2.69011505E-02-2.57046159E-02-3.50071995E-03 8.16535561E-04
 7 17-4.01182637E-04 5.61075490E-02-4.41944626E-01 3.65514794E-01 3.22112428E-02
 7 18-1.31406267E-02 6.33397897E-05-3.84957318E-02 3.90296271E-02 1.04200484E-02
 7 19 5.87138092E-02 6.19953162E-02 6.66400677E-02-2.26205525E-03-5.42630398E-03
 7 20-2.59274772E-03-6.30639913E-03 4.00500392E-02-7.62286854E-02 3.05563921E-03
 7 21-8.98259768E-04 4.45703834E-04-1.16591656E-02 2.61025282E-03 1.38609372E-03
 7 22-5.38229889E-03-4.92669783E-03-7.61589409E-03 4.34664022E-04-2.85495066E-04
 7 23 4.69622468E-04
 8  1 4.86680350E-04-2.66230509E-02 6.45829406E-02 4.36739492E-02-2.42383524E-03
 8  2-4.67195681E-01-4.32909896E-01 4.78741535E-03-2.17450019E-03 1.65823911E-02
 8  3-3.60927870E-01 2.42592367E-01 1.58088602E-01-2.24921935E-02 3.47752538E-02
 8  4 2.55473625E-02 6.65617307E-02 5.64201562E-02-4.76384287E-02-5.65332394E-02
 8  5 8.63350431E-01 4.26216629E-01-2.87194339E-02 1.37782056E-02-4.06450396E-02
 8  6 2.20914378E-01 2.79691683E-01 5.08979813E-01-1.18458686E-01-6.95103398E-02
 8  7-4.25650140E-02 1.58458690E-02 5.33775935E-02 8.48812010E-02 2.34815698E-03
 8  8 8.50493768E-03 4.99503112E-03-8.06082763E-02 8.00524945E-02 4.63086011E-03
 8  9-7.14319218E-03 3.18848370E-03-2.01916726E-03 1.12317111E-02-2.60043027E-02
 8 10 8.77628043E-03 9.66690745E-03 3.27882351E-03-1.51900065E-03 4.45367759E-03
 8 11-5.07484729E-03 3.52815989E-04-3.15187619E-02 1.61348843E-01 1.46429121E-03
 8 12-1.41084760E-03-7.55865240E-03-9.91244978E-03 8.22448969E-04 2.89080826E-02
 8 13 2.48903724E-04 1.49581300E-03 9.95809378E-04 1.08713844E-03-6.32260541E-05
 8 14 6.69473965E-04-1.22818020E-04 1.30738384E-02-1.15376527E-01 1.48142527E-03
 8 15 5.43471906E-03 4.18612980E-03-4.62948689E-03-2.49421888E-02-1.42327275E-02
 8 16-1.02885908E-03-3.16660850E-03-1.72593057E-03-2.49119221E-04 5.36719897E-06
 8 17-1.54718800E-03 9.39829491E-02-6.96141725E-02-4.47933377E-01-1.26374384E-01
 8 18 6.87460174E-03 1.18105592E-04 2.94571536E-01-9.40040755E-02-1.64490435E-03
 8 19 3.23892034E-02 2.06035235E-02 2.47042363E-02 3.26759168E-02-2.04367602E-03
 8 20 6.32148177E-03-3.43522965E-02 1.35970158E-01-2.16495877E-01-6.44258495E-03
 8 21-2.18740852E-03 7.68752054E-03 2.26920108E-02 1.23782665E-02-3.22012864E-02
 8 22-1.62145009E-02-1.66105043E-02-1.61081843E-02 1.55575240E-04 2.56706085E-03
 8 23-6.23112182E-04
 9  1-2.64340892E-04-6.13236438E-02 9.95021457E-02 5.43697991E-02-2.62931719E-02
 9  2 6.34593075E-01 2.37613375E-01-2.04888627E-02 1.77697744E-02-3.93590471E-02
 9  3 3.56867487E-01-2.56379360E-01 8.51655605E-02-2.87408717E-02-6.89041155E-02
 9  4-1.00502070E-01-5.94154514E-02 1.16292113E-02 5.08370250E-05 5.74357601E-03
 9  5-3.71117032E-01 9.66017856E-03-6.98463179E-03-1.12604595E-02-9.64836680E-03
 9  6-1.14380764E-02-2.13432191E-01-1.28208901E-01 3.59932132E-02-5.11961488E-02
 9  7 1.61021134E-02-1.04429280E-02-9.12974655E-03-6.55097914E-02 1.99507787E-02
 9  8 5.29202921E-02-5.12313315E-02-2.03460384E-01 1.17182020E-01 1.70280446E-02
 9  9-2.63474962E-02 2.30653618E-02-1.02551727E-02 2.67215086E-02-6.37646484E-02
 9 10 5.40333980E-03 1.51326684E-02 2.39773503E-02-1.00289247E-02 1.87923885E-02
 9 11-2.98328764E-02-3.42892993E-03-8.91451142E-02 1.99781756E-01 2.91456381E-03
 9 12-2.03880199E-03-1.06855849E-02-8.74521996E-03 2.51462627E-02 3.09492137E-02
 9 13 4.16767540E-03-1.52276311E-03 4.75381789E-03-1.92270952E-03 1.23984071E-03
 9 14 5.39984835E-03-1.41756894E-02-6.24467062E-02-6.28032957E-02 1.13140893E-02
 9 15 8.74217755E-03 7.16354719E-03-1.29791932E-02-2.17342373E-02-1.00146044E-02
 9 16 7.59730994E-03 3.95086094E-03 3.42442123E-03 9.23730935E-03 6.60661710E-03
 9 17 3.36798973E-03 1.26031971E-01-1.75717056E-01-5.74580866E-01-1.73667511E-01
 9 18 1.91157101E-02 4.79432513E-03 4.02216880E-01-1.06379520E-01 3.86194966E-03
 9 19 5.91408486E-02 2.83966812E-02 3.62970966E-02 2.62310437E-02-1.20217021E-02
 9 20 1.32443661E-02-6.75521767E-02 1.70412639E-01-3.70867775E-01-1.07550275E-02
 9 21-3.83261159E-03 1.77487434E-02 2.47795142E-02 3.18211420E-02-4.44259899E-02
 9 22-2.32495479E-02-2.18643135E-02-3.38867991E-02 2.36567288E-03 1.18440410E-02
 9 23-5.63557047E-03
10  1 4.37783885E-05-2.22823298E-02 3.85161863E-02 1.50708734E-02-8.60150841E-03
10  2 1.83172893E-01 4.00916693E-02-5.17377579E-03 5.63835357E-03-1.22000913E-02
10  3 8.81171685E-02-6.93981029E-02 4.21013424E-02-1.17009751E-02-1.97613183E-02
10  4-3.16576169E-02-1.51777860E-02 8.47223303E-03-3.55520579E-03-3.32735589E-03
10  5-4.32207824E-02 2.09013935E-02-3.71420168E-03-1.72858347E-03-5.71733871E-03
10  6 1.00921692E-02-5.26138230E-02-3.00333575E-03 1.62362811E-03-2.36307075E-02
10  7 1.67125263E-03-2.66349363E-03 9.20442817E-04-1.51922121E-02-4.65959719E-02
10  8-2.02493498E-01 3.47604251E-01 4.09247391E-01 1.07207656E-01-4.32766566E-02
10  9 7.07415931E-02-9.04972003E-02 4.00202458E-02-4.95245414E-02 8.00919253E-02
10 10 4.30960789E-02 8.62114712E-04-1.24338691E-01 3.80119586E-02-5.88420134E-02
10 11 1.16585257E-01 3.18681462E-02 1.28914857E-02 8.86437270E-02-2.83505999E-03
10 12-5.51165762E-03-1.70130583E-03-7.21516530E-03-3.50068102E-02 2.52151136E-02
10 13 2.73865235E-03 2.39652811E-02 3.81753747E-03 7.05334590E-03-2.59705462E-03
10 14-8.78386443E-03 7.06638486E-02 7.11305149E-02-3.21022007E-03-1.76625997E-02
10 15-9.26245044E-03-2.13030570E-02 1.55388872E-02 6.34435135E-03 1.16869819E-02
10 16-5.23060373E-03-2.50981831E-03-2.16476072E-03-2.21502445E-02-2.22340769E-02
10 17-1.91377376E-02 5.08672234E-02-7.82445987E-02-2.24478172E-01-6.69459195E-02
10 18 6.70718817E-03 1.21352911E-03 1.55146654E-01-3.88115584E-02-6.08747283E-03
10 19 2.47545373E-02 1.28713319E-02 1.51261529E-02 9.73222237E-03-1.14082574E-03
10 20 4.82626191E-03 5.51944770E-02 1.96960725E-01-7.44386613E-03 2.78551902E-03
10 21-7.47412453E-04-1.62146436E-02 5.18212647E-02-4.08692894E-02-8.07392436E-02
10 22-5.41056209E-03-1.40935455E-02 4.73754080E-02-7.86998882E-03-3.44599494E-02
10 23 2.11197457E-02
11  1 1.04847209E-04-4.96037091E-03 2.46616683E-03 3.01488903E-03-2.93415523E-03
11  2 4.16235382E-02 9.36487798E-03-1.14510480E-03 9.49995531E-04-1.39469514E-03
11  3 1.70735601E-02-1.11842262E-02 4.13439900E-03-3.15243943E-03-5.37344249E-03
11  4-6.80616593E-03-2.07391398E-03 1.30128301E-03-9.28078384E-04-3.53355179E-03
11  5 1.34556463E-02-2.16307845E-02-3.40028532E-04-4.03379385E-04-1.87549002E-04
11  6 1.57981589E-03-8.59956831E-03-5.72548536E-03-1.95345207E-03-6.50948629E-03
11  7-3.33030177E-03 1.79632842E-05-8.64526475E-06-3.38212539E-03-2.12974373E-01
11  8 5.36616856E-02-1.08955877E-01-1.18287807E-01-9.91625927E-03 1.05719725E-02
11  9-1.76871867E-02 1.88652497E-02-8.07576057E-03 3.36934233E-03-1.11991532E-02
11 10-1.25352846E-02 1.51865293E-03 3.54314919E-02-1.12717786E-02 1.69710776E-02
11 11-3.56960543E-02 8.63860388E-02 1.68250165E-01 6.39463084E-02-1.07951183E-02
11 12-2.80442784E-02 4.48109048E-03-2.60875908E-02-1.29946868E-01 5.93837336E-02
11 13-4.06927810E-03 7.48759217E-02-3.99616621E-03 2.72107205E-02-1.03873712E-02
11 14-3.21123812E-02 3.43934293E-01 4.00849685E-01 8.87142699E-02-7.93315612E-02
11 15-5.19683482E-02-8.47729957E-02 7.44725137E-02 4.11529507E-02 5.56909569E-02
11 16-3.64021633E-02-3.06520334E-02-1.27246620E-02-1.10728740E-01-9.88178662E-02
11 17-8.77968336E-02 7.42218083E-04 1.53581953E-02-3.42886590E-02-4.85691931E-03
11 18 3.93957557E-04-4.66544103E-04 1.11042929E-02-6.43868433E-03-7.87946755E-04
11 19-1.18376580E-03-1.80270348E-03-1.36511406E-03 2.03966143E-03 4.84537957E-04
11 20 3.10295571E-04-2.19010128E-02-1.34857414E-02-3.42298225E-02-2.29822666E-03
11 21 2.37485489E-03 6.00763691E-03-7.19136510E-03 2.28759966E-03 1.61216650E-02
11 22-5.28816581E-03-1.95630677E-03-1.88050537E-02 1.04692278E-03 8.26783274E-03
11 23-4.64781403E-03
12  1-4.01046341E-04 1.83054024E-02-3.15805344E-02 1.22666952E-02 1.74147910E-03
12  2-1.21864720E-01 3.62266945E-02-3.42323752E-03-3.22309000E-03 9.44871310E-03
12  3-1.45381328E-02 4.56455634E-02-5.18980577E-02 1.13818150E-02 6.18039874E-03
12  4 1.96057657E-02 8.03472195E-03-1.23207882E-02 5.68494893E-03 5.10867386E-03
12  5-9.27432622E-02 1.64791983E-02 9.81441270E-05-5.78971148E-03 3.91471295E-03
12  6-4.66362543E-03 3.24018747E-02-4.60863566E-02 1.15119719E-02 2.50926849E-02
12  7-5.58076790E-04 3.30843916E-03-4.20184235E-03 2.82714870E-03-1.79282232E-02
12  8-3.33117313E-02 5.13268907E-01 8.94804360E-02 1.61469851E-01 5.47963333E-02
12  9-6.25676576E-02 2.42851601E-02-1.62533509E-02 8.65727994E-02-3.23416761E-01
12 10 3.72240706E-02 1.65268868E-02-2.10962938E-01-8.85720571E-04-1.84994299E-02
12 11 8.18149659E-02-4.40552068E-02-8.14408937E-02-1.74073533E-02 3.65149977E-03
12 12 8.31805143E-04-2.20633424E-03-1.35192593E-02 4.72637738E-02-3.52440267E-02
12 13 5.12298877E-03-1.89350631E-02-6.08012223E-03 5.38385412E-05 2.26998815E-03
12 14 2.01140961E-02 1.67632570E-01 1.12682729E-01-2.10805855E-02 1.43236772E-02
12 15-2.79197242E-03 2.23243352E-02-4.39213081E-02-6.97260875E-02-2.34337974E-02
12 16-2.38652895E-02-4.55194344E-02-1.60865422E-03-4.42381939E-02-1.58685507E-02
12 17-2.60584493E-02-3.85037043E-02 1.32642457E-01 1.33706252E-01 4.57207348E-02
12 18-3.49791252E-03-8.03910823E-04-1.01376021E-01-1.57719737E-02 6.87180602E-02
12 19-3.23934542E-02-1.84824102E-02-1.53831406E-02 6.54116059E-03-1.88210331E-02
12 20-2.60759673E-03-1.22631672E-01-1.77695299E-01-4.58426945E-01-1.08029135E-02
12 21-4.09065405E-03 2.64735388E-02-3.95653161E-02 1.14614561E-01-5.93219402E-02
12 22-6.34468959E-03 1.58682369E-03-7.08384594E-03 2.40501354E-02 4.19101865E-02
12 23-3.26827553E-02
13  1-1.72434739E-03 3.97598558E-02 2.36699616E-02-1.13489629E-02 4.52823323E-02
13  2-3.45844720E-01 1.36282163E-01 4.82506003E-03-1.25624000E-03-2.72165838E-03
13  3-4.28156816E-02 1.67250940E-03-1.14492374E-02 4.17341581E-02 5.25947237E-02
13  4 5.56314790E-02-5.26202863E-03-1.24235001E-02 1.43262903E-02 4.52602418E-02
13  5-3.66378048E-01 2.45520718E-01-1.27819152E-04 9.50038155E-04-3.66295622E-03
13  6-3.01363342E-02-3.84225762E-03 1.99157736E-03 4.00345145E-02 5.81478581E-02
13  7 4.63662597E-02-7.49940074E-03-7.27216106E-03 1.08304811E-02-2.22839393E-02
13  8 3.86442808E-03-1.22156289E-01-1.55234725E-02-8.46308941E-02-2.11939252E-02
13  9 2.79525757E-02 3.62907591E-03-3.83860819E-03 4.13177083E-03 8.91215191E-02
13 10-8.27112686E-03-1.35328580E-02 6.91717589E-02 8.08097561E-03-5.28948387E-04
13 11-8.57237911E-03-1.27637417E-01-3.24926752E-01-1.40998331E-01 4.81107737E-03
13 12 1.96443157E-02-4.71129215E-03-1.55261464E-02 1.55454285E-01-1.46747870E-01
13 13 3.23765635E-02-5.61478722E-02-5.16920997E-03-1.78596311E-04 8.42503609E-03
13 14 6.94812905E-02 5.33265564E-01 2.83841081E-01-7.41361176E-02 6.27890707E-02
13 15 9.67399020E-03 9.37615897E-02-1.97201956E-01-2.50001725E-01-1.10522725E-01
13 16-8.18536210E-02-1.40010795E-01-2.91139860E-03-1.36067134E-01-4.33110931E-02
13 17-7.27330537E-02 6.15521522E-02-2.97084066E-01 5.23170328E-02-3.60163244E-02
13 18 9.88102223E-04 1.83707957E-03 8.96462384E-02 2.17830406E-02-2.22106974E-02
13 19 5.06873317E-02 3.94553505E-02 3.83412921E-02-6.75883802E-03 4.71585801E-03
13 20 2.91179352E-03 5.74189964E-02 3.74488990E-02 2.07945884E-01 6.44073494E-03
13 21-2.37134926E-03-1.26226743E-02 7.40623885E-03-2.35092546E-02 1.54380096E-02
13 22 1.08681871E-02 5.12331411E-03 1.47345321E-02-6.80011950E-03-1.62402071E-02
13 23 1.16255206E-02
14  1 8.56710698E-03-2.05541926E-01-7.19913060E-02 1.48205137E-02-2.12488797E-01
14  2 1.77253475E+00-7.71609555E-01-1.30977933E-02 6.36580601E-03 2.66213055E-03
14  3 1.86213605E-01-5.05761992E-02 1.09947027E-01-2.10849575E-01-2.48440613E-01
14  4-2.79475832E-01 1.70466926E-02 7.20766216E-02-7.20728048E-02-1.97698796E-01
14  5 1.79821700E+00-1.11354050E+00 4.64694595E-03 8.61390481E-03 1.57170903E-02
14  6 1.29630288E-01-2.40874409E-02 6.21307505E-02-1.92998065E-01-2.88815920E-01
14  7-2.01005639E-01 2.88604919E-02 3.92003771E-02-4.93070558E-02-1.50216194E-03
14  8-1.02637852E-04-1.30263957E-02 3.35661250E-02-8.47050446E-02-2.66919134E-03
14  9 2.27885399E-03 3.48862276E-03-2.96940735E-03 9.77773266E-03 2.45621790E-03
14 10-4.35560127E-03-6.73665979E-03 3.84800769E-03 1.46726188E-03-1.82587594E-03
14 11 1.65366277E-03-1.05072952E-02-1.98409369E-01 2.73088326E-02 9.76744517E-04
14 12 1.67691314E-03-7.19869619E-03 4.46239138E-03 5.04178618E-02-1.39964336E-02
14 13 1.78920782E-02-8.15006971E-04 1.29173731E-02-1.94943421E-03 3.12939821E-03
14 14 1.78246301E-02 1.34320970E-01-1.40579760E-01 2.68812122E-01 2.11059342E-02
14 15-6.33264953E-03 6.96614979E-03-3.07274766E-02-2.19941154E-02 6.20937609E-03
14 16 1.19336784E-02-8.13255841E-03 1.84742768E-02-2.18943087E-02-6.86777729E-03
14 17-1.78586548E-02-2.59127333E-01 1.13781752E+00-3.20191567E-01 1.29649717E-01
14 18-9.39276033E-04-5.81895071E-03-3.48256114E-01 1.15835852E-02 3.03786606E-02
14 19-1.76604027E-01-1.49927088E-01-1.57753748E-01-5.11461599E-03-2.68036389E-03
14 20-1.10830295E-02 1.10332336E-02-2.80037023E-02 1.07479863E-01-1.43199826E-03
14 21 1.09540668E-03-5.02889308E-03 1.00220762E-02-7.35319385E-03 1.55542131E-02
14 22 3.81099702E-03 3.11920856E-03 5.68096760E-03-1.04624082E-03-1.06304246E-03
14 23 1.32502330E-04
15  1-1.06579916E-04-1.16638762E-02 5.27349725E-02-5.32609246E-02 4.82288626E-02
15  2-6.89817574E-02 6.57378141E-02 1.92966734E-02 3.26049922E-03-1.77028952E-02
15  3-6.45099331E-02-9.69155770E-02 8.42449935E-02 7.88563664E-03 4.45875934E-02
15  4 1.65894349E-02-1.56279574E-02 1.74256691E-02 4.54593340E-04 4.18013670E-02
15  5 4.66173536E-02-7.60388787E-03 1.07470659E-02 2.68069534E-02 2.54862014E-03
15  6-5.93225217E-02-7.86114114E-02 9.90704310E-02 1.80990578E-03-9.55238788E-04
15  7 4.13325248E-02-1.61326009E-02 2.11791369E-04 8.75477423E-03-1.55853625E-03
15  8 3.09183167E-02 2.59387251E-01 2.55831054E-01-7.36924048E-01 2.64710396E-02
15  9-4.92306309E-02 8.29171321E-02-7.60079458E-02 1.40551647E-01-2.36000123E-01
15 10-3.48625760E-02-4.94731423E-02-1.00024857E-01 4.87582377E-03-3.21907375E-02
15 11 5.35806373E-02 1.72396831E-02-4.94734362E-02-1.08601074E-01-2.20349244E-03
15 12 1.10564512E-02 5.43098525E-03 6.81127587E-03-8.75178956E-02-9.07360932E-03
15 13 1.15918744E-02 1.26968899E-02 1.44035472E-02 2.80900082E-03-5.52849938E-04
15 14-5.33867402E-03-1.79428588E-02-4.98297627E-02 7.29223363E-02-6.09696010E-03
15 15-2.43372131E-03-4.67384127E-03 2.50569870E-03 1.05931819E-02 1.29102728E-02
15 16 5.80613331E-03 9.21417147E-03 6.43407433E-03 1.66092374E-03 2.20556117E-03
15 17 6.03511131E-03-7.78638799E-03-3.91906871E-01-9.99023647E-02-3.32653554E-02
15 18 2.30577969E-03-3.40842190E-03 3.32614956E-02 2.55616841E-01-3.13546022E-01
15 19 1.02808124E-01 4.86608184E-02 2.22624574E-02-7.84391743E-02 8.93117670E-02
15 20 3.85462813E-03 8.04659833E-02-8.51349500E-01 1.32557448E+00 2.26912519E-02
15 21 4.09530196E-03-3.62089389E-02-1.92394471E-01 6.38362249E-02 2.64900648E-01
15 22 6.42003223E-02 6.84073390E-02 5.50564534E-02 2.15290192E-02 2.82279767E-02
15 23-3.12323735E-02
16  1 7.67811261E-04-4.02827889E-03-4.79000654E-03-3.49582827E-03-3.59878225E-02
16  2 2.53735676E-01-2.38073895E-01-1.41700163E-03-1.00618959E-03-1.21186548E-03
16  3 4.80214685E-02 1.10421453E-02 1.24736159E-02-1.50048408E-02-3.68228295E-02
16  4-3.47363589E-02-2.72563608E-03 1.74042760E-04-4.84019502E-03-5.07186273E-02
16  5 8.10391220E-02-3.11525864E-02-8.17514924E-03-1.41161621E-02-1.12719497E-02
16  6 4.59111016E-02 3.24034651E-03-8.27175589E-04-1.75460343E-02-3.53211649E-02
16  7-3.04832379E-02 6.32059518E-03 5.66364395E-03-8.50703248E-03-1.93705927E-02
16  8 3.90883149E-02 2.83250443E-01-1.84272927E-01-3.00582803E-01-6.66444814E-02
16  9 6.12483103E-02 1.81651210E-01-2.86553505E-01 4.03502778E-01-2.11467885E-01
16 10-3.06703825E-02-1.03771053E-01 9.77826940E-02 9.70076064E-02-9.93263373E-02
16 11 1.18488103E-01-3.45445159E-02 1.31896829E-01-3.47767226E-01 3.20086416E-03
16 12 1.55117174E-02-4.99394866E-03 3.28687822E-03-9.22756223E-02 6.04738343E-02
16 13-1.91122456E-02-1.08900407E-02-1.27445143E-02-1.33848669E-03 1.44107621E-03
16 14-1.07460266E-02-1.12349986E-01-1.49541441E-02 2.52922774E-01-2.75981300E-02
16 15-5.52254012E-02-2.25141331E-03 1.15623648E-01 4.03947361E-02 1.27068200E-01
16 16 2.69036488E-02-1.90530685E-02 3.49676234E-02 9.92644230E-04 3.58116126E-02
16 17 1.81952182E-02 2.06958576E-01-1.60089567E-01 1.93597327E-01-6.14936569E-02
16 18 6.10562048E-03 2.53664828E-03 2.29024689E-01-2.74976976E-01 2.44976217E-01
16 19-3.06811336E-02 3.46649896E-02 5.64766655E-02 7.66549310E-02-6.38663166E-02
16 20 6.94338666E-05 8.84289590E-02 1.23570073E-01 2.29665153E-01 2.36879425E-02
16 21-1.34677058E-02-3.24910833E-02-8.19564569E-02 7.14222767E-02-1.71431201E-02
16 22 1.80741231E-02 8.59544788E-03 4.74420414E-02 9.92848552E-03-1.52373561E-02
16 23 4.33279439E-03
17  1-4.49620518E-04-3.41288225E-02 5.35895382E-02 1.44671905E-02 2.09175191E-02
17  2-2.94247990E-01 5.22550532E-01-2.00116720E-02-4.29346907E-03 2.92116118E-02
17  3-1.41793132E-02 1.38417416E-01-1.55980477E-01-3.44472930E-03-6.04320877E-03
17  4 3.35329531E-02 4.36818204E-02-6.96638672E-03-4.95475818E-03 6.13099381E-02
17  5 1.95202647E-01-2.99498717E-01 1.10220741E-02 7.92804081E-03 4.30632344E-02
17  6-1.30213559E-02 1.29679559E-01-1.73899216E-01 6.36751482E-03 4.44607503E-02
17  7-2.71155277E-02 1.07869502E-02-7.55499375E-03 3.06535023E-05-1.32229556E-02
17  8-4.01167338E-04 4.88534644E-02-1.58530420E-01 1.25040319E-01-4.15418671E-02
17  9 6.37585053E-02 5.99978771E-02-9.85105458E-02 1.68627238E-01-1.15776280E-02
17 10 9.65242387E-04-4.46471913E-02 8.55382668E-02 4.89537991E-02-3.16274033E-02
17 11 5.20873011E-02-2.67830396E-02 6.18220668E-02-1.36164466E-01 2.79685935E-03
17 12 4.89602940E-03-7.73970607E-03 1.59200753E-02-1.24108798E-02 4.61579646E-02
17 13-1.63634145E-02-9.09396614E-03-1.14443853E-02-5.28891526E-03 2.99650377E-03
17 14-3.95740508E-03-8.23769041E-02-2.56256588E-02 2.19936212E-01-5.55617652E-03
17 15-5.29202698E-02-7.82399716E-03 1.29801466E-01 2.24271312E-02 9.09575404E-02
17 16 4.25603712E-02-2.54764749E-02 2.13945011E-02 6.69328705E-03 3.19708338E-02
17 17 1.65296430E-03-4.58041852E-01 5.46753686E-02-1.74408478E-01 9.21188065E-02
17 18-9.97404376E-03 3.94275268E-03-4.80319100E-01 1.13613929E-01-1.17179620E-01
17 19 1.35001543E-01-9.25504073E-02-1.03740428E-01-3.84088164E-02 1.37825758E-02
17 20 9.45247604E-03 1.23756343E-02 3.31292209E-01-4.52286844E-01-4.16207896E-03
17 21-4.52065892E-03 2.95842823E-03 8.75328338E-02-5.95300507E-03-1.71123037E-01
17 22-4.46053861E-03-1.14595890E-02 1.54682461E-02-4.92433113E-03-1.87355482E-02
17 23 1.43236308E-02
18  1-1.59724695E-04-7.25403406E-03-1.43854706E-03-2.19088738E-03 3.70003109E-02
18  2 1.50367016E-01-2.41105345E-01 2.65042341E-02-1.24488532E-02-1.07974034E-02
18  3-4.49200895E-02-1.73383833E-02-5.78794417E-03 2.09788888E-03 1.21237640E-02
18  4 9.11937867E-03-8.08402452E-03-4.59082222E-03 7.55198009E-03 3.01508257E-02
18  5-1.61910423E-01 2.21715703E-01 3.61179545E-03 3.57530709E-03-1.45411040E-03
18  6-5.01049278E-02-4.00638164E-02-3.37054802E-03 1.86928235E-02 1.15150493E-02
18  7 2.05323855E-02-1.16469000E-02-8.62122431E-03-7.51619291E-03-3.58752499E-02
18  8-1.36143701E-02-9.69229403E-02 7.54250267E-02 1.04673312E-01 6.15487134E-02
18  9 1.11148928E-02-5.67162564E-02 1.99628940E-01-6.22565102E-02 9.48823854E-02
18 10 3.09109710E-02-7.53447315E-04-2.12439133E-02-4.70799756E-02 8.10454970E-02
18 11-5.80506147E-03-1.03490232E-01-1.74765335E-01-5.51731641E-02 5.97637117E-03
18 12 4.45690289E-02-1.88791143E-02 1.07695395E-01 4.76375954E-02 7.01973361E-02
18 13-2.80997700E-02-5.87740697E-02-1.38420001E-02-2.07499997E-02 1.52340864E-02
18 14 2.43188801E-03-2.83352921E-01 1.81261618E-01 3.59343679E-01-3.17729225E-02
18 15-2.21918401E-01 7.35639549E-02 4.14311265E-01-1.71651052E-02 4.68383245E-01
18 16 8.29412575E-02-1.80152244E-01 1.28852662E-01-3.15243879E-02 1.68337701E-01
18 17 4.06427748E-02 8.28199850E-02-1.55826356E-01 1.26111218E-01-1.78570411E-02
18 18 8.11161993E-04-3.28965874E-03 7.68971569E-02 2.00812991E-02-8.55415862E-02
18 19 4.60216916E-03 3.06574054E-02 2.85747686E-02-4.25511286E-03 2.66699923E-02
18 20-1.80197598E-03-2.47486572E-02-4.29524752E-02-3.57796849E-02-8.45153986E-03
18 21 2.26395777E-03 7.98171746E-03 4.94114547E-02 3.32220814E-03 3.19159390E-02
18 22-8.97067682E-04-8.47011145E-03-1.81835964E-02-3.38236965E-03 1.42817463E-03
18 23-5.98597226E-03
19  1 9.97496031E-05 4.62644942E-02-2.18885399E-02 2.39235817E-03-6.77937258E-02
19  2-1.55659429E-01 1.31019508E-01-2.91328380E-02 2.75026495E-02-4.50699649E-03
19  3 6.80290833E-02-1.07857271E-01 1.32059016E-01 6.21500357E-03 4.86357338E-03
19  4-2.54207837E-02-2.32585524E-02 1.27560353E-02-4.12359008E-03-6.18225052E-02
19  5 6.19242715E-02-1.64680974E-01-6.69766120E-03 1.19650220E-03-2.28449016E-02
19  6 5.17227134E-02-6.65555230E-02 1.35546813E-01-2.36825586E-02-3.05511500E-02
19  7 9.61844013E-03 5.55639451E-03 1.61466484E-02 1.67380125E-02-4.94254476E-03
19  8-1.83536806E-03-1.67085872E-02-1.37826531E-01 1.96319326E-01 1.49698812E-01
19  9 1.56728766E-01 2.86512199E-02 4.00770031E-01 3.50471547E-01 1.07384792E-01
19 10 9.90268628E-02-1.40006053E-01 9.34201510E-02-4.57727863E-02 1.95337739E-01
19 11 1.45549586E-01 1.59369230E-02 1.04869752E-01-2.23292135E-01-7.53349335E-03
19 12 3.16677049E-04-3.34188569E-03 2.93830583E-02-1.06061730E-01 2.95206606E-02
19 13 2.61152920E-03 2.42311520E-02 6.26314557E-04 2.01205016E-03-8.61740202E-04
19 14-4.66207033E-03 1.72677342E-02 7.73286491E-03-1.55975650E-03 2.44713855E-02
19 15 1.69589407E-02-4.79600767E-02 2.47835674E-02-2.71899510E-03-1.27235948E-01
19 16 3.04274091E-02 1.29023156E-02-5.25088715E-02 2.07620497E-02-3.09926212E-02
19 17-3.39840069E-02-3.38307280E-03 1.64420220E-01-2.85499310E-02 2.07551720E-02
19 18 6.60952067E-03 1.78263818E-03-1.72162951E-02 1.75375388E-01-6.62355892E-02
19 19-4.14606701E-02 7.90127369E-04-1.17336949E-02-5.13219428E-02 1.71187738E-02
19 20-1.38630938E-03 7.81021897E-03-1.13849781E-02-8.00741483E-02-1.69128896E-02
19 21-4.13276823E-03 4.76173560E-03 1.90649818E-01 9.09694665E-02-4.96548559E-02
19 22 2.88780155E-02-1.17171484E-02 5.40481710E-03-4.27862863E-03-1.91373396E-02
19 23-1.15676330E-02
20  1-6.36511260E-04 7.90882786E-02-7.99612139E-02 3.08172820E-02-6.40115148E-02
20  2 9.66081750E-03-3.29919084E-01-1.04500656E-02 1.85572004E-02-1.97130328E-02
20  3 8.18468129E-02-1.55325439E-01 1.64223993E-01 1.93068065E-02 1.43109683E-02
20  4-2.88326413E-02-5.11860841E-02-1.95962231E-03 8.38557498E-03-6.55813269E-02
20  5-5.04727532E-01 6.09242675E-01-1.80949887E-02-1.62959573E-02-5.90088563E-02
20  6 5.06196291E-02-1.39278088E-01 2.13717211E-01 1.00388177E-02-1.76639267E-02
20  7 5.44923704E-02-4.90132739E-03 1.07467465E-02 5.87538177E-03-6.35176000E-03
20  8-7.18502112E-03 4.28179927E-02-8.64447702E-02 8.22477031E-02-1.10226042E-01
20  9-4.57048149E-03 3.65597680E-02-2.76386479E-01 8.70324187E-03-4.31510567E-02
20 10-3.99430249E-02 2.24367501E-02 4.37692687E-02 6.91775984E-02-1.18299697E-01
20 11-1.51082980E-02-2.17657986E-02 1.84130096E-02 2.40454880E-01 6.07321067E-03
20 12-1.40410511E-03-9.41950857E-03-2.49464808E-02 2.97872248E-02 5.01108275E-02
20 13-1.42268373E-02-1.31338758E-02-9.62580808E-03-3.37275204E-04 4.28010088E-04
20 14-5.43177035E-04-3.71357647E-02 8.02542660E-02-1.77152143E-01-1.35791768E-02
20 15-1.70199717E-02 1.67041328E-02 2.75378738E-02-2.42123708E-02 5.98548427E-02
20 16-7.19096500E-03-2.23138759E-02 1.71453268E-02-8.27484693E-03 1.77130228E-02
20 17 9.96053023E-03-1.37159984E-01 8.78157885E-01-4.74104763E-01 1.01419704E-01
20 18-2.40828916E-03-4.71787429E-03-1.84891323E-01 4.21281473E-01-3.17891864E-01
20 19-1.50356963E-01-6.03282149E-02-8.88833102E-02-1.09507191E-01 9.00473151E-02
20 20-1.04372763E-02-2.19820066E-02 4.31044731E-01-6.34656118E-01-7.05257656E-03
20 21 2.34967338E-03 1.60071195E-03 6.46630191E-02-7.68515683E-02-1.74360928E-01
20 22-3.09925090E-02-1.84677166E-02 4.35071221E-04-5.94352290E-03-9.07322804E-03
20 23 2.02009411E-02
21  1-1.63314207E-03-6.19273150E-02-4.21551624E-02 1.35521341E-02 2.39536708E-01
21  2 1.07111564E-01-3.70036402E-01 1.03750756E-01-6.48237031E-02-1.86821775E-02
21  3-3.01325918E-01 7.81092524E-02-2.05526726E-01 2.25188416E-02 9.07889548E-02
21  4 1.15742483E-01 1.47772612E-02-2.98140746E-02 3.35691841E-02 2.18136706E-01
21  5-6.17289572E-01 8.52292747E-01 2.64758026E-02 2.50610496E-02 3.66841370E-02
21  6-2.65079818E-01-8.46923329E-03-1.38302632E-01 9.91823741E-02 1.19008240E-01
21  7 8.80035549E-02-4.64265946E-02-5.12269053E-02-2.08441463E-02 3.18291867E-03
21  8-2.53655664E-03 1.66556393E-02-9.36197885E-02 9.17896792E-02 2.20818996E-02
21  9 6.10840869E-02 2.73977522E-02 6.33375105E-02 1.53185563E-01 1.72817271E-02
21 10 2.68908871E-02-4.87513785E-02 5.22578815E-02 6.89837987E-03 3.70243746E-02
21 11 5.49870481E-02 1.01377073E-02 5.92938121E-02 5.77404100E-02 2.24346367E-03
21 12-5.87148156E-03-4.74757229E-03-9.09390167E-02-5.78230744E-03 7.08963977E-02
21 13 4.08347342E-03-1.35005201E-03 1.01458544E-02 1.86963801E-02-1.26288226E-02
21 14-7.27038491E-03 3.30485176E-02 3.04571486E-02-2.11137057E-01-7.98942732E-02
21 15 7.87479595E-02 4.52023579E-02-2.81184839E-01 8.82782842E-02 5.11387295E-02
21 16-1.42257890E-01 8.20690068E-02 3.73299249E-02-2.99588498E-02-3.43104998E-02
21 17 6.64007271E-02 7.43620676E-02 2.74552714E-01-1.63053657E-01 1.27254615E-02
21 18-2.83394202E-03-2.09367182E-03 6.50817078E-02 1.13295045E-01-1.49113700E-01
21 19-8.17129613E-02 3.26766040E-03-2.52221529E-03-2.34916459E-02 4.56703563E-02
21 20-5.49047125E-03-2.15030956E-03 1.21161126E-01-2.44708483E-01-9.03807178E-03
21 21-1.18609297E-03 4.69239711E-03 9.84929156E-02 9.61827262E-03-9.46748647E-02
21 22 4.68973643E-03-6.69503536E-03 6.40497434E-03-3.22170404E-03-1.07176542E-02
21 23 2.30979995E-03
22  1-1.38060989E-03-6.93466651E-03-4.02158375E-02 1.96530410E-03 1.57261597E-01
22  2-8.76575210E-01 1.09393871E+00 1.79004200E-02 6.54446399E-03-5.72250650E-03
22  3-2.53845236E-01-9.48383534E-02-7.71933533E-03 3.84827154E-02 1.42824295E-01
22  4 1.28097837E-01 1.40908500E-02 1.54803029E-02 1.72575947E-02 1.79508455E-01
22  5 2.14823207E-01-6.75572723E-01 4.04745861E-02 6.92026348E-02 7.06342273E-02
22  6-2.36497910E-01-2.64050953E-03-6.46853081E-02 3.29366443E-02 1.04274446E-01
22  7 7.41198595E-02-2.70326776E-02-2.80097557E-02 4.03812546E-02 3.39109969E-03
22  8-2.77714906E-03 6.28342668E-03-3.26939196E-02 2.87072044E-02-4.59531704E-02
22  9-6.42779177E-03 9.82578390E-03-1.09395283E-01-2.21755476E-02-1.52736620E-02
22 10-1.77541346E-02 1.52891749E-02 1.33189447E-02 2.53848473E-02-4.81119074E-02
22 11-1.38523612E-02 1.01333658E-02-6.73424039E-02 4.10332544E-02-3.49933732E-03
22 12-3.06856944E-03 2.17768783E-03 7.99815518E-02-1.22716877E-02-5.75788148E-02
22 13 3.25775945E-03 2.00936806E-02-4.90336040E-03-1.68881260E-02 1.14890349E-02
22 14 7.18291000E-03 1.23680150E-02-1.18077849E-01 1.63616311E-01 9.72320241E-02
22 15-4.58230505E-02-6.75983299E-02 2.46640051E-01-1.01276594E-01-1.59948296E-01
22 16 1.56548251E-01-5.12512192E-02-6.25372859E-02 4.38030169E-02 6.64480061E-03
22 17-8.42035347E-02 2.33373195E-01 1.16191694E-01-3.18274904E-02-3.54433627E-02
22 18 1.66252614E-02 8.57233392E-03 2.60982126E-01 1.65903126E-01-1.04098783E-02
22 19-1.01390904E-01 5.22745315E-02 4.24525836E-02-4.84533076E-02 3.85455945E-03
22 20-3.08474626E-04 1.92157532E-04 1.15635076E-01-1.95062027E-01-2.54634478E-03
22 21-3.42163598E-04 3.45499438E-03 2.08524124E-02-2.21960441E-02-7.71845647E-02
22 22-5.76920155E-03-1.13441881E-03 6.19103882E-03-2.56475951E-03-3.32600814E-03
22 23 9.11383489E-03
23  1-8.35065490E-04-2.13295617E-02-1.22395372E-02 6.52237807E-03 1.00482981E-01
23  2 4.74851894E-01-9.40600391E-01 6.48129275E-02-5.47004649E-02-6.45672961E-03
23  3-5.78868059E-02 1.56502936E-01-1.79817729E-01 2.16701621E-02-8.02752283E-03
23  4 2.75101004E-02 1.62949268E-03-4.32899976E-02 1.55206602E-02-1.41929433E-02
23  5-6.71992369E-01 1.20552186E+00-1.93396618E-02-4.19338599E-02-4.82115360E-02
23  6 1.08637278E-02-9.20146018E-03 1.87906868E-02 3.95735739E-02-6.77960714E-04
23  7 3.52153264E-03-1.53864153E-02-1.39498961E-02-4.26870800E-02 1.67591717E-02
23  8 6.20609018E-03 2.24739117E-02-5.02586427E-03-7.82936206E-02 7.93936280E-03
23  9-1.15723079E-03 1.25485351E-02 3.22846215E-03 4.22912914E-02-2.37551608E-02
23 10 1.65089569E-03-8.91503836E-03 7.77215053E-04-1.47239755E-03 3.85152351E-03
23 11 1.02134924E-02 2.55650188E-02-4.66592112E-02 2.28509998E-01-5.37762888E-03
23 12-2.06638867E-03 4.45934679E-03 9.14709594E-02-8.42548576E-02-9.20231486E-02
23 13 9.32325115E-03 3.77108993E-02-6.11620848E-03-1.78875272E-02 1.28430531E-02
23 14 1.25932669E-02 5.54015294E-02 4.54582390E-02-3.48002840E-01 1.58022677E-01
23 15-1.06663129E-02-1.04326563E-01 2.58432136E-01-2.23640553E-01-3.86066931E-01
23 16 1.83270418E-01-8.02096283E-02-1.51507612E-01 6.53729872E-02-2.81342671E-02
23 17-1.37154616E-01-1.13102347E-01 2.80646493E-01-2.74592309E-01 3.62666354E-02
23 18-1.99774206E-02-9.89033370E-03-1.27869729E-01-8.21155146E-02-5.62975473E-02
23 19-1.35983468E-02-4.75035545E-02-4.15369455E-02 3.47551491E-02 2.18328902E-02
23 20-6.38242987E-03 3.26270012E-03-1.62578504E-02 1.12015140E-01 3.27795510E-03
23 21 1.69966106E-04-7.20011849E-03-2.45374807E-02 1.59748655E-02 4.72666167E-02
23 22-2.04299035E-03-4.71926340E-03-2.84209557E-03 2.03377056E-03 1.14157562E-03
23 23-3.80457267E-03
24  1-4.56022687E-04 3.19867317E-02-1.07681835E-01 3.02925635E-02-6.24372130E-02
24  2-4.60057459E-01 7.85218165E-01-5.64748667E-02 2.80786492E-02 1.24888579E-02
24  3 1.09048027E-01 8.58357043E-03 3.97920217E-02-1.99912489E-03-1.63593320E-02
24  4-6.21806555E-04 1.03134094E-02 3.66406000E-03-9.14290204E-03-1.83110889E-02
24  5-1.19840459E-01 8.20933538E-02-1.68594856E-02-3.05710161E-02 1.61813332E-02
24  6 1.11980554E-01 2.12374334E-01-1.81396282E-01 1.11589218E-03 4.10289500E-02
24  7-3.47302073E-02 2.91485268E-02-5.79102017E-03 8.01235765E-03 1.05965071E-02
24  8 1.40114058E-02 3.36547569E-02 4.81324452E-02-4.05154992E-01 3.65585217E-02
24  9-8.26482362E-03 2.21670152E-02 5.95781229E-02 8.92319197E-02-7.06261175E-02
24 10 7.49933095E-03-2.32567526E-02-1.56121870E-02-1.59906152E-02 2.82036085E-02
24 11 2.09605891E-02 3.78277536E-02-3.89508525E-01 6.13902856E-01 2.87468311E-03
24 12 9.58215091E-03-1.84016664E-02-2.24119552E-02-3.36256019E-02 7.48143483E-02
24 13 3.27723516E-02 2.50269765E-02 3.79616502E-02 4.41964372E-03-1.12052040E-03
24 14 3.60175793E-03 1.78519683E-02-2.34926110E-01 3.60591883E-02-4.94964231E-03
24 15 5.16365485E-03 2.16555228E-02-5.38634383E-02-2.90596927E-02 3.93554899E-02
24 16 4.99504851E-03 1.86158132E-02 4.07852416E-02-7.48200655E-03 1.11003861E-02
24 17 1.59430989E-02-2.22557849E-01 2.06931918E+00-1.81510740E+00 1.00433639E-01
24 18-3.21490909E-02-3.37917629E-03-1.84189356E-01-2.77676948E-01-1.25758519E-01
24 19-2.95731540E-01-2.03378848E-01-1.88553340E-01 1.01009314E-01 3.63346807E-02
24 20-1.93911761E-02 3.28924036E-02-2.64689805E-01 6.82371923E-01 5.60465690E-03
24 21 5.77266319E-04-1.35448753E-02-5.96393490E-02 3.94091355E-02 1.17277833E-01
24 22 1.80519193E-02 1.18485879E-02 1.21685070E-02 5.38444807E-03 5.06471065E-03
24 23-1.24036982E-02
25  1-1.51137614E-05 2.14105145E-02-3.79214448E-02 9.64703709E-03 5.64631370E-02
25  2-1.09442549E-01-8.53887506E-02 2.21328954E-02-1.10764509E-02-3.94507509E-03
25  3-1.06693148E-01-9.67683965E-02-5.64316914E-02 1.20456405E-02 6.10655362E-02
25  4 3.59351249E-02-1.85022900E-02-1.62446734E-02 2.18081947E-02 2.27275845E-02
25  5-2.96682832E-01 4.26149774E-01 3.14387571E-03 1.08947167E-02-1.63877226E-02
25  6-1.24911547E-01-1.33227787E-01 1.28129484E-01 1.52523115E-02 9.39335891E-03
25  7 5.54371692E-02-2.55086293E-02-1.74588701E-02 1.07604271E-03-1.70958083E-02
25  8 1.84443144E-02-2.87275878E-02-2.39703923E-01 3.33947287E-01 9.25685854E-03
25  9-3.64128946E-02-1.44349827E-02 4.35832926E-03-9.94628945E-02 7.89990472E-03
25 10 1.30519678E-02 4.82262615E-02 6.88972512E-03-1.89920162E-02 4.60277661E-03
25 11-4.05290898E-02-3.52958582E-02 3.28463578E-01-6.18857352E-01-4.07781215E-04
25 12 3.16487189E-03 2.42933171E-03-1.85831789E-03-4.91067728E-02 1.13448715E-02
25 13-3.33833021E-02-2.41146075E-02-2.91769372E-02 1.19665191E-03-2.00324657E-03
25 14-1.16194063E-02-8.95193149E-02 8.10535262E-02 2.16249198E-01-3.07675852E-02
25 15-2.99132250E-02-1.81871737E-03 6.78913729E-02 6.02852000E-02 9.75287987E-02
25 16-2.46318659E-03-5.16922514E-03 1.61341338E-02-4.16700178E-04 1.67374182E-02
25 17 1.64394073E-02-3.07947427E-01 1.04306297E+00-8.15203780E-01 8.95186589E-02
25 18 8.38217581E-03 5.39511664E-02-2.67383372E-01 2.33867875E-01 5.99384072E-01
25 19-1.23925133E-01-1.25547086E-01-1.18579066E-01-6.95798043E-02-1.84773653E-01
25 20 1.54508200E-02 3.23382421E-02-2.39748272E-01 4.49193906E-01 9.98770011E-03
25 21-1.75707753E-03-5.80897635E-03-1.05171714E-01 3.37642087E-02 1.05612707E-01
25 22 1.26686020E-02 1.64319653E-02 5.44970002E-03 3.59439261E-03 6.87414358E-03
25 23-4.14715600E-03
26  1-2.02964001E-05 9.07693553E-04 1.00145948E-02 4.26953293E-03-2.36761428E-02
26  2 5.15704142E-02-2.20250887E-02-7.00422733E-03 3.80956247E-03 2.37452323E-05
26  3 4.79875276E-02 7.94973189E-03 1.91065314E-02-1.43922771E-03-1.60354590E-02
26  4-1.27697019E-02-4.19156285E-04 2.54478132E-03-2.89035266E-03 6.85779385E-03
26  5 2.75079619E-02-9.67629910E-02 2.77786851E-03 1.82384631E-03 2.05142123E-03
26  6 9.74227058E-03-5.55860673E-03-2.86831238E-02 3.31783183E-03 3.43633983E-03
26  7-3.88677320E-03 3.27048685E-03 3.59949203E-03-1.59267222E-03 3.78647203E-02
26  8 7.60459715E-02 7.76673728E-02-1.38935221E+00 1.90775564E+00-2.45834301E-02
26  9-1.01127903E-02 8.61690905E-02-1.90032440E-01 1.68778431E-01-5.10985319E-02
26 10 7.74788975E-02 8.46173279E-02 2.06246133E-01 2.58540151E-02-2.63733833E-02
26 11-1.92324906E-02 1.98228630E-02-1.29964782E-01-3.55195335E-01-6.29100557E-04
26 12 8.51644554E-03-4.89555598E-03-8.27752714E-03-4.18786426E-02-2.11186005E-03
26 13 2.28669435E-02 7.38238707E-03 1.69181873E-02 8.48122121E-04-4.75818149E-04
26 14 1.02249169E-02 5.02701426E-02-6.00770840E-01 8.30868256E-01 1.89017664E-02
26 15 3.36020986E-02 1.37295501E-02-8.65266668E-02-3.41813523E-03-1.03822497E-01
26 16 4.14819282E-02 6.96188846E-02 3.63073982E-02 1.80130289E-02-2.52976285E-03
26 17 9.62725325E-03 6.72445494E-02-3.03130352E-01 2.94046306E-01-1.78373988E-02
26 18 4.43051591E-03-1.11403622E-02 5.55845532E-02 3.45391288E-02-1.44856653E-01
26 19 3.53721254E-02 3.76289204E-02 3.06608980E-02-1.09468622E-02 4.21279022E-02
26 20-1.10045554E-03 3.03112689E-02-1.75818464E-01-4.98389666E-01 6.25987224E-03
26 21-4.71125117E-03-1.07356463E-02-4.95164636E-02 4.85748506E-02-9.17595373E-04
26 22 2.18999025E-02 2.25879997E-02 2.34254979E-02 4.37377521E-03 3.68056759E-03
26 23-2.10693694E-04
27  1 2.45208275E-04 1.89851026E-02 1.10327207E-02-7.11368396E-03-4.65809407E-02
27  2 8.49763751E-02-1.06203543E-01-8.40865420E-03 1.55652303E-02-1.04100758E-02
27  3 4.67526307E-02-1.75213074E-01 1.04737829E-01-1.20506447E-02 7.70535423E-03
27  4-2.41568911E-02-2.73931945E-02 1.08780924E-02 7.03807306E-03 6.01586780E-02
27  5-1.55056632E-01-2.28168613E-03 1.45782101E-02 1.46307569E-02 1.03873081E-02
27  6-1.18597456E-01-7.50315755E-02-4.73647743E-02 2.68703743E-02 3.42339429E-02
27  7 4.00453680E-02-8.56581996E-03-1.39676853E-02 2.84314592E-03 7.75799192E-02
27  8-3.65451345E-02-3.77992202E-02 5.77998474E-01-7.41386746E-01 1.14452586E-02
27  9 2.47379296E-02-3.83192750E-02 9.51139854E-02-8.16001608E-02 5.21005748E-02
27 10-2.84825816E-02-4.05020422E-02-7.56646039E-02-7.44059239E-03 1.69887849E-02
27 11 1.62195279E-02 2.60304163E-02-1.02048086E-01-5.64518389E-01-5.74052345E-03
27 12-2.65622692E-02 1.30817020E-02-8.67660025E-03 1.27419700E-01-1.00547373E-01
27 13 1.76458230E-02 1.05601893E-02 1.28610115E-02-2.11224968E-03-2.32546407E-03
27 14 4.61190095E-03 6.20156495E-02-1.26337315E+00 1.84003992E+00 3.70398326E-02
27 15 8.65632746E-02-9.90986646E-04-1.23958318E-01 7.10188339E-02-2.50324214E-01
27 16 1.00351412E-01 1.82465744E-01 5.17904202E-02 6.74728885E-02-1.68325379E-02
27 17 1.70644360E-02-4.36486073E-02-1.17672400E-01 1.31374870E-01 1.34290459E-03
27 18-9.32322335E-04 7.54671612E-03-3.52292322E-02 1.28282655E-02 1.21404948E-01
27 19 2.74854511E-02-1.45673902E-03 1.77878019E-03-6.96339998E-03-3.34201589E-02
27 20 5.65891481E-03-1.69124900E-02 6.68144497E-02 1.82458592E-01-4.76505938E-03
27 21 6.90766058E-03 9.56764551E-03 4.85142242E-02-5.39055160E-02-4.73427778E-02
27 22-6.26780737E-03-5.38708599E-03-7.06388799E-03-2.60928720E-03-4.41480276E-03
27 23 1.99528897E-03
28  1 2.87434547E-05 2.53379186E-02 5.91178101E-03-8.86728604E-03 3.20343082E-02
28  2-6.20932694E-02-1.44450434E-01 3.17399665E-02 2.97673338E-02-4.34667594E-02
28  3-2.61338546E-01-5.60976902E-01 3.19763748E-01-3.12004983E-02 1.21681968E-01
28  4 9.05610883E-03-6.59930974E-02 4.42430354E-02 2.16187813E-02 1.15017124E-01
28  5-3.07921796E-01-2.99339829E-02 2.95551894E-02 2.74466724E-02 3.36720332E-02
28  6-3.61181802E-01-2.98183200E-02 1.34080713E-02 4.63145634E-02 7.88702480E-02
28  7 1.15425992E-01-3.02769420E-02-5.27031409E-02 3.50654819E-02-3.30138312E-04
28  8 1.42026241E-02 5.41991002E-02-1.79002041E-01 1.90081217E-01 5.79326566E-04
28  9 1.16641892E-02 3.70372467E-02-3.34571344E-02 1.34649881E-01-4.37174105E-02
28 10 1.13579557E-02-1.46683588E-02 3.75990330E-02 1.15483605E-02-1.84410441E-03
28 11 2.44817438E-02 3.06175067E-02-3.13752992E-01 7.29344391E-01 2.89272527E-03
28 12 1.10381121E-02-4.85657574E-03 1.21617896E-03-8.48023731E-03 9.73458862E-03
28 13 3.09400970E-02 1.82440977E-02 2.70817113E-02-2.23039340E-04 1.73213150E-03
28 14 9.82969646E-03 5.34981206E-02 1.64408997E-01-5.85828742E-01 1.26010352E-02
28 15-6.42238440E-04 1.74559798E-02-3.48367835E-02-8.12236691E-02-3.91212594E-03
28 16-1.92378452E-02-3.91756817E-02-6.76154484E-03-1.99644575E-02 8.87332631E-04
28 17-8.70970770E-03-2.29570982E-01-2.21497190E-01 4.75496309E-01 6.02562901E-02
28 18-4.99449734E-02-2.57541651E-03-3.20624906E-01-3.75757732E-01 4.12198579E-02
28 19 9.54882157E-02-4.76836763E-02-1.66954703E-02 1.07387530E-01-5.61384814E-03
28 20-5.47061857E-03-6.71345846E-03 1.21513208E-01-3.71916303E-01 3.21211777E-03
28 21-3.04301413E-03-4.16435210E-03-5.35979434E-03 1.58080951E-02-3.15913107E-03
28 22-4.47097517E-03-8.16584898E-03-2.05725673E-03 2.09153482E-03-1.56622893E-03
28 23-2.13375278E-03
29  1 1.78443437E-04 1.11224398E-02 8.64223951E-03 2.47303206E-02 1.43769382E-01
29  2-3.45961464E-01 3.18289874E-01 3.68386001E-02-3.31525056E-02 9.65184176E-03
29  3-1.58814204E-01 2.08222861E-01-1.98030729E-01 6.12555764E-02 5.58313465E-02
29  4 8.16168638E-02 1.95056416E-02-3.48324991E-02 8.03414232E-03-1.68419144E-01
29  5 3.82600470E-01-2.90528828E-01-2.17807435E-02-7.86840844E-03-4.83655237E-02
29  6 1.51844880E-01-1.16717727E-01 2.83397966E-01-7.36725544E-02-1.10831361E-01
29  7-4.94125906E-02-8.60602223E-03 2.45036691E-02-3.26913838E-04 3.51602929E-02
29  8 3.42758509E-02 1.83728666E-01-1.38685620E-02-1.35524263E-01 6.34485921E-02
29  9 4.87009668E-03 7.70401531E-02 3.51854354E-02 3.15251761E-01-1.83543258E-01
29 10 1.45708763E-02-6.34856957E-02-5.39254643E-03-6.82567557E-03 3.05552266E-02
29 11 7.67125987E-02 1.19287341E-01-1.00099573E+00 2.02759949E+00 3.67961123E-03
29 12 1.72233642E-02-2.74637090E-03 1.02802887E-02 6.40236464E-02-5.37679945E-02
29 13 9.91763945E-02 5.73486089E-02 8.49793072E-02-2.03759779E-03 2.56468859E-03
29 14 2.63299058E-02 9.45613431E-02-1.82217453E-01-6.33837531E-01 2.05715696E-02
29 15 2.67345615E-02 7.18328864E-02-1.65561078E-01-1.40441922E-01-3.72506251E-03
29 16-2.84316823E-02-1.58576642E-02 4.18204619E-02-2.66856049E-02 1.87509809E-02
29 17 1.74456508E-02-4.97756393E-02 8.18650517E-02-1.60987127E-01-2.36180952E-03
29 18 1.46063710E-02 1.96284268E-02 6.13110619E-04 2.12946310E-01 2.19216958E-01
29 19-7.07703213E-03-7.94440174E-03-1.06477773E-02-5.93382444E-02-6.64271575E-02
29 20 1.05367979E-02-4.42143372E-02 8.74160178E-01-9.35367439E-01 1.94161329E-02
29 21-8.94248932E-03-3.44825711E-02-1.47757116E-01 7.22954839E-02 2.88146989E-01
29 22-7.35480335E-02-8.54090441E-02-7.07922600E-02 1.25478052E-02 9.96070186E-04
29 23-2.27619064E-02
30  1 7.92161100E-04 2.76840199E-02-9.42180251E-03-2.04493015E-02 3.69360765E-01
30  2-7.97804466E-01 6.71823326E-01 1.11074248E-01-5.75576412E-02-9.44760303E-03
30  3-5.50418823E-01 1.73503674E-01-1.75452651E-01 1.25549988E-01 1.89648452E-01
30  4 1.91838880E-01 1.25229828E-02-3.96832763E-02 1.55389887E-02-3.84959626E-01
30  5 8.97473306E-01-8.67171869E-01-4.84604790E-02-2.92440329E-02-8.84801580E-02
30  6 2.79453718E-01-1.02593969E-01 5.79654139E-01-1.64820374E-01-2.29026569E-01
30  7-1.05251150E-01-1.46201710E-02 3.37293975E-02 2.39986473E-02 3.75033893E-03
30  8-2.01629059E-02-7.90299003E-02 3.31217929E-02-9.65112835E-02-3.60256625E-02
30  9 1.75112734E-02-2.48615965E-02-2.21954785E-02-1.03704507E-01 8.91450497E-02
30 10-8.00487430E-03 1.36579801E-02 1.38375953E-02 1.29230456E-02-1.51834499E-02
30 11-2.06923405E-02-3.62304405E-02 2.76256000E-01-8.03855481E-01-1.76615619E-03
30 12-6.33276207E-03 3.89451194E-04-1.39188012E-02 1.11760299E-02 2.38072560E-02
30 13-2.82491608E-02-2.47480310E-02-2.21274055E-02 2.94794618E-03-2.12362818E-03
30 14-9.37050849E-03-2.34608364E-02-2.71830272E-01 7.69110544E-01-1.97703025E-02
30 15 2.12379570E-03 1.03823654E-03 2.89473354E-03 6.88953398E-02 9.53630746E-03
30 16 1.37700022E-02 4.71792764E-02 2.72153908E-02 9.71052419E-03 4.72785627E-03
30 17 1.74818514E-02-5.52534611E-02 4.32144718E-02 8.86933756E-02 2.28221929E-02
30 18-2.42933346E-02-1.03333539E-02-1.07754590E-01-2.57229541E-01-1.11642206E-01
30 19 1.31115171E-02-1.63041963E-02-1.09873418E-02 7.11487947E-02 3.42877138E-02
30 20-9.27896469E-03 3.22789457E-02-5.97740594E-01 5.88324181E-01-1.26005685E-02
30 21 5.26807701E-03 2.32615505E-02 1.10268723E-01-4.38516953E-02-2.17955770E-01
30 22 5.63590702E-02 6.09227172E-02 5.55030454E-02-6.74938390E-03-2.33488838E-03
30 23 1.26979743E-02
 $END   
 $GRAD  
E=     -528.7182198446  GMAX=   6.1702122  GRMS=   2.3565328
CL          17.    2.6371374924E+00   -1.0676094454E+00    3.2004921957E+00
C            6.    5.6662737586E+00    2.4216473138E-01    7.4022889223E-01
C            6.   -3.2076918886E+00    1.2165303731E+00   -2.2713760489E-01
O            8.   -8.9509334237E-01    6.0155842757E-03    6.6230617687E-01
H            1.   -6.1702122484E+00    3.5662160241E+00    1.7292657445E+00
H            1.   -2.6544053724E+00   -3.3463523604E+00   -4.7301674194E+00
O            8.    1.9503370264E+00    9.5302151999E-01    2.0813600587E+00
O            8.    1.4070609794E+00   -1.7885549028E+00    2.0067553827E+00
H            1.   -1.0639730105E+00    1.4710163503E+00   -2.6704890544E+00
H            1.    5.1371536948E-02    6.5493692652E-01   -3.5351270366E-01
H            1.   -1.9906214209E+00   -1.7021518911E+00   -1.8755408837E+00
H            1.    4.1852699969E+00   -6.4441018834E-01   -5.6900803999E-01
H            1.    8.4546492491E-02    4.3917727845E-01    5.4472554691E-03
 $END
-------------------- DATA FROM NSERCH=   6 --------------------
 COORDINATES OF SYMMETRY UNIQUE ATOMS (ANGS)
   ATOM   CHARGE       X              Y              Z
 ------------------------------------------------------------
 CL         17.0   3.1934571738   0.2388782095   0.2586169662
 C           6.0   1.9543577918   0.8770764642  -1.0081724235
 C           6.0   3.3830597879   1.7925035236  -1.7674936087
 O           8.0   2.5130824647   2.8244890556  -2.4646619983
 H           1.0   1.6857485828   1.2089409590  -0.5639236977
 H           1.0   2.0970209874   0.2305283769  -1.3471883731
 O           8.0   3.3846633195  -0.0751890347  -4.0841074648
 O           8.0   3.6993488593   2.7769312880  -5.1050455767
 H           1.0   3.6533942985   2.9104771911  -5.4198297374
 H           1.0   3.6474778778   0.8259684052  -4.3715101675
 H           1.0   3.1715315488  -0.3166664865  -4.2209891542
 H           1.0   3.7402337514   1.7860099375  -1.7667406401
 H           1.0   3.3006935563   3.0359321107  -4.1817741243
--- CLOSED SHELL ORBITALS --- GENERATED AT 17:29:35 12-AUG-2026    
Chloroacetaldehyde hydrate and water                                            
E(R-WB97X-D)=     -534.6550080400, E(NUC)=  306.2844264528,   10 ITERS
 $VEC   
 1  1 9.99990165E-01-1.43484698E-05-2.70289922E-06-1.10153408E-06 3.02687762E-04
 1  2-1.49494816E-03 6.73242435E-04-6.39022058E-05 2.52903607E-05-1.21239983E-05
 1  3 9.06205220E-05-4.19159182E-05 1.52858704E-05 2.55237757E-04 2.61863763E-04
 1  4 2.63262593E-04 1.15585185E-05 1.12926367E-06 5.62257285E-06 3.17644459E-04
 1  5-1.59967632E-03 1.10901825E-03-5.93159593E-05-6.02157505E-05-6.53108183E-05
 1  6 6.36506282E-05 1.88069928E-04 1.60502845E-04 2.73172748E-04 2.95004598E-04
 1  7 2.71856095E-04-7.69342755E-06-1.82032588E-05 2.27927234E-05-1.43889451E-06
 1  8 2.66665964E-07 1.04454415E-05-6.67591281E-05 1.05272696E-04 3.18264958E-06
 1  9 1.66112404E-07-6.88010282E-06-6.16976891E-06-2.00610509E-06 1.25257250E-05
 1 10 1.14626876E-05 1.10938373E-05 1.17383755E-05 6.39185391E-07-4.88865400E-07
 1 11-7.68147648E-07-2.83057744E-05 1.51851239E-04 1.91213800E-05-2.48545885E-06
 1 12 4.85705619E-06 7.46531626E-06-9.09254544E-06-2.88680321E-05-2.83201678E-06
 1 13-1.89437191E-05-1.76188356E-05-2.62308592E-05 5.41714421E-06-1.14581363E-06
 1 14-8.96237487E-06-4.09300755E-05 2.30331330E-04-3.07546154E-04-7.63111750E-06
 1 15 2.21503254E-05 3.65952007E-05 3.82182885E-06-7.95398549E-05-7.55636120E-05
 1 16-3.11076872E-05-4.32697424E-05-4.14128919E-05-6.26442512E-06 6.79939079E-06
 1 17-1.83842320E-06 1.20918589E-04-5.86124423E-04 6.39132684E-05-4.31186748E-05
 1 18-3.24844582E-05 2.86736895E-05 1.30123872E-04 9.72058528E-05-7.83356740E-05
 1 19 1.21245205E-04 1.25794572E-04 1.30597829E-04-7.22333063E-06 5.50647192E-06
 1 20 3.43640063E-06-3.42301851E-05 1.82386613E-04-1.74084636E-04-1.19513445E-08
 1 21-5.02759777E-06-2.22008262E-06-1.76303829E-06 1.11699742E-05 8.44647332E-06
 1 22-3.30378058E-05-3.39199351E-05-3.53451523E-05 9.96830360E-08 6.97188004E-07
 1 23 4.49545880E-07
 2  1-1.75372243E-06 8.17560274E-06 4.47321851E-05 8.50711405E-04-3.65272546E-04
 2  2 1.73642261E-03-7.42662673E-04-2.91914478E-04-2.65644160E-04 5.80858336E-05
 2  3 9.77758941E-04 2.95819771E-04-5.12991186E-04-3.25648166E-04-2.05067959E-04
 2  4-3.43546598E-04 3.04353202E-05-8.84076770E-05 1.24308004E-04 6.85298276E-04
 2  5-4.00523699E-03 5.26487637E-03-3.49772860E-04-7.39510242E-05 2.04405522E-04
 2  6 1.09703973E-03 8.07452455E-05-7.58651441E-04 6.68769961E-04 4.49036114E-04
 2  7 5.41282278E-04 8.47725661E-05-5.14077685E-05-4.56468401E-05 1.37292895E-01
 2  8 6.84959487E-01 3.07036952E-01 1.57807181E-01-5.53565413E-02 5.75976527E-02
 2  9-1.74267880E-01 4.11376435E-01-3.44787807E-02 5.42572502E-02-2.36345333E-02
 2 10-1.45015935E-01-1.07408551E-01 1.79945665E-01-1.93444282E-02 2.86538287E-02
 2 11-1.29653404E-01 8.24134309E-03-4.51082188E-02 4.49930584E-02 2.69343497E-03
 2 12-1.94968529E-03 9.31836084E-04 7.40763322E-03 4.24506035E-02-9.65080156E-03
 2 13 3.14056796E-03-1.46620697E-02 5.28031044E-03-1.01668641E-02 2.62645257E-03
 2 14 5.89782800E-03 5.74227293E-02 5.03263947E-02-2.74678637E-02 5.46769572E-02
 2 15 6.45104604E-02 3.40524264E-02-1.01556300E-04 9.43770222E-03-1.03685852E-02
 2 16-4.47229226E-03 1.59738325E-02-2.28853804E-02 4.19335102E-02 1.74574802E-02
 2 17 1.91984745E-02-1.06785549E-03 7.42018651E-03-1.24836416E-02-6.99819257E-04
 2 18 1.34548333E-04-1.92565833E-03 1.40593302E-03 4.76097301E-05 4.62486827E-03
 2 19-3.66362448E-04-4.43410084E-04-1.02497036E-03 4.81123180E-06-5.82356958E-05
 2 20 3.72863870E-05 2.61971978E-02-7.38989561E-02 1.19593545E-02-1.93244789E-04
 2 21-5.06911029E-03 9.48570756E-03-3.62937239E-02 2.96847215E-02 8.80159012E-02
 2 22 1.09935929E-02 1.86174286E-02-6.80200679E-02 8.13724350E-03 4.13063497E-02
 2 23-2.38210346E-02
 3  1-6.98258788E-05 3.48594210E-05-1.86451074E-05-3.70098026E-05-6.03648528E-04
 3  2 4.68609609E-03-1.09580392E-02 3.70892566E-04-4.63327390E-04-6.34201693E-04
 3  3-7.33930828E-04 2.26703458E-04 1.04954199E-03-6.70448128E-04-3.64956900E-04
 3  4-6.30994236E-04-1.47577217E-04-1.20301547E-05 1.78599299E-04 4.27903663E-03
 3  5-2.21684735E-02 2.08873637E-02-7.59238542E-05-2.11924893E-04 4.97233305E-04
 3  6-1.09470443E-04 6.38490495E-04-9.95302283E-04 3.67505052E-03 3.75885884E-03
 3  7 3.89261925E-03-2.02723619E-05-4.08143677E-05 9.99577216E-05 6.85336493E-01
 3  8-1.37434615E-01-5.87031093E-02-3.73923602E-02-3.28242888E-04-1.12503655E-02
 3  9 3.03001865E-02-7.95267123E-02 6.45585693E-03-6.37058046E-04-1.81027854E-03
 3 10 3.35004297E-02 2.29122908E-02-3.35460626E-02 4.54925901E-03-5.18227490E-03
 3 11 2.66076210E-02 2.74460704E-02-1.16243437E-01 3.29816752E-02 1.06135503E-02
 3 12 1.91562202E-02-7.09765078E-05 3.66724890E-02 1.19012704E-01-3.15012737E-02
 3 13 1.29626747E-02-8.52363638E-02 2.05461894E-02-4.37900414E-02 1.22248312E-02
 3 14 3.06127180E-02 2.93717636E-01 1.87580812E-01-5.08777660E-02 2.72038314E-01
 3 15 3.13929867E-01 1.71706565E-01-1.59565135E-02 3.12293763E-02-5.12107037E-02
 3 16-1.86388687E-02 7.51326714E-02-1.07237894E-01 2.00872738E-01 8.80879496E-02
 3 17 9.74158579E-02 2.32087538E-03-1.22461937E-02 7.72789119E-03 4.95903622E-04
 3 18 4.55823779E-05 5.96240408E-04-6.71157685E-04 4.85561189E-04-8.01552758E-04
 3 19 1.70627845E-03 1.76939221E-03 1.75204405E-03-3.99754654E-05 2.91623908E-05
 3 20 4.61437880E-05-1.33959035E-03 3.92874458E-03-5.80488808E-03 1.54551232E-03
 3 21-3.68055118E-03-2.47129338E-03 4.65612909E-03 4.97102339E-03-1.89372355E-02
 3 22 3.09397067E-03-1.98503786E-03 1.83347986E-02-7.93789542E-04-8.18647071E-03
 3 23 5.33873058E-03
 4  1-1.81166957E-04 1.24580217E-03-2.32595476E-01 9.24044662E-01 1.11846365E-02
 4  2-4.78108886E-02 1.65150195E-02 4.46160495E-03 2.84190560E-03-2.21933659E-03
 4  3-1.13364044E-02-8.80675807E-03 4.45055749E-03 1.05282924E-02 1.04066352E-02
 4  4 1.18424210E-02-1.38916596E-03 4.42099443E-04 3.94842509E-04 3.04792127E-03
 4  5-5.34191004E-03-3.01815921E-02 3.66989395E-03 4.45967955E-03-1.02486376E-03
 4  6-1.19936652E-02-1.02060496E-02 4.72934058E-03 2.12345593E-03 3.78972608E-03
 4  7 3.45135159E-03-1.00646032E-03 1.19127211E-03 7.00834795E-04-1.72051877E-04
 4  8-8.92480167E-04-1.10046824E-02 6.33955784E-02-8.42905128E-02-2.16919389E-03
 4  9 3.19779058E-03 3.39813809E-03 1.88706705E-03-5.86447976E-03 3.87949452E-03
 4 10-1.09930187E-02-9.95663985E-03-5.90291209E-03-3.24344517E-04-1.18401421E-03
 4 11 1.49535334E-03-8.95592998E-04 9.41116299E-03-6.50148887E-02-2.26206149E-03
 4 12 2.57111165E-03 7.81233804E-03 8.81136184E-03-4.23339217E-03-2.25849601E-02
 4 13 9.40304742E-04-9.75871960E-04-3.39158768E-04-9.82889935E-04 2.82579777E-04
 4 14-6.97615806E-04-3.88972256E-03 1.98433993E-02 1.49773750E-02-7.12477948E-04
 4 15-1.50458983E-03 9.36433295E-04 2.06610302E-03 7.63511762E-03-2.71435893E-04
 4 16-3.18829895E-03-1.60253269E-03-3.55521441E-03-2.82745004E-04 7.38128337E-04
 4 17 1.41433769E-03-9.12224377E-02-1.73599876E-01 1.47686825E-01 1.65917427E-01
 4 18-6.54202239E-03 3.85282655E-03-5.49338852E-02 2.18290302E-03-3.41210472E-03
 4 19-5.58585139E-02 5.90146835E-02 5.79149877E-02 4.07807162E-03-1.10260517E-03
 4 20 1.39856345E-03 4.43389639E-02-2.24270618E-01 1.86171916E-01 3.00186476E-03
 4 21 3.61992563E-03 1.37052789E-03-7.09018651E-03-7.86145498E-03-4.16532694E-03
 4 22 3.71503633E-02 3.90802035E-02 3.22809333E-02 2.27817157E-04 1.28012528E-03
 4 23 1.11485388E-04
 5  1-1.27679323E-04 1.84417538E-03 6.00616741E-01 3.59811213E-01 3.59316650E-03
 5  2-1.93977210E-02 1.14757154E-02-3.43796074E-04 3.39647126E-04 6.88247171E-05
 5  3 2.56611294E-04-1.81088434E-03-6.81246967E-04 3.54492210E-03 3.41027970E-03
 5  4 3.65144818E-03-3.64361977E-05-7.29619018E-04 5.10230665E-04-2.53000706E-04
 5  5-1.28170040E-03-3.35370771E-03-9.67305163E-04-4.96678475E-04-1.50556351E-04
 5  6 1.35277526E-03 1.69953839E-03 9.12441849E-04 7.83452694E-05 8.87099039E-04
 5  7-5.45210414E-04 9.35267454E-04-3.16332676E-04 1.93275307E-04-8.23681024E-06
 5  8-5.10325146E-04-5.46204591E-03 3.15658601E-02-4.34949634E-02-9.60722456E-04
 5  9 1.04488575E-03 1.83825136E-03 3.75912690E-04-1.07585122E-03 1.37248291E-03
 5 10-5.22459597E-03-4.98887195E-03-2.78285012E-03-1.88808763E-04-8.38770051E-04
 5 11 8.83765415E-04 8.62000206E-04-2.54701629E-03-1.38655960E-02-6.41527937E-04
 5 12 1.20297582E-03 2.05024295E-03 2.12359214E-03-4.39684718E-03-6.34096050E-03
 5 13 9.87727268E-04 8.41037216E-04 7.42724769E-04 5.26122768E-05 1.58844570E-05
 5 14-5.08415879E-04-3.82106682E-04 2.25871675E-03 2.49697226E-03-2.28661697E-04
 5 15-1.33471351E-04 4.41393723E-04 1.06787505E-04 3.15502165E-04-3.44836682E-04
 5 16-3.29339080E-04-2.81270887E-04-3.32538487E-04-3.58376720E-04 2.77178003E-04
 5 17 4.20576163E-04 3.38131418E-01-8.81721195E-02 4.01808694E-02-3.83343961E-01
 5 18 6.33632477E-03 7.20267003E-05 5.60203823E-02 2.23332590E-03-9.11064087E-04
 5 19 2.24196326E-01-7.73132401E-02-7.82587983E-02-8.82110468E-03 1.36692910E-03
 5 20 1.68610595E-04 1.98695376E-02-1.01308058E-01 8.79616471E-02 8.92114676E-04
 5 21 1.98336147E-03-3.78491525E-04-2.20614684E-03-4.07793003E-03 8.79720501E-04
 5 22 1.62720556E-02 1.70775545E-02 1.41593439E-02 2.84583185E-05 6.60228125E-04
 5 23-4.46391979E-05
 6  1-5.74502175E-04 7.07028829E-01-1.33949595E-03-2.93102770E-03 8.03545009E-02
 6  2-1.74785525E-01 7.43469112E-02 8.51295043E-02-9.57592631E-02-1.36077844E-01
 6  3 5.24208046E-02-7.62144645E-02-8.44562597E-02 7.11040619E-02 1.01779116E-01
 6  4 1.95400846E-01-1.11397014E-01-1.51072668E-01 1.76411116E-01 4.30290611E-02
 6  5-2.35967137E-01 5.46390782E-02-8.57651241E-03 5.52023804E-02 2.49768621E-02
 6  6 6.99720317E-03 1.93573082E-02-2.32385532E-03 2.10272600E-02 1.78156248E-01
 6  7 4.76259784E-02-2.38960902E-02-8.58141324E-03 8.03431356E-02-8.01003746E-05
 6  8-1.22575607E-06 1.76730086E-04-1.11927390E-03 1.89179039E-03 8.96441682E-05
 6  9-9.45962760E-05-9.18460805E-05-3.04742247E-04 2.96777591E-04 2.34751294E-04
 6 10 2.32228236E-04 1.58857654E-04 2.59811373E-04-2.08545181E-06-9.73003771E-05
 6 11 6.76020883E-06 3.23278966E-04-1.09614052E-03 3.72711485E-03-2.17577141E-04
 6 12-3.57346041E-05-3.65236245E-06 2.16870669E-04-1.51479423E-04 4.93823596E-04
 6 13 4.21170793E-04 2.78915281E-04 4.11121890E-04 3.08172628E-05 5.58170989E-05
 6 14-1.23933630E-04 5.09322522E-04-1.35708884E-03-4.94744685E-03-3.64237146E-04
 6 15 3.59584071E-04 8.69108794E-04 7.85850225E-04-1.21367374E-03-2.48146426E-03
 6 16 7.02216167E-04 6.35616101E-04 3.83140527E-04-8.11029369E-05 2.03413166E-04
 6 17-1.41017765E-04 1.12465397E-03-6.75619973E-03-1.49659844E-02-2.38160970E-03
 6 18-2.87605230E-04 1.86218453E-03 9.79589666E-03 2.18857451E-03-5.47941491E-03
 6 19 8.51620407E-04 2.70389094E-03 1.86355550E-03 3.55099913E-04 5.47199537E-04
 6 20 6.90165933E-05-1.32938398E-03 6.54493674E-03-4.57079256E-03-2.11828883E-04
 6 21-7.24676271E-05-3.68169714E-04 4.63811936E-04 1.60226030E-04 1.26792525E-03
 6 22-1.23910402E-03-1.26895822E-03-1.22372164E-03-4.30896114E-05 7.34688075E-05
 6 23-4.22426777E-05
 7  1-8.65893028E-03-8.97685400E-02-5.33277718E-03-1.26079981E-02-1.40039965E-02
 7  2-1.84519576E-01 4.30758772E-01-9.63674278E-02 7.31787398E-02 6.86348611E-03
 7  3 3.10617858E-01-1.41816251E-01 1.83709105E-01 1.06403441E-02-4.77617424E-02
 7  4-8.90102686E-02-2.79388867E-02 5.33329754E-02-5.14081085E-02-1.02092109E-02
 7  5-6.27502539E-02 6.39898925E-01-5.95940570E-02-3.00321191E-02-1.04748840E-01
 7  6 2.55807612E-01 9.77840943E-02 4.21780951E-01-4.62870986E-02-8.05501827E-02
 7  7 2.21215005E-03 1.03667802E-02 5.66088656E-02 2.22741886E-02 5.27262117E-04
 7  8-8.73645250E-05 2.90506193E-03-2.17136252E-02 4.81302376E-02 6.42237942E-04
 7  9 3.80634100E-04-1.96472259E-03-1.56888484E-03-2.58021761E-03 6.74252029E-03
 7 10 2.91462678E-03 3.39387162E-03 3.59710987E-03 1.16023880E-04 2.34163559E-04
 7 11-5.54243025E-04-1.49105416E-02 8.24346173E-02-9.30255709E-03-8.43584125E-05
 7 12 2.41910875E-03 3.58507935E-03-3.72694286E-03-1.25232749E-02-8.60556748E-03
 7 13-9.00960594E-03-9.15142163E-03-1.16843122E-02 1.15275286E-03-4.48332425E-04
 7 14-2.03218372E-03-2.18894154E-02 1.37704242E-01-1.85428107E-01-1.76794438E-03
 7 15 6.33927927E-03 1.02470721E-02-1.38404976E-03-3.54768072E-02-3.10535653E-02
 7 16-1.77597286E-02-2.22124440E-02-1.99410207E-02-3.20055642E-03 7.38849544E-04
 7 17-9.12536043E-04 7.54115339E-02-3.82408736E-01 1.25981320E-01-1.51434934E-02
 7 18-1.50727209E-02 6.56504701E-03 7.01374519E-02 4.82007716E-02-1.73619088E-02
 7 19 6.18827670E-02 6.65265843E-02 7.08717717E-02-3.19133315E-03-7.57729173E-04
 7 20 5.54706316E-04-8.34463007E-03 4.64500029E-02-6.76513233E-02 1.00209793E-03
 7 21-9.17609166E-04 1.55370779E-04-3.97670533E-03 3.17295034E-03 6.89629374E-04
 7 22-6.54316185E-03-6.52594919E-03-7.67813348E-03 1.77966233E-04-2.24039849E-05
 7 23 3.10893112E-04
 8  1 7.13511816E-04 1.80568761E-02 1.97369838E-02 2.01989912E-02-2.68601218E-02
 8  2-1.02511687E+00-4.92418000E-01 1.18467074E-02-1.99028910E-03 7.04870767E-02
 8  3-5.07700959E-01 4.54785262E-01 8.27792283E-02 5.23221384E-02 7.41756542E-02
 8  4 8.93821719E-02 8.30706283E-02 1.83620376E-02-3.77026729E-02-3.43195330E-02
 8  5 1.21457235E+00 3.62966132E-01-4.14577337E-02 5.40162052E-02-2.22872358E-02
 8  6 1.39018900E-01 3.87232052E-01 6.09814006E-01-1.40689883E-01-3.31000488E-02
 8  7-4.80564821E-02-2.83760314E-02 3.02294067E-02 1.11354894E-01 3.49570533E-04
 8  8 7.86960719E-04 5.02281146E-03-2.57113998E-02 2.67902219E-02 9.97991337E-04
 8  9-1.67270229E-03 2.59710187E-04 1.05594858E-04 3.43135150E-03-8.45228939E-03
 8 10 3.47628916E-03 3.32502650E-03 2.59224303E-04-2.62254460E-06 1.02159049E-03
 8 11-6.74956738E-04-8.16509862E-04-3.03230133E-03 6.42701891E-02 5.82270592E-04
 8 12-1.34866262E-04-2.70711190E-03-4.92301766E-03-3.51730772E-03 1.15155438E-02
 8 13-7.24264559E-04 9.34834535E-05-5.09405433E-04 7.81708772E-04-2.13140665E-04
 8 14-3.39915859E-04-1.19119257E-03 1.62490700E-02-6.84434583E-02-4.17562457E-04
 8 15 2.60200809E-03 2.91072864E-03-1.34818528E-03-1.47029428E-02-9.71183656E-03
 8 16-1.64621698E-03-3.02852365E-03-1.73065623E-03-9.07793137E-04-4.94276104E-06
 8 17-7.27339601E-04 4.20869271E-02-1.75504133E-02-1.66211226E-01-4.26335539E-02
 8 18-8.68445333E-03-4.07631461E-03 1.14284428E-01-2.62461877E-02 7.81613665E-03
 8 19-1.04139818E-03 7.06620082E-03 8.61358646E-03 1.72404210E-02 1.79754637E-04
 8 20 2.39961087E-03-1.08603424E-02 4.85772309E-02-6.88937325E-02-2.27045635E-03
 8 21-7.13618747E-04 2.38703629E-03 9.15374050E-03 3.17061327E-03-1.23037194E-02
 8 22-5.59993272E-03-5.89108661E-03-4.83946925E-03-1.50189123E-04 2.88997095E-04
 8 23 1.60008097E-04
 9  1 5.79775659E-03-7.10290556E-02 8.13426034E-02 7.61441620E-02-1.32413709E-01
 9  2 1.26735931E+00-4.37636288E-01-8.50738407E-03 1.05010651E-02-3.62977833E-03
 9  3 2.13150455E-01-1.72992021E-01 1.25630981E-01-1.26919584E-01-1.47112688E-01
 9  4-2.17436981E-01-4.24750301E-02 4.24200733E-02-3.63900506E-02-1.33878950E-01
 9  5 7.41679944E-01-4.89107350E-01 6.11943724E-03-1.88526384E-02 3.17272644E-03
 9  6 6.17272472E-02-8.17703441E-02-1.21926685E-02-1.06211942E-01-1.70922740E-01
 9  7-8.75305282E-02 2.09394541E-02 2.12862083E-02-2.16580571E-02 1.14803918E-03
 9  8 9.51437969E-03 1.64445254E-02-9.92342537E-02 8.60046820E-02 6.24216180E-03
 9  9-1.11755249E-02 5.99830538E-03 2.21386740E-03 1.64582227E-02-5.16246873E-02
 9 10 9.51028444E-03 1.00243376E-02-4.63606126E-03-9.73060826E-04 6.21214570E-03
 9 11-5.42363225E-03 1.90404661E-02-1.41068109E-01 2.38651116E-01 1.93822970E-03
 9 12-5.95993980E-03-1.43006958E-02-9.08712164E-03 1.78477318E-02 5.13385775E-02
 9 13 1.04315505E-02 1.37665201E-02 1.39651856E-02 1.16613390E-04 3.98742092E-04
 9 14 2.33724789E-03 2.45953725E-02-1.47270062E-01 9.33079479E-02 4.57898889E-03
 9 15-2.89372092E-04-8.86212966E-03-1.38073916E-03 7.68220872E-03 1.79704561E-02
 9 16 1.96586442E-02 1.90839357E-02 1.75758633E-02 3.71944371E-03-1.52246130E-03
 9 17-3.16674698E-03 5.54160971E-02 2.89108830E-01-7.71251980E-01-1.43431447E-01
 9 18 9.97673575E-03-1.28449842E-04 3.43886773E-01-1.55207588E-01 4.46706268E-02
 9 19-4.64710494E-02-4.38500662E-02-3.76758274E-02 4.86721264E-02-2.03628456E-02
 9 20 1.24117404E-02-4.78908335E-02 1.78595181E-01-2.87355079E-01-1.12251731E-02
 9 21-2.92079421E-03 1.35232548E-02 4.30655160E-02 1.59224313E-02-6.18668400E-02
 9 22-1.99275739E-02-2.05748486E-02-1.81347996E-02-2.86840058E-04 3.25292640E-03
 9 23-4.81662847E-04
10  1 2.38800943E-03-2.80706323E-02-6.80472337E-03-2.75112959E-03-5.43943036E-02
10  2 3.74045558E-01-1.85239140E-01-2.19895612E-03 5.86982157E-03 1.25127906E-02
10  3 3.06128389E-02-1.01946995E-02 1.47292493E-02-3.84541794E-02-5.08934761E-02
10  4-6.63090885E-02-2.41752904E-03 1.18627005E-02-1.72860803E-02-4.07438963E-02
10  5 3.90523173E-01-2.66776951E-01 5.36403392E-03 1.44879974E-03 6.72445372E-03
10  6 1.43786432E-02 1.59148943E-03 7.32859935E-03-4.43291991E-02-5.43564372E-02
10  7-3.80570487E-02 8.00413386E-03 9.13206934E-03-1.30577370E-03-6.22723838E-02
10  8-1.94735732E-01 3.66976077E-01 3.50754830E-01 8.45163969E-02-4.22108417E-02
10  9 9.02773370E-02-1.41689254E-01 2.16620134E-02-3.36828378E-02 7.15220987E-02
10 10 7.58835924E-02 3.37140493E-02-1.34019117E-01 2.29896210E-02-4.24022352E-02
10 11 1.18630453E-01 3.77437628E-02 3.80152151E-02-1.35102288E-02-4.43652152E-03
10 12-6.09943567E-03 9.28548490E-04-8.57392624E-03-5.27455390E-02 1.61861884E-02
10 13 3.61570173E-03 2.92736604E-02 2.72658254E-03 1.03693840E-02-3.20613128E-03
10 14-9.00462553E-03 1.07731371E-01 2.77810575E-02 1.21613621E-01-3.35959427E-02
10 15-3.02628295E-02-3.47206393E-02 1.89699222E-02 2.28536702E-02 2.02801652E-02
10 16 6.50042157E-03 7.95663462E-04 1.86109606E-02-3.66639901E-02-2.52571707E-02
10 17-2.51691293E-02-3.83366012E-02 1.49751434E-01-2.94624171E-02 1.58208600E-02
10 18 1.62073010E-03-1.67370261E-03-5.27619144E-02-1.99693426E-03-1.01631337E-03
10 19-1.82795473E-02-2.00154282E-02-2.16722049E-02-1.67798828E-03 1.95951036E-03
10 20-1.78088136E-03 6.87413251E-02 1.12824515E-01 1.30236778E-01 5.85166098E-03
10 21 1.61121159E-03-1.99281069E-02 2.56557749E-02-3.51285798E-02-5.74991344E-02
10 22-7.19927102E-04-8.54799812E-03 5.65779473E-02-4.02281766E-03-3.09249170E-02
10 23 1.49139591E-02
11  1 2.26626661E-03-2.72265968E-02-2.05252115E-02-5.62305982E-03-5.48841652E-02
11  2 3.31468599E-01-1.54791582E-01-3.82543787E-03 7.16071615E-03 1.61722817E-02
11  3 2.80889854E-02 4.29255530E-03-4.41946164E-03-3.40590388E-02-5.01492357E-02
11  4-5.89209131E-02 1.58414470E-03 8.33040384E-03-1.69197856E-02-3.58523700E-02
11  5 3.82482396E-01-2.86695106E-01 6.21366175E-03 2.27476806E-03 8.25744627E-03
11  6 1.23639045E-02 1.01043000E-02-5.20789815E-03-4.11408052E-02-4.69073913E-02
11  7-3.92064593E-02 8.90135014E-03 8.53714476E-03-1.37822305E-03-1.94520263E-01
11  8 7.45826967E-02-1.80192741E-01-1.06073245E-01-7.99982501E-02 1.30980790E-02
11  9-3.18869437E-02 5.31179450E-02-7.79114349E-03-1.13794987E-03 2.43841564E-03
11 10-3.55686099E-02-1.62676576E-02 6.37140628E-02-9.38002463E-03 1.52647039E-02
11 11-5.17024724E-02 7.18723876E-02 1.52545858E-01-6.49853079E-03-1.08655828E-02
11 12-2.59561837E-02 4.39059754E-03-3.19444307E-02-1.15898892E-01 3.23988315E-02
11 13-1.55287203E-03 6.58573235E-02-8.09474358E-03 2.93462772E-02-8.72292453E-03
11 14-2.08241924E-02 3.74737188E-01 2.43211825E-01 2.04218616E-01-1.03388533E-01
11 15-9.49333315E-02-9.45416790E-02 4.64053311E-02 3.10673728E-02 3.65095358E-02
11 16-5.21923901E-03-3.36472652E-02 4.04564304E-02-1.29907128E-01-8.23621417E-02
11 17-8.62866954E-02-6.41846231E-02 1.97788233E-01 3.39915638E-02 3.93981729E-02
11 18 7.67913370E-04-2.20803315E-03-1.12586154E-01 1.21297195E-02 7.68897460E-04
11 19-2.33785004E-02-2.50007380E-02-2.74133711E-02-6.52331390E-03 2.72473419E-03
11 20-3.92031708E-03-1.09470321E-02-8.33291293E-02 6.93342550E-02-7.33327438E-04
11 21 3.08925830E-03 3.12287181E-03-1.40612446E-02-4.68846751E-03 4.33322955E-02
11 22 2.96605362E-03 7.05390586E-03-1.85699492E-02 1.91894654E-04 9.50658163E-03
11 23-4.48429773E-03
12  1 9.22144770E-03-1.10870175E-01-7.66485614E-02-2.27398845E-02-2.26086112E-01
12  2 1.39483523E+00-7.14730537E-01-1.29992051E-02 2.66784427E-02 6.39059654E-02
12  3 1.09612645E-01 1.97996708E-02-9.39659497E-03-1.42455898E-01-2.06885732E-01
12  4-2.45368043E-01 5.20294529E-03 3.47819135E-02-6.89760385E-02-1.41150564E-01
12  5 1.52243265E+00-1.09330226E+00 2.51484958E-02 8.31142129E-03 3.38034878E-02
12  6 5.02348489E-02 4.13150780E-02-1.43058193E-02-1.63467155E-01-1.88487501E-01
12  7-1.52417379E-01 3.60379993E-02 3.51317489E-02-4.63846006E-03 6.40656910E-02
12  8 2.79560309E-02-1.01151074E-01 4.29090064E-02-1.80254933E-01 8.76227953E-06
12  9-6.66513316E-03 2.52460128E-02-5.74560847E-03 1.20065832E-03 2.71410721E-02
12 10-2.41512288E-02-1.85494458E-02 3.37642080E-02-2.90015458E-03 1.64293818E-03
12 11-1.80425574E-02-4.36020057E-03-1.16515650E-01-1.10726982E-01 1.85943700E-03
12 12 6.72536968E-03 8.06479116E-04 2.51070459E-02 4.54525550E-02-1.86605939E-02
12 13 9.09185177E-03-1.16455066E-02 1.45598139E-02-1.15720663E-02 3.33741072E-03
12 14 6.04932093E-03-1.21641738E-01-2.74107495E-01 2.69976261E-01 3.59490914E-02
12 15 2.18764806E-02 1.84247254E-02 1.82796070E-03 5.42989425E-02 2.93516284E-02
12 16 2.97749270E-02 4.49666723E-02 1.05512621E-02 5.36299565E-02 3.04833825E-02
12 17 3.32696914E-02-2.44746947E-01 7.40219797E-01 1.61909831E-01 1.50316572E-01
12 18 5.31206139E-03-6.37186997E-03-4.36933999E-01 5.08389770E-02 8.84533599E-03
12 19-8.60031133E-02-9.44758470E-02-1.04513626E-01-2.78044630E-02 6.99726055E-03
12 20-1.51093711E-02 3.77392444E-02-1.87251736E-01 3.19340713E-01 4.96200951E-03
12 21 2.39353170E-03-1.01775455E-02-2.39836755E-02-1.16151630E-02 6.59694006E-02
12 22 2.04982942E-02 2.13131375E-02 1.19828677E-02-3.98396932E-04 1.52231240E-03
12 23-1.64304122E-03
13  1 6.78664357E-04-1.04149298E-02-3.27919854E-02 8.87262786E-03-3.91025425E-02
13  2 1.05595380E-01-3.14995063E-02-8.55321875E-03 7.45131498E-03 1.59168657E-02
13  3 3.28461612E-02 4.57516274E-02-5.61131310E-02-1.00371525E-02-3.49259844E-02
13  4-1.79259368E-02 9.75946323E-03-7.65865688E-03-7.28514198E-03-8.98368739E-03
13  5 1.16424367E-01-1.21034856E-01 3.26847873E-03-2.64316232E-03 5.56851742E-03
13  6 1.59622500E-02 3.70754461E-02-4.68011843E-02-9.61321264E-03-2.45330744E-03
13  7-2.36548717E-02 9.51216056E-03 3.78829635E-03-2.42248112E-03-1.18405038E-02
13  8-1.67835491E-02 5.14055776E-01 6.98947215E-02 9.20639422E-02 4.09791106E-02
13  9-3.99822452E-02-2.03331063E-02 6.02399531E-05 8.47845437E-02-3.57389880E-01
13 10 1.26866007E-02-5.48259944E-03-2.62982045E-01-2.34231502E-03-1.23446365E-03
13 11 7.95199124E-02-5.05502074E-02-8.37757185E-02-1.57838406E-02 3.88995735E-03
13 12 4.09249629E-03-3.22849132E-03-8.91089278E-03 4.54049174E-02-3.16656127E-02
13 13 3.03030285E-03-2.19068387E-02-6.14687131E-03-1.45305058E-03 2.85494982E-03
13 14 1.92364124E-02 1.83482847E-01 7.90212072E-02 5.36317003E-03 4.04721808E-03
13 15-1.52111210E-02 1.34291262E-02-5.37052909E-02-7.93643079E-02-2.21638251E-02
13 16-3.03042183E-02-6.11159796E-02-4.68411349E-03-5.08117894E-02-1.55902600E-02
13 17-2.48553695E-02-7.37544288E-02 1.98698411E-01 1.12289087E-01 5.50981305E-02
13 18-3.44744616E-04 8.86000733E-04-1.43042112E-01-1.56500585E-03 4.82156134E-02
13 19-2.38560204E-02-2.26822439E-02-2.31776432E-02-2.36433945E-03-1.20432899E-02
13 20-4.68638680E-03-1.34826565E-01-1.79160139E-01-3.54604691E-01-1.37848952E-02
13 21-3.47634064E-04 3.17588713E-02-2.07825168E-02 9.04078318E-02-6.42171307E-02
13 22-8.74806857E-03-9.96964958E-04-1.62988966E-02 1.95359872E-02 3.85526147E-02
13 23-2.99746105E-02
14  1 2.04193819E-04-2.27137160E-03 6.52952979E-03-6.73238821E-03 1.46937072E-03
14  2 3.93553541E-02-4.35844910E-02 2.58097590E-03-1.72572440E-03-1.71199378E-03
14  3-7.58237847E-03-1.10432664E-02 1.55551183E-02-3.98907435E-03 1.05843966E-03
14  4-6.17957436E-03-2.40947265E-03 3.95053450E-03-9.49463266E-04 2.85248186E-04
14  5 2.18255308E-02 4.08035275E-03 5.84999797E-04 1.70925940E-03 3.22105125E-04
14  6-5.36624992E-03-1.07564214E-02 1.47452576E-02-2.31500683E-03-5.77588322E-03
14  7 3.15346601E-03-1.52799934E-03 3.55724945E-04 5.99646853E-04-1.88270990E-03
14  8-2.49533496E-03-1.40616934E-01-1.13838215E-03-6.62981069E-02-1.92993224E-02
14  9 2.66250270E-02 1.00697940E-02-4.93199276E-03-3.40919155E-03 1.12876104E-01
14 10 1.01393935E-04-4.59322523E-03 8.61315661E-02 5.33590331E-03-5.07617449E-03
14 11-8.85500758E-03-1.51982921E-01-2.86800726E-01-1.16880622E-01 7.67029317E-03
14 12 3.08602156E-02-1.10674506E-02-7.75533686E-03 1.32375516E-01-1.12226557E-01
14 13 1.94456955E-02-6.64054248E-02-9.66596205E-03-5.44140949E-03 9.85839033E-03
14 14 6.25257482E-02 5.43653403E-01 2.04199637E-01-4.42083776E-02 2.86545044E-02
14 15-2.37507379E-02 6.33691740E-02-2.13336404E-01-2.83751363E-01-9.75700403E-02
14 16-1.07078129E-01-1.91736872E-01-2.43755871E-02-1.49298423E-01-4.02677053E-02
14 17-6.56516989E-02 9.12182046E-03-4.16492840E-02-8.50506404E-03-8.26871156E-03
14 18 1.12801737E-03 1.77167573E-04 1.47915306E-02 1.63983681E-02-1.06144520E-02
14 19 7.64408173E-03 4.40525915E-03 3.02961843E-03-4.80195574E-03 2.62441875E-03
14 20 4.67065276E-04 6.23410868E-02 4.11042233E-02 1.84505854E-01 6.60905784E-03
14 21-2.61214960E-03-1.49883628E-02 5.03701580E-03-2.05079983E-02 2.15145444E-02
14 22 1.05647235E-02 5.08733590E-03 1.69273232E-02-6.04202038E-03-1.54314045E-02
14 23 1.07904573E-02
15  1-2.39429542E-04-6.03744863E-03 2.64751115E-02-4.88185665E-02 1.26438241E-01
15  2-1.59834116E-01 4.18358080E-02 3.08270762E-02-2.61281028E-02-3.10117183E-02
15  3-2.03600643E-01-1.78715957E-01 1.74402227E-01 1.03278884E-04 1.14291186E-01
15  4 2.89161046E-02-1.74633072E-02 4.86747916E-02 9.28449127E-03 8.05434864E-02
15  5-4.17411393E-02 4.17749659E-02 6.43093018E-03 3.75435686E-02 1.38242679E-02
15  6-1.54904278E-01-1.66135491E-01 1.37935545E-01 2.21354796E-02-6.80179178E-03
15  7 8.07446280E-02-3.99883043E-02-2.00576764E-02 5.27642207E-03-7.93525569E-04
15  8 2.83980620E-02 1.97321368E-01 2.51612720E-01-6.30857694E-01 7.71267458E-03
15  9-2.33545376E-02 4.07556960E-02-4.28044073E-02 9.87447139E-02-1.89655947E-01
15 10-4.79051040E-02-6.01967412E-02-1.19218776E-01 1.94915441E-03-2.30734053E-02
15 11 4.62587648E-02 1.37135716E-02-5.13382215E-02-6.16102938E-02-2.43868750E-03
15 12 8.20580530E-03 5.16602821E-03 7.85213063E-03-6.02556587E-02-1.43798804E-02
15 13 1.04664905E-02 9.59019694E-03 1.22085995E-02 2.30131202E-03-2.84978792E-04
15 14-2.79041867E-03-6.40746690E-03-2.89269180E-02 3.55688877E-02-2.78324998E-03
15 15 9.41624900E-05-3.27472870E-04-2.55016935E-03 3.21181653E-03 5.72792607E-03
15 16 3.13772335E-03 6.21720189E-03 4.52457841E-03-3.63479069E-04 1.45334254E-03
15 17 3.78180367E-03 2.05220141E-02-2.09246884E-01-9.05407412E-02-2.58166139E-02
15 18 1.23421731E-02-1.47716750E-02 2.30544017E-02 2.79589088E-01-3.00880040E-01
15 19 4.98061225E-02 2.89775976E-02 1.07478409E-02-8.16894783E-02 8.78007200E-02
15 20 2.77664236E-03 5.28152421E-02-6.77671612E-01 1.08983974E+00 1.54152880E-02
15 21 6.26522372E-03-2.81918778E-02-1.41500837E-01 3.41234294E-02 2.30069892E-01
15 22 4.77694622E-02 5.14024817E-02 3.41623764E-02 1.43693842E-02 2.21936663E-02
15 23-2.40123851E-02
16  1-1.49092584E-03-1.13000625E-01 1.96477907E-02 1.20622370E-02 9.55170975E-02
16  2-2.05028922E-01 7.89463434E-01-3.65048527E-02 1.96598899E-02 4.72012474E-02
16  3-2.09283797E-01 2.57245528E-02-1.63553397E-01-5.01746389E-02 2.97064535E-02
16  4 4.08057437E-02 8.56632396E-02 6.27025533E-02-3.18259544E-02 3.41756330E-01
16  5-1.77669659E-02-2.71976039E-01 2.80903914E-02 6.41827734E-02 9.87629699E-02
16  6-3.15687460E-01 5.92894587E-02-3.39590963E-01 1.02267496E-01 1.28072768E-01
16  7 5.25129324E-02-4.13711740E-02-5.14483295E-02-3.20248813E-02 3.51418827E-03
16  8-1.41047439E-02-7.51075452E-02-5.30453973E-02 1.89917915E-01 8.00462323E-03
16  9-3.14722071E-03-2.58864331E-02 3.87041594E-02-6.20030007E-02 6.62217619E-02
16 10 1.79663915E-02 2.81945132E-02 2.65104481E-02-7.26324196E-03 1.83715035E-02
16 11-2.54185100E-02 5.31347468E-03-4.54491507E-02 7.10408465E-02 3.74159379E-04
16 12-4.25088604E-03-2.75961266E-03 1.32931316E-03 2.96333751E-02 3.89077964E-03
16 13 3.11024681E-03 2.83388215E-03 3.17644553E-03-1.58515164E-03 4.72573236E-04
16 14 2.16230301E-03 1.18690523E-02-6.12461395E-02 6.24568232E-02 6.04292000E-03
16 15 1.54107977E-03-3.94906434E-03 4.34928033E-04 5.60151340E-03-4.56616128E-03
16 16 8.34892024E-03 7.03720078E-03 2.63762097E-03 3.68095944E-03-1.62489670E-03
16 17-3.36011216E-03-1.19922446E-01 4.90168368E-02-1.77484426E-01-3.80171557E-03
16 18 2.23147154E-03 6.02376876E-03-9.89633417E-02 3.58612102E-02-5.81051082E-02
16 19 4.71357518E-02-2.90145388E-02-3.13683469E-02-1.12920549E-02 6.70984726E-03
16 20 6.05593578E-03-2.01220147E-02 1.44957160E-01-3.24799295E-01-8.92958849E-03
16 21 2.08304662E-04 1.41042709E-02 6.52617679E-02-2.14044635E-02-9.30258315E-02
16 22-8.75653123E-03-8.94416208E-03-6.04788120E-03-5.51642347E-03-5.27803314E-03
16 23 7.20894960E-03
17  1-2.07678579E-04 7.09739516E-02 4.42704783E-02-9.41877231E-03-4.30265391E-01
17  2-3.39979546E-01 1.11265757E+00-1.30417250E-01 1.12999942E-01 5.79627566E-02
17  3 4.58321999E-01-3.21921898E-01 1.33818213E-01-2.42562437E-02-5.98736209E-02
17  4-1.12232827E-01-6.15543105E-02-7.89283038E-03 9.44731974E-03 1.72231548E-01
17  5-2.14236348E-02-1.03464152E+00 1.76608659E-02 7.18767254E-02 8.84857593E-02
17  6-2.16509558E-02 7.77032623E-02-2.73013722E-01 4.37844384E-02 1.66612250E-01
17  7 4.51922686E-02 1.78748628E-02 2.17425956E-03 5.58984139E-02 8.24704409E-04
17  8 7.14403405E-03 3.26189722E-02 2.76046784E-02-1.35964715E-01-1.17095291E-02
17  9 7.67339070E-03 1.84156968E-02-2.86875464E-02 3.76716202E-02-3.62246199E-02
17 10-1.09210318E-02-1.77639642E-02-7.58781197E-03 7.27258020E-03-1.47661435E-02
17 11 1.57327572E-02 1.77155435E-02-3.05649832E-02-7.58345272E-02-1.98003392E-03
17 12-3.61950143E-03 1.47196838E-03 1.05510115E-02-1.11018797E-02-1.25114823E-02
17 13 7.05098809E-03 1.21434798E-02 5.89829963E-03-1.32250695E-03 9.05286248E-04
17 14 4.99529052E-04 2.21792813E-02-1.30454994E-01 2.07543645E-01 1.56953382E-02
17 15 1.55413579E-03-3.05752070E-02 1.75643481E-02 1.97846050E-02-3.28924262E-02
17 16 2.90890183E-02 1.94949567E-02-4.68211729E-03 1.20195339E-02-1.18579479E-02
17 17-1.77894137E-02-7.94402282E-02-1.50525153E-01-1.03664174E-01-3.92282206E-02
17 18 9.64556066E-03 7.16938276E-03-3.60847750E-02 2.75524268E-03-9.84595439E-03
17 19 7.65862232E-02-1.06335048E-02-1.25749285E-02-6.75313231E-03-8.41611423E-03
17 20 7.43767438E-03 2.40968987E-02-1.09393604E-01 2.34190409E-01 4.57158482E-03
17 21-5.53792005E-04-6.07916523E-03-2.94869466E-02 1.14516035E-02 2.79237101E-02
17 22 1.21099521E-02 1.17258380E-02 1.33160546E-02 2.35744527E-03 9.76026823E-04
17 23-2.09728110E-03
18  1 1.57605597E-04-4.92384008E-02 5.64389574E-02-1.82254504E-02 2.87918481E-02
18  2 1.70929535E-01-5.15788230E-02-1.68363561E-03 5.03260016E-03 2.23118238E-02
18  3 9.41731725E-03 2.02603257E-01-1.71671660E-01-5.15060005E-03-6.69898883E-02
18  4 5.32079759E-03 4.39934684E-02-8.78289174E-03-2.47581381E-02-1.28970730E-02
18  5 1.59165273E-01 3.70388432E-03-5.54972854E-04-2.39597968E-02-1.51308099E-03
18  6 5.11022381E-02 1.28936800E-01-1.21903499E-01-1.23486853E-02-1.23503432E-02
18  7-6.39087893E-02 1.52556891E-02 7.56352626E-03-2.20043971E-02-1.26814450E-02
18  8 4.20089254E-02 2.27284256E-01-4.04759914E-03-4.78726845E-01-8.85942463E-02
18  9 8.25237238E-02 1.27229748E-01-2.13107485E-01 3.07888152E-01-2.08173601E-01
18 10-4.73948778E-02-1.10964350E-01-1.51498730E-03 5.87631877E-02-1.02393809E-01
18 11 1.23001576E-01-1.83630009E-02 7.18048559E-02-3.04304852E-01 1.26434052E-03
18 12 1.23433511E-02 1.44110574E-03 2.19849892E-03-7.82364632E-02 2.33588767E-02
18 13-8.10364314E-03-4.66039912E-03-4.21672010E-03 6.77390096E-04 1.07450391E-04
18 14-8.09571305E-03-7.11987169E-02-3.34714985E-02 2.16526249E-01-1.29183396E-02
18 15-3.42342237E-02 1.89419165E-02 6.32795853E-02 3.97217950E-02 9.24599142E-02
18 16 2.28441969E-02-1.53508428E-04 3.38307480E-02 3.62117912E-03 2.83602232E-02
18 17 2.56613910E-02 1.04970024E-01-5.19956854E-01 1.32624625E-01-8.26194843E-02
18 18-1.83220090E-02 7.74576715E-03 1.76161852E-01-3.15118827E-01 1.96848974E-01
18 19 7.31375124E-02 3.27031083E-02 4.79890551E-02 9.49584386E-02-5.69704811E-02
18 20 8.01744693E-03 9.66722464E-02-1.89744398E-01 6.80980758E-01 2.60711793E-02
18 21-8.06325478E-03-3.46044402E-02-1.46266660E-01 7.78606055E-02 1.03043844E-01
18 22 3.16808443E-02 2.66715373E-02 4.62436552E-02 1.34629505E-02-7.67742857E-04
18 23-8.16556306E-03
19  1-4.25441344E-04 1.61667943E-03 6.82329469E-02 5.72044314E-03 2.68325986E-02
19  2 1.16046785E-01-3.56883302E-01 1.87993300E-02-1.26712666E-02 2.84887436E-03
19  3 8.88624024E-02 2.61191529E-01-1.77236653E-01 3.15933171E-02-6.92074673E-02
19  4 2.06480944E-02 1.68307441E-02-5.09372100E-02-9.40783934E-03-1.72708608E-01
19  5-2.93544842E-02 5.37993913E-01-1.56443731E-02-6.17725197E-02-6.47459531E-02
19  6 2.14444095E-01 9.48015887E-02 8.71092040E-02-5.12215928E-02-6.59002679E-02
19  7-7.42556981E-02 3.21813726E-02 3.08207557E-02-1.85916182E-02 4.14887620E-03
19  8-3.91248422E-03-2.44581964E-02 5.21887547E-02-7.46524486E-02 6.40604458E-03
19  9-2.54564079E-02-1.74299854E-02 1.51202167E-02-5.14078395E-02 9.06902329E-03
19 10-1.73942279E-03 1.54089157E-02-1.56057348E-02-7.39302941E-03 5.23089488E-03
19 11-2.27634903E-02 1.20801344E-02-1.80304908E-02 1.57576968E-01 5.33204458E-04
19 12-2.72181736E-03-1.48170827E-03-2.15279002E-02-1.20738557E-03 6.51953436E-03
19 13 4.23697861E-03 4.36481888E-03 4.42581027E-03 4.05533997E-03-2.44355790E-03
19 14 3.57851211E-04 1.45950607E-02 5.00880402E-02-1.84228516E-01-1.29233933E-02
19 15 2.79369237E-02-2.67811020E-03-6.18867318E-02-1.01174154E-02-2.81907344E-02
19 16-3.27927366E-02 1.01542642E-02-1.37573336E-02-6.75272237E-03-1.50619874E-02
19 17-3.71634619E-04-4.63178425E-01 1.16662489E-01-4.84221929E-01-5.66954348E-03
19 18-9.77657760E-03-1.41782979E-02-4.55076397E-01 1.34471953E-01-2.38313165E-01
19 19 1.96679893E-01-9.24822726E-02-1.03173711E-01-2.97143332E-02 5.41507526E-02
19 20 7.02075530E-03-2.22391181E-03-8.04418459E-02 1.26878082E-01-1.49167583E-03
19 21 3.64106352E-03-2.70614409E-05-2.09031722E-03-2.02913194E-02 2.08771599E-02
19 22 2.17148852E-03 5.10626609E-03 3.41230053E-04-7.38957399E-04 2.88254392E-03
19 23-1.01240532E-03
20  1 2.53399048E-04-2.43438949E-02 2.69894374E-02-2.14764982E-02 1.29345404E-02
20  2 5.96556393E-02 7.48328079E-03-1.54237300E-03 4.86908474E-03 1.14344493E-02
20  3-1.41899221E-03 8.97831460E-02-6.48858875E-02-2.59370040E-04-2.81131051E-02
20  4 1.07412241E-03 1.96542181E-02-9.08786560E-05-1.34966313E-02-5.79834856E-03
20  5 1.45678364E-01-9.78731684E-02 1.56389186E-04-7.95322612E-03 2.67473155E-03
20  6 2.36888974E-02 6.78186267E-02-4.88815118E-02-1.03222443E-02-8.79274239E-03
20  7-3.14442267E-02 6.86281659E-03 5.25626436E-03-6.05179116E-03 3.51586052E-02
20  8 5.34825026E-03-1.70809295E-02 1.77967632E-01-2.42857204E-01 5.90780978E-03
20  9-1.34969405E-01-5.92453679E-02-8.32281955E-03-2.35271999E-01-3.35562304E-02
20 10-2.67739519E-02 6.51904527E-02-1.03674499E-01-2.19701162E-02-1.10783296E-02
20 11-1.02089187E-01 8.72622648E-02-2.24697377E-02 1.75236179E-01-7.25530784E-03
20 12-2.71716251E-02 1.76554115E-02-7.35763229E-02 2.06981115E-02-1.00754460E-01
20 13 3.70318294E-02 3.35950858E-02 2.26233905E-02 1.60058446E-02-9.70571667E-03
20 14 7.56930932E-03 1.97812527E-01-6.47530736E-02-3.27861306E-01-4.01955318E-02
20 15 1.83987548E-01-8.67539049E-02-3.64304298E-01 1.32144419E-02-3.03066891E-01
20 16-1.36893488E-01 1.21575484E-01-9.67815547E-02-1.74691535E-02-1.29218126E-01
20 17-4.87211921E-02 1.72638383E-01-4.02454801E-01 1.64810158E-01-5.76113162E-02
20 18-1.32665040E-02 3.41403032E-03 2.18582115E-01-2.13020820E-01 1.58912740E-01
20 19 1.42073537E-02 4.48137400E-02 5.56668259E-02 6.51715222E-02-3.97142677E-02
20 20 2.51131818E-03-3.01876002E-03-3.63345979E-01 5.82370145E-01 1.03890480E-02
20 21 3.89818751E-03-3.28273955E-03-1.36969243E-01-1.96896243E-02 1.75878051E-01
20 22 5.53043627E-03 2.04480645E-02-9.48079186E-03 4.44290759E-03 1.89423926E-02
20 23-6.80398727E-03
21  1-3.60379187E-04 1.29582123E-02-5.22783226E-02 2.66088381E-02 3.58598281E-02
21  2-1.13735203E-01 8.77503334E-03 8.42166813E-03-1.35850578E-02-1.14781410E-02
21  3-6.32039841E-02-4.06588337E-02 2.87758306E-02 3.71641380E-03 3.94164820E-02
21  4 1.91968160E-02-4.88042017E-03 2.29586782E-03 1.09293844E-02-7.49591810E-04
21  5-1.07529811E-01 1.60554482E-01-2.23701030E-03 3.81935442E-03-7.54904189E-03
21  6-3.09841874E-02-5.78813797E-02 7.71964687E-02 6.70305929E-03-3.10993212E-03
21  7 2.63941093E-02-1.05604308E-02-7.68178550E-03 1.50147789E-03 1.48990660E-02
21  8 9.57833835E-03 1.09782453E-01-2.27611269E-01 1.08409456E-01-1.59687044E-01
21  9 9.15113338E-02 9.59131233E-02-3.07201072E-01 2.24548117E-01-9.91713650E-02
21 10-1.36675658E-02-4.51446082E-02 8.15179683E-02 8.44302106E-02-1.46394552E-01
21 11 8.09460959E-02 5.52578706E-02 1.47774207E-01 7.38075348E-02-1.95176222E-03
21 12-2.93372109E-02 2.57246176E-03-8.71482691E-02-3.16520105E-02-6.39485592E-04
21 13 1.03240065E-02 2.95883962E-02 1.63911617E-03 1.47064116E-02-8.91127368E-03
21 14 1.51098363E-04 1.15818126E-01-6.60584951E-02-2.46938997E-01-3.21888094E-02
21 15 1.42330721E-01-9.82019606E-02-2.37981822E-01 2.46742781E-02-2.64148433E-01
21 16-8.01509617E-02 1.11784752E-01-8.04762823E-02 1.92729774E-03-1.09921067E-01
21 17-5.02967648E-02-1.44721199E-01 6.54417173E-01-3.03217528E-01 7.79691462E-02
21 18 1.31450061E-02 1.90503387E-03-1.83162034E-01 1.98218920E-01-6.62776298E-02
21 19-8.03834103E-02-5.59493719E-02-6.48954903E-02-6.09033305E-02 1.74894538E-02
21 20-5.60038171E-03 2.36816425E-02 4.18866540E-01-5.81103023E-01-3.63366505E-04
21 21-5.54055292E-03-5.17012289E-03 4.44208143E-02-2.48025896E-03-2.08132946E-01
21 22-1.26549935E-02-1.03149339E-02 2.69553101E-02 3.38951490E-04-1.28746376E-02
21 23 1.53777064E-02
22  1 6.66222942E-05-5.74205595E-03 9.45678429E-03-6.78383140E-03 2.19688933E-02
22  2-5.99287930E-03-2.25233527E-02 5.31960567E-03-3.82739480E-03 7.26676007E-04
22  3-2.23681029E-02 3.67993075E-02-2.25541438E-02 4.75645475E-03 1.08077131E-05
22  4 7.97721334E-03 6.19154844E-03-1.24196328E-03-2.51937853E-03-1.67496874E-02
22  5 6.60209010E-02-1.85582781E-02-9.20648372E-04-3.50850585E-03-5.00544135E-03
22  6 1.09358073E-02 3.07197348E-03 2.30048930E-02-9.18819107E-03-1.43303238E-02
22  7-9.38948741E-03 5.12237853E-04 3.00332693E-03-1.76741172E-03 4.57033387E-03
22  8 4.11693006E-03-5.43568609E-03-8.08545226E-02 8.19862011E-02 2.28281494E-01
22  9 1.77385018E-01 4.25327913E-02 4.42055985E-01 3.26284951E-01 9.94446272E-02
22 10 6.14690487E-02-1.20553733E-01 8.47267235E-02-6.90298434E-02 2.31081014E-01
22 11 1.51839816E-01 3.89515096E-02 9.28618544E-02-1.97834569E-01-8.97801264E-03
22 12-7.87346868E-03 2.15143574E-03-1.15158160E-02-7.97301312E-02 4.06296809E-03
22 13 1.38059744E-02 2.52078644E-02 8.49090455E-03 1.10120962E-02-6.06795059E-03
22 14-1.52283543E-03 5.44292020E-02 2.89969285E-04-7.33287043E-02-2.16182677E-02
22 15 7.92774466E-02-6.38910446E-02-1.37862339E-01 3.99112371E-02-1.58284831E-01
22 16-5.09638501E-02 6.52294787E-02-5.31079125E-02 7.58126859E-04-6.65708593E-02
22 17-3.04230662E-02 1.79767039E-02-1.29335191E-01 8.31214068E-02-1.20577653E-02
22 18 6.93631536E-04 2.19629496E-03 1.91133637E-02-1.26700704E-02 2.84193893E-02
22 19 1.91051154E-02 1.07540059E-02 1.09036276E-02 2.94593600E-03-8.70444287E-03
22 20 1.32469567E-03 1.63515962E-02-1.62433985E-01 1.69346558E-01-9.27688603E-03
22 21-3.57265184E-03 1.57428193E-03 1.40696266E-01 1.07322156E-01 2.47725727E-02
22 22 3.68228214E-02-5.34495223E-04 5.07519007E-03-8.61443417E-04-1.57427844E-02
22 23-1.89385745E-02
23  1 1.88009976E-04 3.95335668E-03-2.55469301E-03 4.08683737E-03-1.09906389E-01
23  2 2.17415472E-01-1.02115901E-01-2.25477139E-02 1.85656482E-02 5.88709664E-03
23  3 1.03548452E-01-1.23986651E-01 7.95990491E-02-3.38464656E-02-2.79667747E-02
23  4-5.81798028E-02-1.94082616E-02 1.10940120E-02-1.36942810E-04 9.71328730E-02
23  5-2.27258509E-01 6.37248758E-02 9.44762813E-03 1.60467518E-02 3.08171540E-02
23  6-6.55722091E-02 1.08301263E-02-1.30790354E-01 4.23395199E-02 6.38164405E-02
23  7 3.78102294E-02 3.27794201E-04-9.87428056E-03 5.49944784E-03-1.37669457E-02
23  8-3.91479653E-03-6.92740885E-03-1.29699623E-02 5.45314231E-02 5.28152041E-03
23  9 1.18855428E-02-1.30534917E-03 1.48736428E-02 9.50517078E-03 1.41131168E-02
23 10 5.82993711E-03-1.91928767E-03 9.17835971E-03-3.74319105E-04 7.76288471E-03
23 11 5.81186915E-03-2.74370147E-02 4.60907271E-02-6.53915281E-02 5.52038657E-03
23 12 5.44102321E-03-5.77572978E-03-1.29354017E-01 6.88536653E-02 1.23374850E-01
23 13-5.82522213E-03-4.12224202E-02 9.27728292E-03 2.62076363E-02-1.80064734E-02
23 14-1.61437694E-02-4.20230961E-02 2.87394112E-02 6.79661347E-02-2.33614021E-01
23 15 6.59217261E-02 1.90777421E-01-3.71291123E-01 2.23492077E-01 4.04659011E-01
23 16-2.40817487E-01 1.20961722E-01 1.49937219E-01-1.00931169E-01 4.36881186E-02
23 17 1.85978649E-01 1.34167070E-04 9.05392064E-03 2.70254747E-02 4.05932393E-03
23 18 1.76666245E-03-2.08985945E-03-7.00980265E-03 1.28624285E-03-4.73677887E-02
23 19-3.54699037E-03-1.44032207E-03-5.21747328E-04-1.63178860E-03 1.19468517E-02
23 20 1.71325029E-04-5.12031536E-03 3.63636998E-02-1.09893952E-01-2.98881899E-03
23 21 2.05682059E-04 4.06493758E-03 2.73751917E-02-9.19624730E-03-3.59642185E-02
23 22 3.07842012E-04 2.45827802E-04 7.66851424E-04-9.82570104E-04-1.75688840E-03
23 23 9.78676990E-04
24  1-1.29258493E-03 4.76129962E-03-1.04833422E-01 3.50617898E-02-1.82648426E-01
24  2 2.57639066E-01-3.73375540E-02-4.81948789E-02 4.45573618E-02 1.23661929E-02
24  3 2.59021166E-01-4.58633136E-02 2.28917368E-02-4.46070498E-02-1.01505955E-01
24  4-6.50325073E-02-7.33231614E-03-8.57948236E-03-1.22181776E-02 9.60337861E-02
24  5-6.39318274E-01 8.04499829E-01 1.42756939E-04-2.15268459E-02 1.42160699E-02
24  6 1.95874862E-02 2.29102061E-01-3.10432550E-01 6.36419430E-02 1.21960791E-01
24  7 3.09921989E-03 2.16514134E-02-1.25867978E-02-1.02697672E-02 1.73926349E-02
24  8 1.07680872E-02 4.26713715E-02 6.59960265E-02-3.94178275E-01 3.01638562E-02
24  9 5.16966351E-03 2.26126943E-02 4.24766858E-02 1.01830941E-01-7.14155013E-02
24 10-4.40708680E-03-3.01922968E-02-1.78886819E-02-8.68857644E-03 2.12883357E-02
24 11 2.87329952E-02 4.36063530E-02-3.95180024E-01 7.43641724E-01 2.35466935E-03
24 12 6.96162451E-03-1.69695758E-02-8.00635568E-03-3.75281568E-02 5.41299685E-02
24 13 3.49908886E-02 3.28998106E-02 3.69615747E-02 5.46416060E-04 1.07476944E-03
24 14 6.94204402E-03 4.00412264E-02-1.77780512E-01-1.70049532E-01 3.17569984E-02
24 15 1.41247094E-02-5.38620832E-03-2.53761589E-02-8.99302426E-02-5.93159137E-02
24 16 2.44802062E-02-4.52245143E-03-3.10676120E-03 5.71058145E-03-4.73578339E-03
24 17-1.56601834E-02-5.82916073E-02 1.73838427E+00-1.57473342E+00 1.03919671E-01
24 18-2.91782204E-02-3.72593477E-02 2.43949654E-02-1.40811953E-01-3.13592652E-01
24 19-2.98325142E-01-1.23095182E-01-1.20884333E-01 5.50441668E-02 9.69130182E-02
24 20-1.97114922E-02 1.40851655E-02-1.21061560E-01 4.67618297E-01 1.92678055E-03
24 21 2.47572202E-03-1.38332819E-02-2.67373044E-02 1.82029394E-02 9.91783231E-02
24 22 4.88552760E-03-8.69361743E-04 1.39027178E-03 3.23534212E-03 2.43906800E-03
24 23-9.76504116E-03
25  1-3.17446594E-04-1.44486129E-02 1.21059025E-02 1.46082296E-03 1.26742821E-01
25  2-6.05842571E-01 8.59368429E-01 1.74203698E-02 9.03847004E-03 1.60284284E-02
25  3 1.84901481E-03 4.74510772E-01-2.69979019E-01 1.02758029E-01-2.64175409E-02
25  4 1.11788851E-01 4.86965559E-02-4.93620477E-02-2.33187312E-02-1.86884508E-01
25  5 8.87413093E-01-8.39169258E-01-1.32778262E-02-1.13570457E-02-3.96400083E-02
25  6 3.25560491E-01 5.48934051E-02 1.93172417E-01-1.15746530E-01-1.13697006E-01
25  7-1.20457823E-01 2.34631058E-02 6.52738132E-02 1.73454091E-04-1.10834901E-02
25  8-9.59268108E-03-9.08025508E-03 7.35353605E-02-1.03088182E-01-1.41435507E-02
25  9 1.30880425E-02-2.42621166E-03-1.71892548E-02 5.60484188E-03 9.25796488E-03
25 10-2.46978045E-03-5.75850357E-03 5.41786475E-04 6.89305774E-03-9.71027062E-03
25 11 6.57572999E-03-9.06060912E-04-2.01373243E-02 9.57296551E-02 6.06723250E-05
25 12 5.38431761E-04-1.96154145E-03-2.21482571E-03 1.33128867E-02 2.32899637E-02
25 13-6.61937525E-04-2.25501458E-03 1.96784038E-03 1.72391328E-03-5.48672934E-04
25 14-2.67684493E-03-7.98988915E-03 9.20471632E-02-9.22447558E-02-2.45248119E-02
25 15-1.22393103E-02 2.10012508E-02-8.57100631E-03 2.62286312E-02 7.92380093E-02
25 16-2.19755266E-02-5.33757151E-03 1.68513094E-02-1.48932849E-02 1.13425776E-02
25 17 1.85722127E-02 3.81473320E-01-3.57313946E-01 3.72218618E-02-6.38987666E-02
25 18 4.99541395E-02-3.98870435E-02 4.45706837E-01 3.11979032E-01-3.56917786E-01
25 19-6.52008034E-02 9.67125241E-02 7.14490597E-02-8.67996388E-02 9.79567456E-02
25 20 4.15079765E-04-3.40163007E-03 9.27952151E-03-7.23608980E-02-7.69396109E-03
25 21 1.45922612E-03 3.61416656E-03 5.97693653E-02-1.87042486E-02-6.10098618E-02
25 22 2.55644342E-03 2.84940889E-03 7.28228042E-03-2.41104435E-03-1.44030645E-03
25 23 3.02521450E-03
26  1 4.75701041E-04 2.28515912E-02-7.21396621E-02 1.98744844E-02 1.17519757E-01
26  2-6.44170515E-01 8.46310443E-01 8.53229193E-03-1.97881263E-02-9.67035067E-04
26  3-1.53023248E-01 1.58988152E-01-1.77277137E-01 4.34455138E-02 5.96966915E-02
26  4 9.58481046E-02 2.66230239E-02-3.33109151E-02 1.59941879E-02-2.11933372E-01
26  5 5.83005444E-01-4.43256365E-01-2.37991484E-02-1.56584203E-02-4.14472484E-02
26  6 1.68479408E-01-6.78016501E-02 2.76863348E-01-1.02751692E-01-1.29783602E-01
26  7-7.27473338E-02 4.79933957E-04 1.69561258E-02 9.04802631E-04-1.79337552E-02
26  8 1.10137990E-02-7.47173719E-03 5.27538297E-03-1.67996069E-01 3.15603967E-02
26  9-4.37525028E-02-1.05764456E-02 4.95320350E-02-6.95203983E-02-2.28265256E-02
26 10-3.39275847E-03 1.56612853E-02-2.79844679E-02-1.90812776E-02 2.16737433E-02
26 11-2.90917565E-02-1.43000259E-02 9.60091672E-02-2.16090425E-01 5.33342822E-04
26 12 4.78010445E-03-4.08126295E-03-1.38486972E-02-3.48759050E-02 4.34908044E-02
26 13-1.40244573E-02-1.07646940E-02-7.61226813E-03 4.47523769E-03-2.95392900E-03
26 14-1.05044321E-02-6.28487917E-02 4.73068123E-03 1.88185928E-01-4.04952464E-02
26 15-2.75246535E-02 3.78693147E-02 2.44701219E-02 6.71675515E-02 1.50021664E-01
26 16-6.02138139E-03 1.24658794E-02 4.72300661E-02-1.11099399E-02 2.98892514E-02
26 17 4.02239159E-02-2.62375516E-01 1.66648989E+00-1.43453836E+00 9.62841133E-02
26 18 2.22676693E-02 7.27987831E-02-1.90601551E-01 1.20535925E-01 4.35070739E-01
26 19-2.14575068E-01-1.49130153E-01-1.48005398E-01-4.39936199E-02-1.38116583E-01
26 20-2.22231773E-03 3.44816521E-02-2.76866324E-01 7.25897331E-01 8.30036319E-03
26 21-1.21113950E-03-6.98902806E-03-9.33939745E-02 3.46232339E-02 1.25235900E-01
26 22 1.59503648E-02 1.59937721E-02 6.45344772E-03 2.87594501E-03 5.24151005E-03
26 23-5.80061959E-03
27  1 3.01877072E-06 1.95754467E-03 7.25841876E-03 2.75320923E-03 2.91762852E-03
27  2 3.13426032E-04 1.33649704E-02 2.71911234E-03-4.00350258E-05-1.04947139E-03
27  3 3.70934472E-02 3.71411760E-02-1.89171518E-02 1.13729557E-02-7.66853768E-03
27  4 5.23358359E-03-1.02350253E-03-6.95614743E-03 3.28201132E-05-2.24907427E-03
27  5 3.00857047E-02-6.52552571E-02 2.22981553E-03 2.94654020E-03-3.40905458E-03
27  6 1.75327249E-02-3.20321121E-02-1.23771728E-03-2.39800628E-03-2.81107149E-03
27  7-4.17918163E-03 8.91427664E-04 6.29038871E-03-2.17855222E-03 3.48027267E-02
27  8 7.23216683E-02 4.05577371E-02-1.33149282E+00 1.88618431E+00-3.12700178E-02
27  9-1.37851573E-02 8.90847430E-02-1.45553614E-01 1.09208646E-01-3.13646002E-02
27 10 7.11520333E-02 7.76787740E-02 1.88258042E-01 1.67292626E-02-3.12928740E-02
27 11-2.23300214E-02 7.44651045E-03-5.35005412E-02-5.69618149E-01-1.75519075E-03
27 12 8.73585910E-03-4.21475054E-03 3.34733120E-04-4.36422964E-02 1.85741283E-03
27 13 1.40980979E-02-7.41083740E-04 1.02212312E-02-2.28166031E-04-4.70541446E-04
27 14 6.90144393E-03 2.17939415E-02-5.94289203E-01 9.64507643E-01 1.36696735E-02
27 15 3.57031968E-02 1.19015714E-02-6.30985430E-02 1.14897968E-02-7.52478084E-02
27 16 3.64617282E-02 7.05212879E-02 3.37361162E-02 1.96981226E-02 5.87194867E-04
27 17 1.03717304E-02 5.21991259E-02-1.60218934E-01 1.36767077E-01-1.37785332E-02
27 18 1.44010403E-02-4.34609834E-03 5.45424170E-02 9.51261640E-02-4.79284286E-02
27 19 1.05117387E-02 2.18698552E-02 1.63653228E-02-2.84573594E-02 1.16355401E-02
27 20 2.18655256E-03 3.37462568E-02-3.36144361E-01-2.91990911E-01 5.74001117E-03
27 21-3.17145467E-03-9.56194629E-03-5.40450821E-02 4.47790704E-02 2.09204896E-02
27 22 3.25937918E-02 3.45579484E-02 2.69640166E-02 3.53522308E-03 6.87510841E-03
27 23-1.37796326E-03
28  1-1.09756781E-03-2.83674006E-02 1.42978310E-02 4.45157648E-03-2.72532208E-01
28  2 1.00458532E+00-1.08809704E+00-5.09419159E-02 3.98454931E-02 2.87723964E-02
28  3 4.76074258E-01-4.19964595E-03-7.37802842E-02-7.40966259E-02-1.81622681E-01
28  4-1.44367314E-01-1.25492117E-02-7.36383530E-03-1.87951797E-02 2.93152717E-01
28  5-1.09744564E+00 1.31272818E+00 3.39163930E-02 1.65063339E-02 2.20618539E-02
28  6-2.22463332E-01-2.06149954E-02-3.49078095E-01 1.43052580E-01 1.82499972E-01
28  7 9.37508270E-02 1.07267187E-03-1.26676884E-02-3.22858998E-02-9.90562671E-03
28  8-1.18034149E-02-3.74604157E-02 1.60892076E-01-1.22573616E-01 6.71057476E-03
28  9-2.63523611E-02-3.46361136E-02 2.49111859E-02-1.22764729E-01 4.09915630E-02
28 10-8.34848635E-03 1.68568368E-02-3.18662824E-02-9.13644100E-03 5.22955183E-03
28 11-3.04910106E-02-3.90108198E-02 4.04081815E-01-6.66803740E-01-2.94472132E-03
28 12-9.69648995E-03 9.52142963E-03 1.06721543E-02-1.04183372E-02-3.99239062E-02
28 13-3.76712395E-02-2.06672672E-02-3.80247535E-02-1.23283274E-03 2.77364779E-05
28 14-6.59618439E-03-6.05817341E-02 1.53163965E-01 7.12193050E-02 1.00608425E-02
28 15-7.00629325E-03-3.60326204E-02 7.44736904E-02 3.59191499E-02-3.72470795E-02
28 16 1.72857113E-02-3.07285971E-03-2.82058810E-02 2.01681652E-02-1.05205563E-02
28 17-1.78518721E-02 1.48024826E-01-8.92999885E-02-1.32027637E-01-3.77098835E-02
28 18 7.12722842E-02 3.23534037E-02 2.16896011E-01 4.87593741E-01 2.04258142E-01
28 19-4.02219565E-02 2.88705737E-02 1.85468889E-02-1.41533328E-01-6.68993321E-02
28 20 1.02798957E-02-1.49696290E-03-2.27668606E-02 2.20681520E-01-4.23684382E-04
28 21 1.73837290E-03 1.27648115E-03-1.18532449E-02-1.22495517E-02 2.98812753E-02
28 22-4.80857527E-03-1.31030722E-03-7.02840260E-03-1.48392709E-03 1.13598406E-03
28 23 1.98054019E-03
29  1 5.60517962E-04 1.75094003E-02 5.37006828E-03-6.07168621E-03 7.42919075E-02
29  2-2.57744168E-01 3.24010112E-01 1.75850175E-02-1.45953433E-02-1.22020747E-02
29  3-5.31024767E-02 3.67238227E-02-1.07404932E-02 3.62659713E-02 4.12952714E-02
29  4 4.56612271E-02-3.38895481E-03-1.21198784E-02 1.11025474E-02-8.71235995E-02
29  5 3.24134755E-01-4.38347459E-01-6.16727598E-03 1.58769470E-03-1.16866406E-02
29  6 8.40631763E-02-8.76603486E-02 8.58049821E-02-4.25118177E-02-5.84407559E-02
29  7-3.03173113E-02-5.66128568E-04 1.07262508E-02 2.97929284E-03 6.97073878E-02
29  8-4.13325368E-02-4.70320072E-02 6.19153988E-01-7.97791938E-01 1.51578953E-02
29  9 1.61548706E-02-5.40864189E-02 8.15662713E-02-1.14575491E-01 6.27836014E-02
29 10-2.80813042E-02-2.52247541E-02-7.76736829E-02-8.09083771E-03 1.91972282E-02
29 11 2.69101871E-03 6.35531913E-03-6.89531870E-02-7.74867169E-01-6.27745768E-03
29 12-2.70608372E-02 1.02401254E-02-2.68802687E-03 1.41897577E-01-7.39237068E-02
29 13 9.79693870E-03-3.40192684E-05 9.30750709E-03-3.61448876E-03-1.96419210E-03
29 14 1.44779761E-03 2.01260641E-02-1.24814397E+00 2.04065651E+00 2.25697318E-02
29 15 9.93005478E-02-8.49499173E-03-9.40207324E-02 1.03132499E-01-1.91027045E-01
29 16 8.31023852E-02 1.92403777E-01 5.39365732E-02 6.49743146E-02-1.52708081E-02
29 17 1.35401356E-02 3.98605931E-03-3.72576008E-02 3.41494838E-02-7.96559486E-03
29 18 4.44009680E-03 4.46772784E-03 1.41558462E-02 1.39107246E-02 2.92510392E-02
29 19 4.07228645E-03 3.89549438E-03 4.69787071E-04-6.74868175E-03-8.57217250E-03
29 20 2.59793367E-03-1.30376477E-02 6.42243915E-02 2.42857699E-01-6.01810760E-03
29 21 7.58447904E-03 1.13365847E-02 5.48767283E-02-6.17498659E-02-6.51285486E-02
29 22-6.25321763E-03-3.98735656E-03-4.14921148E-03-3.23494007E-03-4.82016802E-03
29 23 3.54654333E-03
30  1-1.13169139E-04 1.40450147E-03 1.69042924E-02 2.85937055E-02-3.02404733E-02
30  2 7.85258095E-02-4.62633329E-02-7.94454807E-03-5.23469910E-05 4.37974821E-03
30  3 8.11342296E-02 4.65477711E-02-7.90061280E-02-4.12145580E-03-2.25526541E-02
30  4-8.16799298E-03 2.25845876E-03-1.17987165E-02 4.46709750E-03 2.46865282E-02
30  5-7.98750729E-02 8.33106004E-02 5.93127511E-03 9.26204282E-03-4.50504420E-03
30  6-4.38629375E-02-1.02135416E-01 1.98036149E-02 7.98633664E-03 3.11362897E-03
30  7 1.50626909E-02-6.79401421E-03 1.29256710E-03-8.93075317E-03 3.79317391E-02
30  8 3.67152516E-02 1.90931181E-01-1.80490099E-02-6.46213736E-02 5.33469206E-02
30  9 2.98653156E-02 6.49356834E-02 3.62886034E-02 2.98611640E-01-1.98461344E-01
30 10-1.15734718E-02-7.33697871E-02-3.44443387E-02-7.46487377E-03 2.34738572E-02
30 11 8.67098313E-02 1.24292356E-01-1.00781553E+00 2.15627548E+00 4.30561748E-03
30 12 1.82540136E-02-3.27438009E-03 1.92225865E-02 5.84039634E-02-4.40237345E-02
30 13 9.97231044E-02 6.25777007E-02 8.73433577E-02-5.67806165E-03 3.07662334E-03
30 14 2.38731185E-02 1.09250953E-01-1.62804274E-01-7.63236187E-01 2.49292512E-02
30 15 2.74915875E-02 6.43297739E-02-1.50147182E-01-1.71781737E-01-1.62537950E-02
30 16-3.18398440E-02-3.71865475E-02 1.34045626E-02-2.59729920E-02 1.38742183E-02
30 17 1.20103724E-02-2.59128285E-02-4.75623772E-02-6.21875805E-02-2.19857491E-02
30 18 3.31619766E-02 3.65791860E-02 1.95270472E-02 2.61487052E-01 2.42607019E-01
30 19 1.49031579E-02-5.49978417E-03-2.67981853E-03-7.32580533E-02-7.51306406E-02
30 20 9.52058254E-03-5.79617739E-02 1.04593951E+00-1.11887978E+00 1.87374726E-02
30 21-6.48755111E-03-3.61848254E-02-1.47381707E-01 4.98725179E-02 3.18828739E-01
30 22-9.04246891E-02-1.01799179E-01-8.78365485E-02 1.15892771E-02-8.29651334E-04
30 23-2.22850792E-02
 $END   
 $GRAD  
E=     -534.6550080400  GMAX=   4.8933925  GRMS=   1.9060038
CL          17.    4.0891995562E+00   -1.7913212255E+00    4.8933924560E+00
C            6.    2.9621952478E+00   -7.9915155349E-01   -1.5013729039E+00
C            6.    1.4996671966E+00    8.8854254399E-01   -3.0363148884E-01
O            8.   -1.0717873406E+00    2.8102180835E-01    4.5638836470E-01
H            1.   -4.8443760925E+00    3.5216587181E+00    1.5017029546E+00
H            1.   -2.5128884173E+00   -1.5629746983E+00   -4.0052394145E+00
O            8.   -9.2409784284E-01   -1.9967983364E+00   -1.1787829397E-01
O            8.    2.8004774692E-01    3.7302601756E-01   -2.4490747350E+00
H            1.    4.9435731990E-02   -6.4639735767E-01    1.7936668501E+00
H            1.    8.1854416676E-02    6.5253033387E-01   -3.8071961587E-01
H            1.    8.5941397842E-01    1.2626526217E+00    3.4561700484E-01
H            1.   -5.6814229925E-01   -5.8335372516E-01   -2.7196188994E-01
H            1.    9.9478117893E-02    4.0056485292E-01    3.9110711772E-02
 $END
-------------------- DATA FROM NSERCH=   7 --------------------
 COORDINATES OF SYMMETRY UNIQUE ATOMS (ANGS)
   ATOM   CHARGE       X              Y              Z
 ------------------------------------------------------------
 CL         17.0   3.1025041646   0.2777225772   0.1498747203
 C           6.0   1.8768855577   0.8921838312  -0.9823024282
 C           6.0   3.3764336101   1.7675092436  -1.7606272683
 O           8.0   2.5370467411   2.8210851040  -2.4781588609
 H           1.0   1.8024916287   1.1275415713  -0.5984896291
 H           1.0   2.1575002448   0.2726355160  -1.2505387718
 O           8.0   3.3909137298  -0.0446650633  -4.0926200627
 O           8.0   3.6879242082   2.7789577430  -5.0717390653
 H           1.0   3.6567608380   2.9153445066  -5.4374546067
 H           1.0   3.6454320662   0.8102481358  -4.3621697725
 H           1.0   3.1666115828  -0.3296609548  -4.2181035737
 H           1.0   3.7252244702   1.8008659490  -1.7580787825
 H           1.0   3.2983411579   3.0261118404  -4.1824118986
--- CLOSED SHELL ORBITALS --- GENERATED AT 17:29:47 12-AUG-2026    
Chloroacetaldehyde hydrate and water                                            
E(R-WB97X-D)=     -539.9972139221, E(NUC)=  312.0410802418,   12 ITERS
 $VEC   
 1  1 9.99985042E-01-3.33884339E-06-5.51333479E-06-5.09604575E-07 1.97581069E-04
 1  2-1.27071955E-03 6.42142074E-04-1.86919171E-04 1.23064115E-04-1.21361134E-05
 1  3 1.94007952E-04-4.24144207E-05 1.02424972E-04 6.28258701E-05 8.06332123E-05
 1  4 9.45024313E-05 2.62359458E-05 3.39903993E-06 2.07769769E-05 1.34744268E-04
 1  5-7.20975019E-04 1.08013952E-03-1.33646715E-04-1.24183764E-04-2.12178020E-04
 1  6 1.30622071E-04 4.13417405E-04 4.67110281E-04 7.82849618E-06 9.38158895E-05
 1  7 3.22070271E-05-4.32254195E-05-4.69064142E-05 8.99051758E-05-8.89646352E-07
 1  8 9.46610537E-08 8.41598744E-06-5.19427341E-05 7.72929323E-05 2.71808851E-06
 1  9-3.55827113E-07-4.91412902E-06-6.09420931E-06 3.46114523E-07 1.04138107E-05
 1 10 9.38921661E-06 8.84219360E-06 1.01584501E-05 4.59888598E-07-9.30527519E-07
 1 11-3.34578585E-07-2.70222153E-05 1.43080155E-04 4.24776370E-05-2.05051087E-06
 1 12 4.80483040E-06 3.74128569E-06-1.16689621E-05-3.45432511E-05 5.29936750E-06
 1 13-1.94052136E-05-1.51995201E-05-2.51839424E-05 6.70684263E-06-1.36809869E-06
 1 14-8.82032699E-06-4.06777024E-05 2.24275066E-04-3.04767106E-04-5.74759474E-06
 1 15 2.23957041E-05 3.37279638E-05-2.91750363E-06-8.42256351E-05-6.86040996E-05
 1 16-3.16125555E-05-4.53942479E-05-4.03474949E-05-7.21772330E-06 5.63022884E-06
 1 17-2.31360758E-06 1.38484311E-04-6.40538834E-04-1.93386570E-05-7.40227142E-05
 1 18-6.20191214E-05 4.59628680E-05 1.92267084E-04 1.59224716E-04-1.13878023E-04
 1 19 1.44631240E-04 1.48638353E-04 1.60126204E-04-2.08512835E-05 1.29776509E-05
 1 20 1.12775509E-05-2.68613563E-05 1.42347471E-04-1.28906810E-04-6.32296278E-07
 1 21-3.38084040E-06-4.20422711E-06-1.48872109E-07 7.67991053E-06 1.32121484E-05
 1 22-2.67612460E-05-2.75073979E-05-2.85326248E-05-5.29425478E-08 1.02539592E-06
 1 23 2.60301008E-08
 2  1-4.03083082E-05 2.84716058E-05-1.23160659E-05 1.44553108E-04-4.05926258E-04
 2  2 3.57687404E-03-8.41740448E-03 1.01368377E-04-1.83777798E-04-2.47094232E-04
 2  3-3.55572580E-04 5.06571502E-04 7.11855936E-04-4.47035541E-04-6.45309752E-04
 2  4-5.75514000E-04 1.14316745E-04 1.05351609E-04-2.28844343E-04 3.15866984E-03
 2  5-1.59510838E-02 1.48299012E-02 4.93262906E-05-1.16654750E-04 8.85881244E-06
 2  6-4.18743475E-04 7.73129190E-04 3.49528617E-04 2.92262887E-03 3.07713836E-03
 2  7 2.98550184E-03-6.35806557E-05-2.92723140E-05 1.77857808E-04 7.04489536E-01
 2  8 3.75155914E-02 1.58335014E-02-6.37726849E-04-1.23444532E-02 2.16032995E-03
 2  9-1.28862015E-02 2.47509660E-02-2.35109649E-03 1.22445482E-02-4.83162821E-03
 2 10-1.93848039E-03-2.70114765E-03 1.78034498E-02-4.55074627E-05 1.18590442E-03
 2 11-6.97992589E-03 3.30430166E-02-1.77004142E-01 4.06962213E-02 1.37628192E-02
 2 12 2.32968296E-02 2.46242245E-04 4.86671001E-02 1.51489718E-01-3.53411886E-02
 2 13 1.58099712E-02-8.37598568E-02 3.00683477E-02-5.11518867E-02 1.17713887E-02
 2 14 2.50501604E-02 2.45760796E-01 1.70303746E-01-3.18548655E-02 2.57854513E-01
 2 15 3.30592577E-01 1.43076090E-01 1.25291769E-02 7.55771551E-02-4.26720784E-02
 2 16 4.17588666E-03 1.54445332E-01-1.02471215E-01 2.35916124E-01 7.92622632E-02
 2 17 9.72836234E-02 1.34658528E-03-6.76815147E-03 2.67715570E-03 3.67851894E-04
 2 18 7.50742766E-05 3.35202131E-05-5.45797118E-04 4.14260374E-04 6.28381819E-04
 2 19 9.88524288E-04 9.91742916E-04 7.99663942E-04 2.18427194E-05-2.12682741E-06
 2 20-4.16375186E-05 6.03710296E-03-1.90343706E-02-1.98997058E-03 1.60808430E-03
 2 21-5.07189283E-03-1.02789120E-04-5.18257239E-03 1.28610405E-02 4.99495422E-03
 2 22 6.69003135E-03 3.53128713E-03 1.33136853E-03 1.20494639E-03 2.33857405E-03
 2 23-5.87104876E-04
 3  1 6.24682404E-06-6.23388049E-06 5.11409762E-05 1.02371685E-03-1.07261724E-04
 3  2 4.20927808E-04 1.76412024E-03-2.70727498E-04-1.97463610E-04 1.42450700E-04
 3  3 9.20312653E-04 1.46633424E-04-6.94997271E-04-9.68430338E-05 3.89671754E-05
 3  4-8.57382240E-05 3.19579188E-05-6.51761095E-05 9.42145273E-05-2.41943548E-04
 3  5 6.56224196E-04 3.79825631E-04-2.65401498E-04-8.59534838E-05 1.27416381E-04
 3  6 9.21144878E-04-5.90292257E-05-6.24175430E-04-1.69425650E-04-3.98283361E-04
 3  7-2.75337779E-04 6.77373569E-05-5.12794985E-05-9.70970070E-05-3.74961723E-02
 3  8 7.07019233E-01 2.42080296E-01 1.01720238E-01-1.67764815E-02 3.53210311E-02
 3  9-1.53208462E-01 4.05521883E-01-3.54843935E-02 3.80012724E-02 3.19838642E-02
 3 10-1.23178927E-01-8.39041035E-02 2.81818975E-01-1.30344959E-02 1.18008357E-02
 3 11-1.41643581E-01-4.63580284E-04-3.76963166E-03 2.09515177E-02-4.99810735E-05
 3 12-5.75259514E-03-3.02096922E-04-3.16308249E-03 6.13209396E-03 2.00052052E-03
 3 13-1.02008589E-03 6.41229871E-03-1.51630513E-03 1.48999993E-03-5.39825197E-04
 3 14-1.23680523E-03-1.41646516E-02 4.90367705E-04-9.30873409E-03-1.37523949E-02
 3 15-1.65024621E-02-7.72753528E-03 1.95160852E-03-1.72672763E-03 1.66790878E-03
 3 16-7.93793780E-04-7.82477651E-03 4.45512772E-03-1.13875517E-02-4.43571201E-03
 3 17-5.58109756E-03-1.38884656E-03 8.76793366E-03-1.15579218E-02-7.64767080E-04
 3 18 2.09427799E-04-1.61332485E-03 1.45988557E-03-2.84219405E-04 3.54939684E-03
 3 19-6.54866974E-04-7.31004908E-04-1.13919346E-03 3.91437126E-06-4.53192925E-05
 3 20 9.31850089E-05 3.08286214E-02-1.10831141E-01 6.95550200E-03-9.51551010E-04
 3 21-3.64495945E-03 1.21659450E-02-4.29800199E-02 2.72778640E-02 1.11978075E-01
 3 22 1.63741482E-02 2.60177698E-02-7.39671129E-02 5.21067505E-03 4.16295079E-02
 3 23-2.02820248E-02
 4  1-7.21433043E-05-5.39670620E-03 6.25157152E-01-2.29104360E-01-5.29310012E-03
 4  2 1.06049643E-02 1.82514867E-03-3.75026007E-03-1.35105775E-04 4.02145147E-03
 4  3 7.47169674E-03 4.14858382E-03-3.68482747E-03-2.51070359E-03-3.21206460E-03
 4  4-5.53849295E-03 1.50917488E-03-4.01132323E-04-1.71868980E-03-1.93581546E-03
 4  5 6.05757213E-04 1.60759863E-02-2.94791072E-03-2.87759880E-03 7.94631870E-04
 4  6 7.78034397E-03 7.59215917E-03-2.06526612E-03-6.62409671E-04-1.34965898E-03
 4  7-1.70603572E-03 1.50598131E-03-1.38766180E-03-2.28196082E-04 8.13590088E-05
 4  8 1.46015536E-04 1.88583463E-03-1.03615676E-02 1.15920403E-02 4.38797744E-04
 4  9-1.00549230E-03-3.46817106E-04-6.18288932E-04 2.54033326E-03-1.58624438E-03
 4 10 2.03794521E-03 1.64030286E-03 9.05681077E-04 4.71997805E-05 9.95793124E-05
 4 11-1.63050925E-04 1.52106865E-03-9.03063334E-03 2.78546673E-02 8.14921262E-04
 4 12-5.15641207E-04-2.88097181E-03-3.49359314E-03-1.28139824E-03 7.93849792E-03
 4 13 5.01535663E-04 1.53723978E-03 1.05988883E-03 6.31412534E-04-1.59986382E-04
 4 14-1.18098177E-05 2.00932321E-03-9.99846853E-03-7.04843018E-03 2.52670746E-04
 4 15 8.04359282E-04-1.93606494E-04-1.21028887E-03-4.30999191E-03-1.44125544E-04
 4 16 1.65494079E-03 7.54931331E-04 1.85880183E-03-1.39998967E-04-2.17569092E-04
 4 17-4.91204437E-04 3.40799766E-01 3.20071807E-02-5.46471514E-02-4.09852607E-01
 4 18-3.66537623E-02-4.34405738E-03 8.31342164E-02 8.57609091E-03 1.56924887E-03
 4 19 2.02244727E-01-9.77255333E-02-1.00037187E-01 3.00998101E-02 3.74338042E-03
 4 20-2.46736817E-04-8.90471721E-03 4.43372033E-02-3.35229473E-02-1.04284264E-03
 4 21-4.97958011E-04-8.42872059E-04 2.44352555E-03 1.29471086E-03 2.34443493E-03
 4 22-7.63284341E-03-8.11281022E-03-6.36486560E-03-1.05486454E-04-2.47716947E-04
 4 23-9.06400713E-05
 5  1-1.38649466E-04 2.15445443E-02 1.50011251E-01 9.63878721E-01 1.69182828E-02
 5  2-4.55427111E-02 1.93864118E-02 5.36381597E-03-2.62243909E-03-1.13945794E-02
 5  3-8.23587335E-03-1.21358170E-02 1.74307602E-03 8.64490052E-03 1.19282405E-02
 5  4 1.83062041E-02-2.69769579E-03-2.31017839E-03 7.51396376E-03 2.44750899E-03
 5  5-7.83925180E-03-3.03793138E-02 2.63328331E-03 3.09385971E-03-2.14650412E-03
 5  6-7.08318159E-03-1.06216904E-02 2.57867971E-03 2.17297283E-03 3.68557650E-03
 5  7 1.43130367E-03 1.35088409E-05 1.54558714E-03-9.89194916E-04-9.62544223E-05
 5  8-1.21854748E-03-1.26944586E-02 7.20129821E-02-9.22995012E-02-2.28273928E-03
 5  9 3.16686770E-03 3.62448586E-03 1.26996178E-03-5.38869096E-03 5.76983662E-03
 5 10-1.25596405E-02-1.16957055E-02-5.93535685E-03-4.24805425E-04-1.90634692E-03
 5 11 1.84755286E-03-6.71003665E-04 8.33866427E-03-6.46367535E-02-2.35305950E-03
 5 12 2.94000316E-03 7.63022169E-03 8.93342776E-03-5.99606962E-03-2.21390142E-02
 5 13 1.03353307E-03-7.09571429E-04-1.24732609E-04-8.05923885E-04 2.81587566E-04
 5 14-8.49097283E-04-3.57357934E-03 1.82628122E-02 1.51457305E-02-7.92371321E-04
 5 15-1.47204614E-03 9.49650087E-04 2.00010247E-03 7.00890206E-03-1.60830330E-04
 5 16-3.02550802E-03-1.58493045E-03-3.26008298E-03-4.17238967E-04 8.03581086E-04
 5 17 1.44685823E-03 1.16687064E-01-1.77421898E-01 1.43329809E-01-7.92889041E-02
 5 18-1.35762220E-02 3.51135240E-03-1.68274825E-02 6.29208061E-03-4.54014295E-03
 5 19 7.43012532E-02 2.39437621E-04-1.83429530E-03 8.02992577E-03 1.99869200E-04
 5 20 1.10090576E-03 4.75487242E-02-2.40636959E-01 2.01892361E-01 3.41105884E-03
 5 21 4.19201640E-03-2.30990708E-04-8.26372938E-03-9.04726807E-03 5.76067314E-04
 5 22 3.90931467E-02 4.12658126E-02 3.30840715E-02 2.08831958E-04 1.70384937E-03
 5 23 2.11337186E-05
 6  1-6.79983506E-05 6.62607648E-01 2.50036418E-04-3.36582623E-02 1.95897083E-01
 6  2 7.91532702E-02 2.71607092E-02 5.89042091E-02-1.80114338E-01-2.98480441E-01
 6  3 4.72524216E-02-1.12480771E-01-8.00403416E-02-6.01874992E-02 6.62764216E-02
 6  4 2.18681365E-01-6.01585088E-02-7.93612107E-02 2.29723020E-01 2.36500997E-02
 6  5-2.51583734E-01 2.00486330E-02-2.72066745E-03 5.87976060E-03-1.55740761E-02
 6  6 4.11849421E-02-1.04496152E-01-6.95636149E-02 2.38359536E-02 4.17765504E-02
 6  7-6.45588334E-04-1.55949683E-02 6.40148714E-03-1.78618630E-02-6.02131646E-05
 6  8 5.07677719E-05 6.02523581E-04-3.43039894E-03 4.36471788E-03 1.28908582E-04
 6  9-1.52467102E-04-1.87593181E-04-1.31320689E-04 2.93937098E-04-1.82187402E-04
 6 10 5.94499363E-04 5.45893518E-04 3.20455273E-04 2.81635636E-05 7.28012620E-05
 6 11-8.92317924E-05 1.03203728E-04-6.36096244E-04 4.96728480E-03 7.15269513E-05
 6 12-6.24558703E-06-5.38545318E-05-4.48611785E-04-1.75820534E-04 5.22400211E-04
 6 13 2.09442034E-04 2.66133827E-04 1.45791371E-04 7.43213736E-05-1.34423654E-05
 6 14-7.99407157E-05-8.48518152E-04 4.82808698E-03-7.51052804E-03-7.70683713E-05
 6 15 3.70009755E-04 4.72278439E-04-2.84818334E-05-1.44689670E-03-1.14575896E-03
 6 16-6.35552098E-04-8.51335382E-04-7.52139301E-04-9.44855892E-05 4.89917835E-05
 6 17-7.20994533E-05-3.27098216E-03 1.34683556E-02-7.08121109E-03 1.06399504E-03
 6 18 2.59487511E-03-2.70295186E-04-2.01561959E-03-5.52890696E-03-2.18923373E-04
 6 19-3.00648179E-03-2.68342096E-03-4.30949665E-03 1.78247916E-03-3.56060479E-05
 6 20-5.43074872E-04-2.16893570E-03 1.10403186E-02-9.59088625E-03-1.58052962E-04
 6 21-2.49961263E-04 9.61132061E-06 3.71722029E-04 5.84932094E-04 8.86068306E-06
 6 22-1.79708288E-03-1.88796371E-03-1.57210844E-03-1.37419899E-05-5.87029918E-05
 6 23 1.94232772E-05
 7  1-1.31487474E-02-3.91611003E-02-6.35792762E-04-3.45972059E-03-9.04776537E-02
 7  2-1.41662273E-03 2.71929244E-01-1.10844430E-01 8.99615470E-02-9.59898044E-03
 7  3 3.13202100E-01-1.42764425E-01 2.03542674E-01-6.72367461E-02-1.06922849E-01
 7  4-1.23897460E-01-5.04872542E-02 4.31812152E-02-1.90144916E-02-1.52881012E-01
 7  5 4.67843515E-01 4.46133753E-01-8.82914686E-02-3.81293609E-02-1.48852567E-01
 7  6 2.65720406E-01 1.89375060E-01 5.51219979E-01-1.55269671E-01-1.52661614E-01
 7  7-8.40492797E-02-2.81389488E-02 6.04568098E-02 5.47430039E-02 2.14054818E-04
 7  8-2.75664776E-05 2.10698616E-03-1.40553580E-02 2.57404688E-02 5.12605756E-04
 7  9-3.35676408E-05-1.15958411E-03-1.35133133E-03-2.88575362E-04 3.19471734E-03
 7 10 2.11594893E-03 2.20927428E-03 2.27096074E-03 9.84386688E-05 4.09222274E-05
 7 11-2.35587842E-04-8.94751655E-03 4.85571945E-02 1.29940880E-02-3.52114452E-05
 7 12 1.61211237E-03 1.38784109E-03-3.72292513E-03-1.07304400E-02-1.59933163E-03
 7 13-5.75028599E-03-5.09573195E-03-7.43798879E-03 1.23662543E-03-3.42147638E-04
 7 14-1.69929961E-03-1.43670279E-02 8.91655819E-02-1.26150171E-01-8.20837003E-04
 7 15 5.39689004E-03 7.56857385E-03-2.15344967E-03-2.73867853E-02-2.14047784E-02
 7 16-1.15960170E-02-1.53972007E-02-1.33721803E-02-2.27949429E-03 6.81415571E-04
 7 17-8.12052218E-04 8.23538132E-02-3.48498978E-01 3.27638632E-02-3.27573002E-02
 7 18-2.22179119E-02 1.32530815E-02 1.09178880E-01 6.92960396E-02-4.04109324E-02
 7 19 6.19460081E-02 7.06023286E-02 7.57740586E-02-8.06545082E-03 4.08285595E-03
 7 20 3.83827669E-03-6.15322494E-03 3.27747111E-02-4.07654516E-02 2.12792858E-04
 7 21-6.13386397E-04-2.96973726E-04-1.04926449E-03 2.17930272E-03 1.47903502E-03
 7 22-4.98429155E-03-5.08947203E-03-5.55962767E-03 4.96555680E-05 8.09223084E-05
 7 23 1.76284648E-04
 8  1 1.31767006E-03-4.08674894E-02-2.97532675E-03-2.38456268E-03-1.19113824E-01
 8  2 2.09775655E+00 2.91216440E-01-5.58375167E-02 3.25266298E-02-5.03072906E-02
 8  3 7.61621507E-01-8.25205784E-01-6.87078275E-02-1.39645874E-01-1.38265461E-01
 8  4-2.51484284E-01-1.38175937E-01 1.89637989E-02 6.83755465E-03 1.46393112E-01
 8  5-1.80997023E+00-4.08343204E-01 7.44517468E-02-3.96211504E-02 6.47342389E-02
 8  6-1.31381342E-01-5.70717960E-01-9.31792684E-01 1.75996010E-01 9.38331011E-02
 8  7 5.98519232E-02 5.47624428E-02-3.93796236E-02-1.13284387E-01-2.97770544E-04
 8  8 4.02993981E-05-1.08574944E-03 7.89624308E-03-1.24754407E-02-1.50986048E-04
 8  9-5.68139280E-05 4.42079358E-04 3.76185747E-04 4.11900080E-04-9.46176429E-04
 8 10-1.13128277E-03-1.22195545E-03-1.06353228E-03-4.40218849E-05-8.84511171E-05
 8 11 1.49221647E-04 5.26496860E-03-2.83642625E-02-4.68784849E-03-7.73925203E-05
 8 12-9.06908458E-04-6.49309504E-04 2.24018243E-03 5.77247168E-03 8.81223098E-04
 8 13 3.20727335E-03 3.21801627E-03 3.97985832E-03-5.54514192E-04 2.28148681E-04
 8 14 7.49437972E-04 5.92879963E-03-4.25494825E-02 7.16836640E-02 5.20558936E-04
 8 15-2.76082666E-03-4.26922481E-03 9.50783189E-04 1.48524473E-02 1.33007015E-02
 8 16 4.94645401E-03 6.66944742E-03 5.67433108E-03 1.20069141E-03-2.71921523E-04
 8 17 3.64132648E-04-2.97734201E-02 9.92082632E-02-1.13780591E-02 8.88182106E-03
 8 18 1.55018142E-02 5.81788526E-03-3.23152423E-02-3.21512017E-02-5.70153278E-03
 8 19-1.29612559E-02-1.63699113E-02-1.91779323E-02-4.43597659E-04-2.35148417E-03
 8 20-1.13261536E-03 2.14390515E-03-1.13323524E-02 1.66829703E-02-3.54889237E-06
 8 21 1.82615585E-04-1.68825875E-04-8.65748263E-05-6.05396162E-04 9.78407987E-04
 8 22 1.49861988E-03 1.52934270E-03 1.59277234E-03-5.74694768E-06 3.97773258E-05
 8 23-1.21034906E-04
 9  1 1.05604436E-02-9.82231307E-02 4.17300409E-02 5.19447234E-02-1.48882317E-01
 9  2 1.19449058E+00-7.90088608E-01 5.18037798E-02-9.70266980E-03 1.02174680E-01
 9  3 9.44582860E-03-1.02250085E-02 9.02963626E-02-7.45766860E-02-1.02493287E-01
 9  4-2.38382208E-01-4.47658413E-02 2.69595453E-02-7.28868547E-02-5.71032040E-02
 9  5 1.37304775E+00-8.72777682E-01 2.39549134E-02 3.87442071E-02 7.87562190E-02
 9  6-1.19051928E-02 3.24395388E-02 2.64710825E-02-1.28682748E-01-1.28462512E-01
 9  7-6.72656563E-02 8.13879126E-03 2.57639614E-02 3.22282102E-02-3.71124389E-04
 9  8 2.80005201E-03 6.56958197E-03-2.99923349E-02 8.50462774E-03 1.58325194E-03
 9  9-4.06388971E-03 3.21921660E-03 2.24100351E-03 9.31288618E-03-2.55601700E-02
 9 10 3.88978004E-03 3.35181105E-03-2.99030037E-03-1.06172088E-04 2.43689488E-03
 9 11-1.49240543E-03 2.41904205E-02-1.40472148E-01 1.23613712E-01 8.08898564E-04
 9 12-5.51546832E-03-9.61077642E-03-2.19158649E-03 1.66105911E-02 3.33044190E-02
 9 13 1.34284334E-02 1.64398612E-02 1.69847348E-02-4.54623342E-04 3.58904344E-04
 9 14 1.59351770E-03 3.09406550E-02-2.12543764E-01 2.23882663E-01 1.98449932E-03
 9 15-5.71538300E-03-1.17853662E-02 4.54934354E-03 3.31055051E-02 2.94836124E-02
 9 16 2.87788098E-02 3.18063561E-02 2.79712410E-02 4.75464442E-03-1.05826280E-03
 9 17-1.23281652E-03-2.82111312E-02 4.19073078E-01-4.50192601E-01-6.12877832E-02
 9 18 3.96188384E-03-5.86461784E-03 1.19770006E-01-1.14937607E-01 5.07414891E-02
 9 19-6.31570470E-02-5.88777749E-02-6.05863686E-02 3.40199371E-02-1.39006849E-02
 9 20 5.22705571E-03-1.74147492E-02 6.33336281E-02-9.39356457E-02-6.39492315E-03
 9 21-1.26646723E-03 6.91405091E-03 2.45223799E-02 7.25193312E-03-3.14531234E-02
 9 22-6.20148458E-03-6.81011356E-03-4.54465661E-03-3.81993018E-04 1.27901530E-03
 9 23-1.62629380E-04
10  1-5.50333669E-03 7.92975283E-02 9.90082864E-02 5.99279496E-02 1.23367502E-01
10  2-4.78142101E-01 2.09204306E-01-3.39997897E-02-3.09697770E-02-1.03883368E-01
10  3-5.97839416E-02-6.48664704E-02 1.44952751E-01-1.79879506E-02 5.86180088E-02
10  4 8.83215131E-02 1.20274185E-02 2.39946547E-02 5.05540119E-02-8.86019125E-02
10  5-5.99259183E-01 6.76845674E-01-2.81803246E-02-4.25513621E-02-7.41088050E-02
10  6 4.55869649E-02-6.82747353E-02 1.32490435E-01 1.18508647E-02-1.48929024E-02
10  7 1.52213271E-02-1.37482842E-02-1.24103344E-02-1.87656427E-02 1.13271661E-02
10  8 1.98237812E-02 6.59604957E-03-1.39131303E-01 1.36941175E-01 7.12624646E-03
10  9-1.27689364E-02 1.09097756E-02 6.43852002E-04 1.45055969E-02-4.66539155E-02
10 10 1.02415539E-02 1.32051383E-02 8.69173760E-03-1.31074801E-03 7.79133360E-03
10 11-1.06298378E-02-9.77478047E-03-3.23806061E-02 2.04002692E-01 3.06561715E-03
10 12 3.29371945E-04-9.01240078E-03-1.15636635E-02 1.21757599E-02 2.83596008E-02
10 13-1.58719120E-03-5.62089407E-03-1.66807214E-03-8.75255921E-04 5.45316933E-04
10 14 2.97854045E-03-1.42842196E-02 6.65732280E-02-2.12614552E-01 6.84632812E-03
10 15 1.27300369E-02 9.01677609E-03-1.21519124E-02-4.31481016E-02-2.28941370E-02
10 16-1.01728192E-02-1.27277071E-02-1.27412769E-02 2.99869989E-03 1.45414108E-03
10 17-3.64293971E-04 2.15183013E-01-4.25815713E-01-5.29021830E-01-1.82795480E-01
10 18-1.93422578E-02 2.89016369E-03 5.15301329E-01-8.59498812E-02 2.23061878E-02
10 19 3.48385628E-02 5.61174334E-02 6.14242449E-02 5.06124274E-02-1.71951644E-02
10 20 1.90895179E-02-5.63132980E-02 1.81171550E-01-3.49782565E-01-1.01402317E-02
10 21-3.80546585E-03 1.74449591E-02 3.13476104E-02 2.47216640E-02-5.93402858E-02
10 22-2.13949670E-02-2.13202091E-02-2.66706735E-02 8.15698480E-04 6.28266135E-03
10 23-1.78703604E-03
11  1-4.33506508E-04 9.59440856E-03 1.82837466E-02 4.32346054E-03 2.38556455E-02
11  2-4.03356388E-02-5.14461551E-03-2.35735411E-03-8.49597610E-03-1.44951188E-02
11  3-2.37394225E-02-1.67952110E-02 4.02406420E-02-5.84745673E-03 1.11714389E-02
11  4 5.73658898E-03 1.83452807E-04 8.11763358E-03 5.46405060E-03-2.06971839E-02
11  5-2.90602862E-02 6.90231357E-02-3.47233307E-03-5.04552845E-03-9.98148083E-03
11  6 2.68506181E-03-1.82366392E-02 3.56900173E-02-5.39455821E-03-1.18997118E-02
11  7 1.14706088E-03-2.90749063E-03-1.08695224E-03-1.90437157E-03-6.76491509E-02
11  8-2.00341487E-01 3.01638904E-01 3.62060077E-01 8.38602119E-02-2.94712452E-02
11  9 6.86418718E-02-1.12336355E-01 2.39998707E-02-4.66866588E-02 9.92602756E-02
11 10 6.35234739E-02 2.93662113E-02-1.35254593E-01 1.44488593E-02-2.53763616E-02
11 11 9.81395334E-02 4.28596682E-02 8.46663439E-02 3.24789249E-02-5.95070824E-03
11 12-1.15642082E-02 2.33610715E-03-1.65430385E-02-6.86307176E-02 2.41189918E-02
11 13 1.65728783E-04 3.39140132E-02-1.39525316E-03 1.41181721E-02-4.18140395E-03
11 14-1.23436175E-02 8.99380550E-02 8.38823296E-02 1.82610078E-02-3.15917522E-02
11 15-2.80810176E-02-2.71896977E-02 1.75939808E-02 1.00466406E-02 1.28243987E-02
11 16-1.48262294E-04-1.45090907E-02 1.46190397E-02-3.99800777E-02-2.14058061E-02
11 17-2.36590796E-02 3.93171631E-02-7.78676191E-02-8.83299205E-02-3.18661873E-02
11 18-3.41184786E-03-3.81900594E-04 8.75858794E-02-1.05471440E-02-6.69461053E-03
11 19 6.13737689E-03 9.37307490E-03 1.00709120E-02 7.22027763E-03 8.96653734E-04
11 20 3.52523112E-03 7.44707325E-02 2.34311620E-01 6.43443526E-02 7.93447386E-03
11 21-8.83921651E-04-2.46974756E-02 4.94200796E-02-4.97491005E-02-9.51370502E-02
11 22-8.41970320E-03-1.85387319E-02 5.98086328E-02-7.41706455E-03-3.99508941E-02
11 23 2.05006468E-02
12  1-1.65574022E-04 2.04040650E-03 7.78745556E-04 2.09847305E-03 2.69420266E-03
12  2-1.73595905E-02 1.97507833E-02-1.42228080E-03 1.72933376E-05-2.59646909E-03
12  3 8.76868146E-04-2.42400843E-03 7.75274206E-04 1.27910634E-04 1.53609999E-03
12  4 3.52141082E-03 4.95229979E-04 1.38435642E-04 1.52968978E-03-2.33271292E-03
12  5-1.67432221E-02 1.02052333E-02-8.13455194E-04-1.18321668E-03-1.85562617E-03
12  6 2.04374674E-03-1.36539291E-03-1.26925703E-03 3.60713196E-04-1.11360883E-04
12  7-9.59154930E-04-1.78229621E-04-4.86799555E-04-9.51269902E-04-2.06868532E-01
12  8 7.24701878E-02-1.29302737E-01-1.41273030E-01-1.48683717E-02 9.90371454E-03
12  9-2.33808452E-02 3.54081932E-02-7.58392375E-03 5.02342487E-03-2.28963485E-02
12 10-2.46867957E-02-9.61016465E-03 5.38646453E-02-5.54024242E-03 9.45690090E-03
12 11-4.05475846E-02 8.87145634E-02 2.50196943E-01 2.89687295E-02-1.43548252E-02
12 12-3.82681167E-02 7.13090092E-03-4.72427838E-02-1.59718524E-01 5.40057484E-02
12 13-7.89099169E-03 7.59255734E-02-1.53143774E-02 3.69775243E-02-1.03914759E-02
12 14-2.69354058E-02 3.26248562E-01 2.99529441E-01 1.03005850E-01-9.04560820E-02
12 15-8.79595233E-02-7.46157280E-02 5.16911205E-02 2.86823331E-02 3.85942752E-02
12 16-8.05554340E-03-6.24215074E-02 4.26342185E-02-1.31378374E-01-6.56705388E-02
12 17-7.56836469E-02 1.33161078E-03 4.95899203E-03-1.85575169E-02-2.21761788E-03
12 18-7.16895433E-04-4.14879396E-04 8.34033037E-03-4.17756010E-03-1.15970387E-03
12 19-1.45621779E-03-2.15896685E-04 2.27611047E-05 1.81353312E-03 4.56691567E-04
12 20 4.33532167E-04-3.02962314E-02-5.46058636E-02-3.17125925E-02-3.68728408E-03
12 21 3.36477563E-03 9.25398619E-03-1.27314380E-02 3.76667535E-03 3.16303388E-02
12 22-2.73847398E-03 2.22894106E-03-2.60132226E-02 1.40528363E-03 1.25920256E-02
12 23-5.78945947E-03
13  1-3.28203828E-04-2.52929726E-03-9.41087883E-03 2.33549706E-02-1.12856410E-01
13  2 7.56801604E-02 1.08986113E-01-7.51099221E-03 3.65528801E-02 1.56453867E-02
13  3 1.64739064E-01 4.74048390E-02-1.34722234E-01 6.41203233E-03-5.75619536E-02
13  4-2.25383346E-03-5.44040220E-03-3.72549699E-02 1.50372954E-03 4.21226377E-02
13  5-1.19842327E-01-2.32878006E-02 5.70381695E-04 7.83501776E-04 1.16568462E-02
13  6 4.55054407E-02 8.48962747E-02-1.43966715E-01 2.17055676E-02 4.88378585E-02
13  7-1.76190940E-02 1.07931969E-02 3.93658165E-03 2.52906000E-03-2.04954016E-02
13  8-5.03173876E-02 4.72936774E-01 1.46737111E-01 1.70384634E-01 3.14570526E-02
13  9-3.78132151E-02 1.20105193E-02 1.65200562E-02 4.47904496E-02-2.34188301E-01
13 10 2.99953411E-02 1.74773983E-02-2.07865029E-01-4.78863699E-03 1.14204926E-02
13 11 6.06124379E-02-6.34315052E-02-1.07004193E-01 2.67551904E-02 6.14461855E-03
13 12 1.10268974E-02-8.25058312E-03-4.45660013E-03 7.55240648E-02-3.66956648E-02
13 13 1.45908534E-03-3.89588229E-02-1.02222815E-02-6.00492822E-03 5.28343490E-03
13 14 2.80767208E-02 2.20965051E-01 1.52793791E-01-3.06118174E-02 1.38017871E-02
13 15-1.18914231E-03 1.92617930E-02-4.62576721E-02-7.86611071E-02-1.94985665E-02
13 16-3.08331262E-02-7.24992682E-02-3.82505975E-03-5.42528226E-02-1.29160348E-02
13 17-2.36724042E-02-3.62013654E-02 8.13327996E-02 9.15397888E-05 1.27452678E-02
13 18-1.14277684E-03 5.17017412E-03-2.88971862E-02-9.13227433E-02 1.03489802E-01
13 19-7.23415844E-03-8.61061590E-03-7.74385942E-03 2.60843281E-02-3.21655164E-02
13 20-2.73821484E-03-1.29522290E-01-8.67496324E-02-4.53625530E-01-1.69570962E-02
13 21-1.18779756E-03 3.91080864E-02-1.66212571E-02 9.64697672E-02-6.16061069E-02
13 22-1.80650196E-02-1.01418720E-02-3.59791740E-02 1.95233119E-02 4.18495502E-02
13 23-3.17225514E-02
14  1 2.64715180E-04-4.26781008E-03 9.61988526E-04-1.37042032E-02 5.13290927E-02
14  2-2.00550003E-02-6.29978970E-02 3.92374327E-03-1.65431589E-02-5.87995687E-04
14  3-8.25669903E-02-2.47635802E-02 5.68038910E-02-1.56301455E-03 2.88984301E-02
14  4-2.41024178E-03 3.33492759E-03 1.86326051E-02-3.70177910E-03-1.26849090E-03
14  5 4.15713447E-02 1.44849390E-02 1.52464564E-03 3.07821464E-03 2.47652571E-05
14  6-3.62066175E-02-4.19566900E-02 5.74566941E-02-3.38442237E-03-1.53493018E-02
14  7 1.53006171E-02-6.00712121E-03-3.36939301E-03-1.15382792E-03-2.40006667E-02
14  8 8.71615516E-03-1.48751859E-01-2.56255863E-02-1.01426551E-01-1.61085916E-02
14  9 2.24180076E-02-1.62584788E-03-9.91296781E-03 3.75557735E-03 8.39409327E-02
14 10-6.19171270E-03-9.89415701E-03 7.47889660E-02 4.69184023E-03-8.99610291E-03
14 11-7.24571290E-03-1.63833570E-01-3.01323885E-01-1.22593128E-01 1.17142214E-02
14 12 4.87444865E-02-1.68381063E-02 1.38086790E-02 1.68900064E-01-1.23992627E-01
14 13 1.36287878E-02-1.01524546E-01-1.57453292E-02-1.73810098E-02 1.46823063E-02
14 14 7.42148409E-02 5.40298897E-01 3.26092765E-01-2.03415040E-02 4.60420983E-02
14 15 9.95847704E-03 6.38084695E-02-1.45273553E-01-2.12748248E-01-5.95093874E-02
14 16-8.18696298E-02-1.77738934E-01-1.20845386E-02-1.29487071E-01-2.44841437E-02
14 17-4.83425857E-02 9.31533618E-03-3.59978978E-02 3.36493801E-02 1.05515040E-03
14 18 2.53405661E-03-1.73165319E-03-1.03319425E-02 6.02435067E-02-4.73543641E-02
14 19 5.93278890E-03 3.29073316E-03 2.26087773E-03-1.84594255E-02 1.46794232E-02
14 20 2.96545621E-04 6.82397245E-02 1.09231145E-02 2.36056787E-01 9.07631218E-03
14 21-3.33240919E-03-2.02963027E-02 3.04472560E-03-2.44120742E-02 2.53755083E-02
14 22 1.55325614E-02 9.21404008E-03 2.71335686E-02-6.75176577E-03-1.85962373E-02
14 23 1.24570051E-02
15  1 2.70563104E-03-4.48316248E-03-2.55822230E-02 3.51270634E-03 4.31080291E-01
15  2 8.26965736E-02-9.36631368E-01 9.10878113E-02-6.11728139E-02-7.14439856E-02
15  3-2.74549421E-01 5.93199860E-01 1.67358511E-02 4.19318606E-02-7.01272686E-02
15  4 5.33806205E-02 5.34008155E-02-6.81879860E-03-5.31568496E-02-5.72772997E-01
15  5 1.06634083E+00 1.71150871E-01-1.40210536E-02-1.10828205E-01-1.33577637E-01
15  6 3.58304108E-01 9.42779727E-02 5.32118906E-01-2.35907456E-01-3.12591853E-01
15  7-1.66954430E-01 6.72133081E-02 6.23774538E-02 1.15179344E-02-9.36805569E-04
15  8-6.14297287E-04 6.49000886E-03-1.33420444E-03 2.21894831E-02 9.11944350E-04
15  9-3.99360290E-04-6.04075805E-04-3.95801782E-05-8.25740959E-05-6.01004465E-05
15 10 7.47759637E-04 6.57999960E-04-2.25645240E-03-1.76476734E-04 4.88022507E-04
15 11 6.64106012E-04-5.82103497E-03 1.43435427E-02-1.32230465E-02 4.96065357E-04
15 12 9.17712456E-04 3.79217004E-04-8.22114155E-04 2.57797077E-03-3.61012928E-03
15 13-2.10997699E-03-3.85108166E-03-2.77600881E-03-2.60268693E-04 1.44118467E-04
15 14 8.73832525E-04 4.81661656E-03 2.81266251E-02-2.49156026E-02 1.58974823E-04
15 15-2.55671044E-04 2.12800261E-03-6.51619426E-04-6.02956682E-03-2.25369624E-03
15 16-3.81767798E-03-6.42089343E-03-2.58033775E-03-2.43028271E-03 1.24252939E-04
15 17-4.63278172E-04-3.76394989E-02 1.74289610E-01 1.07269445E-01 3.90063989E-02
15 18-3.89906844E-03-5.29433449E-03-9.61448081E-02-1.64324565E-02 5.44572081E-02
15 19-2.79004028E-02-1.20560564E-02-1.30524076E-02 3.27657101E-03-8.58791281E-03
15 20-7.15742274E-03-5.55064355E-03 1.98951110E-02-4.19940223E-02-1.44889173E-04
15 21-2.14305156E-04 4.26896147E-04-6.64508200E-04 2.04680044E-03 1.06466608E-03
15 22-2.95257727E-03-2.70834146E-03-3.58242965E-03 2.91243514E-04 6.88045354E-04
15 23-5.02594425E-04
16  1-6.76490318E-04 3.00377639E-02 2.88367030E-02 3.70962727E-02-2.72339835E-01
16  2 2.16867546E-01 1.31940361E-01-1.22911868E-02 6.74660219E-02-5.59159691E-03
16  3 4.08568401E-01 5.52170286E-02-2.01804862E-01-8.61981340E-03-1.35676746E-01
16  4-1.53685812E-02-3.34190962E-02-8.31063152E-02 2.44014028E-02 1.12833588E-02
16  5-1.99760396E-01-5.45919253E-02-5.45810700E-03-7.85762488E-03 3.29667701E-03
16  6 1.59805688E-01 1.63552284E-01-2.44919723E-01 1.44244680E-02 7.05061362E-02
16  7-5.85124270E-02 2.42658771E-02 1.84433706E-02 9.55815975E-03 5.55719917E-04
16  8 1.89736314E-03-2.83306827E-01-2.47304002E-01 2.63954321E-01-2.47261643E-02
16  9 4.05091000E-02-3.79968933E-02 1.92406611E-03-4.77031681E-02 1.69761812E-01
16 10 1.65959291E-02 2.12273846E-02 1.41573208E-01 7.15267613E-03-1.93319429E-03
16 11-3.47398223E-02-1.07049367E-02 2.17851802E-03 3.92413374E-02 1.60737690E-03
16 12-9.47702899E-04-4.85179045E-03-4.25568438E-03 3.32765804E-02 7.54953450E-03
16 13-2.95601853E-03-6.78968977E-03-5.20964559E-03-1.63846410E-03 8.04750858E-04
16 14 4.50305186E-03 2.59018808E-02 1.28032227E-02-1.15501242E-02 3.84635577E-03
16 15 2.26348111E-03 2.16066407E-03-7.66404112E-03-1.12576861E-02-5.31696428E-03
16 16-3.81773181E-03-7.88123300E-03-1.73051903E-03-4.43169509E-03-2.03314239E-03
16 17-3.73369763E-03 2.32114218E-02-1.09646606E-01-1.11113772E-01-4.98885519E-02
16 18-1.50754674E-02 1.19478165E-02 1.39166118E-01-2.61066865E-01 2.14524276E-01
16 19 1.20463583E-02 9.86781331E-03 1.39716965E-02 8.55236060E-02-6.99356596E-02
16 20 1.25769011E-03 3.43898107E-02 4.91137704E-01-4.26522506E-01 2.47391463E-04
16 21-7.23478759E-03-1.43342100E-03 9.67793429E-02-5.42262436E-02-1.48541330E-01
16 22-1.89934897E-02-2.79504301E-02 9.36165297E-03-1.79596065E-02-3.92429421E-02
16 23 3.29485859E-02
17  1-1.21400785E-03-1.59414743E-01 1.80763191E-02 1.79865949E-02 3.80477493E-01
17  2-3.20813014E-01 1.72992455E-01 4.26509294E-03 2.73819266E-02 1.16967357E-01
17  3-4.26825665E-01 3.83621933E-01-2.18302507E-01 9.94121368E-02 5.27624471E-02
17  4 7.64815109E-02 1.16918804E-01 6.44661724E-02-1.23953217E-01 1.38889973E-01
17  5 3.81639816E-02 4.38497550E-01 1.20849736E-02-1.05919893E-02 2.65636119E-02
17  6-1.75299918E-01 1.44392150E-01-3.36374877E-02 4.93195356E-02 2.56384827E-02
17  7 3.61405659E-02-6.17068600E-04-2.65968097E-02-1.81494975E-02 1.44506331E-03
17  8-5.98432506E-03-6.34165695E-02-9.84778973E-02 1.57612156E-01-5.55887411E-03
17  9 1.16909629E-02-1.67206967E-02 6.41226951E-03-1.92287366E-02 4.21664670E-02
17 10 1.24736824E-02 1.39961230E-02 3.38183090E-02 1.90485670E-03 2.65568358E-03
17 11-9.36322677E-03-4.31676119E-03 1.77587979E-02 5.22076734E-02 1.04840463E-03
17 12-1.35810935E-03-1.91178846E-03-5.85572214E-03 1.10879190E-02 1.00373898E-02
17 13-3.49545921E-03-3.03487178E-03-3.28340812E-03 1.77069302E-05-4.03296038E-04
17 14-5.25795701E-04-1.27560344E-02 3.35773733E-02-7.39185344E-02-1.87149117E-03
17 15 2.21015375E-03 4.99079400E-03-2.32722744E-03-5.99887721E-03 2.20467557E-04
17 16-5.85825956E-03-2.87185981E-03-2.21834734E-03 4.02699983E-04 1.88450316E-03
17 17 3.30901321E-03-5.82569204E-03-9.66431800E-02-9.66239705E-02-2.29341981E-02
17 18-1.25511476E-02 4.64848378E-03 5.12626905E-02-9.54264942E-02 6.26680190E-02
17 19 2.16904717E-02 1.73834751E-03 2.80962612E-03 3.71526184E-02-2.14186311E-02
17 20 4.52007992E-03-5.86343761E-03 2.01234819E-01-2.86851552E-01-3.79468508E-03
17 21-2.71466981E-03 7.86458207E-03 4.96161133E-02-1.38921473E-02-9.15717798E-02
17 22-9.73732457E-03-1.21609570E-02-7.22124164E-05-5.60327877E-03-1.12226396E-02
17 23 1.04747377E-02
18  1-6.48024339E-04-1.72129676E-02 1.16170372E-01-4.07046153E-02 2.15150876E-03
18  2-6.30330984E-02 1.22940197E-01 1.47451530E-02 3.86873936E-02 1.17579547E-02
18  3 1.03741099E-01 1.65924542E-01-1.27477045E-01 3.78264555E-02-5.10918011E-02
18  4 2.85296987E-02 6.68270770E-04-2.93668339E-02-2.18696906E-02-1.88520872E-02
18  5 7.64127025E-02-6.34140633E-04 2.39303770E-03-8.96627016E-03-7.04217477E-03
18  6 8.60932873E-02 1.09768935E-01-3.38740271E-02-1.49039567E-02 7.75139919E-03
18  7-2.95440367E-02 1.49616195E-02 1.97928057E-02 4.07472909E-03-1.94730750E-03
18  8 3.41702316E-02 1.73281959E-01 2.22215561E-01-6.45048488E-01-1.67337749E-02
18  9-1.04738913E-02 8.43697557E-02-8.48409533E-02 1.33535009E-01-1.52842840E-01
18 10-4.16972169E-02-6.12752599E-02-5.38756677E-02 1.13385457E-02-4.42258463E-02
18 11 5.10477447E-02 9.15331145E-03-1.53917730E-02-1.55646303E-01-1.90486649E-03
18 12 9.48712798E-03 5.10958018E-03 8.31947647E-04-7.54001248E-02-9.17594491E-03
18 13 8.11098203E-03 8.47273844E-03 9.05125653E-03 3.68685703E-03-1.17045627E-03
18 14-4.27039478E-03-1.23285626E-02-3.56829182E-02 8.50734472E-02-7.56700588E-03
18 15-2.52954241E-03 2.31570926E-04-7.68557575E-03 1.07762715E-02 1.55358042E-02
18 16-5.79984916E-04 7.65696973E-03 6.31967498E-03-2.68515830E-03 1.92083014E-03
18 17 6.87347684E-03-7.92137635E-02-7.00687346E-01-1.14674303E-01-1.22076296E-01
18 18-2.40120542E-02-9.93888179E-03 2.53162288E-02-4.60764026E-02-1.13546859E-01
18 19 2.06315096E-01 1.80712731E-02 1.52201892E-02 4.57119925E-02 2.34049901E-02
18 20 1.79702620E-02 8.15096925E-02-6.11580200E-01 1.18907739E+00 2.56065154E-02
18 21 1.63989734E-03-3.78877445E-02-2.11632452E-01 6.45979470E-02 2.97323299E-01
18 22 4.22695148E-02 4.50640995E-02 2.94188231E-02 1.81948600E-02 2.23353116E-02
18 23-2.61209768E-02
19  1 7.44355890E-04-1.53846817E-02-2.44524319E-02-2.44664192E-02 3.13724955E-02
19  2 6.06714438E-02-1.52896243E-01 3.35574047E-03-9.52978560E-03 1.26331322E-02
19  3-6.59807827E-02-4.45997632E-02 7.45834682E-02 6.14755909E-03 2.41148132E-02
19  4-1.85854767E-02 1.06534461E-03 2.21036856E-02-7.93643692E-03 6.00527444E-02
19  5-2.28061857E-02-4.43433215E-02-6.94832145E-04 6.27734014E-03 2.27033259E-02
19  6-5.18113038E-02 2.17509829E-02-6.58907659E-02 2.67937497E-02 2.17844776E-02
19  7 1.32530412E-02-3.03065223E-03-9.80881993E-03 6.79762349E-03-6.23166321E-03
19  8 2.69541521E-02 1.49833988E-01 4.25879642E-02-2.92180916E-01-2.94179068E-02
19  9 2.14611811E-02 7.72682356E-02-9.85622310E-02 1.58646246E-01-1.21160331E-01
19 10-1.89780931E-02-5.13647264E-02-8.88107273E-03 2.00832046E-02-4.90447502E-02
19 11 6.50226722E-02-1.74423001E-02 6.21106486E-02-2.73424008E-01-8.28762535E-05
19 12 1.10485996E-02 4.79353884E-03 8.84716766E-03-5.15394337E-02 2.08256500E-03
19 13-6.01735799E-03-7.66412473E-03-3.45512234E-03-2.14035911E-04-1.04423899E-04
19 14-6.60683840E-03-3.84837244E-02-9.91971006E-03 1.50842398E-01-1.02323232E-02
19 15-2.36165519E-02 1.87365866E-02 3.02628377E-02 2.40409435E-02 6.53078036E-02
19 16 6.20046172E-03-6.87782576E-03 1.95131594E-02-1.80138334E-03 2.03308108E-02
19 17 2.27544783E-02 4.69626031E-01-5.01509691E-01 5.45436157E-01-3.02624240E-02
19 18-2.14032497E-02 1.51599163E-02 5.11585416E-01-3.29208789E-01 3.36213555E-01
19 19-1.28828577E-01 1.22502577E-01 1.26614777E-01 8.31182476E-02-8.34393096E-02
19 20-8.09471274E-03 5.51397137E-02-2.25872009E-01 5.30336046E-01 2.07393079E-02
19 21-5.74763072E-03-2.52300905E-02-1.45269032E-01 7.55849472E-02 1.49624412E-01
19 22 1.96791641E-02 1.77875256E-02 2.06708889E-02 1.35963720E-02 8.88283043E-03
19 23-1.46666803E-02
20  1 2.78208714E-05-1.05753873E-02 1.98820937E-02-2.07397074E-02 2.26911959E-02
20  2-5.72529618E-02 3.69421863E-02 6.66406750E-03 8.20672190E-03 7.84609566E-03
20  3-6.80090416E-03 4.11031668E-02-5.27494087E-03 1.92259254E-02 4.00506329E-04
20  4 8.57627144E-03 1.43789320E-03 2.98178265E-04-9.89583735E-03 1.42878806E-02
20  5 5.45062584E-02-6.90813349E-02 3.05873755E-04 1.02267859E-03 6.03726125E-03
20  6 8.81495534E-03 4.62412281E-02-1.69497759E-02 2.77785925E-03 8.01875300E-03
20  7-3.40670963E-03 2.54278057E-03 3.88262136E-03 5.34133373E-03 2.62541319E-02
20  8-1.13283492E-02-1.60975467E-01 2.83060961E-01-8.55037830E-02 8.26112241E-02
20  9-1.52622179E-01-1.20024636E-01 1.79979501E-01-4.16465382E-01 1.26157355E-01
20 10-2.60640238E-02 8.94521651E-02-1.12518393E-01-5.78925072E-02 8.82989164E-02
20 11-1.81727451E-01 5.66606932E-02-1.41589879E-01 2.64552264E-01-6.21967095E-03
20 12-1.66391107E-02 1.23858222E-02-3.38656829E-02 9.02676042E-02-1.10130680E-01
20 13 3.47750437E-02 1.41708017E-02 1.90067393E-02 9.57154802E-03-3.87306568E-03
20 14 1.67828105E-02 1.39093945E-01 8.73960814E-03-2.67611254E-01-9.20279067E-03
20 15 1.05123814E-01-3.74802977E-02-2.20528389E-01-1.44788696E-02-1.81537487E-01
20 16-8.14111972E-02 6.41752677E-02-5.05546682E-02-2.15129841E-02-6.93558185E-02
20 17-4.00546444E-02 1.79477364E-01-3.93243747E-01 1.82448534E-01-4.40994465E-02
20 18-1.73983354E-02-1.38808397E-03 2.22162950E-01-1.18019976E-01 7.04772189E-02
20 19-2.85009969E-04 5.57636761E-02 5.66237988E-02 4.05292156E-02-1.56548955E-02
20 20 6.09024113E-04-6.16864536E-02-3.32748390E-01 4.35823543E-01-4.11758553E-03
20 21 1.23859860E-02 1.61890619E-02-7.13017661E-02-8.28202176E-02 2.22279999E-01
20 22-1.36593516E-02 4.45782574E-03-6.51544482E-02-5.43062249E-03 2.46980610E-02
20 23-3.17013577E-03
21  1-6.46836991E-05-2.45972870E-03 1.92274985E-02-6.89738469E-03-2.22048034E-02
21  2 2.04906268E-01-3.38158509E-01 1.03067889E-02-1.02925102E-03 4.00427581E-04
21  3 5.53592367E-02-4.37994815E-02 4.39401743E-02-4.44727064E-03-1.33312403E-02
21  4-2.55943924E-02-1.46639147E-02 4.12727977E-04-4.26504547E-03 5.38833524E-02
21  5-2.61489686E-01 3.20942119E-01 3.06965091E-03 4.40105556E-04 9.32041278E-03
21  6-1.93214969E-02 2.06274320E-02-9.19996614E-02 3.13886797E-02 4.05162975E-02
21  7 1.86896514E-02 2.82868742E-03-5.46608792E-03 1.19744817E-03-2.27628666E-02
21  8-1.33090910E-02-1.10752896E-01 1.35839685E-01 4.77144986E-02 9.76565930E-02
21  9-3.55585587E-02-6.69743699E-02 2.34151939E-01-1.46139792E-01 1.22688928E-01
21 10 1.17678119E-03 2.03015277E-02-3.03113975E-02-5.16019527E-02 1.17496507E-01
21 11-5.60472533E-02-9.91942375E-02-9.94537200E-02 1.25019189E-02 1.05971699E-02
21 12 4.56057874E-02-1.33061193E-02 1.08439560E-01 3.22691620E-02 9.61004923E-02
21 13-3.94053329E-02-5.85451668E-02-1.07883368E-02-2.84421022E-02 1.01330344E-02
21 14-1.51938527E-02-1.94349626E-01 1.29384012E-01 2.22698651E-01 2.09093007E-02
21 15-1.78964109E-01 1.43840687E-01 3.29535605E-01-1.80845942E-03 4.21023797E-01
21 16 9.04488522E-02-1.54576491E-01 1.01573734E-01 1.39141375E-02 1.58106673E-01
21 17 1.15578092E-01 3.40714282E-02-2.68406496E-01 1.44414644E-01-2.31022125E-02
21 18-1.26070553E-02-1.07226318E-02 4.28099405E-02-5.80127966E-02-7.41854633E-02
21 19 3.77011716E-02 2.31334504E-02 2.33516815E-02 2.46838213E-02 2.23458163E-02
21 20 3.83365633E-03-4.09730934E-02-8.90899202E-02 7.99722779E-02-8.83084342E-03
21 21 5.58383856E-03 1.17121258E-02 4.58994581E-02-2.39680133E-02 9.02859947E-02
21 22-4.47765468E-03-1.00081455E-02-4.06362064E-02-6.16469807E-03 2.05183630E-03
21 23-5.72841192E-03
22  1-1.91816352E-04 9.50489932E-04-1.66439525E-02 1.26152913E-02-4.50457914E-02
22  2 2.58678143E-01-3.87351474E-01 1.92017683E-03-2.81517825E-03-8.07741899E-04
22  3 6.16160216E-02-6.57091789E-02 4.07577385E-02-1.99058344E-02-1.89165111E-02
22  4-3.43606699E-02-1.21559971E-02 1.42653027E-03-1.18260191E-03 5.05447732E-02
22  5-3.41268484E-01 4.73829557E-01 2.07953589E-03-3.24390214E-03 4.65199018E-03
22  6-3.36573884E-02 1.83845596E-02-8.98691932E-02 3.39902416E-02 4.25563632E-02
22  7 2.17555691E-02 1.38230759E-03-1.13896520E-02-2.02375777E-03 3.24449003E-04
22  8-3.43746968E-05 3.72371183E-02 4.03582396E-02-8.58006611E-02-1.95135718E-01
22  9-1.23526963E-01-1.51293091E-02-4.68170330E-01-2.52627350E-01-1.32559072E-01
22 10-3.62764968E-02 9.12055076E-02-7.75532990E-02 7.67099864E-02-2.41529372E-01
22 11-1.23969548E-01-2.99832323E-02-4.86632066E-02 2.34280577E-01 1.03066405E-02
22 12 5.90862423E-03-3.18853451E-03-5.86805611E-02 8.58155166E-02 4.31879542E-02
22 13-9.85837543E-03-3.51711396E-02-8.66445539E-04 2.23937419E-03-4.62886179E-03
22 14-6.34273663E-03-3.07147197E-02 9.07146656E-03-4.54250348E-02-5.19752027E-02
22 15-5.11346800E-03 8.30105591E-02-6.45887500E-02 3.72483011E-02 1.90620109E-01
22 16-5.44553055E-02 9.41112222E-03 5.62002738E-02-3.04759197E-02 4.47428926E-02
22 17 7.90227379E-02-6.12881673E-02 2.59603801E-01-1.78472215E-01 2.55612053E-02
22 18-2.59215020E-03-8.13066342E-03-6.53698808E-02-6.40424952E-03-6.79235561E-02
22 19-2.71837047E-02-2.55870126E-02-2.49933599E-02 2.24539041E-03 2.15859496E-02
22 20-9.95258128E-04-9.80903447E-03 1.87930550E-01-2.05938007E-01 1.21630813E-02
22 21 3.29564260E-03-4.42503966E-03-1.68943201E-01-1.16115722E-01-5.17074910E-02
22 22-4.16254110E-02 4.18883087E-03 6.83179335E-03 2.40340059E-03 2.22355270E-02
22 23 2.49690985E-02
23  1-2.26532667E-04-4.55637364E-03-6.60069819E-03 5.61881131E-03-5.78106638E-02
23  2 4.13378766E-01-6.83288989E-01 1.00373374E-02-5.26398303E-03 5.14411714E-03
23  3 9.58624262E-02-8.77782660E-02 6.51017785E-02-2.05784927E-02-2.66794824E-02
23  4-5.58489940E-02-2.09840114E-02 2.12848941E-03-6.97135150E-03 1.01965950E-01
23  5-5.58328907E-01 7.59004398E-01 5.80608433E-03-1.63669943E-03 1.27931576E-02
23  6-6.75608012E-02 3.33266549E-02-1.41812001E-01 6.19747337E-02 7.70447110E-02
23  7 4.48568835E-02 2.49009566E-03-1.69341423E-02 2.30865156E-04-1.78678670E-03
23  8-4.42101344E-04 6.30762065E-03-5.17674566E-02 5.47406628E-02 6.77310337E-02
23  9 6.60780251E-02 1.82019724E-02 1.63358831E-01 1.52025560E-01 3.58758602E-02
23 10 1.93027939E-02-4.43295144E-02 4.27518218E-02-2.28306240E-02 8.53141491E-02
23 11 6.99313114E-02 2.29774578E-03 7.83081455E-02-5.39071879E-02-7.54795893E-04
23 12-2.81015082E-03-2.42086062E-03-1.59153637E-01 3.36408538E-02 1.09059132E-01
23 13 1.19060021E-02-2.82009409E-02 1.64672926E-02 3.99375406E-02-2.53014833E-02
23 14-1.58240480E-02 1.23782067E-02 4.71460510E-02-1.21290867E-01-1.84266815E-01
23 15 1.07664568E-01 1.01599409E-01-4.38476954E-01 1.86017801E-01 2.01987576E-01
23 16-2.40477777E-01 1.49899163E-01 6.60369340E-02-1.02908111E-01-6.49594919E-03
23 17 1.28338937E-01-3.77856811E-02 8.41529611E-02-4.95297126E-02 1.35683637E-02
23 18-5.06437564E-03-1.02041778E-02-4.63463665E-02-1.69197207E-02-7.90371115E-02
23 19-3.07531131E-03-1.06704768E-02-9.89834448E-03 7.64809844E-03 2.46956395E-02
23 20 5.55442851E-04 3.52156307E-03-1.48249043E-02-3.37172735E-02-6.09577560E-03
23 21-1.82138458E-03 1.86596013E-03 8.68415842E-02 4.24916021E-02-2.16196103E-02
23 22 1.62852521E-02-1.83963114E-03 3.50398692E-03-4.33759271E-04-1.12436903E-02
23 23-9.49495123E-03
24  1-1.65384589E-03-1.27449212E-02-6.08408751E-02 2.29435991E-02-1.43227563E-01
24  2 7.72493675E-01-1.22755244E+00 7.72426046E-03 2.45607248E-02 6.91017123E-03
24  3 2.43135375E-01-1.23595920E-01 7.52821524E-02-4.35035144E-02-9.21635263E-02
24  4-8.73426601E-02-3.17346414E-02-1.54172679E-03-2.34235115E-02 1.64286033E-01
24  5-1.13455792E+00 1.74721104E+00 6.89089560E-03-1.66832951E-02 1.91189401E-03
24  6-1.08660796E-01 1.63146933E-01-3.23446635E-01 1.06084439E-01 1.54534297E-01
24  7 4.92863326E-02 7.01616833E-03-3.37925133E-02-5.63281818E-03 2.07899869E-02
24  8 9.40977931E-03 3.82186850E-02 1.35144708E-02-1.84648224E-01 1.51220191E-02
24  9 1.24578195E-02 2.77175226E-02 2.24804659E-02 1.01207771E-01-4.00905063E-02
24 10-5.72714624E-04-2.44521076E-02 6.29017256E-03-3.94736951E-03 1.31279366E-02
24 11 3.20787276E-02 4.19196247E-02-2.01394761E-01 4.52147700E-01-1.36366088E-03
24 12-3.29950807E-03-7.38772542E-03 3.57488975E-02-6.16086825E-02-3.91391263E-02
24 13 2.32449809E-02 4.38401529E-02 1.42274488E-02-8.47371934E-03 8.66372413E-03
24 14 1.76053246E-02 5.74368931E-02-4.91756155E-02-3.08914858E-01 9.29541502E-02
24 15 2.32582922E-02-8.78445760E-02 7.00846306E-02-1.56868325E-01-2.73920743E-01
24 16 7.77713524E-02-3.39039177E-02-7.36686793E-02 4.52957865E-02-4.98933693E-02
24 17-1.01179442E-01-2.89837488E-02 9.01063656E-01-8.38125060E-01 6.45887954E-02
24 18-1.81010872E-02-4.23852629E-02 1.94297040E-02-6.11946674E-02-2.81949013E-01
24 19-1.60071747E-01-5.47155762E-02-5.67604517E-02 2.14539821E-02 9.13294283E-02
24 20-5.39511355E-03 4.44556867E-03-3.36466735E-02 2.13034019E-01 1.29583438E-03
24 21 1.71334678E-03-1.27966022E-02-1.33747217E-02 2.28201147E-02 8.02648908E-02
24 22-1.10716597E-03-7.20461263E-03-4.50026651E-03 3.19155044E-03 1.26684990E-03
24 23-9.32152787E-03
25  1-1.32363145E-03-1.07221132E-02-3.54664951E-02 1.89427287E-02 2.06554360E-02
25  2-4.70828241E-01 8.94143768E-01 1.96854671E-02 7.15740578E-02-1.02104714E-02
25  3 1.29243535E-01 3.29457246E-01-1.97332207E-01 7.30679586E-02-5.84851608E-02
25  4 1.01260762E-01 7.08710114E-03-4.67397679E-02-2.24638280E-02-1.99489465E-02
25  5 3.91018252E-01-5.08088275E-01 5.27274255E-03 1.58161758E-02-1.22980117E-02
25  6 1.52826184E-01 5.88867660E-02 5.63000937E-02-3.73634904E-02-1.82746322E-03
25  7-3.69981055E-02 4.16784584E-03 4.70517293E-02-6.72491737E-04-6.41727495E-03
25  8 1.29397220E-04 7.58736383E-03 1.98004451E-02-1.29441790E-01-1.49952684E-03
25  9 4.08822591E-03 8.11905635E-03-6.23909186E-03 3.07254381E-02-2.01561660E-02
25 10-5.26979220E-04-7.18697232E-03 4.03212071E-04 1.59995702E-03-2.70563312E-03
25 11 9.44008893E-03 2.72432476E-03-1.07439632E-01 2.09829130E-01 1.62929001E-03
25 12 5.74705221E-03-8.65744478E-03-1.65593793E-02-9.00790614E-04 6.47890049E-02
25 13 5.30723314E-03-1.77467267E-03 1.20849718E-02 3.96547134E-03-2.93092738E-03
25 14-5.95585972E-03-1.59372620E-02-2.86874275E-02 6.58136615E-03-2.99713983E-02
25 15-1.00653451E-02 3.92510811E-02-2.95041523E-02 2.77344256E-02 1.14786346E-01
25 16-2.05363610E-02 8.37273616E-03 3.58553836E-02-1.80133688E-02 2.38151736E-02
25 17 4.01315155E-02 3.68548043E-01 4.65322541E-01-7.26832252E-01-2.15381836E-02
25 18 4.90085579E-02-3.52780491E-02 4.54962316E-01 3.80622156E-01-3.59608428E-01
25 19-2.00138779E-01 2.24171720E-02 2.01912232E-02-1.20080900E-01 9.57319856E-02
25 20 2.37846435E-03 5.98979336E-03-5.34349378E-02 1.45682078E-01-4.67651000E-03
25 21 1.99345038E-03-4.00917609E-03 2.58514240E-02-5.45304762E-03 3.44462393E-03
25 22 4.42891774E-03 3.21351705E-03 6.80074700E-03-3.66665837E-04 5.47255897E-04
25 23-1.67006602E-03
26  1 8.72825727E-04 3.31439069E-02-9.70779411E-02 2.63592607E-02-8.60778103E-02
26  2-3.27226210E-01 1.04669297E+00-6.74005380E-02 1.39001289E-02-3.05591131E-02
26  3-2.10553567E-01-8.48408707E-02-3.17816957E-03-8.85015028E-02-5.00880833E-03
26  4 2.21633397E-02 3.81949494E-02 1.73088453E-02 3.04270806E-02-3.04912902E-01
26  5 9.09404827E-01-9.18088015E-01-3.02816755E-02-4.30979927E-02-3.72382005E-02
26  6 2.03792635E-01 1.42057660E-01 1.33906127E-01-1.42787064E-01-1.61781347E-01
26  7-1.47794598E-01 5.02967256E-03 8.36578000E-03-4.73895025E-03 2.44940708E-03
26  8 1.44833836E-02 2.94600429E-02 6.45392882E-02-3.34733556E-01 3.07721751E-02
26  9-1.27408727E-02 2.22941652E-02 5.65526481E-02 5.60483996E-02-4.98888840E-02
26 10-8.18852073E-03-1.83909067E-02-1.40787395E-02-1.34593077E-02 2.77170683E-02
26 11 9.44508717E-03 2.56013747E-02-3.31995126E-01 5.01976758E-01 3.86327360E-03
26 12 1.17483258E-02-1.57476198E-02-2.58275521E-02-1.69224753E-02 8.49044924E-02
26 13 2.59285353E-02 1.32969779E-02 3.33024899E-02 4.04514456E-03-3.19395761E-03
26 14-3.04562146E-03 1.01395260E-02-2.09945648E-01 1.12116434E-01-2.26177952E-02
26 15-3.84945193E-03 4.18525212E-02-4.50349486E-02 9.58248930E-03 1.07753580E-01
26 16-3.96069013E-03 2.32940182E-02 4.88366205E-02-1.58275831E-02 2.52540074E-02
26 17 4.02042248E-02-3.57730539E-01 1.87969471E+00-1.49133989E+00 1.42637743E-01
26 18-3.32037501E-02 1.42687062E-02-3.03007533E-01-3.78377123E-01 4.11449894E-02
26 19-2.25329376E-01-1.58576637E-01-1.64467485E-01 9.22862008E-02-1.39428833E-02
26 20-1.74777572E-02 2.08094305E-02-1.67645612E-01 5.58521285E-01 7.04150117E-03
26 21-1.63984402E-04-1.20317926E-02-7.76082394E-02 4.03207706E-02 1.48648929E-01
26 22 7.32097293E-03 2.53775538E-03-5.41898534E-03 5.18985802E-03 5.50954087E-03
26 23-1.25136146E-02
27  1-2.72863924E-04-3.34812963E-03-3.47708722E-02 1.63669974E-02-1.63403934E-01
27  2 6.46716430E-01-6.00115613E-01-2.33969837E-02 1.81923408E-02 1.16930356E-02
27  3 2.67212855E-01-3.53527260E-03-2.07268646E-01-5.73073131E-02-1.00258807E-01
27  4-6.33734312E-02-5.13094159E-03-2.38047190E-02 3.96897268E-03 4.91584326E-02
27  5-5.89156897E-01 8.93353558E-01 1.34329104E-02-4.22186457E-05-2.35260235E-02
27  6-1.62920213E-01-1.87945493E-01-2.94952206E-02 2.86961244E-02 3.06770145E-02
27  7 3.49285762E-02-9.79468432E-03-1.77900471E-02-2.76205670E-02-1.37708801E-02
27  8 9.57206294E-03-1.78916484E-02 1.88672772E-02-6.18432032E-02 2.59741400E-02
27  9-4.19867621E-02-1.38813246E-02 4.78213406E-02-1.04981258E-01 1.28088718E-02
27 10-7.88623388E-03 1.87613749E-02-2.29987119E-02-1.66124625E-02 2.22507611E-02
27 11-4.23275719E-02-2.43408685E-02 2.60253668E-01-4.23062432E-01-1.58245745E-03
27 12-5.13010960E-04 4.25046174E-03 3.72593544E-03-4.16639026E-02 1.07267516E-03
27 13-2.64628775E-02-1.37894389E-02-2.33461880E-02 1.57909174E-03-1.56648239E-03
27 14-1.06009065E-02-6.79569239E-02 9.62601613E-02 8.43199469E-02-1.17879491E-02
27 15-2.82135837E-02 8.49529778E-03 5.67957723E-02 3.02140396E-02 6.71883644E-02
27 16 5.76167207E-03-1.35696342E-02 7.65198223E-03 2.32093442E-03 1.57872273E-02
27 17 1.46549185E-02-1.34478540E-01 1.03793241E+00-1.00275137E+00 3.47734107E-02
27 18 6.28012552E-02 8.75712676E-02-9.16286826E-02 3.59683955E-01 5.19850366E-01
27 19-1.21751484E-01-1.10590396E-01-9.42091594E-02-1.18899095E-01-1.65370267E-01
27 20-1.14413554E-02 1.70191507E-02-1.93962505E-01 5.84659672E-01 7.66919895E-03
27 21 5.64781173E-04-6.82340917E-03-9.88536501E-02 1.97679215E-02 1.58338201E-01
27 22 3.11955390E-03 5.69994266E-03-1.30442631E-02 2.50464298E-03 7.94660980E-03
27 23-5.27168609E-03
28  1 4.27167431E-04 1.16046780E-02 5.80359103E-03 9.42247637E-05 3.98949887E-02
28  2-7.22297134E-02 1.72880707E-01 6.63234179E-03-1.29788866E-02-1.84231224E-02
28  3 7.92381888E-04 1.04189256E-02 2.69213346E-02 8.95657589E-03 1.53754640E-02
28  4 1.83914144E-02-2.79195146E-03-3.32220774E-03 1.08676460E-02-9.72970657E-03
28  5 1.29156206E-01-2.70810883E-01-1.24237780E-04 7.63153369E-03 4.80301781E-03
28  6 5.02605000E-02-9.34901182E-02-2.19915884E-02-6.24963644E-03-1.76081136E-02
28  7-9.07850659E-03-7.54284760E-04 6.59574553E-03-6.43466627E-03 5.02871125E-02
28  8 5.82175353E-02 1.72643503E-02-1.13595093E+00 1.59337172E+00-2.52358830E-02
28  9 2.66466941E-03 5.07940933E-02-1.08734287E-01 8.05431630E-02-4.44830001E-03
28 10 7.32041286E-02 7.22081680E-02 1.70987638E-01 1.39859208E-02-2.97330085E-02
28 11-1.14764016E-02 1.64228125E-02-1.71384177E-01-5.79855960E-01-2.72831790E-03
28 12 5.58207116E-03-2.70832310E-03 1.39490004E-03-1.77902371E-03-2.25306143E-02
28 13 2.58796938E-02 6.41299948E-03 2.08897711E-02-3.96767648E-04-6.94328283E-04
28 14 8.27102177E-03 2.21213276E-02-8.67168182E-01 1.37377167E+00 1.20447494E-02
28 15 4.58263408E-02 7.17139675E-03-7.68469134E-02 3.37390979E-02-9.57248239E-02
28 16 5.70550061E-02 1.19429314E-01 5.13594555E-02 3.07293598E-02-2.31182329E-03
28 17 1.03057269E-02 1.11867875E-02-1.05624403E-01 1.16962212E-01-8.13209012E-03
28 18 6.12903812E-03-2.19316048E-03 5.13765101E-03 3.03829648E-02-1.11807936E-02
28 19 1.65795158E-02 8.71235177E-03 6.89924368E-03-1.03339702E-02 3.43185724E-03
28 20 2.56506276E-03 3.31047363E-02-3.72815816E-01-1.75902873E-01 3.72288112E-03
28 21-2.06624301E-03-3.30001756E-03-4.34529766E-02 4.38156940E-02-1.36630393E-02
28 22 3.63326874E-02 3.75885977E-02 3.44652242E-02 3.52720802E-03 5.50278829E-03
28 23-5.77456231E-04
29  1 6.46374957E-04 1.76030171E-02 2.39463217E-03-3.45562256E-03 3.76094564E-02
29  2-4.89615253E-02 2.31354832E-01 4.41014618E-03-1.61539042E-02-2.74334355E-02
29  3 1.61997323E-02 9.41732369E-03 2.65391997E-02 2.57547016E-03 1.17000671E-02
29  4 2.07494422E-02-2.84053863E-03-5.64533043E-03 1.70952829E-02-1.90655450E-02
29  5 1.64397477E-01-3.24077418E-01-1.07374674E-03 8.79306940E-03 4.88693411E-03
29  6 7.31797296E-02-1.38625846E-01-4.30386843E-02-1.06058028E-02-2.68853621E-02
29  7-1.75018787E-02-1.20249916E-03 7.91286974E-03-1.21252791E-02 5.60062282E-02
29  8-5.39304515E-02-4.01234322E-02 9.08988798E-01-1.20449804E+00 2.61974670E-02
29  9 6.81841746E-03-5.73170624E-02 1.12211237E-01-1.30538371E-01 4.65160743E-02
29 10-5.52707973E-02-4.87362430E-02-1.33867834E-01-1.34381809E-02 3.37264316E-02
29 11 1.52103963E-03 5.92842918E-03-6.58319569E-02-6.21323970E-01-6.01123814E-03
29 12-2.90971266E-02 1.01947953E-02-5.33997734E-03 1.42189537E-01-7.21596428E-02
29 13 8.35132884E-03 7.42069182E-03 6.96917113E-03-9.84688296E-04-2.11994584E-03
29 14-2.05970501E-04-2.68502471E-03-1.04154670E+00 1.73291431E+00 9.88977642E-03
29 15 6.45072240E-02-2.08034405E-02-5.32719111E-02 9.57018626E-02-1.50793632E-01
29 16 7.75142198E-02 1.72853131E-01 4.80470427E-02 5.43221322E-02-1.75060106E-02
29 17-1.24030534E-03-3.87341783E-03 4.59633233E-02-4.44828216E-02-4.53277677E-03
29 18 6.19105843E-03 9.55166551E-03 6.84908184E-03 2.58410360E-02 5.15983228E-02
29 19-7.42941969E-03-6.23634620E-03-7.42648654E-03-9.97255141E-03-1.60336716E-02
29 20 9.66148792E-04-2.41261472E-02 2.29129510E-01 2.55014954E-01-5.66934457E-03
29 21 8.05825180E-03 9.38368443E-03 6.21079713E-02-7.87514621E-02-3.97005400E-02
29 22-2.17576689E-02-2.03304350E-02-2.11708773E-02-4.52442864E-03-7.24802820E-03
29 23 3.76946677E-03
30  1 1.50317782E-04 4.72446798E-03 1.67682711E-02 2.61320927E-02-4.66529834E-02
30  2 1.81281595E-01-5.87334486E-02-9.50547791E-03 1.40784180E-03-5.30758772E-03
30  3 1.09635327E-01 4.01465730E-02-9.64807144E-02-1.82079315E-02-3.20492612E-02
30  4-1.17786006E-02 4.76041010E-04-1.00129619E-02 9.55920246E-03 1.07612355E-02
30  5-7.01320126E-02 1.89775051E-02 7.32190936E-03 8.60335410E-03-6.63842166E-03
30  6-8.20738039E-02-1.80678831E-01 3.51860465E-02-6.51245598E-04-1.01278008E-02
30  7 1.42790580E-02-1.15378887E-02-3.54700962E-03-1.68209602E-02 3.85099294E-02
30  8 3.51412654E-02 1.87755044E-01 7.60047445E-03-1.01789255E-01 3.39608897E-02
30  9 3.16383362E-02 9.05287170E-02 2.20852596E-02 3.40394457E-01-1.71848774E-01
30 10-5.64263554E-03-6.79698819E-02 3.20358517E-03-4.95041930E-03 1.71379376E-02
30 11 9.80424732E-02 1.18900186E-01-1.12569420E+00 2.32612783E+00 6.62906936E-03
30 12 2.75619190E-02-8.63649177E-03 2.62660913E-02 7.53807470E-02-3.72324235E-02
30 13 1.05950188E-01 5.44516108E-02 9.41177488E-02-1.04845986E-02 4.50863963E-03
30 14 2.84875728E-02 1.08561325E-01-1.12100241E-01-8.72100540E-01 2.82534453E-02
30 15 4.73973232E-02 5.08066261E-02-1.44921887E-01-1.40980935E-01-2.69313017E-02
30 16-2.99003116E-02-1.87018805E-02 5.10774739E-03-1.65101053E-02 9.27113710E-03
30 17 1.34905669E-02-2.38552000E-02-8.19349078E-02-5.92237408E-03-2.54737320E-02
30 18 2.13246582E-02 3.18016593E-02-3.60213372E-03 1.81885464E-01 2.00365425E-01
30 19 3.00401893E-02-1.53179805E-02-1.64151052E-04-4.70878301E-02-6.22939951E-02
30 20 2.64015887E-03-5.19158098E-02 9.17935625E-01-1.09333199E+00 1.80269971E-02
30 21-8.24631621E-03-3.60644320E-02-1.43010358E-01 7.61119720E-02 3.13955546E-01
30 22-7.81753795E-02-9.06075634E-02-7.89687995E-02 1.41898391E-02 1.95830919E-03
30 23-2.88948994E-02
 $END   
 $GRAD  
E=     -539.9972139221  GMAX=   7.4605945  GRMS=   2.1964915
CL          17.    6.3779755236E+00   -2.5480416641E+00    7.4605945117E+00
C            6.    9.1713568161E-01   -5.9871331695E-01   -1.4870893229E-01
C            6.    2.1809899466E+00    1.1783055597E+00   -2.9981362591E-01
O            8.   -1.1588627690E+00    3.1302665916E-01    4.2182227373E-01
H            1.   -3.7466271057E+00    2.1641650687E+00   -1.7014189601E+00
H            1.   -3.9396259777E+00    2.8164363680E-01   -4.7740237135E+00
O            8.    7.2746848280E-01    1.9833681121E-02    9.7907241031E-01
O            8.    8.3771993706E-01   -1.1603141988E+00    1.5040835706E+00
H            1.   -4.2801612189E-01    8.2655654448E-01   -2.2290376737E+00
H            1.    1.1229304111E-01    6.8522343823E-01   -4.7282963912E-01
H            1.   -8.3814043857E-01   -7.7585054275E-01   -6.7234415325E-01
H            1.   -1.0905110446E+00   -8.3777593251E-01   -1.8967471143E-01
H            1.    4.8200844648E-02    4.5194106686E-01    1.2227864307E-01
 $END
-------------------- DATA FROM NSERCH=   8 --------------------
 COORDINATES OF SYMMETRY UNIQUE ATOMS (ANGS)
   ATOM   CHARGE       X              Y              Z
 ------------------------------------------------------------
 CL         17.0   2.9970996858   0.3221569350   0.0247638428
 C           6.0   1.8150749727   0.9069915915  -0.9614820583
 C           6.0   3.3469071737   1.7449663213  -1.7539487710
 O           8.0   2.5619017979   2.8147536451  -2.4886701887
 H           1.0   1.9103207691   1.0549078455  -0.6130746128
 H           1.0   2.2247238763   0.3007855752  -1.1517845543
 O           8.0   3.3955786372  -0.0176404322  -4.1017184422
 O           8.0   3.6753101944   2.7848553590  -5.0498411959
 H           1.0   3.6612048775   2.9162111226  -5.4437418836
 H           1.0   3.6434605003   0.7949389342  -4.3528749671
 H           1.0   3.1637904650  -0.3394919626  -4.2147124657
 H           1.0   3.7322305283   1.8159877849  -1.7518643617
 H           1.0   3.2964665216   3.0164572808  -4.1838703415
--- CLOSED SHELL ORBITALS --- GENERATED AT 17:30:04 12-AUG-2026    
Chloroacetaldehyde hydrate and water                                            
E(R-WB97X-D)=     -547.5932109088, E(NUC)=  319.0418839599,   17 ITERS
 $VEC   
 1  1 9.99955221E-01-2.50882487E-05-7.36905993E-06 4.64877056E-07-3.28903939E-04
 1  2-5.12652071E-04 3.11110275E-04-4.48243042E-04 3.39025256E-04-5.65083815E-05
 1  3 3.04662720E-04 7.21150424E-05 3.45512549E-04-5.69398367E-04-4.35024604E-04
 1  4-4.25491321E-04-2.10646965E-05-1.90525266E-05 1.67204414E-04-5.76766860E-04
 1  5 2.63211657E-03 4.22359613E-04-3.15559895E-04-2.04960390E-04-5.33842729E-04
 1  6 1.95724986E-04 1.10650725E-03 1.38159630E-03-8.47343033E-04-4.96546805E-04
 1  7-6.26935970E-04-1.77829273E-04-1.00281944E-04 3.91410864E-04-1.01811963E-07
 1  8-2.59713110E-08 8.49152274E-07-7.00629076E-06 2.18775750E-05 9.69897002E-07
 1  9-8.40354063E-07-1.88463740E-06-2.70920548E-06 2.13920816E-06 6.17091644E-06
 1 10 1.26068785E-06 8.72185153E-07 2.86745809E-06 1.80235542E-07-5.81061485E-07
 1 11-6.32768425E-08-1.08021745E-05 6.07726147E-05 3.53793740E-05 4.14141398E-07
 1 12 1.40236137E-06-3.43139928E-06-1.14265113E-05-2.31799290E-05 1.17994880E-05
 1 13-1.01863027E-05-4.82768674E-06-1.19664025E-05 4.63856704E-06-1.23103274E-06
 1 14-4.47588383E-06-8.42207481E-06 4.72456339E-05-1.11271647E-04-1.33342152E-06
 1 15 1.01474233E-05 1.33399104E-05-6.63767957E-06-4.46754684E-05-2.74383798E-05
 1 16-5.22756798E-06-1.42227637E-05-8.18038295E-06-4.45624479E-06 1.58449735E-06
 1 17-1.92937191E-06 2.08684820E-04-8.99878005E-04 2.17398780E-05-1.31879664E-04
 1 18-1.24862138E-04 9.04907699E-05 2.95634157E-04 2.77331281E-04-1.94731299E-04
 1 19 2.19511153E-04 2.26752207E-04 2.57643825E-04-6.47560986E-05 4.17757735E-05
 1 20 3.81886814E-05-9.19916205E-06 4.96601428E-05-5.09076214E-05 7.56083705E-07
 1 21-1.52670099E-06-2.24296042E-06-2.70502384E-06 4.59991959E-06 7.78186559E-06
 1 22-9.62758236E-06-9.96794014E-06-1.13289952E-05 8.31814337E-09 7.60929213E-07
 1 23 2.37990494E-08
 2  1-2.11753452E-06-1.37979252E-06 3.80594355E-05 1.23371888E-03-1.60047319E-04
 2  2 1.11257599E-03 6.01258307E-05-2.16992672E-04-1.74746233E-04 1.20211327E-04
 2  3 6.98984332E-04 2.96146296E-04-5.05411505E-04-1.60346425E-04-1.45323540E-04
 2  4-1.72019622E-04 7.59859719E-05-1.65452196E-05-2.24605669E-05 3.93674439E-04
 2  5-2.45330282E-03 2.80935074E-03-1.94787433E-04-8.33504449E-05 8.25962058E-05
 2  6 6.00731914E-04 1.10809377E-04-3.03069690E-04 4.27784293E-04 2.81521675E-04
 2  7 3.80835650E-04 1.86007829E-05-6.40074604E-05-1.69462118E-05 1.39391887E-01
 2  8 6.99620053E-01 2.06444975E-01 7.16533858E-02-1.28887957E-03 1.59986818E-02
 2  9-1.33476536E-01 3.87385453E-01-3.56997296E-02 3.14902208E-02 5.91224817E-02
 2 10-1.08438269E-01-7.45681362E-02 3.24368238E-01-5.78134661E-03-7.87646989E-03
 2 11-1.35932725E-01 7.54058653E-03-5.23051717E-02 2.25179389E-02 3.67015921E-03
 2 12 1.08989635E-03-6.11832227E-04 1.02631706E-02 4.41632069E-02-5.15906580E-03
 2 13 3.02054614E-03-1.21912150E-02 6.83137851E-03-1.12286022E-02 1.91251032E-03
 2 14 3.36599652E-03 3.95351860E-02 3.64509053E-02-9.72742429E-03 4.63939823E-02
 2 15 6.55020324E-02 2.27683663E-02 8.99555277E-03 2.32641203E-02-7.80392213E-03
 2 16 3.32798241E-03 4.20299012E-02-1.96749955E-02 5.07015813E-02 1.30629370E-02
 2 17 1.72571077E-02-9.98135469E-04 6.58373556E-03-9.79998043E-03-6.27437767E-04
 2 18 2.94248112E-04-1.40255118E-03 1.25051073E-03-3.82093948E-04 3.22903424E-03
 2 19-4.04202514E-04-4.75677840E-04-8.72893594E-04 1.50354761E-05-5.32019420E-05
 2 20 1.15606104E-04 3.45570291E-02-1.40151180E-01 6.61975391E-03-7.51872240E-04
 2 21-4.55345236E-03 1.25139676E-02-4.52568584E-02 2.74479855E-02 1.20123924E-01
 2 22 2.27540108E-02 3.13563444E-02-6.76270312E-02 2.98879671E-03 3.80602560E-02
 2 23-1.49950022E-02
 3  1-2.82012045E-06 2.44210296E-06-1.60020804E-05-1.87310805E-04-6.06176713E-04
 3  2 2.28130224E-03-5.53932249E-03-5.29721776E-05 3.30748869E-04 1.42100142E-04
 3  3-4.77480314E-04 7.90416269E-04 5.50080836E-04-4.16583386E-04-9.84764243E-04
 3  4-5.16126555E-04 2.42218184E-04 1.39653907E-04-3.95996945E-04 2.09014542E-03
 3  5-8.97827747E-03 7.37149002E-03 1.30155533E-04 2.39558563E-04-2.50553218E-04
 3  6-9.33878265E-04 6.78499948E-04 1.64114702E-03 2.04148387E-03 2.34203790E-03
 3  7 2.14529600E-03-1.86566732E-04-8.84449236E-05 4.00075357E-04 6.98266698E-01
 3  8-1.39730774E-01-3.84060440E-02-1.96843494E-02-1.20525584E-02-2.92675603E-03
 3  9 2.18587476E-02-7.40509812E-02 6.66929203E-03 3.98657776E-03-1.82671553E-02
 3 10 2.61402135E-02 1.67384526E-02-6.19194666E-02 1.77684278E-03 2.12894847E-03
 3 11 2.75962284E-02 3.50858345E-02-2.17872386E-01 3.79246077E-02 1.48014961E-02
 3 12 2.55356109E-02 1.37054045E-03 5.47177066E-02 1.58342267E-01-3.45831015E-02
 3 13 1.83813972E-02-6.84892916E-02 3.70166108E-02-5.00390714E-02 9.29703587E-03
 3 14 1.54110615E-02 2.03225874E-01 1.39044809E-01-9.71095781E-03 2.33193277E-01
 3 15 3.23975487E-01 1.14022980E-01 3.20205714E-02 1.05280173E-01-3.45453510E-02
 3 16 1.95123563E-02 2.09629112E-01-9.40314317E-02 2.49010681E-01 6.66348211E-02
 3 17 8.87948445E-02 1.18788767E-03-6.08537508E-03 3.45092024E-03 5.12731321E-04
 3 18-3.44186797E-05 2.30882281E-04-9.45743077E-04 5.25581895E-04 3.28820552E-04
 3 19 7.40261157E-04 7.41381239E-04 5.65425398E-04 5.08967018E-05 7.48398074E-06
 3 20-1.72606416E-04-2.22683398E-03 1.33268000E-02-2.89137133E-03 1.89618749E-03
 3 21-4.01993183E-03-3.32876945E-03 5.97873868E-03 6.17063153E-03-2.47481544E-02
 3 22 1.51922525E-03-3.77870082E-03 1.90351850E-02 3.47232611E-04-7.45294038E-03
 3 23 3.47623973E-03
 4  1-5.43482507E-04 6.44974922E-01-5.72313901E-03 4.53085082E-02 3.07806125E-01
 4  2 1.16730881E-01 1.63066130E-02-8.42352434E-02-1.85040531E-01-3.84811475E-01
 4  3 5.04073850E-02-9.91224677E-02-5.38833174E-02-7.18034848E-02 2.10242969E-02
 4  4 2.31861136E-01 1.28882422E-02 6.30416425E-02 2.06161541E-01-4.74029693E-02
 4  5-1.47331794E-01-1.13772533E-02 2.93108012E-02-6.51077080E-02-4.53139291E-02
 4  6 6.09085772E-02-1.03034545E-01-4.08099377E-02-1.17109412E-02-5.42682882E-02
 4  7-9.96115386E-03 2.49156707E-02 2.80533358E-02-3.35102479E-02-8.08087503E-06
 4  8-6.40786695E-05-6.22912465E-04 3.53808566E-03-4.57769390E-03-1.06962551E-04
 4  9 1.24715862E-04 1.74566114E-04 6.09656641E-05-1.84918913E-04 2.28448793E-04
 4 10-6.16014644E-04-5.89469507E-04-3.11675252E-04-1.78689493E-05-9.15012849E-05
 4 11 7.90058198E-05 2.88133241E-04-1.35553346E-03-2.03344851E-03-9.63310116E-05
 4 12 1.38741915E-04 3.74425423E-04 4.70330496E-04-1.07737284E-04-1.07186383E-03
 4 13 3.39591278E-04 2.44767197E-04 3.17474513E-04-7.06880143E-05 2.59365506E-05
 4 14-2.10870610E-06-1.98772951E-04 9.71208997E-04 1.05528210E-03-2.91041415E-06
 4 15-1.31110376E-04-8.38628014E-05 9.32699178E-05 6.82259508E-04 3.25578823E-04
 4 16-1.93240778E-04-5.99251200E-05-1.52293085E-04 1.37950215E-05 1.97886951E-05
 4 17 8.64600588E-05-3.60691256E-03 3.23055075E-03 4.85349299E-03 6.35535072E-03
 4 18 1.55477364E-03 5.71399981E-05-5.84670175E-03-2.71262009E-03-3.39732023E-04
 4 19-4.03404108E-03-1.07979125E-03-1.95097752E-03 1.31078853E-04 2.03941346E-04
 4 20-1.44871064E-05 2.21550000E-03-1.12172967E-02 9.44513260E-03 1.58992806E-04
 4 21 1.57297460E-04-5.65852755E-06-3.74336232E-04-3.35596885E-04 3.16012108E-05
 4 22 1.83189904E-03 1.93254773E-03 1.55419156E-03 6.57888980E-06 8.38724653E-05
 4 23 8.11953616E-06
 5  1 1.26505400E-04-3.00079342E-02-5.83999845E-02 9.85945969E-01-3.20323297E-03
 5  2-5.40927999E-02 1.49665459E-02 8.60466601E-03 1.18591112E-02 1.53355839E-02
 5  3-1.48879614E-02-3.50304550E-03 9.34023973E-03 1.42384730E-02 9.27289504E-03
 5  4 8.53482794E-04-1.48060869E-03-2.29983577E-03-9.39784774E-03 3.10568154E-03
 5  5 1.49391068E-02-3.78743996E-02 2.49844518E-03 5.77495023E-03-2.07946073E-04
 5  6-1.24496018E-02-3.23093141E-03 7.09714539E-03 1.28747044E-03 3.82685730E-03
 5  7 1.24278482E-03-5.54220119E-04 6.15417185E-04 6.21323482E-04-7.47565772E-05
 5  8-1.45538671E-03-1.34305502E-02 7.53080771E-02-9.17457549E-02-2.26541230E-03
 5  9 3.29093410E-03 3.32333950E-03 7.72779902E-04-5.71533272E-03 8.06512021E-03
 5 10-1.32146973E-02-1.23849970E-02-5.66453535E-03-4.79472470E-04-2.26796345E-03
 5 11 1.93795485E-03-1.33451366E-03 1.16007381E-02-7.17510126E-02-2.57494233E-03
 5 12 3.10005071E-03 8.12797632E-03 9.91992961E-03-5.39035970E-03-2.33373489E-02
 5 13 6.63516694E-04-1.34405369E-03-5.25694517E-04-9.65586750E-04 3.36849989E-04
 5 14-7.77388865E-04-4.11006664E-03 2.07258206E-02 1.77814698E-02-8.92415703E-04
 5 15-1.77982378E-03 8.41885266E-04 2.45612506E-03 8.46122848E-03 2.70172251E-04
 5 16-3.54568048E-03-1.78196764E-03-3.75053976E-03-3.28203562E-04 8.64998475E-04
 5 17 1.58012540E-03 3.96949650E-03-1.61097639E-01 1.49008381E-01 5.55546304E-02
 5 18 1.28406237E-03 5.11353503E-03-4.25769211E-02 4.10724364E-03-5.33060615E-03
 5 19-2.60287132E-03 2.54978959E-02 2.51389212E-02-5.59015609E-03-1.08517284E-03
 5 20 9.14562561E-04 4.79814388E-02-2.42620725E-01 2.02966607E-01 3.93603732E-03
 5 21 4.30445855E-03-1.17306681E-03-9.82154747E-03-9.37490062E-03 3.86733867E-03
 5 22 3.90226734E-02 4.13861899E-02 3.20662332E-02 2.48696672E-04 2.04070365E-03
 5 23-3.05659313E-05
 6  1-7.96624013E-05 3.05236403E-03 6.48553523E-01 9.01243594E-02 2.46384154E-03
 6  2-5.38482650E-03 3.41252009E-03-8.17517642E-04-1.13850742E-03-1.99097519E-03
 6  3 1.52357041E-03-8.61340397E-04-1.05318549E-03 1.88963812E-03 1.69084241E-03
 6  4 2.76243032E-03 9.25384783E-04-4.78016439E-04 5.94248716E-04 3.90680488E-04
 6  5-7.47262968E-03 3.25096050E-03-5.46394088E-04-4.52477614E-04-3.92059538E-04
 6  6 2.63584871E-03 4.33138255E-05-5.46064676E-04 2.02694475E-03 1.34088880E-03
 6  7 1.02225276E-03 1.66807008E-03-3.33620787E-04-1.08615216E-03 2.25395271E-05
 6  8-2.32490436E-04-2.18420794E-03 1.25010558E-02-1.61813328E-02-2.41705505E-04
 6  9 3.88398146E-05 6.65236880E-04-2.44779821E-04 5.98938515E-04 6.30315654E-04
 6 10-2.02084060E-03-2.11394947E-03-9.85690967E-04-7.34909112E-05-4.72210479E-04
 6 11 3.72948673E-04 1.49571113E-03-6.76149470E-03 5.17052923E-03 6.21707246E-06
 6 12 4.19037856E-04-2.43179378E-05-4.92089893E-04-3.12624152E-03-4.36643835E-04
 6 13 1.10259752E-03 1.50071771E-03 1.05604060E-03 2.95669434E-04-7.82475994E-05
 6 14-3.58337872E-04 6.67529141E-04-2.87056716E-03-2.56735460E-03 4.07057074E-05
 6 15 3.81196408E-04 2.62683183E-04-6.37133207E-04-2.01533044E-03-4.94964990E-04
 6 16 5.78074500E-04 1.34889981E-04 6.22897593E-04-3.09497048E-04 4.40390434E-05
 6 17-2.45814800E-07 3.05555786E-01-8.69975701E-02 1.54847497E-02-3.97424203E-01
 6 18-7.22905102E-02-2.51347593E-03 4.40290309E-02 1.06374191E-02-2.13592220E-05
 6 19 2.77707760E-01-6.03537530E-02-7.17025303E-02 7.06774847E-02 3.51275498E-03
 6 20 1.80729858E-04 6.26917728E-03-3.19522433E-02 2.78693664E-02 1.85371627E-04
 6 21 7.11732683E-04-6.98646200E-04-6.44325591E-04-1.12461308E-03 1.75208577E-03
 6 22 4.82004782E-03 5.05326802E-03 3.91377540E-03-1.53586114E-05 2.89404689E-04
 6 23 1.56781991E-05
 7  1-2.83199399E-02-1.76368473E-02 1.13873954E-03 2.13198612E-03-2.29008742E-01
 7  2 3.73406841E-02 1.08261346E-01-1.64798213E-01 1.24742779E-01-4.04575182E-02
 7  3 2.53005171E-01-5.64410692E-02 2.34897859E-01-1.92119844E-01-1.99473989E-01
 7  4-1.84364419E-01-5.91655238E-02 5.37888588E-02 1.94516896E-02-3.58827191E-01
 7  5 1.30025758E+00 1.86611278E-01-1.25510617E-01-5.02659930E-02-2.06215239E-01
 7  6 2.53679329E-01 3.75325563E-01 7.68520371E-01-3.05343546E-01-2.68465591E-01
 7  7-1.71235805E-01-6.32969834E-02 8.31920937E-02 1.12326090E-01 9.95018356E-05
 7  8-6.27320424E-06 3.56513752E-04-2.51324683E-03 6.40629343E-03 2.22414525E-04
 7  9-2.04730840E-04-3.98455259E-04-6.34120157E-04 6.47647806E-04 1.17242560E-03
 7 10 4.13563669E-04 3.40899236E-04 5.45421023E-04 5.46151540E-05-3.22301251E-05
 7 11-4.28309615E-05-2.49648321E-03 1.45373320E-02 1.39944078E-02 1.28805284E-04
 7 12 5.26855606E-04-1.84205313E-04-3.02130428E-03-6.59088588E-03 1.55027708E-03
 7 13-1.82322584E-03-8.89433239E-04-2.56415939E-03 9.02718160E-04-2.59311973E-04
 7 14-1.06062113E-03-3.17644355E-03 2.16863236E-02-4.52748119E-02-1.73368816E-04
 7 15 2.78599470E-03 3.61484870E-03-1.83441812E-03-1.35576019E-02-9.46652045E-03
 7 16-2.27391750E-03-4.44604723E-03-3.12800606E-03-1.13189688E-03 3.25003159E-04
 7 17-4.74799803E-04 8.98831349E-02-3.46839268E-01 1.85278704E-02-4.33640120E-02
 7 18-3.33486193E-02 2.19236858E-02 1.20350901E-01 9.41920165E-02-6.15657676E-02
 7 19 7.04193207E-02 7.79751790E-02 8.59560444E-02-1.64655590E-02 1.03323039E-02
 7 20 9.13063274E-03-2.18697925E-03 1.16186831E-02-1.51455930E-02 1.16616052E-04
 7 21-3.57188283E-04-2.02491964E-04-5.76299297E-04 1.47708255E-03 8.14000112E-04
 7 22-1.88230381E-03-1.98401803E-03-2.24602490E-03 1.05487219E-05 9.61285246E-05
 7 23 1.11818399E-04
 8  1 1.52152156E-03-3.35334882E-02-1.43085914E-03-1.76520624E-04-2.55228867E-01
 8  2 3.22062819E+00 1.86475244E-01-6.93075994E-02 3.28729768E-02-5.41956655E-02
 8  3 1.09910700E+00-1.34077418E+00-1.91698056E-01-1.46794962E-01-1.10497462E-01
 8  4-3.03891419E-01-2.35722576E-01 1.88376405E-02 1.26823341E-02 2.42672086E-01
 8  5-2.98417257E+00-2.15928645E-01 7.32820898E-02-3.82837686E-02 5.49652533E-02
 8  6-8.61972197E-02-8.98082632E-01-1.31198509E+00 2.11759394E-01 1.48535860E-01
 8  7 1.64103459E-02 3.18601466E-02-7.30329903E-02-1.43713063E-01-1.32393685E-04
 8  8 6.07538034E-06-5.37126355E-04 3.54567323E-03-6.34559406E-03-7.70873154E-05
 8  9-1.56966625E-04 2.42388115E-04 1.68645109E-04 4.85602375E-04-8.20246333E-04
 8 10-4.77808372E-04-5.51289188E-04-5.51219145E-04-8.36580158E-06-3.05911818E-05
 8 11 2.25384710E-05 3.25194998E-03-1.80689775E-02 4.00947184E-03 6.91316756E-05
 8 12-3.55185865E-04-3.92985490E-04 9.27293466E-04 2.98534027E-03 6.18575724E-04
 8 13 2.15622388E-03 2.14347440E-03 2.63664270E-03-2.83654417E-04 1.55798530E-04
 8 14 4.89611323E-04 1.54207937E-03-1.31149461E-02 2.65006398E-02 2.10855212E-04
 8 15-1.36254229E-03-2.41483904E-03 4.26805374E-04 7.12873812E-03 7.23514357E-03
 8 16 1.03567475E-03 2.03380402E-03 1.61987823E-03 5.67862089E-04-1.69589060E-04
 8 17 2.24598580E-04-1.28864537E-02 4.65996338E-02-1.59087731E-02-7.91993044E-04
 8 18 1.68077564E-02 8.65954289E-03 5.70149952E-04-4.69505320E-02-1.75554018E-02
 8 19-8.30598877E-03-2.14137853E-03-1.03538450E-02 5.19007398E-03 8.72939447E-04
 8 20-1.48562654E-03 7.64575568E-04-4.39912108E-03 6.77695007E-03-1.17601192E-04
 8 21 2.93576518E-05-1.91271516E-05 4.42504888E-04-3.84666406E-05-6.00272000E-06
 8 22 6.07032158E-04 5.86245122E-04 7.04728170E-04-3.09273329E-05 1.53342667E-05
 8 23-2.23950978E-05
 9  1 1.11257670E-02-1.28927099E-01 8.58546067E-03 1.85297394E-02 8.60233341E-02
 9  2 5.78079148E-01-5.78974099E-01 1.85885709E-01-6.75721815E-02 1.70175624E-01
 9  3-1.10931797E-01 9.04299168E-02-2.65048050E-02 7.04125598E-02 5.19821495E-02
 9  4-1.13058240E-01-5.78356042E-02-5.03257124E-02-8.73738413E-02 2.00704609E-01
 9  5 8.74625563E-01-7.28514116E-01 4.77853632E-02 7.97590810E-02 1.63954342E-01
 9  6-6.93756525E-02 1.59021392E-02-6.17392405E-02 3.48568223E-02 2.73018162E-02
 9  7 8.61183036E-02-7.90843126E-04 4.24771216E-02 1.70210303E-02-6.24249393E-04
 9  8 1.06085296E-03 4.21074421E-04 8.18121551E-05-9.58488205E-03 2.67504367E-04
 9  9-1.13383896E-03 1.46752803E-03 1.46335592E-03 2.47796227E-03-8.92101217E-03
 9 10-2.70489638E-04-4.28255896E-04-2.24070558E-03-4.91162950E-05 8.11446635E-04
 9 11-4.45540270E-04 1.67915429E-02-8.26589766E-02 1.75575163E-02-1.26567923E-04
 9 12-3.88039358E-03-3.27907357E-03 2.00481332E-03 1.18206911E-02 1.10764781E-02
 9 13 9.46805733E-03 1.11078531E-02 1.13861596E-02-7.00409255E-04 2.58839513E-04
 9 14 6.38340168E-04 2.31830519E-02-1.69119334E-01 2.03695252E-01-2.78720690E-04
 9 15-6.61916433E-03-8.30075465E-03 6.77146472E-03 3.28055583E-02 2.15980248E-02
 9 16 2.33133087E-02 2.66935031E-02 2.30211466E-02 3.35630282E-03-4.64482413E-04
 9 17-1.06848065E-04-6.63809003E-02 3.35986280E-01-1.10377980E-01 4.56440607E-03
 9 18 1.08211188E-02-8.38291949E-03-5.03268734E-02-7.50798374E-02 4.20293318E-02
 9 19-4.67537494E-02-5.16381363E-02-5.52090415E-02 1.43007941E-02-6.34115829E-03
 9 20-9.01711213E-04-3.29066801E-03 6.81435005E-03-1.40645878E-02-2.12150171E-03
 9 21-3.34240726E-04 2.74017874E-03 7.80782696E-03 2.48754311E-03-1.11870303E-02
 9 22-9.68537065E-05-2.43109694E-04 3.29555063E-04-1.13621027E-04 4.93359840E-04
 9 23-1.45395637E-04
10  1 1.62535320E-03-3.68548736E-02-9.97632999E-02-7.26277582E-02 5.76422161E-02
10  2-1.83125668E-01 1.62586054E-01 5.11648314E-02 1.83397935E-03 4.97055550E-02
10  3 4.06782030E-03 6.90366904E-02-1.39407008E-01 7.24332849E-02 4.02317797E-02
10  4 3.66504854E-02-1.31003682E-03-3.84993846E-02-1.21386387E-02 1.23096434E-01
10  5-1.10929867E-01-1.12613308E-01 1.06786228E-02 1.98733620E-02 3.79359356E-02
10  6-9.59546442E-03 1.67078804E-02-7.70009494E-02 6.58506153E-02 5.85823041E-02
10  7 3.79013357E-02 6.53032838E-03 4.41612445E-03 4.23107559E-03-3.38991530E-02
10  8-8.22732059E-02 5.24638827E-02 2.50875145E-01-1.17717605E-01-1.43914026E-02
10  9 3.12505394E-02-4.67862659E-02 1.93526494E-03-3.54006203E-02 9.40158103E-02
10 10 4.75130412E-03-5.06212348E-03-4.62550689E-02 3.90626933E-03-1.31522728E-02
10 11 3.33303267E-02 2.38020533E-02 1.42198552E-01-1.93260579E-01-6.51202118E-03
10 12-7.56213560E-03 1.35970005E-02 1.76276075E-04-5.56080051E-02-2.02027490E-02
10 13-5.16642437E-03 1.70697843E-02-5.84980563E-03 8.73416652E-03-3.19973353E-03
10 14-1.12252652E-02 9.03481225E-03 5.36664778E-02 6.86263763E-02-1.87415793E-02
10 15-1.97862069E-02-1.21080418E-02 1.41168827E-02 2.47745655E-02 1.14075924E-02
10 16-3.13086908E-03-7.97456520E-03 4.19688142E-03-1.68565217E-02-6.50167768E-03
10 17-5.69705827E-03-1.37533767E-01 2.13862260E-01 5.50855431E-01 1.70345326E-01
10 18 2.22595353E-02 2.18673439E-03-4.34466640E-01 1.18910912E-01-7.21898993E-02
10 19-3.40866193E-02-3.96088805E-02-3.56028623E-02-6.52848957E-02 2.89753200E-02
10 20-1.61354818E-02 8.72510616E-02-6.17425704E-02 3.71729508E-01 1.63657119E-02
10 21 3.49183230E-03-3.34567900E-02-1.61680051E-02-5.68010750E-02 3.75502209E-02
10 22 1.49383355E-02 1.19992705E-02 4.70539003E-02-5.01717255E-03-2.37001807E-02
10 23 1.13331988E-02
11  1-7.54013113E-04 2.03504102E-02 5.72207617E-02 3.45021830E-02-2.96024943E-02
11  2 1.10839196E-01-1.05579835E-01-2.73206851E-02-2.91877359E-03-2.75224269E-02
11  3-1.16650631E-02-4.55879292E-02 9.06196675E-02-4.14485547E-02-2.02177923E-02
11  4-2.25624626E-02-2.32416684E-04 2.35115715E-02 5.64286399E-03-7.20293423E-02
11  5 9.09841891E-02 3.85196803E-02-4.70857545E-03-9.83487584E-03-2.05846156E-02
11  6 4.36620302E-04-1.54757485E-02 5.12168085E-02-4.02585693E-02-3.59408271E-02
11  7-2.02071845E-02-4.31960389E-03-1.61379455E-03-2.89473038E-03-5.98135171E-02
11  8-1.84196451E-01 2.41097217E-01 2.86060641E-01 1.12356607E-01-2.02104770E-02
11  9 5.07746590E-02-9.66408283E-02 1.94869706E-02-5.06491700E-02 8.45318499E-02
11 10 5.69595364E-02 3.41719939E-02-1.26232549E-01 8.74061583E-03-1.08702699E-02
11 11 7.28075166E-02 6.02385504E-02 9.18946782E-02 1.10824255E-01-7.15391712E-03
11 12-2.23216510E-02 1.49567610E-03-2.43233672E-02-7.39468101E-02 4.34606064E-02
11 13 8.73258917E-04 4.49502783E-02 9.77670148E-04 1.65128395E-02-5.12000744E-03
11 14-1.64985457E-02 4.49529390E-02 2.34911125E-02 3.02483055E-03-2.77524756E-02
11 15-2.63222142E-02-2.55458018E-02 1.72564617E-02 1.07839579E-02 1.16854210E-02
11 16 6.74369981E-03-7.35555682E-03 1.68388709E-02-2.96008800E-02-1.60216950E-02
11 17-1.89530378E-02 8.06179834E-02-1.35009116E-01-3.01145826E-01-9.61166694E-02
11 18-1.33188826E-02-1.35819652E-03 2.43864353E-01-6.39967129E-02 3.02750832E-02
11 19 2.08423331E-02 2.31088051E-02 2.11133866E-02 3.60337488E-02-1.27825793E-02
11 20 9.48886391E-03 5.66762356E-02 3.54119183E-01-9.94911202E-02 5.44953890E-03
11 21-4.23500753E-03-2.04769418E-02 7.73308847E-02-5.31046733E-02-1.47357235E-01
11 22-1.87791828E-02-2.82564155E-02 5.25316252E-02-9.60698215E-03-4.18969806E-02
11 23 2.36512021E-02
12  1-1.21069158E-04 2.27131403E-03 2.15005438E-03 3.07576487E-03-3.30735290E-03
12  2 2.56958706E-03 6.72671614E-03-3.26748358E-03 5.08748851E-04-3.15182584E-03
12  3 1.94193657E-03-4.41408786E-03 4.53154119E-03-3.09189357E-03-1.66758945E-03
12  4-3.20730267E-04 2.60253005E-04 1.70968161E-03 1.29807605E-03-7.53679613E-03
12  5 5.18180571E-03-2.00183944E-03-8.11861750E-04-1.39312030E-03-2.50837293E-03
12  6 2.24200577E-03-1.09732577E-03 1.21863740E-03-3.70502090E-03-3.62984068E-03
12  7-3.73869657E-03-1.27800977E-04-3.45358260E-04-5.02972478E-04-1.95723604E-01
12  8 8.05055995E-02-1.22084934E-01-1.57747320E-01-2.70205259E-03 9.16618617E-03
12  9-2.13214657E-02 3.46878018E-02-6.11580868E-03 7.88778094E-03-3.11388111E-02
12 10-2.42853870E-02-1.09351033E-02 5.78687958E-02-4.00941094E-03 6.29092692E-03
12 11-3.82543471E-02 1.43553206E-01 3.82775749E-01 3.21833294E-02-2.13780983E-02
12 12-6.42900635E-02 1.58747129E-02-6.13849106E-02-2.27726418E-01 8.43114977E-02
12 13-1.08988358E-02 1.08192451E-01-1.37115047E-02 4.66022236E-02-1.45088701E-02
12 14-4.47465195E-02 1.70261767E-01 1.92904710E-01 7.71769038E-02-8.69663107E-02
12 15-8.80171961E-02-7.16160466E-02 6.11807630E-02 5.01264317E-02 3.96569636E-02
12 16 5.48703165E-03-4.71164292E-02 4.39119617E-02-1.03360039E-01-4.86394920E-02
12 17-5.76880655E-02 1.31923433E-03 9.21206559E-03-2.81804161E-02-4.38109876E-03
12 18-7.47144849E-04-3.72489531E-04 1.28710030E-02-6.22303638E-03-6.65580786E-04
12 19-1.79088701E-03-4.87931036E-04-4.25171102E-04 2.64270962E-03 1.55867742E-04
12 20 7.83747058E-04-3.94286463E-02-8.16209082E-02-3.02630836E-02-5.64980951E-03
12 21 5.30466160E-03 1.33131411E-02-1.80453290E-02 7.36095773E-03 4.17749646E-02
12 22-3.15936519E-03 2.92128459E-03-3.19637433E-02 2.41191413E-03 1.63241184E-02
12 23-7.87581993E-03
13  1 4.23310560E-05-8.25241081E-03-1.72388034E-02 4.99995184E-03-2.68304851E-03
13  2-2.60306314E-02 5.46150592E-02 9.42283748E-03 6.81310180E-03 1.01009332E-02
13  3 4.18518944E-02 4.21907852E-02-7.17007894E-02 1.58615813E-02-4.86713074E-03
13  4 8.90065185E-03 1.27930508E-05-1.51770352E-02 2.62069412E-04 3.17177632E-02
13  5-8.16389796E-02 3.76305381E-02-2.14539833E-03-4.59438662E-05 8.20453785E-03
13  6 2.30730996E-02 3.20123521E-02-5.08966364E-02 2.17459802E-02 1.90057001E-02
13  7-7.67966373E-04 4.36880988E-03 1.93930844E-04 4.11651234E-03-5.31623866E-02
13  8-6.16388141E-02 5.07585529E-01 2.83128542E-01 4.57691309E-02 2.90796815E-02
13  9-4.71034687E-02 4.23496845E-02 1.99897548E-02 3.74637199E-02-2.01096520E-01
13 10 2.10922524E-02 1.31404438E-02-2.12128994E-01-7.91259560E-03 1.92646235E-02
13 11 5.54311079E-02-7.90049845E-02-1.14501359E-01 3.55733825E-03 7.27527843E-03
13 12 2.35907847E-02-1.10642904E-02 2.39446295E-03 7.92391350E-02-5.24544687E-02
13 13-9.01944674E-04-5.93091152E-02-1.60188475E-02-9.50816813E-03 7.95093725E-03
13 14 3.79158110E-02 3.05438608E-01 2.76019276E-01-3.02875262E-02 1.71737924E-02
13 15 6.56573291E-03 2.00905250E-02-3.01581799E-02-6.22426326E-02-1.07801013E-02
13 16-3.39707647E-02-9.40399146E-02 7.49116041E-04-7.22079601E-02-1.49873919E-02
13 17-2.73599319E-02-2.94219373E-02 6.03929265E-02 5.76800908E-02 2.62785217E-02
13 18 4.36579844E-03 7.41175443E-04-5.97738994E-02-1.29893965E-02 3.29248283E-02
13 19-8.84279122E-03-6.15871448E-03-6.86396880E-03-5.75427134E-04-9.30394514E-03
13 20-3.51836660E-03-1.20668767E-01-2.50570211E-01-1.98398898E-01-1.66642834E-02
13 21 3.23195604E-03 3.86685324E-02-5.81862268E-02 1.11406031E-01 2.61651451E-02
13 22-1.13479700E-02-1.85842456E-03-4.94419725E-02 2.50909153E-02 5.58532349E-02
13 23-4.36516124E-02
14  1 7.41717593E-05 6.08957341E-04 8.45440988E-03-4.05199245E-03 7.24272563E-03
14  2 8.02019232E-03-3.82602480E-02-4.36114828E-04-4.35991589E-03-2.79145359E-04
14  3-2.27963804E-02-1.97348514E-02 3.05414584E-02-3.00002218E-03 6.76235064E-03
14  4-3.63202753E-03-3.39828572E-04 5.27285322E-03-2.02130864E-03 9.68780158E-04
14  5 2.55987716E-03 1.59389010E-02 1.86032535E-03 1.98344651E-03-1.47833611E-04
14  6-1.74644216E-02-1.59403831E-02 1.67847677E-02-2.58638152E-03-6.81196470E-04
14  7 7.29223903E-03-2.37510311E-03-1.11144544E-03-2.24106992E-03-7.34956676E-02
14  8 2.37800643E-02-2.66135647E-01-1.45926933E-01-3.44941356E-02-2.01432182E-02
14  9 3.27200790E-02-2.40524655E-02-1.39114197E-02-6.23239525E-03 1.13367850E-01
14 10-4.84085514E-03-6.47997200E-03 1.18316836E-01 6.43578874E-03-1.41780129E-02
14 11-1.96219812E-02-1.54053836E-01-2.40851941E-01-7.43377093E-02 1.28145535E-02
14 12 5.65308514E-02-2.26664523E-02 1.73385490E-02 1.58616924E-01-1.01477534E-01
14 13 2.99773670E-03-1.14037038E-01-2.45698874E-02-2.10105679E-02 1.58083915E-02
14 14 7.34403947E-02 5.45062874E-01 4.43412244E-01-6.83490920E-03 4.07880234E-02
14 15 2.23316524E-02 4.53668393E-02-7.01555267E-02-1.20208707E-01-2.51164932E-02
14 16-6.05738123E-02-1.61803337E-01 9.09381336E-04-1.22267643E-01-2.20031583E-02
14 17-4.27460529E-02 1.59695262E-02-5.05665027E-02-6.66017571E-03-1.18817848E-02
14 18-1.82585850E-03 1.86907151E-04 2.49678315E-02 1.06813984E-02-1.30992835E-02
14 19 8.07478847E-03 4.89010696E-03 5.08476180E-03-9.57326029E-04 3.37559632E-03
14 20 1.31012244E-03 8.43733558E-02 1.52213569E-01 1.15549115E-01 1.17197625E-02
14 21-6.72529445E-03-2.61159379E-02 3.55531010E-02-5.06737288E-02-2.57751243E-02
14 22 1.30276182E-02 4.06551522E-03 4.07856780E-02-1.41468267E-02-3.54125616E-02
14 23 2.62506841E-02
15  1 3.27136518E-04-1.07530997E-02-9.91700141E-03-4.02627855E-02 9.11505224E-02
15  2-2.73388330E-01 1.61766956E-01-4.54048625E-03-4.18809540E-02 3.14185119E-02
15  3-2.91930668E-01-2.88054944E-01 2.25857171E-01 1.17008049E-02 1.43285856E-01
15  4 1.27432201E-02 1.16194848E-02 3.89439496E-02-1.48140178E-02 1.24770869E-01
15  5-2.14790894E-01 6.15785434E-02 2.66330517E-02 3.60882411E-02 1.11595965E-02
15  6-2.75097613E-01-2.38160648E-01 1.27554502E-01 2.36199418E-02 4.45945772E-02
15  7 1.16100448E-01-3.66667934E-02-3.01966692E-02-4.22886947E-02 2.66415068E-05
15  8 6.19335536E-03 1.15135462E-01 2.09618132E-01-2.89511595E-01 9.03013465E-03
15  9-2.33818638E-02 3.49207809E-02-5.64346568E-03 2.62343000E-02-5.73057620E-02
15 10-2.24131494E-02-2.31874273E-02-5.72834490E-02-4.46232311E-03-1.32567415E-03
15 11 1.23125560E-02 1.43369709E-03-2.99079234E-02-3.14524565E-02-1.01206859E-03
15 12 5.75487475E-03 2.30490351E-03 5.04406450E-03-2.31834367E-02-1.04922171E-02
15 13 5.00003758E-03 1.11633736E-03 5.63410886E-03 5.85948524E-04 7.98583473E-05
15 14 5.84918071E-04 6.80242940E-03 5.95254826E-03-1.61785130E-03 2.43796692E-04
15 15 9.22080016E-04 2.50824282E-03-5.26133693E-03-5.58654608E-03 1.64169441E-04
15 16-2.07131663E-03-2.68706688E-03 3.04194598E-04-3.05045569E-03 6.74642981E-04
15 17 1.28019025E-03 1.31032497E-02 8.00582214E-02-8.19145757E-03 1.56595785E-02
15 18 8.32281660E-03-6.08594037E-03-7.01458301E-02 2.61032302E-01-2.45923820E-01
15 19-8.68525156E-03-2.35174358E-02-1.52340710E-02-8.45934521E-02 7.76970254E-02
15 20 5.68087290E-03 7.73122439E-03-3.86733567E-01 5.25634551E-01 4.35961347E-03
15 21 7.99826427E-03-1.19616092E-02-8.91843664E-02 1.96481832E-02 1.80480722E-01
15 22 1.80227592E-02 2.34290707E-02-5.74693529E-03 1.10085581E-02 2.45784286E-02
15 23-2.20125623E-02
16  1 1.05849444E-03 6.78051231E-02-3.37136494E-02-1.86849123E-02 7.35494315E-02
16  2 4.37869621E-01-8.58243589E-01-4.01139127E-02-1.13741845E-02-1.07803144E-01
16  3-6.43868018E-02 2.94812515E-01 2.63552430E-01-9.19361297E-02-1.54164117E-01
16  4-6.65752352E-02 4.91441576E-03 5.96170522E-02-1.44207701E-02-5.43969139E-01
16  5 1.35793040E+00-6.36440666E-01-1.22420342E-02-4.94305884E-02-8.83942945E-02
16  6 2.55043100E-01 7.54417707E-02 4.20572799E-01-2.50874948E-01-2.73467002E-01
16  7-1.55090926E-01 4.25796454E-02 5.75692554E-02 4.17079140E-02-1.41530168E-03
16  8 6.43304661E-03 5.02354686E-02 1.22539451E-01-1.69512668E-01 4.44948626E-03
16  9-1.20755110E-02 1.95198003E-02-5.72572689E-03 1.51036481E-02-2.37056060E-02
16 10-1.54513888E-02-1.59197823E-02-2.67309223E-02-2.33963352E-03-1.99649898E-03
16 11 5.84867750E-03 5.32463909E-03-4.98481718E-02-6.20768726E-02-7.78059851E-04
16 12 2.25921526E-03 1.20133307E-03 8.90535681E-03-3.72843125E-03-1.31172372E-02
16 13 6.65728381E-03 3.63604474E-03 6.27850923E-03-1.33389532E-03 1.13856271E-03
16 14 2.63457890E-03 2.88007925E-02-8.38147926E-02 1.46192503E-01 3.47551488E-03
16 15-3.40700788E-03-5.01171479E-03 5.79613570E-03 1.28102339E-02 3.07302128E-03
16 16 1.35170678E-02 8.07474631E-03 9.68110553E-03-3.50095154E-04-1.48322059E-03
16 17-3.85452854E-03-2.73180633E-02 2.86954752E-01 1.55054344E-01 4.59646993E-02
16 18 1.06953993E-02-6.84739769E-03-1.45338066E-01 1.03182980E-01-6.74025860E-02
16 19-4.56097648E-02-2.84362718E-02-2.51114479E-02-4.63528656E-02 2.78195278E-02
16 20-7.19454859E-03 6.78522754E-03-1.95412071E-01 3.04618096E-01 4.05076302E-03
16 21 3.93452894E-03-1.02369048E-02-5.72509518E-02 1.10861064E-02 1.20668438E-01
16 22 7.44512043E-03 1.02206048E-02-5.66317826E-03 5.87946187E-03 1.26962357E-02
16 23-1.19120057E-02
17  1-1.04090216E-03 1.31723032E-01-6.72487694E-03-6.82584455E-03-7.61392936E-01
17  2 1.15854659E+00 1.42252576E-01-1.07277337E-01 5.72187006E-04-1.63192744E-01
17  3 6.60501652E-01-8.43624704E-01-1.47027791E-01-2.36060944E-01-1.13391236E-01
17  4-8.54907911E-02-8.77998419E-02 2.70587580E-04 1.95022209E-01 8.41968886E-02
17  5-5.15903977E-01-6.83820575E-01 6.16545700E-03-1.20631357E-02-4.06250975E-04
17  6 3.15753756E-02-2.92962127E-01-4.70091446E-01 4.60388932E-02 5.96030198E-03
17  7-5.97885335E-02-5.17318735E-02 3.02743296E-02-5.63953212E-02 1.05425047E-04
17  8 3.70304982E-03 1.56473771E-02 4.76607233E-02-8.28692053E-02 2.19193317E-04
17  9-3.96769554E-03 8.85327354E-03-5.01772243E-03 8.55505240E-03-1.02735471E-02
17 10-6.76697910E-03-7.45473925E-03-8.12608124E-03-2.87316778E-04-2.63046808E-03
17 11 2.74608453E-03 8.28943952E-03-4.76673778E-02-2.58602142E-02-7.05707264E-04
17 12-2.97170720E-04 1.24431271E-04 6.64449387E-03-1.02017483E-04-7.07544703E-03
17 13 6.21214028E-03 6.22396719E-03 5.79382623E-03-1.08611090E-03 9.66263691E-04
17 14 1.79139914E-03 1.77776443E-02-8.24021446E-02 1.27739514E-01 3.66608901E-03
17 15-2.35672670E-03-6.92222520E-03 6.31413266E-03 1.19135564E-02-2.44512543E-04
17 16 1.33732303E-02 9.53768098E-03 7.24482672E-03 2.38160166E-03-2.23701109E-03
17 17-4.70586759E-03-7.20255286E-03 7.99095624E-02 2.20434977E-02 5.04568792E-03
17 18 8.08377454E-03 4.06259818E-03-2.34388522E-02 1.87825814E-03-1.95927237E-02
17 19-9.15703094E-03-4.48994094E-03-4.37798630E-03-7.93618344E-03 2.95283334E-03
17 20-2.74512570E-03 6.88993809E-03-7.76107655E-02 1.46405293E-01 2.40159837E-03
17 21 1.12156287E-03-5.21520298E-03-2.64172511E-02 5.46796619E-03 5.14351311E-02
17 22 3.59956080E-03 4.36176885E-03-4.79591447E-04 2.29882117E-03 4.21379793E-03
17 23-4.24867128E-03
18  1-3.83703601E-04-1.50833066E-02 1.08624116E-01-4.54374207E-02 4.49144431E-02
18  2-1.49534514E-01 9.83731237E-02 2.51925089E-02 1.77012421E-02 1.18358228E-02
18  3 5.60168975E-02 1.15569345E-01-7.04741558E-02 3.94059590E-02-4.84481289E-03
18  4 2.52265520E-02-7.89173936E-03-1.74115719E-02-1.04408585E-02 3.39871127E-02
18  5-4.34449275E-02 5.86991968E-02-4.95546257E-03-1.42916214E-03 9.43534489E-03
18  6 5.51205711E-02 1.03877494E-01-5.01482853E-02 2.25991368E-02 2.55553333E-02
18  7-6.07919456E-03 8.03997863E-03 7.65332311E-03 1.47618765E-02-4.21916323E-03
18  8 4.00682087E-02 1.91223534E-01 2.15711665E-01-6.27992749E-01-3.59665966E-02
18  9 1.39260219E-03 1.10380712E-01-1.24246954E-01 1.81250398E-01-1.44549730E-01
18 10-3.61066379E-02-6.96508987E-02-2.60279517E-02 1.72137281E-02-6.76902220E-02
18 11 7.05930687E-02 3.29421720E-03 1.59943339E-02-2.30856807E-01-1.76095649E-03
18 12 1.17452422E-02 6.42928039E-03-4.90273199E-03-9.44114745E-02-2.78651330E-03
18 13 6.45680752E-03 7.50223377E-03 7.20716683E-03 4.97846337E-03-2.14044063E-03
18 14-6.66580089E-03-1.93321350E-02-2.17956064E-02 9.43802524E-02-1.13950581E-02
18 15-8.20352790E-03 4.92208361E-03-8.03081087E-03 9.63383429E-03 2.73791277E-02
18 16-4.00324864E-03 2.45326194E-03 7.97376229E-03-6.60169028E-03 5.57657427E-03
18 17 1.20632897E-02 1.75940779E-02-8.62375051E-01 9.12943469E-02-1.05534070E-01
18 18-3.43331006E-02-6.89249477E-04 1.51973103E-01-1.48051960E-01 2.54919652E-02
18 19 1.78280389E-01 6.82188951E-02 5.86113299E-02 8.63772682E-02-1.26369150E-02
18 20 1.45002579E-02 9.33996025E-02-5.44732145E-01 1.17193591E+00 3.24540465E-02
18 21 5.66864343E-04-4.94986118E-02-2.72019363E-01 8.93860232E-02 3.73401590E-01
18 22 3.43834628E-02 3.68723303E-02 2.42855769E-02 2.44138925E-02 2.64988207E-02
18 23-3.28157330E-02
19  1 4.73483285E-04 3.16887488E-03-5.65710498E-02 1.39186876E-02-4.47047506E-05
19  2 6.37866327E-02-1.16225576E-01-7.30362648E-03-1.45794956E-02 2.45206233E-04
19  3-4.37329723E-02-5.54540943E-02 5.87883569E-02-1.10008823E-02 1.19534320E-02
19  4-1.58499834E-02 5.07643325E-03 8.72646245E-03 1.88982509E-03 5.05145532E-03
19  5-1.88603156E-02 3.45165205E-02 4.75727955E-04 1.91163290E-03 1.71789605E-03
19  6-3.21960853E-02-3.78375003E-02 3.77759755E-03 5.29857227E-04-1.23471948E-04
19  7 6.21045551E-03-2.69811957E-03-7.79161863E-03-4.89988146E-03-1.98236003E-02
19  8 1.47139167E-02 2.03197466E-01-3.21962169E-01 6.80342873E-02-7.68111850E-02
19  9 1.49718035E-01 1.27509713E-01-1.67991151E-01 4.60857859E-01-1.64539512E-01
19 10 4.51496864E-02-8.35602693E-02 1.08954423E-01 4.45338568E-02-9.09190965E-02
19 11 2.11645862E-01-3.06484510E-02 1.38633906E-01-2.65026004E-01 3.01986556E-03
19 12 1.08817398E-02-6.26679598E-03 1.62467720E-02-1.29965774E-01 9.44156798E-02
19 13-2.18357786E-02 3.11873251E-03-1.00753244E-02-3.28804738E-03 5.30124617E-04
19 14-1.80464956E-02-8.52648823E-02-3.02529588E-02 1.81335375E-01-3.72218361E-03
19 15-6.22672777E-02 1.58988824E-02 1.11189164E-01 7.99373090E-03 9.63000691E-02
19 16 4.26731209E-02-3.68210953E-02 2.57096892E-02 1.07657254E-02 3.41083472E-02
19 17 2.59735118E-02 1.25282794E-01 2.70774717E-01 7.34440159E-02 2.92606229E-02
19 18 1.18375327E-02 4.50652285E-03 8.29578382E-02-2.95271673E-02 1.06120102E-01
19 19-1.13745786E-01 8.35266420E-03 9.42850123E-03-1.84748527E-02-2.62367529E-02
19 20-9.40767256E-03 8.71051803E-02 1.79161348E-01-2.65851333E-01 1.14779345E-02
19 21-1.73917984E-02-2.56351713E-02 2.78601115E-02 1.43701192E-01-1.90200442E-01
19 22 3.00982155E-02 5.22929837E-03 8.99920111E-02 1.32870003E-02-2.29284735E-02
19 23-8.36202472E-03
20  1 7.98886673E-04-4.47472122E-03-4.60117053E-02-8.20745650E-03 4.78236454E-02
20  2 4.09518437E-02-3.94623393E-01 1.34844101E-02-2.51846611E-02 7.70646271E-03
20  3-4.24276765E-02-6.10633780E-02 1.37862661E-01 1.24856979E-02 3.24506168E-02
20  4-2.06221899E-02-1.81808790E-03 8.12892614E-03-5.72050650E-03 8.30088055E-02
20  5-2.31092201E-01 3.73241897E-01-5.96388010E-03 3.75521772E-03 1.81009366E-02
20  6-3.18445820E-02 5.03171484E-02-8.37940737E-02 4.52819311E-02 5.26766640E-02
20  7 1.79406305E-02 8.40759533E-04-1.64173336E-02 6.58394209E-03 3.58474063E-03
20  8 9.07668311E-03-3.78243171E-03 1.52249519E-01-1.43528210E-01-3.38006372E-02
20  9-9.23157485E-02-2.08913309E-02-1.09825956E-01-1.98925538E-01-2.07053937E-02
20 10-2.86678441E-02 4.13554898E-02-7.04429859E-02 1.08959227E-02-5.64925949E-02
20 11-9.94377240E-02-1.79346472E-02-2.75685114E-02 6.01695084E-02 3.34335968E-03
20 12 9.13385407E-03 3.13931327E-03-2.77623779E-02 5.72545174E-02 6.95159349E-03
20 13-1.63336802E-03-2.84429744E-02 2.18679653E-03 2.52288898E-03-4.40842552E-03
20 14-4.78113146E-03-7.52513101E-03 5.18175129E-02-5.87446076E-02-2.79226049E-02
20 15 7.47105426E-03 4.52959931E-02-5.85348663E-02 2.75770046E-02 9.62657772E-02
20 16-4.49043551E-02 9.01876959E-03 1.91620563E-02-2.14781035E-02 2.28405374E-02
20 17 4.80783010E-02 4.44992895E-01-2.13673763E-01 3.18021453E-01-4.14730025E-02
20 18-2.15032070E-02 3.24369196E-03 4.94660573E-01-2.79879150E-01 2.65076009E-01
20 19-1.55403077E-01 1.14761614E-01 1.07940325E-01 5.98816779E-02-6.51621069E-02
20 20-1.18612340E-02-2.06693613E-02-7.75129643E-02 2.56021283E-01 1.02712705E-02
20 21 4.11033454E-03-4.08599291E-03-1.62743665E-01-4.98387796E-02 1.73321940E-01
20 22-2.61275125E-02-1.91368065E-04-3.60047304E-02 3.83520202E-03 2.53000362E-02
20 23 2.74419957E-03
21  1 1.20016685E-04 9.93442999E-04 1.74565039E-02-1.04397350E-02 1.11373151E-02
21  2 6.27138637E-02-2.20286462E-01 9.20756785E-03-6.87450963E-03-3.61666673E-03
21  3 1.91481642E-02-2.35529295E-02 4.44816885E-02 2.75059586E-03 3.43123166E-03
21  4-6.67414221E-03-7.23658030E-03 1.21517058E-03-7.94229782E-04 3.33778998E-02
21  5-1.39147540E-01 1.98422850E-01-1.63526463E-03 6.98845224E-04 5.36954819E-03
21  6 3.16674587E-04 1.99020297E-02-4.70837054E-02 2.03063595E-02 2.36817886E-02
21  7 6.72042913E-03 1.03057305E-03-2.97480947E-03 3.04989590E-03-2.22115167E-02
21  8-8.11578119E-03-8.54769207E-02 1.14528326E-01 1.63560490E-02 1.68945879E-01
21  9 3.94570575E-02-2.98804183E-02 4.21632517E-01 4.91320303E-02 1.59828725E-01
21 10-3.58321759E-03-4.31477122E-02 2.45086575E-02-7.62176984E-02 2.22506553E-01
21 11 3.21151416E-02-8.11459088E-02-3.29296504E-03-8.43936309E-02 8.22295263E-03
21 12 4.18507206E-02-1.00276746E-02 1.24913435E-01-4.06401404E-02 1.17684768E-01
21 13-4.16643566E-02-3.98435348E-02-8.38689245E-03-3.11343134E-02 7.78095112E-03
21 14-2.52745840E-02-1.55087812E-01 1.44935263E-01 1.34334304E-01 2.36508031E-02
21 15-1.38468024E-01 9.33024967E-02 2.79153692E-01 1.57419050E-03 3.00006682E-01
21 16 7.73393595E-02-1.36411208E-01 5.10242237E-02 2.80385622E-02 1.13804849E-01
21 17 9.23248854E-02 7.57734491E-02-3.01285943E-01 1.83191927E-01-2.78968501E-02
21 18-1.25579003E-02-2.69687570E-03 1.00002127E-01-7.64870300E-02-5.07157475E-03
21 19 2.45795047E-02 3.88964275E-02 3.61604182E-02 2.96163612E-02 1.76614966E-03
21 20 3.09271300E-03-2.59894076E-02-1.16978097E-01 1.84944723E-01-1.16513834E-02
21 21 2.93457016E-03 8.79490673E-03 1.35872506E-01 4.94089402E-02 1.25081171E-01
21 22 1.94318989E-02-1.67627964E-02-4.59655625E-02-7.09115968E-03-1.67545430E-02
21 23-2.18374516E-02
22  1 2.59045780E-04-5.55377443E-03-8.57578336E-03-1.05247346E-02 3.25920122E-02
22  2-1.40282766E-01 1.43199967E-01 3.12771249E-03-3.30058041E-03 9.31474400E-03
22  3-4.32024502E-02 1.84892803E-02 8.49795760E-03 1.71826544E-02 2.02214536E-02
22  4 9.00035838E-03 5.39218352E-03-9.00071301E-04-1.91994727E-03 1.28524804E-02
22  5 7.66126034E-02-1.42392893E-01-7.88669549E-04 3.13205552E-03 6.68666645E-03
22  6-6.99708504E-03 1.22961719E-02 1.43379764E-02 3.84557950E-03 2.14118761E-03
22  7 3.06104153E-03-4.30417363E-05 1.93054924E-04 2.74405240E-03 1.83895059E-02
22  8 5.26679399E-03-4.02386528E-03-4.09863759E-04-1.56574532E-02 1.34082764E-01
22  9 7.74375921E-02 2.25145418E-02 3.33820648E-01 1.94100578E-01 8.41304177E-02
22 10 7.08407172E-03-6.58278363E-02 5.66691524E-02-5.68857995E-02 1.76316387E-01
22 11 9.34265239E-02 9.26885271E-02 6.79945015E-03-1.30779676E-01-1.85043236E-02
22 12-3.51027067E-02 1.07939320E-02-8.44542907E-02-2.10726198E-02-1.13036645E-01
22 13 5.26256503E-02 5.22773944E-02 1.76612610E-02 3.64889089E-02-9.36262309E-03
22 14 2.45054814E-02 1.48312328E-01-7.46930735E-02-1.27162602E-01-2.96924610E-02
22 15 1.39979451E-01-9.99821526E-02-3.01634385E-01 1.82821734E-02-3.20257551E-01
22 16-9.41341902E-02 1.35695614E-01-6.21203942E-02-3.46835158E-02-1.21384892E-01
22 17-9.77776424E-02 1.76977721E-01-1.61870816E-01 1.46834624E-01-2.60655409E-02
22 18-6.48160502E-03 6.02413644E-03 1.97935729E-01-7.74113056E-02 1.47970334E-01
22 19-4.06362680E-02 4.83376826E-02 4.54905590E-02 1.56922080E-02-3.98678775E-02
22 20-5.81967897E-03 1.36744665E-02-1.78877550E-01 2.79067391E-01-4.34511332E-03
22 21-2.35832416E-03-1.66967290E-03 9.93593924E-02 1.03889196E-01 1.01062752E-01
22 22 3.57774966E-02-3.20128349E-03-1.16195790E-02 6.13076468E-04-1.80442330E-02
22 23-2.62104309E-02
23  1-1.21649444E-04 7.59256578E-03 2.86631487E-03 8.32590357E-03-3.10311988E-02
23  2 2.80181054E-01-5.53845550E-01 8.25709623E-03-8.42353086E-03-1.26157584E-02
23  3 8.45844492E-02-5.11545413E-02 4.51437279E-02-1.94805183E-02-2.14287720E-02
23  4-2.57253559E-02-1.47325420E-02 4.34135855E-04 2.50309383E-04 4.05283777E-02
23  5-3.42036602E-01 5.67530822E-01-3.52818940E-05-2.21773007E-03-1.16355519E-03
23  6-1.42775508E-02 1.30296650E-02-6.43151703E-02 2.82720714E-02 3.75820264E-02
23  7 1.75886920E-02 3.54453449E-05-8.56272375E-03 1.03555381E-03-7.88994162E-03
23  8-4.67016979E-03 7.20195679E-03-5.53328532E-02 6.74316474E-02 7.13954140E-03
23  9 2.87690858E-02 5.54759538E-03 2.44032626E-02 6.52365042E-02 1.61767978E-03
23 10 1.12514077E-02-1.04680900E-02 2.04281393E-02-8.13211718E-04 1.31094085E-02
23 11 3.12750324E-02-2.04781035E-02 6.84147462E-02-1.38245936E-03 5.93694799E-04
23 12 5.37796397E-03-2.70145015E-03-1.98273558E-01 8.10921502E-02 1.66612964E-01
23 13 9.09747833E-03-5.98883289E-02 1.77174921E-02 4.84195721E-02-3.28243444E-02
23 14-2.95057215E-02-2.00948974E-02 5.04419981E-02-6.00307951E-02-1.78630083E-01
23 15 6.85870220E-02 1.28869593E-01-3.95455274E-01 1.97762636E-01 3.11820353E-01
23 16-2.30067496E-01 1.38330263E-01 8.11968422E-02-1.20710914E-01 3.63856302E-02
23 17 1.65779754E-01-1.18137564E-01 1.09369149E-01-8.01207907E-02 2.15098044E-02
23 18 3.40956210E-03-8.18299270E-03-1.39525681E-01 4.88023647E-02-1.39082036E-01
23 19 2.45947639E-02-3.16078127E-02-2.90714486E-02-8.93099984E-03 3.94979015E-02
23 20 5.14563567E-03-3.22058394E-04 4.69935958E-02-1.61115910E-01-4.54135110E-03
23 21-1.28351464E-03 3.94351772E-03 6.07464401E-02 3.16063472E-03-7.91514673E-02
23 22 6.79554611E-03 1.76670219E-03 1.15087980E-02-1.19247933E-03-7.25375027E-03
23 23-1.29504909E-04
24  1-1.07238649E-03-5.04990023E-03-3.78488017E-02 1.92672393E-02-2.46019520E-02
24  2 6.64832389E-01-1.74644355E+00 4.34859191E-02-1.12654184E-02-1.09591636E-03
24  3 2.14049967E-01-9.36324642E-02 1.45820072E-01-2.01898299E-02-4.30044577E-02
24  4-6.33563862E-02-3.55305935E-02-5.21436972E-03-2.45453073E-02 1.67557151E-01
24  5-1.19185401E+00 2.21754773E+00-1.13514485E-02-4.44266479E-03-6.48951436E-03
24  6-8.80014908E-02 1.61221306E-01-2.56064941E-01 1.02649597E-01 1.53573118E-01
24  7 3.83936536E-02 2.93423032E-03-5.44497585E-02 1.37228157E-02 1.84753355E-02
24  8 5.82839001E-03 2.91024761E-02-2.04414732E-03-9.61430197E-02 2.85660829E-03
24  9 1.02632433E-02 2.11362770E-02-1.82416884E-04 8.02241970E-02-2.82345585E-02
24 10 1.30982985E-03-1.50597147E-02 9.54564674E-03-3.65647792E-04 1.18808262E-03
24 11 2.60787173E-02 3.13224367E-02-1.39622863E-01 3.67909370E-01-8.03266835E-05
24 12-5.48385031E-03-7.55618667E-03 2.20454624E-02-4.32776288E-02-5.04741950E-02
24 13 1.65152999E-02 3.68410931E-02 6.34886363E-03-6.01534295E-03 8.48361028E-03
24 14 2.13869733E-02 3.96556054E-02 1.06168269E-02-3.29982038E-01 6.16845308E-02
24 15 3.18216066E-02-6.67980401E-02 2.74836876E-02-1.25639532E-01-2.29288439E-01
24 16 4.27650012E-02-2.15465527E-02-5.59166292E-02 3.42289986E-02-4.81452437E-02
24 17-8.59309586E-02-9.74734387E-02 6.19920540E-01-5.82467783E-01 4.87492111E-02
24 18-1.23587688E-02-3.56174490E-02-7.30228342E-02-5.01530722E-02-3.02537026E-01
24 19-8.87060529E-02-5.06306489E-02-5.22936427E-02 1.86091713E-02 9.76837242E-02
24 20 5.46458271E-03-3.57514660E-03 3.43367120E-02 5.17090434E-02 3.29227436E-04
24 21 2.03728658E-03-1.00110034E-02-4.22680123E-03 1.16618722E-02 4.94681901E-02
24 22-6.52191610E-03-1.04109487E-02-5.97037429E-03 2.47649613E-03 5.51809240E-04
24 23-7.01899289E-03
25  1 1.77584821E-03 1.33426529E-02 3.42771127E-02-2.71319373E-02-6.93969472E-03
25  2 4.14782905E-01-9.26929673E-01-3.92369877E-02-7.45372442E-02 2.36887694E-02
25  3-1.93354113E-01-2.91605594E-01 2.25040561E-01-5.76890333E-02 4.34351764E-02
25  4-9.88436462E-02 2.26643025E-02 3.42571097E-02 9.59291774E-03-6.60964025E-02
25  5-5.74649634E-02 2.85891372E-01-4.15610744E-03-1.67272905E-02-6.52102412E-03
25  6-1.24824370E-01-6.56383472E-02 3.98322734E-02-2.99062688E-02-3.38633526E-02
25  7-4.62692104E-03 5.53912863E-03-4.14951438E-02-2.07857407E-03 2.88770618E-03
25  8-5.44454679E-03-1.66042481E-02-4.55983505E-02 2.11507862E-01-7.59990681E-03
25  9 3.57958282E-03-1.46712845E-02-1.00782214E-02-3.76535611E-02 2.84352973E-02
25 10 4.77319862E-03 1.05546603E-02 3.90069045E-03 3.23749266E-03-5.73548505E-03
25 11-8.30869716E-03-1.19309018E-02 1.53635442E-01-3.15839789E-01-1.67842659E-03
25 12-6.47815875E-03 9.75306447E-03 1.08408291E-02 1.69320906E-02-6.40653459E-02
25 13-1.05914395E-02-6.36585378E-03-1.60477289E-02-1.94017260E-03 2.07781723E-03
25 14 5.26401512E-03 5.52946946E-03 4.78653753E-02 4.65807417E-02 1.04558291E-02
25 15 7.41742034E-03-2.24758905E-02 1.16307038E-02 2.56730988E-03-6.69128348E-02
25 16 2.25854689E-03-1.49400678E-03-2.06622577E-02 8.76575024E-03-1.63401670E-02
25 17-2.39802895E-02-3.34940986E-01-6.94698526E-01 1.10790480E+00 7.03197805E-02
25 18-2.61830544E-02 2.99518085E-02-4.36534066E-01-3.51617465E-01 3.78855979E-01
25 19 1.77229463E-01 9.76835980E-03-6.72576623E-03 1.14987843E-01-9.79878240E-02
25 20-7.11330934E-03-6.79141970E-03 7.46887043E-02-2.98892084E-01 1.68475780E-03
25 21-2.55327480E-03 8.68347456E-03 9.54834548E-03-6.50701453E-03-7.35839705E-02
25 22-1.19396732E-03 9.59977353E-04 3.02479430E-03-1.80847118E-03-3.49787111E-03
25 23 6.68403810E-03
26  1-6.49436397E-04-1.45207815E-02-9.39740585E-02 2.96235207E-02-4.38586903E-01
26  2 6.46637800E-01 3.46746395E-01-1.21226306E-01 9.68499792E-02 4.42560588E-02
26  3-2.48288090E-01-1.45888578E-01-1.37337912E-01-1.79181361E-01-1.56977032E-01
26  4-1.22132333E-01 4.01582085E-02 7.08691052E-02-1.59004537E-02-4.11315627E-01
26  5 1.09024457E+00-7.14789926E-01-1.71620118E-02-6.34142366E-02-5.84800437E-02
26  6 2.90102892E-02 2.38113534E-01 1.07687759E-01-2.20211855E-01-2.14108141E-01
26  7-1.98195555E-01 2.91405019E-03-3.01404607E-03 1.08133032E-02 5.65967800E-03
26  8 1.50250077E-02 3.39823980E-02 7.32158174E-02-2.60360815E-01 2.59267868E-02
26  9-1.22996585E-02 2.61551807E-02 4.84108551E-02 5.83624353E-02-3.87262359E-02
26 10-1.11051237E-02-1.87255375E-02-8.17185500E-03-1.15004889E-02 2.46772902E-02
26 11 9.80164370E-03 2.42856686E-02-3.08227692E-01 4.64797229E-01 3.99497995E-03
26 12 9.47214510E-03-1.43402286E-02-2.69801103E-02-1.17211168E-02 7.61750670E-02
26 13 2.55989805E-02 1.47430150E-02 3.08107461E-02 2.65822120E-03-2.89650447E-03
26 14-2.53598714E-03 1.98210831E-02-2.35604836E-01 1.26967036E-01-9.98761195E-03
26 15 1.97912088E-03 2.28130453E-02-3.14296840E-02-6.58843645E-04 5.48374142E-02
26 16 1.01224875E-02 2.83191373E-02 3.53721814E-02-7.29344842E-03 1.48564432E-02
26 17 2.46238276E-02-3.57548728E-01 1.72281293E+00-1.26176171E+00 1.48345155E-01
26 18-8.18342660E-03 9.97425941E-03-3.21580483E-01-3.86523732E-01 3.41957094E-02
26 19-2.26263937E-01-1.49731827E-01-1.63156651E-01 8.24098226E-02-1.24475364E-02
26 20-1.51882650E-02 5.92870028E-03-1.29280744E-02 3.52455704E-01 7.46935851E-03
26 21 1.11403902E-04-1.32582309E-02-8.90395833E-02 3.99034885E-02 1.78267600E-01
26 22-8.12229627E-03-1.24295107E-02-2.29077086E-02 6.17495290E-03 6.12132415E-03
26 23-1.43824672E-02
27  1-4.87522949E-04-1.32779240E-02-2.74585908E-02 1.64155904E-02-1.72984233E-01
27  2 8.66895167E-01-9.65395830E-01-5.59620611E-03 1.99573062E-02 2.63475675E-02
27  3 2.86863479E-01 6.50704952E-03-2.84213682E-01-5.85865488E-02-1.09700111E-01
27  4-7.44489391E-02-1.67872976E-02-2.41032740E-02-3.46571350E-03 8.94805119E-03
27  5-6.69436096E-01 1.12766568E+00 1.11202459E-02 2.14368310E-03-3.55652059E-02
27  6-2.27834664E-01-2.18819641E-01 4.33784317E-02-6.16865989E-03 1.11537795E-02
27  7 3.66257019E-02-1.49131570E-02-3.83874786E-02-1.89294264E-02-1.84894370E-02
27  8 8.17100622E-03-1.20816527E-02 5.51617172E-02-2.96640757E-02 2.44101005E-02
27  9-3.78298486E-02-1.10418582E-02 4.64602397E-02-1.03446797E-01 2.25831852E-02
27 10-1.29121335E-02 1.25779034E-02-2.22291182E-02-1.31434623E-02 2.23757073E-02
27 11-4.20932015E-02-2.42959874E-02 3.06987211E-01-4.17035068E-01-2.24121801E-03
27 12-4.00270820E-03 7.94014479E-03 4.05016798E-03-4.70798380E-02-6.03942853E-03
27 13-2.95978888E-02-1.23679133E-02-2.68151650E-02 1.85230965E-03-2.15769711E-03
27 14-1.26982254E-02-6.29693140E-02 1.94042215E-01-5.94048993E-02-1.31032290E-02
27 15-3.05260257E-02 8.37904930E-03 5.04282706E-02 2.11531399E-02 6.98877711E-02
27 16-7.27749459E-03-3.09499876E-02-3.06906354E-03-3.22507691E-03 1.37722670E-02
27 17 1.45164120E-02-1.07964763E-01 8.14069750E-01-7.70733855E-01 2.05495724E-02
27 18 5.23417413E-02 6.56162076E-02-1.27838539E-01 3.71377627E-01 5.07811001E-01
27 19-7.24131655E-02-1.07341201E-01-8.17706020E-02-1.21272107E-01-1.58635389E-01
27 20-2.40584133E-02 6.27495805E-03-1.25435780E-02 3.53318575E-01 8.10693321E-03
27 21-4.64046732E-04-7.54521392E-03-1.06804718E-01 1.98942259E-02 1.80698895E-01
27 22-1.16637109E-02-9.14153177E-03-2.95544557E-02 2.54189536E-03 7.57259280E-03
27 23-4.62539914E-03
28  1 4.13780953E-04 8.97646277E-03 7.85870827E-04 2.22291795E-03 3.30967525E-02
28  2 1.91503640E-02 9.61675023E-02-2.65320689E-03-1.22233188E-02-1.82277625E-02
28  3 2.17681635E-02 2.48971239E-03 2.46223409E-02 2.94370629E-03 6.41342630E-03
28  4 1.04723728E-02 9.60248857E-04-1.87771592E-05 7.60473681E-03 9.97778264E-03
28  5 1.36732681E-02-1.51591771E-01 2.04803095E-03 5.47316595E-03 5.91872095E-03
28  6 4.27143824E-02-1.06953751E-01-4.51317591E-02 7.66484738E-03-5.37975694E-03
28  7-7.94116349E-04-7.54274006E-04 5.52888805E-03-1.35869155E-02 3.39409099E-02
28  8 6.75035084E-02-5.92256464E-03-1.22032843E+00 1.77023111E+00-2.13030048E-02
28  9 1.94388579E-03 4.27483769E-02-9.81364863E-02 8.22115620E-02-5.11064797E-03
28 10 7.88559007E-02 7.58660516E-02 1.82750440E-01 1.09687903E-02-3.02053788E-02
28 11-1.29777859E-02 6.63894037E-03-1.51424048E-01-4.22651585E-01 2.50331480E-05
28 12 1.41749476E-02-5.25894880E-03-5.42639425E-04-2.40311119E-02-1.13287064E-02
28 13 2.03008541E-02 1.90342574E-03 1.70045824E-02-2.99508396E-04-3.14732640E-04
28 14 5.88539059E-03 2.67287514E-03-5.77868635E-01 9.53417124E-01 4.17995060E-03
28 15 1.64419257E-02 1.24572113E-02-3.70818813E-02 2.19552954E-02-3.30086793E-02
28 16 4.04796826E-02 7.43215574E-02 4.13330530E-02 1.77676172E-02 6.37442005E-03
28 17 1.31146365E-02-9.15159369E-03 5.73684853E-03 1.66941201E-02-3.39044102E-04
28 18 6.41014326E-03 1.99234126E-03-1.76532836E-02 3.44182027E-02 1.77139702E-02
28 19 5.68217166E-03-3.74568989E-03-3.07946896E-03-1.21196181E-02-5.35073606E-03
28 20 4.34110016E-04 3.10338120E-02-4.17103832E-01-1.65227092E-01 4.79514493E-03
28 21-2.04871364E-03-4.63356926E-03-7.22190595E-02 6.63479056E-02 2.35828437E-02
28 22 3.68844606E-02 3.64298734E-02 3.33407565E-02 5.21838500E-03 7.55118494E-03
28 23-2.38100385E-03
29  1 1.20044478E-03 2.57043637E-02-5.69930560E-03-1.26881844E-04 1.01227692E-01
29  2 3.68643921E-02 2.83645746E-01-8.05617555E-03-3.86691237E-02-5.28936248E-02
29  3 5.30880625E-02 8.72778574E-03 9.23686022E-02 8.24147472E-03 2.27768222E-02
29  4 2.90434303E-02 6.44417253E-03-1.86409276E-03 2.21221436E-02 4.43578754E-02
29  5 1.42079421E-02-3.57254930E-01 3.09064561E-03 1.51929539E-02 2.19122011E-02
29  6 1.42561281E-01-2.85909640E-01-1.57894736E-01 3.10128303E-02-5.47589057E-03
29  7-3.24051491E-03-1.46224473E-04 1.32039770E-02-3.92449018E-02 5.68480717E-02
29  8-3.75176273E-02-1.84066111E-02 6.15231618E-01-8.52655288E-01 2.23567445E-02
29  9-7.39876025E-04-3.53083147E-02 8.15961157E-02-1.02178209E-01 3.73483396E-02
29 10-3.91963046E-02-3.01938269E-02-9.27043818E-02-9.86008166E-03 2.98799536E-02
29 11-5.04378957E-03 5.04471619E-03-1.59409214E-01-6.38574540E-01-5.57646453E-03
29 12-2.25069660E-02 7.72182842E-03-1.65245081E-02 1.06281356E-01-6.76256835E-02
29 13 1.64681357E-02 1.72656012E-02 1.37612980E-02 2.15796888E-03-2.91555329E-03
29 14-1.21988530E-03-3.01307781E-02-1.10976866E+00 1.88459303E+00-2.14381118E-03
29 15 3.94637116E-02-1.71525233E-02-3.07649216E-02 1.05130792E-01-1.21293386E-01
29 16 8.57121825E-02 1.77570155E-01 6.26666831E-02 5.04202220E-02-1.15237887E-02
29 17-1.19919354E-04-4.40863124E-02 2.19869574E-01-1.80313172E-01 8.93333443E-03
29 18 1.04526128E-02 1.25416767E-02-4.36767446E-02 2.57347181E-02 9.66278635E-02
29 19-2.30572115E-02-2.55418241E-02-2.57979256E-02-1.52261163E-02-2.77035131E-02
29 20-2.55324641E-03-1.01382703E-02 1.42831242E-01 2.50382080E-01-1.82658304E-03
29 21 5.02462632E-03 6.10653613E-03 3.31039679E-02-5.54026469E-02-2.17156794E-02
29 22-1.27964290E-02-1.19285002E-02-1.54729163E-02-3.03576837E-03-5.47472112E-03
29 23 3.13269609E-03
30  1 2.58703418E-03 6.55813030E-02-5.49734699E-02 1.93948158E-02 5.80653273E-01
30  2-9.01905780E-01 7.70141000E-01 4.93935598E-02-1.77162351E-01-1.30745657E-01
30  3 2.45082716E-02 1.14527242E-01 5.15578681E-01 1.36565216E-01 2.21429290E-01
30  4 1.40278273E-01 3.37504652E-02-6.03054182E-02 5.65291063E-02 3.95945336E-01
30  5-4.82217323E-01-1.73837643E-01-3.75729173E-03 6.12825814E-02 1.08483604E-01
30  6 3.99012518E-01-4.39113592E-01-4.36381925E-01 2.29967991E-01 1.67545107E-01
30  7 1.04179152E-01 1.80226949E-02 8.49752967E-03-7.03303771E-02-2.47396341E-02
30  8 1.59541637E-02 2.45570629E-02-4.70953283E-02 1.14995180E-01 1.98974719E-02
30  9-2.24679679E-02 1.34097733E-02 3.19403155E-02 7.68438302E-03-2.38297495E-02
30 10-2.68405665E-03 2.08263039E-03-1.33052547E-04-9.68670829E-03 1.58704101E-02
30 11-9.96690013E-03-2.11839351E-03 6.23572889E-02 2.45782101E-01 2.77935685E-03
30 12 2.84066276E-03-5.90527783E-03-1.27887589E-02-4.64936093E-02 4.77045983E-02
30 13-8.77284782E-03-1.65339019E-03-5.94651186E-03 1.52994723E-03-1.12638329E-03
30 14-3.81438078E-03 5.53181087E-03 3.08449797E-01-5.64009057E-01-7.93226214E-03
30 15-2.14830888E-02 4.68016064E-03 1.98499784E-02-1.33729434E-02 7.41555743E-02
30 16-2.03796362E-02-4.81100696E-02-7.81226769E-03-1.86176131E-02 6.62659630E-03
30 17 5.35999090E-03-2.63372056E-01 1.04344148E+00-7.96200199E-01 1.00621951E-01
30 18 1.38879699E-02 1.51814539E-02-2.89453423E-01-1.57358641E-01 8.46485462E-02
30 19-1.22743979E-01-1.02240154E-01-1.07860192E-01 1.18116544E-02-1.90876824E-02
30 20-8.13598530E-03-8.05465604E-03 2.46285070E-01-1.06631700E-01 9.91811740E-03
30 21-2.68472793E-03-1.22437720E-02-1.13324224E-01 3.91767434E-02 1.75875051E-01
30 22-2.88578924E-02-2.98007772E-02-3.85429366E-02 4.65851185E-03 4.77825573E-03
30 23-9.03784700E-03
 $END   
 $GRAD  
E=     -547.5932109088  GMAX=  12.6794338  GRMS=   3.7904424
CL          17.    1.1182377543E+01   -4.1172173154E+00    1.2679433845E+01
C            6.    1.4669697119E+00    1.4827901357E-01    1.7987641308E+00
C            6.   -3.4427792596E-01    1.0969970838E+00   -2.9926290531E-01
O            8.   -1.1702597718E+00    3.0696093949E-01    3.2163418031E-01
H            1.   -6.4745154239E+00    2.8387541849E+00   -5.2503460138E+00
H            1.   -6.6802597698E+00    3.0279227097E-01   -8.4597555596E+00
O            8.    2.1325550961E+00    2.1387707388E+00    1.7427999043E+00
O            8.    5.7101637610E-01   -1.5681039635E+00    2.6813444968E+00
H            1.   -2.1685872935E-01    1.2779192728E+00   -3.4962209880E+00
H            1.    1.7899663673E-01    6.3912943067E-01   -4.5620705124E-01
H            1.   -2.2800908727E+00   -2.8776529283E+00   -1.3974243208E+00
H            1.    1.6304912068E+00   -6.0320310292E-01   -4.2861443086E-02
H            1.    3.8559229042E-03    4.1657437521E-01    1.7810172456E-01
 $END
-------------------- DATA FROM NSERCH=   9 --------------------
 COORDINATES OF SYMMETRY UNIQUE ATOMS (ANGS)
   ATOM   CHARGE       X              Y              Z
 ------------------------------------------------------------
 CL         17.0   2.8650337950   0.3700346540  -0.1221625199
 C           6.0   1.8007223455   0.9033298830  -0.9800783503
 C           6.0   3.3618670404   1.7404433621  -1.7513511779
 O           8.0   2.5702808272   2.8117536038  -2.4898787258
 H           1.0   1.9872700044   1.0200324259  -0.5493522638
 H           1.0   2.2972308531   0.2991490475  -1.0551278726
 O           8.0   3.3856754555  -0.0349667107  -4.1073996920
 O           8.0   3.6823435341   2.7835109398  -5.0443761589
 H           1.0   3.6528386124   2.9182450434  -5.4430027851
 H           1.0   3.6419972934   0.7910786720  -4.3497967786
 H           1.0   3.1769171330  -0.3177021414  -4.2109554948
 H           1.0   3.7057343687   1.8168139432  -1.7537763712
 H           1.0   3.2961587372   3.0141572775  -4.1855618090
--- CLOSED SHELL ORBITALS --- GENERATED AT 17:30:37 12-AUG-2026    
Chloroacetaldehyde hydrate and water                                            
E(R-WB97X-D)=     -560.9919356620, E(NUC)=  329.8265929642,   32 ITERS
 $VEC   
 1  1 9.99829045E-01-2.12559379E-05-8.42049650E-06 9.96357199E-07-1.19359788E-03
 1  2 5.42038254E-04-2.54632235E-04-8.43433319E-04 6.78979290E-04-1.50481836E-04
 1  3 4.18394868E-04 9.92724433E-05 5.23834161E-04-1.24324237E-03-1.02075068E-03
 1  4-9.72716754E-04-1.89700925E-04 6.60561032E-05 3.36446107E-04-1.66769608E-03
 1  5 6.59671814E-03-6.42174271E-04-5.62994817E-04-2.84966777E-04-9.76711031E-04
 1  6 4.26311389E-04 1.95574928E-03 2.81471219E-03-1.69310367E-03-1.19743479E-03
 1  7-7.82487135E-04-2.96401781E-04 2.33596768E-04 8.71094886E-04 8.76262130E-07
 1  8 1.65913693E-08-8.53169650E-06 4.41871070E-05-2.41691042E-05-1.37015761E-06
 1  9-4.62955613E-07-8.14402301E-07 4.43637104E-06 5.23502898E-08 2.97856358E-07
 1 10-9.33500690E-06-8.82881712E-06-9.35959975E-06 3.63707532E-08 1.72699428E-06
 1 11-9.10862764E-07 2.22665066E-05-9.89931518E-05-3.11137851E-05 3.33022372E-06
 1 12-4.65265624E-06-7.65407681E-06-2.03355948E-06 1.48326973E-05 3.94791857E-06
 1 13 1.41532131E-05 1.24203609E-05 1.68317132E-05-3.69034597E-06 2.64366852E-07
 1 14 3.91693670E-06 6.36483126E-05-3.28228947E-04 2.84639002E-04 1.47700602E-06
 1 15-1.40788211E-05-1.73457776E-05 5.86263524E-06 4.71217768E-05 3.10551188E-05
 1 16 5.89840304E-05 6.38140836E-05 6.23815264E-05 3.43939693E-06-2.88814274E-06
 1 17-4.14517623E-07 2.95194328E-04-1.22033750E-03 2.24662650E-04-1.58748680E-04
 1 18-1.81050256E-04 1.55603040E-04 3.34162090E-04 3.78945043E-04-3.11498383E-04
 1 19 3.07865047E-04 3.05607697E-04 3.50711124E-04-1.13049759E-04 8.44509572E-05
 1 20 8.36724941E-05 5.71837491E-06-2.71695731E-05-5.24347812E-06 3.79220221E-06
 1 21-2.40411436E-06 6.75014169E-06-8.35693781E-06 7.10289371E-06-1.56880485E-05
 1 22 7.71237886E-06 7.71419033E-06 6.41457719E-06 1.73440806E-07-6.80953458E-07
 1 23 1.11395431E-06
 2  1 4.53666914E-05-1.35408671E-05-1.62319844E-05 9.22212529E-05-6.24830987E-04
 2  2 3.89899731E-03-1.00211130E-02-2.04192370E-05 2.57987617E-04 8.22753927E-05
 2  3-4.46219699E-04 4.93757281E-04 9.13289844E-04-3.81778924E-04-8.46872806E-04
 2  4-6.89625794E-04 2.65537787E-04 2.03012452E-04-5.35904140E-04 3.33597434E-03
 2  5-1.53170000E-02 1.55491820E-02 1.17132398E-05 2.29675347E-04 3.76050267E-04
 2  6-6.34580437E-04 7.07679671E-04-1.56479536E-04 2.90341614E-03 3.19989542E-03
 2  7 2.92905433E-03-1.44345709E-04-1.01037291E-04 2.22424981E-04 7.01477905E-01
 2  8 5.43438257E-03 4.47855977E-03-4.72308655E-03-1.21946228E-02 6.16687764E-04
 2  9-6.09026457E-03 6.38343490E-03-1.03930347E-03 1.09739007E-02-5.78194686E-03
 2 10 3.86466318E-03 1.25638376E-03 5.61836423E-03 6.32952170E-04 6.40978690E-04
 2 11-6.41995399E-04 3.30038203E-02-2.13136469E-01 4.84714016E-02 1.73723503E-02
 2 12 3.20977150E-02-1.17208565E-03 5.85561592E-02 1.74927556E-01-3.73039024E-02
 2 13 1.60235575E-02-9.32519684E-02 3.24523428E-02-5.72818213E-02 1.20289738E-02
 2 14 2.60286351E-02 2.66376634E-01 2.38559991E-01-4.51117391E-02 2.57438162E-01
 2 15 3.54003014E-01 1.24619077E-01 1.79316171E-02 8.87598821E-02-4.43155348E-02
 2 16-2.28319745E-02 1.57279617E-01-1.30669210E-01 2.35158709E-01 6.13562821E-02
 2 17 7.92037680E-02 1.49952370E-03-7.78558771E-03 3.76812896E-03 5.30221627E-04
 2 18 1.44221059E-04 7.62454425E-05-9.44918649E-04 2.72485057E-04 6.00104223E-04
 2 19 1.09828763E-03 1.13925299E-03 9.03137890E-04 6.64748612E-05 8.16220904E-07
 2 20-6.42559320E-05 5.42172340E-03-1.71530714E-02-3.04971494E-03 2.00833649E-03
 2 21-5.58555622E-03-7.77729824E-04-4.11145397E-03 1.33882619E-02 5.01482172E-04
 2 22 6.88467136E-03 2.86439433E-03 5.41351170E-03 1.14067720E-03 5.05179398E-04
 2 23 3.51928436E-04
 3  1 6.70690106E-07-2.49650144E-06 4.37601330E-05 1.13495960E-03 8.75427778E-05
 3  2 1.79933727E-04 1.24311975E-03-1.51317743E-04-2.24886232E-04 9.51742858E-05
 3  3 6.52204715E-04 1.22083189E-04-5.73602861E-04 2.58870457E-05 1.42220016E-04
 3  4 3.59044920E-05 1.94573017E-05-3.32843805E-05 3.08864080E-05 4.96964869E-05
 3  5-9.40994105E-04 1.37999904E-03-1.70095472E-04-1.43283655E-04 1.37703603E-04
 3  6 6.52159631E-04 2.06967220E-05-6.24222351E-04 7.33207934E-05-1.06259131E-04
 3  7 2.54688657E-05 5.09574662E-05-3.53236669E-05-1.00463443E-04-5.38514857E-03
 3  8 7.15448472E-01 2.02857925E-01 6.17990552E-02 6.84100004E-03 3.11463058E-02
 3  9-1.34818059E-01 3.88396223E-01-3.74660971E-02 2.78655703E-02 6.74056695E-02
 3 10-1.05681913E-01-7.04126245E-02 3.37994962E-01-1.16088153E-02 9.07931878E-03
 3 11-1.41966659E-01 1.42670178E-04-6.35707418E-03 1.27532463E-02 5.84831959E-04
 3 12-3.91020080E-03-9.69497640E-04-1.13211676E-03 1.04861968E-02 2.31692457E-03
 3 13-7.45781080E-04 2.03866606E-03-8.24561639E-04-7.30671800E-04-5.69564480E-05
 3 14 8.69235332E-05-2.92635469E-03 6.37674304E-03-6.66522342E-03-2.14246877E-03
 3 15-1.93311475E-03-9.34926651E-04 2.40704964E-03 1.51804950E-03-6.56031751E-04
 3 16-2.80903049E-04-1.04264335E-03 2.67965636E-04-9.29221600E-04-7.11153188E-04
 3 17-1.08197173E-03-1.06878057E-03 6.81377190E-03-9.21952817E-03-6.55078558E-04
 3 18 2.61374796E-04-1.28649623E-03 1.26849054E-03-3.79311106E-04 2.71548737E-03
 3 19-4.34645099E-04-5.14588654E-04-8.34372974E-04 3.85192131E-06-3.76198075E-05
 3 20 1.40805401E-04 3.22134248E-02-1.35076652E-01 3.31790632E-03-1.40346408E-03
 3 21-3.36027177E-03 1.48018497E-02-4.55639522E-02 2.50873853E-02 1.21254377E-01
 3 22 2.06553900E-02 2.98355430E-02-7.11120078E-02 2.31699573E-03 3.83098023E-02
 3 23-1.49922684E-02
 4  1-3.00620186E-04-3.98097110E-03 6.37518425E-01-1.35984813E-01-3.64181779E-03
 4  2 6.70657276E-03 5.61274218E-03-2.23613822E-03-8.24063164E-04 3.15717518E-03
 4  3 7.62603660E-03 1.82364149E-03-4.67214874E-03-1.39827475E-03-1.21526104E-03
 4  4-3.81667991E-03 6.13280888E-04-2.21392959E-03-1.08338060E-03-1.18322743E-03
 4  5-4.82633580E-03 1.40945194E-02-2.89650594E-03-1.81752294E-03 6.30613589E-04
 4  6 7.03227568E-03 5.34903016E-03-2.20119701E-03 2.15524479E-04-9.76749929E-05
 4  7-4.12495953E-04 1.42666637E-03-1.23186350E-03-5.72550244E-04 8.32675812E-05
 4  8 7.73252575E-05 7.77233416E-04-3.90765882E-03 2.86919420E-03 2.22894679E-04
 4  9-7.51617806E-04 3.35333898E-05-3.76330718E-04 2.09951146E-03-1.41947429E-03
 4 10 9.05780418E-04 5.84583966E-04 2.50798718E-04 2.30225448E-05 5.30497160E-06
 4 11-2.44657478E-05 1.73759607E-03-9.21906369E-03 2.35211886E-02 6.46596339E-04
 4 12-2.85038376E-04-2.23125640E-03-2.97125521E-03-2.15347631E-03 6.04793448E-03
 4 13 8.21679158E-04 1.75436125E-03 1.25165997E-03 5.85033508E-04-1.62676975E-04
 4 14-1.22752956E-04 1.89098110E-03-9.48835001E-03-5.90899347E-03 2.19736292E-04
 4 15 6.56974061E-04-1.38987635E-04-1.21512604E-03-3.98482020E-03-1.49907235E-04
 4 16 1.53963837E-03 6.31433512E-04 1.73322547E-03-2.24200747E-04-1.76345578E-04
 4 17-3.89322208E-04 3.49603444E-01 7.14969350E-03-3.98602569E-02-4.08118166E-01
 4 18-8.75669537E-02 1.27531386E-03 8.04977864E-02 1.75887141E-02-6.59285615E-05
 4 19 2.00649799E-01-8.36162335E-02-9.74050708E-02 7.28760350E-02-4.69954826E-04
 4 20-5.23328941E-04-4.46407756E-03 2.19735567E-02-1.51932836E-02-7.15644573E-04
 4 21-2.00998316E-04-6.22951093E-04 1.70388537E-03 7.00130866E-04 1.63824352E-03
 4 22-3.87547178E-03-4.18583588E-03-3.03641023E-03-8.10777158E-05-1.47929538E-04
 4 23-5.55901073E-05
 5  1 3.18910156E-04 1.14740408E-02 8.98449275E-02 9.81294887E-01 1.35954431E-02
 5  2-4.75908815E-02 1.01720655E-02 2.65409392E-03 9.97263505E-04-8.53667845E-03
 5  3-1.37082000E-02-6.24297042E-03 8.08668423E-03 1.02468325E-02 9.48221070E-03
 5  4 1.62836538E-02 5.92174577E-04 3.36068609E-03 2.57139864E-03-6.54889542E-04
 5  5 1.31385363E-02-3.77353033E-02 4.31209790E-03 1.70911893E-03-2.72666539E-03
 5  6-8.55360352E-03-6.57775882E-03 6.25811662E-03 4.06879281E-04 8.96146325E-04
 5  7 3.35091795E-04 1.13352526E-03 1.93914684E-03-1.12391269E-03-9.63214312E-05
 5  8-1.34685212E-03-1.34113049E-02 7.59328714E-02-9.14568593E-02-2.28041501E-03
 5  9 3.21663552E-03 3.39683338E-03 6.44512646E-04-5.57016374E-03 8.70035001E-03
 5 10-1.32955586E-02-1.24669720E-02-5.46252410E-03-4.53390237E-04-2.32434428E-03
 5 11 1.91488999E-03-1.34582368E-03 1.09409169E-02-7.11998676E-02-2.57598818E-03
 5 12 3.09278709E-03 7.98118696E-03 9.97216586E-03-5.27808951E-03-2.30807328E-02
 5 13 6.01554745E-04-1.25280820E-03-5.75473101E-04-9.05122808E-04 3.82595274E-04
 5 14-7.38352091E-04-4.13813004E-03 2.10636838E-02 1.74715100E-02-9.44219758E-04
 5 15-1.63988205E-03 9.96193371E-04 2.45296123E-03 8.25450028E-03 9.70528453E-05
 5 16-3.51935955E-03-1.65803441E-03-3.74981176E-03-3.47848142E-04 9.15760651E-04
 5 17 1.61161951E-03 7.80999949E-02-1.55999411E-01 1.47149574E-01-3.54744628E-02
 5 18-1.88958184E-02 5.90967879E-03-3.19466131E-02 9.63496109E-03-6.52292671E-03
 5 19 4.67816035E-02 4.44685639E-03 1.15820054E-03 1.10124769E-02-9.52072850E-04
 5 20 5.23363581E-04 4.76367871E-02-2.40981868E-01 2.01532080E-01 3.95845476E-03
 5 21 4.29588251E-03-1.41179361E-03-9.98088206E-03-9.30944617E-03 4.96218206E-03
 5 22 3.86302836E-02 4.09876458E-02 3.13763014E-02 2.34789394E-04 2.13224630E-03
 5 23-3.02657640E-05
 6  1-7.57608996E-04 6.70147795E-01 2.32434768E-03-1.79925340E-02 2.00540197E-01
 6  2-1.35317582E-01 5.43862631E-02-1.23266438E-01-1.04962547E-01-3.23029792E-01
 6  3-1.01931967E-02-4.48244692E-02-7.42184645E-02 1.49933990E-02 2.10570769E-02
 6  4 3.46344658E-01 4.19870290E-02 1.57721683E-01 1.63115584E-01-6.68048210E-02
 6  5-5.95793738E-03-2.37690102E-02 4.02353163E-02-6.51374817E-02-2.89840734E-02
 6  6 3.35251559E-02-1.43311463E-02 3.26685614E-02-1.37292594E-02-3.55277225E-02
 6  7 1.18763830E-02 1.16416012E-02 2.96894493E-02-3.73220185E-03 3.82696676E-05
 6  8 3.01169226E-05 2.83546339E-04-1.70391716E-03 2.49075313E-03 5.07821305E-05
 6  9-5.64938657E-05-1.06883080E-04-3.07581514E-05 6.87069966E-05-1.01422125E-04
 6 10 2.96717634E-04 2.73904196E-04 1.35105434E-04 1.32668950E-06 3.30220532E-05
 6 11-4.16676066E-05 3.27987967E-04-1.67075775E-03-3.21406316E-04-2.02627764E-05
 6 12-1.86903815E-04-2.44376708E-04 2.12143134E-04 9.73966155E-04 5.50520331E-04
 6 13 1.91260352E-04 5.98034091E-05 3.09534179E-04-1.16821416E-04 4.64579457E-05
 6 14 1.53991577E-04 1.26378943E-03-6.44024253E-03 6.43525350E-03 2.90767655E-05
 6 15-2.42310322E-04-3.66423305E-04 2.86522917E-04 1.32646503E-03 7.34070012E-04
 6 16 1.09637037E-03 1.32966069E-03 1.16738859E-03 1.61471919E-04-4.89900738E-05
 6 17-3.23478765E-05-2.37632645E-03 1.56193819E-02-6.21272416E-03 3.95855791E-04
 6 18 8.09222389E-04-1.70453640E-03-2.85633119E-03-2.15820433E-03 2.67218396E-03
 6 19-3.05522520E-03-4.85600095E-03-4.55533795E-03 7.19312934E-04-6.60534297E-04
 6 20-1.75097873E-04-1.37178294E-03 6.89203066E-03-5.33493845E-03-1.34400710E-04
 6 21-8.91079130E-05-4.59428999E-05 3.25144351E-04 1.43311079E-04 1.73231084E-04
 6 22-1.15082789E-03-1.20286512E-03-1.00606729E-03-1.63815147E-05-2.37483829E-05
 6 23-1.62281966E-05
 7  1-5.96220878E-02-1.25345581E-02-1.22640564E-03 4.80762343E-03-2.95149454E-01
 7  2 4.69371310E-02-7.71944033E-03-1.74909830E-01 1.35930364E-01-3.95788413E-02
 7  3 1.87363626E-01-2.13115529E-02 1.94602051E-01-1.96140562E-01-2.04678488E-01
 7  4-1.89555733E-01-8.88947801E-02 7.33074940E-02 2.57868311E-02-4.23765563E-01
 7  5 1.56825701E+00-3.59502692E-02-1.08308658E-01-5.16818888E-02-1.81436044E-01
 7  6 2.32439028E-01 4.52737316E-01 8.41763038E-01-3.10023430E-01-2.89346295E-01
 7  7-5.95658928E-02-5.56956861E-02 1.64882892E-01 1.63272204E-01 1.06067290E-04
 7  8 5.88018438E-07-1.22076640E-03 6.12990565E-03-3.07657007E-03-8.28444329E-05
 7  9-1.49759911E-04-1.40301221E-04 4.02363197E-04 3.12626791E-04 1.41474700E-04
 7 10-1.15824180E-03-1.15744763E-03-1.16707453E-03 2.18396272E-05 1.72118043E-04
 7 11-1.15317188E-04 3.63678003E-03-1.53095389E-02 7.36609499E-04 2.79956744E-04
 7 12-6.03041032E-04-7.77285568E-04-1.12203779E-03 9.49452324E-05 9.61796671E-04
 7 13 2.49932007E-03 2.55364744E-03 2.54148351E-03-1.41680909E-04-5.13999053E-05
 7 14-1.93413798E-05 1.00221726E-02-5.03396016E-02 3.67532726E-02 7.38385865E-05
 7 15-7.77556606E-04-5.98337453E-04 7.29806940E-04 3.28328096E-03 9.56188719E-04
 7 16 9.09961717E-03 9.14974668E-03 9.03914788E-03 2.53538728E-04-1.06616053E-04
 7 17-1.19478262E-04 7.61263307E-02-2.97342229E-01 3.71728198E-02-3.39313121E-02
 7 18-3.51165525E-02 2.83788509E-02 8.93088565E-02 9.16723736E-02-7.13945074E-02
 7 19 6.62329797E-02 6.88437864E-02 7.74499052E-02-2.05663973E-02 1.48775207E-02
 7 20 1.43012815E-02 3.18541484E-04-8.85694033E-04-4.00083936E-03 3.66858502E-04
 7 21-4.15862942E-04 7.09426969E-04-1.05907380E-03 1.49803042E-03-1.91379654E-03
 7 22 4.72487184E-04 4.28352161E-04 2.18357292E-04 1.42544521E-06-3.15523012E-05
 7 23 1.81789379E-04
 8  1 2.08441720E-03-2.34330805E-02-1.54661114E-05 1.69883704E-03-2.15200349E-01
 8  2 3.11990574E+00 1.93812610E-02-3.19880314E-02-2.61610470E-03-4.62428816E-02
 8  3 1.13471585E+00-1.35490649E+00-1.55419733E-01-2.12825726E-02-3.56715068E-02
 8  4-2.44473925E-01-3.17465189E-01 8.20528303E-02-2.99963163E-02 1.41102416E-01
 8  5-2.84892130E+00-3.52409612E-02 3.06946832E-02-5.45104422E-02-2.95894212E-02
 8  6-1.06022135E-01-8.33329163E-01-1.25654343E+00 1.07672256E-01 1.09543555E-01
 8  7-1.25126227E-01 1.30687901E-02-1.47139645E-01-1.23539304E-01-1.63891007E-05
 8  8 2.09217802E-05-4.77331528E-05 7.43387131E-04-3.08721315E-03-3.45411728E-05
 8  9-6.63981264E-05 2.15674291E-04-4.02498392E-05 4.55260579E-04-5.30349292E-04
 8 10-7.86793543E-05-1.43920870E-04-6.60858128E-05 9.16854859E-06-5.22491957E-05
 8 11 7.05941313E-05 4.23583326E-04-3.83774459E-03 6.47554292E-03 1.29940114E-04
 8 12 2.00711516E-04-5.38032024E-06 7.19450031E-05 2.32400402E-04-1.02033097E-04
 8 13 3.42757242E-04 4.16510083E-04 4.55117182E-04 1.21963778E-05 6.11153162E-05
 8 14 1.75341349E-04-2.94749989E-03 1.47426114E-02-9.97766906E-03 1.51482273E-04
 8 15-3.03151036E-05-6.30633756E-04-4.05374995E-04 1.79920655E-04 1.85798375E-03
 8 16-2.84073107E-03-2.72456709E-03-2.62296136E-03 3.21551319E-05-4.10612165E-05
 8 17 8.25605662E-05-7.92131897E-04 6.75708252E-03-1.15439681E-02-7.10217413E-03
 8 18 1.35412170E-02 9.29196941E-03 1.77356607E-02-4.15925962E-02-2.23102176E-02
 8 19-3.09692681E-03 9.24620187E-03-3.18202248E-03 6.40143444E-03 3.97929931E-03
 8 20-1.65814877E-03 6.81978821E-04-3.87666425E-03 4.81894292E-03-7.48457217E-05
 8 21 5.57577178E-05-6.91873438E-05 2.98579031E-04-1.31031871E-04 8.54759339E-05
 8 22 5.44096045E-04 5.39419594E-04 6.21759573E-04-7.53581414E-06 1.29950293E-05
 8 23-3.04123820E-05
 9  1 1.77633178E-02-1.28530427E-01-3.32841343E-03-1.59150965E-03 3.60548881E-01
 9  2 4.06036992E-02-2.06942236E-01 2.28817086E-01-1.35997245E-01 1.36789672E-01
 9  3-1.47479219E-01 2.85772608E-02-1.36787559E-01 2.10062879E-01 2.11853157E-01
 9  4 3.00662448E-02-6.31514200E-02-6.89653606E-02-7.66880347E-02 5.22293274E-01
 9  5-4.35435828E-01-2.78334103E-01 1.26710124E-01 9.61614550E-02 2.85749776E-01
 9  6-1.10181779E-01-1.20236785E-01-2.53482544E-01 2.77283138E-01 2.10854699E-01
 9  7 3.58875955E-01 2.79752963E-02 9.56229247E-02-1.26258035E-02-2.57662305E-04
 9  8-3.16208271E-05-1.23008759E-03 6.90178790E-03-6.99922582E-03-1.93634468E-04
 9  9 2.48060813E-04 1.13343443E-04 5.40382132E-04-9.93374297E-04 1.92802769E-05
 9 10-1.12782293E-03-1.03639080E-03-1.02421547E-03-4.38076009E-05-2.10196988E-05
 9 11 1.82131730E-05 5.00768864E-03-2.35900809E-02-2.66355668E-02-3.10541047E-04
 9 12-1.12801747E-03 1.49487463E-04 3.32822268E-03 7.58321894E-03-1.67415808E-03
 9 13 3.26049168E-03 2.45008782E-03 3.95040257E-03-9.37311486E-04 2.34856034E-04
 9 14 7.08301300E-04 1.12918017E-02-6.98293667E-02 9.57369228E-02-2.15695217E-04
 9 15-3.10717243E-03-3.03882902E-03 4.39514708E-03 1.84316752E-02 8.85833104E-03
 9 16 1.03584636E-02 1.27442712E-02 1.05039715E-02 1.60363302E-03 1.37522043E-05
 9 17 4.63128129E-04-6.52008563E-02 2.36920548E-01 1.72061392E-02 2.92088445E-02
 9 18 1.81286124E-02-1.14273572E-02-9.84368352E-02-5.29465512E-02 3.20824395E-02
 9 19-3.93815696E-02-4.83925370E-02-5.14018329E-02 4.49820897E-03-1.91380477E-03
 9 20-3.66469196E-03 1.72789908E-03-8.99333781E-03 1.21778540E-02 1.03268609E-04
 9 21 2.52965061E-04 8.01855695E-05-3.51139042E-04-1.15044315E-03 1.97373407E-05
 9 22 1.26601070E-03 1.41579404E-03 1.33759567E-03-1.30034275E-05-2.41415469E-05
 9 23-8.72861816E-05
10  1 5.12588291E-04-1.77184008E-02-8.40246099E-02-5.80150581E-02-2.11855008E-03
10  2-5.27879130E-02 1.47374842E-01 1.05448368E-02 1.58057400E-02 1.49849095E-02
10  3 1.74819875E-01 1.62325944E-01-1.93639434E-01 5.77951774E-02-5.50640773E-02
10  4-6.41354589E-03 7.25312722E-03-4.41427233E-02 3.02726335E-02 1.83793245E-02
10  5-7.75953858E-02-1.46520670E-02-1.50516986E-02-7.80923567E-03-2.09075400E-03
10  6 1.85482468E-01 1.77549942E-01-1.55060075E-01 7.10082070E-02 2.56013359E-02
10  7-9.96168049E-02 4.37450935E-02 2.81283445E-02 5.08094571E-02-7.29819786E-03
10  8-5.42734593E-02 4.50807895E-02 1.74394013E-01-7.49180537E-02-1.03525373E-02
10  9 1.91771960E-02-2.75316305E-02 2.68172429E-03-2.22686558E-02 5.84456279E-02
10 10 1.48812314E-03-4.70945487E-03-3.41068842E-02 3.44267662E-03-1.05858395E-02
10 11 2.29446749E-02-1.53961266E-03 8.04004048E-02-1.52094799E-01-2.42959296E-03
10 12 1.31805553E-03 8.83936325E-03 6.14701357E-03-1.61944696E-02-2.72165434E-02
10 13-4.95049284E-03-1.52555666E-03-6.10180140E-03 1.68468653E-03-7.24079965E-04
10 14-2.99579650E-03-8.89213614E-03 5.85963188E-02 1.31717562E-02-5.66451910E-03
10 15-5.47370511E-03-9.55112893E-04 3.74005694E-03 9.78015444E-03 2.81637111E-03
10 16-7.32347673E-03-6.77124609E-03-4.92345716E-03-3.98235328E-03-3.14078075E-04
10 17 1.08384552E-03-1.15133072E-01 1.04489705E-01 4.59418653E-01 1.29542747E-01
10 18 1.71652725E-02 4.80163498E-03-3.46807974E-01 8.30667283E-02-4.28137018E-02
10 19 1.04197309E-02-7.10114470E-03-4.32629076E-03-4.45705448E-02 1.66052203E-02
10 20-1.58564338E-02 5.63941642E-02-5.69840433E-02 2.36091202E-01 1.13419395E-02
10 21 2.03637304E-03-2.17172569E-02-1.46081233E-02-3.33797813E-02 2.77627236E-02
10 22 1.15999897E-02 9.66432242E-03 3.02738711E-02-2.66067489E-03-1.42447325E-02
10 23 6.41084902E-03
11  1-9.73858526E-05 5.44804608E-03 1.93564782E-02 6.48405035E-03 6.29618035E-03
11  2-3.15391557E-03-3.11381132E-02-3.04651158E-03-4.96713723E-03-5.02888957E-03
11  3-7.59108368E-02-6.99486511E-02 7.45252206E-02-2.04931810E-02 2.64239993E-02
11  4 6.69126041E-03-1.57049356E-03 1.56543614E-02-1.22865714E-02-2.66448190E-03
11  5 1.36387059E-02-3.41311110E-03 6.55135985E-03 4.39423912E-03-8.51491951E-04
11  6-8.14795450E-02-8.07776628E-02 6.49214829E-02-2.67248832E-02-7.91111692E-03
11  7 4.16904943E-02-1.83424393E-02-1.29057888E-02-2.23819110E-02-1.13432263E-02
11  8-2.12464379E-01 2.96133861E-01 4.10583536E-01 3.31869559E-02-2.78321971E-02
11  9 5.49559709E-02-9.83917451E-02 2.42790960E-02-5.14860373E-02 9.39255170E-02
11 10 5.28860393E-02 2.62962214E-02-1.55628374E-01 1.34870405E-02-2.40793841E-02
11 11 8.85317048E-02 1.92089107E-02 1.00500339E-02 3.39617854E-02-2.18041409E-03
11 12-3.31371027E-03 6.19660226E-04-4.07440445E-03-1.75494148E-02 6.78506088E-03
11 13 2.80827682E-03 1.35984209E-02 3.14645464E-03 4.06477107E-03-1.18362652E-03
11 14-4.33450393E-03 6.24888025E-03-1.47153854E-02 6.47832296E-03-6.60907624E-03
11 15-5.32492881E-03-6.85445611E-03 3.33493641E-03 3.56489066E-03 3.48897896E-03
11 16 5.10073874E-03 4.23840748E-03 6.56903562E-03-4.65762954E-03-3.15048404E-03
11 17-3.23287495E-03 2.79055572E-02-2.21413958E-02-9.75873208E-02-2.76359043E-02
11 18-3.14390415E-03-2.01988980E-03 7.10385257E-02-3.90163972E-03-8.03279709E-03
11 19-3.48079221E-03-1.18649094E-03-1.09378109E-03 4.82452064E-03 2.39607047E-03
11 20 4.13038320E-03 8.20698409E-02 2.75636905E-01 4.88757914E-02 1.11030059E-02
11 21-4.01455075E-03-3.20295287E-02 6.43048068E-02-5.81483658E-02-1.20776354E-01
11 22-8.65079723E-03-1.96047732E-02 6.77321632E-02-9.12174894E-03-4.52264638E-02
11 23 2.33762116E-02
12  1 5.19690854E-04-4.67152615E-03-3.37331103E-02-3.52158830E-02 3.51646661E-02
12  2-1.18062077E-01 1.12380308E-01 1.87356938E-03-2.33466222E-03 2.92136136E-03
12  3-1.33489481E-01-1.16913807E-01 8.01883729E-02-2.01394488E-02 5.77859764E-02
12  4 2.30826852E-02 6.54380397E-03 7.16427007E-03-1.87010741E-02 2.88860432E-02
12  5-8.45300666E-02 2.05768810E-03 8.98398647E-03 1.25053597E-02-7.06859347E-03
12  6-1.52093559E-01-1.54217276E-01 9.51962413E-02-2.76568679E-02 3.66961882E-03
12  7 6.57165029E-02-3.14769443E-02-3.09156776E-02-4.30612105E-02-1.72871936E-01
12  8 4.05236475E-02-1.44709133E-01-3.76387527E-02-1.02509790E-01-2.59777637E-03
12  9 7.55223593E-04 4.54872941E-03-7.67921608E-03-9.94123643E-03 3.95518283E-02
12 10-2.32479367E-02-1.56065114E-02 5.33274907E-02-1.70596990E-03-1.42757661E-03
12 11-2.36795471E-02 1.08112850E-01 3.09839359E-01-5.60838126E-02-1.82384381E-02
12 12-4.41809655E-02 1.35377804E-02-4.70175432E-02-1.84597411E-01 4.11320765E-02
12 13-6.76335496E-03 8.44764944E-02-1.30635225E-02 3.93679548E-02-1.11532987E-02
12 14-3.08961900E-02 2.06027202E-01 1.65558755E-01 1.08486724E-01-9.01213643E-02
12 15-9.06209313E-02-7.01420544E-02 4.76321462E-02 4.04018881E-02 3.13545186E-02
12 16 1.45829524E-02-3.31581288E-02 5.54144785E-02-1.02324591E-01-4.65242356E-02
12 17-5.38851862E-02-5.21276051E-02 1.48071795E-01 1.42128879E-01 5.89757363E-02
12 18 1.44497864E-02-3.62976618E-03-1.72446672E-01 1.14561338E-01-1.03441856E-01
12 19-1.38977035E-02-2.77792999E-02-2.27594814E-02-4.73156767E-02 3.58731752E-02
12 20-3.09317580E-03 2.69920791E-02-1.05875845E-01 2.41367835E-01 5.27844283E-03
12 21 6.14882565E-03-1.19047808E-02-2.02658760E-02-3.42689114E-02 6.98922157E-02
12 22 9.11471176E-03 1.12924028E-02 2.48644300E-03-3.16917350E-03-3.04432996E-03
12 23 2.71356224E-03
13  1 1.01496179E-03-1.09134991E-02-5.72474085E-02-5.70539568E-02 6.09787378E-02
13  2-1.94656365E-01 1.73394867E-01 5.58474889E-03-3.54940418E-03 7.79199457E-03
13  3-2.00749342E-01-1.66228218E-01 1.09507565E-01-2.61364155E-02 8.80102727E-02
13  4 3.51257537E-02 1.18837439E-02 5.99502492E-03-2.82201175E-02 5.65394917E-02
13  5-1.68097585E-01 4.66117565E-02 1.27207860E-02 2.00539267E-02-9.53166711E-03
13  6-2.28585342E-01-2.27677429E-01 1.37948210E-01-3.35338162E-02 1.32318055E-02
13  7 1.00741691E-01-4.64218796E-02-4.78166940E-02-6.38903498E-02 1.21665933E-01
13  8 2.33080365E-02-1.02036881E-01 4.23923132E-02-1.72062891E-01-5.30901759E-03
13  9 4.68477466E-03 6.56087338E-03-1.02141141E-02 5.40711454E-03 4.20656451E-02
13 10-2.09020110E-02-2.01128986E-02 3.83944769E-02-4.17484070E-05-6.23336651E-03
13 11-8.01842718E-03-7.35592354E-02-1.63617655E-01-1.19899648E-01 9.73802639E-03
13 12 3.52007786E-02-6.23424058E-04 4.38087057E-02 1.01519236E-01-5.32991001E-02
13 13 3.72622346E-03-5.80542803E-02 9.11267021E-03-2.62936544E-02 7.05052998E-03
13 14 1.80591011E-02-1.70623100E-01-9.31173280E-02-5.20868833E-02 5.98266764E-02
13 15 6.16774394E-02 5.12926663E-02-3.04980834E-02-1.72716269E-02-1.97309192E-02
13 16-1.36120050E-02 2.50235910E-02-4.19074418E-02 7.38943271E-02 3.52735490E-02
13 17 4.29080343E-02-8.49678550E-02 2.17688198E-01 2.63806085E-01 9.90693840E-02
13 18 2.45398891E-02-4.39081630E-03-2.90496609E-01 1.89686035E-01-1.56601360E-01
13 19-1.69030069E-02-4.13672732E-02-3.36462549E-02-7.82462916E-02 5.41699736E-02
13 20-6.46068617E-03 5.51532586E-02-1.84756030E-01 3.67780188E-01 1.05078540E-02
13 21 2.16095315E-03-2.19697983E-02-3.62142740E-02-2.13826747E-02 9.75040947E-02
13 22 2.30329855E-02 2.20205448E-02 2.01279412E-02-1.71056785E-03-4.37406223E-03
13 23 1.38827588E-03
14  1 6.05616273E-04-1.21292021E-02-2.91214352E-02-1.21661548E-02 2.47711896E-02
14  2-9.03710725E-02 1.19633992E-01 4.71849210E-03 4.53736447E-04 1.07169926E-02
14  3-5.47971947E-02-3.96797839E-02 6.29387257E-03-5.43257128E-03 2.72948564E-02
14  4 7.80502884E-03 8.48415062E-03-9.75850000E-03-7.26557117E-03 3.66274217E-02
14  5-1.02821806E-01 7.00092483E-02-2.37016943E-04 7.71302424E-03-3.69767338E-03
14  6-6.93156169E-02-6.00718768E-02 2.18687017E-02-9.04208364E-04 1.35201665E-02
14  7 2.19641373E-02-1.43190532E-02-2.06789796E-02-2.02765084E-02-2.35475648E-02
14  8-4.16334769E-02 5.44914816E-01 3.31614607E-01-5.50564286E-02 4.38406098E-02
14  9-6.63739683E-02 6.96127378E-02 1.29436495E-02 4.71304478E-02-2.35501526E-01
14 10 1.12437498E-02 5.11928494E-03-2.22576389E-01-1.13284103E-02 1.61908089E-02
14 11 5.00050591E-02-2.18443563E-02-2.36622740E-02 9.26397571E-03 1.66235423E-03
14 12 3.43518335E-03-1.00190608E-03-4.33246054E-03 6.65667734E-03-1.71854371E-02
14 13-7.18764049E-04-1.29901204E-02-5.16591415E-03-4.44936621E-05 1.48084414E-03
14 14 8.89300046E-03 1.08143083E-01 9.95036555E-02-2.91452480E-02-4.89429915E-03
14 15-1.08739767E-02 1.12467220E-03-1.23159907E-02-2.80987427E-02-3.57321205E-03
14 16-1.46294191E-02-3.82100531E-02 4.50352641E-04-3.21423516E-02-8.38704523E-03
14 17-1.28019911E-02-4.81938882E-02 1.32120818E-01 7.86284491E-02 4.54532329E-02
14 18 1.14336074E-02-1.50734623E-03-1.26689865E-01 6.90121726E-02-4.30957689E-02
14 19-9.80508483E-03-1.83347317E-02-1.59828790E-02-2.99419181E-02 1.59241829E-02
14 20-3.51686060E-03-1.34509353E-01-4.21956790E-01-3.76645732E-02-1.79863893E-02
14 21 8.55470563E-03 4.03879601E-02-1.06046982E-01 1.23194049E-01 1.07439183E-01
14 22-9.14875492E-03 8.22159478E-03-6.27227502E-02 3.24344212E-02 7.55608281E-02
14 23-5.62926251E-02
15  1 1.33512852E-04-2.35085427E-03 1.70654571E-03-1.00291984E-03 5.99251322E-03
15  2-1.04222158E-02-6.89550453E-03 1.76949804E-03-5.81025489E-04 1.96633922E-03
15  3-2.76431441E-03 4.54021748E-03-1.17536915E-03 1.64729683E-03 1.61542535E-03
15  4-1.71202706E-04 1.02516075E-03-2.06953343E-03-8.19770419E-04 8.75999253E-03
15  5-2.57099745E-02 4.08295419E-02-8.32701119E-04 9.26377809E-04 5.41794488E-04
15  6-3.16907110E-03 2.50021420E-03-1.75330686E-03 3.93748952E-03 5.00012365E-03
15  7 1.84211644E-03-4.41985015E-04-1.87496660E-03-1.76345663E-04-5.64370527E-02
15  8-2.06860754E-04-7.44669593E-02-4.64791464E-02-2.99751753E-03-1.10109584E-02
15  9 1.75737186E-02-8.90471841E-03-5.99776979E-03 9.66379727E-03 3.79344607E-02
15 10 2.96923665E-03-2.39159271E-03 3.86503141E-02 4.34587809E-03-6.54921152E-03
15 11 3.20833511E-03-1.85193986E-01-2.55115944E-01-7.30083708E-02 1.36864880E-02
15 12 5.80313550E-02-2.32619237E-02 8.82046217E-03 1.47863972E-01-1.00265000E-01
15 13 2.41820576E-03-1.13307419E-01-2.57025433E-02-1.82243273E-02 1.52723402E-02
15 14 7.31993006E-02 6.25517210E-01 3.98047837E-01-3.69707084E-02 1.75731198E-02
15 15-2.10414255E-02 4.21365997E-02-1.26479525E-01-2.03233656E-01-4.40173594E-02
15 16-9.03240292E-02-2.13192525E-01-1.00224091E-02-1.58402074E-01-3.22694697E-02
15 17-5.67718476E-02 4.56367184E-03-2.70419171E-02 1.10885429E-02-2.20109232E-03
15 18-4.47955559E-04 9.90771217E-04 4.37197614E-03 1.93719017E-03 4.77507402E-03
15 19 4.28685449E-03 2.86910002E-03 2.63686235E-03 2.57769757E-04-2.05360577E-03
15 20-2.34527140E-04 3.83230748E-02 6.97937496E-02 2.36853273E-02 5.32934479E-03
15 21-5.29658731E-03-1.13789110E-02 1.85384473E-02-9.36246114E-03-2.32692537E-02
15 22 8.35118336E-03 2.06786899E-03 2.22530825E-02-5.11162345E-03-1.58674832E-02
15 23 1.02734885E-02
16  1 3.11588023E-03-9.36807764E-02 2.22134952E-02 2.56080379E-02 3.00251879E-02
16  2-3.07867075E-01 6.51004634E-01 3.01843344E-02 1.47234439E-02 8.80146108E-02
16  3-2.81650794E-02-6.16148066E-02-1.34864636E-01-2.62775656E-02 4.54806418E-02
16  4-4.58590774E-02 4.48002472E-02-1.05151774E-01 2.15772855E-03 2.75329350E-01
16  5-6.67274447E-01 8.27758078E-01-4.23559654E-02 2.97095368E-02-9.47651713E-03
16  6-1.68090556E-01 8.29992970E-03-2.05169365E-01 8.16153238E-02 1.23308826E-01
16  7-4.85084724E-02-4.92063723E-02-9.97359046E-02-5.16007868E-02 8.42014488E-04
16  8-6.71509303E-03-5.04402870E-02-1.24678548E-01 1.60313334E-01-6.05234234E-03
16  9 1.26555045E-02-1.98659670E-02 6.47262576E-03-1.23633072E-02 2.10279125E-02
16 10 1.52979967E-02 1.54782225E-02 2.61109685E-02 2.68750870E-03 2.07311432E-03
16 11-4.94802308E-03-2.79656456E-03 5.15982433E-02 9.83144564E-02 8.63496645E-04
16 12-2.54193828E-03-1.79384925E-03-1.05459440E-02-2.62331906E-03 1.75440155E-02
16 13-7.00848057E-03-1.64041648E-03-6.46543001E-03 1.97908167E-03-1.26162940E-03
16 14-3.47268278E-03-4.01178430E-02 1.11347031E-01-1.94188665E-01-3.38401237E-03
16 15 4.95684430E-03 5.15282140E-03-5.19847887E-03-1.75556296E-02-3.89490863E-03
16 16-1.62240372E-02-1.13275309E-02-1.35040129E-02 1.59597327E-03 1.62950308E-03
16 17 3.83999551E-03 1.83874647E-02-2.21477669E-01-2.04511634E-01-3.83972083E-02
16 18-2.22042895E-02 1.37919274E-02 1.47532460E-01-1.25210081E-01 1.04788864E-01
16 19 2.94342237E-02 3.10115472E-02 2.45200944E-02 5.71135324E-02-4.16743262E-02
16 20 4.21764546E-03-6.32194511E-03 1.98530062E-01-2.93834862E-01-4.03742785E-03
16 21-4.37094884E-03 1.00223141E-02 5.91448588E-02-9.54233678E-03-1.22224905E-01
16 22-7.29390114E-03-1.09886959E-02 6.32227322E-03-6.17632047E-03-1.38851929E-02
16 23 1.21517106E-02
17  1-1.41063338E-03 1.02726988E-01-3.06774697E-03-3.43242960E-03-7.72890454E-01
17  2 1.34024994E+00 2.17491014E-01-8.89267359E-02 4.60440638E-02-7.02808910E-02
17  3 7.10548540E-01-9.67048899E-01-2.11299223E-01-2.04851070E-01-8.13414852E-02
17  4-1.06677464E-01-9.52814191E-02-7.32306787E-03 1.57474223E-01 2.80268398E-01
17  5-1.16793401E+00-3.71047598E-01 5.61799409E-02-2.11218201E-02 5.08619326E-02
17  6-1.27557143E-01-3.63683713E-01-6.88701966E-01 1.63667117E-01 8.94420538E-02
17  7 2.95294255E-02-7.57367113E-02 5.02621787E-02-9.77360964E-02 7.22632081E-04
17  8 1.13108682E-03 4.99057110E-03 1.94922924E-02-3.22185935E-02 4.35681740E-04
17  9-1.69280489E-03 3.00900417E-03-1.10765864E-03 2.26320496E-03-3.69049908E-03
17 10-2.57712316E-03-2.65522525E-03-3.33190484E-03-2.51212820E-04-6.13736150E-04
17 11 6.18201864E-04 3.14659744E-03-3.17245948E-02-9.47803031E-03-9.41115811E-05
17 12 3.28195366E-04-3.22806029E-04 3.10990982E-03 3.98053747E-03-1.96540839E-03
17 13 3.51085888E-03 1.98987681E-03 3.70777515E-03-8.56462034E-04 4.40451630E-04
17 14 1.09488929E-03 1.04657488E-02-4.92071807E-02 7.29653598E-02 1.51385772E-03
17 15-1.37088357E-03-1.84727296E-03 2.10037962E-03 8.49263176E-03 4.12037624E-03
17 16 6.62449673E-03 6.10522542E-03 5.54299625E-03 8.74996699E-04-1.90031736E-05
17 17-4.90383861E-04-1.12422709E-02 3.83945406E-02-3.22185119E-03 1.59578199E-03
17 18 8.03312905E-03 4.63038152E-03-1.26782692E-02-1.10707765E-02-2.70094531E-02
17 19-5.50569719E-04-1.89334787E-03-2.99730214E-03-1.93508673E-03 4.72339223E-03
17 20-6.20077741E-04 2.89786379E-03-3.28704748E-02 5.44838328E-02 6.30914731E-04
17 21 5.64177896E-04-1.58656737E-03-8.15607793E-03 1.05226871E-03 1.66741280E-02
17 22 1.96927541E-03 2.35689345E-03 4.56268087E-04 7.70227886E-04 1.64229489E-03
17 23-1.49683867E-03
18  1 4.40225571E-04-1.11189824E-02 8.79424513E-02-4.57520468E-02 4.74749292E-02
18  2-1.69876129E-01 8.74929657E-02 1.16855210E-02-3.27846192E-04 7.66095899E-03
18  3 3.48030264E-03 3.96098616E-02 4.91813903E-03 2.71233220E-02 1.24995009E-02
18  4 8.90915019E-03 7.11384409E-04-8.21831964E-03 1.52418886E-03 4.42223675E-02
18  5-6.72337395E-02 1.22376378E-01-7.29220794E-03 3.88744251E-03 2.26914769E-03
18  6 2.45791711E-02 7.09897274E-02-4.22214511E-02 2.80764677E-02 2.64410709E-02
18  7-1.70030429E-02 2.73778371E-03 5.86695488E-04 1.08728557E-02-5.79716249E-03
18  8 4.72174532E-02 2.28856783E-01 1.64758295E-01-6.48194100E-01-5.14189256E-02
18  9 1.29554414E-02 1.39248689E-01-1.86871489E-01 2.41816902E-01-1.76541121E-01
18 10-3.54204895E-02-7.66871106E-02-1.76826469E-03 3.12906923E-02-9.56954953E-02
18 11 9.17238831E-02 1.64492055E-03 2.44827806E-02-2.37498704E-01-1.22528099E-03
18 12 1.31101689E-02 5.55857044E-03-6.93740721E-03-1.07197712E-01 5.65811655E-03
18 13 5.30258809E-03 8.24084539E-03 6.45867268E-03 5.39623326E-03-2.03412181E-03
18 14-7.27079972E-03-2.84297046E-02-2.20490836E-02 9.38442896E-02-1.26779626E-02
18 15-9.93504811E-03 1.11402396E-02-3.15989490E-03 8.35397036E-03 3.75165513E-02
18 16-1.00814745E-03 2.67076809E-03 1.22098074E-02-5.55332757E-03 9.64830620E-03
18 17 1.68324170E-02 7.57759627E-02-7.54586524E-01 9.28424020E-02-1.03974345E-01
18 18-4.17989499E-02 6.12891389E-04 1.92841538E-01-1.17069278E-01 1.87874710E-02
18 19 1.19651608E-01 6.39312252E-02 5.48162959E-02 7.28849204E-02-1.05010114E-02
18 20 1.21028682E-02 1.13603518E-01-5.26442662E-01 1.17128758E+00 3.61825340E-02
18 21-7.99343378E-04-5.89103791E-02-2.90342410E-01 9.90839152E-02 3.75566945E-01
18 22 3.67895903E-02 4.06638820E-02 3.83482400E-02 2.76524352E-02 2.67616199E-02
18 23-3.33415555E-02
19  1 1.35749000E-04-6.31252453E-03 5.97772333E-02-2.44796511E-02 2.51663471E-02
19  2-1.02644906E-01 6.36972677E-02 7.74068619E-03 2.32353142E-03 4.42494566E-03
19  3 9.33796155E-03 2.80128225E-02-5.34071072E-03 1.75483055E-02 5.01941353E-03
19  4 7.63246725E-03-1.46860707E-03-4.43701650E-03 5.38815745E-04 2.50753421E-02
19  5-4.81654410E-02 7.87021971E-02-3.03141286E-03 1.99405197E-03 8.74723993E-04
19  6 1.83002718E-02 4.49845102E-02-2.56058496E-02 1.74170248E-02 1.60880680E-02
19  7-8.56637229E-03 2.14203885E-03 3.00541480E-03 7.17732017E-03 1.78458543E-02
19  8-8.28095403E-03-1.88425197E-01 4.10306963E-01-1.99860811E-01 7.73947456E-02
19  9-1.56972845E-01-1.20661145E-01 1.73096462E-01-4.59424316E-01 1.54239931E-01
19 10-5.13952276E-02 7.20096489E-02-1.29643084E-01-5.64172288E-02 8.74660975E-02
19 11-2.08711463E-01 1.64338858E-02-1.20385433E-01 1.97416623E-01-2.36947726E-03
19 12-2.99569854E-03 6.59357947E-03-3.29691425E-03 1.03537473E-01-7.62593132E-02
19 13 1.51825328E-02-9.47999893E-03 9.21081594E-03-2.66940177E-04-1.70456738E-04
19 14 1.18396351E-02 6.81411826E-02 5.32337958E-02-1.60416800E-01-6.55352300E-03
19 15 4.67405258E-02-6.45767023E-03-9.28962594E-02-9.66541174E-03-5.54743291E-02
19 16-4.84403366E-02 1.45721075E-02-2.41326141E-02-1.48873063E-02-2.21314462E-02
19 17-1.23355911E-02-6.78390281E-03-4.33505624E-01 1.46744401E-02-6.43857521E-02
19 18-2.76194127E-02-4.83487527E-03 6.45258283E-02-4.37096766E-02-4.58385034E-02
19 19 9.11772572E-02 2.45197412E-02 2.06732329E-02 4.29806708E-02 1.01376678E-02
19 20 8.79890243E-03-7.25814448E-02-2.89911847E-01 5.40855086E-01-5.51481610E-03
19 21 1.79961397E-02 1.69756780E-02-9.54084389E-02-1.26472126E-01 3.01473664E-01
19 22-2.78369395E-02-1.24964804E-03-9.53937357E-02-9.30225530E-03 3.17258769E-02
19 23 8.65899472E-04
20  1 3.98500159E-05-7.77639563E-04 3.21479727E-02-1.23903137E-02 8.24263231E-03
20  2-2.97490417E-02 3.12579871E-02 2.66968754E-03 1.13015743E-03 7.88595923E-05
20  3 7.36573578E-03 5.70019713E-03-7.60781684E-03 7.10131654E-03 1.98633413E-03
20  4 5.46912899E-03-1.99707371E-03-7.11609206E-04 8.75890893E-04 9.40744716E-03
20  5-3.00327740E-02-5.97327515E-04 1.25054894E-03 6.78673053E-04 1.31250675E-03
20  6 5.75838684E-03 2.11756758E-03-6.62287961E-03 7.07467383E-03 5.08231870E-03
20  7 2.36866678E-03 7.06337733E-04 3.65188940E-03 1.45512888E-03-1.26082980E-02
20  8-6.57555392E-03-6.92022984E-02 7.11920983E-02 9.78386142E-03 2.03828212E-01
20  9 1.08647338E-01-8.76394303E-03 5.24694044E-01 2.25665486E-01 1.66101168E-01
20 10 2.47425712E-02-9.30578964E-02 5.71598983E-02-8.52885889E-02 2.74851059E-01
20 11 1.19237235E-01-1.65458912E-02 2.62390388E-03-1.56229981E-01-2.57508737E-03
20 12 1.55318349E-02-4.09325941E-03 5.95553803E-02-6.75128337E-02 4.45835886E-02
20 13-6.24398934E-03 2.78362639E-03 2.08370607E-03-5.54486559E-03 2.09930479E-03
20 14-7.97768043E-03-5.89448909E-02 5.64353199E-02 8.29433345E-02 1.87566754E-02
20 15-5.59015724E-02 2.74529752E-02 1.02592838E-01 3.19710560E-03 8.00351927E-02
20 16 3.81942606E-02-4.55519200E-02 1.66964725E-02 1.19227806E-02 3.47198687E-02
20 17 2.15368607E-02-3.52144743E-02-2.41890026E-01 6.80324714E-02-3.01268581E-02
20 18-9.14300115E-03-1.65124842E-03-1.71102284E-02-2.28743332E-03-3.71607747E-02
20 19 6.49456485E-02 7.07816314E-03 5.62169058E-03 1.55848848E-02 7.77672706E-03
20 20 5.01048277E-03-4.65390331E-03-1.73358254E-01 2.55592236E-01-1.25201506E-02
20 21 9.42987997E-04 6.33956958E-03 1.86048020E-01 1.11436461E-01 1.05523742E-01
20 22 4.22258236E-02-1.58178855E-02-2.98662354E-02-3.54958893E-03-2.78744166E-02
20 23-3.43060261E-02
21  1 1.27382479E-03 5.42930459E-03-6.89432157E-02-4.13011111E-03 8.63176776E-02
21  2-1.75047884E-01-4.20411953E-01 8.53435550E-03-3.11873391E-02-1.40260766E-02
21  3-5.87801575E-02-6.67973702E-03 2.08143732E-01 2.37522970E-02 4.22803990E-02
21  4 4.97617882E-03 7.98334687E-03 1.18887720E-02-1.47561853E-03 5.68131458E-02
21  5-2.95652320E-02 4.18646196E-01-2.14395551E-02 8.75166699E-03-4.19304549E-04
21  6 3.86586033E-04 1.15518502E-01-4.21707065E-02 3.22118119E-02 4.29270265E-02
21  7-2.59346164E-02-2.29717176E-03-2.23299059E-02 1.31063303E-02-8.29662262E-03
21  8 4.72111638E-03-9.57039634E-03 9.97259631E-02-7.63705775E-02 2.87599416E-02
21  9-2.67656298E-02-9.73554952E-03 5.72163997E-02-5.32426573E-02 2.28571270E-02
21 10-1.15460837E-02 1.19429302E-03-2.43827209E-02-1.59188999E-02 3.04870681E-02
21 11-2.60375338E-02-4.06380625E-02-1.38556061E-02-5.47971280E-03 4.39007790E-03
21 12 1.94795297E-02-1.73095425E-03 1.99659214E-02 6.64336542E-03 5.01773341E-02
21 13-1.44237849E-02-2.67651217E-02-2.40402407E-03-5.73639353E-03-2.54676359E-04
21 14-1.13454282E-02-6.12253782E-02 8.25651115E-02 9.18730437E-03-1.02338766E-02
21 15-4.88065499E-02 8.30997347E-02 5.55863228E-02 1.30905754E-02 1.75713679E-01
21 16 1.09540083E-03-4.03029793E-02 4.01629386E-02-7.02898975E-03 5.97148256E-02
21 17 6.88703389E-02 4.94232999E-01-9.73849692E-02 2.83033853E-01 2.18901494E-02
21 18-1.79554358E-02 5.52988871E-03 5.21042978E-01-1.83604923E-01 1.91345954E-01
21 19-2.20241205E-01 1.14531064E-01 1.08237093E-01 1.83563221E-02-4.62411374E-02
21 20-1.15714709E-02-1.31655896E-02-5.81157927E-02 1.86868165E-01 3.01634559E-03
21 21 1.80223087E-03-2.89822668E-03-5.18786897E-02 2.68537558E-03 1.35716854E-01
21 22-8.17568916E-03-7.01993841E-03-3.00640369E-02 1.59634484E-03 8.51871973E-03
21 23-7.17519905E-03
22  1-3.61080775E-04 2.10376117E-03 2.43974896E-02 3.27453980E-03-1.31267425E-02
22  2 5.72400399E-02-1.17521257E-01 1.75499844E-03 2.87514741E-03-2.27319842E-04
22  3 1.24984960E-02 3.41972994E-03-5.10771864E-03-3.38834268E-03-8.93210170E-03
22  4-6.09443849E-04-5.62290103E-03 4.15643084E-03-4.23266889E-03-1.62521550E-02
22  5-1.17078221E-02 8.93055294E-02 1.14275986E-03-2.13191970E-03-5.03648650E-03
22  6-3.99493656E-03 4.28630224E-03 8.90368413E-03-7.82314028E-03-3.32998332E-03
22  7 8.60850923E-04 2.27456524E-04 2.56769910E-05 9.10871319E-04-2.94093297E-02
22  8-7.99737435E-03-2.98034996E-02 3.58339597E-02 2.94587590E-02-4.42505968E-02
22  9-4.66171767E-02-2.89663325E-02-1.04993216E-01-1.42262859E-01-5.29546949E-03
22 10-9.99412834E-03 3.83802896E-02-3.32570218E-02 1.42665391E-02-5.71508349E-02
22 11-6.37295649E-02-1.07883219E-01-1.63088113E-02 1.17177879E-02 1.79642402E-02
22 12 4.08195868E-02-1.04419121E-02 1.22386994E-01-7.23367609E-03 1.12130540E-01
22 13-5.55202396E-02-4.58852016E-02-2.10429364E-02-3.81930210E-02 1.27398168E-02
22 14-2.44401038E-02-1.83161214E-01 9.46798544E-02 2.24742626E-01 8.43877919E-02
22 15-2.05872120E-01 1.48644361E-01 4.13998443E-01-3.76370734E-02 3.73273610E-01
22 16 1.61201741E-01-1.75820635E-01 9.02522531E-02 5.28675526E-02 1.57568346E-01
22 17 1.09636535E-01-1.68000256E-01-7.32114256E-03-4.76835140E-02-6.69600912E-03
22 18-3.93428304E-04-8.56143211E-03-1.74848577E-01 2.75296414E-02-1.15045132E-01
22 19 7.67522011E-02-3.30370006E-02-3.20424281E-02 6.40890890E-03 3.11186931E-02
22 20 6.97125662E-03-1.81381428E-02 9.94000723E-02-1.53016601E-01-1.24520950E-03
22 21 2.66721107E-03 4.80882458E-03-2.12789347E-02-6.48136565E-02-4.27329587E-02
22 22-2.00888072E-02-2.70816924E-03-5.43535079E-03-4.08692481E-03 6.65211639E-03
22 23 1.39204240E-02
23  1-9.08158145E-05 6.99263346E-03 8.52260018E-03 6.79203781E-03 1.39764732E-02
23  2 1.10148096E-02-4.58798772E-01 8.93256212E-03-9.17090202E-03-6.05958941E-03
23  3 1.78531054E-02 1.36285510E-02 6.81536220E-02 8.41900591E-03 2.19213320E-03
23  4 2.93070284E-03-8.47587852E-03 8.93728114E-03-7.74557475E-03 9.28217592E-03
23  5-1.08932118E-01 4.69502466E-01-6.24456361E-03 4.01881171E-04-8.99288536E-03
23  6-2.45454044E-02 7.13026771E-02 1.23024582E-02 7.58363473E-03 2.42463949E-02
23  7 4.92254000E-03-1.19753104E-03-1.14684933E-02 1.02621782E-02-9.64891984E-03
23  8-5.36941923E-03-5.80583157E-04-4.87184319E-02 7.48366723E-02-1.58412732E-03
23  9 1.65932099E-02-1.38277394E-03 3.72172417E-03 2.92879990E-02 9.00264204E-04
23 10 8.87698278E-03-1.53866570E-03 1.16938529E-02 2.94127524E-03 2.10521006E-03
23 11 1.48981891E-02-2.69620455E-02 6.04496119E-02-8.69008785E-03 6.63010411E-04
23 12 7.95333841E-03-1.66095344E-03-1.61708039E-01 7.40157998E-02 1.52330473E-01
23 13 1.47160420E-03-5.40484632E-02 1.30629444E-02 3.79849343E-02-2.65694629E-02
23 14-2.71953721E-02-3.23724049E-02 4.10802114E-02-1.33954533E-02-2.12611732E-01
23 15 7.26629414E-02 1.76459029E-01-3.57915943E-01 1.95105802E-01 3.46948973E-01
23 16-2.22823249E-01 1.31704831E-01 9.84706789E-02-1.15957747E-01 5.22106664E-02
23 17 1.82538249E-01-1.23875179E-01 5.87574459E-02-4.73780957E-02 6.01902202E-03
23 18 1.09237561E-03-1.23040885E-02-1.40950148E-01 2.47114566E-02-1.21126775E-01
23 19 4.25967714E-02-2.68972758E-02-2.55204299E-02 1.10084869E-03 3.59337036E-02
23 20 5.80901979E-03-4.61927922E-03 4.97860081E-02-1.67236270E-01-4.15829739E-03
23 21-4.73625072E-04 5.61232063E-03 4.94031452E-02-9.64722519E-03-8.23737008E-02
23 22 3.16382986E-03 1.84570811E-03 9.28945130E-03-1.76245135E-03-5.36723288E-03
23 23 2.61471322E-03
24  1-9.85540899E-04-5.16649673E-03-2.68092618E-02 1.53586575E-02 9.99207014E-02
24  2-2.12822182E-01-1.71523109E+00 4.58476815E-02-3.46887346E-02 4.83460429E-03
24  3-2.30665885E-02 1.10370645E-01 3.47373443E-01 2.31488941E-02 1.66783338E-02
24  4-1.89001186E-02-7.67370012E-03 8.55665731E-03-3.53186777E-02-2.75306869E-02
24  5 3.21784401E-02 1.95397692E+00-6.89773020E-02 1.09686137E-02-7.62603327E-02
24  6-1.12248441E-01 4.60657708E-01 3.64244025E-02-3.09501745E-02 6.39975484E-02
24  7-1.22539525E-01-1.07209673E-02-9.47187367E-02 5.36314918E-02 1.64320385E-02
24  8 3.91444975E-03 2.42787147E-02-1.46941401E-02-5.60689492E-02-4.00920655E-04
24  9 1.16503616E-02 1.79046888E-02-8.77804591E-03 7.47660058E-02-2.33153527E-02
24 10 2.91794535E-03-1.24793379E-02 1.16025183E-02 2.43061225E-03-2.28560004E-03
24 11 2.44760638E-02 2.55998104E-02-1.11434383E-01 3.38988232E-01 7.60059674E-04
24 12-4.36118235E-03-7.75186368E-03 1.19562392E-02-3.09068033E-02-3.02388268E-02
24 13 1.32731281E-02 2.60773162E-02 5.94728663E-03-4.57116755E-03 5.85592440E-03
24 14 1.63756658E-02 3.82709118E-02 1.87374268E-02-3.01383069E-01 5.88093118E-02
24 15 2.56575947E-02-7.63166930E-02 1.56889151E-02-1.08761843E-01-1.96897998E-01
24 16 2.92128621E-02-2.58057456E-02-5.73046474E-02 2.66622346E-02-4.52008670E-02
24 17-7.76448861E-02-1.47607546E-01 4.97514738E-01-4.38510854E-01 4.55278036E-02
24 18-2.07131868E-02-5.28603109E-02-1.32038808E-01-6.36499125E-02-3.13221337E-01
24 19-4.29321942E-02-4.09706477E-02-4.82127075E-02 2.92490808E-02 1.06413789E-01
24 20 8.24611229E-03-5.22666235E-03 4.45232402E-02-1.61389430E-02-6.55718986E-04
24 21 1.79427350E-03-7.81584170E-03 7.62986623E-03 5.89234806E-03 2.26428207E-02
24 22-5.76516882E-03-8.78506976E-03-3.06554677E-03 1.63692015E-03-3.46848147E-04
24 23-4.89322767E-03
25  1-4.98811583E-03-2.93564593E-02-2.02381580E-02-1.07775369E-02-3.02204963E-01
25  2 3.72880049E-01-6.63561317E-01-2.70346320E-02 3.75848989E-02 1.05539760E-01
25  3-2.83142118E-01-1.68909400E-01-1.22287511E-01-1.51341687E-01-6.25478290E-02
25  4-1.69486705E-01-5.77911705E-03 6.00906012E-03-3.83841702E-02-4.16606555E-01
25  5 1.01029787E+00-2.20924136E-01-2.59229457E-02-5.14072898E-02-6.90223115E-02
25  6-2.81524328E-01 3.76118550E-01 3.85536261E-01-2.78434675E-01-1.80803253E-01
25  7-9.46139492E-02 1.25158841E-02-6.92029082E-02 6.52897308E-02-3.33727169E-04
25  8 2.69306501E-03-5.09508376E-04 1.84742427E-02 2.40043125E-02 8.40629199E-03
25  9-7.88135971E-03-2.66057675E-03 1.98720959E-02-2.24608721E-02 8.73277368E-03
25 10-3.27056053E-03 1.25648057E-03-6.60592918E-03-4.66868469E-03 9.24644598E-03
25 11-8.65482138E-03-2.90003269E-03 2.59134236E-02-1.14307835E-01-1.00536975E-04
25 12 1.84954458E-04 3.84609190E-03-5.85410721E-04 4.73506179E-03-1.61444811E-02
25 13-5.69473633E-04-2.62278418E-03-1.53330612E-03-1.24992145E-04-2.45883224E-04
25 14-2.77302295E-04 5.45246638E-03-1.41634860E-02 6.84419491E-02-3.16401582E-03
25 15-3.62405191E-05 8.95575813E-05-1.74162364E-05 1.27528085E-02-5.05841301E-04
25 16-3.66935389E-04 5.24061069E-03 2.14924090E-03-1.07442166E-03-3.26557017E-04
25 17 9.70657279E-04-3.04953643E-01 6.51449638E-02 4.41961957E-01 8.49060712E-02
25 18-4.06896436E-02 5.63069000E-02-3.60571815E-01-4.39238604E-01 4.28087274E-01
25 19 5.25326817E-02-9.68622506E-03-3.28979434E-02 1.29521290E-01-1.22004077E-01
25 20-1.89076466E-02 9.78478793E-04 1.67661811E-02-6.21194490E-03 5.51072542E-03
25 21-2.66255004E-03 1.51548000E-03-4.30935031E-02 1.69389157E-02 3.75851588E-02
25 22-2.40853590E-03-2.23724340E-03-8.72377264E-03 1.60773307E-03 1.44924854E-03
25 23-1.34841253E-03
26  1 6.63021906E-03 7.35903205E-02 5.51987121E-02-3.09768782E-02 4.24175372E-01
26  2-1.77176848E-01-6.45788090E-01-5.33707152E-04-1.37133822E-01-1.50412329E-01
26  3 2.40149939E-01 4.76419862E-02 4.23604141E-01 1.19072127E-01 1.38816033E-01
26  4 1.70057856E-01 3.44973319E-02 3.45985547E-03 4.17733134E-02 3.41118022E-01
26  5-8.38185243E-01 5.40001003E-01-4.66752231E-03 4.96288351E-02 4.70389875E-02
26  6 6.98880603E-02-6.09687692E-01-2.14489096E-01 1.93489637E-01 1.42157484E-01
26  7 1.06527208E-01-3.77143964E-02-3.19997332E-02-1.08436505E-01-1.74209770E-03
26  8-1.02472021E-02-3.17498436E-02-4.52687199E-02 2.24960122E-01-1.29235349E-02
26  9 3.07056744E-03-2.44481336E-02-1.45337294E-02-7.19153748E-02 4.18921950E-02
26 10 4.63477217E-03 1.67871689E-02 1.64410759E-03 4.35532541E-03-9.46428399E-03
26 11-1.66170144E-02-2.37151160E-02 2.71365379E-01-5.24984026E-01-3.60460891E-03
26 12-8.52576400E-03 1.36882422E-02 2.04873287E-02 1.76998909E-02-7.39073382E-02
26 13-2.21957692E-02-1.53011992E-02-2.68989330E-02-2.11182434E-03 1.71806493E-03
26 14 1.54170810E-03-1.98782229E-02 1.23146322E-01 7.07464599E-02 8.07357108E-03
26 15 1.83432483E-05-2.84111119E-02 2.69405821E-02 2.21552989E-02-5.05852401E-02
26 16-3.09049180E-03-8.29517019E-03-2.67351987E-02 1.01106758E-02-1.46884216E-02
26 17-2.13892214E-02-6.12754688E-02-1.01257985E+00 1.12194702E+00-3.54049160E-02
26 18-4.61683030E-03 4.38443607E-02-1.51846777E-01 1.96381328E-03 3.48124912E-01
26 19 1.85935437E-01 4.89803525E-02 4.58555239E-02 1.60755047E-02-9.46088180E-02
26 20-3.92109231E-03-2.13287784E-03 8.97582387E-03-2.41156882E-01-1.34476262E-03
26 21-1.84308690E-03 1.16533520E-02 3.55331632E-02-1.87397817E-02-1.11726440E-01
26 22 6.11263944E-03 9.15662771E-03 1.22299026E-02-3.99144303E-03-4.73963640E-03
26 23 1.05948268E-02
27  1-2.72821057E-03-3.57762312E-02-7.76441470E-03 1.41448765E-02-1.39893045E-01
27  2 3.63135476E-01-9.55749351E-01 4.65057801E-02 3.98449767E-02 5.86752780E-02
27  3 3.94570033E-01 2.83721532E-01-4.38064073E-01-1.02755056E-02-1.24773520E-01
27  4-6.72494112E-02-4.92327012E-02-6.36145067E-02-1.22536937E-02-8.96885638E-02
27  5-2.05580145E-01 1.17909079E+00-1.80737508E-02 3.48473422E-03-7.28098024E-02
27  6-4.62296353E-01-4.74475786E-02 3.28623415E-01-1.23364330E-01-2.67591172E-02
27  7 2.83236606E-02-4.04703160E-02-8.16597850E-02 7.04376954E-03-1.47788654E-02
27  8 4.33598641E-03-7.57095573E-03 7.13180370E-02-7.40278635E-02 1.65848880E-02
27  9-2.67798453E-02-8.44947167E-03 3.06131507E-02-7.49446182E-02 1.40161233E-02
27 10-9.70831750E-03 6.87786173E-03-2.08524706E-02-1.04755356E-02 1.38346699E-02
27 11-2.86139436E-02-1.78797045E-02 2.27365758E-01-2.94346361E-01-1.95576514E-03
27 12-3.14165720E-03 5.98752053E-03 1.34529104E-03-3.81162017E-02-6.73216828E-03
27 13-2.13332718E-02-7.39434695E-03-2.01220523E-02 2.42255921E-03-1.47763917E-03
27 14-8.88748090E-03-5.33488776E-02 1.73096869E-01-8.98151492E-02-8.45379904E-03
27 15-2.09782181E-02 7.17742948E-03 3.75330780E-02 1.35966735E-02 4.34570806E-02
27 16-4.38622617E-03-2.06838112E-02-3.04704276E-03-8.73621657E-04 9.24965918E-03
27 17 9.46376978E-03 7.07697701E-02 4.09809259E-01-5.82094279E-01-2.54556448E-02
27 18 6.15993699E-02 5.18926252E-02 6.88341321E-02 4.37765778E-01 2.79488242E-01
27 19-4.78760506E-02-6.09167442E-02-2.65607440E-02-1.32665063E-01-9.63535985E-02
27 20-1.66800530E-02 6.16694832E-03-4.69408382E-03 2.75293228E-01 4.86563199E-03
27 21-4.77648301E-06-6.78682169E-03-7.18288375E-02 1.25942476E-02 1.34356449E-01
27 22-9.10481357E-03-7.01004375E-03-2.08955713E-02 1.83257062E-03 6.29459868E-03
27 23-3.57787147E-03
28  1 1.58377868E-03 2.18011623E-02-7.86358340E-02 3.35588915E-02-2.10450284E-01
28  2 1.66868848E+00-2.46619191E-01-6.80837998E-02 7.99752076E-03-6.53978667E-02
28  3 1.58778420E-01 6.57681044E-03 1.12412381E-01-1.60115349E-01-1.75180577E-01
28  4-7.05369645E-02 4.18614608E-02 3.99612689E-02-6.01284033E-03-1.06984308E-02
28  5 2.25929710E-01-5.04581569E-01 8.21722375E-03-1.60143820E-03 2.23424496E-02
28  6 2.63615351E-01-7.56404851E-01-4.67725426E-01-9.76241361E-04-8.97164805E-02
28  7-1.25659585E-01-4.17761749E-02 7.78228309E-03-1.69676741E-01 1.38885101E-02
28  8 1.87541839E-02 3.13903281E-02 1.20483721E-02-2.76189339E-02 3.22244638E-02
28  9-2.47088278E-02 1.68173520E-02 4.83808757E-02 6.51154451E-03-2.00151011E-02
28 10-5.63898363E-03-3.89265715E-03-7.04992809E-03-1.47454213E-02 2.62408571E-02
28 11-8.18830076E-03 1.36073998E-02-1.79171275E-01 2.48344877E-02 1.29224935E-03
28 12 3.50275626E-04-7.01119231E-03-2.31083173E-02 3.31217650E-03 3.21295357E-02
28 13 1.56642075E-02 1.08455084E-02 1.82078259E-02 1.66094899E-03-2.50142880E-03
28 14-2.20273011E-03 2.43450315E-03-4.30920948E-01 5.93713954E-01-9.19386498E-03
28 15 1.17181950E-02 1.60063842E-02-1.97386100E-02 3.80898067E-02 2.12087323E-02
28 16 3.08184224E-02 6.46025976E-02 4.33859410E-02 8.10591429E-03 9.75750268E-03
28 17 1.93622020E-02-3.16977401E-01 1.58508497E+00-1.10713336E+00 1.21093236E-01
28 18 2.38417179E-02 2.70070953E-02-3.18682068E-01-1.86237480E-01 1.64861341E-01
28 19-1.78572553E-01-1.41542698E-01-1.43618546E-01 1.24749826E-02-4.85357528E-02
28 20-1.81688881E-02-7.98332379E-03 1.81272702E-01 1.51697303E-01 1.08665682E-02
28 21-5.73748593E-04-1.68863384E-02-1.33563534E-01 4.26984026E-02 2.44281415E-01
28 22-3.06775099E-02-3.19119858E-02-4.78581728E-02 7.10723723E-03 8.93034723E-03
28 23-1.43152073E-02
29  1-9.02003145E-04-7.07266140E-03 2.41008856E-02-1.08098641E-02-1.95373463E-02
29  2-1.59315643E-01 1.07770521E-01 1.41615063E-02 1.60766519E-02 2.82465239E-02
29  3 2.43783759E-02 1.03900373E-02-1.56157512E-01 2.78219137E-02 6.58097597E-03
29  4 6.02832377E-03-2.87706823E-02 1.31941159E-03-6.41153095E-03-6.38238551E-02
29  5 2.89643580E-02-1.30079083E-01 1.10705655E-02-9.19915169E-03-6.94761254E-03
29  6-1.11781828E-01 5.76568007E-02 1.43938169E-01-4.33914963E-02-2.54635548E-02
29  7 3.99262405E-02 4.88257731E-03 5.89284176E-03 2.70442073E-02 6.74104083E-02
29  8 2.12894129E-02-2.53470066E-02-5.52632493E-01 7.65358603E-01-1.69791208E-02
29  9 2.02225698E-02 8.74887032E-03-5.04178779E-02 2.21212987E-02 2.64421429E-02
29 10 3.95640253E-02 3.59874093E-02 8.98262785E-02 9.83945796E-03-1.44841275E-02
29 11 7.46513445E-04 1.14040992E-02-2.85782456E-01-6.25494456E-01-2.09694063E-03
29 12 1.74726516E-03 3.37018072E-03 4.41732592E-03 6.55242000E-02-7.86415851E-02
29 13 3.10823857E-02 5.45636119E-03 2.67908511E-02-5.44763347E-03 8.35002367E-04
29 14 9.48991976E-03-3.42090086E-03-1.09990643E+00 1.84046784E+00 2.22108231E-02
29 15 6.44576506E-02-6.83476190E-04-5.62773866E-02 6.66407139E-02-1.32076620E-01
29 16 7.80725485E-02 1.57396053E-01 5.52107116E-02 5.12104620E-02-5.22369688E-03
29 17 4.31924917E-03 9.78835835E-02-4.26063619E-01 2.94391312E-01-3.94547421E-02
29 18-1.41661576E-03-1.83646662E-03 1.02748504E-01 7.74439596E-02 7.73962670E-03
29 19 4.82211556E-02 3.54733551E-02 3.82100012E-02-1.18781071E-02-2.39262423E-03
29 20 5.43488948E-03 2.33072029E-02-4.00688967E-01 7.94635244E-02-2.19475181E-03
29 21 1.70920554E-03 8.64209427E-03 2.13379832E-02 1.02769626E-02-1.14320222E-01
29 22 4.07172852E-02 3.98514082E-02 4.27224872E-02 6.70533155E-04-7.22369993E-04
29 23 4.15143455E-03
30  1-9.18797878E-04-1.84700134E-02 3.25362433E-02-8.94937865E-03-3.77840799E-01
30  2 1.48180484E+00-6.04665582E-01-4.73470316E-03 8.52374815E-02 3.12475321E-02
30  3 4.32088331E-01 2.76491284E-01-4.12429366E-01-1.13504606E-01-2.45376758E-01
30  4-9.04188700E-02-4.94895484E-02 2.26632723E-02-3.37576652E-02-1.25460467E-01
30  5 2.44958134E-01-3.20359001E-01 2.50327678E-02-1.56519994E-02-1.62386831E-02
30  6-4.02484002E-01-7.18089530E-01 6.95745357E-02-1.51305554E-01-1.31606092E-01
30  7 5.87263672E-03-8.21468054E-02-3.35302440E-02-1.32106874E-01 1.11170363E-02
30  8 9.11214923E-03 4.96936980E-02-1.41628609E-01 6.49802447E-02-1.93625386E-02
30  9 3.71648048E-02 3.79758398E-02-5.82344983E-02 1.80685543E-01-5.06266244E-02
30 10 1.19486426E-02-1.94397588E-02 3.98666478E-02 1.40314838E-02-2.06508832E-02
30 11 5.42872248E-02 4.30665866E-02-4.11482599E-01 1.03843745E+00 4.20243918E-03
30 12 1.78147466E-02-8.35172948E-03 2.28463123E-02 4.16491398E-02 1.25552934E-02
30 13 3.85344153E-02 1.04934225E-02 3.53642033E-02-6.41195916E-03 3.96644819E-03
30 14 1.50650073E-02 8.68016701E-02 1.24374946E-01-6.92029829E-01 1.75811832E-02
30 15 1.44434956E-02 1.65598240E-02-5.85730830E-02-9.72179426E-02-2.13155997E-02
30 16-2.66314453E-02-4.28425988E-02-1.55312588E-02-1.72703561E-02-3.65211780E-04
30 17-4.71415937E-03 1.09175738E-01-6.84899965E-01 7.25642935E-01-3.01583147E-02
30 18-4.86872938E-02-3.45986174E-02 1.23331958E-01-1.90616136E-01-1.43341261E-01
30 19 5.86933226E-02 5.85238106E-02 6.74373209E-02 7.19946705E-02 3.81938057E-02
30 20 1.56778876E-02-1.66235081E-02-2.34783170E-02-3.05233042E-01-4.33009723E-03
30 21-2.45601905E-04-4.08554198E-04 6.09143985E-02 9.45553709E-04-7.34605044E-02
30 22 6.02926478E-03 2.87099988E-03 1.50070964E-02 1.87292465E-03-1.92972114E-03
30 23-5.08309790E-03
 $END   
 $GRAD  
E=     -560.9919356620  GMAX=  20.0809347  GRMS=   5.5342206
CL          17.    1.7308465941E+01   -5.2470667541E+00    2.0080934697E+01
C            6.   -2.2568202753E-01   -7.3157546311E-01   -1.9398496558E+00
C            6.    2.2839703367E+00    1.6151500842E+00   -3.9122938512E-01
O            8.   -1.2339662352E+00    3.9070783932E-01    2.6340579987E-01
H            1.   -6.9884062837E+00    5.1665916184E+00   -2.7385943367E+00
H            1.   -1.0581801773E+01    4.0306406039E-02   -1.4642284570E+01
O            8.    1.9534845293E-01   -5.3668718339E-01    7.0638234647E-01
O            8.    7.8608349072E-01   -1.8275322438E+00    3.4475870438E+00
H            1.   -4.2884341129E-01    1.5486307132E+00   -4.2055361147E+00
H            1.    1.7747382528E-01    6.6084584093E-01   -4.5434005035E-01
H            1.   -3.4999098503E-01   -1.9407042163E-01   -3.6369117903E-01
H            1.   -9.6097759574E-01   -1.2770639423E+00    1.0202757717E-01
H            1.    1.8326264657E-02    3.9176350615E-01    1.3518782725E-01
 $END
-------------------- DATA FROM NSERCH=  10 --------------------
 COORDINATES OF SYMMETRY UNIQUE ATOMS (ANGS)
   ATOM   CHARGE       X              Y              Z
 ------------------------------------------------------------
 CL         17.0   2.7364024823   0.4034874016  -0.2736827863
 C           6.0   1.8138973837   0.9126820379  -0.9453829189
 C           6.0   3.3330990199   1.7282663651  -1.7488128092
 O           8.0   2.5769735410   2.8092932736  -2.4907178048
 H           1.0   2.0246527889   0.9789338138  -0.5530848359
 H           1.0   2.3778594429   0.3008170838  -0.9383086173
 O           8.0   3.3956816261  -0.0158060874  -4.1056420967
 O           8.0   3.6755457626   2.7969789273  -5.0724650982
 H           1.0   3.6577862448   2.9062629285  -5.4114697178
 H           1.0   3.6410201089   0.7876617973  -4.3476128057
 H           1.0   3.1672668842  -0.3332355480  -4.2145450648
 H           1.0   3.7277591101   1.8281930173  -1.7551825187
 H           1.0   3.2961256046   3.0123449893  -4.1859129256
--- CLOSED SHELL ORBITALS --- GENERATED AT 17:30:56 12-AUG-2026    
Chloroacetaldehyde hydrate and water                                            
E(R-WB97X-D)=     -582.6034612295, E(NUC)=  344.8015837057,   17 ITERS
 $VEC   
 1  1 9.99482895E-01-1.14548799E-04-7.77956896E-07 1.62785141E-07-1.27496002E-03
 1  2 4.13813471E-04-6.04684520E-04-1.17619400E-03 9.21630298E-04-4.51970457E-04
 1  3-2.12235533E-04-4.78949322E-06-3.80784065E-04-9.72279688E-04-7.62668879E-04
 1  4-1.16503347E-04 2.49938726E-04 1.23269462E-04 5.00481944E-04-8.65053846E-04
 1  5 9.90941197E-04 4.13907144E-04 5.85973976E-05 2.28317009E-04 4.43231887E-04
 1  6 9.44782049E-04 1.40863911E-03 3.18108279E-03-8.24513004E-05-9.31914299E-05
 1  7 3.41785352E-03 3.05382697E-04 1.84630758E-03 1.73114941E-03-5.14289436E-08
 1  8 6.30852756E-08-5.20758329E-06 2.51753031E-05-1.45983559E-05-1.02677457E-06
 1  9 5.80269024E-07-8.66753216E-07 4.18491151E-06-2.56325929E-06-3.55747827E-06
 1 10-5.96631841E-06-5.39996468E-06-7.98133693E-06-2.53485212E-08 1.48126695E-06
 1 11-1.06628212E-06 3.06754458E-05-1.33316568E-04-4.48916729E-05-1.84047872E-06
 1 12-4.84727138E-06 4.08477998E-06 1.17262005E-05 2.71362245E-05-1.30423665E-05
 1 13 2.96783474E-05 1.84202066E-05 3.04843465E-05-7.69362319E-06 1.55390221E-06
 1 14 3.05243352E-06 7.55001214E-05-3.68693542E-04 2.79087195E-04-3.11222713E-06
 1 15-1.25614579E-05-2.17073375E-06 2.09374932E-05 5.68668419E-05-1.94301935E-06
 1 16 7.73150166E-05 8.57417703E-05 7.37307727E-05 4.58315353E-06 4.74980450E-07
 1 17 1.01656408E-07 6.97228336E-05-2.88146479E-04 5.14512609E-05-5.70325736E-06
 1 18-4.16744709E-05 8.51274378E-05 2.23565404E-05 9.90613594E-05-1.62304056E-04
 1 19 8.01665695E-05 7.40964410E-05 6.23352125E-05-1.69995154E-05 3.14162694E-05
 1 20 3.87957758E-05-3.27736729E-07-1.82977086E-07-3.84124274E-06 4.46026651E-07
 1 21-1.91197165E-06 5.28205994E-06-2.54055645E-07 3.43714318E-06-1.31097077E-05
 1 22 2.06534360E-06 2.33318743E-06 3.71812192E-06-3.31743564E-07-9.46521368E-07
 1 23 7.77964748E-07
 2  1 5.71360704E-06-4.97606733E-06 4.43113348E-05 1.38322502E-03 8.58096452E-05
 2  2 1.24727270E-03 1.50774040E-03-2.26440240E-04-3.66416836E-04 1.50018644E-04
 2  3 1.16939669E-03 1.22768778E-04-9.37349425E-04-1.34156461E-05 1.02191434E-04
 2  4-2.18218685E-05 2.48185583E-05-7.24269155E-05 1.67407561E-05 1.21048820E-04
 2  5-2.19093640E-03 2.43853124E-03-2.61234715E-04-2.13054526E-04 1.85181795E-04
 2  6 1.10747109E-03-2.14076030E-04-9.29918061E-04 1.93906145E-04-1.40433467E-04
 2  7 1.15765278E-04 1.10758180E-04-4.96828330E-05-1.31746863E-04 1.11827761E-02
 2  8 7.00943421E-01 2.86800087E-01 1.86248869E-01-4.64613031E-02 2.15548423E-02
 2  9-1.39442943E-01 4.30191970E-01-3.71252610E-02 4.35015611E-02 1.59232811E-02
 2 10-1.51583579E-01-1.26517691E-01 2.36079419E-01-6.83457195E-03-5.91040530E-03
 2 11-1.11836976E-01 2.74883038E-03-2.21781616E-02 3.14574875E-02 8.75239258E-04
 2 12-4.96376612E-03 3.01788522E-04 1.25091477E-03 2.07381467E-02-2.20236436E-03
 2 13 3.80646595E-04 2.32080585E-04 1.11190150E-03-2.47455582E-03 3.37639686E-04
 2 14 4.44647451E-04 1.98974422E-03 1.55469024E-02-1.45667926E-02 3.86853399E-03
 2 15 6.72413301E-03 1.61204382E-03 4.06620489E-03 5.67397939E-03-1.08653451E-03
 2 16-5.04744634E-04 4.24263918E-03-2.99142158E-03 5.70199823E-03 8.17701830E-04
 2 17 9.73770978E-04-1.61581927E-03 1.04883899E-02-1.54215590E-02-9.57637317E-04
 2 18 2.35957459E-04-2.12479236E-03 1.95175928E-03-2.87411133E-04 4.86846957E-03
 2 19-6.76349095E-04-7.99154060E-04-1.39804041E-03 1.28420656E-05-7.70041320E-05
 2 20 1.70651385E-04 3.33764052E-02-1.26595811E-01 1.78209038E-02-2.17897231E-03
 2 21-3.58925660E-03 1.48806636E-02-4.65955396E-02 2.80601162E-02 1.23169195E-01
 2 22 1.76261306E-02 2.82963842E-02-8.05694576E-02 6.32094744E-03 4.66780206E-02
 2 23-2.10397432E-02
 3  1-2.81192986E-05 1.42368518E-07-6.20237920E-06 3.88763156E-05-8.72818887E-04
 3  2 2.93935003E-03-5.15856557E-03-2.09499205E-04 4.87093182E-04 1.66985450E-04
 3  3-2.56875937E-04 4.15200608E-04 1.71980788E-04-5.13947890E-04-9.45890388E-04
 3  4-4.73551654E-04 2.70889684E-04 1.02819440E-04-2.29238532E-04 1.90659362E-03
 3  5-7.82190992E-03 6.63715862E-03-1.99477293E-05 3.94282448E-04 2.49840117E-07
 3  6-5.76092711E-04 2.55852299E-04 9.63671798E-04 1.75289431E-03 1.92285541E-03
 3  7 1.84683326E-03-1.76298987E-04-6.76104156E-05 3.27972607E-04 7.10641165E-01
 3  8-1.12541800E-02-1.36082812E-03-1.00123848E-02-1.17447971E-02-3.57418152E-05
 3  9-2.82763754E-03-3.49364548E-03 2.06474184E-04 1.00728707E-02-7.38601471E-03
 3 10 7.41710459E-03 4.19257625E-03-7.85682829E-04 7.96827152E-04 7.95517069E-04
 3 11 2.23741071E-03 3.47972417E-02-2.34049762E-01 4.37625393E-02 1.68510630E-02
 3 12 2.88958268E-02 8.70196945E-04 5.85338758E-02 1.71842652E-01-3.56709803E-02
 3 13 1.80554828E-02-7.37064364E-02 3.75148007E-02-5.30787651E-02 9.65012228E-03
 3 14 1.62039271E-02 2.14404478E-01 1.67076049E-01-1.62165049E-02 2.41124108E-01
 3 15 3.36388309E-01 1.14547938E-01 3.40606580E-02 1.12059624E-01-3.63393606E-02
 3 16 1.33105527E-02 2.10109826E-01-1.03321191E-01 2.53738205E-01 6.50663837E-02
 3 17 8.65274890E-02 1.05346895E-03-5.13409863E-03 1.92482920E-03 4.06830376E-04
 3 18 5.96856809E-05-2.22507713E-05-7.73820098E-04 3.40562031E-04 9.04151597E-04
 3 19 7.06586088E-04 7.23363730E-04 4.56993167E-04 5.77964464E-05 7.77719895E-06
 3 20-1.53900145E-04 4.29833008E-03-1.26757584E-02-1.59142640E-03 1.83153475E-03
 3 21-4.98708918E-03-1.05473489E-03-2.26074354E-03 1.12397176E-02-3.11056029E-03
 3 22 5.99290195E-03 2.17057300E-03 6.93509143E-03 8.26815481E-04-5.99875411E-04
 3 23 9.43647244E-04
 4  1-2.86736787E-02 6.31358046E-01-4.46656706E-03 1.10396710E-01 2.04676141E-01
 4  2-3.34912975E-01 2.89957920E-02-1.94701158E-01-5.17907236E-02-3.52650242E-01
 4  3-7.05523715E-02 7.00111567E-02-4.95417310E-03 6.21787980E-04-4.25798867E-02
 4  4 3.11420857E-01 5.74422490E-02 1.90817354E-01 1.21066521E-01-5.82617255E-02
 4  5 2.92569930E-01-1.57515847E-02 7.40132386E-02-3.95729765E-02 5.51534273E-02
 4  6 4.33467506E-02 1.25197912E-01 2.30360051E-01-4.51428932E-02-4.20756222E-02
 4  7 1.57085358E-01 5.61406822E-02 8.00339994E-02 8.96863665E-02-4.63498672E-05
 4  8-1.70237604E-04-1.68903518E-03 9.29209656E-03-9.97589804E-03-2.77176060E-04
 4  9 4.05844130E-04 2.64485756E-04 1.22536277E-04-7.34832097E-04 1.17666406E-03
 4 10-1.60038290E-03-1.49163513E-03-8.00167077E-04-6.21427400E-05-2.25551956E-04
 4 11 1.91447365E-04 9.49282855E-04-3.33688060E-03-1.09187649E-02-4.23285522E-04
 4 12 6.70226390E-05 9.11672101E-04 1.68978776E-03 7.09055777E-04-2.77484386E-03
 4 13 1.00701227E-03 4.35383260E-04 9.55946074E-04-3.56057706E-04 1.08975449E-04
 4 14 6.70580633E-05 3.00491383E-03-1.50240281E-02 1.66985685E-02-2.49750341E-04
 4 15-7.52684807E-04-1.69638521E-04 1.18453774E-03 3.55115535E-03 4.17010117E-04
 4 16 2.91148318E-03 3.47557266E-03 2.85700914E-03 1.61865768E-04 9.29757538E-05
 4 17 1.62886001E-04 1.92471782E-03-1.92994555E-02 1.63188986E-02 7.06759235E-03
 4 18-2.08790930E-03 1.59264381E-03-8.14909717E-03 6.49444077E-03-3.65885215E-03
 4 19 1.25390883E-03 6.48614881E-04 2.11271179E-03-1.50486814E-03-1.23471422E-06
 4 20 1.49322601E-03 4.88141803E-03-2.48180883E-02 2.06749132E-02 4.15972027E-04
 4 21 4.02682869E-04-4.90967367E-05-1.12482343E-03-8.77591770E-04 5.24509358E-04
 4 22 3.98857636E-03 4.25504589E-03 3.16055151E-03 1.49067788E-05 2.57363826E-04
 4 23-5.29530782E-06
 5  1 3.72089655E-03-7.04060371E-02-4.26738094E-02 9.82491390E-01-1.22207743E-02
 5  2-1.41596102E-02 9.75644374E-03 2.69134420E-02 8.30222053E-03 3.60062530E-02
 5  3-7.19296839E-03-1.13984378E-02 1.26401402E-02 9.58643485E-03 1.41701288E-02
 5  4-2.48639115E-02-6.76602691E-03-2.01547760E-02-1.36337460E-02 4.34639734E-03
 5  5-2.02447984E-03-4.47292605E-02-4.65211617E-03 6.70076505E-03-9.73234490E-03
 5  6-1.56947028E-02-1.83419157E-02-2.01217143E-02 2.65953316E-03 4.16990063E-03
 5  7-2.12290699E-02-5.91724662E-03-8.47753786E-03-1.14742845E-02-7.29047007E-05
 5  8-1.68818289E-03-1.41533347E-02 7.96679491E-02-9.36210767E-02-2.33840277E-03
 5  9 3.47690947E-03 2.95812511E-03 4.66842522E-05-5.42373716E-03 1.09481053E-02
 5 10-1.32748408E-02-1.24177261E-02-5.50134458E-03-5.13209921E-04-2.37938807E-03
 5 11 2.11205429E-03-1.56338363E-03 1.22027409E-02-7.12161292E-02-2.58043762E-03
 5 12 3.17533138E-03 8.12041391E-03 9.97067360E-03-5.34629997E-03-2.33130055E-02
 5 13 5.10235788E-04-1.41228579E-03-6.92727165E-04-9.15495748E-04 3.63203290E-04
 5 14-7.36916634E-04-4.67777513E-03 2.35874711E-02 1.57778458E-02-9.49451913E-04
 5 15-1.68103846E-03 9.04616149E-04 2.48442728E-03 8.18402488E-03 2.91138719E-04
 5 16-4.09455202E-03-2.28353037E-03-4.26563465E-03-3.46404188E-04 9.22331849E-04
 5 17 1.63774411E-03 9.69452831E-03-1.47597310E-01 1.47448898E-01 4.61627280E-02
 5 18 3.78461930E-04 4.90954651E-03-4.34785085E-02 5.14823344E-03-5.39063365E-03
 5 19-5.03987826E-04 1.92342484E-02 1.92147667E-02-5.79752941E-03-4.62377678E-04
 5 20 5.40844535E-04 4.79090474E-02-2.43640798E-01 2.02879442E-01 4.00885339E-03
 5 21 4.30331533E-03-1.47907352E-03-1.08164294E-02-9.05376746E-03 6.97330247E-03
 5 22 3.88253086E-02 4.12664532E-02 3.10304857E-02 2.96800493E-04 2.43029042E-03
 5 23-1.50980583E-04
 6  1-1.05069058E-04-4.86425991E-04 6.53964834E-01 6.54141781E-02 1.42287800E-03
 6  2-7.58222343E-03 7.34536238E-05 3.01061711E-04-1.95048156E-05-3.62807322E-04
 6  3-9.65218904E-04 9.54427616E-04 8.38871712E-04 2.59480969E-03 1.74057270E-03
 6  4 2.24736742E-03 1.31174873E-03-5.22686211E-04-1.01414791E-03 1.72360075E-03
 6  5-7.23598587E-03 4.05681185E-03-2.59275871E-04 5.79628773E-04 7.03324933E-05
 6  6 1.76946902E-03 2.01667070E-04 4.94308069E-04 2.85515607E-03 2.41737758E-03
 6  7 2.93623416E-03 1.69872192E-03 5.76008753E-05-1.03429461E-03 2.00306282E-05
 6  8-2.39245048E-04-1.87731648E-03 1.06048386E-02-1.32426530E-02-1.75812904E-04
 6  9-1.31985450E-05 4.73556173E-04-3.54777001E-04 7.33726333E-04 7.73987045E-04
 6 10-1.62005255E-03-1.71644440E-03-8.00904143E-04-6.04435368E-05-4.08255953E-04
 6 11 3.26984964E-04 1.55851397E-03-6.95848975E-03 6.56596881E-03 5.89851718E-05
 6 12 3.20272902E-04-9.76404406E-05-7.42328911E-04-2.96409515E-03-2.38955368E-04
 6 13 1.14851646E-03 1.58113770E-03 1.05092154E-03 3.01089301E-04-9.22641367E-05
 6 14-3.63061478E-04 6.55474589E-04-2.77552681E-03-3.41533357E-03 8.26539537E-05
 6 15 4.41776506E-04 2.91708535E-04-7.64588065E-04-2.29914500E-03-5.87155836E-04
 6 16 5.78605442E-04 6.05350392E-05 6.05825755E-04-3.23414366E-04 2.31798630E-05
 6 17-2.88901421E-05 2.84702716E-01-1.01240346E-01 1.93563107E-02-3.85006160E-01
 6 18-9.58893748E-02 5.08530382E-03 3.19062101E-02 9.97196557E-03-8.74979483E-05
 6 19 2.90435854E-01-4.31736505E-02-6.47429113E-02 9.96957240E-02-4.71093302E-03
 6 20-1.69719292E-03 4.88823562E-03-2.49885729E-02 2.11769128E-02 1.13977766E-04
 6 21 5.61453578E-04-5.96490850E-04-5.74835399E-04-7.22862068E-04 1.62869649E-03
 6 22 3.68634741E-03 3.86572571E-03 2.81218112E-03-1.51997305E-05 2.54048209E-04
 6 23 4.93282129E-05
 7  1-1.04668199E-01-1.74952230E-01-7.56361975E-04 4.51219476E-03-2.38016246E-01
 7  2-7.91967014E-02-4.70054541E-02-8.10624057E-02 1.12876791E-01 4.23160724E-02
 7  3-1.08405385E-02 2.26870828E-02-1.79346112E-03-9.45694473E-02-7.57780562E-02
 7  4-1.03290456E-01-2.92343695E-02-5.68595853E-03 1.54584108E-02-8.78755242E-02
 7  5 5.14533539E-01 3.11391579E-02 5.90512469E-02 3.93912389E-02 1.53987071E-01
 7  6 1.76619376E-01 2.79564945E-01 6.03266359E-01-1.07527971E-02-7.07223655E-02
 7  7 4.72948642E-01 2.61440329E-02 3.26591616E-01 2.08887413E-01-1.29365001E-04
 7  8 1.07497280E-05-8.72991443E-04 4.25084263E-03-2.35360110E-03-1.09777994E-04
 7  9 2.24739861E-05-9.94102552E-05 4.69361273E-04-1.99541401E-04-2.15196000E-04
 7 10-8.88181076E-04-8.38405144E-04-1.01375000E-03-2.18427467E-06 1.46752385E-04
 7 11-1.17990103E-04 4.09762428E-03-1.71957685E-02-5.16972530E-03-1.92444183E-04
 7 12-7.09560415E-04 2.01424533E-04 8.86134799E-04 2.52014502E-03-1.00647257E-03
 7 13 3.52604786E-03 2.67008121E-03 3.60426122E-03-6.17314602E-04 1.08432514E-04
 7 14 2.14707222E-04 1.06897051E-02-5.29852544E-02 4.05991452E-02-4.17081506E-04
 7 15-1.43104610E-03-2.78870252E-04 2.41083191E-03 6.46122070E-03-9.78123642E-05
 7 16 1.03179394E-02 1.10222062E-02 1.00135660E-02 4.20246521E-04 1.50366993E-05
 7 17-4.26608247E-05 2.21658522E-02-8.87198640E-02 1.18659518E-02-6.63793273E-03
 7 18-1.14891876E-02 1.42696852E-02 1.81790370E-02 2.97250508E-02-3.28667923E-02
 7 19 2.17615277E-02 2.05520221E-02 2.16867156E-02-5.91791924E-03 5.97907539E-03
 7 20 6.74082934E-03 3.77493503E-05-9.03059863E-05-1.14114180E-03 9.60402754E-05
 7 21-2.35579276E-04 5.72533816E-04-2.23617714E-04 6.08895959E-04-1.47058429E-03
 7 22 2.37570766E-04 2.59695639E-04 2.84133354E-04-3.64530392E-05-6.04324253E-05
 7 23 9.46261806E-05
 8  1 3.96303649E-03-3.32839054E-02 6.01533434E-04 1.84841312E-03-1.22415037E-01
 8  2 1.25660221E+00 1.05149249E-02 4.24232120E-02-1.17185136E-02 5.90730719E-02
 8  3 7.65562887E-01-6.65746089E-01 2.12363243E-01 1.54788150E-01 9.26210230E-03
 8  4-1.41265559E-01-3.42413449E-01 1.93011155E-01-1.36126721E-01-3.39346385E-01
 8  5-6.43316412E-01 8.07785550E-03-1.73562880E-01-3.50881417E-02-2.90252804E-01
 8  6-1.64889842E-01-3.35077112E-02-3.34433643E-01-2.13037050E-01-1.14948754E-02
 8  7-3.17067625E-01-2.81936790E-02-2.42821570E-01 8.66231746E-02 1.54948085E-06
 8  8 1.64081611E-06-1.27495898E-04 7.13247494E-04-6.18442366E-04 5.37236591E-06
 8  9-3.19894851E-05 4.56327422E-06-2.13360979E-05 1.37514690E-04 1.42365021E-05
 8 10-1.18932791E-04-1.31033787E-04-1.03303385E-04 9.89481242E-06 4.56609264E-06
 8 11 1.89756959E-06-1.69950116E-04 9.35897376E-04 2.54893356E-03 1.08300450E-04
 8 12 8.71531106E-05-9.52455754E-05-6.02442745E-04-9.91025184E-04 2.49764850E-04
 8 13-1.82678814E-04 1.79529950E-05-2.75039149E-04 1.42747978E-04-3.64202979E-05
 8 14-1.12378179E-04-4.54569304E-04 2.79515273E-03-5.05659195E-03 4.76598434E-05
 8 15 2.44874904E-04 1.81158646E-04-4.26133762E-04-1.54725325E-03-4.14451352E-04
 8 16-4.43066808E-04-7.32717717E-04-4.50754275E-04-1.35817394E-04 3.21088975E-06
 8 17-2.61441700E-05 2.85148041E-02-1.03350236E-01 6.65242893E-03-1.61319803E-02
 8 18-5.36480520E-03 1.06742823E-02 4.37129822E-02 1.32237013E-02-2.81663863E-02
 8 19 1.98276226E-02 2.75985598E-02 2.46616926E-02-2.79931160E-03 4.88635226E-03
 8 20 2.32875907E-03 1.79566530E-04-8.15009399E-04-1.86061136E-04 3.59361661E-05
 8 21-4.81841502E-05 6.06385385E-05-1.45895345E-04 2.57026408E-04-2.13458853E-04
 8 22 1.58331133E-04 1.42406058E-04 9.41888453E-05 3.51152466E-06 7.84520547E-06
 8 23 3.01158296E-05
 9  1-1.35943446E-02 5.69484138E-02 2.01471112E-03 2.79947731E-03-3.03722730E-01
 9  2-1.16154394E+00 4.13301891E-02-2.09375940E-01 1.37175274E-01-9.90071261E-02
 9  3-2.60306134E-01 5.48304393E-01 3.13461132E-01-2.44199055E-01-2.56760570E-01
 9  4-9.88268600E-02 1.13676057E-01 3.01458629E-02 3.89383932E-02-8.14638718E-01
 9  5 2.71102341E+00-3.91055054E-02-2.55724922E-01-1.01624229E-01-4.87335160E-01
 9  6 7.31580483E-02 7.43117819E-01 9.92863575E-01-3.67700028E-01-3.03438080E-01
 9  7-4.54864495E-01-9.75807233E-02-3.80387223E-02 4.02507797E-02 9.25238315E-06
 9  8 2.86169955E-06-4.54440423E-04 2.66500524E-03-2.50018012E-03 1.22821348E-05
 9  9-2.22430101E-04 1.95739686E-05 3.30588747E-05 7.51813739E-04-2.45464031E-04
 9 10-3.93585157E-04-4.82668257E-04-4.53716088E-04 1.92042373E-05 3.50936506E-05
 9 11-1.40220793E-05 1.42731777E-03-6.52384634E-03 9.73674747E-03 2.26858686E-04
 9 12-1.70641917E-04-8.38557489E-04-1.73487872E-03-2.11714304E-03 2.30924694E-03
 9 13 7.42713149E-04 1.34202286E-03 6.98261709E-04 3.30830055E-04-1.13992941E-04
 9 14-2.61045468E-04 3.19964333E-03-1.69027848E-02 6.39352100E-03 7.83405336E-05
 9 15 2.57167848E-04-2.55527531E-05-7.07493134E-04-1.99290684E-03-3.78820372E-05
 9 16 2.83303394E-03 2.34484847E-03 2.93597670E-03-1.70965757E-04-9.04597125E-05
 9 17-1.44065693E-04 6.29390860E-02-2.22631729E-01 1.18887367E-02-2.80954523E-02
 9 18-2.85269017E-02 1.57618609E-02 7.59971274E-02 7.84198524E-02-4.22666777E-02
 9 19 4.86805390E-02 4.90196066E-02 5.74743572E-02-1.18988226E-02 5.48953419E-03
 9 20 7.98214354E-03 8.79540086E-06 4.51449288E-04-2.54603159E-03 3.83539601E-05
 9 21-2.37635250E-04 1.50542763E-04-2.16038598E-04 1.05413226E-03-4.84976040E-04
 9 22 4.94473392E-05-5.34102424E-05-3.77710905E-05-4.16163151E-06 1.03076556E-05
 9 23 9.15444329E-05
10  1 7.23465562E-04-5.11232497E-03-6.85862985E-03 1.42458273E-03-5.94878173E-03
10  2-1.18629360E-02 1.09143665E-02-6.42390342E-03-8.13997057E-03 1.47677471E-02
10  3 8.06314773E-02 8.22192291E-02-8.18606173E-02 9.08741368E-02-4.48045132E-02
10  4-6.70317855E-02 2.93262927E-02-1.99711838E-03 6.68402221E-02 1.62207712E-02
10  5 1.71855565E-03 4.18516282E-02 8.70906324E-02 7.34205046E-02-4.65848974E-02
10  6 4.15398958E-01 4.15031487E-01-2.95931119E-01 2.61703836E-01 9.01002598E-02
10  7-3.55280390E-01 1.91476816E-01 1.89332263E-01 2.33543084E-01-3.50525795E-05
10  8 1.04491835E-05 4.51671939E-04-2.16746152E-03 1.55190519E-03 6.31953017E-05
10  9-3.10190481E-05 1.74460931E-05-4.10010188E-05 1.46229108E-05-1.44918650E-04
10 10 3.47301849E-04 3.57602627E-04 2.85121754E-04 5.44528035E-06 4.10551638E-05
10 11-2.13138238E-05-2.72089435E-03 1.22258627E-02 3.95464262E-03 2.28724303E-04
10 12 4.31141873E-04-3.41015018E-04-1.23950432E-03-2.48371961E-03 1.03022279E-03
10 13-2.20371953E-03-1.78095579E-03-2.41697633E-03 3.37793929E-04-8.82855189E-05
10 14-2.36248752E-04-4.74351219E-03 2.66268125E-02-2.78260164E-02 2.07637303E-04
10 15 7.81464882E-04 4.63554641E-04-1.80288508E-03-5.17339353E-03-1.01058716E-03
10 16-4.48935858E-03-5.17639223E-03-4.33584951E-03-4.64356109E-04-1.94408510E-05
10 17-4.89243641E-05 2.30361340E-02-1.03911763E-01 7.30156524E-03-8.67542748E-03
10 18-1.28989930E-02 4.47748320E-03 3.79169286E-02 2.56502497E-02 2.07794315E-03
10 19 2.06759647E-02 2.77427422E-02 2.98160550E-02-3.20787740E-04-4.05686142E-03
10 20 1.74394275E-04 4.05071303E-04-1.26338113E-03-6.51534169E-04 7.31668606E-07
10 21-6.79915086E-05 1.26342837E-04-4.45183212E-05 3.23995656E-04-6.68317742E-04
10 22 3.27494883E-04 2.79336395E-04 2.66649255E-04 1.96316451E-05-2.61827948E-05
10 23 6.54178367E-05
11  1 1.91064456E-02-1.18747964E-01-6.19957890E-02-3.67509338E-02 2.49220653E-01
11  2-6.23344150E-01 1.51995749E-01 1.09104684E-01-5.72250360E-02 7.39971809E-02
11  3-1.86936201E-01 3.24932085E-01 6.94097276E-02-7.22649051E-02 1.11523742E-02
11  4-9.84530882E-02 6.83382408E-02-1.62352083E-01-7.37352503E-03 2.15620741E-04
11  5 1.32865614E+00 1.82933034E-01-1.55726583E-01 1.07399249E-02-1.86136675E-01
11  6-9.93308086E-02 1.69379244E-01 2.37954781E-01-1.11827812E-01-5.73127008E-02
11  7-3.72616743E-01-1.24135428E-01-1.70383175E-01-1.34520464E-01-2.17929980E-02
11  8-9.16498662E-03-5.99480037E-03 6.75191188E-02-6.48540525E-02-3.57227246E-03
11  9 5.91472721E-03-6.23574300E-03-2.63628472E-03-6.10458853E-03 2.80146572E-02
11 10-3.95034198E-03-4.86744750E-03-1.26513734E-03 3.44439709E-04-4.21236357E-03
11 11 4.30422035E-03 8.49030998E-03 7.89919418E-02-6.38586112E-02-2.96049201E-03
11 12-3.78465423E-03 5.70811016E-03-3.85534149E-03-3.19730273E-02-6.51697586E-03
11 13-4.48120919E-03 6.63555893E-03-5.42715659E-03 5.33067956E-03-1.68580522E-03
11 14-4.82537223E-03 1.01716130E-02 8.82236471E-02-3.23642801E-02-1.05173747E-02
11 15-9.67607743E-03-5.06107329E-03 3.15065869E-03 1.02750229E-03 3.56647382E-03
11 16-1.04894092E-02-1.63834501E-02-3.82811467E-03-1.37166986E-02-4.41335308E-03
11 17-4.35868037E-03-8.30047442E-02 1.52008167E-01 2.03897946E-01 9.54578224E-02
11 18 7.46064221E-03 5.32306404E-03-2.31109600E-01 7.49098266E-02-4.97665336E-02
11 19-1.99619236E-02-2.48546660E-02-2.07407930E-02-3.48976881E-02 1.53799907E-02
11 20-7.65126762E-03 2.70493683E-02-8.58424939E-02 1.66233189E-01 5.33514734E-03
11 21 2.60740535E-03-1.03198582E-02-1.80122680E-02-1.48380554E-02 3.91555363E-02
11 22 9.27828950E-03 9.66789744E-03 1.14070869E-02-2.60233887E-04-2.64469973E-03
11 23 3.73523191E-04
12  1-3.29484410E-03 2.01848660E-02-2.43621228E-03-4.58372211E-03-4.40203599E-02
12  2 1.08499970E-01-3.97025109E-03-1.81106756E-02 1.15839795E-02-1.27345012E-02
12  3 3.52787731E-02-6.32857944E-02-1.91085673E-02 1.38126269E-02-8.11256929E-06
12  4 2.07582746E-02-1.27386905E-02 2.73944043E-02 8.79070772E-04-3.16569336E-04
12  5-2.45029823E-01-5.36603707E-02 2.76967371E-02-2.90209153E-03 3.22839810E-02
12  6 1.28924833E-02-4.22614045E-02-3.96738864E-02 1.75203513E-02 8.72814846E-03
12  7 6.91352949E-02 2.04400575E-02 2.83921927E-02 2.01991816E-02-2.12610439E-01
12  8-3.10266326E-02 3.09443849E-02 6.01471325E-02 7.35718243E-03-5.29386774E-03
12  9 1.20410617E-02-2.61991462E-02 2.54634331E-03-1.95108528E-02 2.94619634E-02
12 10 8.79741959E-03 7.35742841E-03-1.79382387E-02 1.38842066E-03-3.65472680E-03
12 11 9.66973974E-03 1.35337225E-01 3.73992221E-01 2.32278431E-03-2.27600374E-02
12 12-6.28864563E-02 1.51632465E-02-6.56866313E-02-2.21878706E-01 6.56922136E-02
12 13-8.92547635E-03 1.01596333E-01-1.69043119E-02 4.78383792E-02-1.32371496E-02
12 14-3.62856009E-02 2.52688874E-01 2.35783188E-01 7.83855101E-02-9.06879747E-02
12 15-9.29903798E-02-7.14707884E-02 4.69221630E-02 3.33823762E-02 3.83662338E-02
12 16 6.17837462E-04-6.54343665E-02 5.22062659E-02-1.26301586E-01-5.38614836E-02
12 17-6.44767054E-02-3.78324126E-03 1.77432393E-02 1.96368027E-02 4.87896714E-03
12 18 1.99373952E-03-5.51026306E-04-1.63688330E-02 6.65865910E-03-1.30162296E-02
12 19-3.23980726E-03-4.24743459E-03-3.30331880E-03-4.55561195E-03 5.08234691E-03
12 20 1.70876193E-04 1.15807056E-02 3.67790492E-02 4.18189176E-02 1.54761053E-03
12 21 3.77426491E-03-5.42714931E-03 5.85804995E-03-2.32892596E-02-6.93181662E-03
12 22-5.21240586E-03-4.74920859E-03 6.63484372E-03-1.73239421E-03-7.25018136E-03
12 23 3.52888982E-03
13  1-3.67496888E-03 2.15710313E-02-2.64036106E-02-2.44955486E-02-5.18017033E-02
13  2 1.38720500E-01 3.18210401E-02-1.88127734E-02 1.64550439E-02-1.40415582E-02
13  3 4.75087067E-02-8.39918714E-02-4.01248320E-02 1.66600394E-02 1.60042749E-03
13  4 2.87186771E-02-1.54963891E-02 2.80172493E-02 7.78139239E-04 1.20071361E-03
13  5-3.17890192E-01-9.79764088E-02 3.28065059E-02-5.02320168E-03 3.69928122E-02
13  6 7.41750719E-03-7.69877298E-02-4.18421576E-02 1.78435442E-02 8.48309355E-03
13  7 8.81441027E-02 2.13069438E-02 3.01634612E-02 1.66887059E-02 4.55022721E-02
13  8-2.02207108E-01 3.65512578E-01 3.89951164E-01 1.02274659E-02-2.88177566E-02
13  9 6.98655283E-02-1.46887495E-01 1.44043636E-02-3.80886044E-02 7.53748025E-02
13 10 7.79870312E-02 5.01628779E-02-1.63600929E-01 1.05586145E-02-2.14124430E-02
13 11 9.78229917E-02-1.03614638E-02-4.14954886E-02-5.83684379E-02 2.11326238E-03
13 12 1.08751851E-02 2.02429644E-03 1.40152071E-02 2.16482048E-02-1.80899847E-02
13 13 3.31777752E-03-8.17615686E-03 6.49555344E-03-6.67893428E-03 1.17531880E-03
13 14 6.69511488E-04-8.75464558E-02-9.06664854E-02 2.09931932E-02 1.37213167E-02
13 15 1.55918071E-02 1.03192226E-02-5.49802650E-03 4.81219500E-03-3.64898398E-03
13 16 5.38346128E-03 2.62792862E-02-8.05259234E-03 3.20534254E-02 1.21806182E-02
13 17 1.64621130E-02-3.33604313E-02 7.91147771E-02 1.43912567E-01 4.42045453E-02
13 18 8.97575655E-03 6.79349807E-04-1.24308404E-01 5.18335426E-02-4.67967696E-02
13 19-1.09746324E-02-1.76945319E-02-1.41010699E-02-2.72786212E-02 1.71227469E-02
13 20-3.07573336E-03 7.70118272E-02 1.29445415E-01 1.68221389E-01 1.10393854E-02
13 21 2.16826411E-04-2.95906515E-02 2.09115280E-02-4.07881591E-02-6.03277055E-02
13 22-2.69268715E-03-1.06303189E-02 6.52479425E-02-3.11183501E-03-3.37148398E-02
13 23 1.31421851E-02
14  1 9.49984628E-03-5.48609835E-02 9.99852775E-02 7.80515191E-02 1.42357250E-01
14  2-3.94494475E-01-1.39284300E-01 4.79359914E-02-4.70745117E-02 3.59088126E-02
14  3-1.41854535E-01 2.38940292E-01 1.33755790E-01-4.37420627E-02-5.76177020E-03
14  4-8.12517308E-02 4.26044433E-02-6.92053384E-02-1.90494197E-03-7.18249462E-03
14  5 8.98836004E-01 2.92928392E-01-8.76119179E-02 1.67710538E-02-9.90010575E-02
14  6-1.05770129E-02 2.40863633E-01 1.11388198E-01-4.36445597E-02-2.01391149E-02
14  7-2.44361103E-01-5.29201509E-02-7.54607902E-02-3.42698523E-02-1.70552446E-02
14  8-7.64537040E-02 2.45879939E-01-3.84407654E-04 2.19444413E-01-4.74252286E-05
14  9 1.43734096E-02-5.72681507E-02 1.76223386E-02-1.84215327E-03-6.77090742E-02
14 10 5.14384145E-02 4.06862673E-02-1.00412225E-01 3.39985679E-03 4.02966636E-03
14 11 4.01939618E-02 3.25047491E-03-2.93501126E-02 1.80521079E-01 1.51795932E-03
14 12-4.70694270E-03-8.95589402E-03-1.48307917E-02 6.74870107E-03 2.90126740E-02
14 13 4.12428578E-04 2.92434443E-03-1.68903311E-03 2.12104361E-03 2.30531845E-04
14 14 2.75535819E-03 5.01919256E-02 4.86366201E-02-8.75470423E-02-1.24960589E-03
14 15-6.40435613E-04-3.34969622E-03-4.92269026E-03-2.23857260E-02-4.58933114E-03
14 16-3.84766635E-03-1.62775648E-02 1.31400486E-03-1.44669675E-02-6.52510326E-03
14 17-1.00576254E-02 1.34607311E-01-3.50155469E-01-4.71681707E-01-1.63230166E-01
14 18-3.32267993E-02-2.26062673E-03 4.53397662E-01-1.86973894E-01 1.60452214E-01
14 19 4.78503462E-02 6.99430550E-02 5.69849829E-02 9.83290710E-02-5.84704404E-02
14 20 1.15327733E-02-5.36041870E-02 2.83205802E-01-4.37526873E-01-1.16731604E-02
14 21-5.51978589E-03 2.10498097E-02 6.02637440E-02 2.65626718E-02-1.55191301E-01
14 22-2.86413627E-02-3.16387961E-02-4.22302491E-03 1.13259253E-03-4.43750112E-03
14 23 2.24315893E-03
15  1-9.10238321E-04 5.27369823E-03-1.41269108E-02-8.89595538E-03-1.64394768E-02
15  2 5.09304522E-02 9.28542471E-03-4.62745658E-03 5.46111972E-03-3.36944309E-03
15  3 1.86286195E-02-2.79746712E-02-1.95366436E-02 4.33114315E-03 5.18639207E-04
15  4 8.91811979E-03-4.73780570E-03 6.25838230E-03 1.70268917E-04 6.11875574E-03
15  5-1.25251709E-01-9.22032780E-03 9.51540938E-03-2.37677454E-03 1.16175041E-02
15  6-1.61040330E-03-3.14272207E-02-1.34198769E-02 6.38925687E-03 4.37913306E-03
15  7 3.00690523E-02 4.86895634E-03 7.04605015E-03 1.91706295E-03-5.85964743E-02
15  8-1.21191956E-02 9.62488676E-02 5.20119459E-02-3.30927958E-02 1.79349987E-03
15  9 2.94106080E-05-2.09831398E-03 4.26510102E-05 2.21581971E-02-4.27812904E-02
15 10 5.46382858E-03-9.81132593E-04-4.15499963E-02 4.48131252E-04-7.41880587E-04
15 11 1.91657611E-02-1.95271739E-01-3.03956738E-01-5.71128640E-02 1.86995298E-02
15 12 7.46059007E-02-2.79250844E-02 2.95027493E-02 2.02836139E-01-1.18552708E-01
15 13 2.06260849E-03-1.46792132E-01-2.65417337E-02-3.08533083E-02 1.95936997E-02
15 14 8.66379350E-02 6.03601102E-01 4.78470557E-01-4.87886893E-02 5.19206107E-02
15 15 2.70843917E-02 5.78011616E-02-8.47724471E-02-1.41534928E-01-2.80590569E-02
15 16-7.16671213E-02-1.81009946E-01-6.68876798E-03-1.26064890E-01-1.86116538E-02
15 17-4.05580286E-02-1.76323920E-02 4.21090224E-02 7.11046723E-02 2.26893093E-02
15 18 5.06561392E-03 6.76603577E-04-6.39985017E-02 3.01563875E-02-1.80438288E-02
15 19-4.78529115E-03-8.68833183E-03-7.03253197E-03-1.48467014E-02 6.42571996E-03
15 20-1.97220085E-03-2.08917384E-03-6.72570160E-02 3.26852372E-02 3.44742886E-04
15 21-2.86948193E-03 2.40607310E-04-1.29929446E-02 2.36992915E-02 9.44637755E-03
15 22 6.91391188E-03 5.87182022E-03 5.48344546E-03 3.72555574E-03 5.68795932E-03
15 23-5.29507264E-03
16  1-1.52614488E-03 8.24433820E-03-3.57749986E-02-1.06138115E-02-3.74594144E-02
16  2 1.20171473E-01 6.92088230E-02-8.50837340E-03 1.11360895E-02-5.42912801E-03
16  3 4.77549768E-02-5.94411010E-02-5.14132322E-02 4.20201204E-03-1.22963282E-03
16  4 1.51349476E-02-9.40676695E-03 8.07113270E-03 1.18826749E-03 5.42292484E-03
16  5-2.16261286E-01-7.38970757E-02 1.64697684E-02-6.79182019E-03 2.00368968E-02
16  6-3.06575625E-03-7.43061825E-02-2.77956085E-02 4.59810568E-03 8.95867466E-04
16  7 5.10719221E-02 6.90715716E-03 1.00642048E-02-2.08233781E-03-6.98085959E-04
16  8-3.30058744E-03 5.37607858E-01 1.87889028E-01-7.33082192E-02 4.41423118E-02
16  9-5.17541547E-02 1.12589180E-02 1.71894779E-02 6.71932208E-02-3.36013988E-01
16 10-1.16932887E-02-1.91333148E-02-2.78432635E-01-9.46639264E-03 2.03462742E-02
16 11 5.75641135E-02 3.29795589E-02 4.87417560E-02 1.46118809E-02-2.98443648E-03
16 12-1.54911667E-02 6.94316315E-03-6.85330012E-03-4.32126900E-02 1.41958105E-02
16 13-6.48834774E-04 2.43274513E-02 3.99578340E-03 5.96081042E-03-3.31505466E-03
16 14-1.43859041E-02-8.40635939E-02-5.72606175E-02 1.14176666E-02-1.17535463E-02
16 15-9.59925942E-03-1.20777664E-02 2.00764726E-02 2.75235064E-02 8.82029915E-03
16 16 1.18430600E-02 2.44277483E-02 2.96247852E-03 1.50058134E-02 1.27114904E-03
16 17 4.02511685E-03-5.34832912E-02 1.77032780E-01 1.01267024E-01 5.40569039E-02
16 18 1.28884231E-02-2.88089278E-04-1.46862234E-01 5.87136273E-02-3.86350780E-02
16 19-2.32921709E-02-2.79371645E-02-2.40486976E-02-3.21835530E-02 1.49193988E-02
16 20-3.76000460E-03-1.49605743E-01-3.72698968E-01-6.05624584E-02-1.86316481E-02
16 21 8.40885039E-03 4.21454892E-02-6.91368593E-02 1.00853244E-01 4.68906824E-02
16 22-8.22758571E-03 6.33497176E-03-5.26795846E-02 2.54456816E-02 6.24781392E-02
16 23-4.55394520E-02
17  1 1.80247077E-03 8.86710130E-02-5.27909079E-03 8.49683856E-03-8.46781454E-01
17  2 1.89913511E+00 4.36004055E-01-1.33641697E-01 4.93857513E-02-1.14006192E-01
17  3 9.73050731E-01-1.17073395E+00-1.77271736E-01-1.68436282E-01-1.00010327E-01
17  4-5.82806995E-02-1.14716508E-01 5.85756496E-02 1.34685984E-01 2.33254491E-01
17  5-1.74268991E+00-1.00756836E-01 8.99607123E-02-1.01301964E-01 2.43494085E-02
17  6-1.06238992E-01-5.00202621E-01-8.08974994E-01 3.12951774E-02-1.11415158E-02
17  7-6.44647261E-02-1.86478660E-02-1.69776328E-02-1.01190070E-01 4.65301254E-04
17  8-4.72345454E-03-2.13070141E-02-4.35095314E-02 7.57978113E-02-6.27264739E-05
17  9 2.43761891E-03-6.81728324E-03 6.76866300E-03-1.13482366E-02 1.31652789E-02
17 10 8.02651588E-03 9.47660393E-03 1.24335340E-02 1.30961190E-04 3.41702146E-03
17 11-5.03816864E-03 6.29056121E-04-1.07348869E-02 2.56053633E-02 4.28552466E-04
17 12-1.13665086E-03-1.13840398E-03-8.08911138E-04 8.69831693E-03 4.46672606E-03
17 13 2.38425495E-04 2.82384823E-04 5.96623453E-04-4.57687259E-04 2.65121903E-05
17 14-1.90891562E-05-1.36007146E-03-1.03930865E-02 9.26194949E-03-1.08215780E-04
17 15-5.57689887E-04 4.19681408E-04 1.66688193E-03 3.79409678E-03 4.51656416E-03
17 16 1.25996627E-03 1.89107877E-03 1.69056300E-03 9.61070061E-04 8.60725133E-04
17 17 1.13491102E-03-2.96670545E-02 7.31353746E-03-5.92657142E-02 5.85618877E-03
17 18 3.03389294E-03 1.14125401E-02 2.77627476E-03-6.59251593E-02 3.71258378E-02
17 19 4.47223239E-03 5.91662185E-03 2.02968989E-03 1.96508148E-02-1.99720561E-02
17 20-1.82984463E-03-5.04942968E-03 7.35504021E-02-1.40013441E-01-2.75437740E-03
17 21-1.55049719E-03 6.28178846E-03 2.74251068E-02-2.84957079E-03-5.63040606E-02
17 22-2.59139284E-03-3.63967429E-03 1.74674724E-03-2.24432387E-03-4.25300675E-03
17 23 4.21419768E-03
18  1 2.51113105E-03 1.44128473E-02 6.80968031E-02-4.51058262E-02 1.18439472E-02
18  2-3.30296945E-01-1.77611310E-01-8.42456992E-03-3.07822210E-02-2.33121251E-02
18  3-4.95571338E-02-6.56875339E-02 2.32525936E-01 6.54494626E-05 3.18798515E-02
18  4-6.54861634E-03 6.67105944E-03 1.77647532E-02 2.13578231E-02 1.27964566E-02
18  5 3.58256251E-01 1.47028013E-01-1.86388180E-02 1.66363777E-02-5.35858232E-02
18  6-9.82423935E-03 1.94339546E-01-3.00815308E-02 1.35803383E-02 1.26833619E-02
18  7-1.28096535E-01-4.92060954E-03-1.23753019E-02 2.49777145E-02-6.21012232E-03
18  8 4.90216935E-02 2.25688940E-01 1.92702497E-01-6.76527761E-01-8.03701356E-02
18  9 5.51921411E-02 1.11068639E-01-1.80945165E-01 2.56756445E-01-1.91173242E-01
18 10-5.60473930E-02-1.08334211E-01-5.39324169E-02 3.12162050E-02-1.03051286E-01
18 11 1.15973966E-01-8.89719570E-04-4.03458596E-03-1.79967235E-01-5.37830813E-04
18 12 1.46729699E-02 4.57042654E-03-7.73737467E-03-1.00130488E-01 1.67007983E-02
18 13 6.02391635E-03 6.01563703E-03 9.13157918E-03 4.96458310E-03-2.65714410E-03
18 14-8.70239683E-03-2.81074017E-02-1.38882638E-02 7.73007717E-02-1.48799630E-02
18 15-1.41807336E-02 1.62182490E-02-4.32052140E-03 8.88152896E-03 5.48118819E-02
18 16-5.43305593E-03-2.97633022E-03 1.42464843E-02-8.92459009E-03 1.40054094E-02
18 17 2.29019502E-02 1.03329503E-01-5.84930368E-01 6.95288414E-02-8.38622776E-02
18 18-3.10393380E-02-4.65347557E-03 2.03152700E-01-6.12357874E-02-2.14119998E-02
18 19 8.47985415E-02 6.92043407E-02 5.98095885E-02 4.94756511E-02 7.97767857E-03
18 20 8.08851756E-03 1.06465395E-01-4.89939786E-01 1.15576100E+00 3.28403175E-02
18 21 1.79987195E-03-5.85126805E-02-2.54057937E-01 7.36065474E-02 3.61024605E-01
18 22 3.61069848E-02 3.80183485E-02 3.27074958E-02 2.27257607E-02 2.13594115E-02
18 23-2.85087559E-02
19  1 1.79457632E-03 1.57425865E-02 1.68564818E-02-2.00942420E-02 5.79956124E-02
19  2-8.19569621E-01-4.39520942E-01-7.53348476E-04-4.32555691E-02-2.44643124E-02
19  3-1.86515065E-01 9.41678518E-02 3.14712035E-01 9.18032691E-04 4.35186360E-02
19  4-1.71576454E-03 2.19062102E-02 9.07633821E-03 1.98487772E-02-5.22668374E-02
19  5 8.94468490E-01 2.99791292E-01-5.52691371E-02 3.83359641E-02-7.92984204E-02
19  6-8.83622484E-02 4.43053808E-01 1.54121187E-01-3.31611566E-02 1.07062499E-02
19  7-1.44467517E-01-4.26345680E-03-4.00938153E-02 6.84986055E-02 1.97658737E-02
19  8-7.31411389E-03-1.20787291E-01 3.26764292E-01-1.90524179E-01 8.11521480E-02
19  9-2.06495071E-01-1.00938807E-01 1.21195907E-01-3.96965832E-01 9.32339631E-02
19 10-3.46153530E-02 8.20749307E-02-1.07818960E-01-4.08033392E-02 6.84270876E-02
19 11-1.99203754E-01 2.79486901E-02-1.07246462E-01 1.92655487E-01-4.27951018E-03
19 12-7.17128409E-03 5.61492835E-03-4.13347381E-02 1.01219927E-01-7.13459285E-02
19 13 2.37774480E-02-7.11925294E-03 1.20235135E-02 1.10657987E-02-4.43202533E-03
19 14 1.40523845E-02 8.23530064E-02 1.78501215E-02-1.72598040E-01-2.24115936E-02
19 15 7.56512733E-02-9.45374650E-03-1.65335858E-01 8.43249409E-03-7.77660195E-02
19 16-7.20438046E-02 5.66235357E-02-2.01250047E-02-2.58083897E-02-3.56083681E-02
19 17-1.22412845E-02 9.31027471E-02-1.82609589E-01 2.14552851E-02-3.75965014E-02
19 18-1.83457746E-02-1.06164399E-02 1.23046492E-01 1.16033910E-02-7.95759405E-02
19 19 6.19345958E-03 3.35229964E-02 3.05507251E-02 9.45157407E-03 3.01121052E-02
19 20 3.40004016E-03-5.95971335E-02-2.71005259E-01 4.61909066E-01-2.14581145E-03
19 21 1.28612786E-02 8.41169761E-03-8.76947814E-02-9.90721192E-02 2.49001537E-01
19 22-2.02892183E-02 1.66000842E-03-6.45354117E-02-5.83462515E-03 2.45716009E-02
19 23-9.52483461E-05
20  1-8.80759470E-04 1.20881799E-02-4.33896977E-02 9.29531691E-03 4.90844593E-02
20  2-1.43101078E+00-7.76136783E-01 1.07818270E-02-3.92429571E-02-8.93039356E-03
20  3-3.59087276E-01 3.25855011E-01 2.91956278E-01-5.03798681E-03 4.35456581E-02
20  4 6.10937466E-03 3.09476557E-02-6.10173294E-03 1.53675727E-02-1.47860264E-01
20  5 1.47242622E+00 5.86108114E-01-1.02169335E-01 6.18754141E-02-8.70520420E-02
20  6-2.53770484E-01 7.90316195E-01 4.45590866E-01-1.22187444E-01 7.96016312E-03
20  7-9.99594573E-02 3.76435229E-03-8.36181722E-02 1.41634236E-01-2.53673090E-02
20  8-9.82110184E-03-3.52386166E-02-2.63781261E-02 1.23657114E-01 7.97370553E-02
20  9 4.63163785E-02-6.46571090E-03 1.52264135E-01 5.94651856E-02 6.44978398E-02
20 10 1.67277255E-02-1.55489726E-02 3.40785677E-02-2.48877049E-02 8.60223753E-02
20 11 3.39803724E-02-8.92776619E-02 2.76715191E-02 1.28654156E-02 1.41365268E-02
20 12 4.01339641E-02-1.16828591E-02 9.20504433E-02-3.44206467E-02 1.43578079E-01
20 13-4.90198262E-02-4.44093378E-02-1.28615638E-02-2.94296900E-02 5.67861545E-03
20 14-3.00990608E-02-1.67024271E-01 1.53691588E-01 7.56444576E-02 2.28824047E-02
20 15-1.45108552E-01 1.16047414E-01 2.71215820E-01-4.28572356E-03 3.31873124E-01
20 16 7.55705518E-02-1.37438565E-01 6.19768880E-02 2.50012366E-02 1.24265219E-01
20 17 1.08699526E-01 9.62574174E-02 2.12089030E-01 2.66472947E-02 1.67914409E-02
20 18-1.50988176E-03-9.71481973E-03 5.16863112E-02 2.63233421E-02-7.41081011E-02
20 19-8.11382628E-02 7.21849440E-03 8.26075366E-03-2.04427583E-02 2.94897223E-02
20 20-1.49501033E-03-1.98888161E-02 9.19358464E-02-2.00501113E-01-7.96177131E-03
20 21-2.15826466E-04 6.98780505E-03 9.22410760E-02 1.78490003E-02-3.90520817E-02
20 22-1.53755050E-04-1.51593199E-02-1.13841921E-02-4.08498887E-03-1.06955407E-02
20 23-4.02354091E-03
21  1-3.10357365E-03-2.79369612E-03-6.79064073E-02 2.22007313E-02-7.82323384E-03
21  2-1.66408395E+00-6.74580797E-01 1.84719316E-02-1.73396244E-02 1.08435001E-02
21  3-4.00836796E-01 4.66339282E-01 1.38093547E-01-2.65002610E-02 1.87281159E-02
21  4-1.42235013E-03 3.46596233E-02-3.87684968E-02 1.88091627E-02-2.29302047E-01
21  5 1.80672151E+00 5.04786683E-01-1.29250966E-01 6.75190579E-02-8.71695735E-02
21  6-3.67996051E-01 9.36254161E-01 6.37280333E-01-2.03043388E-01-1.90977732E-02
21  7-6.37027234E-02 7.01722823E-03-1.11386976E-01 1.73026220E-01 1.50477522E-02
21  8 3.79326240E-03 6.93000865E-02-2.12890234E-01 1.53015096E-01-1.23518715E-01
21  9 5.66562960E-02 4.22075191E-02-2.16252157E-01 1.23543204E-01-8.91576410E-02
21 10 1.59935175E-02-6.06965482E-03 3.64992913E-02 4.68991564E-02-1.19418776E-01
21 11 5.58049205E-02 5.47156569E-02 2.52994334E-02 6.26067491E-02-8.83845063E-03
21 12-3.01623148E-02 2.57188614E-03-1.18836783E-01 2.31306123E-02-3.65519347E-02
21 13 3.22134271E-02 2.09695746E-02 8.49974486E-03 3.31673442E-02-1.13844674E-02
21 14 1.42944077E-02 1.05902823E-01-8.57753490E-02-1.45829709E-01-5.73079170E-02
21 15 1.21050027E-01-5.69126418E-02-2.79052578E-01 2.86617367E-02-1.87905220E-01
21 16-1.03715682E-01 1.25229858E-01-3.02836321E-02-4.28078017E-02-8.38953699E-02
21 17-4.63154388E-02 4.20237425E-02 4.84735238E-01-9.84786643E-02 4.87871880E-02
21 18 9.75977350E-03-5.68617929E-03-3.01538651E-02 4.91524978E-02-1.37037331E-02
21 19-1.12511250E-01-2.33343817E-02-2.03220972E-02-3.71769667E-02 1.18290348E-02
21 20-7.25250253E-03 1.65246932E-02 2.27288958E-01-4.22321069E-01-4.34722836E-04
21 21-6.38352982E-03-2.18078452E-03 2.22403968E-02 1.28770158E-02-1.80335905E-01
21 22-5.74747787E-03-8.95353131E-04 3.43461147E-02 2.68392273E-03-5.27062151E-03
21 23 9.87871442E-03
22  1 1.63103211E-03 8.19443956E-03 4.17729478E-03-9.12230183E-03 3.27073709E-02
22  2-6.81894961E-02-7.57174990E-02-3.79025967E-03-1.95700944E-02-1.97943102E-02
22  3 4.16785657E-03-2.51600451E-02 1.26090235E-01-2.40180695E-03 1.01379179E-02
22  4-5.84894003E-03 7.30767467E-03 2.91771991E-03 8.81054904E-03 2.32578197E-03
22  5 1.92501970E-01-4.20980274E-02-9.35058706E-03 4.92597489E-03-2.87915716E-02
22  6 2.10779489E-02 2.61643039E-02-2.81164084E-02 8.68412769E-03-2.64245250E-03
22  7-7.01464163E-02-8.60716351E-03-4.69217446E-03-7.19165224E-03 1.09028600E-02
22  8-6.54543903E-04-1.79207061E-02 2.31725691E-02-2.33442890E-02 2.33807824E-01
22  9 1.52124825E-01 3.14420498E-02 4.30436490E-01 2.68220031E-01 1.12287978E-01
22 10 1.95298944E-02-9.21244294E-02 7.40477778E-02-7.12065477E-02 2.41204634E-01
22 11 1.41258031E-01 6.23180565E-02-2.12842104E-02-1.00381837E-01-1.41908257E-02
22 12-2.04530099E-02 2.99844210E-03-1.32669471E-02-5.19818818E-02-6.98776328E-02
22 13 3.40757500E-02 4.60013320E-02 1.22610046E-02 1.71078379E-02-1.35677353E-03
22 14 1.90953647E-02 8.70620710E-02-5.73948366E-02-5.51135362E-02 2.23566764E-03
22 15 7.50249639E-02-8.98938057E-02-1.27733207E-01-1.36215571E-02-2.44367418E-01
22 16-2.68184858E-02 6.28204410E-02-5.17355854E-02-5.25703167E-03-8.21886859E-02
22 17-8.70587162E-02 3.92476174E-02-4.97314204E-02 2.18136319E-02-1.40131757E-02
22 18-2.06204401E-03-2.89662517E-03 3.99194173E-02 3.03821342E-02-1.36118864E-02
22 19 6.50862756E-04 9.24282726E-03 8.97257716E-03-7.74673284E-03 6.40892138E-03
22 20-5.35949089E-04 9.29659396E-03-1.54922750E-01 2.35627233E-01-5.50637178E-03
22 21 3.62686364E-04-1.06235564E-03 1.30055320E-01 1.01512490E-01 8.28365247E-02
22 22 3.62826762E-02-7.74444445E-03-1.01848643E-02-3.99693694E-04-2.09269608E-02
22 23-2.70285705E-02
23  1 2.39622309E-03 1.30569738E-02-2.28035609E-02 1.08006442E-03 4.80994645E-02
23  2-1.10071811E-01-1.68029312E-01-4.55264364E-03-3.15341374E-02-3.42591632E-02
23  3 1.08789896E-02-2.60437740E-03 1.96968571E-01-1.34791568E-02 6.25291603E-03
23  4-1.44616548E-02 1.32600544E-02-1.72941372E-03 1.26307964E-02-2.52362818E-02
23  5 4.52956992E-01-1.15740888E-01-2.51995090E-02 6.93592222E-03-5.07029744E-02
23  6 2.00675256E-02 5.67597175E-02-1.11209512E-02-1.01765827E-02-1.76884866E-02
23  7-1.17415091E-01-1.79132922E-02-1.68764803E-02-1.45553746E-02 9.05792201E-03
23  8 3.50954483E-03 1.28186284E-02 4.58125483E-03-3.44840009E-02-5.60258138E-02
23  9-3.16702197E-02-4.71182171E-04-1.06692802E-01-4.46953114E-02-3.33668646E-02
23 10-7.68435283E-03 1.46678908E-02-1.74896659E-02 1.67695492E-02-5.93387685E-02
23 11-2.53939337E-02 2.50123987E-02-5.36605260E-02 6.92078244E-02 2.02852690E-03
23 12-1.13098572E-02-1.55735152E-03 1.66230375E-01-7.55005515E-02-1.55030983E-01
23 13-8.32654344E-03 6.24815544E-02-1.89459642E-02-4.45933443E-02 3.18496706E-02
23 14 3.34449303E-02 3.56577252E-02-3.84061887E-02-3.28254325E-02 1.87899379E-01
23 15-5.86545081E-02-1.51442006E-01 3.59835781E-01-2.10278006E-01-3.51084887E-01
23 16 2.21380468E-01-1.31494806E-01-9.11660244E-02 1.17473590E-01-5.18558338E-02
23 17-1.81341418E-01 6.10679652E-02 1.96739251E-01-5.82937065E-02 1.41487970E-03
23 18 5.12943463E-03-6.28802032E-03 3.86491108E-02 5.75875341E-02-1.48508001E-02
23 19-5.37288415E-02-6.26014977E-03-4.17265470E-03-2.82800952E-02 1.06322154E-02
23 20-3.89713267E-03-6.91732899E-04 3.66380230E-02 9.46996891E-03 2.37841243E-03
23 21 1.14057492E-03-5.91396555E-03-4.13319101E-02-1.62475072E-02 1.78548591E-02
23 22-1.19539966E-02-3.29235707E-03-1.43921865E-03 8.39840286E-04 5.70013293E-03
23 23 4.35272164E-03
24  1 1.00348579E-02 5.88875946E-02-5.20340733E-02 1.36545347E-02 2.07117694E-01
24  2 1.63542299E+00-1.75734882E-01-3.64958534E-02-7.99584700E-02-1.12723800E-01
24  3 4.60831502E-01-5.54628766E-01 4.78700186E-01 3.93689158E-02 2.70108136E-02
24  4-1.84610474E-03-1.07692038E-02 8.12389141E-02-8.58256697E-03 3.05736624E-01
24  5-1.41945909E+00-2.22470471E-01 1.06210355E-01-5.77736328E-02 6.23265498E-03
24  6 5.09224168E-01-9.54269856E-01-8.41315729E-01 2.91534099E-01 5.00448631E-02
24  7-1.48101872E-01-4.71718593E-02 9.93451517E-02-2.31134150E-01-2.06147397E-03
24  8-3.04178485E-03 1.15818746E-02-9.49969211E-02 1.28063489E-01-4.18487173E-02
24  9 1.90375269E-02 7.13130338E-03-7.26996085E-02 3.04705166E-02-1.73064877E-02
24 10 1.08559162E-02 5.25729705E-03 1.80542618E-02 1.60044460E-02-3.90303933E-02
24 11 1.42448035E-02-5.76976533E-03 2.03881434E-02 1.46189639E-02-2.62262943E-04
24 12-1.23447371E-03-1.91386870E-03-4.89368827E-02 3.05905420E-02 4.74454422E-02
24 13 6.96159451E-04-1.60480684E-02 2.69224265E-03 1.20188543E-02-7.93121873E-03
24 14-7.18375063E-03-1.71827905E-03-1.37262458E-02 2.31325315E-02-4.87604996E-02
24 15 1.91427586E-02 3.28108174E-02-9.86940805E-02 5.56345184E-02 8.12632213E-02
24 16-5.64486127E-02 4.01760970E-02 2.27939360E-02-2.99077021E-02 8.85911828E-03
24 17 4.17412094E-02 2.10086035E-01 3.40234050E-01-1.22563346E-02-1.03573519E-02
24 18 2.09644835E-02-1.28284421E-02 1.55069889E-01 1.20456048E-01-6.43306516E-02
24 19-1.29801130E-01-1.11070363E-04 9.62005778E-03-7.27758321E-02 2.89029823E-02
24 20-3.06858274E-03-7.79601256E-03 1.44419162E-01-2.89454029E-01-4.24276864E-03
24 21-2.05643275E-03 2.41328808E-03 3.76579227E-02-4.74660291E-03-9.47001772E-02
24 22-8.19576358E-03-6.21394174E-03 7.31450688E-03-9.60219983E-04-3.01785193E-03
24 23 5.50942669E-03
25  1-4.26989043E-03-3.76530515E-02-5.35089106E-02-1.80519870E-04-1.27691628E-01
25  2-1.47284305E-01 7.77277897E-01-3.54576607E-02 3.87127221E-02 1.05612414E-01
25  3-3.87644087E-01-2.11987878E-01-1.88950110E-01 2.96538924E-03 5.86304842E-02
25  4-1.95441201E-02 6.47061087E-03 4.01570767E-02-8.52492804E-03 3.84764424E-02
25  5-5.24175913E-01-8.42867383E-02 6.16100280E-02 1.25757507E-02 8.49292602E-02
25  6 7.27095061E-02 2.07081767E-01-4.62410582E-02 5.66687663E-02 2.72924560E-02
25  7 1.08346141E-01 8.37095892E-02 6.42769712E-02 1.11162538E-01 3.04178815E-03
25  8 6.70560858E-03 1.51959299E-02 3.42472661E-02-8.61757633E-02 1.58222269E-02
25  9-1.28668236E-02 3.51892752E-03 2.33494461E-02-4.97045842E-03-1.45022075E-02
25 10-7.28790570E-03-4.64818272E-03-1.43284052E-02-6.03619538E-03 1.24015397E-02
25 11-5.02449103E-03 7.35141818E-03-4.57212472E-02 3.88700035E-02-8.59329896E-04
25 12 1.72530919E-03 7.04525291E-04 8.75730659E-03-7.54939590E-03-1.51495242E-02
25 13 6.22522110E-03 5.83180700E-03 4.07451391E-03-1.30024633E-03 1.42419814E-03
25 14 2.73799017E-03 8.33036408E-03-3.82350903E-03-2.52491121E-02 8.25250198E-03
25 15 4.03522821E-03-7.41347524E-03 7.50195638E-04-1.31325521E-02-2.47371773E-02
25 16 4.86790412E-03-2.22836438E-03-5.85866105E-03 3.40699844E-03-5.16048502E-03
25 17-9.18562006E-03 4.80961690E-01-1.64373076E-01 8.71725476E-02-5.71384015E-02
25 18-2.22954792E-02 1.25451380E-02 5.42335455E-01-1.41530013E-01 1.93643292E-01
25 19-1.48989313E-01 1.22958713E-01 1.13321775E-01 1.77632695E-02-5.99238949E-02
25 20-6.90077297E-03 6.16410916E-03-5.79823242E-02 1.78460758E-01 4.41636118E-03
25 21-1.26957776E-03-2.99952660E-03-4.43601203E-02 1.74680543E-02 7.38428319E-02
25 22 1.54272976E-03 5.30066185E-04-6.90705087E-03 2.27547737E-03 3.20375317E-03
25 23-4.07472398E-03
26  1 1.37054389E-03 1.71799767E-02-2.46837321E-02-4.82623552E-03-2.73800731E-02
26  2 5.62638397E-01-4.67658503E-01 5.18050026E-02 3.42165047E-02-8.87520422E-02
26  3 6.31705449E-01 4.18979642E-01-2.59842580E-01-3.80136506E-02-1.53563088E-01
26  4 1.60634110E-02-3.85164664E-02-8.74930672E-02-4.43799490E-03-5.57127301E-02
26  5 2.72771716E-01-2.89459345E-01-7.05286306E-02-6.04801114E-02 1.42471143E-02
26  6-2.70495473E-01-4.37739166E-01 1.69789102E-01-1.80281155E-01-7.04575769E-02
26  7 8.71960494E-02-1.07158980E-01-1.02713312E-01-1.64641542E-01-3.72331422E-03
26  8 9.05617274E-03 1.65625385E-02 6.81952847E-02-6.46325478E-02 2.50554318E-02
26  9-2.74649470E-02-2.43024899E-03 3.37817518E-02-3.67739560E-02-2.36441311E-03
26 10-1.33089047E-02-3.16110970E-03-2.53503177E-02-1.00066124E-02 1.82607793E-02
26 11-1.72840489E-02-5.14816637E-03 4.72445181E-02-1.57043559E-01-1.34300735E-03
26 12 2.10573626E-03 5.47610669E-03 4.45875050E-03-2.41837607E-03-1.09140757E-02
26 13-2.74269645E-03-5.47496523E-03-2.41746380E-03 3.21742628E-04-9.45517584E-04
26 14-4.02307415E-03-7.73977136E-03 7.65227837E-03 7.75172155E-02-8.83883493E-03
26 15-7.43796164E-03 1.10685899E-02 3.46501274E-03 2.15998068E-02 3.29551342E-02
26 16-4.11793997E-03 1.38046937E-03 8.02169077E-03-4.55150916E-03 8.15051463E-03
26 17 1.28553891E-02 1.85981313E-01-1.20524768E-01 3.13669005E-01-2.83016686E-03
26 18-5.76732868E-03 2.94854437E-02 1.81209715E-01-1.98367928E-01 4.14220548E-01
26 19-6.58304190E-02 5.32767546E-02 5.13679604E-02 4.07515327E-02-1.29627686E-01
26 20-1.72950639E-02 5.76148319E-05-1.52718964E-02 1.91894042E-01 8.72961751E-03
26 21-1.89906387E-03-6.74414503E-03-8.35190989E-02 2.19920657E-02 1.40567265E-01
26 22-7.80181580E-03-7.24824173E-03-2.17499766E-02 3.36632431E-03 5.68933638E-03
26 23-5.95882523E-03
27  1-3.99842471E-04-8.07419301E-03-1.19381660E-02 3.00421843E-02-6.97770571E-02
27  2 3.03687039E-01-2.96943321E-01 1.00197095E-01 7.08274048E-02 2.39132189E-02
27  3 4.31347992E-01 1.58661382E-01-4.63002873E-01 1.50434247E-01-5.77365967E-02
27  4 9.50617403E-02-9.08157461E-02 2.20554241E-02-9.25296839E-03 1.95821119E-01
27  5-1.48785161E+00 1.49951722E+00 5.52480592E-02 8.55882362E-03 3.81859936E-02
27  6-1.61523349E-01-3.37450605E-01-6.90612675E-02 7.66654767E-02 1.13444547E-01
27  7 1.86118203E-01-5.30351954E-03 2.47141494E-02-2.53424365E-03 5.46318645E-03
27  8 7.29273397E-03 2.29601708E-02 2.77972715E-02-1.66613446E-01 1.26312452E-02
27  9-5.42339290E-03 1.15266255E-02 1.22778000E-02 3.35396655E-02-3.28633410E-02
27 10-5.53587235E-03-9.81050770E-03-9.49116814E-03-4.24655003E-03 7.23599561E-03
27 11 7.06875297E-03 1.37251847E-02-1.13677936E-01 2.92733516E-01 1.21753077E-03
27 12 1.75798808E-03-7.94587559E-03-5.60327468E-03-2.04499338E-02 2.21761984E-02
27 13 8.96387323E-03 1.22114761E-02 9.24898548E-03 1.42336955E-04 4.29820973E-04
27 14 2.68359915E-03-1.67196038E-03-3.33538959E-02-1.20757156E-01 9.77041974E-03
27 15 6.52849347E-03-3.83393697E-03-6.45563676E-03-3.70118557E-02-1.90230304E-02
27 16 7.82081062E-03-2.21319768E-03-1.88823528E-03 4.88654882E-03-3.21596901E-03
27 17-6.79295672E-03 1.84018313E-01 6.29603000E-01-1.12972640E+00-7.71290069E-02
27 18 1.89320939E-02-3.29841016E-02 2.76934773E-01 3.72711503E-01-3.53476280E-01
27 19-9.99485504E-02-5.18012137E-02-1.65941942E-02-1.11785797E-01 9.92227098E-02
27 20 1.25501783E-02 3.93242329E-04 4.84528758E-04 2.42404459E-01 2.34461442E-04
27 21 3.55769135E-03-1.10376452E-02-2.47422178E-02-1.70538972E-03 9.73299569E-02
27 22-7.61594209E-03-8.70356473E-03-1.15523074E-02 1.91974423E-03 3.39116765E-03
27 23-6.52105795E-03
28  1-7.46309837E-04-3.98160838E-02 1.90758518E-02 1.72333026E-03-3.04742078E-02
28  2-9.66752962E-01 1.03210869E+00-2.21580558E-02-1.89157045E-03-2.61152125E-02
28  3-1.79698032E-01 2.20058251E-01 6.14046789E-02-1.15706100E-01-4.66374906E-02
28  4-1.18850561E-01 9.17603182E-02-1.32587272E-01 9.13265015E-02-2.35350205E-01
28  5 1.93741734E+00-1.35511668E+00-9.81819412E-02 6.31972609E-02-1.63528241E-01
28  6-1.58945195E-01 5.39567704E-01 4.56152073E-01-1.40956062E-01-1.14135182E-01
28  7-2.78843438E-01-9.77134246E-03-3.68242314E-02 7.67645485E-02-2.87589549E-02
28  8-3.30046674E-03-2.25432157E-02 5.54857347E-02-2.47476668E-02 6.97774787E-03
28  9-2.75627391E-02-1.78669445E-02 1.07602591E-02-9.11061971E-02 2.68160267E-02
28 10-5.27045259E-03 1.27484589E-02-1.44018496E-02-4.51628947E-03 4.27557474E-03
28 11-3.11078601E-02-2.63342318E-02 3.16848127E-01-4.95664295E-01-3.51926746E-03
28 12-4.63702337E-03 9.95874867E-03-5.17730739E-04-3.44787609E-02 2.23226215E-02
28 13-2.99822558E-02-1.77055831E-02-2.38504428E-02 4.91753660E-03-4.62085052E-03
28 14-2.05365655E-02-6.21882097E-02 2.04303022E-01 3.94813401E-02-3.48689299E-02
28 15-4.13383529E-02 3.34808004E-02 4.00922993E-02 6.19742050E-02 1.38101780E-01
28 16-2.12494728E-02-2.44862418E-02 1.46579489E-02-1.82002318E-02 2.87277834E-02
28 17 4.06157258E-02 1.41893742E-01 1.23430719E-01-3.28835302E-01-8.64065864E-02
28 18 4.51005704E-02 2.27580297E-02 1.26440197E-01 5.30997846E-01 1.35766348E-01
28 19 1.56203438E-02-3.07717121E-02-3.03542565E-03-1.56861682E-01-5.07895044E-02
28 20-1.66359146E-02 1.23046234E-02-6.51306440E-02 2.26765121E-01 9.77945236E-05
28 21-7.21114394E-05-2.06256048E-03-1.80777461E-02-9.82377795E-04 4.73641935E-02
28 22 2.80983598E-03 5.00924383E-03-7.82781817E-04-1.29274829E-03 2.02584096E-03
28 23 2.14516438E-03
29  1-2.60000973E-03-5.12778775E-02-7.28379157E-02 3.67041783E-02-3.79810135E-01
29  2 1.03014044E+00 3.03603669E-01-2.72565781E-02 7.55938124E-02 4.21437330E-02
29  3-3.18448495E-02 3.41291017E-02-9.31859653E-02-2.38851979E-01-1.92429789E-01
29  4-1.87777732E-01 2.31773675E-02-4.63205819E-02-2.75591489E-02-3.20072399E-01
29  5 1.44338044E+00-1.38114427E+00-4.08858622E-02-5.05640621E-02-6.39018641E-02
29  6 2.71789500E-02 1.06057093E-01 2.18227011E-02-1.96031511E-01-1.89267553E-01
29  7-2.03816612E-01-3.72985786E-02-1.11447776E-02-7.97871353E-02 5.78362732E-03
29  8 1.81517531E-02 6.95964667E-02 2.07291711E-02-1.56383134E-01 2.37071751E-02
29  9 2.25838817E-03 2.99419267E-02 1.94350262E-02 1.16455232E-01-7.55252119E-02
29 10-1.02109985E-02-2.79342967E-02-1.57880211E-02-6.41444240E-03 1.30731359E-02
29 11 3.03785935E-02 3.26126066E-02-4.01748073E-01 8.68624272E-01 6.66762663E-03
29 12 1.40916583E-02-1.78575221E-02-2.57425788E-02 9.74158591E-03 8.92661474E-02
29 13 3.25453521E-02 1.35772508E-02 3.63267001E-02-4.26123560E-04-1.55474138E-03
29 14 2.21025962E-03 5.02478049E-02-1.51116705E-01-1.94127345E-01-2.78927358E-03
29 15 8.63307506E-03 3.18487394E-02-4.28393173E-02-4.40993383E-02 4.28492391E-02
29 16 3.44547277E-03 9.60517465E-03 2.82945859E-02-1.30651264E-02 1.58819452E-02
29 17 2.24653854E-02-1.75463865E-01 1.36372038E+00-1.00044510E+00 9.12419091E-02
29 18 5.73367139E-03-3.32913423E-02-1.38717299E-01-3.15577792E-01-2.60429396E-01
29 19-2.07831822E-01-1.04858857E-01-1.09837745E-01 5.38916756E-02 7.85864914E-02
29 20 1.47798095E-03-2.49096935E-02 2.74288082E-01-6.07893546E-02 6.22657648E-03
29 21 9.15861145E-04-1.88129842E-02-7.50164782E-02 1.99330563E-02 1.86636254E-01
29 22-3.61411184E-02-3.90086524E-02-4.30470940E-02 5.77878155E-03 4.97632145E-03
29 23-1.42598699E-02
30  1-6.95500161E-04 3.71344233E-03-7.57193618E-02 3.01754652E-02-1.74509653E-01
30  2 1.61989811E+00-1.11368931E+00-3.17275020E-02-1.93921915E-02 8.47892482E-02
30  3-3.95266219E-02-4.81731294E-01-1.17606944E-01-1.74442652E-02-1.31607424E-02
30  4-6.49282623E-02-3.88997088E-02 9.90158031E-02-5.36431947E-02 4.91512754E-02
30  5-1.38733530E+00 1.10329196E+00 8.17258934E-02-4.12471219E-02 7.38490057E-02
30  6 3.32011629E-01-3.48490269E-01-4.49113935E-01 1.14415425E-01 2.01324032E-02
30  7 7.15213337E-02 5.49033712E-02 5.55384636E-02-1.11947297E-02-9.87140462E-03
30  8 7.97658240E-03 1.80035767E-02 1.14026840E-01 3.49720530E-02 4.96358453E-02
30  9-6.56314510E-02-2.08018180E-02 7.23183607E-02-1.24777557E-01-3.25153511E-03
30 10-1.64005328E-02 1.04377103E-02-4.78261750E-02-1.99419097E-02 3.33434206E-02
30 11-4.73182266E-02-2.80983054E-02 2.98076527E-01-7.49425262E-01-3.67553483E-03
30 12-1.87493369E-02 5.18120703E-03-3.16498413E-02-5.26918262E-02 1.29411006E-03
30 13-2.68113252E-02 3.94863201E-03-2.47046058E-02 7.97645911E-03-4.40359077E-03
30 14-1.33832234E-02-6.56002315E-02-1.53320372E-01 5.55946513E-01-2.08929386E-02
30 15-1.82032809E-02-1.69180999E-02 4.30011912E-02 7.30030523E-02 2.07911717E-02
30 16 2.31915978E-02 3.58751346E-02 1.78928957E-02 9.34796540E-03-2.19688577E-03
30 17 1.08753717E-03-3.17514651E-01 1.32547883E+00-8.93940363E-01 1.23533308E-01
30 18 4.68041870E-02 4.68961108E-02-3.93332888E-01 5.84686656E-03 3.50517749E-01
30 19-1.37838385E-01-1.45123727E-01-1.44930993E-01-4.15706364E-02-1.02864863E-01
30 20-2.54661823E-02-1.02611714E-02 4.46965663E-01-1.98751424E-02 1.44132181E-02
30 21-2.71904646E-03-1.78905160E-02-1.59294296E-01 3.09183898E-02 2.74607409E-01
30 22-5.14726648E-02-5.03193801E-02-6.34336933E-02 3.45065536E-03 4.14861582E-03
30 23-6.33567257E-03
 $END   
 $GRAD  
E=     -582.6034612295  GMAX=  34.5685073  GRMS=   9.0415016
CL          17.    2.3630778782E+01   -7.8853563421E-01    3.4568507264E+01
C            6.    9.0958811519E-01   -1.0831932028E+00   -6.8907594035E-01
C            6.   -1.2526420540E+00    9.5025923240E-01   -5.0270493895E-01
O            8.   -1.2837672403E+00    2.6234188091E-01    3.4238669879E-01
H            1.   -6.2772342279E+00    4.8415041773E+00   -2.2600246488E+00
H            1.   -1.8518221014E+01   -3.4344782759E+00   -3.1216141787E+01
O            8.    1.7707490171E+00    1.8769859663E+00    1.3484893428E+00
O            8.    3.9407753067E-01   -1.2525767369E-01   -1.4547544265E+00
H            1.   -7.4070239098E-02   -1.2322207008E-01    7.3016428006E-01
H            1.    1.6711901200E-01    5.9780383724E-01   -4.0195503237E-01
H            1.   -1.9580309316E+00   -2.5274323760E+00   -1.0422559630E+00
H            1.    2.4126748375E+00   -8.0666436601E-01    4.9265442760E-01
H            1.    7.8978412359E-02    3.5988850447E-01    8.4710723674E-02
 $END
-------------------- DATA FROM NSERCH=  11 --------------------
 COORDINATES OF SYMMETRY UNIQUE ATOMS (ANGS)
   ATOM   CHARGE       X              Y              Z
 ------------------------------------------------------------
 CL         17.0   2.6430678137   0.3872092086  -0.4319201063
 C           6.0   1.8065198513   0.9171899056  -0.9489352230
 C           6.0   3.3516772183   1.7281920631  -1.7469313973
 O           8.0   2.5808223607   2.8091261776  -2.4920564602
 H           1.0   2.0395012668   0.9667309626  -0.5483651116
 H           1.0   2.4635039386   0.3247998811  -0.7809086864
 O           8.0   3.3835127669  -0.0317057008  -4.1126340553
 O           8.0   3.6757000051   2.7909940894  -5.0496076972
 H           1.0   3.6568727581   2.9128592217  -5.4323930333
 H           1.0   3.6405897415   0.7861679686  -4.3466453831
 H           1.0   3.1800968044  -0.3157542742  -4.2083165959
 H           1.0   3.7065498775   1.8286259321  -1.7581658920
 H           1.0   3.2956555971   3.0114445647  -4.1859403585
--- CLOSED SHELL ORBITALS --- GENERATED AT 17:31:10 12-AUG-2026    
Chloroacetaldehyde hydrate and water                                            
E(R-WB97X-D)=     -608.9607405824, E(NUC)=  364.8463175973,   16 ITERS
 $VEC   
 1  1 9.98200113E-01-1.62048884E-04 7.34698499E-06 1.45565895E-07 6.63324508E-04
 1  2 6.79898315E-03-7.75891217E-05-1.00270333E-03 1.95142937E-04-1.33584753E-03
 1  3 1.28528231E-03-2.66556793E-03-1.60891973E-03-8.69262257E-04 4.33656037E-04
 1  4 9.62002881E-04 1.14012130E-03-1.03246817E-03 1.43204736E-03 4.63794873E-03
 1  5-9.72939333E-03 3.61021717E-04 3.47590619E-03 1.51476089E-03 7.01020017E-03
 1  6 2.13579218E-03-3.88540728E-03-1.70235570E-03-7.55379694E-04-1.33297005E-03
 1  7 4.92818739E-03 1.80219499E-03 2.67278071E-03 2.08792579E-03-4.25759534E-07
 1  8-1.22436687E-07 2.50002055E-06-8.74521378E-06-1.40830930E-05 2.38140775E-07
 1  9-1.42141072E-07 2.89622809E-06-3.14038517E-06 2.03767838E-06-7.66183092E-07
 1 10 3.19114365E-06 2.47919060E-06 4.94245252E-06-3.15070726E-07-2.10338653E-06
 1 11 1.34451523E-06-7.00552511E-06 1.80741643E-05 2.46023298E-05-1.84367436E-06
 1 12 2.24148535E-06 2.81489802E-06 7.13158088E-06 2.71149260E-06-1.81155503E-06
 1 13-4.53559270E-06-4.71993795E-06-3.79124178E-06 3.39062095E-07 6.41510527E-07
 1 14 4.67012497E-07-3.87542385E-05 2.00300660E-04-1.34903275E-04 9.23188521E-07
 1 15 3.37494739E-06 1.54833510E-06-2.02857909E-06-5.73119852E-06-2.51736399E-06
 1 16-3.98233707E-05-3.72482015E-05-4.04576986E-05 4.94030348E-07 7.82445247E-07
 1 17 6.61091147E-07-2.07518780E-04 9.03396376E-04-2.16165949E-04 7.38690520E-05
 1 18 1.48865551E-04-9.12185613E-05-1.48936365E-04-3.11781371E-04 1.85837419E-04
 1 19-2.53328968E-04-1.89128017E-04-2.40522902E-04 7.19382604E-05-3.41332665E-05
 1 20-6.50678444E-05 4.82173811E-06-2.85365156E-05 5.54891510E-05-2.86336880E-06
 1 21 3.75203146E-06-7.41293568E-06 6.25749153E-06-9.34797441E-06 1.84595872E-05
 1 22 1.80093131E-06 2.13154336E-06 2.28730950E-06-1.80592925E-07 1.01995203E-06
 1 23-1.39217654E-06
 2  1-4.08354366E-05-1.19744133E-06-1.19864356E-05 9.47154325E-05-7.85603187E-04
 2  2 1.15707327E-03-7.68459985E-03-2.90031430E-04 5.66155432E-04 1.13571527E-04
 2  3-7.24200470E-04 7.80911398E-04 9.43829533E-04-3.35903522E-04-6.77674726E-04
 2  4-3.17155010E-04 3.71501654E-04 2.35103073E-04-3.56704389E-04 2.69712322E-03
 2  5-9.71814026E-03 1.16816953E-02-5.29446963E-05 4.06946594E-04 4.14412811E-04
 2  6-1.18529074E-03 1.12979272E-03-3.14107902E-04 2.19103940E-03 2.44856891E-03
 2  7 2.10517814E-03-3.20194807E-04 3.38680024E-05 9.77045142E-05 7.00844406E-01
 2  8 8.41849472E-03 5.80404818E-03-4.56799645E-03-1.28368929E-02 6.41080938E-04
 2  9-6.83978579E-03 8.36157468E-03-1.18604604E-03 1.15965101E-02-5.98736356E-03
 2 10 3.50084323E-03 8.52012542E-04 6.91413240E-03 6.66032906E-04 5.88466010E-04
 2 11-1.06795124E-03 3.31816800E-02-2.25376802E-01 5.12525403E-02 1.82771605E-02
 2 12 3.42686942E-02-1.53577932E-03 6.14973654E-02 1.82277626E-01-3.78314287E-02
 2 13 1.62427661E-02-9.53049489E-02 3.32753542E-02-5.88227445E-02 1.19544590E-02
 2 14 2.60842891E-02 2.71405762E-01 2.56760669E-01-4.74724491E-02 2.54747750E-01
 2 15 3.61461228E-01 1.16295818E-01 2.02993874E-02 9.33605439E-02-4.37559935E-02
 2 16-3.16652125E-02 1.60730911E-01-1.38673230E-01 2.34227729E-01 5.48266164E-02
 2 17 7.25653805E-02 1.50298088E-03-7.73162296E-03 3.75521853E-03 5.56444468E-04
 2 18 1.97979104E-04 1.04933142E-04-1.05858228E-03 9.90881089E-05 5.18809276E-04
 2 19 1.11351687E-03 1.16781615E-03 8.89198850E-04 6.76799517E-05 2.78874340E-05
 2 20-6.03715931E-05 5.81668755E-03-1.85735653E-02-2.72504175E-03 2.07832850E-03
 2 21-5.76255580E-03-7.17327454E-04-4.42472468E-03 1.38291219E-02 9.44219780E-04
 2 22 7.25758827E-03 3.17997897E-03 5.29759578E-03 1.18366729E-03 7.13856426E-04
 2 23 3.26100667E-04
 3  1-1.45619451E-05-2.56226543E-06 4.83416336E-05 1.31393597E-03 5.82182545E-05
 3  2 1.32790014E-03 7.72536925E-04-1.69988207E-04-2.36513331E-04 1.66843967E-04
 3  3 1.00692044E-03 5.21723749E-05-6.86135144E-04 2.45639249E-06 2.40445262E-05
 3  4-1.72941729E-05 1.96073581E-05-4.74647798E-05-3.85836863E-05 3.35796805E-04
 3  5-2.91899572E-03 2.75780421E-03-1.76727997E-04-1.64064787E-04 2.44349447E-04
 3  6 8.64175293E-04-2.12738111E-04-7.19400345E-04 3.26718489E-04 4.29124435E-05
 3  7 3.37481883E-04 8.06078987E-05-2.63824595E-05-5.43761819E-05-8.43213113E-03
 3  8 7.10752030E-01 2.25297479E-01 1.04503451E-01-9.65584280E-03 2.14357185E-02
 3  9-1.32040908E-01 4.05790342E-01-3.82325321E-02 3.26037349E-02 5.51204439E-02
 3 10-1.20498050E-01-9.07829560E-02 3.14576889E-01-7.42852911E-03-4.02928163E-03
 3 11-1.28399059E-01 6.12589507E-04-9.25518039E-03 1.81637780E-02 4.93150730E-04
 3 12-4.76978812E-03-5.92692071E-04-9.56558024E-04 1.24099427E-02 1.34224406E-03
 3 13-6.29395464E-04 2.29883912E-03-6.50785343E-04-7.32329179E-04-4.76375163E-05
 3 14 1.56751047E-06-4.37010202E-03 7.50555006E-03-8.93918702E-03-3.17326702E-03
 3 15-3.30681195E-03-1.45355268E-03 2.91458101E-03 2.09139972E-03-4.17273287E-04
 3 16-1.83360492E-04-1.43244555E-03 6.89884925E-04-1.59232368E-03-9.07243080E-04
 3 17-1.35913192E-03-1.31175583E-03 8.44458401E-03-1.19497108E-02-7.75673643E-04
 3 18 2.88550509E-04-1.63695489E-03 1.53373073E-03-4.31704750E-04 3.58344622E-03
 3 19-5.28401106E-04-6.43768855E-04-1.09161716E-03 2.02212569E-05-5.76616598E-05
 3 20 1.88767654E-04 3.44147391E-02-1.42607062E-01 9.91732135E-03-1.67838278E-03
 3 21-3.47852628E-03 1.48879126E-02-4.74551208E-02 2.61930701E-02 1.26951426E-01
 3 22 2.14362563E-02 3.13258198E-02-7.44697729E-02 3.51616641E-03 4.15472538E-02
 3 23-1.65727731E-02
 4  1-2.02389273E-01 1.75104360E-02-4.18777945E-04 1.28522002E-04 4.55582516E-02
 4  2 4.58674382E-01-1.44682505E-03-6.82284283E-02 4.87921328E-03-1.00722221E-01
 4  3 8.55355168E-02-1.92777328E-01-1.28488447E-01-5.04622516E-02 3.84240955E-02
 4  4 6.89350882E-02 6.08926687E-02-6.28136564E-02 1.00005282E-01 5.97461954E-01
 4  5-6.69824330E-01 2.11993607E-02 3.44414647E-01 1.29822082E-01 6.73574305E-01
 4  6 1.79318613E-01-2.50093817E-01-4.73714506E-02-3.77064428E-02-1.10008313E-01
 4  7 4.48267371E-01 1.38250612E-01 2.63135414E-01 1.67887148E-01-1.04613696E-04
 4  8-3.44807170E-05 1.03335297E-04-4.43645619E-04-4.89038543E-04-2.29660803E-06
 4  9 3.07588450E-05 8.22474253E-05-1.00419379E-04-6.05230682E-06-6.74188909E-05
 4 10 1.35734272E-04 1.12415094E-04 1.60779098E-04-1.85158286E-05-8.51703581E-05
 4 11 5.78632855E-05-9.23428293E-06-4.77241165E-04-4.92339202E-04-1.43296164E-04
 4 12 3.39460399E-05 2.16707031E-04 6.83805784E-04 7.52387948E-04-3.47426274E-04
 4 13 1.20711436E-04-1.08933604E-04 1.85018198E-04-1.24105762E-04 6.47995423E-05
 4 14 1.00831871E-04-8.37136990E-04 4.29225395E-03-1.75695244E-03-6.46556313E-05
 4 15-1.31503881E-04-2.01966532E-05 3.11942265E-04 8.60986636E-04-4.98506301E-05
 4 16-7.66069375E-04-4.90251762E-04-8.13085012E-04 7.60735149E-05 3.23012948E-05
 4 17 2.31027020E-05-1.36019577E-02 5.54117510E-02-1.23475266E-02 5.53801653E-03
 4 18 8.79381903E-03-4.13076846E-03-1.13544758E-02-2.00798987E-02 9.35160992E-03
 4 19-1.47141864E-02-1.13585391E-02-1.48016761E-02 4.33873372E-03-1.74953683E-03
 4 20-3.22330044E-03 6.86929786E-05-6.39497812E-04 2.44895877E-03-1.49052541E-04
 4 21 1.60927756E-04-3.03591563E-04 3.73449141E-04-4.94194048E-04 8.29594346E-04
 4 22-3.63803924E-05-1.65742121E-05 2.72285139E-05-1.54108308E-05 3.50612196E-05
 4 23-6.66567364E-05
 5  1-1.30357865E-04-4.90328447E-03 6.32322418E-01-2.14268048E-01-3.43554154E-03
 5  2 9.96033387E-03-1.09320953E-04-6.30217617E-04-1.31864846E-03 3.92745052E-03
 5  3 6.34762172E-03 1.97016674E-03-4.45070345E-03-1.16406193E-03-6.86875699E-04
 5  4-3.41702693E-03 8.55348288E-04-2.80697306E-03-1.59052678E-03 1.66244910E-03
 5  5-1.55669417E-02 2.05839397E-02-2.23212163E-03-1.63217828E-03 1.95836801E-03
 5  6 6.20846578E-03 4.02713978E-03-4.29673566E-03 2.34328508E-03 1.58632603E-03
 5  7 1.95024021E-03 1.25876005E-03-5.67412184E-04-1.34979172E-03 8.07832187E-05
 5  8 2.21230723E-04 1.96276852E-03-1.06740631E-02 1.09854182E-02 4.22142385E-04
 5  9-1.01997711E-03-2.53930684E-04-3.41236419E-04 2.47723492E-03-2.33344238E-03
 5 10 2.03177653E-03 1.66358690E-03 6.71950426E-04 7.07577864E-05 2.47969833E-04
 5 11-2.19883910E-04 1.96404666E-03-1.03718928E-02 2.88695208E-02 8.58919842E-04
 5 12-5.71484624E-04-2.76260996E-03-3.81640850E-03-1.73442676E-03 7.53809183E-03
 5 13 8.90318290E-04 1.96432691E-03 1.33800816E-03 6.32280227E-04-2.08561108E-04
 5 14-1.00916514E-04 2.23419273E-03-1.11920550E-02-7.26907522E-03 3.41587634E-04
 5 15 7.92705403E-04-2.04260390E-04-1.51529697E-03-4.68603196E-03-1.93853054E-04
 5 16 1.85438578E-03 7.48875143E-04 2.04125526E-03-2.16270699E-04-2.67574100E-04
 5 17-5.19237041E-04 3.19136439E-01-6.23385124E-03-4.24681617E-02-3.94480860E-01
 5 18-1.06456280E-01 9.59230192E-03 7.06625408E-02 1.65921568E-02-8.51132107E-05
 5 19 2.16394405E-01-6.42262860E-02-8.69346611E-02 9.54173635E-02-8.85404649E-03
 5 20-2.89545326E-03-8.39487512E-03 4.20914523E-02-3.27972021E-02-1.02368671E-03
 5 21-5.97583475E-04-3.26041159E-04 2.51493631E-03 1.60575910E-03 5.01523464E-04
 5 22-7.03233821E-03-7.54494726E-03-5.58193627E-03-1.00597587E-04-3.77266597E-04
 5 23 6.20188463E-07
 6  1 2.20076070E-04 2.38016623E-02 1.41369763E-01 9.66540450E-01 1.77538223E-02
 6  2-9.08324185E-02 1.83209954E-02-3.09658280E-03 1.30637875E-03-1.57859524E-02
 6  3-2.57039631E-02 9.69382524E-03 1.51166888E-02 9.74061111E-03 7.35629479E-03
 6  4 2.15915933E-02 3.89995813E-03 9.22939127E-03 2.77571618E-03-4.55415953E-03
 6  5 7.28261546E-02-5.12512226E-02 3.86941858E-03 2.66215347E-03-2.32216004E-03
 6  6-1.51063638E-02 1.15506308E-02 1.25354919E-02-6.18500839E-03 1.21563078E-04
 6  7-3.40097414E-03 1.73519242E-03-9.33480536E-04 1.81874454E-03-8.48801569E-05
 6  8-1.57552882E-03-1.36612116E-02 7.68389922E-02-9.00485415E-02-2.23009777E-03
 6  9 3.23089347E-03 3.02779528E-03 1.61870627E-04-5.26576053E-03 1.00324324E-02
 6 10-1.32057218E-02-1.24389144E-02-5.34643155E-03-4.83700015E-04-2.44072287E-03
 6 11 2.01206692E-03-1.37832069E-03 1.08462972E-02-6.91442309E-02-2.53915162E-03
 6 12 3.09639589E-03 7.79079225E-03 9.73822431E-03-5.37227276E-03-2.25420560E-02
 6 13 5.46262507E-04-1.20501063E-03-6.25834257E-04-8.29204849E-04 3.87370921E-04
 6 14-7.27355095E-04-4.17135026E-03 2.12505539E-02 1.61712424E-02-9.86390055E-04
 6 15-1.51982866E-03 1.06808104E-03 2.44263370E-03 7.75908806E-03-3.98300929E-05
 6 16-3.56230691E-03-1.74908849E-03-3.78390005E-03-3.67829365E-04 9.41909458E-04
 6 17 1.59756490E-03 9.86085174E-02-1.51169541E-01 1.43749171E-01-6.50586497E-02
 6 18-3.14673045E-02 8.40659989E-03-2.94958007E-02 1.29031339E-02-7.10752163E-03
 6 19 6.46902299E-02-5.35429317E-04-6.59556000E-03 2.16800988E-02-2.78626357E-03
 6 20-2.02641851E-04 4.65695631E-02-2.35947960E-01 1.96645586E-01 3.99274984E-03
 6 21 4.23163022E-03-1.79938611E-03-1.04236840E-02-9.00315114E-03 6.85455297E-03
 6 22 3.75764761E-02 3.99457496E-02 2.99820497E-02 2.58673299E-04 2.31237112E-03
 6 23-8.63760488E-05
 7  1 5.23492004E-03 6.59376642E-01-3.51941642E-04-3.69756502E-02 2.15736502E-01
 7  2-5.43359134E-01 3.23876774E-02-2.00789045E-01-3.04186459E-02-3.33096982E-01
 7  3-1.58987342E-01 1.81233432E-01 1.37269958E-02 2.07728706E-02-6.27125251E-02
 7  4 3.24916384E-01 8.98954423E-02 2.09000186E-01 8.40396718E-02 1.80959586E-02
 7  5 3.92370166E-01-1.25588412E-02 7.89369721E-03 1.65927504E-02 2.99529467E-02
 7  6-7.62677204E-02 1.57154663E-01 9.96999983E-02-3.94912728E-02 3.94093989E-02
 7  7 1.14082836E-02 2.96372403E-02-6.90470292E-02 6.42177442E-02 1.04544418E-05
 7  8 6.88284720E-05 6.58409707E-04-3.72167484E-03 4.42100985E-03 1.02705597E-04
 7  9-1.23601964E-04-1.49957406E-04-3.04175825E-05 1.72697702E-04-3.79600704E-04
 7 10 6.42910515E-04 6.09387052E-04 3.07434329E-04 1.72614723E-05 9.31854801E-05
 7 11-8.69424303E-05-7.38067447E-05 2.31821403E-04 2.04106181E-03 3.45349027E-05
 7 12-1.67666559E-04-3.71040440E-04-2.24360548E-04 4.29695288E-04 1.09119539E-03
 7 13-1.44931957E-04-1.19766634E-04-6.04251466E-05 1.19870194E-05 2.05551533E-06
 7 14 5.88409991E-05 3.97258938E-04-2.06451615E-03 6.74143137E-04 1.42213926E-05
 7 15 4.51418681E-05-7.50468307E-05-4.10733519E-06-1.34559876E-04 8.17517332E-05
 7 16 3.60954820E-04 3.41576794E-04 4.01009753E-04 3.72360937E-05-3.92653690E-05
 7 17-8.11052188E-05-6.54337066E-03 2.64694703E-02-8.92466643E-03 3.69811979E-03
 7 18 5.00069833E-04-3.39195367E-03-7.78622255E-03-1.15975251E-04 6.98973984E-03
 7 19-4.76231646E-03-8.01398139E-03-5.91355673E-03 4.32033537E-04-2.06690532E-03
 7 20-1.74647654E-04-2.19651694E-03 1.11256784E-02-9.00170045E-03-2.03684021E-04
 7 21-1.81457186E-04 2.78482892E-05 5.27381150E-04 3.44682293E-04-1.23368046E-04
 7 22-1.79582921E-03-1.90240495E-03-1.47747413E-03-1.63476536E-05-8.58309556E-05
 7 23-6.73698762E-06
 8  1 1.76188549E-02-3.26758480E-02 2.22297562E-04 1.63820007E-04-2.61875142E-02
 8  2-3.47026897E-02 3.50377500E-02 3.34911201E-03 4.68324270E-02 6.62935329E-02
 8  3 4.56298904E-02 4.16016948E-03 7.60391416E-02 2.17940054E-02-1.53187547E-02
 8  4 1.29355484E-02 3.60099904E-03 3.07351133E-02-3.02492085E-02 9.19719490E-01
 8  5 9.09193664E-02-7.89687035E-02-1.48052287E-01 2.72819094E-01 1.35539154E-01
 8  6-2.97225410E-01-2.40941993E-02-4.74633717E-01-2.85945438E-01-7.35913395E-03
 8  7-5.09112552E-01-4.04822662E-02-3.82891646E-01 7.28775089E-02-1.20388055E-05
 8  8-2.26462433E-06 2.99868167E-04-1.44302135E-03 9.71800582E-04 4.45556446E-05
 8  9-4.98734307E-05 1.00364690E-05-1.69319487E-04 1.97886416E-04 1.55322787E-04
 8 10 2.83232733E-04 2.66836556E-04 3.47276603E-04 1.87090942E-05-1.74963058E-05
 8 11 2.76643002E-05-2.08111383E-03 7.81378727E-03 4.75430274E-03 2.37098136E-04
 8 12 3.35504069E-04-2.72313794E-04-6.81966390E-04-1.11620721E-03 4.89598809E-04
 8 13-1.87386120E-03-1.28333692E-03-1.94666123E-03 3.31792687E-04-4.17269777E-05
 8 14-2.92510101E-05-6.76649975E-03 3.32354165E-02-2.44601140E-02 2.91417133E-04
 8 15 5.04930232E-04-5.26635722E-04-1.59010407E-03-3.18356887E-03 1.61554497E-03
 8 16-6.53928811E-03-6.87311700E-03-6.21844225E-03-2.25813768E-04-7.49980126E-05
 8 17 1.75784540E-05 2.43091005E-04 1.55431824E-03 7.32613357E-03-2.69353728E-03
 8 18 7.53459091E-04-5.13918689E-03 6.11256790E-03-2.90702037E-03 1.24819680E-02
 8 19-2.29607934E-03-1.07221268E-03 6.32232319E-04-1.14330328E-03-6.50694576E-04
 8 20-9.93360866E-04 2.35099703E-04-1.04433065E-03-4.08171770E-04 1.02801342E-04
 8 21-1.55218108E-05-5.57292944E-05-2.89580364E-04 1.52023998E-04 6.51461307E-06
 8 22 1.64183086E-04 1.43875127E-04 6.99966662E-05 3.67394809E-05 6.94755189E-06
 8 23 1.80912266E-05
 9  1-3.35546613E-03-3.80809953E-02-1.05557263E-05-2.29332774E-05-2.06638864E-01
 9  2-3.77986853E-01-2.84814920E-02-1.03620359E-01 1.30291966E-01 2.60304487E-02
 9  3-7.29786236E-02 7.60763750E-02-9.69900761E-03-2.02965965E-02-5.27697356E-02
 9  4 2.61734392E-03-3.80166708E-02 7.17551523E-02 1.34219773E-03-4.02439037E-01
 9  5 2.83759056E-01 1.12122530E-01-4.14311595E-01 5.03036944E-01 4.17052319E-02
 9  6-1.15380101E-01 4.29922553E-01 3.80074217E-01-1.35656589E-01 3.12266151E-01
 9  7 3.67657235E-01 7.03616039E-02-2.02141741E-01 5.30891719E-01 3.11562404E-06
 9  8-8.67527230E-07 1.29880185E-05-4.44424221E-04 1.81239691E-03 1.12263900E-05
 9  9 6.54599730E-05-1.31383802E-04 1.42043963E-05-2.62465566E-04 2.29614439E-04
 9 10 1.90806923E-05 5.36080140E-05 1.03000080E-07-2.84463788E-07 2.27020779E-05
 9 11-3.90051820E-05 2.80997044E-04 7.03107573E-04-3.38164403E-03-1.44633611E-04
 9 12-1.17901395E-04 3.33682607E-04 2.90564161E-05-2.56867685E-04-4.67369276E-04
 9 13 4.52399966E-04 2.09112385E-04 3.21732615E-04-7.06425495E-05-3.28209426E-05
 9 14-1.70974142E-04 2.99234916E-03-1.38097612E-02 6.26242098E-03-2.07702381E-04
 9 15 9.72249775E-05 1.03193021E-03 5.53038067E-04-3.48201020E-04-2.72100814E-03
 9 16 3.10836041E-03 2.91633302E-03 2.73889014E-03-8.50605980E-05 9.22030603E-05
 9 17-6.05298387E-05 8.49208569E-03-3.58231745E-02 3.92041323E-04-1.36945484E-03
 9 18-3.01617867E-03 4.76313188E-03 5.83536783E-03 1.16643721E-02-1.37211628E-02
 9 19 7.13423775E-03 6.61843884E-03 6.52570136E-03-1.63676527E-03 1.49873679E-03
 9 20 2.05495654E-03-6.63078254E-04 3.32625503E-03-3.12308068E-03-4.50507588E-06
 9 21-3.26751786E-05 4.99327090E-05 3.62074455E-06 3.08366476E-05-2.59656865E-05
 9 22-5.22432179E-04-5.04486097E-04-5.17168928E-04-1.23880000E-05 1.42328677E-06
 9 23 4.30867076E-06
10  1-5.81961129E-05-9.61784792E-04 2.44014657E-04-6.44293364E-04-5.37758147E-04
10  2 1.82624458E-02-2.66623200E-03 3.20254791E-02 3.03404645E-02-2.19336394E-02
10  3 4.05820493E-02 3.10437553E-02-2.70111237E-02 5.37622206E-02-5.38131566E-02
10  4 3.60009677E-03-7.66919821E-03-1.93022666E-02 2.22054691E-02-2.24164254E-04
10  5-1.38914606E-02-1.81494788E-02-4.47636997E-01-3.83868028E-01 2.99021383E-01
10  6-1.58787084E-01-1.57784070E-01 1.08900144E-01-2.98303902E-01-1.51378429E-01
10  7 4.59612939E-01-2.51095740E-01-2.75394410E-01-2.72495949E-01-6.97568498E-06
10  8 7.64279909E-07 6.29090464E-05-5.39116705E-04 1.25895850E-03-9.93929854E-07
10  9 9.81598395E-05-6.20023896E-05 4.53725056E-05-3.86467288E-04 1.54122640E-04
10 10 5.14260298E-05 1.02195286E-04 4.80733952E-05-1.08519963E-05 1.40407894E-05
10 11-1.65664683E-05-1.62642040E-05 1.34408804E-04-5.95839582E-03-1.04842605E-04
10 12-7.23708714E-05 3.21710976E-04 8.13148330E-04 1.41659057E-03-1.05947621E-03
10 13 8.26102544E-05-2.59472624E-04 8.88075575E-05-2.20278445E-04 6.22211702E-05
10 14 1.47584728E-04 5.38318209E-04-2.93547976E-03 7.05378111E-03-7.05987900E-05
10 15-3.65718558E-04-2.29799695E-04 6.92864870E-04 2.25714861E-03 5.91454279E-04
10 16 5.11044904E-04 9.12611315E-04 4.86720971E-04 2.04154460E-04 2.10142752E-05
10 17 7.72238417E-05-1.21157643E-02 4.46338362E-02 3.37517706E-03 4.70752248E-03
10 18 7.96558945E-03-4.09224463E-03-1.42593668E-02-2.23874088E-02 1.11540375E-02
10 19-1.05400397E-02-9.26149225E-03-1.24079452E-02 3.76608124E-03-1.42469412E-03
10 20-2.27447072E-03-1.31587346E-04 6.86905090E-04-4.77767767E-04-4.01255162E-06
10 21 6.11694055E-05 3.15231370E-05-2.90724629E-06-2.66366110E-04-7.92142558E-05
10 22-1.13667103E-04-7.72229376E-05-1.25220794E-04 2.79613141E-06-8.76447237E-06
10 23-1.14140217E-05
11  1 5.52538385E-02-1.06251643E-01-6.27480277E-03-2.73331936E-04 2.46465826E-01
11  2-4.42347820E-01-2.02353957E-02 1.31393533E-01-7.15576013E-02 9.75096636E-02
11  3-5.71015838E-02 2.39017412E-01 1.98028748E-01 1.62141921E-02-1.92878491E-02
11  4-1.65374828E-01-6.76913096E-02-3.13236675E-02-9.87649796E-02-2.73774691E-01
11  5 1.41535355E+00 7.38995652E-02-1.96037552E-01-1.69839955E-01-4.94218865E-01
11  6-2.07658570E-02 3.18548271E-01 3.72633544E-01 1.23012634E-01 6.47590306E-02
11  7-3.22892274E-01-2.06571775E-01-6.59073184E-02-2.18124628E-01-5.83979186E-06
11  8 1.05977497E-05 1.60879171E-05 2.14233386E-04-5.26743480E-04 1.75922731E-05
11  9-4.67726936E-05 3.54127720E-05-2.83554663E-05 2.26392225E-04-1.80959979E-05
11 10-2.05823279E-05-4.54312838E-05 4.32468272E-06 1.52985359E-06 1.99322311E-06
11 11 1.78536473E-05-2.44800862E-04 1.28621863E-03 4.59375986E-03 6.65213171E-05
11 12 1.45192224E-04-1.14816553E-05-6.61902977E-04-1.38672440E-03 2.18566206E-04
11 13-1.33051660E-04 5.06551384E-05-2.34351026E-04 1.61528147E-04-5.77366754E-05
11 14-1.43407951E-04-9.93546687E-04 6.38549198E-03-1.07474963E-02 1.82049391E-05
11 15 3.89597603E-04 4.22926074E-04-6.76763262E-04-2.46165753E-03-1.18177680E-03
11 16-9.26134731E-04-1.27734634E-03-9.00902389E-04-2.47770103E-04-1.43069515E-05
11 17-3.27015759E-05 4.53751562E-03-3.88593130E-02 2.54259858E-03 3.18044060E-03
11 18-8.00028329E-03 6.71517514E-03 1.18223717E-03 1.64756592E-02-7.26804478E-03
11 19 1.05585071E-02 1.23031455E-02 1.31945048E-02 1.97434021E-04-2.65004171E-03
11 20-9.89433478E-05 1.83168417E-04-5.64922398E-04 2.28839723E-05 4.46345507E-05
11 21-4.82415149E-05-1.51947950E-05-2.35995422E-04 2.53276670E-04 1.47829704E-04
11 22 1.13116034E-04 8.78409320E-05 9.26002891E-05 1.42785217E-05-5.02772264E-06
11 23 2.07093315E-06
12  1-1.91735995E-03-3.90579228E-03-5.81054718E-02-4.75841879E-02-1.54644269E-03
12  2 5.94975007E-02 1.01579342E-01 1.09395743E-02 7.41686472E-03 1.20477453E-03
12  3 2.56618009E-02-3.61642895E-02-5.46537099E-02 1.03836489E-02 9.12943932E-03
12  4 1.78064186E-02-4.17116791E-03-9.04905919E-03 1.93540286E-03-3.09700568E-03
12  5-1.31875268E-01-1.16060185E-01 1.03002605E-02-2.54070290E-03 1.83771701E-02
12  6 8.99263303E-03-6.59098986E-02-1.41685595E-02-5.76623042E-03-3.34080591E-03
12  7 2.87901958E-02 1.05090501E-02 2.38118561E-03-5.27223523E-03-9.05097764E-02
12  8-1.55916613E-01 1.93829832E-01 3.60983610E-01-6.56067306E-02-2.27352516E-02
12  9 4.69129802E-02-8.80410780E-02 1.06176997E-02-4.81422225E-02 1.03758301E-01
12 10 3.43674470E-02 1.76446642E-02-1.10308707E-01 7.64959790E-03-1.86901119E-02
12 11 6.28228885E-02 6.24596403E-02 1.92966568E-01-9.30616999E-02-1.13922975E-02
12 12-2.34901113E-02 1.14761712E-02-2.46424229E-02-1.04056239E-01 9.09340577E-03
12 13-3.62881240E-03 4.74299336E-02-6.92372917E-03 2.24546001E-02-6.49363981E-03
12 14-1.81342553E-02 9.48968375E-02 8.05833906E-02 7.33602548E-02-5.03120486E-02
12 15-5.08594677E-02-3.60910406E-02 2.32066397E-02 2.89861131E-02 2.15294466E-02
12 16 8.93581021E-03-1.43135781E-02 3.23273960E-02-5.27724845E-02-2.16882318E-02
12 17-2.39199940E-02-9.22944947E-02 2.02376757E-01 2.58037096E-01 9.45520195E-02
12 18 2.06889555E-02 1.91480655E-04-2.73713442E-01 9.75159024E-02-9.39660400E-02
12 19-1.16508526E-02-3.59670427E-02-2.96366737E-02-5.05480268E-02 3.38982458E-02
12 20-7.24974991E-03 8.95509523E-02 8.72174477E-02 2.63143180E-01 1.49478842E-02
12 21 2.70364845E-03-3.69477096E-02 1.64193695E-02-6.68121805E-02-2.45010169E-02
12 22 2.28835747E-03-3.29210248E-03 5.96062718E-02-6.47297071E-03-3.45712653E-02
12 23 1.59069483E-02
13  1 2.57165160E-04 8.10123041E-04 8.59089073E-03 7.92232693E-03-1.03855462E-03
13  2-1.47485416E-02-1.21207260E-02-2.14774979E-03-9.07144089E-04-3.19950677E-04
13  3-5.19286119E-03 6.37418528E-03 7.86952428E-03-1.79575774E-03-1.34915796E-03
13  4-2.13539046E-03 9.64306941E-04 1.50920670E-03 7.83370855E-05-2.45039222E-05
13  5 2.61561547E-02 1.57318759E-02-2.11587021E-03 9.77603333E-04-2.44382292E-03
13  6-1.60199791E-03 1.20590985E-02 2.90131777E-03-7.60436549E-05 7.48066185E-05
13  7-4.25727535E-03-1.19414426E-03-8.06203778E-04 1.55891728E-03-1.93035032E-01
13  8 1.06050059E-01-1.76465903E-01-2.15243912E-01 4.97682082E-03 1.26047242E-02
13  9-2.72984067E-02 5.22882329E-02-8.42346953E-03 1.45719786E-02-3.73746186E-02
13 10-3.24054467E-02-1.78783935E-02 8.43986910E-02-5.34670291E-03 9.95615500E-03
13 11-4.82697120E-02 1.01062436E-01 3.01544565E-01 1.47461198E-02-1.77557300E-02
13 12-4.91629035E-02 7.93184747E-03-6.21531580E-02-1.78382064E-01 5.42861286E-02
13 13-7.87144474E-03 8.14905052E-02-1.76548522E-02 4.21886292E-02-1.08648032E-02
13 14-2.54637338E-02 2.83499109E-01 2.01529951E-01 7.58076318E-02-9.88234058E-02
13 15-1.05424141E-01-7.16973662E-02 3.49733315E-02 2.37974347E-02 3.35988848E-02
13 16 1.21939514E-02-5.62878916E-02 6.72059448E-02-1.26422238E-01-5.05897616E-02
13 17-6.11804078E-02 1.20281188E-02-2.04865865E-02-4.79941827E-02-1.41949418E-02
13 18-3.30692731E-03-3.17321813E-04 4.25362834E-02-1.78891847E-02 1.25786447E-02
13 19-2.01888458E-04 4.33374844E-03 3.44600965E-03 8.60211129E-03-4.53697217E-03
13 20 1.47577262E-03-4.48512938E-02-9.17862527E-02-5.09721425E-02-6.86021226E-03
13 21 4.10465176E-03 1.70052802E-02-1.85529964E-02 1.39376698E-02 4.55229630E-02
13 22-1.18204154E-03 4.87102046E-03-3.75368368E-02 2.28825154E-03 1.90969554E-02
13 23-8.22254119E-03
14  1 3.40922770E-03 7.55447792E-03 1.01236346E-01 7.47433434E-02 5.34040277E-03
14  2-1.28665109E-01-1.76824876E-01-1.97313108E-02-1.31889899E-02-3.04807532E-03
14  3-5.32663334E-02 6.44025603E-02 1.04058030E-01-1.68972516E-02-1.38887824E-02
14  4-2.94321532E-02 8.13689938E-03 1.71874320E-02-3.05616848E-03 4.51570657E-03
14  5 2.54179365E-01 1.90572005E-01-1.75734633E-02 6.70706627E-03-3.39689144E-02
14  6-1.92667826E-02 1.19618300E-01 2.82705979E-02 1.03638343E-02 5.65289106E-03
14  7-5.21985537E-02-1.86587662E-02-4.03129209E-03 1.08859963E-02-4.26822505E-02
14  8-1.19245620E-01 2.38805723E-01 1.12451745E-01 1.78551726E-01-8.46620841E-03
14  9 2.44242718E-02-6.22494389E-02 1.89331413E-02-2.26543738E-02-3.17142614E-03
14 10 5.34408301E-02 4.01508439E-02-1.05162468E-01 5.64920806E-03-2.22789945E-03
14 11 4.85920014E-02 2.86658097E-02 2.53220877E-02 1.60071385E-01-2.52044215E-03
14 12-1.40084097E-02-5.62564625E-03-2.30678372E-02-2.80931834E-02 3.63276507E-02
14 13 8.38265172E-04 2.28415199E-02-1.54219121E-03 9.80381608E-03-2.21842721E-03
14 14-4.95403786E-03 7.32228571E-02 2.72861577E-02-3.68358539E-02-1.98233943E-02
14 15-2.02063729E-02-1.83437292E-02 3.57300255E-03-9.13430825E-03 3.15296180E-03
14 16 5.69990878E-03-1.21249909E-02 1.67398077E-02-2.84918807E-02-1.33842083E-02
14 17-1.74708487E-02 1.64442973E-01-3.75937400E-01-4.27911077E-01-1.63085569E-01
14 18-3.76356036E-02-2.54241629E-04 4.74392974E-01-1.71036230E-01 1.55121694E-01
14 19 2.16567283E-02 6.44384341E-02 5.37310865E-02 8.87399834E-02-5.60096274E-02
14 20 1.29394814E-02-1.37209384E-02 3.29341246E-01-3.36199163E-01-5.77332991E-03
14 21-6.08050631E-03 6.95625624E-03 7.03978857E-02 5.30232862E-04-1.62244191E-01
14 22-2.64666964E-02-3.21988120E-02 1.51871912E-02-2.83691821E-03-1.84741067E-02
14 23 1.03471511E-02
15  1-4.22077032E-04-9.65658357E-04-1.05316925E-02-5.76672173E-03-3.44436588E-03
15  2 2.07034431E-02 1.03451864E-02 2.02637667E-03 2.16371424E-03 5.93429220E-04
15  3 8.29683817E-03-5.88558093E-03-1.52207400E-02 1.00370760E-03 1.73819478E-04
15  4 2.87450288E-03-8.76784812E-04-2.31863824E-03 3.53831750E-04 2.40312354E-03
15  5-4.39281287E-02 3.41911001E-04 1.36081968E-03-1.26592585E-03 4.92914164E-03
15  6 1.52440627E-03-1.23724312E-02-3.63337435E-03-8.76317063E-04 8.74776209E-04
15  7 7.75149215E-03 2.32166140E-03 1.01972448E-04-1.34710651E-03-4.69942988E-02
15  8-1.77335460E-02 1.15870034E-01 7.18709866E-02-2.28081304E-02 3.42329004E-03
15  9-3.90158978E-03 7.02102726E-03 8.84341122E-04 2.09261532E-02-4.16241089E-02
15 10 7.15654568E-03 6.45526808E-04-4.49129478E-02-2.40173633E-05 2.75391859E-04
15 11 2.00429136E-02-1.95479658E-01-2.71924029E-01-3.91038248E-02 1.63813008E-02
15 12 6.54953889E-02-2.47707652E-02 1.82108428E-02 1.55195022E-01-1.02664248E-01
15 13 8.36345031E-04-1.22901413E-01-2.53389642E-02-2.37458040E-02 1.69213640E-02
15 14 7.43511661E-02 6.22435868E-01 3.85313779E-01-6.35120996E-02 1.76253312E-02
15 15-2.20254866E-02 4.28566971E-02-1.21292178E-01-1.98470058E-01-3.75964542E-02
15 16-8.95650171E-02-2.16510116E-01-1.30693435E-02-1.51423000E-01-2.73917526E-02
15 17-5.05083633E-02-1.66974384E-02 3.55862885E-02 4.61442596E-02 1.66206986E-02
15 18 4.61568339E-03 4.03428018E-04-5.04307560E-02 2.17412829E-02-1.10183039E-02
15 19-2.92883086E-04-5.98358532E-03-5.07089074E-03-1.04039830E-02 4.02478554E-03
15 20-1.74594826E-03-8.16543656E-03-6.61913342E-02 9.21451857E-03-8.76150592E-04
15 21-2.34578551E-03 2.60485949E-03-1.50615625E-02 2.94386908E-02 1.01791493E-02
15 22 4.39608628E-03 3.88126409E-03 8.36111450E-04 5.22510392E-03 8.82098494E-03
15 23-7.86939946E-03
16  1-1.02483744E-03-2.88128722E-03-2.52329289E-02-5.34019288E-03-1.11632289E-02
16  2 6.43784952E-02 5.42123201E-02 5.38619970E-03 4.81216240E-03 1.99696346E-03
16  3 2.59292151E-02-1.56449086E-02-4.49642850E-02 7.80686913E-04-9.01251913E-04
16  4 5.71898629E-03-2.93950392E-03-6.90100899E-03 1.36117358E-03-2.41298054E-03
16  5-8.36713211E-02-3.89069248E-02 1.83432035E-03-4.53032319E-03 1.24424162E-02
16  6 1.02589375E-02-3.27752738E-02-1.03549008E-02-7.50619458E-03-3.07755438E-03
16  7 1.61377990E-02 6.51548641E-03-5.26426579E-04-4.20232398E-03-1.22324736E-03
16  8-3.26464200E-02 5.58688299E-01 2.91829420E-01-4.45303605E-02 4.28898232E-02
16  9-6.21308815E-02 5.30710938E-02 1.80335763E-02 4.77556306E-02-2.62670921E-01
16 10 5.16781452E-03 4.11819009E-04-2.44922179E-01-1.11775031E-02 2.21120986E-02
16 11 5.00662704E-02 3.87623177E-02 4.38354637E-02 3.37028745E-02-2.78654169E-03
16 12-1.60049075E-02 6.14913974E-03-6.97536578E-03-3.70040623E-02 1.60702660E-02
16 13-4.25470876E-05 2.42911562E-02 4.76814202E-03 5.63506879E-03-3.37796666E-03
16 14-1.42737818E-02-1.01430793E-01-5.17003192E-02 3.95427523E-03-7.52818871E-03
16 15-1.87898915E-03-1.13637599E-02 2.79642604E-02 3.98822159E-02 1.05678703E-02
16 16 1.74134618E-02 3.60018258E-02 5.07256294E-03 2.25217629E-02 3.03774805E-03
16 17 6.52224229E-03-4.79558474E-02 1.38526305E-01 5.23770795E-02 3.80378301E-02
16 18 1.08851107E-02-9.82186880E-04-1.09947404E-01 3.45457752E-02-2.35815144E-02
16 19-9.73945138E-03-1.89745558E-02-1.71039469E-02-1.98636726E-02 9.65147389E-03
16 20-2.79621885E-03-1.50892004E-01-3.88381942E-01-8.26795279E-02-2.09876039E-02
16 21 9.09102750E-03 4.73424637E-02-9.06177674E-02 1.20526135E-01 8.29329745E-02
16 22-1.31499094E-02 3.59873894E-03-6.98498014E-02 3.05171616E-02 7.44229028E-02
16 23-5.41007578E-02
17  1 1.35175310E-02 8.78864405E-02-1.10825310E-02 1.61339932E-03-6.68117331E-01
17  2-2.29331042E+00-3.93825482E-02-1.87626914E-01 1.11422403E-01-1.12359564E-01
17  3-5.61629438E-01 5.39016023E-01-8.54784110E-02-2.13830715E-01-1.42871189E-01
17  4 1.16400133E-01 1.66526338E-01 1.62106149E-02 1.69636155E-01 8.63376704E-03
17  5 2.63229466E+00 3.57873416E-01-3.27619035E-01 2.31139475E-01-1.42067317E-01
17  6-3.86887026E-01 1.04763029E+00 7.51659932E-01-3.03745508E-01-3.17826511E-02
17  7-8.96276121E-02 1.22581650E-01-2.31393062E-01 2.27020820E-01 1.09071433E-03
17  8-1.36346562E-04-2.83409494E-03-5.98738400E-03 3.38230294E-03-2.86638988E-04
17  9 3.76621267E-04-5.49288394E-04 1.80770107E-04 4.85443450E-04 6.18613074E-04
17 10 7.79009089E-04 6.95225529E-04 1.79455734E-03 1.25059737E-04 2.22058291E-05
17 11-2.38653564E-04-2.18531054E-03-5.99069401E-05 2.18951636E-02 4.78678236E-04
17 12 1.04082075E-03-5.02599773E-04-1.91595830E-03-1.47475539E-03 3.06173538E-03
17 13-6.23078508E-04-1.19135198E-03-3.67845845E-04 1.36435002E-04-1.81791729E-04
17 14-3.21471991E-04-5.99200278E-03 2.10213824E-02-3.86364920E-02-1.53955644E-04
17 15 1.23550486E-03 3.44025928E-03-2.81136353E-03-5.96280863E-03 5.01296915E-04
17 16-3.95371673E-03-3.59460744E-03-2.23725907E-03-2.94046048E-04 1.28334870E-03
17 17 2.05851537E-03 8.99118341E-03-4.12044651E-02-2.06264484E-02 7.40288020E-03
17 18-1.43147806E-02 7.69372356E-03 1.82822905E-02-1.18766303E-02 2.39306101E-03
17 19 2.38501256E-03 2.19036525E-02 1.74715148E-02 1.26564184E-02-5.61381332E-03
17 20-1.87698487E-03 5.05289235E-04 7.64407796E-03-9.24678741E-03-5.54161755E-05
17 21-2.80031581E-04 2.11826463E-04 1.97590735E-03-9.34482363E-05-4.53977480E-03
17 22-6.91216740E-05-3.42360104E-04 6.01268315E-04-2.57663944E-04-7.25657570E-04
17 23 5.66149896E-04
18  1-9.52507963E-03-5.52959465E-02-1.46988657E-02 3.79344764E-02-1.82565299E-01
18  2 1.12605354E+00 3.73335297E-01 9.12948634E-02 6.59171558E-02 4.50101171E-02
18  3 4.10291561E-01-4.64361764E-02-6.16844736E-01-4.36571481E-02-8.96330110E-02
18  4-1.10981749E-02-6.16758647E-02-9.77126803E-02-6.02108014E-03-6.22942194E-02
18  5-8.98281355E-01-1.51622902E-01-1.32711023E-02-1.10572977E-01 1.48994143E-01
18  6 1.38088929E-01-2.92589809E-01-1.56452560E-01-1.40041750E-01-3.30370175E-02
18  7 1.48854361E-01 4.06633837E-02 5.02740971E-03-9.13873891E-02-1.61871691E-04
18  8-2.13668004E-02-8.33209466E-02-2.04153496E-01 3.71844739E-01 7.10789428E-04
18  9 1.76896973E-02-4.36291828E-02 3.39845596E-02-4.80273639E-02 4.84461705E-02
18 10 3.23638319E-02 3.66012408E-02 3.65224600E-02 4.19275417E-04 1.72909115E-02
18 11-1.54586090E-02 5.66068338E-04 1.25203123E-02 6.12642325E-02 9.89801977E-04
18 12-8.08172638E-03-2.79496653E-03-1.31753839E-03 3.61562967E-02 6.35631285E-03
18 13-3.74387100E-03-2.19222252E-04-4.22955110E-03-1.83302522E-03 5.85527468E-04
18 14 8.45247475E-04 1.46559963E-03-1.96321684E-02 9.40255066E-03 4.05251921E-03
18 15-3.50839265E-04-7.05430131E-03 1.29832258E-02 6.72457699E-03-1.05281425E-02
18 16 8.88845324E-03 5.04668278E-03 5.08913905E-04 5.51393895E-03-2.98627952E-03
18 17-6.42132999E-03-1.84063867E-01 1.64798205E-01-8.27181335E-02 4.66163765E-02
18 18 5.72376135E-03 2.48169933E-02-1.63625316E-01-1.73416069E-01 1.62564685E-01
18 19 2.77414006E-02-1.95585047E-02-2.99590078E-02 5.41432595E-02-6.44769606E-02
18 20-6.87663028E-03-3.28044241E-02 3.53809488E-01-6.96053178E-01-1.36406728E-02
18 21-7.27244563E-03 2.96156390E-02 1.41518198E-01-1.48902126E-02-2.76856207E-01
18 22-1.34227600E-02-1.88621029E-02 6.91448629E-03-1.16271857E-02-2.14004230E-02
18 23 2.08717041E-02
19  1-2.90939533E-03-2.53186258E-02 6.00833980E-02-2.71269723E-02-6.61187605E-02
19  2 2.95553239E-01 2.04874023E-01 3.29005149E-02 2.38309921E-02 2.65807479E-02
19  3 8.29169543E-02-1.27887491E-02-2.23357806E-01-1.50744448E-02-2.35249396E-02
19  4-5.49785509E-03-1.91710124E-02-3.18710460E-02-3.26105761E-04-2.67355838E-02
19  5-2.28027922E-01-9.16167774E-02-5.93964126E-03-2.51980615E-02 4.09072086E-02
19  6 3.81560090E-02-7.70264121E-02-2.72477532E-02-4.79328790E-02-1.49787664E-02
19  7 3.95120384E-02 1.56464357E-02 5.07605078E-03-2.09852138E-02-1.67306144E-02
19  8 4.17185082E-02 2.46904407E-01-7.96709114E-03-4.40924828E-01-9.03877876E-02
19  9 8.68834799E-02 1.47066286E-01-2.21519247E-01 3.58827429E-01-1.99945819E-01
19 10-1.36538662E-02-9.56982095E-02 2.79760556E-02 4.45294719E-02-1.22578827E-01
19 11 1.60367030E-01-2.06444957E-02 3.19129708E-02-2.50565690E-01 3.06809079E-03
19 12 1.94795481E-02 1.57409368E-03 2.05562802E-03-1.26010979E-01 5.80359510E-02
19 13-5.68402878E-03 2.83980459E-03 3.74824248E-03 1.09855776E-03-1.93470826E-03
19 14-1.62705477E-02-7.46606326E-02-2.81119169E-02 1.79324229E-01-7.54412618E-03
19 15-5.28356456E-02 5.33225426E-02 6.73573431E-02 2.24401291E-02 1.36548912E-01
19 16 2.77692398E-02-1.96142615E-02 4.18485693E-02 1.41670363E-03 4.52553272E-02
19 17 5.24273839E-02-2.51362652E-02-4.99300250E-01 8.37890735E-02-5.03392089E-02
19 18-3.02700001E-02 1.36721812E-02 6.39537322E-02-1.49486246E-01 9.19241996E-02
19 19 9.76270796E-02 4.35400634E-02 3.06094765E-02 7.59654572E-02-3.70029311E-02
19 20 3.75133626E-03 1.20292631E-01-2.91235477E-01 7.31845051E-01 3.20180402E-02
19 21-6.57900430E-03-5.48989315E-02-2.09807684E-01 1.20141723E-01 2.04316264E-01
19 22 3.74122541E-02 3.15675850E-02 6.36189921E-02 2.56735236E-02 1.04090274E-02
19 23-2.68311498E-02
20  1-8.76254818E-04-1.60925922E-02 4.49652066E-02-2.11088911E-02-5.38374534E-02
20  2 9.81677647E-02 2.25423036E-01 1.69913813E-02 1.46295198E-02 1.53747904E-02
20  3 3.21236287E-02 1.27931567E-03-1.45419240E-01-1.45996360E-02-1.49595513E-02
20  4-3.02315173E-03-6.85258722E-03-2.23282536E-02 6.19622995E-03-2.77129532E-02
20  5-1.12544020E-02-1.57224800E-01-8.72214441E-03-7.72974645E-03 8.68046501E-03
20  6 9.56505753E-03-2.11529524E-02 1.95546513E-02-3.58208852E-02-1.61060119E-02
20  7 1.09627757E-02 1.35730132E-02 1.36713515E-03-9.01009511E-03 3.51155523E-02
20  8 1.59320446E-02 2.11359386E-02 1.69593726E-01-2.72328833E-01-2.44162914E-02
20  9-7.25409493E-02 4.32100048E-03-7.97770897E-02-1.09755582E-01-3.39134987E-02
20 10-3.26287924E-02 1.30948153E-02-5.53966569E-02 5.47580971E-03-4.32552127E-02
20 11-6.27718372E-02 9.96873887E-02-4.68075400E-02 5.14304938E-02-1.63598226E-02
20 12-3.66300921E-02 1.16873202E-02-1.05383396E-01 4.62534325E-02-1.46000749E-01
20 13 5.53535518E-02 3.64864040E-02 1.91290122E-02 3.08356584E-02-8.29938454E-03
20 14 3.03046356E-02 1.89024167E-01-1.34603891E-01-1.69021980E-01-7.33399127E-02
20 15 1.93873048E-01-1.57476357E-01-3.56844802E-01 1.02929956E-02-3.65143635E-01
20 16-1.36957149E-01 1.56949924E-01-8.69593198E-02-4.87451117E-02-1.48276140E-01
20 17-1.20784774E-01-3.46449535E-02-3.07530704E-01 2.74681110E-03-3.79093050E-02
20 18-2.07816797E-02 7.06922723E-03 2.84151787E-02-6.76235312E-02 5.41891673E-02
20 19 7.12499792E-02 1.97410570E-02 1.27868259E-02 4.47625706E-02-2.05994692E-02
20 20 1.45074371E-03 1.17198019E-02-2.48621641E-01 5.23758933E-01 1.14566060E-02
20 21 5.72168065E-03-1.31993270E-02-1.55077589E-01-2.84134126E-02 2.09600300E-01
20 22-2.91633105E-03 1.65608087E-02-1.57452398E-02 6.37301910E-03 2.33587323E-02
20 23-4.85885839E-03
21  1 3.28030790E-03 2.62282379E-02-4.79615961E-02 1.70072487E-02 3.78835177E-02
21  2-2.31954799E-01-1.48338011E-01-1.82926996E-02-7.69441961E-03-4.24897300E-02
21  3 3.02384929E-02 7.75813881E-02 1.43065264E-01 4.58535536E-03-6.76437225E-03
21  4 1.48538640E-02 8.98939141E-03 1.16971813E-02 1.78699054E-03 4.63167534E-03
21  5 3.05875449E-01-4.73787270E-02-1.95268179E-02-5.52956583E-04-3.13647187E-02
21  6-3.98808966E-02 6.98550798E-02 4.11279285E-02-4.19909673E-03 1.17493633E-02
21  7-2.95545460E-02-1.94997219E-02-1.44691722E-02-4.55830486E-03 8.41397725E-03
21  8 3.85127642E-03 1.05435454E-01-2.81042339E-01 1.56643613E-01-4.47135574E-02
21  9 1.29462586E-01 7.35572917E-02-7.93436605E-02 3.14131475E-01-8.41852100E-02
21 10 3.76730255E-02-5.16780128E-02 8.81479769E-02 2.78895548E-02-4.32059227E-02
21 11 1.52808846E-01 5.82418151E-02 4.23428509E-02-5.97492518E-02-6.84606015E-03
21 12-2.66982656E-02-1.77785969E-03 3.82525444E-02-9.86814245E-02-9.43006134E-02
21 13 1.50108303E-02 6.26379079E-02-6.01780203E-03-4.89140461E-03 1.19728321E-02
21 14 2.46263135E-02 7.31154159E-02-9.79398018E-02-4.45004509E-02 1.00110070E-01
21 15 2.43835202E-02-1.94812615E-01 8.01277673E-02-1.12032197E-01-3.74696194E-01
21 16 9.12243995E-02-1.22111668E-02-9.02895768E-02 5.58414268E-02-9.99611194E-02
21 17-1.72504970E-01 2.04931632E-02 4.01740783E-01-7.61106457E-02 4.00528450E-02
21 18 2.74665404E-02-5.16847133E-03-5.07305530E-02 1.11663382E-01-5.28176602E-03
21 19-7.51751293E-02-3.26462339E-02-2.41262578E-02-6.02002143E-02 8.55229425E-03
21 20-6.37450374E-03 4.52415396E-02 1.88197802E-01-3.70667222E-01 7.61537552E-04
21 21-1.10020863E-02-9.63078662E-03 8.54580697E-02 9.26170524E-02-2.05713699E-01
21 22 1.93995604E-02-1.95800720E-03 6.01544489E-02 5.33641548E-03-2.22088922E-02
21 23-2.47668559E-03
22  1-1.10956554E-03-1.93184794E-02 4.58411499E-02-2.10760892E-02-5.03009838E-02
22  2 9.51559942E-02 2.34979716E-01 1.35750772E-02 6.95523395E-03 2.45881574E-02
22  3-2.06880899E-02-3.36183806E-02-1.30911701E-01-1.54771898E-02-3.66243353E-03
22  4-1.05859669E-02-2.36541833E-03-1.79233127E-02 8.31969282E-03-3.32071414E-02
22  5-9.01323030E-03-1.68089182E-01-2.41487960E-04 4.97547041E-03 3.94283507E-03
22  6 1.55049227E-02-2.35280262E-02 1.84657951E-02-1.84863480E-02-2.16063643E-02
22  7 5.95524664E-03 1.78548610E-02 6.76586784E-03 1.77870727E-03-8.31036911E-06
22  8 3.66549878E-03-5.96895427E-02 2.40407543E-01-2.09434867E-01 4.05460692E-02
22  9-8.58776346E-02-3.82603731E-02 7.06558099E-02-1.90693677E-01 5.43027248E-02
22 10-3.33677083E-02 2.10532585E-02-6.22176509E-02-2.37004185E-02 3.82351791E-02
22 11-9.38516034E-02-7.53310209E-03-6.60619858E-02 3.64897487E-02 6.75003011E-03
22 12 7.03031935E-03-4.39205228E-04 1.70468084E-01-4.74516600E-02-1.03735646E-01
22 13-1.78546980E-02 2.95918107E-02-1.48093329E-02-4.47397112E-02 2.66186186E-02
22 14 1.60856067E-02-1.51535095E-02 3.44581957E-02 1.09703452E-02 2.13755186E-01
22 15-1.25435386E-01-9.75966944E-02 4.03255113E-01-1.80323090E-01-1.65218756E-01
22 16 2.24624911E-01-1.73153358E-01-5.30617018E-02 1.13340760E-01 4.97491720E-03
22 17-1.15060501E-01-3.69096157E-02-3.18726722E-01 2.73158806E-02-3.86858486E-02
22 18-2.15533739E-02 4.63420106E-03 2.43280272E-02-6.04113403E-02 2.46203243E-02
22 19 7.28250055E-02 1.86551821E-02 1.21091265E-02 4.32176145E-02-1.15674090E-02
22 20 2.78195466E-03-1.94644875E-02-1.96544289E-01 4.63619080E-01 3.84589430E-03
22 21 9.27489155E-03-3.10001213E-03-9.37405560E-02-4.67397033E-02 2.28437466E-01
22 22-1.11876088E-02-2.65345251E-04-4.57637348E-02-1.17280236E-03 1.73498231E-02
22 23-4.54272983E-03
23  1-7.37829782E-03-7.08545125E-02 1.60134691E-02-3.23414300E-04-1.73632336E-01
23  2 5.84740731E-01 8.09020742E-01-2.51239774E-02-2.45015328E-02 1.60879042E-01
23  3-3.48030360E-01-5.26056069E-01-2.21014351E-01-2.13133778E-02 8.10786404E-02
23  4-9.09780524E-02 1.43982745E-02 2.67232466E-02 2.29090907E-02-1.33400068E-02
23  5-7.66658586E-01-1.15809867E-01 1.30727271E-01 6.46024847E-02 1.44802710E-03
23  6 1.08801090E-01-1.77931099E-01-8.79737577E-02 1.11240037E-01-1.01012723E-01
23  7-2.19892076E-02 1.11600048E-01 4.57691215E-02 9.69780894E-02 1.22742059E-03
23  8-6.77846923E-03-2.12384998E-02-4.96616419E-02 6.22477645E-02 8.68853772E-02
23  9 7.82827934E-02 7.39030954E-03 2.08125590E-01 1.46680222E-01 5.74485929E-02
23 10 1.87978519E-02-4.14582307E-02 4.96016793E-02-3.04485885E-02 1.13000125E-01
23 11 7.84042034E-02 1.66311461E-02-5.11551600E-03-4.15291880E-02-4.69899676E-03
23 12-4.13198983E-03-1.01913128E-03-5.48343541E-03-2.45281370E-02 2.17378234E-03
23 13 9.74649995E-03 1.22923344E-02 5.77420460E-03 6.49263292E-03-2.04385527E-03
23 14 1.88516725E-03 1.14791400E-02-2.08300191E-02 6.22289739E-03-1.32714415E-02
23 15 2.20460997E-02-2.25074323E-02-4.54038891E-02 1.25987755E-02-4.57449727E-02
23 16-1.65699724E-02 2.41893669E-02-9.14048906E-03-6.31095716E-03-1.95466093E-02
23 17-1.50680862E-02-3.08797686E-02-1.00458452E-01-8.12264282E-02-1.75224796E-02
23 18 5.65394946E-04-2.20994038E-04-6.77575815E-03 5.16095924E-02-6.81644845E-02
23 19 4.10419476E-02-2.81420571E-03-3.05055726E-03-7.45951237E-03 1.76214748E-02
23 20 6.33626627E-03 8.62660013E-03-3.43026454E-02-3.40293032E-02-7.40653392E-03
23 21-1.92798749E-03 7.06027590E-03 1.23467164E-01 5.51539138E-02-6.01164125E-02
23 22 2.68022440E-02-1.55961888E-03 9.12625114E-03-2.73115142E-03-1.98125396E-02
23 23-1.05953353E-02
24  1 3.29183630E-03 2.66274793E-02 2.74816531E-02-1.75212176E-02 6.93710532E-02
24  2-2.82157326E-01-3.05523993E-01 2.06610277E-02 1.72432022E-02-7.07275615E-02
24  3 1.62443632E-01 2.63411455E-01 4.76469739E-02 5.32023008E-03-4.24670956E-02
24  4 4.42136136E-02-8.32011190E-03-2.30505637E-02-8.05599528E-03-4.18685275E-03
24  5 3.88375922E-01-1.01876914E-02-6.87676592E-02-2.77937942E-02 6.72269348E-04
24  6-5.31487121E-02 8.14190363E-02 6.24331152E-02-6.51761210E-02 4.50106361E-02
24  7 1.58132480E-02-5.01152570E-02-1.99677025E-02-4.78828412E-02-5.36120254E-04
24  8 1.88549823E-04-4.70455247E-02 1.41162489E-01-1.03068922E-01 2.16387508E-01
24  9 8.77911194E-02 3.93533607E-03 4.75651570E-01 1.82052356E-01 1.46120060E-01
24 10 2.23443957E-03-8.33393401E-02 4.30838769E-02-8.26832975E-02 2.60609625E-01
24 11 9.69431464E-02 1.66373511E-02-1.76398755E-02-1.19335963E-01-7.66698643E-03
24 12 3.02280356E-03 1.15727261E-03 5.12499912E-03-4.01264470E-02 4.31329657E-03
24 13 1.38892203E-02 1.05877353E-02 1.10314765E-02 8.79059994E-03-3.72867871E-03
24 14-3.45995348E-04 7.16308096E-03 1.62232992E-02 1.16049723E-02-2.59240809E-02
24 15 2.09923220E-02-5.60793364E-03-6.40054636E-02 2.69501283E-02-1.60207874E-02
24 16-3.32742604E-02 2.33817241E-02-5.12983827E-03-1.58261445E-02-1.22529727E-02
24 17 1.63682905E-05-5.37471711E-03-2.39294895E-01 1.23188855E-01-2.11486894E-02
24 18-1.56832194E-02 4.32362574E-03 1.87071375E-02-6.51548729E-02 4.84917113E-02
24 19 4.08046569E-02 1.96895422E-02 1.52271190E-02 3.41763533E-02-1.70196187E-02
24 20-8.25763692E-04-1.93191777E-03-2.20318368E-01 4.17877638E-01-4.58815057E-03
24 21 3.04151463E-03-1.54705804E-03 1.06181256E-01 9.64076900E-02 2.00273858E-01
24 22 3.50505696E-02-1.29916688E-02-3.90073782E-02-7.67342278E-04-1.87101206E-02
24 23-3.54414153E-02
25  1 3.14822018E-03 5.97607628E-02-5.95582857E-02-2.45661723E-03-2.41186385E-01
25  2 5.09442591E-01 5.47401023E-01-9.54742386E-02 9.26047517E-02-1.89383212E-02
25  3 3.81896052E-01-1.75024096E-01 2.55369108E-01 4.60016961E-02-7.52195977E-02
25  4 2.56913520E-02-6.94751085E-02 1.54557257E-01-6.35767196E-02 1.78407413E-01
25  5-4.70895528E-01-1.77540975E-01 6.28790639E-02-1.77038679E-01-8.42290156E-03
25  6 2.87802086E-02-7.86893683E-02-2.24121746E-01-1.59067991E-01-8.07926518E-02
25  7-1.52466155E-01 4.50503733E-02-1.18099956E-01-3.17394123E-03 1.94500066E-03
25  8 7.65166071E-03 1.10391069E-02 5.87092947E-02-8.76858482E-02 1.91667569E-02
25  9-1.52213650E-02 4.71306628E-03 3.21479379E-02-1.32751283E-02-1.22822209E-03
25 10-9.58361058E-03-5.27367797E-03-1.33910430E-02-8.59266550E-03 1.76610492E-02
25 11-8.96783074E-03 4.16651206E-03-2.06298570E-02-1.66157631E-02-1.12261787E-03
25 12 1.77319494E-03 1.90695844E-03 9.48030081E-03-6.19177969E-03-1.63080243E-02
25 13 3.72480976E-03 2.96301889E-03 2.04781147E-03-1.13904422E-03 1.06347251E-03
25 14 1.50281026E-03 4.09019794E-03 5.41537544E-03-2.39754992E-03 6.41281748E-03
25 15 1.04580578E-03-6.72645154E-03 2.47024517E-03-6.30136909E-03-1.48467675E-02
25 16 2.26747533E-03-3.82654829E-03-5.62520226E-03 2.32106782E-03-3.28796578E-03
25 17-6.38136812E-03 4.42422167E-01-1.52287093E-01 1.56304804E-01-5.48268898E-04
25 18-1.84011355E-02 3.05416152E-02 4.83566532E-01-1.34026543E-01 2.49901077E-01
25 19-1.65541165E-01 1.17767707E-01 1.09495886E-01 8.52577144E-03-8.38344264E-02
25 20-1.34197680E-02 3.41706600E-03-6.36108688E-02 2.04870571E-01 5.11684487E-03
25 21-4.21159774E-04-4.57774571E-03-5.64907049E-02 1.77537674E-02 1.10544600E-01
25 22-1.01148547E-03-1.70268416E-03-1.51318509E-02 2.95519689E-03 5.48729074E-03
25 23-6.37939958E-03
26  1 1.27443756E-02 1.36200027E-01 5.20447574E-02-7.72990159E-03-2.15419565E-01
26  2 2.14204380E-01 4.96447707E-01-1.63370712E-01 7.33923032E-02-1.08212997E-01
26  3 6.15341423E-01-2.70851638E-01 6.30656000E-01 8.79981171E-02-7.00062863E-02
26  4 8.30552855E-02-6.96609596E-02 2.21657114E-01-5.21528714E-02 2.18247244E-01
26  5-2.94460304E-01-2.95319693E-01 1.02545508E-01-1.73689639E-01-1.54041329E-01
26  6-8.62890501E-02-1.15029199E-01-1.76580050E-01-1.17236585E-01-4.96185479E-02
26  7-2.42838813E-01 2.52847327E-02-1.53329396E-01 1.26578553E-02-3.30120164E-03
26  8-6.78472658E-03-1.86430337E-02-3.29261104E-02 6.62670894E-02-1.10745394E-02
26  9 6.36986416E-03-9.38710980E-03-1.34346476E-02-1.54477535E-02 1.08778005E-02
26 10 5.63993781E-03 7.47913245E-03 6.51324947E-03 4.42346982E-03-8.52381416E-03
26 11-2.31503583E-03-7.88779928E-03 5.44322412E-02-7.91557380E-02 3.75540021E-04
26 12-1.21915504E-03 1.74798323E-03-9.26821742E-04 5.20343065E-03-6.83563767E-04
26 13-6.82586904E-03-5.37261932E-03-5.79052561E-03 3.84260185E-05-5.92542766E-04
26 14-2.36260193E-03-1.47866064E-02 3.13139786E-02 2.12324353E-02-4.13190130E-03
26 15-6.38698216E-03 6.47145041E-03 9.36883656E-03 1.37713598E-02 2.13687339E-02
26 16-2.43965089E-03-2.87691389E-03 1.79699220E-03-2.59309202E-04 5.13417163E-03
26 17 7.22241191E-03-3.39028055E-01-1.36496528E-01 1.68433871E-02-8.36940320E-03
26 18 8.20065373E-03 5.00070048E-03-3.52308809E-01 7.50233022E-02-4.07824421E-02
26 19 1.69135247E-01-5.92889671E-02-5.37277418E-02 7.01717898E-03 9.10208211E-03
26 20 3.46651937E-03 3.03851196E-03-4.03981207E-04-1.05157360E-01-2.76347437E-03
26 21-1.36215317E-04 6.49658974E-03 3.56526875E-02-1.36232112E-02-8.81167627E-02
26 22 6.31057028E-03 7.24110506E-03 1.43852546E-02-2.59629289E-03-4.17246237E-03
26 23 6.14393803E-03
27  1 7.07180055E-03-1.39024597E-02 3.49573215E-02 2.43533657E-03-8.63231789E-02
27  2-5.90864290E-01 7.62083308E-01 3.04347808E-02 5.76586022E-02-3.53030297E-02
27  3 6.49648945E-02 3.67785804E-01-3.12572823E-01-1.16987813E-02-7.38267686E-02
27  4 3.48554197E-02 1.93367451E-02-5.96538092E-02 4.14282219E-02 4.91080536E-02
27  5 6.01368247E-01-4.90538571E-01-4.59103038E-02 1.28089814E-01-1.60041612E-01
27  6-2.29180966E-01-3.69566825E-02 4.91445376E-01-1.01507920E-01 4.97584831E-02
27  7-6.27980424E-02 1.59055071E-02 1.83035456E-02 1.83373096E-02-1.73839019E-02
27  8-1.64178164E-03-1.91017272E-02 3.20804828E-02-2.33207689E-02 3.51694434E-03
27  9-1.64553740E-02-1.23218163E-02 6.44377131E-03-6.86881104E-02 1.99271261E-02
27 10-4.60069288E-03 9.43453612E-03-1.02117122E-02-3.10229241E-03 2.34158908E-03
27 11-2.38741894E-02-1.60799677E-02 1.98831333E-01-3.16060658E-01-3.17563630E-03
27 12-2.42436162E-03 8.66699897E-03 6.41950831E-03-2.10368054E-02-4.92539928E-03
27 13-1.87259932E-02-1.01514608E-02-1.63657366E-02 2.90482856E-03-2.44643276E-03
27 14-1.21124360E-02-5.50594615E-02 1.54623670E-01 7.29332244E-03-2.08249021E-02
27 15-2.54533008E-02 2.99508936E-02 2.84927939E-02 4.21959426E-02 8.68476925E-02
27 16-1.14905353E-02-1.29787835E-02 9.84645503E-03-7.45508706E-03 2.05901844E-02
27 17 2.94078134E-02 2.35031445E-01-5.54102209E-02-3.48124496E-01-1.14370151E-01
27 18 6.28196707E-02 2.33219826E-02 2.36596967E-01 6.24745229E-01 1.00307455E-01
27 19 1.50760051E-02-3.71476082E-02 1.28728883E-02-1.84589845E-01-4.19264225E-02
27 20-1.04533531E-02 1.20860667E-02-8.40642443E-02 2.08260558E-01-6.43240939E-04
27 21 8.09890206E-04-1.31078756E-03-1.16720965E-02-6.44211409E-03 3.60076861E-02
27 22 5.23891271E-03 7.35136129E-03 1.66254250E-03-1.10312238E-03 2.31459057E-03
27 23 1.93523114E-03
28  1-2.02116760E-03 1.88569476E-02 5.66983682E-03 1.59344737E-02 6.48150258E-02
28  2 3.84812117E-02-7.72467641E-01 2.65253085E-02 1.13597574E-01 2.40610039E-02
28  3 2.29124996E-02 3.49137969E-01-2.19116832E-01 1.46246953E-01-3.35024354E-02
28  4 1.25562187E-01-5.02424612E-02 8.52313343E-02-8.85510614E-02 3.50313491E-01
28  5-1.11964920E+00 1.86223064E+00-2.32183023E-02 1.72074574E-01 5.33638176E-02
28  6 1.24310680E-01-4.47408562E-01 7.97222529E-02-1.15809591E-01 1.60978922E-01
28  7 3.21641480E-02 8.33950148E-03-8.35989961E-02 1.01661150E-01 1.24901204E-02
28  8 2.67206472E-03 1.57668195E-02-3.04819868E-03-8.05303373E-02-5.64347014E-04
28  9 8.43101969E-03 1.25058027E-02-5.51931132E-03 5.34697487E-02-2.27273610E-02
28 10 9.54238529E-04-8.86928293E-03 4.97239563E-03 1.20776671E-03-1.67625808E-03
28 11 1.68353720E-02 1.36381996E-02-1.36829015E-01 2.98801197E-01 1.84513096E-03
28 12 1.06296361E-03-8.81989436E-03-4.92369493E-03-1.12976323E-03 1.21009915E-02
28 13 1.17046326E-02 1.05184638E-02 1.04548098E-02-1.22028626E-03 1.67997598E-03
28 14 8.10722861E-03 2.07224938E-02-7.20079606E-02-9.12990335E-02 1.88491855E-02
28 15 1.82978842E-02-2.31210253E-02-1.83024899E-02-4.53844097E-02-6.21142178E-02
28 16 7.07335959E-03 1.39584326E-03-1.22217432E-02 8.15515919E-03-1.50318541E-02
28 17-2.27620346E-02 3.53630285E-02 1.92105873E-01-5.21291953E-01-2.79445411E-02
28 18-8.36812271E-03-5.50735673E-02 1.02427893E-01 1.00403584E-01-3.86128723E-01
28 19-3.02268996E-02-2.40763932E-02-1.06967342E-02-1.95611892E-02 1.20110029E-01
28 20 2.27853436E-02-4.01927605E-03 5.96568256E-03 4.36669731E-02-2.09686843E-03
28 21 2.97418058E-03-4.95096883E-03 1.27538370E-02-7.31160731E-03 1.39587567E-02
28 22-2.78205015E-03-3.94315144E-03-1.10766554E-03 8.10273379E-04 4.65802031E-04
28 23-3.74589764E-03
29  1-2.79664908E-03 1.58959636E-02 3.30231658E-02-3.02691467E-02 3.08139813E-01
29  2-5.82161087E-01-7.72302354E-01-4.52782748E-02-3.33627526E-02 1.39221446E-02
29  3-4.77761159E-01 2.11518758E-01-3.61771746E-03 8.87140266E-02 9.48421803E-02
29  4 5.36346257E-02 5.32400793E-02 2.13642650E-02-2.59216954E-02 2.19178742E-01
29  5-2.60191968E-01 9.24802577E-01-1.31016973E-01 1.90911345E-01 1.18693909E-01
29  6 3.02841072E-01-1.41170542E-01 1.50346784E-01 5.52206739E-02 4.21765259E-02
29  7 2.03148907E-02-8.12876498E-03-8.23307257E-02 1.21843489E-01-6.57667461E-03
29  8-1.10535153E-02-4.74868947E-02-1.04765719E-02 1.59505917E-01-8.26422762E-03
29  9-8.34068091E-03-2.99424922E-02-1.18984770E-03-1.12349614E-01 5.50760046E-02
29 10 2.34995668E-03 2.08138501E-02-2.92641336E-03 1.35970665E-03-3.78783391E-03
29 11-3.10909782E-02-2.73752616E-02 3.08625905E-01-7.37177955E-01-5.52091682E-03
29 12-9.81338721E-03 1.68488950E-02 2.00342325E-02 1.86789929E-03-8.04990049E-02
29 13-2.47304495E-02-1.41068416E-02-2.79390478E-02 3.64865155E-04 5.93790206E-04
29 14-3.17877266E-03-4.60126409E-02 1.16976792E-01 2.16311925E-01-3.69224222E-03
29 15-6.83820270E-03-2.26868337E-02 3.52265581E-02 6.13244048E-02-1.42590270E-02
29 16-4.59082191E-03 2.24222350E-03-1.63421180E-02 9.47359512E-03-8.56379645E-03
29 17-1.02245994E-02-1.96512056E-02-8.66542534E-01 9.35155105E-01-1.34681805E-02
29 18 9.94190642E-04 8.26110028E-02-1.20073950E-01 1.21063583E-01 4.93543013E-01
29 19 1.56390288E-01 5.86450750E-02 4.81849529E-02-1.38255103E-02-1.52750328E-01
29 20-1.96202359E-02 1.63339750E-02-1.19410895E-01-1.32503054E-02-4.25679508E-04
29 21-3.30843223E-03 1.25562066E-02 2.17771277E-02-4.07403327E-03-9.83171990E-02
29 22 1.86260515E-02 2.09765893E-02 2.11823052E-02-3.93646697E-03-3.50072097E-03
29 23 1.13941926E-02
30  1-1.14729204E-02-1.21579505E-02-6.56170992E-02 3.75720409E-02-2.09859804E-01
30  2 2.77407458E+00-1.28117871E+00 5.47995583E-02-6.00835794E-02 8.28048361E-02
30  3 7.55255942E-01-9.75868616E-01-1.21442119E-01-1.25648325E-02-8.52566714E-03
30  4-1.07732398E-01-1.03825240E-01 3.23411235E-02 4.89680107E-03-1.66539490E-01
30  5-2.53849957E+00 1.39784834E+00 2.39190134E-01-1.76476446E-01 1.09550953E-01
30  6 1.77326506E-01-7.11895440E-01-8.05721038E-01 1.35072762E-01-2.41642891E-03
30  7 1.30850746E-01 2.48512323E-02 1.11349974E-01-4.42502621E-02-9.66648180E-04
30  8 1.60247717E-02 2.90726881E-02 5.38183100E-02 6.05114237E-02 4.13856849E-02
30  9-4.70055714E-02 1.69874474E-03 6.10945723E-02-6.68006866E-02-7.59259230E-03
30 10-1.23464791E-02 5.19941060E-03-2.60846806E-02-1.82628531E-02 3.11119513E-02
30 11-3.28122501E-02-8.56938433E-03 6.82157513E-02-3.39784664E-01-1.68660506E-03
30 12-9.02916562E-03 8.84674520E-04-2.23268134E-02-2.93684505E-02-4.56953559E-03
30 13-6.06086496E-03 7.63365537E-03-5.85047585E-03 3.90677939E-03-2.60938577E-03
30 14-5.89944818E-03-4.19543114E-02-2.01577475E-01 4.44574053E-01-1.08544495E-02
30 15-5.74729041E-05-6.78191923E-03 2.03775108E-02 5.81135732E-02 1.47058260E-02
30 16 2.57862058E-02 4.56742395E-02 2.35560698E-02 1.15093005E-02 5.69741587E-04
30 17 4.89801792E-03-2.05921382E-01 1.26244176E+00-1.05643549E+00 7.57939805E-02
30 18 6.06379050E-02 4.16529600E-02-2.38707663E-01 1.15247246E-01 2.28501451E-01
30 19-1.22335351E-01-1.28049373E-01-1.14539795E-01-6.78588835E-02-7.27096030E-02
30 20-2.12010102E-02-1.43341272E-02 3.93207877E-01-1.35972575E-02 1.32921060E-02
30 21-1.91792124E-03-2.02523961E-02-1.64559797E-01 3.83944175E-02 3.06613274E-01
30 22-5.03474862E-02-4.98452173E-02-6.86873285E-02 5.97331169E-03 8.69867177E-03
30 23-1.18836339E-02
 $END   
 $GRAD  
E=     -608.9607405824  GMAX=  23.2797097  GRMS=   5.9721416
CL          17.    1.1360578600E+01    4.0868077446E+00    2.2444413788E+01
C            6.    6.9548710954E-01   -1.0188854561E+00   -1.0306165970E+00
C            6.    1.0479823524E+00    1.4494831027E+00   -5.9602781771E-01
O            8.   -1.3141417726E+00    2.9225055002E-01    2.8520655915E-01
H            1.   -3.3908718643E-01    1.6630569363E+00    2.0319881933E+00
H            1.   -1.1766998613E+01   -4.9376039690E+00   -2.3279709695E+01
O            8.   -2.6447994168E-01   -9.4614953826E-01    3.6588387344E-01
O            8.    5.9217476072E-01   -1.3074541623E+00    2.1588192324E+00
H            1.   -2.4820889474E-01    1.0365570310E+00   -2.9244408405E+00
H            1.    2.0332122046E-01    6.2626772682E-01   -3.5729045277E-01
H            1.    6.6263449560E-02    2.5759491946E-01   -7.7983247612E-02
H            1.   -6.7543115479E-02   -1.6025232261E+00    8.6847858932E-01
H            1.    3.4652031177E-02    4.0059834072E-01    1.1127841514E-01
 $END
-------------------- DATA FROM NSERCH=  12 --------------------
 COORDINATES OF SYMMETRY UNIQUE ATOMS (ANGS)
   ATOM   CHARGE       X              Y              Z
 ------------------------------------------------------------
 CL         17.0   2.5993283710   0.3282106068  -0.5751377587
 C           6.0   1.8020608342   0.9271478600  -0.9346629751
 C           6.0   3.3291817986   1.7134891512  -1.7411121743
 O           8.0   2.5928570562   2.8063403850  -2.4941156446
 H           1.0   2.0153551263   0.9652785638  -0.5884752712
 H           1.0   2.5352406724   0.3756754382  -0.6120960960
 O           8.0   3.3995033465  -0.0056534753  -4.1080279365
 O           8.0   3.6717657517   2.8039859514  -5.0762266451
 H           1.0   3.6577145819   2.9024555029  -5.3986292228
 H           1.0   3.6383842839   0.7806366294  -4.3438748136
 H           1.0   3.1653834990  -0.3355172857  -4.2155490842
 H           1.0   3.7216477598   1.8460206616  -1.7679300600
 H           1.0   3.2956469184   3.0078100106  -4.1869823178
