 $DATA  
Chloroacetaldehyde hydrate and water                                            
C1       0
CL         17.0      3.0904100000      0.6828600000      0.4561300000
   N21     3
        
C           6.0      2.7704500000      0.1622000000     -1.3362600000
   N21     3
        
C           6.0      3.3750000000      1.1915800000     -2.2362900000
   N21     3
        
O           8.0      2.6937300000      2.3598100000     -2.2922200000
   N21     3
        
H           1.0      1.6892500000      0.1265400000     -1.4367000000
   N21     3
        
H           1.0      3.2422200000     -0.8057400000     -1.4602900000
   N21     3
        
O           8.0      3.2324500000      0.3881400000     -3.8407200000
   N21     3
        
O           8.0      3.7466700000      2.8014400000     -4.5586500000
   N21     3
        
H           1.0      3.1566000000      3.1709600000     -5.2535900000
   N21     3
        
H           1.0      3.6235600000      1.7769800000     -4.5322100000
   N21     3
        
H           1.0      2.2442500000      0.3464400000     -3.9473800000
   N21     3
        
H           1.0      4.4619600000      1.2257800000     -2.2217100000
   N21     3
        
H           1.0      3.0892500000      2.8783900000     -3.1019800000
   N21     3
        
 $END      
 $ZMAT   IZMAT(1)=
         1,   7,  10,
         1,   8,  13,
         1,   1,   2,
         1,   2,   3,
         1,   2,   5,
         1,   2,   6,
         1,   3,   4,
         1,   3,   7,
         1,   3,  12,
         1,   4,  13,
         1,   7,  11,
         1,   8,  10,
         1,   8,   9,
         2,   1,   2,   5,
         2,   1,   2,   6,
         2,   1,   2,   3,
         2,   2,   3,  12,
         2,   2,   3,   7,
         2,   2,   3,   4,
         2,   3,   7,  10,
         2,   3,   4,  13,
         2,   3,   7,  11,
         2,   3,   2,   6,
         2,   3,   2,   5,
         2,   4,   3,  12,
         2,   4,   3,   7,
         2,   4,  13,   8,
         2,   5,   2,   6,
         2,   7,   3,  12,
         2,   7,  10,   8,
         2,   9,   8,  13,
         2,   9,   8,  10,
         2,  10,   8,  13,
         2,  10,   7,  11,
         3,   1,   2,   3,  12,
         3,   1,   2,   3,   7,
         3,   1,   2,   3,   4,
         3,   2,   3,   4,  13,
         3,   2,   3,   7,  11,
         3,   2,   3,   7,  10,
         3,   3,   4,  13,   8,
         3,   3,   7,  10,   8,
         3,   4,   3,   2,   6,
         3,   4,   3,   2,   5,
         3,   4,   3,   7,  11,
         3,   4,  13,   8,   9,
         3,   4,  13,   8,  10,
         3,   4,   3,   7,  10,
         3,   5,   2,   3,  12,
         3,   5,   2,   3,   7,
         3,   6,   2,   3,  12,
         3,   6,   2,   3,   7,
         3,   7,  10,   8,  13,
         3,   7,  10,   8,   9,
         3,   7,   3,   4,  13,
         3,   8,  10,   7,  11,
         3,  10,   7,   3,  12,
         3,  11,   7,   3,  12,
         3,  12,   3,   4,  13,
 $END
-------------------- DATA FROM NSERCH=   0 --------------------
 COORDINATES OF SYMMETRY UNIQUE ATOMS (ANGS)
   ATOM   CHARGE       X              Y              Z
 ------------------------------------------------------------
 CL         17.0   3.0904100698   0.6828603330   0.4561297373
 C           6.0   2.7704499815   0.1622000258  -1.3362601577
 C           6.0   3.3750000498   1.1915798049  -2.2362903646
 O           8.0   2.6937303260   2.3598098527  -2.2922208056
 H           1.0   1.6892499760   0.1265401013  -1.4367001252
 H           1.0   3.2422198942  -0.8057400385  -1.4602899881
 O           8.0   3.2324498910   0.3881397866  -3.8407201711
 O           8.0   3.7466696127   2.8014398203  -4.5586481373
 H           1.0   3.1565997206   3.1709601062  -5.2535880769
 H           1.0   3.6235597119   1.7769797661  -4.5322088691
 H           1.0   2.2442498983   0.3464398707  -3.9473802718
 H           1.0   4.4619600532   1.2257796954  -2.2217103618
 H           1.0   3.0892506555   2.8783895353  -3.1019810319
--- CLOSED SHELL ORBITALS --- GENERATED AT 10:08:02 30-JUL-2026    
Chloroacetaldehyde hydrate and water                                            
E(R-WB97X-D)=     -762.2918534798, E(NUC)=  308.9934713123,   16 ITERS
 $VEC   
 1  1 9.85802734E-01 5.34287956E-02-1.80195980E-05-3.23055777E-05-1.74581441E-04
 1  2-1.87739136E-02 5.26658953E-05 9.66438002E-05 6.53787346E-04 1.02754639E-02
 1  3-2.11968428E-04-3.96153801E-04-1.81924286E-03-3.18401428E-05-4.23464802E-04
 1  4-1.31385564E-06-1.08821118E-05-1.50558355E-04 8.86618926E-04 3.56955794E-05
 1  5 4.50585742E-04-1.49734123E-03 9.01295659E-05 6.83799525E-04-1.16107911E-05
 1  6 5.23076341E-06 3.64196282E-04-2.35100367E-03 6.79674203E-04 1.34764378E-04
 1  7-1.64991650E-03-2.08456130E-05-1.63733100E-04-1.29839103E-05 2.80585298E-05
 1  8-8.39753450E-06 6.97606828E-04 1.23656082E-04-3.40607451E-04 2.31036231E-04
 1  9 1.49265295E-04-8.39972061E-04 2.00451260E-04-7.40858972E-04 8.72054881E-06
 1 10 8.41447535E-05 1.06735297E-05 6.48840329E-06 3.82527225E-05-2.66589600E-04
 1 11-5.20188756E-05-5.56747707E-05-1.91924757E-04-1.10262198E-06-4.77484653E-06
 1 12 1.18091621E-06-1.76655821E-06 2.82347276E-05 5.64642098E-05-6.82312439E-06
 1 13-1.28328454E-05-8.55172298E-05-3.47501223E-05 2.65227907E-05 5.06530420E-05
 1 14-2.26868423E-04-9.53678974E-06-9.23770496E-07 2.31307299E-04-2.07862227E-04
 1 15-8.98031529E-06 3.59407338E-05
 2  1 8.69729158E-06-6.80989518E-05-2.19301685E-05 4.66228038E-06 6.01443761E-05
 2  2 6.37446260E-04 1.55238536E-04-2.07176681E-05-3.53745468E-04-8.03014497E-04
 2  3-7.77274261E-04 2.95592074E-04 6.05523445E-04 1.72108227E-04 5.96898878E-04
 2  4-5.91822944E-04-4.73499080E-04 4.29981413E-04-5.33966574E-03 4.39967401E-03
 2  5-4.15301917E-03 1.75734312E-03-7.13850084E-04-2.91021030E-03-3.88381079E-04
 2  6 2.45702938E-03-7.92936766E-06 2.17520797E-02-1.13541108E-02 9.53756631E-03
 2  7-1.14704371E-03 9.82577466E-01 1.05744471E-01 2.85953058E-03-2.12205010E-03
 2  8-1.78565345E-03-5.46428497E-02-7.85206475E-03 8.27371460E-03 4.29891709E-03
 2  9 9.74046544E-04 2.19880944E-03-6.86143475E-04-5.59428212E-04 1.42944958E-02
 2 10 2.62847667E-03-3.27389378E-04 5.46686895E-04 3.38144146E-04-3.34666200E-03
 2 11 1.36348480E-03-2.47084006E-03-1.85126008E-03 7.75139563E-03 1.93322575E-03
 2 12-1.42047955E-04 4.73373479E-05 6.90247269E-04-2.83945896E-03 7.01225383E-04
 2 13 1.19004398E-05-2.75236299E-03 2.15247290E-04-8.88755156E-04 4.31419935E-04
 2 14-4.36818646E-04 9.45469571E-04-9.08170049E-04-6.03261412E-04 1.17981276E-03
 2 15 3.07123995E-03 7.58985509E-03
 3  1-6.16121667E-06 3.91666467E-05 1.03629785E-05 3.08698905E-05-3.66141491E-05
 3  2-7.37310000E-04-6.21758776E-05-1.80816816E-04 2.77868657E-04 1.25303322E-03
 3  3 2.44024584E-04 5.66986145E-04-1.22586457E-03 2.39260008E-04 9.54782560E-04
 3  4-1.47326613E-04-1.93723685E-04 6.59698297E-04-7.30376020E-03-1.45754768E-03
 3  5-2.01682940E-03 2.95243868E-03-9.41088375E-04-5.32133897E-03-3.80509916E-05
 3  6 9.07428055E-04 5.30051507E-04 1.81568007E-02-2.63626173E-03-5.39601482E-03
 3  7-5.40795123E-03-1.41497564E-02-3.22679211E-04-1.07695610E-04-3.80399383E-04
 3  8-3.60301742E-04-3.02216218E-03-1.26441527E-04 2.89646038E-03 1.81797239E-03
 3  9 8.21920862E-04-1.01232432E-03 3.38501120E-04 4.21368248E-04 9.82191077E-01
 3 10 1.02968647E-01-2.17583924E-03 1.67986009E-03 1.13864708E-03-4.37505572E-02
 3 11 4.28137791E-03-4.84539643E-03-3.74172007E-03 1.76772539E-02 3.22345301E-03
 3 12 6.57164613E-05-6.78395260E-04-2.54353529E-05-4.95552233E-03-8.97297782E-05
 3 13 3.43057254E-03-4.34882036E-05 4.77395948E-04-1.43012903E-03 5.87463563E-04
 3 14 7.54348887E-03 3.33255704E-03 5.84034176E-03-1.31416386E-03-1.77719505E-03
 3 15 4.97199262E-04-1.25649470E-03
 4  1 1.00115011E-07-9.50982079E-07 9.05995365E-06-2.48619285E-06 1.50493098E-06
 4  2-2.70561270E-06-4.69895567E-05 1.10314827E-05-4.29444984E-06 8.24677690E-06
 4  3 7.63151064E-05-8.65151852E-07-1.15625414E-05 1.03740216E-05 1.28544942E-04
 4  4-3.42371354E-05 8.00821540E-05-6.86619741E-05-3.38036828E-04 1.56167811E-05
 4  5-1.68731919E-04 1.20069644E-04 8.25602425E-05 5.17486722E-04 3.08489294E-05
 4  6-3.98780736E-05-7.23186374E-05-1.74190978E-03 4.84942313E-04-1.10119183E-03
 4  7 7.07471729E-04-7.25396367E-03 3.63724685E-04 3.56915168E-05 5.05431617E-04
 4  8-2.94951628E-04-3.00534749E-03-4.17961823E-04-2.34012786E-03 1.94266767E-03
 4  9-4.13985358E-05 2.90887214E-04 7.50773232E-05-2.30568059E-04-1.74987742E-02
 4 10-5.59856451E-04 3.73064321E-04 5.86471021E-04-5.08778736E-04-2.15198511E-03
 4 11-1.30286003E-03-2.51321223E-03 1.88727404E-03 9.82235933E-01 1.03233775E-01
 4 12-2.27251088E-03-1.60138012E-03-1.04291582E-03-4.47000375E-02 4.79943491E-03
 4 13 4.34729013E-03 1.57465886E-03 3.04384262E-03 5.63153661E-03 2.36632502E-03
 4 14 1.07038636E-02 5.26739699E-04-1.64430313E-03 3.26509658E-04-7.11704567E-04
 4 15 1.93693737E-04 6.69611067E-03
 5  1 7.77704527E-05-1.00492766E-04 5.04264709E-06 5.65580559E-05-2.12584516E-04
 5  2-2.39470098E-03-2.53320554E-05-3.78517658E-04 1.47031948E-03 3.26450780E-03
 5  3-4.54980597E-04 7.63331798E-05-2.54133831E-03-8.78119203E-03-3.93547636E-03
 5  4-3.50018230E-04-4.75824205E-04 1.37582213E-04 2.52370511E-02 7.12476426E-03
 5  5 1.01120608E-02-1.17303993E-02 9.86484637E-01 1.10041248E-01-2.94535277E-04
 5  6-9.39440916E-04-5.91847312E-04-8.23463436E-02 1.98536439E-03 1.22204823E-02
 5  7-3.82936808E-03 3.90160065E-05-1.71542346E-04 2.89852463E-04 4.08809244E-04
 5  8-2.06766479E-04 6.42222395E-03-1.28244369E-03-2.46707264E-03 1.13422592E-03
 5  9-1.39675487E-03 1.70085735E-03-1.57435592E-03 1.02409868E-03-3.69747483E-04
 5 10-2.62423292E-03-8.17226749E-05-1.44221419E-04-5.39714205E-04 9.13887622E-03
 5 11 6.06274264E-04 2.68835670E-03 7.06674567E-03 3.60568291E-05 2.97220774E-04
 5 12 5.76526876E-06 1.30131767E-04-7.25187554E-05-1.16927252E-03 1.25440197E-04
 5 13-2.22611862E-04-1.04362163E-04 4.03416129E-04-6.40851473E-04-6.29394811E-04
 5 14 1.65489430E-03-1.36885038E-03 3.02863650E-03-4.59847790E-04 1.62389831E-02
 5 15 1.34714743E-04 3.00384238E-03
 6  1-2.67391326E-05-1.64938596E-04 5.73362493E-05 9.19954536E-05 3.40875640E-04
 6  2-2.12484867E-03-3.35832963E-04-5.38613089E-04-1.93962646E-03 1.28726347E-02
 6  3-1.18871274E-03-1.92517019E-03-8.65873631E-03 9.86481246E-01 1.11865755E-01
 6  4 3.71925235E-04 6.29835512E-04 1.14171294E-03-9.04443778E-02-3.28514011E-03
 6  5-5.86958180E-03 2.27488241E-03 8.22394362E-03-1.86769641E-03 4.08094583E-04
 6  6 4.41765627E-04-4.43901558E-05 2.32928719E-02-6.46028672E-03-1.00195090E-02
 6  7 8.58898756E-03 3.88435372E-05 2.38225524E-05-5.09283494E-06 4.69588370E-04
 6  8-3.32071202E-04-1.37006640E-03 9.00993070E-05-2.53281602E-04 5.60508867E-04
 6  9-9.14121056E-05 1.54533406E-02-1.63263092E-04 1.54404738E-02 2.74148099E-05
 6 10 6.14999724E-05 1.80785008E-04 1.98446949E-04-3.07599421E-04-8.38592760E-04
 6 11-5.24589716E-04-6.80172548E-04 1.29298106E-04 2.08873478E-05 1.61806198E-04
 6 12-6.25821149E-05 4.78968395E-05-9.73876928E-05-6.91847912E-04 2.63873340E-04
 6 13-1.45426768E-05 2.41925611E-04 3.14411914E-04-2.92753749E-04-1.08795721E-04
 6 14 1.24032376E-03-3.95242971E-04 9.90445396E-05-1.17828204E-03 1.43902811E-03
 6 15 3.62466168E-04 1.41726753E-03
 7  1-3.05121752E-01 9.77071203E-01-1.45729756E-03-2.53627442E-03-8.61416107E-03
 7  2 1.54287572E-01-5.66442866E-04-1.00906419E-03-5.26163282E-03-6.77232578E-02
 7  3 1.52690338E-03 2.80042213E-03 1.21562190E-02-1.94845366E-05 1.73658871E-03
 7  4-6.11675045E-05-2.61219181E-05 4.77001511E-04-3.07696144E-03 1.32332875E-04
 7  5-2.15905315E-03 9.92075180E-03-1.09933879E-04-3.64197782E-03 7.69810243E-05
 7  6-5.70081653E-05-2.09209930E-03 1.29543276E-02-3.98276183E-03-6.76499645E-04
 7  7 9.55922340E-03 1.06758835E-04 7.96260937E-04 5.20320062E-05-1.52704444E-04
 7  8 5.33806050E-05-3.81925610E-03-6.58371614E-04 1.93100499E-03-1.32764717E-03
 7  9-9.54980165E-04 5.06360438E-03-1.24899332E-03 4.43907553E-03-5.20412731E-05
 7 10-4.73880417E-04-5.49685884E-05-3.05376131E-05-2.31955204E-04 1.61771637E-03
 7 11 2.95175623E-04 3.29190027E-04 1.27864126E-03 6.34507217E-06 3.07917711E-05
 7 12-4.26340298E-06 4.69353504E-06-1.37749683E-04-3.33533446E-04 3.02744251E-05
 7 13 9.74125218E-05 4.55864020E-04 1.83700942E-04-1.64736343E-04-2.76222423E-04
 7 14 1.32893561E-03-1.11252353E-05 1.57981040E-04-1.27016657E-03 1.40998248E-03
 7 15 1.72282708E-05-1.94419567E-04
 8  1-3.23968783E-03 1.09679109E-02 1.57823984E-01 2.59150183E-01 9.22046811E-01
 8  2-3.22293154E-03 1.44349548E-02 2.37224462E-02 8.58249608E-02 4.80651365E-03
 8  3-4.65351114E-03-7.79283710E-03-2.95668014E-02-6.93612977E-04-4.44986829E-03
 8  4-3.15600271E-05-1.09696735E-04-4.29054956E-04 9.58398481E-03 1.25404527E-03
 8  5 3.48318131E-03-3.22955474E-03 4.08769367E-04 2.83351873E-03 4.96872880E-06
 8  6 5.48726984E-05 8.55315267E-04-1.18839923E-02 2.70461822E-03 1.55141325E-03
 8  7-7.69790030E-03-7.27364189E-05-4.59956017E-04-6.38048674E-05-2.11599555E-05
 8  8 1.85114762E-05 2.56499768E-03 5.61386447E-04-1.01474163E-03 7.24775264E-04
 8  9-2.55010187E-04-3.95927124E-03-5.68148348E-05-3.54305445E-03 2.17640770E-05
 8 10 1.62344023E-04 3.79710472E-05 7.07685898E-05 4.19686311E-07-8.48885165E-04
 8 11-1.86486930E-04-3.73753062E-04-2.67062419E-04-6.61884113E-06-3.84440855E-05
 8 12 9.48814811E-06-1.68657777E-05 9.12031751E-05 3.03276556E-04-5.19063723E-05
 8 13-2.17967476E-05-2.94072623E-04-1.49644253E-04 1.39023571E-04 2.39884767E-04
 8 14-9.98891219E-04-2.46491106E-04 4.81724205E-04 9.82538059E-04-4.75612639E-04
 8 15-6.98526532E-05-1.91464503E-04
 9  1 2.39630222E-05-1.25926744E-04 6.17832133E-01 6.87588808E-01-2.98820383E-01
 9  2 4.21676351E-04 5.54027566E-02 6.16897995E-02-2.72740128E-02 2.43476355E-04
 9  3-1.73667424E-02-1.93841833E-02 8.33629914E-03 2.59258599E-05 1.61089643E-04
 9  4-4.93776730E-05 2.77937279E-05 5.25843203E-04-8.70004768E-04 7.68544864E-04
 9  5-5.55801576E-04-2.18695211E-03-1.67018725E-04-1.36942882E-03-8.69625307E-06
 9  6-1.61120889E-04-9.82463696E-04 2.87971922E-03-6.00301774E-04 1.92725214E-03
 9  7 4.61488605E-03 4.28421078E-05 2.55232510E-04 9.98622597E-05 1.08469596E-05
 9  8-4.33388833E-05-1.63761929E-03-6.99603876E-04 5.17029981E-04-4.27300057E-04
 9  9 5.80903697E-04-1.54757937E-03 1.38941651E-04-1.20825858E-03-3.80243792E-05
 9 10-2.85018225E-04-6.48197908E-05-8.72775945E-05-9.32842542E-05 1.11325567E-03
 9 11 3.02090039E-04 5.05674564E-04 7.63407340E-04-1.40550571E-06-1.64957177E-05
 9 12 1.03658964E-05 7.82389921E-06-4.10124896E-05-2.06311333E-05-3.33418291E-05
 9 13-3.69865191E-06 1.52587556E-04 3.46353403E-05-3.03682507E-05-9.85910747E-05
 9 14 3.49387443E-04-6.06345758E-05 3.72986880E-04-8.89311991E-04 1.28394659E-03
 9 15 1.47085610E-04-2.07093914E-04
10  1 2.22691661E-05-6.70530072E-05 7.32978833E-01-6.35502958E-01 5.31242412E-02
10  2-4.22902603E-05 6.55355971E-02-5.68552254E-02 4.83004141E-03-1.02690809E-04
10  3-1.99788858E-02 1.74765791E-02-1.43898987E-03-1.62373854E-06-2.17439062E-05
10  4-5.42719443E-05 3.07745123E-05-9.45558673E-05-1.44224525E-04 1.43887333E-03
10  5-1.18774092E-03 5.67265108E-04 4.17690368E-05 4.61347392E-04-5.65211500E-05
10  6 1.89560150E-04 1.04860795E-04-1.24164484E-03-6.92350633E-04-6.95593901E-04
10  7-2.78893832E-04-4.99751114E-06 2.56891008E-05-4.05804840E-05-5.37785927E-05
10  8 2.85490619E-04 3.26726612E-04 2.76780760E-04 9.02664211E-05-8.23084397E-04
10  9 6.56928791E-04-1.48195549E-03-7.61239626E-04 1.73862479E-03 8.10751616E-06
10 10 7.91171022E-05 2.12312030E-05-4.56344501E-05 4.41206412E-05-2.54201767E-04
10 11-3.68132050E-05 1.51778279E-04-1.75844015E-04-6.51662953E-06-5.63616978E-05
10 12 1.22576701E-06 9.90458895E-06-1.67250864E-05 1.77275791E-04-1.36294431E-05
10 13-6.40757835E-05 7.43394696E-05-1.25855459E-05 6.12407672E-05 3.19750947E-05
10 14-2.30328913E-04-1.00294905E-04 2.54851076E-04-1.46297534E-04 1.39060426E-03
10 15-2.15767851E-04-2.07488625E-04
11  1 2.19371610E-03-1.24392638E-02 4.02134750E-04 7.26288309E-06 3.77095319E-03
11  2 1.57594913E-02-8.29894291E-04-2.34365132E-04-6.84590833E-03 5.47854499E-03
11  3 2.45545005E-03 1.31926630E-03 1.06643262E-03-2.28831154E-02 2.00159536E-02
11  4 5.75066304E-03 1.95414229E-02-1.26422943E-02 4.42295889E-02-1.89750812E-02
11  5 1.80089683E-02 3.11308264E-03-9.76557878E-02 1.05959297E-01-5.53847078E-02
11  6 8.62256279E-02-7.51475172E-03 1.49211593E-01 2.04085842E-02-1.69116280E-02
11  7-6.35088305E-04-2.02767485E-01 1.84970783E-01 7.45288405E-02-6.15699541E-02
11  8-3.98807488E-02 6.31122209E-01 8.31898303E-02-6.75520790E-02-4.96691750E-02
11  9 5.15598332E-03-8.73831599E-03 7.81629192E-03 3.13215663E-03-4.42255161E-02
11 10 4.09777301E-02-1.35735317E-02 1.09462284E-02 1.07581412E-02 1.28084629E-01
11 11-1.80897303E-02 1.76181135E-02 5.84720247E-03-3.93689623E-02 3.40064692E-02
11 12-1.28640881E-02-8.88374362E-03-2.97126470E-04 1.23047448E-01-1.55401432E-02
11 13-1.18791029E-02 6.86192537E-03 1.58254748E-02 5.95868499E-03 2.14790927E-02
11 14 4.47403981E-03 2.02711123E-02 5.93480357E-03 2.38715083E-02-1.70661585E-02
11 15 7.73346916E-02 8.82252157E-03
12  1-1.04301570E-03 5.95572661E-03-2.05485932E-04-6.59807606E-06-1.46111104E-03
12  2-7.73216143E-03 4.62422918E-04 1.10717131E-04 2.79094610E-03-2.99009396E-03
12  3-1.04292050E-03-8.72645069E-04-3.59173912E-04 4.97811434E-03-6.29550506E-03
12  4-8.31966169E-04-5.94647925E-03 3.55699072E-04 2.33375903E-03 8.64288211E-03
12  5-1.08663134E-03-8.57980353E-03 1.93050359E-02-2.16040869E-02 1.69833084E-02
12  6-3.38505477E-02-1.12480322E-02-3.22483243E-02 1.55943432E-03 1.26573790E-02
12  7-1.71036068E-02 5.70772283E-02-5.28647402E-02-1.86267786E-02 2.06114278E-02
12  8 1.90510373E-03-1.86794041E-01-2.29751329E-02 1.92171229E-02 3.79615780E-03
12  9-1.82228095E-03 2.43052036E-03-2.20043745E-03-2.31468779E-04-5.97033973E-02
12 10 5.44429793E-02-1.92667115E-02 1.12238385E-02-2.15695826E-03 1.87355664E-01
12 11-1.62022743E-02 1.65141609E-02-2.06544457E-03-2.14048108E-01 1.99046641E-01
12 12-6.39293756E-02-3.87048940E-02-4.76522561E-02 6.63017619E-01-6.55881520E-02
12 13-4.58034376E-02-4.23280438E-02 1.11420089E-01 2.52920445E-02 9.90557344E-02
12 14 1.68913720E-02 3.04749242E-02 1.03208774E-02-4.58001346E-03 6.74776538E-03
12 15 2.60877354E-03 9.47823951E-03
13  1 1.50978351E-03-8.67445108E-03 1.35597665E-04 5.28486148E-04 2.20022676E-03
13  2 1.15045431E-02-1.58928858E-04-7.79132329E-04-4.96528718E-03 7.98749650E-03
13  3-1.13005700E-03-1.78091395E-03-8.20292053E-04-1.68437476E-02 1.44554334E-02
13  4 4.79690783E-03 2.94774036E-03-1.12331001E-02 4.17226926E-02 2.77289974E-03
13  5-5.28161922E-03-1.40319507E-02-1.99910557E-02 2.50391192E-02 4.95842036E-03
13  6-4.83305450E-02-3.05578958E-02 5.19808991E-02-4.24994082E-03-1.07516301E-02
13  7-1.10626476E-02 4.77402389E-02-4.52116276E-02-1.60125189E-02-1.86531988E-03
13  8 1.03438549E-02-1.55171068E-01-1.81930585E-02 2.76613885E-03 7.59687424E-03
13  9 5.49536810E-03-3.50779245E-04 6.20164703E-03-1.34083273E-03-2.14998011E-01
13 10 2.03658963E-01-8.37863043E-02 1.65124867E-02 1.46231611E-02 6.67347596E-01
13 11-7.82398733E-02 2.21444603E-02 2.01304924E-02 7.23947143E-02-6.68995303E-02
13 12 2.27017242E-02 3.29883736E-03 1.65054617E-02-2.30897299E-01 2.23091610E-02
13 13 7.60186920E-03 1.48233593E-02-4.09964501E-02-1.00473360E-02-6.85904193E-03
13 14 1.07991040E-02 1.24796878E-01 2.77643381E-02 1.07098236E-02 4.56185063E-03
13 15-3.03332515E-02-1.10566753E-02
14  1 6.20733813E-02-3.58072811E-01 7.15762723E-03 1.20991033E-02 4.59695343E-02
14  2 4.57262488E-01-1.45754354E-02-2.43236151E-02-9.29169662E-02 3.04758024E-01
14  3-7.08878516E-04-2.78040484E-03-8.14633445E-03-1.29922067E-01 1.12088387E-01
14  4 1.90420706E-02 2.88308391E-02 3.67516468E-02 3.97814824E-01 2.07569373E-02
14  5 2.91568656E-02 4.08593685E-02-4.20255939E-02 4.96874769E-02-8.85466042E-03
14  6-5.27040277E-02 5.61187563E-02 5.83287364E-02 9.07080072E-03-2.59084451E-03
14  7-6.65002492E-03 3.45919934E-02-3.18822200E-02-1.06932135E-02-1.52872388E-02
14  8 2.39309508E-02-1.19812641E-01-1.27066587E-02-6.44353690E-03 2.24905709E-02
14  9 5.33981070E-02-1.43417611E-02 5.38817965E-02-1.61979094E-02 2.50854797E-02
14 10-2.27645462E-02 1.22704914E-02-1.84048723E-03 8.84068064E-03-8.53075649E-02
14 11 1.10048403E-02-5.75693767E-03 2.65539522E-03-9.42218576E-03 8.74836056E-03
14 12-2.17587180E-03 2.16116082E-04-6.21084058E-03 3.26930310E-02-1.76011736E-03
14 13-6.55567017E-04-6.75829401E-03 6.81938352E-03 3.03780276E-03 1.29612778E-03
14 14-7.52190932E-03-1.65595028E-02-5.35472440E-03 2.14544988E-02-5.78863268E-03
14 15-2.41134752E-02-1.23234525E-02
15  1 5.01496694E-02-2.92066410E-01 6.69407016E-04 7.75349144E-04-1.09329068E-02
15  2 3.60593364E-01-2.12242693E-03-3.41749199E-03 1.97300601E-02 3.48016358E-01
15  3-3.57880296E-03-4.02082480E-03-1.66288452E-02 1.21508957E-01-1.25437376E-01
15  4-2.34264514E-02-3.17084999E-02 1.08774571E-01-3.27643050E-01-6.53357675E-03
15  5 6.41107562E-04 3.37192276E-02 1.16047724E-01-1.20756659E-01 1.42962073E-02
15  6 8.72205004E-02-7.16617763E-02-3.09633481E-01-9.73817458E-04 4.23684056E-02
15  7-2.83061443E-02-5.06779101E-02 4.52612947E-02 5.02519023E-03 6.73965184E-02
15  8-4.85160931E-02 1.97502307E-01 1.02755559E-02 4.27035494E-02-3.93750072E-02
15  9-6.65978747E-02-4.51388135E-03-7.01390948E-02-7.52427252E-04-3.59861730E-02
15 10 3.19028408E-02-2.75554375E-02-3.44540365E-03-3.95216054E-02 1.31856190E-01
15 11-2.32760443E-02 2.46207210E-03-2.11468346E-02 9.00021756E-03-8.24645375E-03
15 12 7.36399647E-04-2.23159452E-03 1.32928417E-02-3.41900319E-02-6.48326265E-04
15 13-3.08833093E-04 1.19397152E-02-1.02440218E-02-5.49057035E-03 1.81722318E-03
15 14 1.10196544E-02 3.07732236E-02 2.19428759E-02-6.44423428E-02 1.91351128E-03
15 15 5.50428788E-02 3.28320811E-02
16  1 1.70599785E-02-1.00351848E-01-1.54394902E-02-2.02815675E-02-2.81159300E-02
16  2 1.23855112E-01 3.10830742E-02 4.12788359E-02 5.48280981E-02 1.49847673E-01
16  3 1.54573951E-02 1.72136950E-02 1.15712610E-02 1.13093572E-01-1.01192812E-01
16  4 9.26323779E-02 1.08529832E-01-2.10094723E-02-4.34682628E-01 4.23797669E-02
16  5 3.96699517E-02-6.49024651E-04-1.31601782E-01 1.33055441E-01 1.06311895E-01
16  6 5.44106897E-02-2.71300758E-03 4.63544601E-01 7.68015941E-02-6.64413600E-03
16  7 1.12092786E-02 5.36188205E-02-4.88485071E-02 6.05944046E-02-1.25888051E-01
16  8 6.53530745E-02-2.18347448E-01 4.74726775E-02-1.01766126E-01 5.60506459E-02
16  9-1.21599889E-01-4.36491859E-02-1.01080878E-01-3.43941613E-02 1.09469483E-02
16 10-8.67685757E-03 5.66181039E-02 3.25578925E-02 4.37126721E-02-4.90057909E-02
16 11 4.63016778E-02 2.58262560E-02 2.66558242E-02-2.52723500E-03 2.17281445E-03
16 12 8.21008192E-03-1.43324694E-02-1.17606933E-02 1.19061074E-02 9.95014185E-03
16 13-1.34554125E-02-8.02664645E-03 6.71586676E-04-1.48636717E-04 1.29914099E-02
16 14 6.54205323E-03-4.38942188E-02-3.67184793E-02 1.44156835E-01 3.68813522E-02
16 15-7.71448480E-02-6.33336957E-02
17  1-1.99070053E-03 1.17833831E-02-1.06294810E-02 1.58226435E-02 4.70516266E-03
17  2-1.29414918E-02 2.18969868E-02-3.22564161E-02-9.71448922E-03-2.31474293E-02
17  3 1.25952310E-02-1.90899430E-02 5.99282194E-04-1.81298433E-02 1.29794522E-02
17  4 9.35656504E-02-1.16049459E-01 1.32689796E-02 1.00099181E-01 9.45016030E-02
17  5-7.96124520E-02 1.12846888E-03-4.62812788E-03-3.41240661E-03 2.35620684E-01
17  6-9.58103537E-02-6.02668558E-02 3.66607281E-02 1.57749710E-01-1.22005264E-02
17  7-7.07595582E-02 9.83352254E-03-1.19161571E-02 4.84181095E-02 2.22582638E-01
17  8-1.60969230E-01-3.43376560E-02 4.47299834E-02 1.98197394E-01-1.47820405E-01
17  9-3.54536610E-02-1.48721653E-02 8.74398620E-02 3.37374805E-02 3.39363938E-04
17 10-1.44709012E-03 8.63651836E-02 3.13869294E-02 3.27937327E-02-1.75717519E-03
17 11 7.61585441E-02 2.73753603E-02 2.56875739E-02 8.75245568E-03-1.10778699E-02
17 12 2.20122324E-02-6.73062094E-02 1.08771158E-01-2.77779665E-02 1.61969665E-02
17 13-5.98096369E-02 1.08189191E-01-7.89937800E-02-5.05826876E-02 4.36534945E-02
17 14 3.43693629E-02-5.95990731E-02-4.08726798E-02 1.20817165E-01 6.20801945E-02
17 15 1.52203034E-01 1.07212081E-01
18  1 1.21718975E-03-7.26430919E-03-1.72279499E-02-1.51281220E-04-4.10597703E-03
18  2 8.02339433E-03 3.59322249E-02 2.77331705E-04 7.83569612E-03 1.93467357E-02
18  3 2.01461871E-02-1.14807201E-03-7.09656945E-04 8.42078564E-03-5.52071286E-03
18  4 1.08492379E-01-2.12793868E-02-1.79542432E-02-6.35698980E-02 7.70219449E-02
18  5-3.81114683E-02-1.90263995E-02-5.72103228E-03 6.01390885E-03 8.64700765E-02
18  6-6.64151811E-02 3.06116900E-02 3.49198369E-02 4.07223103E-02-5.69421982E-02
18  7 5.93952602E-02-1.87491293E-02 1.67561612E-02-4.61806569E-03 1.07517669E-01
18  8-1.56912469E-02 7.84444053E-02-2.26473033E-03 9.96058445E-02-1.18493241E-02
18  9-6.68165963E-02-3.43966084E-02 3.30696871E-02 1.82995858E-02-8.48372005E-03
18 10 1.06145857E-02-6.51814885E-02-8.85233817E-02 3.53529177E-02 3.07328440E-02
18 11-5.97318730E-02-9.09807810E-02 3.82878573E-02 2.15613682E-03 5.31829646E-05
18 12-1.03977706E-01 3.00016332E-01-1.48462487E-01-1.35538250E-02-9.15793328E-02
18 13 2.77808642E-01-1.39249270E-01 1.89898807E-01 1.39285802E-01-1.92781313E-01
18 14-1.66799153E-01 4.79629207E-02 3.41614206E-02 4.84975119E-02 2.35712032E-02
18 15 3.45009132E-02 4.40453907E-02
19  1-9.10161550E-03 5.39604975E-02-3.28689858E-02-6.83481760E-04 7.82653823E-02
19  2-6.52097450E-02 6.91364538E-02 5.40776454E-04-1.64894423E-01-1.01767887E-01
19  3 4.83230774E-02 1.22700759E-02-9.00813247E-02-8.73802838E-03 2.83724944E-03
19  4 2.30858120E-01 7.17870778E-02 5.15683662E-02 4.11586687E-02 1.92438631E-01
19  5 6.19109287E-02 5.36368884E-02 2.34510060E-02-1.78765371E-02 2.57949754E-02
19  6-3.26031002E-02 2.17899817E-01-1.17301746E-01 1.88931568E-02 1.56256660E-02
19  7 1.92180251E-01-3.60477918E-02 3.36232684E-02-2.98371542E-02 8.42244763E-02
19  8 1.48004844E-01 1.46831273E-01-2.97795505E-02 8.28218680E-02 1.46606113E-01
19  9-1.44211487E-01-9.42428267E-02 2.43361995E-02 1.09794971E-02-4.20833737E-04
19 10 1.11337925E-03-1.06601729E-01-5.74709301E-02-1.53496499E-01 7.15120619E-03
19 11-9.33711477E-02-5.46208103E-02-1.45251942E-01-6.41376662E-03 7.71080262E-03
19 12 4.59164816E-02-1.11995344E-01 2.60211939E-02 2.09286553E-02 4.57328141E-02
19 13-1.04503786E-01 1.13958956E-02-5.96668786E-02-5.04363384E-02 6.39391111E-02
19 14 5.91634632E-02 8.48883639E-02 7.06736047E-02-5.00869032E-03-1.94179210E-03
19 15-2.63611238E-02-3.95917992E-03
20  1-8.58382201E-03 5.08555526E-02 1.70199580E-02 5.67103494E-02 4.92898022E-02
20  2-6.63723588E-02-3.60120146E-02-1.19650340E-01-1.02785350E-01-8.56016851E-02
20  3-1.88948383E-02-7.14348354E-02-5.87744936E-02-9.76647059E-03-2.31106828E-03
20  4-4.52913907E-02-2.28560730E-01 1.81350031E-01 1.01163878E-01-2.80412013E-02
20  5-1.56127211E-01 1.31761772E-01 1.23688546E-02-6.34775586E-03 1.27752077E-01
20  6 2.84854409E-01-6.26784983E-02-5.99640060E-02 1.40870088E-01 1.74359329E-01
20  7-3.18987194E-02 1.03172502E-02-1.22527023E-02 1.64498473E-01-1.31468220E-01
20  8 9.51756552E-02-2.09495479E-02 1.63160385E-01-1.37072073E-01 9.60697491E-02
20  9 2.87229261E-02 1.35849098E-02 1.13394831E-01 7.64473930E-02-1.38934203E-02
20 10 1.27542567E-02-1.24133839E-03-1.63371572E-03-8.43602990E-02 5.90802549E-02
20 11-1.59308558E-03-4.51872341E-03-8.02921057E-02 6.44152065E-03-4.22591065E-03
20 12-9.10086916E-03 2.38458011E-02-7.62985058E-02-3.08059326E-02-4.18643734E-03
20 13 2.48257553E-02-7.40079760E-02 4.50891405E-02 3.16985867E-02-7.66014143E-03
20 14 6.96680872E-03 1.31519536E-02 1.44017550E-02 6.99781924E-02 3.39969710E-02
20 15-7.67506386E-02-9.63200605E-02
21  1 7.97008282E-03-4.72868465E-02-5.67322683E-02 2.64633013E-02-7.41990541E-02
21  2 5.62317076E-02 1.19704769E-01-5.55896375E-02 1.57428476E-01 9.26452904E-02
21  3 7.48022431E-02-4.29777101E-02 8.70022487E-02 7.55528513E-03 2.21882172E-03
21  4 2.18751575E-01-2.08891249E-01-9.33233774E-02-7.38677756E-02 1.98041302E-01
21  5-1.96570515E-01-7.14893968E-02 5.57062957E-03-8.27135950E-03-1.48597331E-01
21  6-1.58058049E-02-7.61698667E-02-8.99231955E-03-1.53635765E-01-4.12860761E-02
21  7-5.74197212E-02-1.99450452E-02 1.78010209E-02-7.75140011E-02-1.39688061E-01
21  8 3.78872931E-03 8.62344294E-02-7.16774186E-02-1.34674865E-01-1.34754093E-03
21  9-1.38414578E-01-7.66246592E-02 1.88859982E-01 1.24843093E-01 4.85731722E-03
21 10-5.96554452E-03 4.14726187E-02 2.73000346E-02 6.61348726E-02-1.88332517E-02
21 11 3.89225515E-02 2.83083048E-02 6.43079076E-02 1.70314873E-03-1.02442955E-03
21 12 1.07738326E-02-5.19964185E-02-3.97407847E-02-7.51028797E-03 9.31290079E-03
21 13-5.35408324E-02-4.26079494E-02-1.60154973E-03-2.95176983E-03 2.84235226E-02
21 14 2.75168157E-02-3.92269201E-02-3.58847990E-02-9.95410481E-02-5.13455569E-02
21 15-6.75257952E-02-7.18428154E-02
22  1-4.09294628E-03 2.43187138E-02 1.63710435E-02 3.08962838E-03 4.62291187E-02
22  2-3.18460483E-02-3.41488644E-02-8.18740489E-03-9.66734505E-02-4.74939476E-02
22  3-2.36556742E-02 6.25395947E-03-6.21879563E-02-1.41146073E-03-1.74864957E-04
22  4-5.10837364E-03 3.45091258E-02 5.81702411E-02-1.67776728E-02-2.98728524E-02
22  5 5.93092521E-02 7.17184015E-02 2.98616715E-02-3.97759327E-02 1.17770392E-02
22  6-5.32939424E-02 5.07048861E-03-5.82317247E-02 1.33030484E-02-7.51059260E-02
22  7 3.59138118E-03-5.05233232E-02 4.33256373E-02-1.18469657E-01 7.27621548E-02
22  8 1.08450430E-01 2.35687600E-01-1.20821010E-01 7.58382104E-02 1.24322572E-01
22  9-2.17235144E-03-1.44377747E-02-2.65368899E-02 1.17163964E-02-7.46508731E-02
22 10 6.54491108E-02 3.40475001E-01 2.74703081E-02 1.29928836E-03 3.21149578E-01
22 11 3.37096142E-01 1.65868493E-02-5.63913738E-03 2.50637291E-02-1.53503433E-02
22 12-3.62512578E-02-2.72183448E-03-1.32929022E-01-1.33676393E-01-3.06260382E-02
22 13 7.28017634E-03-1.45622790E-01 6.86061737E-02 3.89090354E-02 2.20952950E-02
22 14 8.17246446E-02-2.02181925E-01-1.70136864E-01-2.13894928E-02-2.21842978E-03
22 15-5.24804155E-02-5.32639229E-02
23  1 9.05844960E-03-5.40520472E-02-2.21148208E-03-4.85650909E-02-1.59003848E-01
23  2 5.29179091E-02 5.90368323E-03 1.02857767E-01 3.40015249E-01 1.54856794E-01
23  3-7.28254911E-03 6.85468144E-02 1.94323198E-01 5.57245153E-03 1.17339556E-02
23  4-1.20704603E-01-1.12063205E-01-1.53002255E-01-1.01188863E-01-1.44580049E-01
23  5-1.11052375E-01-1.68602097E-01 5.72140874E-03-1.33294288E-02 1.40214352E-01
23  6-1.16545521E-02 6.91664219E-02 2.25970583E-02 1.04465027E-01-1.91568278E-03
23  7 1.35839837E-01-4.14176447E-02 3.69705485E-02-2.38108011E-02 1.23943090E-01
23  8 2.01333754E-01 1.80860823E-01-2.84767767E-02 1.31777332E-01 2.15804065E-01
23  9 1.03756979E-01 8.81246491E-02 4.69005089E-02 5.89367515E-02 2.18346826E-03
23 10-1.65372910E-03-2.88090843E-02-7.81188281E-02-4.71969622E-02-3.73924512E-03
23 11-2.01637876E-02-8.62266033E-02-4.30784130E-02-4.38425484E-03 6.99127099E-03
23 12 5.32345724E-02-7.86197327E-02-5.54303670E-02 1.35222996E-02 6.45374935E-02
23 13-7.89515766E-02-7.59971046E-02-1.45442467E-02-1.99560416E-02 3.48323441E-02
23 14 2.58694554E-02 3.16159550E-02 2.80849153E-02 8.96306129E-02 7.76880833E-02
23 15-5.64632757E-02-3.84308167E-02
24  1 1.87510349E-04-1.20136993E-03-7.10607289E-03-9.34189166E-03-6.06399013E-03
24  2-4.51007957E-03 1.55406637E-02 1.93691152E-02 1.40941512E-02 2.08973090E-02
24  3 8.92835533E-03 1.50939791E-02-4.18807843E-03-1.30495060E-03-3.75338036E-03
24  4 1.41682733E-02-1.45591150E-02-6.98474345E-03 3.31524039E-02-8.46096857E-03
24  5 1.40006183E-02-4.38932779E-02 1.21577522E-02-9.01098220E-03-7.06543363E-02
24  6 4.70428498E-02 3.93099999E-02-8.61295039E-02 2.01485254E-02 2.15720261E-02
24  7 1.11935743E-02 8.39368807E-03-3.28509553E-03 7.97314157E-02-4.02581605E-02
24  8 9.91426148E-02-4.92759797E-02 9.02145344E-02-6.27385280E-02 1.34834888E-01
24  9-1.37964500E-02-3.20815493E-02 1.83185788E-02 4.27291257E-02-4.61750465E-02
24 10 4.22085643E-02 1.29851272E-01-1.54216418E-01 3.07682374E-02 2.07766238E-01
24 11 1.33629315E-01-1.81443777E-01 3.77365288E-02-7.52195224E-02 6.75318155E-02
24 12 2.12215056E-01 1.82345488E-01 2.37882929E-01 3.27168751E-01 2.46190976E-01
24 13 2.11522670E-01 2.52527956E-01-1.10740982E-01-9.94798042E-02-9.69338568E-02
24 14-9.40364362E-02-6.56109061E-02-7.84783880E-02-6.48482109E-02-4.99714435E-02
24 15 3.67434101E-03 8.32299984E-02
25  1 2.15228844E-03-1.27008065E-02-8.11851500E-02-1.05812748E-01-3.52329971E-02
25  2 1.80502252E-02 1.73978024E-01 2.28179575E-01 7.53186516E-02 2.45609739E-02
25  3 1.40506585E-01 1.75087145E-01 5.35672314E-02-2.93639167E-02 3.24437377E-02
25  4 1.66608521E-02 3.01024546E-02-1.11530263E-01 1.67969136E-01 2.31884633E-02
25  5 3.77424343E-02-1.23301362E-01 5.98142062E-03 6.12392295E-03-1.13503268E-01
25  6 5.83610930E-02 1.03696083E-01-1.04605080E-01 2.38620419E-02 7.86697640E-02
25  7 7.51501814E-02 4.27151257E-02-4.04515237E-02 2.67597267E-01-7.65646260E-03
25  8-6.49485343E-02-1.70696861E-01 2.98994827E-01-1.39542277E-02-7.83116232E-02
25  9 2.10096992E-02-1.82087336E-02 2.87886690E-02 1.47717857E-02-2.86307675E-02
25 10 2.31181488E-02 1.13703128E-01-1.51423159E-02-1.65170779E-01 1.39786145E-01
25 11 1.14462523E-01-1.55402936E-02-1.78498221E-01 3.57332943E-02-3.15946291E-02
25 12-1.76707745E-01-8.46155901E-03 3.23111438E-03-1.66153855E-01-2.04292735E-01
25 13-4.00378085E-03 1.91992444E-02 5.18612951E-02 4.03693996E-02 2.02510882E-02
25 14 6.54757325E-02-5.60510768E-02-4.61185110E-02-9.71265380E-02-1.27224394E-01
25 15 7.99810695E-02 3.89058344E-02
26  1-2.80693281E-04 1.61941322E-03-2.62938461E-01 2.65177442E-02 4.25944683E-02
26  2-4.89770569E-03 5.66298784E-01-5.71922265E-02-9.13017137E-02 4.92318846E-03
26  3 4.83005363E-01-4.85649454E-02-8.28847305E-02 3.41225042E-03-4.56480336E-03
26  4-1.29494230E-01 3.98272369E-03 2.65600236E-02-1.87962671E-02-6.25446032E-02
26  5 2.41824928E-04 9.61947815E-03 1.00689824E-02-1.39543783E-02 5.28937776E-02
26  6 1.91782853E-02-5.23273939E-02-3.69853681E-02-6.25576647E-03 3.50762793E-02
26  7-3.35359929E-02-8.61979415E-03 1.01287536E-02-7.92825346E-02 1.33784850E-03
26  8-2.87732357E-03 2.41136941E-02-9.51278541E-02 9.17091093E-03-4.69883191E-03
26  9 1.02466661E-01 1.26025651E-01-5.65389932E-02-6.11595651E-02 3.07993470E-03
26 10-2.72280113E-03-8.95718625E-03 3.76920072E-02 1.82920831E-02-1.47989831E-02
26 11-6.42940052E-03 4.27270740E-02 2.42899099E-02-8.01877680E-03 7.65598174E-03
26 12 6.97076734E-02 2.44857319E-02-1.96698928E-02 3.36178034E-02 8.23703688E-02
26 13 2.78745636E-02-2.41776040E-02-7.15785850E-03-4.44805044E-03-1.03979246E-02
26 14-6.76877013E-03 5.23484901E-03 8.59186552E-03 4.29257914E-02 8.24955900E-02
26 15-2.07275096E-02-2.06002312E-02
27  1-2.56476842E-04 1.43931135E-03 1.08386805E-02-2.45756806E-01 9.20512971E-02
27  2-5.08205159E-03-2.33854979E-02 5.29271897E-01-1.97726871E-01 6.80693970E-03
27  3-2.11612278E-02 4.50845018E-01-1.74012325E-01 3.79828423E-03-1.06948973E-02
27  4 6.89327374E-03-1.13160958E-01 4.97425803E-02 6.25730071E-03 1.87589785E-02
27  5-5.07091275E-02 4.72313403E-03 1.94503209E-02-2.41451293E-02 4.28417941E-02
27  6 3.58023236E-02-1.12317873E-01-8.01095153E-02 1.94963984E-02 4.55791739E-02
27  7-9.30312934E-02-1.03007978E-02 7.84745475E-03-5.26687104E-02-1.93663215E-02
27  8-9.31503203E-03 5.14077258E-02-6.29623742E-02-2.06715391E-02-5.58182854E-03
27  9-1.17393117E-02 2.94758317E-03 7.45862864E-02 8.15881038E-02 1.09857787E-02
27 10-1.15007719E-02-4.33103449E-02 4.32402192E-02 9.79907000E-02-4.62720970E-02
27 11-4.72365466E-02 5.02276697E-02 1.17597968E-01-8.83057193E-03 7.40443043E-03
27 12 8.79927291E-02 1.29892110E-04-4.79981835E-02 4.33240100E-02 1.03356258E-01
27 13-3.55116903E-03-5.63519887E-02-7.74391768E-03-3.94849376E-03-6.82441615E-03
27 14-2.04103344E-02 1.48684968E-02 1.26229974E-02 1.23604713E-02 2.61622777E-02
27 15-2.98463158E-02-4.09322104E-02
28  1 3.19178285E-04-2.07853748E-03-7.46792849E-03 3.23810777E-02 2.80330514E-02
28  2 1.07715674E-03 1.62739247E-02-6.97554860E-02-6.17077619E-02 1.81155584E-02
28  3 9.89304017E-03-6.81574890E-02-5.89037649E-02-3.60728041E-03-4.68178265E-03
28  4 4.11940415E-03 6.90938643E-02 3.26574873E-05 6.00619013E-02-3.61073206E-03
28  5 3.80005188E-02-6.28609026E-02 7.62030500E-04 3.71852636E-03-7.26983746E-02
28  6-1.98128624E-02-2.54824644E-02-1.86168852E-02 6.55310336E-03-1.24165130E-02
28  7-2.99104352E-02 5.84723665E-03-9.77970009E-03 2.48619869E-01 9.91066481E-02
28  8-5.36017988E-02 1.53540784E-02 2.97475374E-01 1.23146115E-01-5.97701740E-02
28  9-1.05363522E-02-4.49357111E-02-4.90248488E-02-4.82710392E-02-1.16594556E-03
28 10-9.65234502E-05-1.43620028E-02-1.76701192E-01 1.94005221E-01 1.09641683E-02
28 11-2.14337414E-02-2.10643709E-01 2.27220378E-01 1.21206157E-03-3.17882507E-03
28 12 1.80811791E-01-1.51093585E-01-2.46864911E-01 9.38129089E-03 2.16706605E-01
28 13-1.76381515E-01-2.85118312E-01 3.14271455E-03 1.02560534E-03 2.22159615E-02
28 14-1.32887814E-02-1.67401122E-03-2.32410261E-02-8.36090717E-02-1.12540152E-01
28 15 3.28344108E-02-7.99750783E-02
29  1-3.17259622E-04 1.59680903E-03-2.20805833E-02 1.26168604E-02 3.33228647E-02
29  2-1.58535794E-02 4.86762892E-02-2.96780813E-02-6.98473397E-02 3.81899377E-02
29  3 3.44314735E-02-1.47024580E-02-9.15337480E-02 1.23598727E-02-1.76883372E-02
29  4-1.67589919E-02-2.64932064E-02 3.64416563E-02-4.46757528E-02-2.76142134E-02
29  5-3.57800991E-02-1.76808521E-02 1.18279959E-02-2.52373475E-02-2.85869052E-02
29  6-7.84657398E-03-5.60317425E-02 2.00605687E-02-2.25842657E-02 2.54744320E-02
29  7-3.22757160E-02-3.92913750E-03 7.84705083E-03 1.05653938E-01 1.04150529E-01
29  8 2.86037902E-01-1.87938414E-02 1.17156053E-01 1.22699977E-01 3.33649571E-01
29  9-7.53476912E-03-1.91003886E-02-5.76916808E-03 2.24090297E-03 5.30573422E-03
29 10-1.15759616E-02-5.20463582E-02 5.42165132E-02 2.75007225E-01 1.06073628E-03
29 11-5.82609011E-02 7.53735435E-02 3.22728215E-01 5.57005740E-03-8.40142653E-03
29 12-2.47407088E-01-4.95766796E-02 1.59759762E-01 2.09834065E-03-2.91135262E-01
29 13-7.35419872E-02 1.80897121E-01 2.50195486E-03-1.85823644E-03 2.25041191E-02
29 14-8.07347540E-02 1.09985737E-03-1.60366585E-02-6.13188930E-02-7.27446553E-02
29 15-2.38622988E-02 5.18710976E-02
30  1-1.01254559E-04 7.66240761E-04 1.10587521E-02 1.46249557E-02-2.67229392E-02
30  2 1.32850157E-03-2.38265224E-02-3.21557722E-02 5.86482261E-02-1.37245143E-02
30  3-2.23396831E-02-2.14135139E-02 5.80672284E-02-1.63137256E-02 2.19908347E-02
30  4 3.30613962E-02 3.00929725E-02-4.65932247E-02 9.57006220E-02 4.69025066E-02
30  5 3.44761011E-03-5.81989056E-03-9.11308576E-04-3.29625749E-04-5.49733591E-02
30  6-4.94085844E-02 5.61357849E-03 3.58581459E-02-5.50496795E-02 3.94621120E-02
30  7-9.27924731E-04 4.20707458E-03 1.08627777E-03 1.41989085E-01 1.32736184E-01
30  8 9.72324286E-02-5.20318047E-02 1.58714296E-01 1.66776220E-01 1.11158891E-01
30  9-9.19043675E-03-2.78591378E-02 8.55606036E-03-4.47908421E-02 5.34247593E-03
30 10-6.91742786E-03-3.22829977E-02 4.09215466E-01-5.19309935E-02-7.54260191E-03
30 11-4.27620398E-02 4.65430422E-01-5.23186390E-02-3.96095450E-03 7.74355031E-03
30 12 1.85911491E-01 1.42506254E-01-7.15616347E-02-1.19296590E-02 2.27105305E-01
30 13 1.71811634E-01-7.96463360E-02 8.30854129E-03 9.84171584E-03-1.86209051E-02
30 14 5.50306729E-02 4.75609798E-03-4.24053739E-02-6.65820311E-02-7.84391620E-02
30 15 4.15023009E-03 7.74342779E-03
31  1-1.88889273E-02 1.16046149E-01-2.21102297E-02-3.80711218E-02-1.59339652E-01
31  2-1.60604184E-01 4.80986136E-02 8.42643316E-02 3.54622461E-01-3.54894314E-01
31  3 9.59370106E-02 1.55816362E-01 5.93703704E-01-7.12560639E-02 5.08997192E-02
31  4 4.93173075E-02 8.71948544E-02 3.08087639E-01 4.95397432E-01 1.10624669E-01
31  5 1.55572678E-01 5.79312124E-01 3.11247457E-02-4.21724724E-02 5.47936574E-02
31  6 1.21997176E-01 2.09369707E-01-8.24177661E-02 3.01674953E-02 1.14444733E-01
31  7 2.33733917E-01 6.44783077E-03-1.21635314E-03-4.84609354E-02-4.34258207E-02
31  8-8.69350698E-02-5.56375380E-02-7.31915543E-02-5.17840959E-02-1.25427036E-01
31  9 1.15019274E-02 9.75699980E-03 7.90487611E-03 1.10740806E-02-4.33765535E-02
31 10 3.81160136E-02-2.83436856E-02 5.54421867E-02 2.12394759E-01 2.61665725E-01
31 11-4.82730557E-02 9.06813327E-02 2.85159776E-01-3.25173227E-03 4.63663773E-04
31 12 5.36952233E-03-2.30474646E-02-1.58374296E-02 2.90877991E-02 1.42474446E-03
31 13-3.79424968E-02-1.71225189E-02-3.97625717E-03-8.55594054E-03-9.22884862E-03
31 14-4.42013697E-02-1.17134731E-02-1.12292373E-01-1.34595384E-02-2.32994937E-02
31 15 2.46350237E-02 3.63804731E-02
32  1-8.17363511E-03 5.19465265E-02-2.94164140E-02-3.99551800E-02-6.22405292E-02
32  2-1.36503236E-02 6.92086426E-02 8.98316859E-02 1.28715042E-01-3.83741523E-01
32  3 1.00878592E-01 1.68237184E-01 4.52247979E-01-8.78794250E-02 4.76622027E-02
32  4 3.47874979E-02 3.81487652E-02 2.26428697E-01 9.21421569E-01 4.29825805E-02
32  5 1.29066183E-01 5.36874641E-01-5.45986122E-02 6.67738449E-02-2.65841175E-02
32  6-1.42840228E-01-3.82835645E-01 3.03585519E-01 6.90678239E-02-2.01583274E-01
32  7-6.34584111E-01-1.62646542E-02 6.84691892E-03 3.99145960E-02 7.87442629E-02
32  8 1.13422060E-01 1.40383371E-01 6.81515579E-02 9.44327802E-02 1.79714131E-01
32  9-3.38634343E-02-2.86742406E-01-4.37329382E-02-2.96438571E-01 4.24636897E-02
32 10-3.28284332E-02-2.14561035E-02-1.24785645E-01-1.89083843E-01-2.89911659E-01
32 11-3.08853143E-02-1.87653688E-01-3.09937380E-01-8.25278058E-03 6.59036651E-03
32 12-2.06044700E-02 6.47190303E-03 1.82116315E-02 6.28835180E-02-2.41662188E-02
32 13 2.71260758E-03 2.28773756E-02 2.36038286E-03-2.15296767E-02-6.53752572E-03
32 14-4.97574360E-02 2.61101086E-02 2.44844938E-02-1.04491748E-02-2.32360565E-01
32 15-5.50955552E-02-1.35915760E-01
33  1-5.61500526E-03 3.41722203E-02-7.03500194E-04-1.58848466E-03-2.60052478E-02
33  2-8.07704092E-02 2.40052788E-04 3.77354202E-03 6.11729430E-02-2.63747294E-02
33  3 1.25054826E-02-2.36996607E-03 1.01843589E-01 1.73247806E-02-1.80572396E-02
33  4 3.94161898E-02 1.01307498E-01 8.96356598E-02-2.32212210E-01 1.11059818E-01
33  5 3.94121944E-01 8.01132024E-02 2.97518121E-02-1.77273749E-02-9.82960644E-02
33  6 3.54693301E-02-4.75672218E-02-4.42834503E-01-2.22384908E-01 1.26161815E-01
33  7-1.28220144E-01 3.87890458E-02-3.30045419E-02-4.94203213E-03 4.07140697E-03
33  8 9.20025449E-02-2.80853549E-01-2.89810139E-02 4.91193575E-04 1.58286631E-01
33  9-2.94396556E-02 1.96635172E-01 3.77323357E-02 5.06742897E-01 5.85311037E-02
33 10-4.51430142E-02 1.35188943E-01-6.03709670E-02 5.96404088E-02-4.48737266E-01
33 11 2.74926163E-01-8.42931210E-02 9.80212933E-02 8.56405335E-02-6.03201353E-02
33 12 1.26835158E-01 1.53970996E-02 6.29471430E-02-6.68066194E-01 2.38818830E-01
33 13 1.30090779E-02 1.34581862E-01 9.12546444E-02 6.76632436E-01 5.63458548E-02
33 14 2.76501745E-01 7.84877887E-02 6.24131835E-01-9.16471756E-03 4.25499837E-01
33 15 5.60250217E-02 3.00134103E-01
34  1-3.34600446E-03 2.02460567E-02-1.12260650E-03-9.32202627E-03-9.56296603E-03
34  2-5.21772922E-02 1.03336337E-02 2.37916402E-02 2.17325039E-02-8.81503677E-03
34  3-7.35271347E-02 1.74382296E-02 5.04177327E-02 5.74392195E-02-3.03511886E-02
34  4 2.18724483E-01 1.04683123E-02 6.79368901E-02-7.96912950E-01 7.70790728E-01
34  5-8.09439911E-03 1.37986519E-01 2.71992282E-03-9.03887075E-03 1.13594397E-01
34  6-6.70283039E-02 7.54221440E-03 7.00448678E-02 2.44014973E-01-2.00043052E-01
34  7 1.69483929E-02-3.96269873E-02 1.91931095E-02 7.94695341E-02-2.18745398E-02
34  8-3.02926016E-02 3.58227079E-01 1.18537460E-01-8.59485463E-02-6.54000520E-02
34  9 1.02903170E-01 1.33839091E+00-4.80357085E-02-1.36892475E-01 3.54181492E-02
34 10-1.51062544E-02 1.49325583E-01 4.11274806E-02 2.23318077E-02-3.43714019E-01
34 11 2.72176644E-01 6.01647582E-02 3.36483862E-02-3.97783479E-02 2.84414277E-02
34 12-5.96733574E-02 4.34288058E-02-1.74085745E-02 3.06558247E-01-1.23384978E-01
34 13 6.79847157E-02-5.21663446E-02-5.76568435E-02-3.62342807E-01-8.21061360E-03
34 14-3.18215760E-02 8.06416569E-02 6.16662469E-01-6.21194802E-02-4.16255705E-01
34 15-5.34580760E-02-2.35652730E-01
35  1-4.97093619E-03 3.01759510E-02 9.44596190E-04-3.02156188E-03-1.53228556E-02
35  2-8.37285268E-02-7.85673204E-03 1.39453885E-02 3.84048964E-02-5.22287973E-03
35  3 5.00384944E-02-5.52699862E-02 7.09780227E-02 4.34984030E-02-2.14327939E-02
35  4-7.33952475E-02 2.22433315E-01 4.95408785E-02-6.43237261E-01-2.17157273E-01
35  5 7.87597488E-01 1.17442537E-01 3.92914805E-02-1.75928417E-02-1.63384383E-01
35  6 8.40176748E-03-1.02016524E-01-6.32212767E-01-4.17236531E-01-6.06167880E-03
35  7-2.18954430E-01 1.24824926E-02-1.08383312E-02 4.35661703E-02 5.93961717E-02
35  8-1.26609649E-03-7.73674318E-02 7.46284288E-02 8.98737003E-02 2.87567747E-02
35  9-3.10802970E-02-6.38988572E-02 1.00245829E-01 1.29370226E+00 3.15804662E-03
35 10-3.13942017E-03 5.37122642E-03 2.52188125E-02-4.99991403E-02-2.13114867E-02
35 11 2.36595405E-02 1.54021661E-02-6.17928160E-02-5.31478334E-02 3.21118732E-02
35 12-9.94029176E-02 2.01861299E-02-1.23835142E-01 4.63157990E-01-1.77923020E-01
35 13 4.49412229E-02-2.19494293E-01-7.60046787E-02-6.51792560E-01-4.42368877E-02
35 14-1.42763199E-01 1.53867893E-02-5.89033523E-05 5.82101159E-02 8.27522901E-01
35 15 1.52995998E-02 1.77476905E-02
36  1 2.99436340E-03-1.75696675E-02 1.75597062E-02 7.52397034E-03-2.14044045E-03
36  2 7.60845185E-02-5.07018269E-02-2.57970040E-02-5.22670461E-04-6.89027095E-02
36  3 5.35892993E-03 3.48937109E-02 4.61305380E-02-1.15306760E-01 5.42847275E-02
36  4-9.94232891E-03-7.56475551E-02-5.91532027E-02 1.50355336E+00 1.00894819E-01
36  5-2.32430733E-01-3.17440768E-01 1.23916383E-01-8.37484574E-02-7.61475853E-02
36  6 1.63158384E-02 4.64497604E-02-1.37555632E+00-2.70490443E-01 1.52699218E-01
36  7-5.47305712E-02-4.07793787E-02 3.39817702E-02 6.97063383E-02-5.67739256E-02
36  8-2.54899635E-02 3.04293338E-01 1.39178621E-01-9.84288170E-02-5.38649817E-02
36  9-4.73785747E-02-6.30669160E-01-7.18302784E-02-9.68199810E-01 2.06852879E-02
36 10-9.98878299E-03 1.25216351E-01 4.51449772E-02 9.57001690E-02-2.04557814E-01
36 11 2.40799679E-01 6.36304250E-02 1.66360290E-01-1.92315932E-02 1.27933755E-02
36 12-5.46099570E-02 6.16522144E-02-1.74041964E-02 1.54532867E-01-8.96669844E-02
36 13 1.01749141E-01-3.12950867E-02-2.74665822E-02-2.72838956E-01 3.43696867E-03
36 14 1.07144582E-01 8.53915330E-02 4.95019252E-01 7.00140073E-02 1.02807972E+00
36 15-4.83707534E-02-2.28605034E-01
37  1 9.75691700E-04-6.24270801E-03-7.11308357E-03 5.59843915E-03 2.52881277E-03
37  2 1.26052349E-02 1.36501738E-02-1.46762471E-02-7.54401786E-03 3.60928560E-02
37  3 6.39509487E-02-5.30359442E-03-5.12886784E-02-5.44169518E-03 7.69612760E-03
37  4-1.58582900E-01-4.10615825E-02 2.77639423E-02 1.60689488E-01-7.68679633E-01
37  5-1.96296783E-01 3.91319887E-02-1.01522577E-01 6.82567464E-02 8.22657347E-02
37  6 1.16024083E-01 8.03949172E-02 1.23868212E+00 3.14696880E-01 2.16463841E-01
37  7 3.01411336E-01 5.07417672E-02-3.50087615E-02-1.11388939E-01 9.59446224E-02
37  8-1.80480372E-02-4.22476705E-01-2.30152527E-01 1.88694140E-01-3.94960883E-02
37  9-1.03151017E-01-9.33725210E-01 3.76966248E-02 1.88086882E-01 3.96916869E-02
37 10-2.44608881E-02 1.79863082E-01 3.63094750E-03 2.92033514E-02-3.53896718E-01
37 11 3.13496514E-01 1.31620951E-02 6.20789363E-02-2.08836808E-02 1.09033927E-02
37 12-2.87783276E-02 3.75938065E-02-8.65641017E-02 1.95270321E-01-8.10914909E-02
37 13 7.24572046E-02-1.65758702E-01-6.77036144E-02-3.80751661E-01-3.48701325E-03
37 14-3.39884019E-03 8.37961874E-02 6.96388723E-01-4.55117832E-02-9.51394866E-01
37 15 2.26695628E-02 1.45541465E-01
38  1 5.10287086E-03-3.03967975E-02 8.43135947E-04 1.04432618E-02 6.61737839E-03
38  2 1.15268709E-01-3.63022323E-03-1.89486667E-02-2.44657095E-02-9.00618986E-02
38  3 1.09898779E-02-1.20813366E-01 5.68068435E-02-5.36596037E-02 3.92534656E-03
38  4-6.97669847E-02 2.26281553E-01-1.07216265E-01 8.27534279E-01-1.56339763E-01
38  5 1.08804014E+00-5.38548289E-01 6.15543849E-02-2.94895913E-02 2.59857897E-01
38  6 9.77227961E-02-2.59025954E-02-7.36543024E-01 9.59793484E-01 4.07698562E-01
38  7-5.07811247E-01-7.79486058E-02 4.85376005E-02 2.89233904E-02 3.19236720E-02
38  8-1.18755698E-01 7.03455324E-01 5.00735816E-02-2.66470739E-02-1.98359708E-01
38  9 1.96376481E-02-4.54357402E-01 5.07975453E-02 7.89142405E-01 3.87147385E-03
38 10-4.32925451E-04-1.77542498E-02 2.52339892E-02 5.77863763E-02-4.57089936E-02
38 11-3.05744760E-02 3.22786100E-03 7.23939252E-02-1.17862615E-03 9.15885870E-03
38 12-5.87958015E-03 4.52478027E-02 1.57636255E-01-5.03999701E-02 5.16964499E-03
38 13 3.94568304E-02 2.79583544E-01 6.05973775E-02 2.92986970E-01 3.59614468E-02
38 14 1.14839393E-01 2.20136775E-02 6.77588840E-02-1.25251703E-02-7.08116050E-01
38 15-1.48779213E-01-8.64802139E-01
39  1 2.48129975E-03-1.49656173E-02 7.81795504E-03 2.99216372E-02-6.72005701E-03
39  2 4.76877291E-02-1.24893565E-02-8.16111728E-02 1.48460162E-02 2.24859170E-03
39  3-1.11542678E-01-5.38072875E-02 1.71567087E-02-7.74284505E-02 1.22078604E-02
39  4 2.23274969E-01 4.33425549E-02-1.28360869E-01 1.26606042E+00 9.37877178E-01
39  5 5.77993077E-01-7.82917017E-01 3.61895132E-02-1.60485197E-03 8.29407565E-02
39  6 3.19979986E-01-1.77250485E-01-8.28339894E-01 2.39221773E-01 1.32159166E+00
39  7-7.17271453E-01 6.67560087E-02-3.60233866E-02-1.45376582E-01 4.07392227E-02
39  8 7.46407268E-02-6.76773778E-01-3.32199919E-01 1.40582890E-01 1.73527058E-01
39  9 2.52524864E-02 5.35750025E-01 5.28611853E-02-4.34326530E-01-1.76298103E-02
39 10 1.04180231E-02-7.69874377E-03-3.48099227E-02-1.26344410E-02 1.52000888E-01
39 11-2.62923028E-02-4.86317504E-02 2.66510642E-02-5.33197984E-03-8.09342742E-03
39 12-1.46493881E-02-2.58361769E-02-1.15187970E-01 1.29794962E-01-1.53726538E-02
39 13-6.22189733E-02-1.54578576E-01 1.83258652E-03-1.81417617E-01-3.81181467E-02
39 14-2.56258615E-01-3.13276014E-02-1.10666534E-01-2.19347785E-02-1.73954738E-01
39 15 3.09255743E-02 2.78574546E-01
40  1-8.48912435E-05 3.94942988E-04-5.01671128E-03 7.80894873E-04-1.50957680E-03
40  2-5.64078152E-03 1.63100054E-02-2.07486664E-03 4.68545015E-03 1.70869394E-02
40  3-1.41655013E-02-7.02975493E-03-1.32196434E-02 6.66216757E-04-3.43890208E-03
40  4 1.15645040E-02 9.50843638E-03 3.28690983E-03-5.79047318E-02-1.70557833E-02
40  5 3.26808480E-02-2.61559012E-02 8.92511613E-03-5.30084383E-03 5.83075661E-02
40  6-3.57540094E-03-2.41803735E-04-3.53035272E-02 1.69081140E-01-1.55821805E-01
40  7 5.87385675E-02 5.17993333E-06-8.39322616E-03-1.21299613E-02-4.81296765E-02
40  8 4.25049882E-02 5.81180057E-02 3.20283544E-03-1.14733182E-01 7.05770715E-02
40  9 2.22161743E-02 4.26323173E-02-1.56765182E-02 2.68273696E-02 2.87059459E-02
40 10-4.07496963E-02-1.45638306E-01-1.49872312E-01 1.06849150E-01-1.17816017E-01
40 11-2.42717692E-01-2.51406474E-01 1.32121113E-01 5.30407169E-02-4.38926352E-02
40 12-4.85434524E-02 3.21277112E-01-9.26470847E-02-4.24751042E-01-9.24673407E-02
40 13 6.41757073E-01-2.21271030E-01-9.75342319E-02-6.11053132E-01 2.21962285E-01
40 14 1.36737569E+00-6.57719383E-02-3.34850977E-01-2.25115947E-02-2.05720334E-01
40 15 2.69068699E-02 1.38280690E-01
41  1 6.89565550E-03-4.06992450E-02-1.04916136E-02-6.35994378E-04 1.33034377E-02
41  2 1.76147402E-01 2.91710888E-02 3.48166350E-03-4.26350500E-02-2.09562296E-01
41  3 2.76385830E-02-3.40868039E-02 9.87398313E-02-3.33531141E-02-5.24605808E-03
41  4-7.92022036E-02 3.85341589E-02-3.46108144E-02 4.48841790E-01-3.22118575E-01
41  5 6.31298592E-01-9.98995810E-02 7.93069770E-02-4.38428203E-02 2.57855547E-01
41  6-1.44349299E-01-1.69449611E-03-8.35893249E-01 9.60166766E-01-6.79329705E-01
41  7-1.90797308E-01-2.59978217E-02-3.75626741E-03 3.08199035E-02-3.30250294E-01
41  8 1.58097058E-01 3.89265286E-01 1.03951152E-01-7.58494025E-01 3.48276951E-01
41  9 3.45207146E-02-4.15474260E-01-1.24523469E-02 3.84247344E-01-1.25960561E-03
41 10 1.09559074E-02 6.44448740E-03 8.60800135E-02-5.03070198E-03-3.97535964E-02
41 11 1.41332589E-02 1.08794938E-01-3.65520593E-02 6.71997734E-03-1.57239880E-02
41 12 3.38840962E-02-8.94472490E-02-1.39437520E-01 1.26778687E-02 3.91480931E-02
41 13-1.30585243E-01-2.26989687E-01-4.03355240E-02-9.97500543E-02-5.57992079E-02
41 14-3.08199707E-01 5.32329958E-02 1.20125906E-01 1.15897902E-02-5.72404108E-01
41 15 1.77484733E-01 9.99409491E-01
42  1-6.35644860E-02 3.80752806E-01 4.21126599E-02 5.87066590E-02 1.04331730E-01
42  2-1.70640333E+00-1.37390780E-01-1.91136555E-01-3.37811618E-01 1.80383862E+00
42  3 7.73941230E-02 1.01987559E-01 9.90080737E-02-1.85565905E-03 6.23047711E-03
42  4-4.07793629E-02 1.56974998E-02-1.03026336E-01-5.74210934E-02-1.01103382E-01
42  5-1.58651400E-01-3.32333946E-01 2.02604787E-02-1.00296334E-01 8.75491149E-02
42  6-5.97596457E-02-2.12221865E-01 1.25932794E-02 1.34886173E-01 7.46366138E-02
42  7 2.24992648E-01-7.71460212E-03 9.77073248E-03 1.79420384E-03-6.01791901E-02
42  8-1.73038481E-02 2.64146045E-02-1.40924523E-03-6.32166175E-02-1.95717378E-02
42  9-6.37933355E-02-1.37567458E-01-1.06665697E-01-5.89213119E-02-2.47624483E-03
42 10-1.21000399E-02-4.33690868E-03 8.07279952E-03-3.53005850E-02 6.68460786E-02
42 11-7.15876165E-03 3.02468889E-02 3.71628028E-02-4.97195889E-04 2.23776129E-03
42 12 4.66511280E-04-6.39912452E-03 3.17549886E-03-5.50469973E-03 4.89265418E-04
42 13-2.75421792E-03-2.28338809E-03-3.97828464E-03 2.75946859E-03-6.44213247E-03
42 14 9.20907699E-03-2.71376194E-02 1.50531969E-02-8.09753803E-02-8.98117967E-02
42 15-8.55516428E-03 3.17932297E-02
43  1-8.10911270E-04 8.05317031E-03-1.75194283E-01-9.37532736E-02 2.44731762E-01
43  2 8.31116093E-02 5.98958560E-01 3.18548487E-01-8.50486542E-01-3.86255428E-01
43  3-5.01801419E-01-2.14187613E-01 1.12662882E+00-1.05835678E-04-6.54490303E-02
43  4 7.32382576E-02-6.04758632E-02-2.09121424E-01 4.10251591E-01 8.76140654E-02
43  5 3.02678324E-01 5.02703431E-01-8.24697654E-03 9.44020269E-02-3.98526538E-02
43  6 1.05402522E-01 3.17379872E-01-9.74556600E-02-1.23433981E-01-5.44029589E-02
43  7-3.69270135E-01 4.81253826E-03-2.34482337E-03 5.20679435E-03 4.89310265E-02
43  8 2.85316767E-02-1.59029572E-02 1.24192759E-03 5.09106559E-02 4.43206028E-02
43  9-7.12485653E-02 1.16598640E-01 9.18630943E-02 6.13188993E-02 6.85563886E-04
43 10 2.49385397E-02 9.76193944E-03-5.29153932E-04 6.41589482E-02-8.76653838E-02
43 11 1.28757344E-02-4.31844349E-02-4.73373083E-02 7.94463513E-04-3.96094686E-03
43 12 4.17789486E-04 6.22962843E-03-9.53196491E-03 1.04739467E-02 8.51565058E-04
43 13-2.37101607E-03 3.76124032E-03 1.12798219E-02-5.79843546E-03 2.32868694E-03
43 14-2.27320158E-02 5.08711504E-02-2.52326392E-02 1.73102012E-01 5.62382343E-02
43 15 2.12190173E-02-3.69711409E-02
44  1-1.35477265E-03 7.09049078E-03-2.44051602E-01 2.19486641E-01-7.56719984E-02
44  2-7.12820873E-02 8.43731016E-01-7.57787633E-01 2.64520836E-01 1.71658071E-01
44  3-8.31911657E-01 7.05781026E-01-3.62610174E-01 2.38453671E-03 1.52138627E-02
44  4 6.19501898E-02-2.98208014E-02 8.14222264E-02-1.00815793E-01-1.06451356E-01
44  5-5.84345813E-02-1.72200371E-01 1.67068594E-02-7.50909392E-02 8.11319557E-02
44  6-1.87228044E-01-5.49471682E-02-2.96571024E-02-8.43173147E-02 1.29770915E-01
44  7 6.10753924E-02-4.69249513E-03 4.37023119E-03 4.90926869E-02-3.45521858E-02
44  8-6.24428662E-02-6.51048333E-03 1.96987754E-02-2.92415958E-02-2.96898538E-03
44  9-1.49476383E-01-3.31374308E-02 1.25558033E-01-1.70406230E-02-1.45749741E-03
44 10-4.74405474E-03 7.15380974E-04 2.39026602E-03-1.72395472E-02 3.28098491E-02
44 11 4.16734223E-03 3.12058905E-03 2.18181348E-02-1.26852230E-03 1.12153231E-03
44 12-2.57511502E-04 2.48941095E-03 7.71526535E-03 8.67269214E-03-2.98361858E-03
44 13 1.14971579E-03 1.84726645E-02 9.46003581E-03 4.18462552E-03-3.93930342E-03
44 14 1.75350316E-02-1.24739091E-02-4.39157181E-03 5.26327815E-02 4.81083403E-02
44 15 4.56734881E-02-1.02541021E-01
45  1 1.53825108E-02-8.82449196E-02 1.46150508E-01 2.35159640E-01 1.47937366E-01
45  2 5.82626856E-01-5.14303609E-01-8.27388529E-01-5.39110114E-01-1.00851919E+00
45  3 5.97067554E-01 9.57708850E-01 1.00854046E+00 1.98939201E-02-1.38155040E-01
45  4-9.08945373E-02-1.73799454E-01-5.27448207E-02 4.07244906E-01 2.02957192E-01
45  5 3.68695606E-01 6.99141698E-01-2.47571700E-02 8.82184048E-02-7.53064622E-02
45  6-4.30829142E-03 1.15783809E-01-9.22674351E-04-3.06758236E-02-1.42757148E-01
45  7-1.90976152E-01 4.07860401E-03-1.43069861E-02 1.82046923E-03 4.43928167E-02
45  8-3.72392602E-03 3.89993761E-02 1.60071743E-02 1.30081322E-02 2.33949817E-02
45  9 1.60994799E-01 1.62615014E-01 1.60822980E-01 1.58176345E-01 3.91827184E-03
45 10 5.85288519E-03-2.41687532E-03-2.24317245E-02 2.91352833E-02-6.47186772E-02
45 11 1.21433696E-02-2.27928738E-02-2.50005694E-02 5.08178833E-04-2.42882540E-03
45 12 1.01870832E-03 6.53256697E-03-2.24232654E-03 3.92293276E-03-1.04467343E-03
45 13 2.51039542E-03 4.52408594E-03 3.04015801E-03-8.32681654E-04 5.85486597E-03
45 14-1.98790751E-03 5.15355281E-02 9.14222180E-04-2.28603361E-03 1.40280846E-02
45 15 2.72133154E-02-3.35015276E-02
46  1 3.20222102E-03-1.94425141E-02 8.09410213E-02-2.72888931E-02 1.95300688E-02
46  2 9.76105969E-02-3.05376200E-01 9.43907291E-02-7.38248798E-02-8.73131542E-02
46  3 4.38522154E-01-8.51220679E-02 6.39656466E-02 2.07429670E-04-2.06959229E-02
46  4 3.85533343E-01 1.20055237E-01 1.33254982E-03 4.20587455E-01-5.08062994E-01
46  5-1.08698351E-01-3.74058395E-02 3.62329296E-02-1.69256698E-01 3.63918650E-01
46  6-7.32090429E-01 1.83441977E-01 1.42475901E-01-4.77698290E-01 1.02182355E+00
46  7-2.53338237E-01-9.31178160E-03 5.74952391E-02 1.18416403E-01-1.29167195E-01
46  8 8.60628690E-03-3.70051201E-01-3.55587311E-02 6.32878245E-02-2.31238967E-03
46  9-2.94396631E-01-3.49379249E-02 1.55958792E-01-4.09138652E-02-1.46155098E-02
46 10 2.55109568E-02 2.05417740E-02-5.11099080E-02 1.98935457E-02 7.52322754E-02
46 11-1.18388625E-02-4.79055141E-02 4.82664967E-02-2.48665393E-05-1.10154508E-02
46 12 7.12325330E-03 2.65138386E-02-2.37162167E-02 5.25324612E-02 4.07305784E-04
46 13-2.77306497E-02 7.03012053E-02 1.03714748E-01-4.43326933E-02-3.87120719E-02
46 14-8.14520075E-04-1.16212954E-01 3.50331499E-03 2.20713565E-01 5.87924048E-02
46 15 1.06142491E-01-3.46731200E-01
47  1-6.71695065E-03 3.96960690E-02-9.82362842E-03-6.31044976E-02-1.40413189E-02
47  2-2.37036929E-01 4.59672517E-02 2.52621944E-01 5.66202469E-02 3.30967548E-01
47  3-1.60413888E-01-5.19634035E-01-1.00443975E-01 2.72027859E-02-7.52702666E-02
47  4-3.76188164E-01-8.06417034E-01 3.42527353E-01 1.15696118E-01 6.71897790E-01
47  5 1.42096654E+00-7.24255196E-01-1.85726840E-02 2.71709004E-02 1.05864220E-01
47  6-2.77847853E-01 4.90998212E-02-8.56076494E-01 1.96662618E-02 5.54860550E-01
47  7-3.34306153E-01 7.41269583E-03-2.63890308E-02 5.72417707E-02 5.05842491E-02
47  8-4.82926630E-02-2.97412836E-02-3.55440984E-03-2.81152215E-02 1.68574220E-02
47  9 1.42457044E-01 1.82150235E-01 2.93814593E-01 2.00754430E-01 5.72242564E-05
47 10-1.27862774E-02 5.24559995E-04-2.21196797E-02-3.82752085E-02 3.66219492E-02
47 11 1.05585257E-03-8.83365287E-06 3.80003038E-02 4.34657718E-04-8.61320339E-03
47 12 6.34722993E-03 1.99514056E-02-5.98815624E-03 3.66014465E-02-2.54999488E-03
47 13-7.45270796E-03 5.52070449E-02 7.05093469E-02-2.30636325E-02 3.11579606E-03
47 14 3.83250528E-03-2.64374163E-02 1.12625903E-03-3.57430004E-02 4.82741269E-02
47 15 1.77359832E-01-2.93098593E-01
48  1-9.30798918E-04 7.92697617E-03-3.58851148E-02-1.87026233E-02-2.50970153E-02
48  2-2.11332906E-03 1.41327107E-01 6.83127940E-02 1.12310780E-01-1.92289223E-01
48  3-1.94959733E-01 9.68079637E-03 1.91880382E-02 2.20383780E-02 2.10976867E-03
48  4-2.08336036E-01 8.46319948E-02-4.68022239E-01 3.85601150E-01 5.05146665E-01
48  5-3.56120428E-02 4.13726849E-01-1.07959784E-02-3.32216196E-02-3.12554742E-01
48  6-5.56628641E-01 6.78952444E-02 1.79397464E-01 6.08112644E-01 9.07442838E-01
48  7-2.98645685E-01-7.39860840E-03 3.01353033E-02-1.12437222E-01-9.03437028E-02
48  8-1.64901935E-02-1.60980700E-01-1.03399313E-01 1.22179864E-02 8.29170037E-03
48  9 3.12936658E-01 4.51585872E-02-1.59705357E-03-5.26806563E-02 1.25933880E-02
48 10-1.83898150E-02 2.27624102E-02-8.30475467E-02 5.05740943E-02-1.61826327E-02
48 11 8.46886295E-02-2.53335288E-02 7.51614002E-02 4.47416684E-03-1.35716856E-02
48 12-2.94043280E-02 1.23048711E-02-4.05073770E-02 2.15446438E-02 4.42254704E-02
48 13-6.61395043E-02 6.99291410E-02 2.25034744E-01-1.47415561E-01-1.39227758E-01
48 14 5.19106196E-02 3.65788286E-01-8.42669931E-02-4.42511156E-01-6.86512004E-02
48 15-7.85940740E-02-1.29966252E-01
49  1-3.41528977E-03 2.45982640E-02 1.70557275E-02-1.50343982E-02-7.04401317E-02
49  2-2.84871225E-02-6.68515540E-02 7.03743061E-02 2.78159796E-01-3.42647780E-01
49  3 2.19601938E-01-3.82583947E-02-1.48886408E-02 6.32002579E-03 1.29625121E-01
49  4 1.66499886E-01-2.57877711E-01-7.25367821E-01-8.79044482E-01-5.03878899E-01
49  5 3.51111959E-01 1.25564708E+00 7.46167948E-03-1.31495183E-02 1.66218608E-01
49  6 1.96261905E-01-3.80719273E-01 4.44078988E-01-5.32176098E-01-8.36030346E-01
49  7 4.90515469E-01 2.40954572E-03-8.50781207E-03 9.48611572E-02 2.05543206E-02
49  8-2.72843088E-02 9.39307137E-02 7.82377118E-02-4.89678824E-04-1.58288114E-02
49  9-3.69546993E-03-6.74230912E-02 3.63323586E-01 1.48408845E-01-1.95079101E-03
49 10 2.24413253E-02 8.09425194E-02-8.53737839E-02 1.23858146E-01 7.47745679E-06
49 11 9.86283580E-02 7.54258056E-02-2.64184642E-02-2.38733208E-03 7.84706379E-03
49 12 1.45931053E-02 2.53109656E-03 3.60824198E-02-2.58163585E-02-3.53374768E-02
49 13 6.41887391E-02-5.22840072E-02-1.97351726E-01 1.34972410E-01 1.36647341E-01
49 14-1.67681119E-02 2.97970587E-01-1.06096713E-01 2.75982555E-01 6.74704688E-02
49 15 9.81704234E-02 6.63770048E-02
50  1-1.35093823E-02 8.02977218E-02 2.86240735E-02 2.39403337E-02-7.65127731E-02
50  2-4.73248610E-01-1.22146234E-01-8.43287550E-02 3.08028440E-01 6.18818838E-01
50  3 2.89564345E-01 8.12438661E-03-5.41598366E-01-8.38968852E-04 7.71232311E-03
50  4 4.87373255E-01-2.89223032E-01 2.89486623E-04 1.65607071E-01-1.12611541E+00
50  5 8.26255540E-01-2.31624010E-01-4.89169099E-03 5.75923750E-02-3.50115183E-01
50  6 2.25008689E-01 4.78361199E-01-6.86760972E-02 1.14553108E+00-4.41096694E-01
50  7-9.47322232E-01-2.77226812E-03-3.69215594E-02-1.06776967E-01 9.43960651E-02
50  8 4.64772777E-02 4.83318487E-01 1.03157344E-03-1.94186881E-01 1.72591284E-01
50  9-1.33847941E-01-4.64665092E-01-7.76574340E-02 6.06418382E-01 3.47082505E-02
50 10-2.61424101E-02-4.34857748E-02 6.29479534E-02 7.94567262E-03-2.72615908E-01
50 11 7.15924503E-03-1.32926751E-01-1.54303105E-01 7.94382723E-03-2.92658981E-02
50 12 2.10624065E-02-5.05808943E-03-2.96484127E-02 3.44962711E-02 3.55804825E-02
50 13-6.33220884E-02 1.47832500E-01 3.87042586E-01-2.50313207E-01-1.96078702E-01
50 14 2.06990829E-01 3.32790465E-01-2.70549642E-01 1.52299434E-02-6.11887154E-01
50 15 4.38807301E-01-4.03485224E-01
51  1 5.68634885E-03-3.71115667E-02-8.94709731E-03-2.29733803E-02 6.75883119E-02
51  2 1.26067519E-01 2.64152236E-02 9.85158440E-02-2.70483022E-01 1.36543362E-01
51  3 4.57818892E-03-3.12387443E-01 1.13866233E-01 1.12801168E-02-5.00103689E-02
51  4 4.75716510E-01-2.52376242E-02 3.66018839E-01 3.95309265E-01-1.04484146E+00
51  5 3.59623110E-01-8.38372202E-01 9.71145610E-03 5.33581980E-02-6.05243034E-01
51  6-2.08820062E-01-4.66431814E-01-8.24515536E-02 1.44790313E+00 2.88730269E-01
51  7 7.63060119E-01-1.09005116E-02 1.49767236E-02-7.93646001E-02-5.78303809E-02
51  8-1.12969968E-01 2.02144755E-01-7.02444674E-02-1.50212945E-01-5.41542248E-02
51  9 1.95648148E-01-6.95147116E-01 1.86429042E-01 2.09549742E-01-1.54494765E-02
51 10-1.68265201E-02 4.92945358E-02 3.37507742E-02-1.27094311E-02 2.79483008E-01
51 11 2.50157637E-02 1.45876622E-01 1.99079793E-01 4.29702023E-03-3.69645074E-03
51 12-1.83682250E-02 3.10193741E-02 5.51323192E-03-1.96417488E-02-7.80094787E-03
51 13 7.88784586E-02-5.53251517E-02-2.03609044E-01 1.68778557E-01 3.32202420E-01
51 14-2.18890837E-01 1.71847285E-01 4.02324881E-02 1.91072775E-01-8.79165410E-01
51 15-1.59279733E-02 1.38330057E-01
52  1 5.11083280E-03-3.11173147E-02-5.65459913E-03-8.93970791E-03 3.31541375E-02
52  2 1.70380614E-01 3.14503251E-02 2.93048143E-02-1.37290887E-01-1.58853018E-01
52  3-1.45667740E-01 1.42758058E-02 1.71056924E-01-1.67602633E-03-2.00542192E-02
52  4-2.90966908E-01 3.24382953E-01 5.20051000E-02-4.76800196E-02 6.98446261E-01
52  5-7.51989112E-01-4.10197087E-02-5.05555885E-03-2.68136835E-02 1.85629581E-02
52  6 4.17615823E-02-3.48292624E-01 2.63290556E-01-4.49755939E-01 2.38630693E-01
52  7 5.47945208E-01 2.04425163E-02-2.24760471E-02-1.36676384E-01-4.46516898E-02
52  8 1.91840404E-01-6.33472297E-02-6.95777110E-03 6.87840743E-02-8.36783876E-02
52  9 9.94821396E-03 3.77486036E-01 9.38057091E-02-6.07951806E-01-7.79784861E-03
52 10-2.35602832E-03 5.77480737E-02-1.56380219E-02 2.79668989E-02 1.14665811E-01
52 11 2.10436506E-02 5.19109216E-02 8.73206471E-02 1.57486476E-02-5.13991914E-02
52 12 1.61701416E-01 4.00054134E-02 6.48582840E-02 1.02434203E-01-1.80480475E-02
52 13-2.29751254E-02 2.26157717E-01 6.55286528E-01-4.23054768E-01 9.72356333E-02
52 14 1.58925608E-01 3.03277662E-02 1.18154549E-02 2.16304084E-01 2.61357098E-02
52 15 8.54087221E-01-8.44962541E-01
53  1 4.23362949E-03-2.47621249E-02-1.11943471E-02-9.35056284E-03 2.09607625E-02
53  2 1.64153892E-01 4.18478032E-02 3.91918363E-02-8.75904550E-02-2.46662967E-01
53  3-2.13672561E-02-5.48613789E-02 1.97496136E-01 3.11585149E-03-3.33238630E-02
53  4 1.33385955E-01-3.85016395E-02-7.58294310E-02 2.70210340E-02-3.05151725E-01
53  5 3.72753013E-02 1.53638384E-01-2.78145548E-03-4.56361999E-02-8.85384937E-02
53  6-3.48284041E-02-2.64770164E-01 2.13514935E-01 2.46949341E-01 1.29075609E-02
53  7 4.96885780E-01-1.68064705E-04-1.49707771E-02-8.06806428E-02 4.91225170E-02
53  8 9.27964382E-02 1.75870553E-01 1.26947787E-02-4.90172414E-02-1.09090794E-01
53  9 1.37797083E-01-2.81878751E-01 8.58551376E-03 1.05114620E-01-7.55213609E-03
53 10 3.93395696E-02-1.03417872E-01 1.38246422E-01 4.10378045E-02-1.05167835E-01
53 11-9.39867365E-02-1.67939058E-01 1.25095495E-01-3.77355894E-02 6.39999248E-02
53 12-1.15418635E-01-9.56828751E-02 6.15614642E-03-8.71872407E-02-7.50469069E-02
53 13-3.56004566E-02-1.76905001E-02-4.15618638E-01 1.63547144E-01-1.03923801E+00
53 14 1.08972388E+00-4.10608598E-01 3.12694195E-01-5.05248622E-02-1.34474369E-01
53 15 3.83345617E-01-5.89404728E-01
54  1 1.45434587E-02-8.63799349E-02-1.82772779E-02-9.93742149E-03 6.76171078E-02
54  2 5.39800871E-01 5.80970065E-02 3.72224927E-02-2.86961074E-01-7.24611346E-01
54  3 4.78637608E-02-4.21515726E-02 5.64366298E-01-2.98459128E-02-4.81860859E-02
54  4 3.66498742E-01-2.91135229E-01 2.26388779E-02-1.61387364E-01-8.82549085E-01
54  5 2.16095942E-01 2.86644791E-01-2.66726861E-02 4.49166003E-04 4.27772274E-01
54  6 7.74554474E-02-3.89368326E-01-7.91804747E-03-4.62191091E-01-3.60074166E-01
54  7 8.33700387E-01 9.57525902E-03-4.27929427E-02-3.47514904E-02-1.51657866E-02
54  8-1.26171245E-01-7.39987638E-03 8.97540730E-02 8.57152592E-03-4.07370908E-02
54  9-1.57881982E-01-4.00454099E-01-4.37652119E-01 7.33212730E-01 4.84949022E-03
54 10-4.20727708E-02-2.06063543E-02 2.30081899E-02-8.55327178E-02 1.28235409E-01
54 11 7.65653923E-02 3.64177621E-02 1.50108414E-01 1.34333772E-02-1.53098467E-02
54 12 8.25475508E-03-2.71598406E-02 1.02576146E-01-5.66124208E-02 6.35258130E-02
54 13 8.09262894E-03-8.88241001E-05 3.83991846E-01-3.28762230E-01-4.19759563E-02
54 14 2.40876338E-01 2.02505271E-01-1.59826688E-01-7.48663216E-01 9.49622645E-01
54 15-4.67775112E-02 1.46234331E-01
55  1-1.65202221E-03 7.24196236E-03 5.64210691E-03-5.90748395E-03 1.50753505E-02
55  2-1.30154585E-01-2.03340980E-02 1.94663488E-02-5.18585383E-02 3.90930255E-01
55  3-4.34751025E-02-5.21498314E-02-1.99974444E-01 1.67932768E-02-5.27618878E-02
55  4-7.73922738E-02 3.02008508E-01 2.83413206E-01 3.51193910E-02 2.55892028E-01
55  5-5.73411098E-01-4.84321619E-01-2.71621813E-02 1.61104591E-01 3.24499418E-01
55  6 3.94054927E-02 1.16167947E-01-2.70275240E-01-7.09781724E-01 1.11287623E-01
55  7-1.36729265E-01 3.60713718E-03 4.68087573E-03-7.94217856E-02 1.27806999E-02
55  8 5.47493962E-02-5.09321662E-02 6.25031084E-02 6.23600603E-02 2.54919784E-03
55  9-5.25388901E-02 1.79515267E-01 3.08017264E-01-6.74110821E-01 2.41514232E-02
55 10-4.93085636E-02 1.84873040E-01-2.21119538E-02-1.08912671E-01 6.72464976E-02
55 11 9.48622863E-02-1.56933538E-02 5.77107908E-02-1.66417673E-02 1.75483785E-02
55 12-1.34158551E-01 3.49567822E-02-7.98960105E-02-2.87753514E-02-3.30691531E-02
55 13 4.04894338E-02 1.51171660E-03-5.91546841E-01 4.78249592E-01-1.16361990E-01
55 14 1.82139060E-01 8.57987037E-01-8.13635105E-01-2.98933714E-01 7.28349189E-01
55 15 3.15139043E-01-4.54551236E-01
56  1 7.11356461E-03-4.03865326E-02 8.13387962E-03 9.44839119E-03 6.64238441E-03
56  2 3.24662742E-01-3.25125554E-02-4.40606768E-02-4.63979334E-02-5.89420119E-01
56  3 5.17106723E-02 1.22540208E-01 3.56062646E-01-7.02295885E-02 1.29916900E-01
56  4-2.63656761E-01-2.66691527E-01-1.66221546E-01 3.65514634E-01 5.48422624E-01
56  5 5.29689369E-01 9.71453064E-02 1.10543714E-02-1.28123352E-01-2.26513343E-01
56  6-1.80022752E-01-1.22561836E-02-6.37472351E-02 5.83313634E-01 7.56449730E-01
56  7-3.75165924E-01 6.11485586E-03-6.92659211E-03-1.02777527E-01 2.38996026E-02
56  8 2.17008045E-02-1.25720286E-02-6.83795684E-02-2.56222140E-02 3.08347399E-02
56  9-6.54463254E-01 8.62554515E-01-6.91836787E-01 6.89974493E-01-1.14957017E-02
56 10 1.83609902E-02-1.53928119E-02 3.70564556E-03-1.35233269E-02 8.52708415E-02
56 11 9.59657756E-03 2.98162859E-02 2.32405993E-02-1.59056210E-02 1.27307882E-02
56 12-4.26722816E-02 9.22514848E-02-1.45068287E-01 1.19790228E-01-6.88946139E-02
56 13 9.85242794E-03 9.29671058E-02-5.28967066E-01 5.52029717E-01 3.33135152E-01
56 14-4.84456112E-01-7.75233497E-03 6.07824439E-02 3.83482425E-02-4.12086600E-01
56 15 4.36553581E-01-6.22797738E-01
57  1 4.09118558E-03-2.45841169E-02 2.80211105E-02-1.25429282E-02 1.63627980E-02
57  2 1.54760401E-01-1.18954651E-01 5.43687214E-02-7.61299965E-02-1.80932500E-01
57  3 2.09444589E-01-1.23058517E-01 1.44322065E-01-2.25935689E-02 5.16487274E-02
57  4-3.47913266E-01 5.68128052E-02 5.45634571E-02-9.40174314E-02-4.55192885E-02
57  5 1.77231081E-01-1.00706221E-01 8.63084978E-03-3.07487237E-02-2.83820640E-01
57  6 6.47594337E-02-1.67834643E-01 3.62691710E-02 9.37817065E-01-3.73861572E-01
57  7 3.21273402E-01-1.43832880E-02 9.69811012E-03 3.56266788E-02-2.29749686E-02
57  8-1.29296034E-01 2.33644182E-01-1.92869933E-02-1.38736767E-01 4.88754871E-02
57  9-9.77647149E-01 1.00199175E+00 5.19149173E-01-4.79272182E-01 5.22359411E-03
57 10-1.78826948E-03-6.64477686E-02 6.02665111E-02 1.17181865E-02-5.07933278E-03
57 11 2.18742210E-02-5.37359464E-02 7.03346958E-02 1.12266441E-02-9.17210540E-03
57 12-5.12210959E-02-7.19732280E-02 8.94737353E-02-1.42309817E-01 8.74706381E-02
57 13 4.92470464E-03-9.51729431E-02 2.66170087E-01-3.31698878E-01-3.58265048E-01
57 14 5.14403637E-01 1.71958674E-01-1.51256485E-01-3.02772494E-02-5.89155817E-01
57 15-3.47824167E-01 5.18385253E-01
58  1 2.84263313E-03-1.79121698E-02 1.28250362E-03 1.21344488E-02 1.36598991E-02
58  2 9.11947633E-02 7.48507588E-03-5.22849417E-02-6.42116115E-02-4.19644762E-02
58  3-1.30573001E-01 7.70284144E-02 5.55327448E-02-2.01918613E-02 1.23257484E-01
58  4-1.05616973E-01-1.29582783E-01 1.32090395E-01-3.84986455E-01 6.50866420E-01
58  5-1.76311780E-01-2.04528002E-01 2.53841956E-02-1.58791801E-01 2.30635069E-03
58  6-5.93907464E-02-1.02802480E-01 2.43687570E-01-6.34681489E-01 3.56951766E-01
58  7 2.19897925E-01 1.55345897E-02-7.83586171E-03 1.88203247E-01-2.77562722E-02
58  8-3.56372384E-02-3.82922602E-01-1.31399302E-01 1.88696565E-01-3.82082573E-02
58  9 1.70612632E-01 2.43742329E-01-6.21465849E-01 4.29046563E-01 9.87350738E-03
58 10-1.50905284E-02 2.93798553E-01-1.75732842E-02 2.21907806E-03 9.05403586E-02
58 11-7.95951658E-02-6.42664907E-02 9.81757735E-02 7.15789362E-03-1.00644964E-02
58 12-4.01340741E-02-2.76296635E-02 1.28678586E-01-1.54081622E-01 4.74481689E-02
58 13-3.77373340E-03-1.23808160E-01 1.71847565E-01-2.86955834E-01-4.84805955E-01
58 14 7.32867879E-01 6.00165079E-01-6.82623347E-01 7.18166886E-01-4.23374954E-01
58 15-2.75039024E-01 2.53689106E-01
59  1-1.52149458E-03 9.61030826E-03 5.10964215E-03-1.24698152E-03-1.00850420E-02
59  2-5.13879273E-02-1.63080913E-02-4.05516056E-04 4.61774420E-02 1.54918913E-02
59  3-9.61186097E-03 5.38486085E-02-3.55402998E-02 2.42769596E-03 2.63918153E-02
59  4-6.28092172E-02 3.37211020E-02-4.59913613E-02-2.33116409E-03 4.09681076E-01
59  5-1.14105712E-01 1.32718381E-01-8.20429890E-03 1.82788724E-01 7.19363201E-02
59  6 1.07497620E-02 4.79722772E-02-9.60066656E-02-5.37739142E-01 1.44089666E-01
59  7-3.62806557E-01 2.74348631E-02-7.17240715E-02-8.77350970E-02-2.93370218E-01
59  8-3.20524989E-01-1.92229281E-01 5.59596085E-02 3.67955575E-01 4.34242592E-01
59  9 1.09165372E-01 1.26345417E-01-4.26040184E-02-1.04409553E-01 1.39646710E-02
59 10-4.37516767E-02-1.55879342E-01 3.10511729E-01 1.05655527E-01-8.05251573E-02
59 11 1.88398778E-01-3.46570766E-01-1.50785771E-01 2.69937028E-02-8.01807856E-02
59 12-7.65778516E-01-1.66937639E-01 1.50874246E-01-5.87470844E-02 7.86592599E-01
59 13 2.18321148E-01-1.02974486E-01 1.30655573E-01 4.65819115E-02 2.31933484E-01
59 14-5.05711402E-02-1.46281986E-02 6.99219134E-02 1.50060718E-01 1.76771983E-01
59 15 2.12405769E-01-2.57868612E-02
60  1 2.42690373E-03-1.04508028E-02-3.34151935E-03-1.75440894E-02-4.76517029E-03
60  2 2.18028969E-01 1.17729093E-02 6.52795971E-02 1.21367394E-03-5.85940547E-01
60  3 5.81278663E-02 4.56517650E-02 3.86177085E-01 8.32602781E-03-8.44791649E-01
60  4-2.01189547E-02 4.02360752E-02-1.32966300E-01 1.26069587E+00-9.48505778E-02
60  5-2.50217871E-01 5.22192001E-01 2.11639571E-02-1.07865714E+00-8.45532686E-02
60  6 1.74206448E-01 3.87139029E-02 1.62880560E+00 2.77870279E-01-7.77555276E-02
60  7 1.38747091E-02 2.28421815E-02-7.84499469E-02 1.63016884E-01 5.91449231E-03
60  8-1.79131214E-01-1.49791005E-01-2.56188883E-01 6.76284499E-02 1.94969613E-01
60  9 4.89836698E-02-3.95207725E-01 6.79601571E-02-4.96754282E-01 1.91755489E-02
60 10-5.78619499E-02-5.81221549E-02-2.01595513E-04-5.70750467E-01-1.04334120E-01
60 11 5.48692539E-02-5.09095001E-02 4.46186339E-01 2.79118493E-03-1.56156889E-02
60 12-1.16717589E-01 2.19641712E-01-4.38850993E-02 2.92581155E-03 1.29431829E-01
60 13-2.46318364E-01 8.18692865E-02 9.69510028E-03 1.24458357E-01 8.88010064E-03
60 14-8.60934365E-02 6.79832334E-03 5.71486795E-02 2.95526783E-02-6.43378658E-01
60 15 1.43000871E-01-1.16452951E-01
61  1-1.21607969E-03 7.30576416E-03 5.58059219E-03-4.17650084E-04-6.52323526E-03
61  2-5.57764971E-02-2.07242321E-02-1.12284314E-03 3.38532282E-02 5.11267413E-02
61  3 1.21284358E-02 2.44649877E-02-5.45035266E-02 2.45858936E-03 1.74065100E-01
61  4-3.48429730E-02-8.03098216E-03-3.97583098E-02-2.31621164E-01 2.82832670E-01
61  5 4.45138052E-02 1.10478599E-01-7.71197610E-03 1.88928030E-01 1.27982158E-02
61  6 1.17130917E-02 1.05664955E-01-5.48181296E-02-4.11818110E-01 1.66887790E-01
61  7-4.17091679E-01 2.95919942E-02-1.17181970E-01-9.19548136E-02-4.33390898E-01
61  8-2.62951814E-01-1.29725818E-01 6.09320525E-02 5.61965955E-01 3.37342452E-01
61  9 4.74437511E-02 1.91757331E-01 1.35059142E-02 1.22892459E-02 1.22487124E-02
61 10-3.57591037E-02-1.18211373E-01 3.58093789E-01-3.53367636E-02-6.39074030E-02
61 11 1.55266427E-01-4.02940813E-01-2.73217178E-02-2.96934535E-02 9.44412188E-02
61 12 4.54439979E-01 4.49403446E-01 4.19059626E-01 8.93587967E-02-5.21217592E-01
61 13-4.65720518E-01-4.95925747E-01-2.16218002E-01-2.40525203E-02-1.02629447E-01
61 14-9.93788613E-02 6.06859015E-02-2.74137557E-02 3.17992140E-02 2.38343249E-01
61 15 5.29271999E-02-2.82519239E-02
62  1 1.11870323E-03-7.50419869E-03 3.17587313E-04-7.18971847E-03 1.15926792E-02
62  2 2.04697887E-02 4.86020968E-03 2.41790051E-02-4.71195525E-02 4.64010501E-02
62  3-6.96210833E-02-8.08607432E-03-2.95674160E-03 1.96258011E-04-6.45953680E-02
62  4-5.14073487E-02 1.22871164E-01 6.78889963E-02 2.34357297E-01 3.08591179E-01
62  5-4.22518586E-01-1.77253259E-01-1.72192595E-02-1.48914822E-01 1.34594649E-02
62  6-2.28329412E-02-6.99933271E-02 5.52836650E-01-1.55095519E-01 4.41934164E-01
62  7-7.02689544E-02 2.79108388E-02-7.78577328E-02 5.13861977E-01 1.04625771E-01
62  8-2.04449511E-01-2.30624779E-01-6.45999518E-01 2.52543760E-02 2.36692320E-01
62  9 1.07111073E-01-7.43883816E-03-8.15079466E-02-2.86793399E-01 3.60980216E-02
62 10-1.50847692E-01-5.20411424E-01 2.60807709E-01 2.68406588E-01-1.32718709E-02
62 11 6.65476782E-01-3.06604498E-01-2.78242168E-01-3.57370853E-03 3.02443816E-02
62 12 2.64115271E-01-2.68203093E-01-3.04076601E-01-2.90859228E-02-2.86131527E-01
62 13 3.28463175E-01 3.23276782E-01-5.16349688E-02 3.11223634E-02 5.39155359E-02
62 14 8.31268284E-02 3.21027509E-01-6.22729735E-02-1.11482564E-02-9.67341494E-02
62 15 1.85141567E-01-2.67585277E-01
63  1-3.68405440E-04 3.72411494E-03 4.61079010E-03-6.50831052E-03-8.29631833E-03
63  2 2.66674103E-02-1.79548654E-02 1.94072473E-02 3.18148889E-02-1.52673892E-01
63  3 3.20341862E-02 4.98181994E-02 8.51641807E-02 1.10694497E-03-3.11431596E-01
63  4-4.68269783E-02 2.02387133E-02-1.55154732E-02 3.78945267E-01 2.36423249E-01
63  5-1.09345522E-01 2.03867427E-01 9.36086093E-03-1.43625669E-01 1.29410937E-01
63  6 9.80046353E-03 1.00359743E-02-1.62301990E-01-4.96773215E-01-3.10721059E-01
63  7-2.19879128E-01-1.78369058E-02 7.58020926E-02-5.85805388E-01 2.73255178E-02
63  8-6.03256667E-01 2.10351069E-02 7.29420898E-01-4.40084543E-02 6.73360505E-01
63  9 1.93310282E-02 2.26931866E-02-3.27309421E-02-1.97398833E-01 1.42202274E-02
63 10-6.59918245E-02 1.32797244E-01-7.99146143E-02 7.72062959E-02-3.66484976E-02
63 11-1.73996951E-01 1.37084364E-02-1.34750761E-01 4.02774091E-03-6.16076756E-03
63 12 2.66140617E-01-2.90758709E-01-3.13230099E-01-7.47969891E-02-2.77634126E-01
63 13 3.42979554E-01 3.05292716E-01-3.85465621E-03-7.26397517E-02-9.78712313E-02
63 14 3.15467990E-01-3.32192762E-02-1.30536178E-01 2.12712193E-01 1.36719372E-01
63 15-3.68220878E-02 1.32237328E-02
64  1-1.31162243E-03 1.03328546E-02-5.44238898E-04 5.24358853E-05-1.92338840E-02
64  2 2.52777584E-02 1.09191801E-03-1.84250673E-03 7.08028126E-02-2.08329631E-01
64  3 2.88088377E-02 5.93643083E-02 1.05787266E-01-5.30521099E-03-4.13157261E-01
64  4-1.85349144E-02-1.28550728E-02-1.03893725E-01 8.43920721E-01 1.15924118E-01
64  5 6.19467537E-02 1.42618182E-01-2.07163783E-03 1.23315544E-01 1.02961297E-01
64  6-1.46744808E-01-1.14306931E-01-5.86026592E-01-7.99339028E-02 8.38343703E-02
64  7-1.87024275E-02-2.46475018E-02 1.03070006E-01-1.55792743E-01 3.95452967E-01
64  8 1.80616204E-01-2.00271711E-02 2.37872780E-01-4.97973261E-01-2.10604259E-01
64  9-4.37793153E-02-5.92542577E-02-2.96626606E-03-1.92919125E-01-3.53709256E-03
64 10-3.37204795E-02 2.14121919E-01 7.65515636E-01 4.08284360E-02 1.52695178E-01
64 11-2.62000868E-01-8.02131569E-01 8.33811531E-03 2.63771189E-02-1.06649421E-01
64 12-2.18284455E-02 2.42217360E-01-2.16126626E-01-6.28432133E-02 7.74262894E-02
64 13-2.23996109E-01 2.31292371E-01 1.20639000E-01 1.32849523E-02 1.05807364E-01
64 14 7.00531119E-02 2.53010398E-02-2.14720490E-01 7.19613945E-02 1.05277515E-01
64 15-2.52023209E-01 2.66358465E-01
65  1-3.26645953E-04 1.39533703E-03 1.10634875E-03-3.61813628E-04 1.55836059E-03
65  2-3.35438758E-02-5.47056411E-03 9.99156122E-04-2.08302976E-03 8.87357192E-02
65  3 1.06301390E-02-1.94496115E-02-5.65831385E-02-4.26610658E-03 1.04219476E-01
65  4 2.24315121E-02 3.69203616E-02 3.69179089E-03-1.12494663E-04-9.56560103E-02
65  5 9.22968878E-02-1.15064826E-01-7.19763267E-03 5.04718727E-01-7.22307072E-02
65  6 1.35960660E-01-6.88914464E-02-4.95428756E-01 2.83316448E-01-8.41325193E-02
65  7-6.55243404E-02 4.54337006E-03-3.57724489E-02 3.41266392E-01-2.17608130E-01
65  8-3.05866478E-01 2.16301619E-01-4.07647150E-01 2.20871390E-01 3.52374137E-01
65  9-2.72136253E-02-1.19329913E-02 1.01443367E-02 6.45541245E-02-2.75484011E-02
65 10 1.29664658E-01 3.16823799E-01-1.09264274E-01 9.94645783E-02-7.87687801E-04
65 11-4.42591873E-01 1.61233524E-01-1.06363034E-01-3.07515516E-03 5.14826016E-02
65 12-1.24830230E-01 4.79816293E-01-5.69518830E-01-9.97597798E-02 2.16528163E-01
65 13-7.16660079E-01 7.79252648E-01 1.92988179E-01 3.62491817E-01-2.14905280E-01
65 14-1.64569735E-01-2.29105554E-01 6.30715535E-02-1.24400692E-01 1.11156147E-01
65 15 1.28996149E-01-1.93907865E-01
66  1-1.65640335E-03 1.33647085E-02-3.62416102E-03-6.88576644E-03-2.28794825E-02
66  2 4.57332623E-02 8.57726612E-03 2.39329131E-02 7.89221851E-02-2.75200211E-01
66  3 6.58902438E-02 2.98608225E-02 1.68037223E-01-1.40720731E-02-1.00939270E+00
66  4 4.34449019E-03-2.04952289E-02 1.96145919E-02 2.07564904E+00-1.55559915E-01
66  5 2.74955528E-01-1.33133540E-01-1.85159547E-02-3.38880846E-01-1.27724028E-01
66  6 6.89726957E-02 4.37047362E-02 3.85533147E-01 7.85901442E-01 1.81698074E-01
66  7-6.77365085E-01 2.11578227E-02-1.22173415E-01 2.15794554E-01-1.23591297E-01
66  8 3.78653472E-03 8.32607912E-02-3.69737844E-01 1.29685461E-01 1.02412611E-01
66  9-1.69750905E-01-3.79841991E-01-4.55662423E-02-2.83175738E-01 1.11203098E-02
66 10-1.11813045E-01 5.02583670E-01 3.13297027E-02 5.32035560E-01 1.07071223E-01
66 11-7.76761499E-01-1.14522293E-01-7.60879327E-01-1.23207326E-02 4.51204308E-02
66 12 6.18121213E-02-1.71081037E-01 2.89517180E-01 7.61135122E-02-1.24753121E-01
66 13 2.48641274E-01-3.76363359E-01-1.51249807E-01-5.66176452E-02 1.20824099E-01
66 14-1.35132977E-01-1.77377318E-01-3.30072023E-01-3.05219945E-01-3.00013437E-01
66 15 1.73704351E-01-1.54738653E-01
67  1-1.79068986E-04 1.10621893E-03 2.82028585E-03 1.39552251E-03-1.33482950E-03
67  2-1.72677906E-02-1.15677859E-02-4.44105819E-03 1.21187245E-02-1.69445848E-04
67  3 2.07928670E-02-1.83840416E-03-1.14559991E-02-4.35833693E-03 3.63496539E-01
67  4 3.89439820E-03 9.41326980E-03-1.50856456E-01-1.88816143E-01 9.75145330E-02
67  5 2.60557206E-01 7.25132614E-02 1.19629650E-02 4.64086278E-01-1.15472376E-01
67  6-1.88661322E-02 8.75984552E-02-5.81508286E-01 3.53295920E-01 4.13410380E-01
67  7-1.73334302E-01 8.99616912E-04 8.79964694E-03 2.68524297E-01-1.56875511E-01
67  8-5.56610365E-02 8.55771081E-02-3.94739550E-01 1.82726347E-01 7.57659804E-02
67  9-1.10628070E-02 2.11149370E-01 5.44865543E-02 1.62685431E-01-9.55875704E-03
67 10 2.81176264E-02 3.96455925E-01 2.71564096E-01-5.35055705E-01 9.21792338E-03
67 11-6.06866484E-01-4.04644019E-01 7.37225979E-01 2.79737439E-02-1.71758801E-01
67 12 1.90161566E-01-5.33358563E-01-5.01601724E-03 1.04338528E-03-2.79736381E-01
67 13 8.85881930E-01-3.65348052E-02-5.86249007E-02-3.36216652E-01 1.20485781E-01
67 14 7.76903678E-01-2.19999482E-01-3.64508343E-02-1.05816399E-01 5.17605028E-02
67 15 1.79654722E-01-3.87088765E-01
68  1 3.29845715E-03-2.13325450E-02-2.56493463E-03 5.00927692E-03 2.07199790E-02
68  2 9.33859506E-02 8.85779425E-03-1.21787676E-02-8.76032171E-02-5.12626731E-02
68  3 4.78341100E-03-2.85349983E-02 5.01035826E-02 3.19559308E-02 4.05346433E-01
68  4 2.87318876E-02-1.74107363E-01 8.41204354E-02-1.79265863E+00-3.38233320E-01
68  5-1.70372411E-01 4.53002914E-01-4.25114371E-02-8.34089394E-01-2.37564569E-03
68  6 1.84846566E-01-6.48942399E-03 2.47965616E+00-7.65771903E-01-4.13474473E-01
68  7 4.50098438E-01 7.81344866E-03-3.10789049E-02-1.75981258E-01-6.21577698E-01
68  8 4.39512028E-01-1.53918280E-01 2.42864778E-01 1.25287646E+00-8.16817849E-01
68  9 5.74795604E-02 1.01078812E-01 1.34868723E-01 2.75848886E-01 4.14015828E-02
68 10-2.69819437E-01 3.65496359E-02 1.62766589E-01 8.99210293E-02 1.09396416E-01
68 11-6.52568842E-02-2.74661203E-01-2.66470123E-01-1.34830146E-02 1.44261694E-01
68 12 1.43481653E-02-1.05600959E-01-4.02917431E-01-1.68204114E-01-8.59902436E-03
68 13 1.50948870E-01 6.35018014E-01 6.00578340E-02 2.09722858E-01 2.33640473E-02
68 14 1.90134512E-01 6.96680437E-02-2.83835628E-01-5.69059058E-02-4.22454255E-02
68 15-2.84538366E-01-7.49245069E-01
69  1-4.17691057E-03 3.13335412E-02-6.40695666E-03-1.91652241E-03-5.01444778E-02
69  2 4.11391608E-02 2.40485470E-02 4.00338298E-03 1.77871625E-01-4.38114444E-01
69  3 8.42030230E-03 7.68938207E-02 2.53974006E-01-5.07474179E-02-1.43290263E+00
69  4-2.44345955E-02-9.39489041E-02-8.55152655E-02 3.39158737E+00 4.26414025E-01
69  5 5.53650111E-01-3.87589831E-01 5.06818187E-02 1.08393428E+00 1.79434162E-02
69  6-1.47146856E-02-1.07151547E-01-2.72373740E+00-7.46695612E-02 9.27886557E-01
69  7-2.02969492E-01-1.94369888E-02 8.90082756E-02-3.10789798E-02-3.59689778E-01
69  8 2.44538425E-01 1.23922954E-01 8.21584270E-02 4.63020163E-01-4.05526048E-01
69  9-2.07659301E-01-3.35756208E-01-2.68564060E-01-2.97504300E-01-3.10110008E-02
69 10 2.13221349E-01-2.65553465E-01-9.03098300E-02-1.60479268E-01-5.01953354E-02
69 11 4.67888131E-01 1.80801939E-01 4.71240135E-01-2.49254082E-03 2.91104486E-02
69 12 5.21956917E-02-9.62382605E-02-1.18543468E-01-5.91690707E-02-7.37437203E-02
69 13 1.50115231E-01 1.77811596E-01 6.72308692E-03-2.75851761E-03-6.41476690E-02
69 14 2.26067881E-01 1.46651542E-01 2.12958538E-01 2.87067050E-01 3.62078490E-01
69 15-1.77174114E-01-2.83625828E-01
70  1-7.01508443E-05-4.90847421E-04-4.94795300E-05 1.87222476E-03 2.94330594E-03
70  2-3.20396593E-02-8.07017236E-04-8.02934340E-03-7.22731748E-03 9.22792545E-02
70  3 1.11500206E-02 1.23838943E-02-7.17356217E-02 1.94553270E-02 1.09830463E-01
70  4 5.25925766E-03-2.34123486E-02 7.81775831E-02-6.87798521E-01-1.94447337E-01
70  5-1.66860149E-01 1.85145684E-01-4.76101423E-02-5.64013820E-01 1.02088047E-02
70  6 5.79246402E-02 4.21823315E-02 1.45862511E+00-1.91826251E-01-4.10318124E-01
70  7-1.93892101E-01 1.87198209E-02-3.19167554E-01-5.35593334E-02-1.07079119E-01
70  8 3.13429305E-02 3.44686500E-01 1.16163351E-01 3.60011380E-01-1.15717581E-01
70  9 6.24785051E-02-8.33261421E-02 5.19992792E-02 4.34453623E-02-5.46936761E-02
70 10 1.09375826E+00-7.31628479E-02 4.32224416E-02 1.53931035E-01-1.35500134E+00
70 11 2.33266347E-01-1.17990996E-01-4.13356491E-01 5.89336224E-02-1.11616558E+00
70 12 9.29891372E-02 7.72532742E-03-3.27413926E-02 1.33515222E+00-2.54168175E-01
70 13-3.09195557E-02 1.86885861E-02-1.93017766E-01-1.87109886E-01-1.17853094E-01
70 14-1.33545832E-01 2.00982471E-01 1.76335296E-01-1.20376142E-01-1.03605615E-01
70 15-5.32761960E-02-5.07830751E-01
71  1-1.12632065E-03 6.65229231E-03 2.68862490E-03 6.60902036E-04-4.36561108E-03
71  2-5.85514641E-02-1.37133971E-02-3.78719722E-03 2.43978265E-02 8.84038533E-02
71  3 4.41527795E-02 2.28905876E-03-7.27802398E-02 1.16999665E-03 4.43933067E-02
71  4 1.86230160E-02 3.11462469E-02-7.03975077E-03-6.79278020E-02-2.05440913E-01
71  5 7.55720301E-02 2.17209655E-02 1.61315084E-02-2.58806035E-02 3.85691889E-02
71  6-1.29062097E-01 1.70380544E-02-4.44058027E-01 3.56870595E-01-5.28323283E-01
71  7-4.23350498E-02 4.89826455E-02-1.12459345E+00-1.10095667E-01 1.29735617E-01
71  8 2.55732807E-02 1.55557526E+00 3.31748808E-01-4.09196472E-01-5.18682956E-02
71  9-1.82111382E-02-7.58403343E-02 6.19471421E-02 5.33949866E-03-3.67077733E-02
71 10 7.13227829E-01 3.68674916E-02 8.94416044E-02-5.06713642E-02-8.56587278E-01
71 11-3.73250604E-02-1.87375407E-01 1.09948526E-01-4.45378939E-02 9.96471521E-01
71 12-3.77306033E-02-1.28819424E-01-6.81399375E-02-1.31695623E+00 1.43770640E-01
71 13 3.54383349E-01 1.84027695E-01 1.87752803E-01 1.01719741E-01 1.53761307E-01
71 14 6.40618040E-01 1.08407577E-01 6.39541090E-02 1.73918832E-02-1.11352186E-01
71 15-1.66508927E-01-1.23068585E-02
72  1 9.82065208E-04-6.86869188E-03-7.08797768E-05 1.13639619E-03 7.31489914E-03
72  2 1.53787415E-02 2.71698698E-03-5.48606635E-03-2.85575424E-02 1.84222215E-02
72  3-2.59584265E-02 3.00689654E-02-1.79113432E-02 2.57937763E-02 1.59557349E-01
72  4-3.69726886E-02-3.23199253E-02 6.57075984E-02-8.54158099E-01 1.00604812E-01
72  5-3.51545393E-01 2.72848764E-01-7.89405559E-02-5.86691875E-01-3.06641999E-02
72  6 2.00082009E-01 4.24272617E-02 2.17421067E+00-5.98957770E-01 6.35331442E-02
72  7-2.36604539E-01-2.80481631E-02 1.28361397E+00 9.54638885E-02-9.38247887E-02
72  8-9.41924734E-02-2.11619337E+00-3.84135244E-01 4.81456084E-01 3.15779225E-01
72  9 1.15276177E-01 7.84622992E-02 5.38885899E-03-1.01320271E-02-2.57206447E-02
72 10 9.58440233E-01-1.90698052E-02 1.56503547E-01 6.71052809E-02-1.34548572E+00
72 11 1.20597810E-01-4.36054795E-01-2.81470527E-01-2.05201090E-02 7.06169484E-01
72 12-2.67763243E-02-7.99329659E-02 6.16124974E-02-9.95665722E-01 1.13235936E-01
72 13 2.70622100E-01-1.21866395E-01 1.15206689E-01-1.68083962E-02 1.48526893E-01
72 14 4.41456782E-01 2.28992169E-01-1.69266572E-02-1.28964220E-01-1.12832350E-01
72 15 2.35447706E-01 3.02745456E-01
 $END   
 POPULATION ANALYSIS
CL          17.08120  -0.08120  17.12307  -0.12307
C            6.61672  -0.61672   6.20537  -0.20537
C            5.79858   0.20142   5.84319   0.15681
O            8.62617  -0.62617   8.34286  -0.34286
H            0.68461   0.31539   0.85275   0.14725
H            0.67814   0.32186   0.84768   0.15232
O            8.56718  -0.56718   8.40336  -0.40336
O            8.74413  -0.74413   8.48131  -0.48131
H            0.61467   0.38533   0.74012   0.25988
H            0.62171   0.37829   0.76402   0.23598
H            0.63487   0.36513   0.76104   0.23896
H            0.72510   0.27490   0.89449   0.10551
H            0.60690   0.39310   0.74072   0.25928
 --- SOLUTE ELECTROSTATIC MOMENTS ---
 MOMENTS AT POINT    1 X,Y,Z=  5.937370  2.281988 -3.647516
 DIPOLE      -2.190681 -1.162489 -3.944798
 --- SYSTEM ELECTROSTATIC MOMENTS ---
 MOMENTS AT POINT    1 X,Y,Z=  5.937370  2.281988 -3.647516
 DIPOLE      -2.190681 -1.162489 -3.944798
 $GRAD  
E=     -762.2918534798  GMAX=   0.0500299  GRMS=   0.0126626
CL          17.    3.4695600900E-06    1.3909451335E-04    1.8189555646E-05
C            6.    4.3487664144E-05   -2.0169500126E-05   -7.0935761483E-05
C            6.    4.2811278560E-03    2.4842580789E-02    4.9581431209E-02
O            8.    3.7077846138E-05   -9.2481662328E-05   -1.7130744727E-04
H            1.    1.2058616731E-05   -1.7899246747E-05    2.6983285968E-06
H            1.    1.3118747411E-05   -2.5020323859E-06    9.3596229316E-08
O            8.   -3.7002660212E-03   -2.3537348475E-02   -5.0029872111E-02
O            8.    2.6892186943E-03   -3.8185869166E-04   -5.9276095512E-03
H            1.    4.5048767992E-05   -1.0005825460E-05    9.0417816015E-06
H            1.   -5.8302787874E-04   -1.2452998663E-03    6.3267619036E-04
H            1.    1.2535076860E-05    1.9639072235E-05    2.7893124423E-05
H            1.   -1.2948875587E-05    3.5377875078E-05   -5.7090148451E-05
H            1.   -2.8408998755E-03    2.7087305273E-04    5.9847912781E-03
 $END
-------------------- DATA FROM NSERCH=   1 --------------------
 COORDINATES OF SYMMETRY UNIQUE ATOMS (ANGS)
   ATOM   CHARGE       X              Y              Z
 ------------------------------------------------------------
 CL         17.0   3.0925184353   0.6759458636   0.4306118705
 C           6.0   2.7665468605   0.1556966591  -1.3608234978
 C           6.0   3.3735073489   1.1818496206  -2.2630288018
 O           8.0   2.6945405082   2.3536351145  -2.3107063284
 H           1.0   1.6849715358   0.1247563590  -1.4588297307
 H           1.0   3.2337862404  -0.8143804678  -1.4852647253
 O           8.0   3.2335578505   0.4296297928  -3.7204577666
 O           8.0   3.7456764288   2.7940376338  -4.5696682505
 H           1.0   3.1528865906   3.1431768441  -5.2728744618
 H           1.0   3.6229692968   1.7744779473  -4.4948879874
 H           1.0   2.2444205871   0.3891580770  -3.8186403714
 H           1.0   4.4606325978   1.2125983196  -2.2519974589
 H           1.0   3.0838357601   2.8797650499  -3.1154957231
--- CLOSED SHELL ORBITALS --- GENERATED AT 10:08:11 30-JUL-2026    
Chloroacetaldehyde hydrate and water                                            
E(R-WB97X-D)=     -762.3047453495, E(NUC)=  313.0824972378,    8 ITERS
 $VEC   
 1  1 9.85802669E-01 5.34291475E-02-1.87104682E-05-3.23959624E-05-1.74151827E-04
 1  2-1.87781559E-02 5.39991595E-05 9.58782008E-05 6.54994753E-04 1.02819947E-02
 1  3-2.14586837E-04-3.93311774E-04-1.82489667E-03-3.06539563E-05-4.18904877E-04
 1  4-1.84063106E-06-1.27995889E-05-1.47659040E-04 8.51536403E-04 1.89397818E-05
 1  5 4.45380329E-04-1.48063935E-03 8.42028637E-05 6.54597441E-04-1.52183718E-05
 1  6 5.18173880E-06 3.59814166E-04-2.21766721E-03 6.86118135E-04 9.51407437E-05
 1  7-1.70171743E-03-2.00804707E-05-1.56612865E-04-1.28428199E-05 2.65663336E-05
 1  8-8.65421211E-06 6.79444043E-04 1.20448872E-04-3.30412387E-04 2.36127066E-04
 1  9 1.51566008E-04-8.46222286E-04 2.04527837E-04-7.37772527E-04 1.03400578E-05
 1 10 1.00720113E-04 1.25057974E-05 7.53506680E-06 3.99405704E-05-3.52702535E-04
 1 11-6.79981169E-05-6.69513372E-05-2.04885680E-04-1.47918823E-06-8.09018431E-06
 1 12 9.68199624E-07-5.05587428E-08 2.86804690E-05 6.77900533E-05-6.66476499E-06
 1 13-2.11569543E-05-8.59005805E-05-3.62854103E-05 2.95514936E-05 4.74344091E-05
 1 14-2.49795008E-04-1.79192651E-05 2.87580658E-06 2.15032828E-04-2.26510047E-04
 1 15-5.34962571E-06 3.73953571E-05
 2  1-7.08900727E-06 4.30372189E-05 7.96955639E-06 3.55597434E-05-3.62243046E-05
 2  2-8.99154097E-04-4.66881603E-05-2.07395986E-04 2.87980488E-04 1.70901689E-03
 2  3 1.56213810E-04 6.01944734E-04-1.55740827E-03 2.38099964E-04 7.45037203E-04
 2  4-2.32321610E-04-2.65103851E-04 9.99315900E-04-7.92692702E-03-1.41590867E-03
 2  5-2.65683198E-03 2.74997250E-03-1.16244575E-03-5.67564631E-03-1.71444727E-04
 2  6 6.10217072E-04-4.01328701E-04 2.31032680E-02-3.58292262E-03-5.66131935E-03
 2  7-6.86862026E-03 2.81866709E-02 4.38274416E-03-1.82928957E-06-4.54400747E-04
 2  8-4.11598655E-04-6.17968782E-03-5.54064307E-04 3.67342438E-03 2.15019362E-03
 2  9 9.02293897E-04-1.22548283E-03 2.34296509E-04 2.26539338E-04 9.82096306E-01
 2 10 1.03894541E-01-2.08194036E-03 1.87588016E-03 1.59210130E-03-4.68768293E-02
 2 11 4.04573817E-03-5.78654156E-03-5.66146439E-03 9.90243504E-03 2.41421293E-03
 2 12 8.38821402E-05-6.42628774E-04 5.53249003E-05-4.55820663E-03-1.17921142E-04
 2 13 3.29080641E-03-3.74376727E-04 4.02166601E-04-1.41786717E-03 6.32612033E-04
 2 14 7.01320629E-03 3.55590496E-03 5.14726202E-03-1.72786839E-03-1.96812651E-03
 2 15 6.12116437E-04-1.01839355E-03
 3  1 8.49705064E-06-6.67599555E-05-1.98026322E-05 6.47266380E-06 5.82792550E-05
 3  2 6.16434581E-04 1.44987308E-04-3.21413465E-05-3.40896096E-04-7.82405481E-04
 3  3-7.71873150E-04 3.52685674E-04 5.70637880E-04 1.84542007E-04 6.47338810E-04
 3  4-6.27089513E-04-4.88528311E-04 4.44138578E-04-5.77618525E-03 4.60062778E-03
 3  5-4.44215964E-03 1.97117259E-03-7.77346439E-04-3.20919945E-03-3.19109501E-04
 3  6 2.38628582E-03-4.98697235E-05 2.31016492E-02-1.20621685E-02 9.68749974E-03
 3  7-1.49015766E-03 9.82256580E-01 1.05856132E-01 2.82811670E-03-2.12860330E-03
 3  8-1.82192826E-03-5.52467813E-02-7.85400516E-03 8.53029003E-03 4.40049986E-03
 3  9 1.02035893E-03 2.37121941E-03-6.71591736E-04-6.93316295E-04-2.79452620E-02
 3 10-1.61583336E-03-2.38236132E-04 4.46449047E-04 2.02303381E-04-2.58947028E-03
 3 11 1.35907353E-03-2.79904058E-03-2.00372950E-03 1.13951976E-02 2.24548835E-03
 3 12-1.47654356E-04 7.02321838E-05 6.81137929E-04-2.79759275E-03 7.05623507E-04
 3 13-1.24753161E-04-2.73434351E-03 1.87128510E-04-7.91484335E-04 3.71505917E-04
 3 14-7.25142560E-04 7.26219322E-04-1.26601612E-03-6.03848808E-04 1.27131580E-03
 3 15 3.07763469E-03 7.55683744E-03
 4  1 2.46434744E-07-1.80218614E-06 1.00227548E-05-2.75354460E-06 1.71314824E-06
 4  2 1.50300239E-05-5.24412665E-05 1.24197461E-05-5.71481859E-06-4.25846308E-05
 4  3 9.40770237E-05 4.58424125E-06 1.97614675E-05 1.68570526E-05 1.82071670E-04
 4  4-3.03749757E-05 8.15056387E-05-9.86791243E-05-4.34903117E-04 1.78864090E-05
 4  5-1.39494103E-04 2.16089617E-04 8.41596331E-05 5.36922731E-04 3.59606537E-05
 4  6-5.76272796E-05-1.00289094E-04-1.78641557E-03 5.09506193E-04-1.06043172E-03
 4  7 7.49908143E-04-1.14338501E-02-8.31428204E-05 2.49909198E-05 5.20560909E-04
 4  8-2.70178760E-04-2.82138240E-03-4.05653023E-04-2.38034147E-03 1.88406626E-03
 4  9-3.90677146E-05 3.54731892E-04 9.23539234E-05-1.98175004E-04-9.29401767E-03
 4 10 2.48921079E-04 3.47371689E-04 5.64991373E-04-5.54677342E-04-2.34081242E-03
 4 11-1.24383041E-03-2.39172779E-03 2.13295462E-03 9.82308849E-01 1.03247081E-01
 4 12-2.27877929E-03-1.67666429E-03-9.69735898E-04-4.47513872E-02 4.79937819E-03
 4 13 4.49007009E-03 1.35570605E-03 3.00792943E-03 5.64895209E-03 2.36238437E-03
 4 14 1.08379833E-02 5.49928342E-04-1.55806063E-03 3.33724450E-04-7.49599827E-04
 4 15 2.00636106E-04 6.57400007E-03
 5  1 7.67923975E-05-9.79902394E-05 2.29564480E-06 5.23430478E-05-2.12064402E-04
 5  2-2.26206296E-03-5.35912070E-06-3.49138922E-04 1.45246976E-03 2.94409496E-03
 5  3-5.03445403E-04 1.48795865E-05-2.27354677E-03-9.61268599E-03-4.13456119E-03
 5  4-3.30937384E-04-4.26517824E-04-2.33852182E-05 2.66252522E-02 7.43055562E-03
 5  5 1.05278060E-02-1.20556801E-02 9.86603501E-01 1.10964092E-01-3.26849073E-04
 5  6-1.05400871E-03-5.78973701E-04-8.60870767E-02 2.59272237E-03 1.32898666E-02
 5  7-2.82245890E-03 1.83342502E-05-3.21849631E-04 2.99729461E-04 4.36157713E-04
 5  8-1.64566445E-04 7.04255919E-03-1.20512171E-03-2.90658263E-03 8.86789192E-04
 5  9-1.44075537E-03 1.66810393E-03-1.64647969E-03 1.06629954E-03-3.59115588E-04
 5 10-2.03994285E-03-1.09497085E-04 1.30391924E-04 9.68080171E-06 1.07148404E-02
 5 11 9.66422296E-04 2.51985068E-03 6.82290768E-03 4.36006760E-05 3.57266478E-04
 5 12 1.30044418E-05 1.12539546E-04-9.67150736E-05-1.40511452E-03 1.17669282E-04
 5 13-8.01880739E-05-4.78051899E-05 4.46014543E-04-7.17244472E-04-5.33004526E-04
 5 14 2.11289361E-03-8.78644208E-04 3.46968962E-03-2.08189676E-04 1.64892447E-02
 5 15 4.27172700E-05 3.02511296E-03
 6  1-2.68905608E-05-1.63844633E-04 5.87604889E-05 9.16070944E-05 3.39309949E-04
 6  2-2.09494945E-03-3.45005797E-04-5.36521130E-04-1.93081791E-03 1.27512386E-02
 6  3-1.19270058E-03-1.90975779E-03-8.57485844E-03 9.86473268E-01 1.11899331E-01
 6  4 3.41519260E-04 5.86407660E-04 1.06553683E-03-9.02910792E-02-3.25128364E-03
 6  5-5.67793014E-03 2.41600881E-03 9.03382154E-03-1.70787783E-03 3.78017240E-04
 6  6 4.08426055E-04-3.30474150E-05 2.30184110E-02-6.23973936E-03-9.81160757E-03
 6  7 8.55812540E-03 3.71987623E-05 8.73934204E-06 8.24400983E-06 4.79501910E-04
 6  8-3.37432423E-04-1.30894073E-03 3.13663708E-05-3.18572669E-04 5.87995184E-04
 6  9-9.60490394E-05 1.54943361E-02-1.42914969E-04 1.54875106E-02 1.10479834E-05
 6 10-1.75565962E-04 2.43500416E-04 2.34812146E-04-4.91263934E-04-6.57224615E-04
 6 11-7.71723865E-04-8.53119009E-04 5.71379428E-04 2.49032370E-05 1.99557557E-04
 6 12-5.99763271E-05 2.58811078E-05-9.76742080E-05-8.18439947E-04 2.57830938E-04
 6 13 9.79593344E-05 2.35901203E-04 3.25225327E-04-3.37860956E-04-7.89782850E-05
 6 14 1.49830771E-03-6.20551001E-04 2.26677091E-04-1.19012743E-03 1.36064649E-03
 6 15 3.90118719E-04 1.34242149E-03
 7  1-3.05121078E-01 9.77066543E-01-1.52620991E-03-2.57446102E-03-8.51615263E-03
 7  2 1.54328425E-01-5.83375778E-04-1.00871908E-03-5.25542860E-03-6.77838791E-02
 7  3 1.54842765E-03 2.78306763E-03 1.21985810E-02-2.84130482E-05 1.70840241E-03
 7  4-5.83513788E-05-1.46585643E-05 4.51864312E-04-2.82426287E-03 2.39923076E-04
 7  5-2.10707409E-03 9.82028239E-03-7.64760911E-05-3.44374303E-03 9.30610606E-05
 7  6-6.21106920E-05-2.06888607E-03 1.20574968E-02-3.98115633E-03-3.97051713E-04
 7  7 9.90122466E-03 1.02185267E-04 7.56761071E-04 5.27136605E-05-1.42745878E-04
 7  8 5.68269098E-05-3.70088078E-03-6.43485605E-04 1.85582125E-03-1.36504101E-03
 7  9-9.69083459E-04 5.09649759E-03-1.27230286E-03 4.42572636E-03-6.30239275E-05
 7 10-5.70951703E-04-6.39435275E-05-3.27430037E-05-2.40235305E-04 2.18238440E-03
 7 11 3.84841370E-04 3.98221696E-04 1.39902084E-03 8.41625514E-06 4.86926101E-05
 7 12-3.11504119E-06-4.51260443E-06-1.40009013E-04-4.02248474E-04 2.88623183E-05
 7 13 1.47242223E-04 4.56990514E-04 1.92958841E-04-1.86087862E-04-2.59081302E-04
 7 14 1.47674456E-03 2.97939055E-05 1.66362387E-04-1.17442190E-03 1.52122292E-03
 7 15-3.17501441E-06-2.02609566E-04
 8  1-3.21683034E-03 1.08925609E-02 1.65640842E-01 2.63420518E-01 9.19462202E-01
 8  2-3.21641026E-03 1.51488170E-02 2.41104142E-02 8.55955630E-02 4.75769438E-03
 8  3-4.87106434E-03-7.90369772E-03-2.94630541E-02-6.93288015E-04-4.44023319E-03
 8  4-3.10220152E-05-1.13152428E-04-4.58782906E-04 9.65293087E-03 1.25629991E-03
 8  5 3.55065974E-03-3.16375295E-03 4.04504726E-04 2.82647294E-03-2.10550970E-05
 8  6 3.59394899E-05 8.49094955E-04-1.17949039E-02 2.84282114E-03 1.59631156E-03
 8  7-7.79568069E-03-7.14437334E-05-4.47976068E-04-5.97387508E-05-2.12351626E-05
 8  8 2.02418782E-05 2.54116735E-03 5.36036150E-04-1.02326088E-03 7.20071486E-04
 8  9-2.44211742E-04-3.99885031E-03-4.28353116E-05-3.52516390E-03 1.99116779E-05
 8 10 1.53075988E-04 4.50805450E-05 8.09578368E-05-2.61431260E-05-9.64661512E-04
 8 11-2.46102099E-04-4.29425256E-04-1.04388540E-04-7.25235835E-06-4.33366196E-05
 8 12 9.03299807E-06-1.28665349E-05 9.17617698E-05 3.24496697E-04-5.10258844E-05
 8 13-4.04538494E-05-2.93686301E-04-1.49863218E-04 1.39966622E-04 2.27187802E-04
 8 14-1.04824433E-03-3.18757939E-04 6.24594376E-04 9.42056788E-04-5.33998264E-04
 8 15-6.04715591E-05-1.83060651E-04
 9  1 2.11289395E-05-1.18778065E-04 6.25306567E-01 6.77360587E-01-3.06515171E-01
 9  2 4.68779509E-04 5.60806389E-02 6.07835229E-02-2.79909486E-02 1.79825114E-04
 9  3-1.75884659E-02-1.91187554E-02 8.60780284E-03 2.45463117E-05 1.63887316E-04
 9  4-4.44426503E-05 3.76051028E-05 5.18097133E-04-7.46473144E-04 7.92356605E-04
 9  5-5.57667980E-04-2.25341291E-03-1.42041611E-04-1.24472656E-03-4.67651758E-06
 9  6-1.58913425E-04-9.75318465E-04 2.30285547E-03-5.59666845E-04 2.03675512E-03
 9  7 4.91872428E-03 3.86776770E-05 2.24150662E-04 9.72148428E-05 1.89878295E-05
 9  8-3.89085810E-05-1.52502605E-03-6.73822039E-04 4.46364869E-04-4.64844784E-04
 9  9 5.78499220E-04-1.55136637E-03 1.16019848E-04-1.17230148E-03-4.32009492E-05
 9 10-3.13242507E-04-7.89543964E-05-9.75252686E-05-7.26419643E-05 1.46299102E-03
 9 11 3.95267955E-04 6.25060181E-04 7.94736934E-04-1.19767954E-06-1.57569963E-05
 9 12 9.81357931E-06 8.88470518E-06-4.34325777E-05-2.84860151E-05-3.04156139E-05
 9 13-4.93813772E-06 1.58853352E-04 3.97009327E-05-3.35229498E-05-8.83140525E-05
 9 14 3.68100517E-04-3.85356546E-05 4.55768552E-04-8.40584351E-04 1.36147802E-03
 9 15 1.30925825E-04-1.80902149E-04
10  1 2.41879496E-05-7.30844301E-05 7.24862943E-01-6.44658280E-01 5.40775898E-02
10  2-4.72778475E-05 6.48193449E-02-5.76850175E-02 4.92062550E-03-1.01948235E-04
10  3-1.97534868E-02 1.77357224E-02-1.46970341E-03-6.08085666E-07-1.96702372E-05
10  4-5.05971479E-05 2.60118664E-05-9.57574815E-05-1.71608313E-04 1.36875228E-03
10  5-1.17410758E-03 6.00142533E-04 3.92753270E-05 4.51122564E-04-6.88482911E-05
10  6 1.96708253E-04 1.06515607E-04-1.16867464E-03-6.12488439E-04-7.89007471E-04
10  7-3.16542702E-04-5.74769555E-06 2.25841972E-05-4.16000652E-05-5.65767146E-05
10  8 2.87746264E-04 3.68916342E-04 2.85509047E-04 8.51442564E-05-8.26800280E-04
10  9 6.53275123E-04-1.50821603E-03-7.56890651E-04 1.77486940E-03 1.07166238E-05
10 10 1.03497021E-04 3.07989564E-05-5.50127236E-05 5.10247191E-05-3.50676331E-04
10 11-6.53571054E-05 1.89922789E-04-2.13551844E-04-7.25385395E-06-6.23627091E-05
10 12 1.32766734E-07 1.22406931E-05-1.69446003E-05 2.00531425E-04-1.08995747E-05
10 13-7.78122696E-05 7.77216704E-05-1.33717810E-05 6.81419514E-05 3.74039711E-05
10 14-2.79412268E-04-1.26616112E-04 3.28693824E-04-1.58563049E-04 1.33382057E-03
10 15-2.17202518E-04-2.03506997E-04
11  1 2.14216792E-03-1.21450767E-02 3.91307023E-04 4.26536173E-05 3.76304090E-03
11  2 1.57066702E-02-7.88365290E-04-2.23764942E-04-7.01678798E-03 5.00759262E-03
11  3 2.20639817E-03 9.72627500E-04 1.45636099E-03-2.48650043E-02 2.21505197E-02
11  4 6.51181996E-03 1.93473517E-02-1.57060868E-02 4.79665041E-02-1.75919408E-02
11  5 1.59195058E-02 9.89256552E-04-1.01016560E-01 1.09157682E-01-5.25931614E-02
11  6 6.97444228E-02-1.93242862E-02 1.58132588E-01 1.78325997E-02-1.79375979E-02
11  7-3.73634263E-03-1.84214281E-01 1.67089974E-01 6.73092308E-02-5.85393478E-02
11  8-3.88702193E-02 5.70696339E-01 7.48222731E-02-6.34182185E-02-4.91581902E-02
11  9 5.81695848E-03-8.05050777E-03 8.50805551E-03 2.63447347E-03-8.47329136E-02
11 10 7.77998540E-02-2.65089297E-02 1.99415154E-02 2.13230107E-02 2.51245103E-01
11 11-3.15625075E-02 2.93520297E-02 1.78202701E-02-4.37704151E-02 3.80370265E-02
11 12-1.40885396E-02-1.13042621E-02-6.57621391E-04 1.36296311E-01-1.68409868E-02
11 13-1.45838160E-02 6.68497379E-03 1.75773223E-02 6.53218802E-03 2.80511580E-02
11 14 5.09924962E-03 3.97846924E-02 8.02418707E-03 2.56727315E-02-1.56095913E-02
11 15 7.12223052E-02 8.03456241E-03
12  1-1.01027627E-03 5.76038315E-03-2.50111912E-04 1.16311315E-04-1.31768765E-03
12  2-6.78769516E-03 5.99139012E-04 4.98898039E-05 2.09581948E-03-3.25279455E-03
12  3-1.65557574E-03-1.73685923E-03 3.42025739E-04 1.24377775E-03-2.54202632E-03
12  4 7.22021788E-04-6.84922393E-03-4.30737744E-03 1.09937492E-02 1.13738376E-02
12  5-6.02052008E-03-1.32964273E-02 1.92316365E-02-2.00123638E-02 2.46577098E-02
12  6-6.55714155E-02-2.67596031E-02-2.80909487E-02-2.10957083E-03 9.59872477E-03
12  7-1.77988864E-02 1.00095092E-01-9.26335685E-02-3.34605748E-02 2.59820370E-02
12  8 1.17119941E-02-3.22545691E-01-3.92532637E-02 2.74975399E-02 1.34572861E-02
12  9-5.40250338E-04 3.29850190E-03-6.51629541E-04-1.49625180E-03-1.22707019E-01
12 10 1.13436225E-01-4.19782753E-02 1.65006835E-02 7.60226525E-03 3.86091030E-01
12 11-3.76513063E-02 2.36020949E-02 1.24386923E-02-1.68145985E-01 1.56822700E-01
12 12-4.98535347E-02-3.50710989E-02-3.68744331E-02 5.18820802E-01-5.11303031E-02
12 13-3.98335491E-02-3.30189423E-02 8.70125228E-02 1.92675259E-02 8.67199454E-02
12 14 1.76346955E-02 6.47512679E-02 1.56109007E-02-1.75749989E-03 9.63928044E-03
12 15-2.07172339E-02 2.25431042E-03
13  1 1.03925891E-03-5.95846677E-03 8.72646285E-05 3.87953836E-04 1.72930021E-03
13  2 8.80314790E-03-8.39060632E-05-4.34610050E-04-4.20394847E-03 3.81972175E-03
13  3-8.80270941E-04-1.62484526E-03 8.27027604E-04-1.53928017E-02 1.48241349E-02
13  4 4.81848915E-03 2.88748078E-03-1.27266864E-02 3.11426998E-02 1.49370659E-03
13  5-8.33148461E-03-9.83179418E-03-2.03499893E-02 2.56325429E-02 4.58415342E-03
13  6-5.19394708E-02-3.32924699E-02 4.86276630E-02-8.01862283E-03-1.38957690E-02
13  7-1.16886766E-03 5.32565453E-02-4.98536982E-02-1.86457185E-02-2.23551203E-03
13  8 1.42983688E-02-1.69652220E-01-2.02285109E-02 4.00465824E-03 1.19423194E-02
13  9 5.10890376E-03 2.19774035E-04 6.01149483E-03-2.27250444E-03-1.68508479E-01
13 10 1.58930661E-01-6.38252265E-02 1.36318665E-02 2.50255726E-02 5.24790581E-01
13 11-6.08171015E-02 1.82430537E-02 3.35909787E-02 1.49506660E-01-1.38465814E-01
13 12 4.59801903E-02 2.11822890E-02 3.05239785E-02-4.68145811E-01 4.67996072E-02
13 13 2.73819771E-02 2.58858453E-02-7.94449783E-02-1.84890906E-02-4.78468887E-02
13 14 3.13095396E-04 9.48121897E-02 1.62828990E-02 1.13237875E-02 3.49904492E-03
13 15-4.10142093E-02-1.55274847E-02
14  1 6.23731553E-02-3.59816352E-01 7.42537957E-03 1.22396080E-02 4.57435224E-02
14  2 4.58821099E-01-1.51368224E-02-2.46322842E-02-9.24046974E-02 3.08091093E-01
14  3-8.39144556E-04-2.97872994E-03-8.64353668E-03-1.29444950E-01 1.11640957E-01
14  4 1.81663267E-02 2.75716065E-02 3.77575557E-02 3.95812946E-01 1.96241130E-02
14  5 2.78011489E-02 4.08812020E-02-4.00332394E-02 4.64853433E-02-9.15126780E-03
14  6-5.11419106E-02 5.65482892E-02 5.67786516E-02 7.85622159E-03-4.13125872E-03
14  7-8.20456477E-03 3.29807305E-02-3.01164112E-02-1.03062272E-02-1.44535831E-02
14  8 2.35581851E-02-1.14344192E-01-1.19127225E-02-5.32022652E-03 2.28099787E-02
14  9 5.37641738E-02-1.43683454E-02 5.39988315E-02-1.61758008E-02 2.65873742E-02
14 10-2.38025798E-02 1.32244411E-02-3.47256682E-03 1.11497357E-02-9.38431796E-02
14 11 1.19558623E-02-8.09604160E-03 3.31638203E-03-9.68223260E-03 8.95268957E-03
14 12-2.31327394E-03 4.11470341E-04-6.36051644E-03 3.38391058E-02-1.83539478E-03
14 13-7.16956699E-04-6.89464822E-03 7.10153112E-03 3.24734782E-03 6.81493022E-04
14 14-8.57349462E-03-1.75754661E-02-5.90842877E-03 1.99881718E-02-5.65614458E-03
14 15-2.32867736E-02-1.19698580E-02
15  1 4.96720972E-02-2.89289638E-01 5.21435741E-04 6.02151717E-04-1.12706208E-02
15  2 3.57402054E-01-1.79701580E-03-3.01616289E-03 2.02808725E-02 3.44281086E-01
15  3-3.68806345E-03-4.11719395E-03-1.48079624E-02 1.22183364E-01-1.26394205E-01
15  4-2.20416989E-02-2.98267071E-02 1.07401501E-01-3.25971873E-01-4.77245055E-03
15  5 3.58442717E-03 3.28598212E-02 1.14197851E-01-1.15269461E-01 1.45897660E-02
15  6 8.74825643E-02-7.07754707E-02-3.14048472E-01 3.65123908E-03 4.76330124E-02
15  7-2.48717054E-02-4.83681302E-02 4.24198340E-02 5.05311103E-03 6.46605378E-02
15  8-4.73240666E-02 1.90353959E-01 9.48968594E-03 3.83550345E-02-3.99033685E-02
15  9-6.79029581E-02-4.87479590E-03-7.12806193E-02-2.89268179E-04-4.44515810E-02
15 10 3.91598888E-02-3.64654832E-02-2.93731088E-03-5.35781985E-02 1.69654483E-01
15 11-3.11092614E-02 4.87290626E-03-2.95304054E-02 1.02510469E-02-9.26526181E-03
15 12 1.36487022E-03-4.01775185E-03 1.44506030E-02-3.95264894E-02-3.20009668E-04
15 13-1.20981913E-03 1.30062419E-02-1.19002177E-02-6.63235503E-03 4.62133911E-03
15 14 1.55102756E-02 3.99812082E-02 2.90166548E-02-6.21740874E-02 1.96200254E-03
15 15 5.33657182E-02 3.22734850E-02
16  1 1.70281314E-02-1.00110708E-01-1.49653786E-02-1.82765897E-02-2.70148643E-02
16  2 1.23761515E-01 3.00444541E-02 3.70696895E-02 5.27191123E-02 1.46460701E-01
16  3 1.52575339E-02 1.58716630E-02 1.19120565E-02 1.10194254E-01-9.78318873E-02
16  4 9.37045793E-02 9.72276014E-02-1.80752785E-02-4.23382713E-01 4.43699644E-02
16  5 3.43885136E-02 6.88055790E-03-1.30229912E-01 1.28196336E-01 1.17769678E-01
16  6 4.07795942E-02-2.09847246E-02 4.67713413E-01 8.36371721E-02-1.38517427E-02
16  7-6.60170714E-03 5.24545695E-02-4.75054759E-02 5.80904059E-02-1.06847966E-01
16  8 5.06122401E-02-2.13148677E-01 4.50017422E-02-8.38658522E-02 4.49276642E-02
16  9-1.19649900E-01-4.29597304E-02-9.37129438E-02-3.08632504E-02 1.39102487E-02
16 10-1.17378536E-02 9.13641284E-02 4.93409971E-02 6.49921135E-02-6.68187657E-02
16 11 7.63395028E-02 3.99799334E-02 4.37650369E-02-1.60907458E-03 1.03776413E-03
16 12 9.06001692E-03-1.64189641E-02-5.69928828E-03 9.46807426E-03 1.07674652E-02
16 13-1.56484631E-02-2.14653362E-03-2.99310102E-03-1.93911691E-03 1.45901686E-02
16 14 5.21756585E-03-6.93379741E-02-5.45325069E-02 1.45573372E-01 3.58213478E-02
16 15-6.56792867E-02-5.61634744E-02
17  1-3.26541200E-03 1.93177958E-02-6.46556157E-03 1.84239108E-02 7.60970783E-03
17  2-2.22770148E-02 1.33604467E-02-3.76850342E-02-1.52688969E-02-3.61381822E-02
17  3 7.92153729E-03-2.10949850E-02-8.29097173E-04-2.81089534E-02 2.16044976E-02
17  4 6.93026276E-02-1.29420900E-01 2.02973417E-02 1.43291516E-01 7.56174117E-02
17  5-7.98012096E-02 6.27955951E-03 1.09545369E-02-1.92883180E-02 2.12775416E-01
17  6-9.55568986E-02-7.36525804E-02-1.87697914E-02 1.51158353E-01-1.17917993E-02
17  7-8.30889910E-02 3.84425824E-03-6.67379485E-03 3.68159518E-02 2.21914653E-01
17  8-1.57501932E-01-6.75773269E-03 3.42205145E-02 1.94274604E-01-1.41730771E-01
17  9-1.62218146E-02-8.13198708E-03 9.45791458E-02 3.98963429E-02-3.97728763E-03
17 10 2.57336129E-03 1.17985040E-01 3.71996176E-02 3.61063934E-02 1.34662818E-02
17 11 1.05401834E-01 3.27373658E-02 2.85952826E-02 1.00715683E-02-1.21266903E-02
17 12 2.50881954E-02-7.53664247E-02 1.15488872E-01-3.36466440E-02 1.89008832E-02
17 13-6.65954565E-02 1.13670950E-01-8.54379078E-02-5.51335561E-02 5.29938325E-02
17 14 4.25112734E-02-7.77194921E-02-5.15587438E-02 9.58939528E-02 4.83007684E-02
17 15 1.52673699E-01 1.08134289E-01
18  1 2.39187844E-03-1.42081241E-02-1.74918669E-02 1.00963246E-04-9.47135700E-03
18  2 1.63559305E-02 3.64495918E-02-2.36727768E-04 1.89615814E-02 3.18616426E-02
18  3 1.96534661E-02-2.46423956E-03 3.86437388E-03 1.09469865E-02-7.61294699E-03
18  4 1.09235956E-01-3.05365555E-02-2.49632842E-02-7.34630249E-02 7.55620892E-02
18  5-4.55980454E-02-2.70089971E-02-4.76940782E-03 4.42328707E-03 9.01659875E-02
18  6-8.20081609E-02 1.42550673E-02 3.43986679E-02 4.36954767E-02-6.89483776E-02
18  7 4.73561847E-02-2.00215868E-02 1.74799100E-02-6.74550176E-03 1.20615265E-01
18  8-3.19790367E-02 8.50160306E-02-3.43025493E-03 1.10025906E-01-2.63478399E-02
18  9-6.86733444E-02-3.55401598E-02 3.61876176E-02 2.12832148E-02-9.14162596E-03
18 10 1.08638314E-02-4.48874836E-02-9.13998969E-02 6.15742434E-02 3.43518190E-02
18 11-4.21818541E-02-9.45316628E-02 6.44509628E-02 9.03298436E-04 8.82878665E-04
18 12-1.01704854E-01 2.89668460E-01-1.49680761E-01-7.63358913E-03-8.95019952E-02
18 13 2.67525098E-01-1.39620290E-01 1.83869583E-01 1.33588555E-01-1.92769598E-01
18 14-1.65268017E-01 3.27887561E-02 2.20373686E-02 4.82428378E-02 2.40724494E-02
18 15 4.67801049E-02 5.40042679E-02
19  1-1.00891788E-02 5.97515968E-02-2.64596862E-02 6.37112592E-03 7.35819932E-02
19  2-7.30842367E-02 5.54103756E-02-1.39362785E-02-1.54712783E-01-1.07038508E-01
19  3 3.98911605E-02 9.86780492E-04-8.27044928E-02-1.01732568E-02 1.39200336E-03
19  4 2.00085131E-01 2.64144793E-02 7.32043346E-02 6.54386175E-02 1.64940245E-01
19  5 3.11672936E-02 5.79758209E-02 1.07656000E-02-1.17074364E-03 9.74970075E-02
19  6 4.39937396E-02 2.17141412E-01-8.33403239E-02 9.53599323E-02 6.10565974E-02
19  7 1.81953990E-01-1.94280221E-02 1.68332906E-02 4.02980756E-02 5.57398092E-02
19  8 1.31770629E-01 8.46794345E-02 3.86804238E-02 4.86671125E-02 1.28146768E-01
19  9-1.21420194E-01-8.02501929E-02 4.02273738E-02 2.23942433E-02-4.89580098E-03
19 10 5.43044205E-03-1.35758626E-01-8.72397644E-02-2.01994505E-01 2.81628828E-02
19 11-1.21461971E-01-8.49586561E-02-1.91687694E-01-4.01973425E-03 5.46593336E-03
19 12 3.48900625E-02-8.12895536E-02 2.23882955E-02 1.03339577E-02 3.50439015E-02
19 13-7.32277428E-02 1.17242772E-02-4.41299551E-02-3.75369237E-02 4.86158282E-02
19 14 5.20924111E-02 1.12005383E-01 9.65774251E-02 5.16622876E-02 2.84083471E-02
19 15-2.24140027E-02-9.04232709E-03
20  1-7.20023313E-03 4.26667998E-02 2.87417588E-02 5.12135894E-02 3.67009399E-02
20  2-5.56528103E-02-6.05752936E-02-1.07937137E-01-7.61102185E-02-7.31370402E-02
20  3-3.50792636E-02-6.49004325E-02-4.22143073E-02-9.53469649E-03-1.29603031E-03
20  4-1.13316865E-01-2.12181843E-01 1.69146258E-01 9.84012659E-02-8.78536768E-02
20  5-1.36166892E-01 1.25602370E-01 8.70718002E-03-3.20524996E-03 1.23601494E-01
20  6 2.72970118E-01-1.01704138E-01-3.71533223E-02 1.44419057E-01 1.59686234E-01
20  7-7.23598141E-02 1.32366792E-02-1.53412171E-02 1.47763025E-01-1.31849485E-01
20  8 6.27857787E-02-3.07284400E-02 1.44583628E-01-1.38368578E-01 6.49716594E-02
20  9 7.20117892E-02 4.03025399E-02 8.64023678E-02 6.46877287E-02-2.49424394E-02
20 10 2.26060869E-02 6.19478294E-02 2.56860518E-02-7.30458833E-02 1.04998976E-01
20 11 5.82453123E-02 2.15542655E-02-7.06155442E-02 1.24017367E-02-8.99797893E-03
20 12-3.26996930E-02 6.73873671E-02-1.04025543E-01-5.89102694E-02-2.71439862E-02
20 13 6.78280575E-02-9.87963051E-02 7.71780831E-02 5.58045473E-02-3.00920397E-02
20 14-2.52874562E-03-2.45804944E-02-1.27739875E-02 7.09018980E-02 3.31618045E-02
20 15-7.07502628E-02-9.35316470E-02
21  1-6.29210599E-03 3.73352145E-02 5.61548214E-02-3.34890256E-02 6.02441061E-02
21  2-4.37752614E-02-1.18382775E-01 7.04090251E-02-1.27884568E-01-7.44567642E-02
21  3-7.47595815E-02 5.14435527E-02-7.03258144E-02-6.34437142E-03-1.61301556E-03
21  4-2.25928448E-01 2.26014444E-01 6.65118580E-02 6.03576567E-02-2.07556477E-01
21  5 2.11349891E-01 5.01930141E-02-7.16653988E-03 8.93790126E-03 1.38585684E-01
21  6-1.66980123E-02 7.16880347E-02 1.91811679E-02 1.47927233E-01 1.27950704E-02
21  7 4.67910679E-02 1.77309496E-02-1.59977148E-02 5.28186735E-02 1.50585765E-01
21  8-1.86080715E-02-7.52234243E-02 4.69679583E-02 1.44283496E-01-1.19321892E-02
21  9 1.45402225E-01 8.26162195E-02-1.99826383E-01-1.29475993E-01-1.17892420E-02
21 10 1.22055524E-02-3.00552461E-03-2.80214853E-02-5.74220197E-02 4.73981424E-02
21 11-1.88292458E-03-3.01962370E-02-5.69215453E-02 4.93416267E-04-5.95617377E-04
21 12-1.89173227E-02 6.55862184E-02 3.34441902E-02-3.67913312E-03-1.74869772E-02
21 13 6.77842629E-02 3.68153626E-02 9.72516987E-03 8.49493989E-03-3.37335920E-02
21 14-2.69134940E-02 1.77585544E-02 2.08284838E-02 9.46805377E-02 5.02027284E-02
21 15 7.49671071E-02 8.08424612E-02
22  1-4.30741295E-03 2.56008585E-02 6.02181893E-03-1.76620539E-03 4.83558969E-02
22  2-3.25087071E-02-1.20222997E-02 2.00928137E-03-1.01117366E-01-5.16750259E-02
22  3-9.24285867E-03 1.38439066E-02-6.26742048E-02-4.67613414E-03 2.86102794E-03
22  4 3.92495963E-02 5.46204321E-02 4.20647266E-02-6.24815281E-03 7.37894538E-03
22  5 7.75550388E-02 5.88296286E-02 3.88181506E-02-4.37009107E-02-3.48223556E-02
22  6-7.87256428E-02 3.65174979E-02-1.10038585E-01-1.84579845E-02-8.89838980E-02
22  7 3.67238524E-02-6.02050277E-02 5.18136046E-02-1.41553221E-01 6.61899253E-02
22  8 1.27652381E-01 2.76801173E-01-1.41737301E-01 6.59048602E-02 1.43028356E-01
22  9-2.95682181E-02-3.50009934E-02-2.10652765E-02 1.80647698E-02-7.47309645E-02
22 10 6.60471757E-02 3.20943195E-01-3.12881681E-03-2.81147950E-02 3.22874954E-01
22 11 3.23427115E-01-1.18878476E-02-3.20479701E-02 1.94959853E-02-1.01635016E-02
22 12-1.99497949E-02-2.42974304E-02-1.17196204E-01-1.10108234E-01-1.40973770E-02
22 13-1.37292525E-02-1.32946616E-01 5.13637176E-02 2.43277758E-02 2.92395010E-02
22 14 8.59477823E-02-1.83495695E-01-1.48509377E-01-5.74666448E-02-2.75136419E-02
22 15-5.94895029E-02-5.07663444E-02
23  1 1.00310044E-02-5.98503362E-02-4.95303976E-03-4.97959095E-02-1.67673573E-01
23  2 5.91375548E-02 1.16966351E-02 1.05507701E-01 3.58123188E-01 1.69721226E-01
23  3-3.77408693E-03 6.75601384E-02 2.03021471E-01 6.51217715E-03 9.30968668E-03
23  4-1.22647429E-01-1.13412254E-01-1.64896427E-01-9.69708627E-02-1.49874212E-01
23  5-1.06840546E-01-1.91372188E-01 4.17226142E-03-9.45199599E-03 1.19767864E-01
23  6 1.94704182E-03 7.08665583E-02 1.35010684E-02 1.09556631E-01-4.30212192E-03
23  7 1.25193478E-01-3.55609765E-02 3.09558131E-02-2.30977392E-03 9.21496558E-02
23  8 1.78147665E-01 1.60965827E-01-3.52581039E-03 9.41136053E-02 1.93786761E-01
23  9 1.03371979E-01 8.42976889E-02 4.83255527E-02 6.64031998E-02-6.87383038E-03
23 10 6.93580248E-03 7.75930956E-03-1.28004001E-01-4.68305347E-02 3.53463100E-02
23 11 1.72374475E-02-1.42209748E-01-4.36398651E-02-9.17704113E-03 1.12330211E-02
23 12 6.23597276E-02-6.67408586E-02-3.23072238E-02 3.36082891E-02 7.47426639E-02
23 13-6.44912744E-02-4.99814791E-02-2.21006807E-02-2.70840482E-02 2.62157626E-02
23 14 2.35993673E-02 1.54498644E-02 1.59678160E-02 7.81198862E-02 6.75248851E-02
23 15-4.89590020E-02-3.19612705E-02
24  1-7.54480864E-04 4.40447830E-03 1.03054776E-03 6.15098360E-03 1.58336376E-02
24  2-9.86262542E-03-1.94174353E-03-1.36633682E-02-3.31204391E-02 4.69664602E-03
24  3-3.92168048E-03-1.04288870E-02-3.37463317E-02 1.85327573E-03-1.03484576E-02
24  4 1.83743181E-02-8.29918727E-03 2.27095395E-02 3.27481896E-02-1.12562776E-03
24  5 2.10064486E-02-1.91158572E-02 1.09838432E-02-5.03695729E-03-8.19537444E-02
24  6 5.58127325E-02 1.73745721E-02-8.88825803E-02 1.12533871E-02 2.20376888E-02
24  7-1.42598110E-02 1.10370399E-02-6.11694872E-03 7.68212543E-02-6.99126985E-02
24  8 6.86547623E-02-5.76983110E-02 8.84126908E-02-9.58000226E-02 1.01121494E-01
24  9-2.45045606E-02-4.00852975E-02 9.13489317E-03 3.51773934E-02-4.18181246E-02
24 10 3.86518746E-02 1.10662177E-01-1.69131478E-01 4.68048703E-02 1.88359077E-01
24 11 1.12918957E-01-1.98124269E-01 5.64736287E-02-7.67026327E-02 6.81571669E-02
24 12 2.15895184E-01 1.85637443E-01 2.35203120E-01 3.36661122E-01 2.49211096E-01
24 13 2.13445420E-01 2.50483146E-01-1.14192296E-01-1.00343771E-01-9.75816865E-02
24 14-1.01029742E-01-5.50158407E-02-6.90143604E-02-7.00115287E-02-5.47789850E-02
24 15 3.30758681E-03 7.72840919E-02
25  1 2.47317921E-03-1.45745799E-02-7.75185172E-02-9.03211771E-02-4.25113134E-02
25  2 2.21877004E-02 1.65823965E-01 1.95010855E-01 9.07582313E-02 2.18952882E-02
25  3 1.34610736E-01 1.46400674E-01 6.96901363E-02-2.97853656E-02 3.23433569E-02
25  4 2.33195238E-02 3.92660195E-02-1.18211071E-01 1.67836532E-01 3.13677710E-02
25  5 5.02082678E-02-1.21478531E-01 4.47394893E-04 1.27158192E-02-1.26053137E-01
25  6 5.62167930E-02 1.04212174E-01-8.63761538E-02 1.15113766E-02 6.09728906E-02
25  7 5.16495378E-02 4.78951697E-02-4.47941408E-02 2.21203176E-01-5.22564855E-02
25  8-1.08720099E-01-1.94776286E-01 2.47846371E-01-6.70667183E-02-1.25060930E-01
25  9 1.62293593E-02-1.97134305E-02 2.60088664E-02 1.60231502E-02-3.16079070E-02
25 10 2.70013143E-02 1.33523506E-01-2.48059433E-02-1.93056690E-01 1.49603648E-01
25 11 1.35076176E-01-2.64436844E-02-2.15044964E-01 3.19991142E-02-2.83758399E-02
25 12-1.82669648E-01 3.13887364E-02 4.29134247E-02-1.51446982E-01-2.12399250E-01
25 13 4.13300986E-02 6.56328134E-02 4.78741093E-02 3.77871129E-02 5.73164506E-03
25 14 6.08990078E-02-6.46350675E-02-4.93316390E-02-9.34693175E-02-1.19098695E-01
25 15 8.42607576E-02 5.48877655E-02
26  1-2.64757276E-04 1.50347190E-03-1.71366565E-01-1.68926801E-01 8.90408953E-02
26  2-5.97629877E-03 3.68870997E-01 3.63363082E-01-1.90930384E-01 9.04285761E-03
26  3 3.13146956E-01 3.10343676E-01-1.70815029E-01 1.02817423E-03-5.72070577E-03
26  4-7.53636640E-02-7.83133972E-02 4.06029864E-02 1.67317400E-02-2.17901747E-02
26  5-3.77140104E-02-1.71945680E-03 2.34114773E-02-2.69582144E-02 5.45790538E-02
26  6 3.50198765E-02-1.05878944E-01-1.01663439E-01 9.57688981E-03 7.63209089E-02
26  7-6.89438993E-02-1.20139931E-02 1.20977195E-02-4.87600850E-02 1.76878529E-02
26  8 2.69656579E-02 4.28154513E-02-6.26244601E-02 2.63760659E-02 3.22824222E-02
26  9 5.98507294E-02 8.12015180E-02 2.30454691E-02 1.74048178E-02 7.96251485E-03
26 10-9.61993604E-03-3.63848612E-02 1.03546963E-01 6.75223242E-02-2.50833628E-02
26 11-3.72450474E-02 1.19070468E-01 8.90169103E-02-1.25217297E-02 1.16650190E-02
26 12 1.19421508E-01 3.00840649E-02-4.68933230E-02 5.45333288E-02 1.41862693E-01
26 13 3.23877206E-02-5.60960673E-02-1.00963580E-02-6.33264639E-03-1.39189352E-02
26 14-1.64232085E-02 1.30437143E-02 7.70142543E-03 2.09133534E-02 5.29240532E-02
26 15-3.23703580E-02-3.59225282E-02
27  1-2.54074410E-05 1.89516117E-04-1.95789241E-01 1.85190398E-01-3.29800329E-02
27  2 2.35030187E-04 4.21386762E-01-3.98615000E-01 7.10763196E-02-3.22770917E-03
27  3 3.62061472E-01-3.39588410E-01 6.16714804E-02 6.65554906E-04 4.04783774E-03
27  4-9.73680786E-02 7.45482375E-02-1.36113503E-02-2.95289500E-02-5.47959962E-02
27  5 3.24536176E-02 1.27456677E-02-6.89510892E-03 5.45431731E-03 2.07510246E-02
27  6-1.42347158E-02 3.52326932E-02 3.83323346E-02-2.32462765E-02-1.34181537E-02
27  7 3.09324957E-02-1.74990036E-03 4.65988491E-03-6.34001883E-02 2.29400680E-03
27  8-4.63468367E-03-9.69827943E-03-7.44411489E-02 7.56127519E-03-8.98655531E-03
27  9 8.28014958E-02 9.66500387E-02-8.82212768E-02-9.65159285E-02-3.40105245E-03
27 10 5.24752070E-03 2.12892848E-02 1.66565449E-02-6.81423058E-02 7.30673776E-03
27 11 2.78121586E-02 1.79651668E-02-8.18484918E-02-2.59336979E-03 3.27331833E-03
27 12 4.52499093E-03 3.78868197E-02 2.61709166E-02 5.39334066E-03 5.40777745E-03
27 13 4.58572727E-02 2.92440196E-02-2.78878908E-03-2.18614229E-03-8.56440479E-03
27 14 8.13824260E-03-2.89185989E-03 4.85961620E-03 3.59511015E-02 6.21919296E-02
27 15-6.17164888E-04 1.42113391E-02
28  1-4.15798034E-05 5.02278215E-04 4.43791094E-02-3.35038644E-02-4.85590394E-02
28  2 3.16461501E-03-9.59481439E-02 7.22195236E-02 1.05989912E-01-2.33451982E-02
28  3-7.81488663E-02 6.99983828E-02 1.00750444E-01-4.01187677E-03 1.53083451E-02
28  4 2.59404509E-02-5.30668352E-02-2.81730841E-02-3.20950417E-02 3.22225375E-02
28  5-2.83958664E-02 5.69806975E-02-5.18045880E-03-9.89596920E-04 6.16234570E-02
28  6-1.24026788E-02 3.50058473E-02 4.88051758E-02-2.67389336E-02-2.67687008E-03
28  7 2.30701041E-02-8.01721834E-03 1.23148143E-02-2.40801729E-01-6.16972181E-02
28  8 3.29397641E-02-8.08934826E-03-2.87708664E-01-7.52962183E-02 3.70517096E-02
28  9-3.29858138E-03 2.83809689E-02 5.77682204E-02 4.42091831E-02 3.65390277E-03
28 10-5.37443952E-04 6.06653148E-03 2.61308318E-01-2.23992169E-01-2.79443043E-02
28 11 1.36480163E-02 3.02318050E-01-2.63881446E-01-1.06708532E-02 1.29738734E-02
28 12-3.44643921E-02 2.03143982E-01 1.72669422E-01 2.39952409E-02-4.17827993E-02
28 13 2.38040860E-01 1.97999546E-01-9.15824389E-03-4.94825563E-03-3.84060452E-02
28 14 2.03045541E-02 7.93152943E-03 2.06246270E-02 7.41882731E-02 1.03451811E-01
28 15-3.31628174E-02 6.56744730E-02
29  1 5.16581397E-04-2.84222291E-03 2.47790152E-02-1.00360739E-02-2.21752987E-02
29  2 1.64582133E-02-5.44963661E-02 2.39812315E-02 4.57603634E-02-3.14502033E-02
29  3-4.04052848E-02 8.64145650E-03 6.72613269E-02-1.30706761E-02 1.59982279E-02
29  4 2.25971348E-02 4.38203892E-02-3.62440833E-02 5.61110889E-02 3.43143348E-02
29  5 4.54762936E-02 2.80538163E-03-1.23467421E-02 2.15032229E-02 8.02310438E-03
29  6-3.40591564E-03 3.94562198E-02 2.07355717E-03 1.04373245E-02-3.84206219E-02
29  7-6.79345035E-03 6.36493232E-03-1.06069761E-02-5.23786757E-02-7.50081759E-02
29  8-3.01000267E-01 1.33433227E-02-5.35021340E-02-8.41993172E-02-3.48399433E-01
29  9 7.92511239E-04 5.81834335E-03-5.45567129E-03-1.42850381E-02-7.72779328E-04
29 10 8.25730201E-03 3.78265262E-02-5.52514384E-02-1.86926391E-01-2.80357496E-02
29 11 3.96058134E-02-7.83716776E-02-2.24757173E-01-5.81076990E-03 7.86520080E-03
29 12 3.02142679E-01 1.78390271E-02-2.24678572E-01 2.47240609E-03 3.56496357E-01
29 13 3.41017839E-02-2.55292391E-01-8.85366824E-04 4.68533713E-03-2.15175649E-02
29 14 7.32267452E-02 7.14881554E-04 1.35214369E-02 3.74826788E-02 4.62681563E-02
29 15 3.23853293E-02-6.91120425E-02
30  1-6.98206305E-05 5.24682650E-04 1.70480848E-02 3.78066958E-02-3.60550573E-02
30  2-3.26317689E-04-3.65118858E-02-8.23637422E-02 7.86236171E-02-4.06147830E-03
30  3-3.62052753E-02-6.73087256E-02 6.97640211E-02-2.09436929E-02 2.50772320E-02
30  4 4.23148885E-02 5.74576528E-02-6.10556688E-02 1.28712405E-01 4.50231137E-02
30  5 1.77982943E-02-4.02945279E-02-5.00008952E-04 2.87280275E-03-8.90212107E-02
30  6-5.82388505E-02 2.23840205E-02 2.07814165E-02-4.82266958E-02 4.55997609E-02
30  7 2.76811617E-02 7.87661901E-03-2.61123775E-03 2.45535035E-01 1.83491510E-01
30  8 1.31804914E-01-6.19099687E-02 2.81024608E-01 2.25876723E-01 1.50185535E-01
30  9-1.49838539E-02-5.18833878E-02-3.32205122E-03-5.55952693E-02-2.16363358E-03
30 10-2.49807276E-03-2.28349652E-02 3.17428024E-01-9.22599559E-03 4.09463412E-02
30 11-3.34015005E-02 3.58964145E-01 3.14734221E-03-2.62080979E-03 5.49495530E-03
30 12 1.74166645E-01 8.01634057E-02-1.03875801E-01-9.07736433E-03 2.14233654E-01
30 13 9.78147939E-02-1.18749538E-01 8.64364280E-03 6.34061852E-03-9.62890904E-03
30 14 3.82123450E-02-5.07622843E-03-6.46334272E-02-1.04740098E-01-1.35330302E-01
30 15 1.97978069E-02 5.36433833E-03
 $END   
 $GRAD  
E=     -762.3047453495  GMAX=   0.0457895  GRMS=   0.0109999
CL          17.    6.9829818697E-04    7.4470528890E-04   -8.5531882487E-04
C            6.   -1.9077879830E-03   -2.0623865119E-03   -7.7043976162E-03
C            6.   -4.0472646680E-03    2.9463383457E-02    4.5789469445E-02
O            8.    5.0433254095E-03   -1.0717346427E-02   -4.4817116339E-03
H            1.    3.1100010712E-04   -2.5765799234E-04    2.3103169969E-04
H            1.   -1.3452026383E-04   -1.5584176443E-04   -1.5663013545E-04
O            8.    3.6153254671E-03   -1.5558068107E-02   -3.2587930427E-02
O            8.    1.4532629221E-03    1.9759271538E-04   -5.5631579031E-03
H            1.   -5.3598742764E-06    1.3112128273E-03    2.8718466583E-05
H            1.   -1.3987782983E-03   -4.3390574315E-03    5.1542514931E-03
H            1.   -4.9484482634E-04    2.2097639838E-03    4.7560082206E-03
H            1.   -1.3768332160E-03   -2.4005734280E-03   -7.6534186340E-03
H            1.   -1.7558226615E-03    1.5642734134E-03    3.0430858808E-03
 $END
-------------------- DATA FROM NSERCH=   2 --------------------
 COORDINATES OF SYMMETRY UNIQUE ATOMS (ANGS)
   ATOM   CHARGE       X              Y              Z
 ------------------------------------------------------------
 CL         17.0   3.0957656870   0.6719115097   0.4201049557
 C           6.0   2.7642605400   0.1476124991  -1.3707464349
 C           6.0   3.3730820038   1.1557915288  -2.3034279863
 O           8.0   2.6858288207   2.3486394867  -2.3312841837
 H           1.0   1.6810652241   0.1281977952  -1.4617800064
 H           1.0   3.2215082259  -0.8282736429  -1.4844762808
 O           8.0   3.2333195726   0.4757113830  -3.6343544717
 O           8.0   3.7497711846   2.7893624148  -4.5756882783
 H           1.0   3.1607030788   3.1170070351  -5.2908223836
 H           1.0   3.6311004388   1.7786469827  -4.4734785422
 H           1.0   2.2476445264   0.4255485292  -3.7604031101
 H           1.0   4.4637420220   1.1790696642  -2.2797648399
 H           1.0   3.0744111036   2.8779983114  -3.1279201895
--- CLOSED SHELL ORBITALS --- GENERATED AT 10:08:20 30-JUL-2026    
Chloroacetaldehyde hydrate and water                                            
E(R-WB97X-D)=     -762.3095859814, E(NUC)=  316.0054037964,    8 ITERS
 $VEC   
 1  1 9.85802929E-01 5.34272503E-02-1.94975928E-05-3.36283933E-05-1.71746136E-04
 1  2-1.87610278E-02 5.71996667E-05 1.01430004E-04 6.44342651E-04 1.02600948E-02
 1  3-2.22938455E-04-4.05815134E-04-1.80489151E-03-2.75564798E-05-4.00712878E-04
 1  4-5.12019915E-07-1.17180751E-05-1.46604332E-04 7.51973030E-04-1.75063747E-05
 1  5 3.72326268E-04-1.44689616E-03 7.46406667E-05 6.08215027E-04-1.93786887E-05
 1  6 8.07309288E-06 3.46822133E-04-1.93600933E-03 6.47447053E-04 2.69230729E-05
 1  7-1.71487199E-03-1.85071064E-05-1.43003666E-04-1.29644793E-05 2.50708140E-05
 1  8-6.92903314E-06 6.23541407E-04 1.18398459E-04-3.07505295E-04 2.22468963E-04
 1  9 1.57318771E-04-8.59488203E-04 2.10489023E-04-7.51992979E-04 1.24062497E-05
 1 10 1.23330079E-04 1.66828917E-05 1.05558699E-05 4.44153030E-05-4.60297696E-04
 1 11-9.37104173E-05-8.21117069E-05-2.20846211E-04-1.69966547E-06-1.00399020E-05
 1 12 3.75618122E-07 9.03227537E-07 2.84214526E-05 7.45728948E-05-5.16318589E-06
 1 13-2.58840880E-05-8.46816843E-05-3.67075394E-05 3.16999203E-05 4.31985995E-05
 1 14-2.62665611E-04-2.51070766E-05-4.91909837E-06 1.97627265E-04-2.36134248E-04
 1 15-4.38721493E-06 3.80954119E-05
 2  1-8.94183764E-06 5.61361574E-05 9.83794793E-06 3.93985132E-05-4.85070128E-05
 2  2-1.07214900E-03-5.71055849E-05-2.30358263E-04 3.65315618E-04 1.99554479E-03
 2  3 1.70362185E-04 6.52180094E-04-1.80305313E-03 2.22431074E-04 5.32950635E-04
 2  4-2.75752427E-04-2.95875860E-04 1.16066518E-03-7.87288964E-03-1.39047316E-03
 2  5-2.72489449E-03 2.71200409E-03-1.21392599E-03-5.28800920E-03-2.55838016E-04
 2  6 1.69527361E-05-1.46678245E-03 2.63995255E-02-3.98208603E-03-6.46008159E-03
 2  7-8.52172317E-03 7.29980554E-03 2.17734426E-03-8.77678662E-05-3.53305229E-04
 2  8-3.19975586E-04-5.51020064E-03-4.28543849E-04 3.70833490E-03 2.10265548E-03
 2  9 8.93472323E-04-1.32352891E-03 2.25743550E-04 8.67892109E-06 9.82592685E-01
 2 10 1.04999624E-01-1.94840776E-03 2.00851648E-03 2.06813289E-03-5.07533175E-02
 2 11 3.60053617E-03-6.50450921E-03-7.66676372E-03 6.52419067E-03 1.97940178E-03
 2 12 1.03943854E-04-6.01031173E-04 7.40197061E-05-4.16173816E-03-1.77325363E-04
 2 13 3.11957553E-03-4.61809417E-04 3.39290272E-04-1.32849822E-03 6.63809815E-04
 2 14 6.44545655E-03 3.64987035E-03 4.42133332E-03-1.96213697E-03-2.03341591E-03
 2 15 4.72607453E-04-1.16944052E-03
 3  1 7.50255939E-06-5.98815296E-05-1.84052251E-05 1.24145013E-05 5.15546813E-05
 3  2 5.12444973E-04 1.37041313E-04-6.89675386E-05-2.92140844E-04-6.44086651E-04
 3  3-7.36389229E-04 4.77311125E-04 4.20486505E-04 2.12437197E-04 7.70461974E-04
 3  4-6.50807697E-04-5.10934079E-04 4.84203450E-04-6.64968870E-03 4.45495960E-03
 3  5-4.68284064E-03 2.42535970E-03-9.20841292E-04-3.78435924E-03-2.36911838E-04
 3  6 2.17980039E-03-2.06458287E-04 2.48257736E-02-1.26058609E-02 9.11194799E-03
 3  7-1.93192164E-03 9.82322642E-01 1.05838684E-01 2.76650102E-03-2.03861868E-03
 3  8-1.92875263E-03-5.51805754E-02-7.74459020E-03 8.42793458E-03 4.80834561E-03
 3  9 1.09083903E-03 2.36047418E-03-6.11917788E-04-6.91459878E-04-7.08214691E-03
 3 10 6.91215435E-04-2.73132469E-04 4.07260807E-04 1.29477082E-04-4.81698966E-03
 3 11 1.61529162E-03-3.30710493E-03-2.35822293E-03 2.73552580E-02 3.95350108E-03
 3 12-1.86840456E-04 4.10649255E-05 6.72327932E-04-3.61452606E-03 8.09365564E-04
 3 13-3.44788528E-05-2.76506237E-03 2.32539170E-04-7.29948134E-04 3.78844675E-04
 3 14-4.99623872E-04 6.79230442E-04-1.23792206E-03-6.14450198E-04 1.20810383E-03
 3 15 3.10120445E-03 7.87025778E-03
 4  1 2.65698863E-07-1.59086353E-06 1.03656785E-05-3.36788291E-06 9.63781496E-07
 4  2 2.67028358E-05-5.46351528E-05 1.56878396E-05-2.95515912E-06-8.32043915E-05
 4  3 1.04466013E-04-8.20619788E-07 4.88310396E-05 1.46010375E-05 1.87756387E-04
 4  4-2.31575378E-05 9.65414214E-05-1.29637926E-04-2.68899907E-04 3.05159919E-05
 4  5-2.91808030E-05 1.99022209E-04 1.09917574E-04 6.72967255E-04 4.63796556E-05
 4  6-8.45792918E-05-1.12304334E-04-2.40811998E-03 7.00250739E-04-9.93286275E-04
 4  7 8.32091913E-04-2.71653404E-02-1.76714503E-03-1.34876793E-05 5.59448737E-04
 4  8-2.15477693E-04-2.03865073E-03-3.29743912E-04-2.52795023E-03 1.74039373E-03
 4  9-4.89314767E-05 3.69453127E-04 9.01506016E-05-1.60090871E-04-6.05988815E-03
 4 10 5.06681032E-04 3.38795091E-04 5.28805337E-04-5.94287712E-04-2.16747310E-03
 4 11-1.23455830E-03-2.20795732E-03 2.40334740E-03 9.82024392E-01 1.03241873E-01
 4 12-2.25728629E-03-1.76026945E-03-9.66856076E-04-4.48494719E-02 4.75925644E-03
 4 13 4.67255575E-03 1.32186917E-03 3.00347835E-03 5.65614189E-03 2.39232252E-03
 4 14 1.10036281E-02 5.66785890E-04-1.49357931E-03 3.70485118E-04-7.58797221E-04
 4 15 1.62340618E-04 6.38871159E-03
 5  1 7.54383572E-05-9.69127036E-05 1.23837099E-06 5.01994761E-05-2.09491645E-04
 5  2-2.11076195E-03 4.73132859E-06-3.29374698E-04 1.41476527E-03 2.72547898E-03
 5  3-5.55810499E-04-8.89822171E-05-2.08534406E-03-1.04006907E-02-4.28457796E-03
 5  4-2.85343140E-04-3.54561869E-04-4.85447892E-05 2.69939912E-02 7.32950506E-03
 5  5 1.04439355E-02-1.24285110E-02 9.86611276E-01 1.11174729E-01-3.33546079E-04
 5  6-1.09408349E-03-4.46747435E-04-8.75702725E-02 2.94956055E-03 1.32073129E-02
 5  7-2.86324869E-03-1.60497423E-05-3.80540871E-04 3.57857769E-04 2.91939252E-04
 5  8-1.63200313E-04 7.40459144E-03-9.09860236E-04-3.24005690E-03 8.90281773E-04
 5  9-1.48360906E-03 1.53541386E-03-1.68440453E-03 1.13928635E-03-2.42814605E-04
 5 10-1.19129349E-03-1.41604720E-04 2.67120130E-04 1.83746901E-04 1.13762488E-02
 5 11 1.15430528E-03 1.66379786E-03 5.86487428E-03 5.20424741E-05 4.24819362E-04
 5 12 1.68365149E-05 9.64644439E-05-1.10264847E-04-1.65144491E-03 1.24482415E-04
 5 13 6.23390268E-05-3.09246714E-05 4.85091490E-04-7.91395358E-04-3.84948766E-04
 5 14 2.49309436E-03-2.63521249E-04 3.68961102E-03-8.66700943E-05 1.64944723E-02
 5 15-5.35323431E-05 3.11218242E-03
 6  1-2.59335405E-05-1.63631547E-04 6.14687262E-05 9.44158209E-05 3.32671212E-04
 6  2-2.12076067E-03-3.63186908E-04-5.55982985E-04-1.87999185E-03 1.26558900E-02
 6  3-1.15896094E-03-1.85437026E-03-8.54123135E-03 9.86462459E-01 1.11858825E-01
 6  4 3.04754155E-04 5.26372193E-04 1.01743012E-03-8.97469403E-02-3.05509862E-03
 6  5-5.21813594E-03 2.49216983E-03 9.78246780E-03-1.62211071E-03 3.25677799E-04
 6  6 3.50182437E-04-1.04360287E-05 2.25358188E-02-5.84300851E-03-9.25798094E-03
 6  7 8.67791344E-03 3.86563460E-05 2.37391452E-05 2.93002506E-05 4.83369966E-04
 6  8-3.45477188E-04-1.32759895E-03-9.97004838E-05-3.77460604E-04 6.38259679E-04
 6  9-8.89258568E-05 1.55451818E-02-1.48505505E-04 1.55675433E-02-5.37135340E-06
 6 10-3.69799617E-04 2.69995362E-04 2.38960113E-04-5.86172419E-04-4.81683710E-04
 6 11-8.85704142E-04-8.66454013E-04 8.02203835E-04 2.72972654E-05 2.20626876E-04
 6 12-5.50300390E-05 1.31959156E-05-1.00991200E-04-9.00973214E-04 2.43527699E-04
 6 13 1.69311238E-04 2.44291233E-04 3.31817991E-04-3.67085651E-04-6.38812351E-05
 6 14 1.69917029E-03-7.36560718E-04 2.76634041E-04-1.23109870E-03 1.19062070E-03
 6 15 4.33407828E-04 1.24883667E-03
 7  1-3.05123019E-01 9.77078119E-01-1.56106137E-03-2.61616879E-03-8.42732020E-03
 7  2 1.54235386E-01-6.08316333E-04-1.04983374E-03-5.17463042E-03-6.76645455E-02
 7  3 1.60257006E-03 2.86026662E-03 1.20783387E-02-4.13909181E-05 1.61391146E-03
 7  4-6.51562570E-05-2.08687063E-05 4.42946245E-04-2.25185188E-03 4.57769702E-04
 7  5-1.66527521E-03 9.62534718E-03-2.71258739E-05-3.17036156E-03 1.15024801E-04
 7  6-7.36421832E-05-1.98466551E-03 1.03687501E-02-3.74019863E-03 1.03600807E-05
 7  7 9.97551490E-03 9.37140104E-05 6.88421396E-04 5.42281647E-05-1.34410840E-04
 7  8 4.79874499E-05-3.38220886E-03-6.31096257E-04 1.71775414E-03-1.28519371E-03
 7  9-1.00136394E-03 5.17705288E-03-1.30484020E-03 4.51975714E-03-7.43919653E-05
 7 10-6.83791761E-04-8.40219218E-05-4.25920161E-05-2.58541934E-04 2.83671025E-03
 7 11 5.26169617E-04 4.70866613E-04 1.50299184E-03 9.79525474E-06 6.06890217E-05
 7 12-2.03922215E-07-9.94812606E-06-1.38514325E-04-4.47825384E-04 2.07607407E-05
 7 13 1.77725102E-04 4.48372201E-04 1.96445954E-04-2.02169896E-04-2.33911161E-04
 7 14 1.56499989E-03 7.33127420E-05 2.21359461E-04-1.07570087E-03 1.58002100E-03
 7 15-7.95595235E-06-2.04407356E-04
 8  1-3.19063961E-03 1.08024883E-02 1.69628099E-01 2.66521827E-01 9.17847147E-01
 8  2-3.15054815E-03 1.55188210E-02 2.44097823E-02 8.54145681E-02 4.64595214E-03
 8  3-4.99441047E-03-8.01956087E-03-2.93299595E-02-6.82330881E-04-4.37754010E-03
 8  4-2.54469017E-05-1.10351324E-04-4.99467621E-04 9.37667943E-03 1.13781540E-03
 8  5 3.31841657E-03-3.00039462E-03 3.81647623E-04 2.75396015E-03-3.66317471E-05
 8  6 4.69201324E-05 9.17528847E-04-1.10465561E-02 2.72941087E-03 1.33308234E-03
 8  7-7.98412457E-03-6.87633257E-05-4.27784923E-04-6.47728367E-05-2.08454087E-05
 8  8 2.08903473E-05 2.42789196E-03 5.59884777E-04-9.87671521E-04 6.94598917E-04
 8  9-2.39938411E-04-4.05587877E-03-3.25823240E-05-3.56506068E-03 2.40911420E-05
 8 10 1.95312935E-04 6.61183986E-05 1.03113890E-04-2.54775580E-05-1.25008902E-03
 8 11-3.71831752E-04-5.45480877E-04-5.35840788E-05-7.25372911E-06-4.30425703E-05
 8 12 7.23788904E-06-1.11985106E-05 9.31716178E-05 3.30955313E-04-4.45325109E-05
 8 13-4.77654922E-05-2.99656236E-04-1.49366453E-04 1.40418595E-04 2.17580055E-04
 8 14-1.08488232E-03-3.59206250E-04 6.28617646E-04 9.09175150E-04-5.30527588E-04
 8 15-6.42714684E-05-1.56665560E-04
 9  1 8.75864233E-06-7.52551364E-05 6.47256934E-01 6.54962013E-01-3.09620351E-01
 9  2 4.25701735E-04 5.80450421E-02 5.87687707E-02-2.82481102E-02 2.43340545E-04
 9  3-1.81913261E-02-1.84846267E-02 8.64570653E-03 1.73888197E-05 1.09765112E-04
 9  4-4.61272905E-05 4.02901965E-05 5.16289718E-04-5.21192458E-04 8.61498136E-04
 9  5-5.24961466E-04-2.34345910E-03-1.06769598E-04-1.10321935E-03 1.78674380E-05
 9  6-1.35567974E-04-9.56514022E-04 1.34356655E-03-5.47630420E-04 2.12617833E-03
 9  7 5.12536604E-03 3.32972578E-05 1.86928670E-04 8.96384446E-05 2.06360020E-05
 9  8-3.16497600E-05-1.33821622E-03-6.16926964E-04 3.83558022E-04-4.75807228E-04
 9  9 5.80671577E-04-1.60889108E-03 8.25630543E-05-1.13586698E-03-4.98013915E-05
 9 10-3.59278013E-04-9.51415894E-05-1.06274933E-04-6.49135972E-05 1.92382845E-03
 9 11 5.02355793E-04 7.20030823E-04 8.50768776E-04-9.23613805E-07-1.45485300E-05
 9 12 9.53168922E-06 1.00265180E-05-4.54267162E-05-3.81237566E-05-2.84233046E-05
 9 13-6.14119067E-06 1.63901957E-04 4.50215325E-05-3.87799167E-05-7.57438119E-05
 9 14 3.88782867E-04-6.81058708E-06 5.37793351E-04-7.79372982E-04 1.49845193E-03
 9 15 1.08541527E-04-1.51386652E-04
10  1 2.98575953E-05-9.14555628E-05 7.04379822E-01-6.66169631E-01 6.32319540E-02
10  2-4.71944183E-05 6.29899626E-02-5.96137331E-02 5.74666944E-03-1.23701284E-04
10  3-1.91888323E-02 1.83369590E-02-1.71081997E-03-2.48362728E-08-1.60845766E-05
10  4-5.10196398E-05 2.57385213E-05-1.07143974E-04-1.77533172E-04 1.34344787E-03
10  5-1.18290941E-03 6.75893906E-04 3.68160335E-05 4.63129348E-04-5.84066663E-05
10  6 1.89898479E-04 1.26056062E-04-1.08634557E-03-6.74824955E-04-7.97761615E-04
10  7-4.53771786E-04-4.74858233E-06 3.33459316E-05-4.11430952E-05-6.32243208E-05
10  8 2.85039195E-04 3.29455313E-04 2.86254782E-04 1.12117735E-04-8.08050952E-04
10  9 6.45879480E-04-1.49553967E-03-7.60230612E-04 1.82216160E-03 1.30593907E-05
10 10 1.23578194E-04 3.65468691E-05-5.38506162E-05 5.27537553E-05-4.47941662E-04
10 11-8.24311043E-05 1.86308652E-04-2.38288060E-04-7.58021028E-06-6.47461679E-05
10 12-6.27422838E-07 1.20077751E-05-1.68803259E-05 2.12135970E-04-9.47145779E-06
10 13-7.92739972E-05 8.02136228E-05-1.45998598E-05 7.30956967E-05 4.01095337E-05
10 14-3.01897895E-04-1.34801250E-04 3.31301419E-04-1.42333068E-04 1.31322268E-03
10 15-2.11120628E-04-2.21837233E-04
11  1 1.75510873E-03-9.94080928E-03 2.93265796E-04 7.79607008E-05 3.29567907E-03
11  2 1.40154651E-02-5.30824244E-04-4.02154629E-05-6.67600688E-03 2.24961529E-03
11  3 1.42355340E-03-9.22764530E-05 3.04442252E-03-2.59140995E-02 2.39291396E-02
11  4 7.49464743E-03 1.69404571E-02-2.06048117E-02 5.00714700E-02-1.32655874E-02
11  5 1.00234551E-02-3.15117680E-03-1.01600042E-01 1.10028967E-01-4.25841925E-02
11  6 2.78704028E-02-4.54266882E-02 1.57926457E-01 1.29046784E-02-1.48165849E-02
11  7-2.66662081E-03-1.34290444E-01 1.20607316E-01 4.85494454E-02-4.61302760E-02
11  8-3.27045576E-02 4.11611393E-01 5.35988507E-02-4.89549131E-02-4.32068209E-02
11  9 6.19218098E-03-5.91625331E-03 8.77813249E-03 1.11625396E-03-1.49433786E-01
11 10 1.36371763E-01-4.48192427E-02 3.40101902E-02 4.28534873E-02 4.53004723E-01
11 11-4.97395736E-02 4.70312725E-02 4.44047710E-02-4.12312152E-02 3.58290019E-02
11 12-1.29018311E-02-1.28978204E-02-9.23945909E-04 1.27685259E-01-1.55242085E-02
11 13-1.60333517E-02 5.98019778E-03 1.61369401E-02 6.23727103E-03 3.29084635E-02
11 14 5.79672554E-03 6.78561076E-02 1.04385449E-02 2.76786515E-02-1.21603291E-02
11 15 5.31015636E-02 4.21123514E-03
12  1-9.57418146E-04 5.44560431E-03-2.95186961E-04 1.90593113E-04-1.08892841E-03
12  2-4.97034016E-03 7.37825886E-04 1.85770300E-04 8.84542094E-04-4.57191876E-03
12  3-2.21046493E-03-2.78990248E-03 2.03711653E-03-2.35781275E-03 3.06281438E-03
12  4 2.59002327E-03-7.53313207E-03-9.42347556E-03 8.69436267E-03 1.10047786E-02
12  5-1.66184190E-02-1.39295181E-02 1.69925092E-02-1.52814718E-02 3.13355872E-02
12  6-1.04313307E-01-4.79637531E-02-2.69981558E-02-1.04035808E-02-2.39576981E-03
12  7-2.44964557E-03 1.60366532E-01-1.47582711E-01-5.41517908E-02 2.74005087E-02
12  8 3.33687874E-02-5.06970878E-01-6.10390662E-02 3.54188043E-02 3.55757843E-02
12  9 9.63907013E-04 3.93783438E-03 1.25046840E-03-3.91541682E-03-1.64922289E-01
12 10 1.53504476E-01-5.66447965E-02 1.44918663E-02 2.74064010E-02 5.24194362E-01
12 11-5.16977688E-02 2.06857426E-02 4.11395130E-02 4.14636875E-02-3.70007695E-02
12 12 1.39931848E-02 3.22640370E-03 3.23098621E-03-1.32872683E-01 1.51340411E-02
12 13 6.17492029E-03-6.52016944E-04-2.05303794E-02-5.87224618E-03-3.06681162E-03
12 14 6.38739529E-03 8.68844909E-02 1.45428268E-02 2.34150792E-03 1.11104317E-02
12 15-7.12718181E-02-1.49767278E-02
13  1-1.45659383E-03 8.32084161E-03-2.74383421E-04-1.32362074E-04-2.14148976E-03
13  2-1.08641103E-02 5.80230047E-04 3.05035235E-04 4.25472089E-03-4.78504177E-03
13  3-9.28196281E-04-5.93834981E-04-3.00942231E-04 1.06666006E-02-1.15012901E-02
13  4-2.31304596E-03-7.81054881E-03 4.67408961E-03-9.87579588E-03 8.57911904E-03
13  5-4.87134558E-04-5.67652410E-03 3.08177136E-02-3.48170596E-02 1.91071001E-02
13  6-2.47698537E-02-1.28022506E-03-5.77831004E-02 3.96397613E-03 1.52015349E-02
13  7-1.42129386E-02 5.90622105E-02-5.41870274E-02-1.86662265E-02 2.29301745E-02
13  8 4.48535868E-03-1.89956690E-01-2.26072895E-02 2.10295652E-02 7.69823383E-03
13  9-3.66622842E-03 2.37564883E-03-4.22823970E-03 7.96414568E-05-3.51429211E-05
13 10-1.65169942E-03 3.32229689E-03 3.51844042E-03-1.19743190E-02 4.96629900E-03
13 11 5.30802528E-03 6.25991769E-03-1.27105709E-02-2.21373740E-01 2.06077126E-01
13 12-6.60051849E-02-4.39477104E-02-4.71219457E-02 6.86376903E-01-6.73769639E-02
13 13-5.07554025E-02-4.14719883E-02 1.15716653E-01 2.56421958E-02 9.99236498E-02
13 14 1.40461781E-02-2.45734498E-03 3.86235645E-03-8.76957113E-03 5.92042043E-03
13 15 2.05976984E-03 9.47584193E-03
14  1 6.30109498E-02-3.63542503E-01 7.67198874E-03 1.25812006E-02 4.52407085E-02
14  2 4.63035538E-01-1.56345032E-02-2.53318465E-02-9.14489928E-02 3.13862863E-01
14  3-1.15334859E-03-3.51090793E-03-9.07950448E-03-1.28324538E-01 1.10650837E-01
14  4 1.67822177E-02 2.49179305E-02 3.88131063E-02 3.91603146E-01 1.80284643E-02
14  5 2.46817124E-02 4.10196991E-02-3.72719193E-02 4.29133482E-02-8.63845281E-03
14  6-4.77918176E-02 5.61765492E-02 5.51387659E-02 6.05232377E-03-6.48238489E-03
14  7-9.97401008E-03 3.10005270E-02-2.81688400E-02-9.49243546E-03-1.34399503E-02
14  8 2.25835468E-02-1.06962918E-01-1.05277276E-02-4.38169821E-03 2.24747531E-02
14  9 5.40202514E-02-1.43212085E-02 5.43345380E-02-1.62697455E-02 2.59736713E-02
14 10-2.28346767E-02 1.33063761E-02-5.59363935E-03 1.35804593E-02-9.61110778E-02
14 11 1.18248056E-02-1.05906052E-02 4.20004109E-03-9.51961075E-03 8.78824860E-03
14 12-2.26751011E-03 5.37017171E-04-6.39595478E-03 3.34743479E-02-1.71942261E-03
14 13-7.28328775E-04-6.95977449E-03 7.11114137E-03 3.31579836E-03 2.19281341E-04
14 14-9.18928142E-03-1.76644592E-02-6.42314220E-03 1.87980790E-02-4.70012204E-03
14 15-2.22678054E-02-1.13103234E-02
15  1 4.85466631E-02-2.82747027E-01 3.47035736E-04 2.75981015E-04-1.16709543E-02
15  2 3.49562913E-01-1.44304533E-03-2.31081125E-03 2.10847371E-02 3.36234351E-01
15  3-3.58335752E-03-4.14291475E-03-1.29227883E-02 1.22622438E-01-1.26820579E-01
15  4-2.07144502E-02-2.56082126E-02 1.05814037E-01-3.25330645E-01-3.80043507E-03
15  5 7.04365553E-03 3.18993816E-02 1.13199848E-01-1.12328207E-01 1.16840098E-02
15  6 8.75789568E-02-6.94435051E-02-3.19146456E-01 5.78184783E-03 5.06887555E-02
15  7-2.39272010E-02-4.52002309E-02 3.90857382E-02 4.16575373E-03 5.99514587E-02
15  8-4.50020977E-02 1.78928783E-01 8.01178285E-03 3.32295498E-02-3.89391587E-02
15  9-6.86790712E-02-5.13211045E-03-7.26080904E-02-1.96535317E-05-5.10768699E-02
15 10 4.46622143E-02-4.78565310E-02-1.86654027E-03-7.15409924E-02 2.02729633E-01
15 11-4.12991479E-02 7.40273710E-03-4.17958283E-02 1.12765505E-02-1.00901696E-02
15 12 1.82904534E-03-5.81283189E-03 1.53910702E-02-4.39678424E-02-1.68934023E-04
15 13-2.26118331E-03 1.38002243E-02-1.33631286E-02-7.57789558E-03 7.47294178E-03
15 14 1.93669227E-02 5.18878800E-02 3.64899992E-02-6.19844022E-02 1.41217401E-03
15 15 5.04048106E-02 3.09668762E-02
16  1 1.75093206E-02-1.02838534E-01-1.34344206E-02-1.49878286E-02-2.56897414E-02
16  2 1.27668026E-01 2.68670475E-02 3.02050136E-02 5.01191013E-02 1.45158252E-01
16  3 1.36030754E-02 1.29489087E-02 1.24255769E-02 1.06149124E-01-9.41261307E-02
16  4 8.81002929E-02 7.63230084E-02-1.19462577E-02-4.00867856E-01 4.37703507E-02
16  5 2.54070102E-02 1.46656967E-02-1.23007990E-01 1.19580732E-01 1.31881798E-01
16  6 1.99860659E-02-5.39840709E-02 4.43893591E-01 9.20568992E-02-1.71877630E-02
16  7-2.49926955E-02 4.71150234E-02-4.27695294E-02 5.08071892E-02-7.32940959E-02
16  8 2.74890613E-02-1.89399964E-01 3.87965899E-02-5.51137709E-02 2.59141726E-02
16  9-1.12738352E-01-3.92399500E-02-8.32341583E-02-2.53799277E-02 1.73313711E-02
16 10-1.50932321E-02 1.41013526E-01 7.04395963E-02 9.87987106E-02-8.64087906E-02
16 11 1.20866912E-01 5.87225158E-02 7.28232820E-02-1.13479030E-04-7.68269294E-04
16 12 9.47827072E-03-1.72189027E-02 3.04481115E-03 5.18239475E-03 1.10378455E-02
16 13-1.68434198E-02 6.35138409E-03-7.67650012E-03-4.15965008E-03 1.50937036E-02
16 14 2.43478859E-03-1.05645281E-01-7.54475494E-02 1.42083109E-01 3.28943508E-02
16 15-4.45370999E-02-4.13969027E-02
17  1-5.34690484E-03 3.16077601E-02-8.90161612E-04 2.22870316E-02 1.25409506E-02
17  2-3.74245261E-02 1.98118200E-03-4.56685682E-02-2.50107867E-02-5.62816495E-02
17  3 1.50928274E-03-2.48418723E-02-3.74934931E-03-4.21207953E-02 3.31209796E-02
17  4 3.54990825E-02-1.49376255E-01 3.41830239E-02 2.04857155E-01 5.01634442E-02
17  5-8.32918086E-02 1.25295051E-02 3.51852252E-02-4.05155447E-02 1.79164624E-01
17  6-8.91246347E-02-8.72669385E-02-1.15169693E-01 1.40121820E-01-8.69264594E-03
17  7-9.04073693E-02-4.34772459E-03 7.19641474E-04 2.23747721E-02 2.18611851E-01
17  8-1.48653148E-01 3.07949225E-02 2.13561089E-02 1.86578979E-01-1.30940087E-01
17  9 9.98172284E-03 1.37817098E-03 1.05953504E-01 4.84625410E-02-1.16162291E-02
17 10 9.85067805E-03 1.41453271E-01 3.69993651E-02 2.80407284E-02 4.47218270E-02
17 11 1.28466476E-01 3.39199775E-02 2.30805317E-02 1.09934876E-02-1.25394145E-02
17 12 2.68889194E-02-8.22453661E-02 1.19995228E-01-3.90200298E-02 2.03513838E-02
17 13-7.19600502E-02 1.16405355E-01-9.02164751E-02-5.89631206E-02 6.12563920E-02
17 14 5.10552232E-02-8.69089662E-02-5.29751271E-02 5.98796501E-02 3.06781313E-02
17 15 1.50691734E-01 1.08959295E-01
18  1 3.74768333E-03-2.22090561E-02-1.53185796E-02 1.20529322E-03-1.56588682E-02
18  2 2.60045984E-02 3.19345671E-02-2.54354939E-03 3.18819999E-02 4.53034835E-02
18  3 1.60209368E-02-4.80075654E-03 9.48586856E-03 1.22081627E-02-8.27288733E-03
18  4 9.43826409E-02-4.47225410E-02-3.00814481E-02-7.78896177E-02 6.19764166E-02
18  5-5.46712201E-02-3.24476615E-02 2.36135940E-03-2.46380088E-03 7.71485790E-02
18  6-1.03236906E-01-1.62191801E-02 7.83591070E-03 3.57969384E-02-8.50343866E-02
18  7 2.97986712E-02-2.35893692E-02 2.05470335E-02-1.58951413E-02 1.32387949E-01
18  8-4.91055836E-02 1.00806558E-01-1.12615677E-02 1.18524223E-01-4.09628973E-02
18  9-6.11153573E-02-3.17561356E-02 3.84787610E-02 2.44079487E-02-1.05459227E-02
18 10 1.18372500E-02-1.37347181E-02-9.37975631E-02 9.86777234E-02 4.17629100E-02
18 11-1.45558764E-02-9.74406698E-02 1.02102067E-01-9.60533911E-04 2.28233784E-03
18 12-9.89856334E-02 2.80406831E-01-1.48111629E-01 5.34351192E-04-8.69266197E-02
18 13 2.57823125E-01-1.37353247E-01 1.77675790E-01 1.27786749E-01-1.92954782E-01
18 14-1.62434230E-01 8.78614797E-03 4.26503485E-03 3.38669372E-02 1.70888041E-02
18 15 5.92683225E-02 6.47261553E-02
19  1-7.90800052E-03 4.67617611E-02-2.88520239E-02 2.28060074E-03 5.23667583E-02
19  2-5.79740883E-02 6.01407830E-02-5.13761093E-03-1.09927759E-01-7.82556321E-02
19  3 4.19476558E-02 3.53909119E-03-5.91821903E-02-5.34861336E-03-1.77573682E-03
19  4 2.07880679E-01 2.22083738E-02 4.26589797E-02 3.82170021E-02 1.63328918E-01
19  5 2.43048707E-02 2.81616640E-02-5.22234756E-03 1.13876017E-02 1.42822880E-01
19  6 4.14234901E-02 2.29446284E-01-7.18610657E-03 1.35961587E-01 4.13384548E-02
19  7 1.65416233E-01-1.01336904E-02 7.38147825E-03 5.57046471E-02 5.92666597E-02
19  8 9.33726906E-02 4.91279475E-02 5.34064430E-02 4.90391805E-02 9.05592977E-02
19  9-1.24718460E-01-8.05663394E-02 4.17626817E-02 2.60762987E-02-9.32494973E-03
19 10 9.38722037E-03-1.27650204E-01-1.16101433E-01-2.16641809E-01 4.25076046E-02
19 11-1.15672777E-01-1.15023615E-01-2.08440572E-01-1.47006225E-03 3.05727920E-03
19 12 2.12357497E-02-4.76860262E-02 2.00198745E-02-8.22109435E-04 2.15041761E-02
19 13-3.97825909E-02 1.25277968E-02-2.87759831E-02-2.50121089E-02 3.05819888E-02
19 14 4.04793480E-02 1.18428564E-01 1.00619010E-01 9.38695382E-02 5.11684680E-02
19 15-4.24000197E-03 4.10562194E-03
20  1-8.91098070E-03 5.28359086E-02 3.40028377E-02 4.36975467E-02 5.11475311E-02
20  2-6.67546643E-02-7.15249419E-02-9.23248483E-02-1.06355174E-01-9.69224968E-02
20  3-4.10299892E-02-5.16799867E-02-5.60943982E-02-1.24191421E-02 1.19965110E-03
20  4-1.25682451E-01-1.53584837E-01 1.76648314E-01 1.05929099E-01-1.02180038E-01
20  5-8.10869168E-02 1.42357336E-01 1.29910448E-02-7.31774210E-03 1.22827792E-01
20  6 2.45821874E-01-7.98783148E-02-4.58348922E-02 1.45395618E-01 1.43962950E-01
20  7-5.99378421E-02 3.77022604E-03-7.27790238E-03 1.09141190E-01-1.08269822E-01
20  8 7.16070270E-02 9.72023686E-03 1.05103052E-01-1.15778842E-01 7.41710410E-02
20  9 8.03979746E-02 4.35678639E-02 5.32653821E-02 4.80032434E-02-3.81517376E-02
20 10 3.48224808E-02 1.07401070E-01 4.53045766E-02-1.12267318E-01 1.60970750E-01
20 11 1.05495680E-01 4.13923528E-02-1.10223890E-01 1.83633823E-02-1.30804553E-02
20 12-4.95608790E-02 9.03283840E-02-1.34850244E-01-8.94873007E-02-4.33576500E-02
20 13 9.14499193E-02-1.30353231E-01 1.02048125E-01 7.28859797E-02-4.03015768E-02
20 14 1.75238096E-03-4.05802776E-02-1.98266060E-02 6.68358153E-02 3.12784700E-02
20 15-7.28509787E-02-9.12461971E-02
21  1-4.63637138E-03 2.75068095E-02 5.05694530E-02-4.35700714E-02 4.88204232E-02
21  2-3.21390893E-02-1.06405119E-01 9.14475432E-02-1.03641628E-01-5.44345459E-02
21  3-6.85781231E-02 6.51887004E-02-5.86936634E-02-5.80566241E-03-1.14627778E-04
21  4-2.04203727E-01 2.55042856E-01 3.01169600E-02 4.15912063E-02-1.97216570E-01
21  5 2.35719004E-01 2.03853448E-02-2.25243273E-04 1.08997471E-03 1.11734569E-01
21  6-6.96946331E-02 9.19837207E-02-2.89364078E-03 1.29571703E-01-3.78404600E-02
21  7 6.00804210E-02 4.57040907E-03-4.33037677E-03 5.29664600E-03 1.71160473E-01
21  8-7.35293482E-03-1.57628161E-02 9.69697674E-04 1.62900646E-01 3.03325101E-03
21  9 1.34778186E-01 7.52176204E-02-2.08363633E-01-1.29991631E-01-2.35504455E-02
21 10 2.27598465E-02 5.42993021E-02-5.76595191E-02-5.46269163E-02 9.66045450E-02
21 11 5.61092691E-02-6.13840507E-02-5.51303732E-02 1.83070187E-04 6.80534404E-04
21 12-1.51276188E-02 5.44877701E-02 3.19786579E-02-6.25254416E-03-1.30941868E-02
21 13 5.88335131E-02 3.21260764E-02 5.18737160E-03 2.24554497E-03-2.64973732E-02
21 14-1.30502515E-02-9.82583445E-03 1.27161394E-03 7.24889081E-02 3.98144525E-02
21 15 7.44536699E-02 8.75877561E-02
22  1-1.88060347E-03 1.11776424E-02-9.93965281E-03-6.49800565E-03 2.48190432E-02
22  2-1.54735864E-02 2.18838301E-02 1.21123159E-02-5.13591074E-02-2.03267163E-02
22  3 1.13905972E-02 1.80882317E-02-3.52427089E-02-3.85109026E-03 4.13465725E-03
22  4 8.76681283E-02 3.78026842E-02-2.50758759E-03-2.17039606E-02 4.70270581E-02
22  5 5.84778176E-02 1.44009702E-02 4.42859552E-02-4.53774594E-02-8.39190217E-02
22  6-1.01461634E-01 5.04103718E-02-1.46393164E-01-6.26684128E-02-1.07366263E-01
22  7 6.15719534E-02-7.07249620E-02 6.07578347E-02-1.65229383E-01 3.95915903E-02
22  8 1.46998133E-01 3.21784497E-01-1.62669813E-01 3.83309998E-02 1.59887692E-01
22  9-5.94708607E-02-5.31831816E-02 6.27069820E-03 3.86338573E-02-6.74428169E-02
22 10 5.97173653E-02 2.83618237E-01-4.91710665E-02-3.14160940E-02 2.96625661E-01
22 11 2.94307892E-01-5.63215079E-02-3.25610608E-02 1.38144163E-02-5.11012115E-03
22 12 4.70324022E-03-6.95015372E-02-1.05334503E-01-8.46645702E-02 1.05897267E-02
22 13-5.94911878E-02-1.25407783E-01 2.73189905E-02 4.47795143E-03 4.76015904E-02
22 14 9.60523234E-02-1.55653208E-01-1.21439095E-01-9.25155112E-02-5.02995543E-02
22 15-7.81533764E-02-6.41006525E-02
23  1 1.11866206E-02-6.67268628E-02-3.88150959E-03-4.20568388E-02-1.78633850E-01
23  2 6.71566602E-02 9.22183604E-03 8.92467642E-02 3.81108540E-01 1.83946227E-01
23  3-5.37104646E-03 5.20980892E-02 2.15707395E-01 9.43033755E-03 5.25224886E-03
23  4-1.34665598E-01-1.34090594E-01-1.66957494E-01-9.87890348E-02-1.59316540E-01
23  5-1.21985463E-01-2.01024355E-01-7.02766195E-04-3.91821631E-03 1.03256176E-01
23  6 3.37571332E-02 5.46462704E-02 2.68104418E-02 1.12473079E-01 3.82557219E-03
23  7 9.21292080E-02-2.43446962E-02 2.02054217E-02 2.82237195E-02 3.47140158E-02
23  8 1.33147896E-01 1.16400540E-01 3.04744842E-02 3.12872657E-02 1.46204203E-01
23  9 1.06756413E-01 8.60920615E-02 5.61969694E-02 7.43755147E-02-7.07393283E-03
23 10 7.65508368E-03 1.81051176E-02-1.60775686E-01-4.45870559E-02 3.17696503E-02
23 11 2.59046033E-02-1.79475604E-01-4.31407569E-02-1.16249137E-02 1.27423259E-02
23 12 6.27046106E-02-5.15259737E-02-1.34522498E-02 4.57735679E-02 7.43292115E-02
23 13-4.80020991E-02-2.60227824E-02-2.49127246E-02-2.83288692E-02 1.73247720E-02
23 14 1.74390554E-02 1.51636215E-02 1.82839485E-02 7.32196320E-02 6.00113942E-02
23 15-4.25318222E-02-3.25888156E-02
24  1-1.93865819E-03 1.14397128E-02 1.25548181E-02 2.59201741E-02 3.76759289E-02
24  2-1.79398517E-02-2.65741137E-02-5.59740499E-02-7.99536787E-02-1.21305279E-02
24  3-2.23487919E-02-4.14102923E-02-6.43508073E-02 7.58299487E-03-1.82598227E-02
24  4 1.57948331E-02-1.68638578E-02 6.27058671E-02 1.38150899E-02-1.70403869E-03
24  5 1.19083546E-02 1.84571624E-02 1.13782170E-02-5.32802697E-03-7.26929864E-02
24  6 6.42315641E-02-1.10619224E-02-8.14228483E-02 6.03630811E-03 2.72632915E-02
24  7-3.39056597E-02 6.00297127E-03-2.01862358E-03 6.18274052E-02-8.66295861E-02
24  8 7.14315946E-02-3.56317944E-02 7.27830402E-02-1.12350374E-01 1.02480591E-01
24  9-3.15397751E-02-4.20895688E-02 4.27549627E-03 2.98056405E-02-3.54460070E-02
24 10 3.31415734E-02 8.20323554E-02-1.70296249E-01 7.04210501E-02 1.60742527E-01
24 11 8.30806955E-02-2.01381176E-01 8.51389858E-02-7.91331764E-02 7.01760150E-02
24 12 2.30688212E-01 1.78667801E-01 2.19711776E-01 3.49237639E-01 2.66066183E-01
24 13 2.04674318E-01 2.32374129E-01-1.17504346E-01-1.01860564E-01-9.40885967E-02
24 14-1.03448248E-01-4.04616591E-02-5.69003380E-02-6.39471940E-02-4.79907387E-02
24 15-1.24644365E-02 5.71112939E-02
25  1-2.55012180E-03 1.50108141E-02 7.50070901E-02 7.56038479E-02 4.23050789E-02
25  2-2.36839330E-02-1.60257542E-01-1.63367263E-01-9.03898696E-02-1.81236651E-02
25  3-1.30466281E-01-1.20890014E-01-7.21696138E-02 2.95499111E-02-3.09712757E-02
25  4-3.34682450E-02-4.46807125E-02 1.18318949E-01-1.65323191E-01-4.38939623E-02
25  5-6.00195227E-02 1.14484604E-01 1.05084479E-03-1.15020615E-02 1.45254398E-01
25  6-5.51347568E-02-9.96856042E-02 6.41809734E-02 1.38416681E-02-4.45432373E-02
25  7-1.51565347E-02-5.06389941E-02 4.61204016E-02-1.70770285E-01 9.19413756E-02
25  8 1.31066295E-01 2.13765744E-01-1.92222414E-01 1.13460929E-01 1.45021189E-01
25  9-6.90287159E-03 2.50384527E-02-2.44055619E-02-1.76307125E-02 3.53688709E-02
25 10-3.15915031E-02-1.62018738E-01 1.44023837E-02 1.98907374E-01-1.59031198E-01
25 11-1.65393759E-01 1.64055988E-02 2.28842268E-01-2.05325254E-02 1.82644978E-02
25 12 1.59701360E-01-9.23490976E-02-9.19236080E-02 1.02237947E-01 1.86641669E-01
25 13-1.09548602E-01-1.21200777E-01-3.42650764E-02-2.72422890E-02 1.73806021E-02
25 14-4.33023375E-02 7.66968724E-02 6.15072520E-02 1.00221360E-01 1.17816442E-01
25 15-8.16058405E-02-7.13724371E-02
26  1-1.78402010E-05 1.22138022E-04-1.56333609E-01-1.65013427E-01 5.82638341E-02
26  2-3.11202766E-03 3.36328275E-01 3.54621147E-01-1.24307231E-01 6.55685541E-03
26  3 2.84932447E-01 3.03846542E-01-1.13045145E-01-5.06947706E-03 4.32790047E-03
26  4-5.99863233E-02-7.55679283E-02 1.16277691E-02 3.36905651E-02-8.68609826E-03
26  5-3.54932313E-02-8.43110659E-03 2.12934548E-02-2.25573161E-02 6.14710050E-02
26  6 1.53296511E-02-7.89826014E-02-1.03130954E-01 5.95971243E-03 8.11888471E-02
26  7-3.60167938E-02-1.48747449E-02 1.65014570E-02-7.62522569E-02 4.24899974E-02
26  8 6.44031147E-02 4.26397243E-02-9.72905495E-02 5.34747949E-02 7.41559829E-02
26  9 5.78857843E-02 8.13597350E-02 3.66954713E-02 2.37631172E-02 6.26217580E-03
26 10-8.00977917E-03-3.65822279E-02 1.88638880E-01-5.40649150E-03-1.05267168E-02
26 11-3.41609673E-02 2.15991718E-01 8.83352377E-03-1.83587065E-02 1.81839268E-02
26 12 1.41574762E-01 8.83332429E-02-1.63992806E-02 7.26724212E-02 1.68930965E-01
26 13 1.00706817E-01-2.30914813E-02-1.55118789E-02-1.11846408E-02-2.73424700E-02
26 14-1.25718417E-02 1.63936157E-02 8.45402783E-03 2.86144852E-02 6.31831030E-02
26 15-3.66600207E-02-1.37837711E-02
27  1 8.50183604E-06-1.18945625E-04 1.70059899E-01-1.94214841E-01 4.43681198E-02
27  2-9.15476631E-04-3.65788955E-01 4.17920677E-01-9.57896741E-02 6.77517062E-03
27  3-3.15957639E-01 3.55188096E-01-8.44602352E-02-4.60309287E-04-6.13870788E-03
27  4 8.32273553E-02-7.58323447E-02 2.04358192E-02 4.14816840E-02 4.36839709E-02
27  5-3.41770150E-02-2.28154060E-02 9.03421095E-03-4.34984966E-03-2.97142237E-02
27  6 2.82462478E-02-4.18363399E-02-6.23126486E-02 3.57921864E-02 3.04868936E-02
27  7-2.78011942E-02 5.03475362E-03-8.46733155E-03 1.11783482E-01 8.70445630E-04
27  8 6.75574087E-03 1.04402498E-03 1.30849722E-01-5.12663627E-03 1.04763659E-02
27  9-7.45456662E-02-9.44388492E-02 8.29117348E-02 9.26523015E-02 6.38715958E-04
27 10-3.94946882E-03-1.92720393E-02-5.33178484E-02 8.69122199E-02 1.35085484E-02
27 11-2.84170257E-02-6.03197142E-02 1.07799945E-01 5.97662305E-03-6.64138510E-03
27 12-1.84208651E-02-6.44972093E-02-3.77372336E-02-1.80029577E-02-2.15230374E-02
27 13-7.60602177E-02-4.16172452E-02 6.44696117E-03 4.25629257E-03 1.51057113E-02
27 14-6.45280954E-03-1.97992648E-03-1.12771104E-02-4.71246151E-02-7.87007187E-02
27 15 6.83023251E-03-1.99902215E-02
28  1 2.11944709E-04-1.00654264E-03 1.28728157E-01-6.48514341E-03-7.26957896E-02
28  2 5.81548477E-03-2.77396056E-01 1.38751826E-02 1.57716670E-01-2.18506010E-02
28  3-2.34821379E-01 1.91097683E-02 1.45379831E-01-7.60101173E-03 1.93988119E-02
28  4 7.27197250E-02-2.20995305E-02-5.12160769E-02-2.11334399E-02 5.83625719E-02
28  5-7.70353506E-03 4.13249576E-02-1.05495710E-02 2.55720945E-03 3.70651254E-02
28  6-4.65875444E-02 5.82287245E-02 8.50154114E-02-3.98447086E-02-3.91646761E-02
28  7 2.86944190E-02-9.27590022E-03 1.31461492E-02-2.13714276E-01-2.50973895E-02
28  8 2.95023208E-02 2.81043307E-03-2.53269696E-01-3.08481227E-02 3.44755266E-02
28  9-3.82229707E-02-1.58805883E-02 5.65640880E-02 4.40396209E-02 3.81693481E-03
28 10 1.05740654E-04 6.63548430E-03 2.46447453E-01-1.98020350E-01-3.55488158E-02
28 11 1.44673066E-02 2.83929241E-01-2.39104669E-01-1.41209741E-02 1.57754115E-02
28 12 1.46969352E-02 1.88459843E-01 1.27386659E-01 4.13996384E-02 1.68588311E-02
28 13 2.19364063E-01 1.43839980E-01-1.31698321E-02-8.41267421E-03-3.92656373E-02
28 14 1.19678883E-02 8.83923103E-03 1.29982805E-02 5.25546620E-02 6.97503969E-02
28 15-2.71817011E-02 5.95766990E-02
29  1 5.62838895E-04-3.14439424E-03 2.95356057E-02 8.70905831E-03-2.56417052E-02
29  2 1.54864081E-02-6.45737020E-02-1.68853286E-02 5.34475482E-02-2.57988900E-02
29  3-5.19509084E-02-2.59640671E-02 7.05632035E-02-1.93177811E-02 2.15517383E-02
29  4 3.71986992E-02 7.21957108E-02-5.39348803E-02 1.02214319E-01 4.82851769E-02
29  5 5.51158934E-02-2.29482400E-02-1.10057003E-02 1.84258583E-02-3.78769574E-02
29  6-2.12639257E-02 4.35294544E-02 1.86897847E-02-1.06894758E-02-2.76207388E-02
29  7-1.37982740E-02 1.28190814E-02-1.49648795E-02 6.70583774E-02 7.82926985E-04
29  8-2.52849642E-01-2.28248440E-02 8.44504607E-02 8.83038922E-03-2.91779952E-01
29  9-7.88188508E-03-2.13592666E-02-1.57917626E-02-3.98150738E-02-1.17668648E-03
29 10 6.77971697E-03 3.18091604E-02 2.21887213E-02-1.25255802E-01-1.82550352E-02
29 11 2.73447411E-02 9.32952025E-03-1.51008057E-01-3.54093540E-03 5.77166193E-03
29 12 3.41905439E-01 9.21779431E-03-2.67004185E-01-8.70371648E-03 4.06106897E-01
29 13 2.29914067E-02-3.03051738E-01 4.82214805E-03 9.37407792E-03-1.95132448E-02
29 14 7.54385993E-02-5.36443076E-03-1.73125361E-02-1.58019464E-02-2.20731751E-02
29 15 4.94742058E-02-6.53059894E-02
30  1-3.16020273E-04 1.88644345E-03 1.16225378E-02 5.24298290E-02-3.64688686E-02
30  2-7.25583580E-03-2.43262827E-02-1.14636502E-01 7.99588731E-02 1.07660499E-02
30  3-2.90790419E-02-9.39524268E-02 5.95200980E-02-1.83531178E-02 2.01490651E-02
30  4 3.53174780E-02 5.37851332E-02-5.55337254E-02 1.22285084E-01 2.42700248E-02
30  5 1.38688025E-02-5.97441151E-02 2.21476081E-03 3.17171648E-03-9.68721591E-02
30  6-5.45070128E-02 2.29294214E-02-7.29204121E-03-2.89883876E-02 6.31292332E-02
30  7 6.60866052E-02 6.94664385E-03-8.69694708E-04 2.87646609E-01 2.14593911E-01
30  8 2.38841989E-01-6.35370942E-02 3.28756018E-01 2.57783129E-01 2.73440516E-01
30  9-1.48314582E-02-6.18437139E-02-7.60499096E-03-4.85289076E-02-9.79140008E-03
30 10 6.09853907E-04-2.27756774E-02 2.46008729E-01 3.59401826E-02 1.01199690E-01
30 11-3.14929317E-02 2.81531835E-01 6.33425328E-02 1.45874347E-03 7.14102279E-04
30 12 4.27279984E-02 3.87269384E-02-2.77112735E-02-1.63243595E-02 5.89984940E-02
30 13 4.65413420E-02-3.32924265E-02 9.28639992E-03 1.96736988E-03 3.69254385E-03
30 14 1.31033736E-02-1.37667501E-02-7.76706404E-02-1.19370977E-01-1.64164757E-01
30 15 1.65018434E-02 3.09729523E-02
 $END   
 $GRAD  
E=     -762.3095859814  GMAX=   0.0194834  GRMS=   0.0065615
CL          17.    6.1975885291E-04    5.2717188438E-04    5.3238016848E-04
C            6.   -2.2823847857E-03   -5.2499850312E-03   -1.2852210576E-02
C            6.   -7.6244705319E-03    1.5552444761E-02    1.9483395696E-02
O            8.    2.1321625556E-03   -9.0386302197E-03   -1.0594558462E-02
H            1.    7.5046569504E-05    8.1218900154E-05    7.6015214184E-04
H            1.   -8.0926055296E-05    2.4087541019E-04    1.7768384448E-04
O            8.    1.2633095130E-02    3.7991731940E-03    2.9842742681E-03
O            8.   -4.6560935457E-04   -1.4030656456E-03   -3.5832461105E-03
H            1.    3.9889227187E-04    1.1488256293E-03    7.0075246595E-04
H            1.   -2.4981165963E-03   -4.6911677187E-03    8.1116738266E-03
H            1.   -1.4206416424E-03    3.7186836306E-03    6.8346020111E-03
H            1.   -5.4343879221E-04   -6.8499298139E-03   -1.3802632575E-02
H            1.   -9.4336745046E-04    2.1643850456E-03    1.2477334150E-03
 $END
-------------------- DATA FROM NSERCH=   3 --------------------
 COORDINATES OF SYMMETRY UNIQUE ATOMS (ANGS)
   ATOM   CHARGE       X              Y              Z
 ------------------------------------------------------------
 CL         17.0   3.0983296803   0.6829270375   0.4237003551
 C           6.0   2.7617524201   0.1422157826  -1.3600401885
 C           6.0   3.3708255030   1.1374301531  -2.3124490759
 O           8.0   2.6800874861   2.3367881864  -2.3234293371
 H           1.0   1.6781157104   0.1272328925  -1.4486291989
 H           1.0   3.2147602004  -0.8371595100  -1.4636477924
 O           8.0   3.2300834450   0.4739502286  -3.6642955483
 O           8.0   3.7559930004   2.7982734226  -4.5623424095
 H           1.0   3.1725752649   3.1331152350  -5.2794711930
 H           1.0   3.6396214895   1.7853542165  -4.4843554061
 H           1.0   2.2500778329   0.4145045282  -3.8225946923
 H           1.0   4.4621076514   1.1622665213  -2.2695850057
 H           1.0   3.0744183366   2.8681701380  -3.1164619072
--- CLOSED SHELL ORBITALS --- GENERATED AT 10:08:28 30-JUL-2026    
Chloroacetaldehyde hydrate and water                                            
E(R-WB97X-D)=     -762.3114847761, E(NUC)=  315.1995848308,    8 ITERS
 $VEC   
 1  1 9.85802996E-01 5.34268150E-02-1.97554126E-05-3.54670160E-05-1.71322935E-04
 1  2-1.87560322E-02 5.86530030E-05 1.08645356E-04 6.41058993E-04 1.02526073E-02
 1  3-2.28471534E-04-4.25249524E-04-1.79381842E-03-2.77111228E-05-3.98890932E-04
 1  4-4.04534505E-07-1.20663241E-05-1.47832352E-04 7.39094246E-04-1.85214939E-05
 1  5 3.45225948E-04-1.44323651E-03 7.44023265E-05 6.05437172E-04-1.91741263E-05
 1  6 1.28493367E-05 3.46732601E-04-1.91457725E-03 6.28052848E-04 1.08942090E-05
 1  7-1.71170493E-03-1.84777087E-05-1.40552727E-04-1.43873086E-05 2.29455218E-05
 1  8 6.25238571E-07 6.22537902E-04 1.27659988E-04-3.02074693E-04 1.94941438E-04
 1  9 1.57554105E-04-8.57345245E-04 2.10511389E-04-7.57223759E-04 1.22434123E-05
 1 10 1.21419248E-04 1.82169309E-05 1.03177446E-05 4.47102991E-05-4.54212069E-04
 1 11-9.95493979E-05-8.27189288E-05-2.24988120E-04-1.56134689E-06-8.93380710E-06
 1 12 2.09679556E-08-2.13890962E-07 2.77415784E-05 7.02882733E-05-4.01294720E-06
 1 13-2.13650688E-05-8.33420507E-05-3.57470010E-05 3.08368104E-05 4.34009144E-05
 1 14-2.52936841E-04-2.37696618E-05-1.48602757E-05 2.11063812E-04-2.37364282E-04
 1 15-1.30617277E-05 3.52813389E-05
 2  1-8.74120071E-06 5.63733743E-05 1.21902584E-05 3.77127706E-05-5.30208463E-05
 2  2-1.00647665E-03-6.97498292E-05-2.21421374E-04 3.85296283E-04 1.74535627E-03
 2  3 2.12632466E-04 6.75824812E-04-1.65842120E-03 2.42047726E-04 6.97054138E-04
 2  4-2.73850197E-04-2.77523784E-04 1.03184678E-03-7.96682807E-03-1.14730203E-03
 2  5-2.54053054E-03 3.13152622E-03-1.20247734E-03-5.29859461E-03-1.80679890E-04
 2  6 7.46631670E-05-1.33832781E-03 2.57310111E-02-4.26181751E-03-6.12210117E-03
 2  7-8.31378632E-03 7.42634151E-03 2.19351112E-03-8.69407218E-05-3.59521578E-04
 2  8-3.25260370E-04-5.48681229E-03-4.11371265E-04 3.66715673E-03 2.10244534E-03
 2  9 9.26756277E-04-1.06569649E-03 2.91405323E-04 3.74782229E-05 9.82577198E-01
 2 10 1.04846256E-01-1.97085662E-03 1.92890920E-03 1.98637298E-03-5.02300211E-02
 2 11 3.65632271E-03-6.19499397E-03-7.34296417E-03 6.58375475E-03 1.98041349E-03
 2 12 1.06199367E-04-5.94821843E-04 5.58631552E-05-4.16062686E-03-1.82240236E-04
 2 13 3.10969988E-03-3.79118021E-04 3.55275894E-04-1.34228667E-03 6.64535528E-04
 2 14 6.46299433E-03 3.57852107E-03 4.54417630E-03-1.83632604E-03-1.79857029E-03
 2 15 4.63274966E-04-1.15023535E-03
 3  1 7.26127928E-06-5.76347887E-05-2.02872300E-05 1.59504029E-05 4.82930444E-05
 3  2 5.08995213E-04 1.45151923E-04-8.58790663E-05-2.77277203E-04-6.63330711E-04
 3  3-7.21019215E-04 4.85963966E-04 4.23742538E-04 2.11054602E-04 7.59541330E-04
 3  4-6.22351508E-04-5.39823460E-04 4.74499940E-04-6.65275904E-03 4.15403196E-03
 3  5-4.44484530E-03 2.48096310E-03-9.23628939E-04-3.79316583E-03-2.42311014E-04
 3  6 2.16640161E-03-1.72003884E-04 2.43174997E-02-1.22399772E-02 8.91838816E-03
 3  7-1.57364476E-03 9.82248221E-01 1.05713011E-01 2.76703808E-03-1.98142374E-03
 3  8-1.97344357E-03-5.46955295E-02-7.71171834E-03 8.13638772E-03 4.97112253E-03
 3  9 1.05067042E-03 2.22845707E-03-5.81655142E-04-5.13098227E-04-7.22692010E-03
 3 10 6.76886875E-04-2.88832047E-04 4.07706337E-04 1.48508031E-04-4.66897261E-03
 3 11 1.65495605E-03-3.17896220E-03-2.36401581E-03 2.95181144E-02 4.19963128E-03
 3 12-2.01215459E-04 3.08290813E-05 6.79359594E-04-3.75854157E-03 8.54828624E-04
 3 13 7.08168025E-06-2.79361839E-03 2.41792556E-04-7.24087215E-04 4.08172227E-04
 3 14-4.76070477E-04 7.69167524E-04-1.21337929E-03-6.08508984E-04 1.11031193E-03
 3 15 3.10597798E-03 8.03423149E-03
 4  1 1.91364201E-07-1.07690191E-06 1.01442937E-05-3.60874187E-06 6.59623239E-07
 4  2 1.94165721E-05-5.30744703E-05 1.65623278E-05-1.00656975E-06-6.76596597E-05
 4  3 9.54674200E-05-2.01656089E-07 3.94256309E-05 1.05438295E-05 1.62705536E-04
 4  4-2.85547756E-05 1.03843888E-04-1.26800950E-04-1.57976557E-04 7.93307133E-05
 4  5-3.82447893E-05 1.50817444E-04 1.13414378E-04 6.88005610E-04 4.54471266E-05
 4  6-9.15540638E-05-9.64002976E-05-2.48270887E-03 6.99685594E-04-9.58983716E-04
 4  7 7.62563558E-04-2.93263260E-02-1.97990586E-03-1.42822638E-05 5.62042208E-04
 4  8-2.12260614E-04-1.98929760E-03-3.39148486E-04-2.53531563E-03 1.72300405E-03
 4  9-4.33694791E-05 3.47977778E-04 7.27184610E-05-1.83445898E-04-6.10034149E-03
 4 10 4.94291323E-04 3.44326806E-04 5.26246215E-04-5.78004189E-04-2.15990580E-03
 4 11-1.25497493E-03-2.21548924E-03 2.34066691E-03 9.81961279E-01 1.03229869E-01
 4 12-2.23434001E-03-1.74893797E-03-1.03182046E-03-4.48210179E-02 4.72035940E-03
 4 13 4.65782493E-03 1.48117459E-03 3.01554107E-03 5.64773311E-03 2.41320246E-03
 4 14 1.09380238E-02 5.69585075E-04-1.50029614E-03 3.73082122E-04-7.34057753E-04
 4 15 1.46631134E-04 6.40849687E-03
 5  1 7.50934456E-05-9.73562608E-05 3.84959772E-07 4.85821511E-05-2.07714737E-04
 5  2-2.11839754E-03 1.04468272E-05-3.17247153E-04 1.40335337E-03 2.81701681E-03
 5  3-5.73965557E-04-1.41428555E-04-2.14033822E-03-1.00993872E-02-4.27325792E-03
 5  4-2.56117035E-04-3.23977736E-04 1.79291538E-05 2.67209032E-02 7.09562377E-03
 5  5 1.02160491E-02-1.26695927E-02 9.86619668E-01 1.11046805E-01-3.02059907E-04
 5  6-1.03247813E-03-3.31307020E-04-8.71074557E-02 2.96479424E-03 1.24502451E-02
 5  7-3.51667414E-03-2.80411889E-05-4.07458877E-04 3.61296710E-04 2.44220173E-04
 5  8-1.77192453E-04 7.58213665E-03-7.41530279E-04-3.32575129E-03 9.74134629E-04
 5  9-1.52460795E-03 1.48298121E-03-1.67844337E-03 1.15101434E-03-2.55110374E-04
 5 10-1.27328997E-03-8.65738266E-05 2.98524033E-04 1.70864577E-04 1.11398697E-02
 5 11 8.91667302E-04 1.44824000E-03 5.93299689E-03 5.18992789E-05 4.24178076E-04
 5 12 1.15524580E-05 1.04075177E-04-1.04239589E-04-1.64170959E-03 1.42987873E-04
 5 13 3.27933467E-05-4.73073985E-05 4.88970743E-04-7.91861610E-04-3.96952247E-04
 5 14 2.42381659E-03-5.13245057E-04 3.58909914E-03-1.21752565E-04 1.64780098E-02
 5 15-6.66028676E-05 3.22056220E-03
 6  1-2.48983383E-05-1.66217293E-04 6.27413254E-05 9.79354492E-05 3.30515747E-04
 6  2-2.15683530E-03-3.71432819E-04-5.78064732E-04-1.86762784E-03 1.27721846E-02
 6  3-1.18628487E-03-1.93293047E-03-8.60245412E-03 9.86466864E-01 1.11829752E-01
 6  4 3.15775858E-04 5.49579128E-04 1.06915276E-03-8.96668551E-02-3.03683237E-03
 6  5-5.20002742E-03 2.42662934E-03 9.45299409E-03-1.72206895E-03 3.10737155E-04
 6  6 3.29787106E-04-1.78605512E-05 2.26640929E-02-5.78339483E-03-9.19202868E-03
 6  7 8.74809860E-03 3.85813029E-05 1.78576685E-05 3.58313575E-05 5.00535578E-04
 6  8-3.59343303E-04-1.35073639E-03-1.52039646E-04-4.39820293E-04 7.13621257E-04
 6  9-8.32946506E-05 1.55332218E-02-1.59445518E-04 1.55270526E-02 6.82002557E-06
 6 10-2.51489552E-04 2.48406245E-04 2.19061533E-04-5.21690017E-04-6.84949168E-04
 6 11-7.68921908E-04-7.44922014E-04 5.02407289E-04 2.59161566E-05 2.08091734E-04
 6 12-5.45577573E-05 2.30592419E-05-1.01529136E-04-8.61590764E-04 2.41564949E-04
 6 13 1.24144833E-04 2.51829473E-04 3.28255338E-04-3.53308783E-04-8.40136984E-05
 6 14 1.62836749E-03-6.33183564E-04 1.77608620E-04-1.26036894E-03 1.11415137E-03
 6 15 4.61713394E-04 1.28489948E-03
 7  1-3.05123522E-01 9.77081435E-01-1.56457141E-03-2.69951235E-03-8.44255377E-03
 7  2 1.54201751E-01-6.18872769E-04-1.10754171E-03-5.15436369E-03-6.76166530E-02
 7  3 1.63904894E-03 2.99030489E-03 1.20062793E-02-3.53601068E-05 1.60215186E-03
 7  4-6.70469900E-05-2.32133541E-05 4.53933830E-04-2.19256736E-03 4.67812254E-04
 7  5-1.50370436E-03 9.59954746E-03-2.88364111E-05-3.16411010E-03 1.16325227E-04
 7  6-9.81347482E-05-1.98316724E-03 1.02859208E-02-3.65481870E-03 7.91582502E-05
 7  7 9.93323460E-03 9.38692589E-05 6.78863339E-04 6.02429444E-05-1.25511069E-04
 7  8 8.69808549E-06-3.38580469E-03-6.77820353E-04 1.69845333E-03-1.12626864E-03
 7  9-1.00302472E-03 5.16839982E-03-1.30569776E-03 4.54977174E-03-7.26944387E-05
 7 10-6.68191760E-04-9.14944911E-05-4.06618966E-05-2.58784783E-04 2.77363073E-03
 7 11 5.58166861E-04 4.66482109E-04 1.50933958E-03 9.09856489E-06 5.51978975E-05
 7 12 1.36763197E-06-4.32565683E-06-1.35331499E-04-4.23984491E-04 1.51774781E-05
 7 13 1.52418318E-04 4.41971320E-04 1.91551813E-04-1.96567870E-04-2.34820905E-04
 7 14 1.50675048E-03 6.84830748E-05 2.60971193E-04-1.15195437E-03 1.59612242E-03
 7 15 3.78261419E-05-1.86739624E-04
 8  1-3.20245321E-03 1.08409122E-02 1.69930260E-01 2.73090953E-01 9.15857920E-01
 8  2-3.14025822E-03 1.55507634E-02 2.50280931E-02 8.52268240E-02 4.64324156E-03
 8  3-5.01263783E-03-8.24063211E-03-2.92662175E-02-6.82650929E-04-4.36577205E-03
 8  4-2.47186010E-05-1.12111930E-04-4.73937271E-04 9.21405073E-03 1.11493980E-03
 8  5 3.18657107E-03-2.99348975E-03 3.72394872E-04 2.70877938E-03-2.19592833E-05
 8  6 6.86744952E-05 9.37655464E-04-1.07483307E-02 2.53435585E-03 1.11928786E-03
 8  7-8.09336316E-03-6.76787348E-05-4.14493689E-04-7.63798488E-05-3.51192756E-05
 8  8 4.21642145E-05 2.40554037E-03 6.25511574E-04-9.26699153E-04 6.05907487E-04
 8  9-2.46047888E-04-4.03479845E-03-3.70890227E-05-3.58203029E-03 2.85357078E-05
 8 10 2.27413612E-04 7.42998734E-05 1.05975461E-04-8.34377055E-06-1.37707241E-03
 8 11-4.07865065E-04-5.80242316E-04-1.86009502E-04-6.88164121E-06-4.03794599E-05
 8 12 6.24936344E-06-1.46216350E-05 9.16802455E-05 3.19630913E-04-4.07732292E-05
 8 13-3.36436129E-05-2.97211390E-04-1.48105926E-04 1.40448834E-04 2.19299280E-04
 8 14-1.06156900E-03-3.31221771E-04 4.96527791E-04 9.49688041E-04-4.87371306E-04
 8 15-1.01980896E-04-1.64283174E-04
 9  1 6.03227237E-06-6.46660922E-05 6.62920789E-01 6.37503496E-01-3.12909617E-01
 9  2 3.96596453E-04 5.94440454E-02 5.71958105E-02-2.85286019E-02 2.87681665E-04
 9  3-1.86217221E-02-1.79954213E-02 8.70532256E-03 1.52540037E-05 9.07852821E-05
 9  4-4.78037986E-05 4.50170031E-05 5.19833011E-04-5.14128274E-04 8.88216911E-04
 9  5-5.75498255E-04-2.33843880E-03-1.02936170E-04-1.07295063E-03 3.11829968E-05
 9  6-1.40830438E-04-9.56270339E-04 1.22266594E-03-6.05585076E-04 2.12750064E-03
 9  7 5.05752712E-03 3.26883837E-05 1.79159528E-04 8.66145186E-05 2.08105796E-05
 9  8-4.40440242E-05-1.32938099E-03-6.11394718E-04 3.92040075E-04-4.11129272E-04
 9  9 5.90674783E-04-1.64772542E-03 6.81589506E-05-1.12472408E-03-5.13303391E-05
 9 10-3.71501943E-04-9.25843357E-05-1.01606907E-04-7.40097812E-05 1.93616276E-03
 9 11 4.91024055E-04 6.85711186E-04 9.03140789E-04-1.03245360E-06-1.50801022E-05
 9 12 1.03935753E-05 1.08585515E-05-4.34033996E-05-3.33665633E-05-3.14210746E-05
 9 13-1.03008952E-05 1.57971853E-04 4.24110888E-05-3.76626796E-05-7.43967515E-05
 9 14 3.73228743E-04-1.19146875E-05 5.24106446E-04-8.11471792E-04 1.61184903E-03
 9 15 1.19052488E-04-1.50615187E-04
10  1 3.44575210E-05-1.06133493E-04 6.89584435E-01-6.80294353E-01 7.48692028E-02
10  2-4.78881682E-05 6.16641512E-02-6.08765510E-02 6.79517500E-03-1.43085366E-04
10  3-1.87841076E-02 1.87361185E-02-2.02258269E-03-2.09442362E-07-1.76655960E-05
10  4-5.15118283E-05 2.11312498E-05-1.17930379E-04-1.80305186E-04 1.36525582E-03
10  5-1.18848932E-03 7.36528761E-04 3.84933343E-05 4.88816321E-04-3.54866080E-05
10  6 1.89314332E-04 1.43633713E-04-1.12796149E-03-8.28960417E-04-7.56776609E-04
10  7-5.28782889E-04-2.35537689E-06 5.70072281E-05-4.32924779E-05-7.30464627E-05
10  8 3.03855541E-04 2.57435018E-04 2.96249008E-04 1.62429376E-04-8.65535491E-04
10  9 6.37316649E-04-1.44601955E-03-7.65668517E-04 1.84440022E-03 1.24021296E-05
10 10 1.16203923E-04 3.05562615E-05-4.49651822E-05 4.98289826E-05-4.28201125E-04
10 11-5.86632570E-05 1.49851710E-04-2.32993363E-04-7.44091623E-06-6.37717756E-05
10 12 1.42700259E-08 9.97921357E-06-1.84040775E-05 2.05968475E-04-1.21850399E-05
10 13-6.95560847E-05 8.57436667E-05-1.47363778E-05 7.30809374E-05 3.75614827E-05
10 14-2.74910069E-04-1.14686907E-04 2.61795302E-04-1.11340880E-04 1.38613233E-03
10 15-2.21581570E-04-2.57507966E-04
11  1 1.82099777E-03-1.03220030E-02 3.12414582E-04 1.10572566E-04 3.36356752E-03
11  2 1.42779735E-02-5.66231970E-04-1.28848389E-04-6.76229490E-03 3.03782314E-03
11  3 1.38597607E-03-1.60148448E-05 2.65407363E-03-2.54327058E-02 2.30979985E-02
11  4 7.24572698E-03 1.67333875E-02-1.96223224E-02 5.04783235E-02-1.29620498E-02
11  5 1.05889655E-02-3.51395307E-03-1.00149476E-01 1.08777155E-01-4.20793429E-02
11  6 3.04777626E-02-4.25644074E-02 1.58120756E-01 1.40639960E-02-1.31691909E-02
11  7-3.00593278E-03-1.36793034E-01 1.22950837E-01 4.92504738E-02-4.50709237E-02
11  8-3.38667531E-02 4.19682661E-01 5.42662957E-02-4.82459775E-02-4.44849948E-02
11  9 6.06175898E-03-5.99144752E-03 8.43434814E-03 1.09048105E-03-1.47191722E-01
11 10 1.34546398E-01-4.43426807E-02 3.19705826E-02 3.98657383E-02 4.46323176E-01
11 11-4.89638912E-02 4.48402191E-02 4.11612034E-02-4.43367854E-02 3.86799571E-02
11 12-1.37475502E-02-1.35731045E-02-1.80690416E-03 1.37331369E-01-1.65144923E-02
11 13-1.68676866E-02 5.15002541E-03 1.76345795E-02 6.59078764E-03 3.41274695E-02
11 14 6.05625971E-03 6.68842329E-02 1.09735938E-02 2.70690066E-02-1.27366209E-02
11 15 5.49713748E-02 4.57416446E-03
12  1-1.09370497E-03 6.22243822E-03-3.21679813E-04 1.52065387E-04-1.27243852E-03
12  2-6.06726608E-03 7.90876194E-04 2.44546154E-04 1.23957086E-03-4.72989207E-03
12  3-2.20014164E-03-2.88628515E-03 1.80228257E-03-1.02925755E-03 1.47322974E-03
12  4 2.20579559E-03-7.99835617E-03-8.13888206E-03 5.29871743E-03 9.82249719E-03
12  5-1.65866198E-02-1.38380834E-02 1.64395976E-02-1.47326506E-02 3.04072198E-02
12  6-1.00450485E-01-4.94547107E-02-2.56705188E-02-8.75205943E-03-3.51702613E-03
12  7-3.13986984E-03 1.57823495E-01-1.45415238E-01-5.29637813E-02 2.60216247E-02
12  8 3.32749511E-02-4.98505965E-01-5.99093388E-02 3.34825752E-02 3.54653668E-02
12  9 3.92560931E-04 3.38231888E-03 6.54904443E-04-3.57474939E-03-1.68229354E-01
12 10 1.56846762E-01-5.82483244E-02 1.38743653E-02 2.48976071E-02 5.33771588E-01
12 11-5.29853754E-02 1.99940407E-02 3.83550423E-02 3.91179590E-02-3.48575481E-02
12 12 1.31723046E-02 2.46945986E-03 3.19340093E-03-1.25751887E-01 1.42430926E-02
12 13 5.38531211E-03-4.44352927E-04-1.94755408E-02-5.64228467E-03-1.32534931E-03
12 14 6.86990898E-03 8.93715898E-02 1.56040486E-02 1.79343896E-03 1.02322222E-02
12 15-7.02114758E-02-1.45800284E-02
13  1-1.51418571E-03 8.65039780E-03-2.86765010E-04-1.64499940E-04-2.21563821E-03
13  2-1.12831707E-02 6.01527626E-04 3.72072303E-04 4.39615705E-03-4.98499631E-03
13  3-9.17645317E-04-6.45231102E-04-3.11650900E-04 1.10780787E-02-1.18607308E-02
13  4-2.43167378E-03-7.92512258E-03 5.03027922E-03-1.12289652E-02 8.23119588E-03
13  5-6.83695782E-04-5.61084469E-03 3.15306784E-02-3.56459573E-02 1.88801914E-02
13  6-2.38691437E-02-9.81685859E-04-5.93211667E-02 3.94721447E-03 1.46239281E-02
13  7-1.41380140E-02 5.92616264E-02-5.43402231E-02-1.86687122E-02 2.26599776E-02
13  8 5.07871635E-03-1.90286343E-01-2.25758405E-02 2.07267503E-02 8.49096314E-03
13  9-3.81952459E-03 2.32180197E-03-4.32982952E-03 1.13840359E-04 3.12475528E-03
13 10-4.57008551E-03 4.37539832E-03 3.37695333E-03-1.23373234E-02-5.16606809E-03
13 11 6.34304180E-03 5.88682428E-03-1.32701243E-02-2.21198304E-01 2.05932770E-01
13 12-6.51696839E-02-4.34424588E-02-4.90321893E-02 6.85894141E-01-6.65152008E-02
13 13-5.02971802E-02-4.38065145E-02 1.15646835E-01 2.56941638E-02 9.95965875E-02
13 14 1.38195651E-02-3.90702522E-03 3.58524869E-03-9.12363774E-03 5.82619816E-03
13 15 1.67942195E-03 9.64141345E-03
14  1 6.32408050E-02-3.64881264E-01 7.78482203E-03 1.30889034E-02 4.51559364E-02
14  2 4.64990749E-01-1.58634404E-02-2.63548855E-02-9.13593807E-02 3.14737383E-01
14  3-1.17196151E-03-3.69982080E-03-8.84723958E-03-1.27669863E-01 1.10063275E-01
14  4 1.69519946E-02 2.48035720E-02 3.90387894E-02 3.89463953E-01 1.86282466E-02
14  5 2.44476233E-02 4.13136204E-02-3.69162992E-02 4.25784353E-02-7.77129488E-03
14  6-4.73135817E-02 5.51847364E-02 5.45240280E-02 5.72174943E-03-6.38822216E-03
14  7-9.91653799E-03 3.21397939E-02-2.92142233E-02-9.70040563E-03-1.35764590E-02
14  8 2.26786924E-02-1.10614608E-01-1.07634997E-02-4.31345417E-03 2.23190409E-02
14  9 5.35932870E-02-1.41393766E-02 5.40401352E-02-1.62462179E-02 2.41409059E-02
14 10-2.12338609E-02 1.26562603E-02-5.02242654E-03 1.30191030E-02-8.93315817E-02
14 11 1.11316502E-02-9.79223462E-03 4.11873313E-03-9.29769729E-03 8.60843275E-03
14 12-2.11592870E-03 4.43932501E-04-6.35970331E-03 3.26069855E-02-1.58046014E-03
14 13-6.70044890E-04-6.96032349E-03 6.92860445E-03 3.21522471E-03 5.56731400E-04
14 14-8.66742155E-03-1.68543985E-02-6.29319862E-03 1.93017381E-02-4.13243450E-03
14 15-2.28500982E-02-1.15762572E-02
15  1 4.82138023E-02-2.80826435E-01 2.98875801E-04 9.90232723E-05-1.19004499E-02
15  2 3.47005696E-01-1.36163957E-03-1.99913518E-03 2.16381404E-02 3.34935929E-01
15  3-3.58470641E-03-4.28464654E-03-1.32691190E-02 1.22724863E-01-1.26860307E-01
15  4-2.06794181E-02-2.39793802E-02 1.06229263E-01-3.26528166E-01-4.70500598E-03
15  5 7.38698266E-03 3.10124793E-02 1.14310066E-01-1.13759766E-01 1.02451729E-02
15  6 8.71696502E-02-6.96311338E-02-3.20948133E-01 4.46546069E-03 4.84566519E-02
15  7-2.55089722E-02-4.65473050E-02 4.03461911E-02 4.12641678E-03 6.04872141E-02
15  8-4.44122092E-02 1.83695739E-01 8.53633137E-03 3.37122274E-02-3.80847012E-02
15  9-6.86586546E-02-5.25453985E-03-7.26900531E-02-3.56828869E-04-4.86089460E-02
15 10 4.26332564E-02-4.70376566E-02-2.37995250E-03-7.04965404E-02 1.92055279E-01
15 11-4.07356307E-02 6.04896591E-03-4.19386928E-02 1.08917885E-02-9.75056643E-03
15 12 1.49820171E-03-5.40058631E-03 1.49831328E-02-4.24619172E-02-4.11538139E-04
15 13-2.11080058E-03 1.34105060E-02-1.28371937E-02-7.28947964E-03 6.61922698E-03
15 14 1.81832137E-02 5.15939050E-02 3.52875537E-02-6.36139257E-02 1.04580253E-03
15 15 5.08260923E-02 3.16362940E-02
16  1 1.78324072E-02-1.04755588E-01-1.38264628E-02-1.57345492E-02-2.65991529E-02
16  2 1.30025145E-01 2.76556887E-02 3.17436985E-02 5.19266430E-02 1.48853945E-01
16  3 1.38583875E-02 1.32190891E-02 1.27308098E-02 1.07719474E-01-9.56974564E-02
16  4 8.76193621E-02 7.74840428E-02-1.44716314E-02-4.06096649E-01 4.40257531E-02
16  5 2.51615785E-02 1.14189012E-02-1.23225070E-01 1.19664609E-01 1.30048664E-01
16  6 2.03286096E-02-5.26197847E-02 4.44247744E-01 8.94191164E-02-1.49694739E-02
16  7-2.17155477E-02 4.70733528E-02-4.26928934E-02 4.97038880E-02-7.34841402E-02
16  8 2.62078911E-02-1.89786761E-01 3.78100560E-02-5.51398893E-02 2.41615066E-02
16  9-1.13201983E-01-3.91471686E-02-8.53554329E-02-2.69174830E-02 1.72254222E-02
16 10-1.50582172E-02 1.36636417E-01 6.75115849E-02 1.02112096E-01-8.47493643E-02
16 11 1.17467600E-01 5.68951415E-02 7.62580816E-02-1.53131697E-04-7.63685700E-04
16 12 9.34545419E-03-1.69316689E-02 2.80150494E-03 5.40417969E-03 1.08094597E-02
16 13-1.66321733E-02 6.27760855E-03-7.51796708E-03-4.06503362E-03 1.46107040E-02
16 14 2.32172958E-03-1.03859622E-01-7.35660189E-02 1.41354464E-01 3.38665245E-02
16 15-4.39802295E-02-4.15188499E-02
17  1-5.10523354E-03 3.01899038E-02-8.79933812E-04 2.29206977E-02 1.18784734E-02
17  2-3.57218474E-02 1.93576057E-03-4.69885010E-02-2.36732205E-02-5.41801553E-02
17  3 1.56688431E-03-2.57913084E-02-3.32223011E-03-4.07849251E-02 3.17776267E-02
17  4 3.45307443E-02-1.51074133E-01 3.68068315E-02 2.00027922E-01 5.00141825E-02
17  5-8.61359926E-02 1.39361900E-02 3.40615270E-02-3.93380677E-02 1.76430636E-01
17  6-8.55570634E-02-9.11529983E-02-1.11814839E-01 1.37429782E-01-8.40897039E-03
17  7-9.38720983E-02-2.82222457E-03-4.53215448E-04 2.33131459E-02 2.15241579E-01
17  8-1.46209821E-01 2.41863999E-02 2.22266785E-02 1.84287929E-01-1.29097923E-01
17  9 9.22208322E-03 1.48518927E-03 1.06264584E-01 4.85562661E-02-1.10319452E-02
17 10 9.21936700E-03 1.41416347E-01 4.12065678E-02 3.16153431E-02 4.21055430E-02
17 11 1.28219591E-01 3.80160249E-02 2.60135994E-02 1.05895956E-02-1.22001461E-02
17 12 2.78600025E-02-8.83275128E-02 1.21903837E-01-3.73833892E-02 2.11716119E-02
17 13-7.77499716E-02 1.18369724E-01-9.32537896E-02-6.14046962E-02 6.40746427E-02
17 14 5.31183518E-02-8.77031476E-02-5.40212570E-02 5.90376630E-02 3.14222196E-02
17 15 1.48793577E-01 1.08199637E-01
18  1 3.38514356E-03-2.00667254E-02-1.55153187E-02 2.28433168E-03-1.45811718E-02
18  2 2.33485328E-02 3.23379479E-02-4.80221176E-03 2.97447919E-02 4.16110996E-02
18  3 1.65672676E-02-5.93210869E-03 8.72575528E-03 1.05882042E-02-7.01887212E-03
18  4 9.52277530E-02-5.08286566E-02-2.67679605E-02-7.07850444E-02 6.38755032E-02
18  5-5.84593658E-02-2.91147341E-02 2.26695139E-03-2.48667794E-03 8.17619374E-02
18  6-1.01281922E-01-1.75418088E-02 8.13942607E-03 3.95233088E-02-8.39333274E-02
18  7 2.74237038E-02-2.26313712E-02 1.97457119E-02-1.34676362E-02 1.34272920E-01
18  8-4.98907262E-02 9.66857893E-02-9.37513167E-03 1.20289728E-01-4.18344485E-02
18  9-6.06197376E-02-3.14564994E-02 4.25577792E-02 2.65094402E-02-1.09693543E-02
18 10 1.23052638E-02-1.43930953E-02-9.41137994E-02 9.42627952E-02 4.30386660E-02
18 11-1.51212972E-02-9.78580079E-02 9.76011960E-02-7.87689166E-04 2.09012249E-03
18 12-9.85421883E-02 2.82800246E-01-1.42576858E-01-1.66820559E-04-8.66233769E-02
18 13 2.60334255E-01-1.32133530E-01 1.76839913E-01 1.27986683E-01-1.92295628E-01
18 14-1.62184398E-01 9.05138336E-03 5.10085824E-03 3.66280718E-02 1.88048133E-02
18 15 6.06561944E-02 6.59750065E-02
19  1-7.68246848E-03 4.54242731E-02-2.86999592E-02 2.49426533E-03 5.08883619E-02
19  2-5.62722882E-02 5.97845014E-02-5.55235544E-03-1.06871749E-01-7.60209437E-02
19  3 4.17975892E-02 3.18266429E-03-5.74183935E-02-4.89458341E-03-1.52569724E-03
19  4 2.06143902E-01 2.31114818E-02 3.91647158E-02 3.39412425E-02 1.62725684E-01
19  5 2.28536503E-02 2.68850874E-02-5.85662265E-03 1.13040791E-02 1.45661764E-01
19  6 3.81991556E-02 2.27434623E-01-2.26136608E-03 1.34927585E-01 4.00044261E-02
19  7 1.64171630E-01-8.67125327E-03 6.39910943E-03 5.63214118E-02 5.95470190E-02
19  8 8.69523038E-02 4.14331073E-02 5.36525206E-02 5.04107955E-02 8.36222281E-02
19  9-1.23293582E-01-7.84357369E-02 4.02467780E-02 2.32516781E-02-5.50098202E-03
19 10 6.10542521E-03-1.31786080E-01-1.08743779E-01-2.18486326E-01 2.60923048E-02
19 11-1.19836020E-01-1.07540870E-01-2.10531031E-01-1.61215872E-03 2.92411619E-03
19 12 2.22045050E-02-5.11511585E-02 2.41602198E-02 6.73986654E-04 2.20878079E-02
19 13-4.33109710E-02 1.70407332E-02-3.22554951E-02-2.70577693E-02 3.23863434E-02
19 14 4.00804302E-02 1.23605157E-01 1.02322553E-01 9.76535910E-02 5.31523465E-02
19 15-8.60793924E-04 6.38098506E-03
20  1-9.25240441E-03 5.48674776E-02 3.59742154E-02 4.45686807E-02 5.54476302E-02
20  2-6.92776669E-02-7.57738468E-02-9.42332919E-02-1.15527415E-01-1.01174430E-01
20  3-4.35710027E-02-5.27040520E-02-6.16924538E-02-1.10481316E-02-2.44326534E-04
20  4-1.26366969E-01-1.41393195E-01 1.84598712E-01 1.00525161E-01-1.03467457E-01
20  5-7.34164437E-02 1.49703384E-01 1.21603910E-02-7.07473928E-03 1.28402251E-01
20  6 2.46110859E-01-7.59994044E-02-4.01183754E-02 1.47620615E-01 1.46076102E-01
20  7-5.73029377E-02 4.30876758E-03-7.79179753E-03 1.10190964E-01-1.06035438E-01
20  8 7.00881018E-02 6.89251547E-03 1.06848638E-01-1.13105325E-01 7.21643235E-02
20  9 7.93253251E-02 4.31706450E-02 4.62693409E-02 4.23996334E-02-3.66394878E-02
20 10 3.34846811E-02 1.06023246E-01 4.82076154E-02-1.11073783E-01 1.54176756E-01
20 11 1.03910133E-01 4.41943627E-02-1.09877995E-01 1.89029057E-02-1.36918485E-02
20 12-4.87296374E-02 8.87098657E-02-1.31984790E-01-9.15030500E-02-4.29325101E-02
20 13 8.99285318E-02-1.27322316E-01 1.00196539E-01 7.21022615E-02-3.78548258E-02
20 14 3.51553071E-03-3.82134698E-02-1.95762350E-02 7.06731806E-02 3.48337478E-02
20 15-7.07582218E-02-9.07444879E-02
21  1-4.29176687E-03 2.54625791E-02 5.08151388E-02-4.42454329E-02 4.68257421E-02
21  2-2.95923515E-02-1.07003147E-01 9.29627925E-02-9.95334355E-02-5.05127597E-02
21  3-6.91305613E-02 6.58858131E-02-5.66478973E-02-5.74005124E-03 1.57281577E-04
21  4-2.04115835E-01 2.54427974E-01 2.39691691E-02 4.06894251E-02-1.96124607E-01
21  5 2.32535167E-01 1.44300676E-02-1.40237245E-03 1.91239372E-03 1.14492221E-01
21  6-7.27123840E-02 8.87185803E-02 1.25922690E-03 1.29817552E-01-3.96591474E-02
21  7 5.79201308E-02 7.18562147E-03-6.34603813E-03 8.55809671E-03 1.74026569E-01
21  8-1.37950221E-02-2.83718790E-02 4.13459064E-03 1.66169630E-01-4.03254985E-03
21  9 1.35740794E-01 7.66069832E-02-2.07890467E-01-1.32673893E-01-1.97780266E-02
21 10 1.93622143E-02 4.31170882E-02-5.84329653E-02-4.83070192E-02 8.04882900E-02
21 11 4.44040745E-02-6.21040863E-02-4.87926549E-02-1.43102785E-03 1.76890937E-03
21 12-1.34758697E-02 5.48870273E-02 4.20793726E-02 1.89280871E-03-1.16937629E-02
21 13 5.88678713E-02 4.29175550E-02 5.89077628E-04-5.57619843E-04-2.79581465E-02
21 14-1.76879278E-02-3.56270914E-03 4.83325509E-03 7.53801571E-02 4.19393608E-02
21 15 7.98788732E-02 9.38350983E-02
22  1-2.37617361E-03 1.41196704E-02-9.11998187E-03-7.66866140E-03 3.11357852E-02
22  2-1.92604905E-02 2.01058326E-02 1.45281680E-02-6.46714238E-02-2.58280451E-02
22  3 1.09879671E-02 2.06308541E-02-4.39259062E-02-3.97184220E-03 3.55976543E-03
22  4 8.69212139E-02 4.72175176E-02 2.01995165E-03-1.82283532E-02 4.53400828E-02
22  5 6.95104777E-02 1.82131313E-02 4.42937370E-02-4.58194177E-02-7.10973561E-02
22  6-1.04651289E-01 5.51976501E-02-1.45811350E-01-5.03792282E-02-1.08653264E-01
22  7 6.41958825E-02-7.10129833E-02 6.10003629E-02-1.63200136E-01 5.04744310E-02
22  8 1.49298209E-01 3.23259337E-01-1.61324546E-01 4.92822133E-02 1.62398783E-01
22  9-5.87510511E-02-5.28981116E-02-6.32928410E-04 3.30961478E-02-6.71853429E-02
22 10 5.95439759E-02 2.81499238E-01-4.89253501E-02-3.30035241E-02 2.95208801E-01
22 11 2.92413491E-01-5.63882341E-02-3.45798894E-02 1.49694726E-02-6.10690623E-03
22 12 3.49752721E-03-6.74509939E-02-1.09558805E-01-8.97132363E-02 9.54676105E-03
22 13-5.72786318E-02-1.29661370E-01 2.95740325E-02 6.11777414E-03 4.78269954E-02
22 14 9.61788017E-02-1.51530765E-01-1.17980760E-01-8.51923008E-02-4.71383060E-02
22 15-7.58694710E-02-6.19845942E-02
23  1 1.10488413E-02-6.59008025E-02-3.85100446E-03-4.33473033E-02-1.80213881E-01
23  2 6.62398895E-02 9.16931186E-03 9.20213312E-02 3.84755245E-01 1.81597271E-01
23  3-5.28382358E-03 5.43447869E-02 2.19364129E-01 8.61615907E-03 7.05248134E-03
23  4-1.35903413E-01-1.38553788E-01-1.65412471E-01-9.99049093E-02-1.60588938E-01
23  5-1.26659282E-01-1.93576285E-01-4.73012701E-04-4.79652020E-03 1.06957651E-01
23  6 3.15650545E-02 5.47021621E-02 3.02302869E-02 1.12822689E-01 2.29163409E-03
23  7 9.39397875E-02-2.55413148E-02 2.11948521E-02 2.37201106E-02 3.50076816E-02
23  8 1.31717619E-01 1.21704066E-01 2.52775331E-02 3.24422634E-02 1.43566466E-01
23  9 1.08099639E-01 8.78137811E-02 5.91764404E-02 7.59838482E-02-7.09973568E-03
23 10 7.70961281E-03 2.11567972E-02-1.48443233E-01-5.64479926E-02 3.18625018E-02
23 11 2.90335826E-02-1.66221478E-01-5.60556612E-02-8.27803417E-03 9.96744604E-03
23 12 5.57199827E-02-5.31306775E-02-2.53686869E-02 3.02929476E-02 6.67376360E-02
23 13-4.95686151E-02-3.82412029E-02-1.82731149E-02-2.31937871E-02 1.97738772E-02
23 14 2.29287462E-02 1.49793186E-02 1.89586370E-02 7.58288488E-02 6.17451892E-02
23 15-4.39859983E-02-3.66702205E-02
24  1-1.75694289E-03 1.03483123E-02 1.19401726E-02 2.59103388E-02 3.18023852E-02
24  2-1.74580993E-02-2.52518633E-02-5.60170716E-02-6.72699489E-02-7.44081241E-03
24  3-2.15080170E-02-4.13403314E-02-5.70114897E-02 8.05645774E-03-1.79234000E-02
24  4 1.35377065E-02-2.36967727E-02 6.01285299E-02 6.61768742E-03-5.83132484E-03
24  5 4.71559857E-03 1.58715797E-02 1.17507403E-02-6.91770904E-03-6.49663106E-02
24  6 6.47296907E-02-8.93398477E-03-7.66068247E-02 9.87281900E-03 2.63035659E-02
24  7-2.89810895E-02 3.12460726E-03 4.97565832E-04 5.67499780E-02-8.46968411E-02
24  8 8.29815024E-02-2.30710589E-02 6.71965913E-02-1.09753422E-01 1.14758775E-01
24  9-2.91138982E-02-3.92511596E-02 8.40911738E-03 3.36543627E-02-3.52910126E-02
24 10 3.31503458E-02 8.16856454E-02-1.76515805E-01 6.79544170E-02 1.59075568E-01
24 11 8.35165020E-02-2.08834934E-01 8.21414163E-02-8.00395761E-02 7.12463346E-02
24 12 2.34666977E-01 1.71241722E-01 2.19579715E-01 3.52632163E-01 2.71080828E-01
24 13 1.97142206E-01 2.31256834E-01-1.18774488E-01-1.03658708E-01-9.26550977E-02
24 14-1.01685822E-01-3.90063673E-02-5.45030748E-02-5.90262314E-02-4.31996740E-02
24 15-1.82649449E-02 5.18000335E-02
25  1-2.47254849E-03 1.45475535E-02 7.67067954E-02 7.58390815E-02 3.88892067E-02
25  2-2.33226724E-02-1.63934895E-01-1.63939965E-01-8.30287226E-02-1.66461814E-02
25  3-1.33599982E-01-1.21348274E-01-6.70373769E-02 2.93598557E-02-3.06590551E-02
25  4-3.32362258E-02-4.26532528E-02 1.16566349E-01-1.66666590E-01-4.39415593E-02
25  5-5.83521496E-02 1.13238144E-01-5.73039169E-04-9.83504151E-03 1.44891663E-01
25  6-5.67520851E-02-1.00232361E-01 7.02930075E-02 1.30635890E-02-4.88388942E-02
25  7-1.62621759E-02-4.99715215E-02 4.53117406E-02-1.70480520E-01 8.90746783E-02
25  8 1.24797756E-01 2.12051768E-01-1.91536378E-01 1.10265543E-01 1.37427476E-01
25  9-6.65770146E-03 2.55626107E-02-2.41826226E-02-1.63619502E-02 3.70000632E-02
25 10-3.28892630E-02-1.70206002E-01 7.15923838E-03 1.99932021E-01-1.67569743E-01
25 11-1.74576657E-01 8.88046423E-03 2.29308763E-01-1.86380459E-02 1.63924741E-02
25 12 1.52820573E-01-9.74770053E-02-9.47613682E-02 9.47211814E-02 1.78473215E-01
25 13-1.15335425E-01-1.24160909E-01-3.24419070E-02-2.55485788E-02 2.01078711E-02
25 14-4.21288583E-02 7.75369670E-02 6.31349146E-02 1.01239871E-01 1.18392487E-01
25 15-8.02030457E-02-7.18244363E-02
26  1-8.53169908E-05 5.01606270E-04-1.45900227E-01-1.79059659E-01 6.75805887E-02
26  2-4.24728904E-03 3.14024712E-01 3.84894343E-01-1.44404023E-01 8.43957029E-03
26  3 2.65203089E-01 3.29137502E-01-1.31253921E-01-4.09295272E-03 2.01084438E-03
26  4-5.77382899E-02-8.16440199E-02 1.91773079E-02 3.46561603E-02-9.82566109E-03
26  5-3.88712949E-02-1.05993363E-02 2.23103391E-02-2.27196245E-02 6.06304737E-02
26  6 2.07234243E-02-8.75817150E-02-1.11013871E-01 1.27104214E-02 8.51242231E-02
26  7-4.17468147E-02-1.44422595E-02 1.54458437E-02-5.94771552E-02 4.28148109E-02
26  8 6.65776131E-02 4.48702219E-02-7.73702783E-02 5.33858180E-02 7.68925283E-02
26  9 5.33007537E-02 7.46170529E-02 4.08762525E-02 3.08626351E-02 6.97857369E-03
26 10-9.11266181E-03-4.43120566E-02 1.73308648E-01 1.73522520E-02-1.23009987E-02
26 11-4.38898644E-02 1.98139773E-01 3.61882530E-02-1.67916906E-02 1.64188291E-02
26 12 1.35184633E-01 7.26792534E-02-2.22657354E-02 6.80886777E-02 1.61338842E-01
26 13 8.21216197E-02-2.95482836E-02-1.40575954E-02-9.95205180E-03-2.34523073E-02
26 14-1.48654252E-02 1.72453663E-02 8.20204423E-03 2.48302850E-02 5.63837828E-02
26 15-3.62731040E-02-1.86028627E-02
27  1-6.43203535E-05 4.31774589E-04-1.91079723E-01 1.80207053E-01-3.35646527E-02
27  2-4.03618428E-05 4.11182726E-01-3.87903268E-01 7.25376488E-02-5.09650095E-03
27  3 3.54009415E-01-3.29607041E-01 6.35352899E-02 9.14900463E-04 4.47891513E-03
27  4-9.43256592E-02 7.16429716E-02-1.48084344E-02-3.64045952E-02-4.93763307E-02
27  5 3.35111428E-02 1.93368120E-02-6.07289970E-03 2.24369833E-03 3.28483927E-02
27  6-2.36923855E-02 2.91015854E-02 4.35589164E-02-3.10078211E-02-1.97235554E-02
27  7 2.14116863E-02-5.96557791E-03 9.15561432E-03-1.03014989E-01 5.20414427E-03
27  8-4.19550583E-03 4.52180259E-03-1.21215835E-01 1.24882975E-02-7.44231727E-03
27  9 8.21393228E-02 1.02453028E-01-8.50099658E-02-9.45037135E-02-2.38284950E-04
27 10 2.94860820E-03 1.52605424E-02 5.19096828E-02-6.93874276E-02-1.12968644E-02
27 11 2.37485336E-02 5.88193107E-02-8.52177405E-02-6.15379751E-03 6.70871983E-03
27 12 2.84325028E-02 5.53292560E-02 2.59180798E-02 1.97228161E-02 3.35110057E-02
27 13 6.53033281E-02 2.79549141E-02-6.39993763E-03-4.25194837E-03-1.38025322E-02
27 14 5.03673526E-03 3.02742976E-03 9.86234246E-03 4.58158876E-02 7.85887791E-02
27 15-8.23074804E-03 1.32757858E-02
28  1 1.83574348E-04-8.35281341E-04 1.08921015E-01 7.85908091E-04-6.92631534E-02
28  2 5.80335449E-03-2.34761847E-01-1.80645370E-03 1.50328569E-01-2.29444081E-02
28  3-1.98269258E-01 5.98994640E-03 1.39842235E-01-6.97830466E-03 1.83672060E-02
28  4 6.36277570E-02-1.83205131E-02-4.97215892E-02-1.98958586E-02 5.58541926E-02
28  5-2.17763505E-03 4.19327629E-02-9.32519895E-03 2.10712240E-03 4.08815830E-02
28  6-4.86858466E-02 5.39135756E-02 7.55668332E-02-4.02123567E-02-3.41384267E-02
28  7 2.59795333E-02-1.10078276E-02 1.51133183E-02-2.24264626E-01-2.16361238E-02
28  8 3.37766487E-02 8.30241531E-03-2.66402186E-01-2.63294401E-02 3.91944018E-02
28  9-3.16655368E-02-6.34472423E-03 4.91258026E-02 3.63014138E-02 3.71911675E-03
28 10 4.54699654E-05 8.19157431E-03 2.68208235E-01-1.96562682E-01-3.30407441E-02
28 11 1.64597273E-02 3.09374633E-01-2.36815900E-01-1.53756514E-02 1.70640771E-02
28 12 2.23503339E-02 1.94774909E-01 1.29821740E-01 4.59455406E-02 2.59734138E-02
28 13 2.26531428E-01 1.46568980E-01-1.40223772E-02-8.75167641E-03-4.16647398E-02
28 14 1.19419458E-02 9.27580901E-03 1.09826382E-02 5.52095681E-02 7.50256047E-02
28 15-3.05442747E-02 5.86115666E-02
29  1 5.89367492E-04-3.30291658E-03 2.86330121E-02 8.56832212E-03-2.40088808E-02
29  2 1.60092163E-02-6.26189794E-02-1.66008828E-02 4.98101256E-02-2.60392704E-02
29  3-5.04738498E-02-2.55676379E-02 6.80864487E-02-1.95068419E-02 2.16195398E-02
29  4 3.71910889E-02 7.27047275E-02-5.51103652E-02 1.06398659E-01 4.92965882E-02
29  5 5.40709309E-02-2.50482711E-02-1.05182085E-02 1.83246844E-02-4.10711328E-02
29  6-2.28798431E-02 4.22916382E-02 1.54800092E-02-1.23989417E-02-2.31006994E-02
29  7-1.22340258E-02 1.31924719E-02-1.49877888E-02 7.53555454E-02 1.16538275E-02
29  8-2.44068842E-01-2.65135450E-02 9.35902092E-02 2.14949952E-02-2.81510622E-01
29  9-7.95887904E-03-2.29909240E-02-1.70731219E-02-4.33488352E-02-1.64732055E-03
29 10 6.77900476E-03 3.26917938E-02 3.56026451E-02-1.21165311E-01-1.29217868E-02
29 11 2.82640746E-02 2.46576603E-02-1.45286303E-01-3.29327076E-03 5.59261119E-03
29 12 3.47298301E-01 1.70889131E-02-2.65153730E-01-1.00383168E-02 4.12791925E-01
29 13 3.20277797E-02-3.00686308E-01 5.38568532E-03 9.59897800E-03-1.91898883E-02
29 14 7.54600311E-02-5.29183248E-03-2.04707076E-02-1.99017111E-02-2.75536330E-02
29 15 5.03735011E-02-6.28059945E-02
30  1-3.66692320E-04 2.16190238E-03 9.79902379E-03 5.28798865E-02-3.44412983E-02
30  2-8.81541991E-03-2.03665235E-02-1.15851108E-01 7.57714533E-02 1.38862249E-02
30  3-2.58263247E-02-9.42418553E-02 5.32419803E-02-1.68694043E-02 1.83872316E-02
30  4 3.27064869E-02 5.15775484E-02-5.27260815E-02 1.12667562E-01 1.90673110E-02
30  5 1.19023725E-02-5.99685531E-02 2.70852838E-03 1.88452259E-03-9.31157217E-02
30  6-5.31764304E-02 2.03521322E-02-6.11819793E-03-2.47482839E-02 6.14790337E-02
30  7 6.89198276E-02 6.31186492E-03-4.04741471E-04 2.86629085E-01 2.12936548E-01
30  8 2.50236053E-01-6.05166826E-02 3.27245553E-01 2.55180078E-01 2.86712341E-01
30  9-1.41186926E-02-6.17039597E-02-9.07917190E-03-4.70078102E-02-9.35804620E-03
30 10 2.02560866E-04-2.79526465E-02 2.41786654E-01 4.77433647E-02 9.83691874E-02
30 11-3.63955142E-02 2.77149402E-01 7.73911675E-02 1.58335311E-03 4.23688923E-04
30 12 3.25954110E-02 3.68741334E-02-1.97924559E-02-1.56171870E-02 4.68414923E-02
30 13 4.36867944E-02-2.42130985E-02 8.98750105E-03 1.86141146E-03 4.32238159E-03
30 14 9.49459220E-03-1.24206495E-02-7.24526801E-02-1.16995004E-01-1.62731461E-01
30 15 1.43758252E-02 3.27098859E-02
 $END   
 $GRAD  
E=     -762.3114847761  GMAX=   0.0194749  GRMS=   0.0051911
CL          17.    1.5106755208E-04    1.2043063988E-04    1.5404497128E-03
C            6.   -1.5946319867E-03   -3.8059658902E-03   -7.7198008531E-03
C            6.   -1.5089505130E-03    1.2952472881E-02    1.9474901340E-02
O            8.   -1.6953583163E-03   -5.3098552005E-03   -8.2060317498E-03
H            1.   -1.7122763494E-04    3.9573149557E-04    7.1965149889E-04
H            1.    2.3328795155E-04    4.2317888235E-04    2.0049063348E-04
O            8.    8.2554360589E-03    2.9483872301E-03   -3.6437528849E-03
O            8.   -7.7654009874E-05   -1.4022425916E-03   -2.1944261611E-03
H            1.    9.6866032557E-05    5.2457916040E-04    3.0132118003E-04
H            1.   -2.7297800629E-03   -4.6076783396E-03    6.2862763278E-03
H            1.   -1.4971503034E-03    2.3181931559E-03    2.2161664804E-03
H            1.    7.8939752679E-04   -6.2242466809E-03   -1.0087968827E-02
H            1.   -2.5130226933E-04    1.6670153712E-03    1.1127233484E-03
 $END
-------------------- DATA FROM NSERCH=   4 --------------------
 COORDINATES OF SYMMETRY UNIQUE ATOMS (ANGS)
   ATOM   CHARGE       X              Y              Z
 ------------------------------------------------------------
 CL         17.0   3.1019552114   0.6975697963   0.4158938379
 C           6.0   2.7582492956   0.1329755778  -1.3552831273
 C           6.0   3.3662937736   1.1181679057  -2.3224470179
 O           8.0   2.6747980061   2.3238503426  -2.3103962615
 H           1.0   1.6746809392   0.1191457094  -1.4429377000
 H           1.0   3.2084114039  -0.8494597753  -1.4485397586
 O           8.0   3.2267337003   0.4722934897  -3.6787050141
 O           8.0   3.7622688985   2.8044269531  -4.5421650799
 H           1.0   3.1842407901   3.1474579993  -5.2601552424
 H           1.0   3.6473840680   1.7886326226  -4.4851196441
 H           1.0   2.2532852770   0.4042326260  -3.8596154610
 H           1.0   4.4559955714   1.1507632666  -2.2552385896
 H           1.0   3.0750594656   2.8579861600  -3.0982555929
--- CLOSED SHELL ORBITALS --- GENERATED AT 10:08:37 30-JUL-2026    
Chloroacetaldehyde hydrate and water                                            
E(R-WB97X-D)=     -762.3125753196, E(NUC)=  315.3379500057,    8 ITERS
 $VEC   
 1  1 9.85802881E-01 5.34276216E-02-2.01158355E-05-3.78536874E-05-1.71749869E-04
 1  2-1.87615368E-02 5.95709085E-05 1.16460399E-04 6.43345972E-04 1.02582695E-02
 1  3-2.32437088E-04-4.47777800E-04-1.79170069E-03-2.95167863E-05-4.07007283E-04
 1  4-1.18241617E-06-1.57282359E-05-1.47875626E-04 7.56579086E-04-1.18208660E-05
 1  5 3.44407322E-04-1.44592824E-03 7.62820054E-05 6.16369370E-04-2.07800519E-05
 1  6 1.60246283E-05 3.45747477E-04-1.93928837E-03 6.22947727E-04-7.98891480E-07
 1  7-1.74113355E-03-1.87363050E-05-1.38660675E-04-1.66333201E-05 1.92624222E-05
 1  8 1.22474968E-05 6.34196986E-04 1.41885544E-04-2.98748120E-04 1.57793233E-04
 1  9 1.55261452E-04-8.52547032E-04 2.09755296E-04-7.54397497E-04 1.22793306E-05
 1 10 1.21840566E-04 1.94134997E-05 1.03681286E-05 4.50426590E-05-4.60364690E-04
 1 11-1.05559822E-04-8.40537616E-05-2.27503297E-04-1.48681624E-06-8.31746755E-06
 1 12-4.20925674E-07-1.42894279E-06 2.73096014E-05 6.80764771E-05-2.87051957E-06
 1 13-1.72697050E-05-8.27339479E-05-3.53156278E-05 3.04666345E-05 4.31625918E-05
 1 14-2.48668085E-04-2.36076857E-05-2.22090422E-05 2.34137492E-04-2.49464807E-04
 1 15-2.58321989E-05 3.10307272E-05
 2  1-8.75598297E-06 5.72450660E-05 1.39123219E-05 3.64024903E-05-5.61839934E-05
 2  2-9.86101214E-04-7.86668211E-05-2.14167673E-04 4.01167218E-04 1.64244341E-03
 2  3 2.34560662E-04 6.83071179E-04-1.61044095E-03 2.51267876E-04 7.79745917E-04
 2  4-2.75982398E-04-2.64122982E-04 9.55979303E-04-7.96982862E-03-9.64035372E-04
 2  5-2.42881774E-03 3.35230626E-03-1.18396537E-03-5.19574171E-03-1.37919902E-04
 2  6 6.57183965E-05-1.33303900E-03 2.54078470E-02-4.46478198E-03-5.93134575E-03
 2  7-8.29934205E-03 7.01035873E-03 2.14571338E-03-9.25413612E-05-3.59669448E-04
 2  8-3.36171410E-04-5.41543114E-03-3.71147031E-04 3.61251203E-03 2.15434626E-03
 2  9 9.46650617E-04-9.10982303E-04 3.28138232E-04 2.11518357E-05 9.82579008E-01
 2 10 1.04833920E-01-1.98132827E-03 1.88127845E-03 1.97767819E-03-5.02046781E-02
 2 11 3.68506357E-03-6.02030973E-03-7.29772888E-03 6.39416834E-03 1.94773055E-03
 2 12 1.07251253E-04-5.86973844E-04 4.46785733E-05-4.11071202E-03-1.84133022E-04
 2 13 3.07929852E-03-3.21081320E-04 3.58415959E-04-1.33766938E-03 6.62682485E-04
 2 14 6.38915392E-03 3.53732422E-03 4.58968943E-03-1.73040341E-03-1.62585061E-03
 2 15 4.57431597E-04-1.12572526E-03
 3  1 6.94883647E-06-5.49296662E-05-2.22712873E-05 2.07772511E-05 4.42554872E-05
 3  2 5.01877204E-04 1.54001851E-04-1.07640270E-04-2.60675372E-04-6.59553512E-04
 3  3-7.15222504E-04 4.87245772E-04 4.08894875E-04 2.09516632E-04 7.41250060E-04
 3  4-5.95285574E-04-5.75391613E-04 4.76099388E-04-6.68844093E-03 3.85484707E-03
 3  5-4.25768946E-03 2.50219719E-03-9.32521079E-04-3.82247741E-03-2.58098661E-04
 3  6 2.14908680E-03-1.59565736E-04 2.41313533E-02-1.18777416E-02 8.76959580E-03
 3  7-1.20689003E-03 9.82026238E-01 1.05618975E-01 2.76591379E-03-1.93098667E-03
 3  8-2.03332865E-03-5.43689987E-02-7.70370100E-03 7.89953470E-03 5.18822464E-03
 3  9 1.01134052E-03 2.09407913E-03-5.51594855E-04-3.70060249E-04-6.84748133E-03
 3 10 7.21525651E-04-3.02108645E-04 4.13858375E-04 1.54057811E-04-4.63658765E-03
 3 11 1.70334072E-03-3.13679599E-03-2.35604215E-03 3.60747539E-02 4.90547810E-03
 3 12-2.23911130E-04 1.12710663E-05 6.81533384E-04-4.09508156E-03 9.15922913E-04
 3 13 7.21395445E-05-2.81527706E-03 2.61970083E-04-6.92597689E-04 4.42089851E-04
 3 14-4.11159456E-04 8.33233124E-04-1.21389462E-03-6.54597917E-04 9.50492973E-04
 3 15 3.13227005E-03 8.18824158E-03
 4  1 1.14925882E-07-5.05615721E-07 1.04365408E-05-4.20792993E-06 2.47775673E-07
 4  2 1.26700438E-05-5.44599235E-05 1.92473251E-05 1.71977503E-06-5.73345070E-05
 4  3 9.44375515E-05-2.19119920E-06 3.33913203E-05 6.62389484E-06 1.41468971E-04
 4  4-3.18087972E-05 1.13336405E-04-1.28620610E-04-2.53200487E-05 1.19656842E-04
 4  5-1.77713098E-05 1.02269102E-04 1.20642280E-04 7.17241049E-04 4.51170113E-05
 4  6-1.11410369E-04-7.83201708E-05-2.67213519E-03 7.51689215E-04-9.45899681E-04
 4  7 6.83759063E-04-3.58773175E-02-2.66598924E-03-2.71312774E-05 5.73893085E-04
 4  8-1.95885486E-04-1.70062375E-03-3.18893276E-04-2.57999624E-03 1.67168166E-03
 4  9-4.21059596E-05 3.34393069E-04 6.03612352E-05-1.99749449E-04-5.87972205E-03
 4 10 4.97961749E-04 3.49484891E-04 5.20586729E-04-5.65421032E-04-2.12111404E-03
 4 11-1.27787333E-03-2.19661887E-03 2.30154657E-03 9.81742359E-01 1.03184388E-01
 4 12-2.21404793E-03-1.72920655E-03-1.09159754E-03-4.47393078E-02 4.68263780E-03
 4 13 4.60642819E-03 1.63333187E-03 3.01791433E-03 5.65975333E-03 2.42208801E-03
 4 14 1.08401539E-02 5.62848643E-04-1.48591584E-03 3.79130221E-04-7.17871261E-04
 4 15 1.20640093E-04 6.38549570E-03
 5  1 7.56096636E-05-9.83963889E-05-1.42957349E-06 4.60730871E-05-2.09043222E-04
 5  2-2.16689807E-03 2.15873992E-05-3.01729298E-04 1.41903637E-03 2.90609522E-03
 5  3-5.79146661E-04-1.55683422E-04-2.20962508E-03-9.91598752E-03-4.24352211E-03
 5  4-2.32457391E-04-2.95149693E-04 5.48007264E-05 2.64827259E-02 6.91242627E-03
 5  5 1.00715928E-02-1.27534060E-02 9.86613558E-01 1.10947405E-01-2.71571982E-04
 5  6-9.59498542E-04-2.04163426E-04-8.67713207E-02 2.90271702E-03 1.17261883E-02
 5  7-4.28884933E-03-3.71557133E-05-4.23052654E-04 3.63554267E-04 2.04695404E-04
 5  8-1.92240918E-04 7.72858046E-03-5.97985801E-04-3.39319617E-03 1.05725081E-03
 5  9-1.54326973E-03 1.43753905E-03-1.66007225E-03 1.17461598E-03-2.44775278E-04
 5 10-1.21683573E-03-5.89099321E-05 3.20729900E-04 1.65158610E-04 1.07999918E-02
 5 11 7.37929951E-04 1.19043209E-03 5.77093165E-03 5.21130510E-05 4.24186437E-04
 5 12 1.03550485E-05 1.12432275E-04-1.02973045E-04-1.64344336E-03 1.50920866E-04
 5 13 1.08598021E-05-5.01529604E-05 4.93104729E-04-7.90697048E-04-3.97093474E-04
 5 14 2.39494576E-03-6.09910629E-04 3.51704198E-03-1.58418985E-04 1.65187659E-02
 5 15-6.15498180E-05 3.30175396E-03
 6  1-2.39556154E-05-1.69737411E-04 6.37375332E-05 1.01564069E-04 3.29866373E-04
 6  2-2.16084777E-03-3.78083509E-04-6.00837595E-04-1.87478800E-03 1.29007466E-02
 6  3-1.24717205E-03-2.08305368E-03-8.63580783E-03 9.86472896E-01 1.11855634E-01
 6  4 3.21883218E-04 5.82999233E-04 1.10053205E-03-8.97231449E-02-3.03992648E-03
 6  5-5.26197517E-03 2.39368289E-03 9.25679523E-03-1.77382563E-03 2.97528483E-04
 6  6 3.20256462E-04-1.05235659E-05 2.27593310E-02-5.69369719E-03-9.19221266E-03
 6  7 8.79420234E-03 3.71898526E-05 5.52558564E-07 4.53895768E-05 5.25022277E-04
 6  8-3.72017438E-04-1.32820016E-03-2.07941597E-04-5.40907141E-04 7.94844112E-04
 6  9-7.81556691E-05 1.55406097E-02-1.58866024E-04 1.54707778E-02 1.33621923E-05
 6 10-1.87189273E-04 2.35922319E-04 2.05225679E-04-4.81606385E-04-8.09431366E-04
 6 11-7.03420325E-04-6.59962213E-04 3.12404286E-04 2.49355238E-05 1.98778535E-04
 6 12-5.41906474E-05 3.18827805E-05-1.02753475E-04-8.34109682E-04 2.40726969E-04
 6 13 8.68380131E-05 2.61541077E-04 3.27895773E-04-3.43934552E-04-9.55573068E-05
 6 14 1.58676089E-03-5.71229012E-04 1.15337219E-04-1.28290480E-03 1.03998868E-03
 6 15 4.97896626E-04 1.32468935E-03
 7  1-3.05122542E-01 9.77075438E-01-1.59853607E-03-2.85309980E-03-8.43469405E-03
 7  2 1.54236036E-01-6.30052220E-04-1.17901683E-03-5.16491221E-03-6.76598389E-02
 7  3 1.66994774E-03 3.14840706E-03 1.19930164E-02-2.17493600E-05 1.63650294E-03
 7  4-6.48489616E-05-9.56721371E-06 4.53682104E-04-2.26689949E-03 4.39293068E-04
 7  5-1.47858144E-03 9.60865902E-03-3.64146333E-05-3.22293795E-03 1.27106358E-04
 7  6-1.15042385E-04-1.97674521E-03 1.04145028E-02-3.64449219E-03 1.41185539E-04
 7  7 1.00897509E-02 9.53558656E-05 6.70640850E-04 7.03395232E-05-1.08511529E-04
 7  8-5.11052917E-05-3.45406147E-03-7.51603031E-04 1.68776558E-03-9.14906762E-04
 7  9-9.91957156E-04 5.14115314E-03-1.30371267E-03 4.53217116E-03-7.25908120E-05
 7 10-6.68028497E-04-9.81870257E-05-4.02961777E-05-2.59706487E-04 2.80158462E-03
 7 11 5.94717410E-04 4.70067606E-04 1.51831292E-03 8.75784779E-06 5.23988821E-05
 7 12 3.38635020E-06 1.65859219E-06-1.33517360E-04-4.12892872E-04 9.53248884E-06
 7 13 1.30227419E-04 4.39743847E-04 1.89777288E-04-1.94651268E-04-2.33795189E-04
 7 14 1.48356287E-03 7.06484274E-05 2.94587920E-04-1.27955219E-03 1.68275452E-03
 7 15 1.04809701E-04-1.59939483E-04
 8  1-3.21881956E-03 1.08966853E-02 1.73300290E-01 2.85944545E-01 9.11286705E-01
 8  2-3.15494497E-03 1.58617399E-02 2.62207926E-02 8.48284728E-02 4.64925563E-03
 8  3-5.10986593E-03-8.63587672E-03-2.91401190E-02-6.92561643E-04-4.38372402E-03
 8  4-2.28610571E-05-1.18339275E-04-4.32090074E-04 9.22164806E-03 1.14926921E-03
 8  5 3.19830389E-03-3.02462447E-03 3.74232576E-04 2.71360377E-03-1.32794910E-05
 8  6 8.28550851E-05 9.26623433E-04-1.07475061E-02 2.41367643E-03 1.02454542E-03
 8  7-8.22319999E-03-6.69894969E-05-3.99653644E-04-8.87770983E-05-5.52609656E-05
 8  8 7.61871183E-05 2.41077525E-03 6.97222407E-04-8.70794549E-04 4.65344982E-04
 8  9-2.54025962E-04-4.00554016E-03-4.23827591E-05-3.56159942E-03 3.06810468E-05
 8 10 2.43712366E-04 7.80065157E-05 1.07833451E-04 1.36092329E-07-1.45174723E-03
 8 11-4.28567932E-04-5.99920306E-04-2.43838768E-04-6.61528287E-06-3.84273074E-05
 8 12 5.24638371E-06-1.87205997E-05 9.01272319E-05 3.11390416E-04-3.77477927E-05
 8 13-1.81885180E-05-2.94634378E-04-1.47355409E-04 1.39827237E-04 2.17440167E-04
 8 14-1.04460889E-03-3.14489790E-04 4.18332028E-04 1.01713325E-03-4.58408227E-04
 8 15-1.53931113E-04-1.83661138E-04
 9  1 4.69395629E-06-6.11667689E-05 6.83636554E-01 6.10799196E-01-3.21479973E-01
 9  2 4.14234692E-04 6.13016843E-02 5.48018816E-02-2.93090280E-02 2.69933838E-04
 9  3-1.92031943E-02-1.72658728E-02 8.96628585E-03 1.66645611E-05 1.03731044E-04
 9  4-4.64089732E-05 6.12798284E-05 5.21793769E-04-5.78159032E-04 9.16075353E-04
 9  5-7.06096186E-04-2.30001054E-03-1.02767664E-04-1.05207186E-03 4.81710107E-05
 9  6-1.44224447E-04-9.34816652E-04 1.15155626E-03-7.18851877E-04 2.12477941E-03
 9  7 5.06016742E-03 3.21755215E-05 1.69244944E-04 8.19392471E-05 2.28883700E-05
 9  8-6.37317731E-05-1.33884290E-03-6.05969802E-04 4.06630977E-04-3.22927194E-04
 9  9 6.11725511E-04-1.69099696E-03 4.29142073E-05-1.09211860E-03-5.24596181E-05
 9 10-3.80117929E-04-9.12087432E-05-9.90352006E-05-7.81661927E-05 1.97228274E-03
 9 11 4.92041357E-04 6.66629815E-04 9.32208729E-04-1.23904555E-06-1.65769535E-05
 9 12 1.18123383E-05 1.23895606E-05-4.18020067E-05-2.64717647E-05-3.59709115E-05
 9 13-1.65380659E-05 1.54039950E-04 3.94184669E-05-3.51597713E-05-6.98034963E-05
 9 14 3.58186032E-04-1.35231974E-05 5.22916825E-04-8.71410137E-04 1.81030035E-03
 9 15 1.36216550E-04-1.50820636E-04
10  1-4.05787706E-05 1.24886749E-04-6.68183872E-01 6.99241758E-01-9.22986995E-02
10  2 5.98190569E-05-5.97524870E-02 6.25790905E-02-8.37352540E-03 1.60301006E-04
10  3 1.81955675E-02-1.92803925E-02 2.50266795E-03 6.38690150E-07 2.50003031E-05
10  4 4.77582986E-05-6.61267694E-06 1.34197269E-04 1.88849189E-04-1.34599568E-03
10  5 1.15159396E-03-8.32113029E-04-4.21356729E-05-5.30206163E-04 1.74234696E-05
10  6-1.96964203E-04-1.64357980E-04 1.20252915E-03 9.49070298E-04 7.91181539E-04
10  7 6.48104056E-04 1.60632604E-07-8.45707781E-05 4.90833485E-05 8.91994590E-05
10  8-3.39030289E-04-2.16755973E-04-3.28702669E-04-2.20420304E-04 9.75389976E-04
10  9-6.19181915E-04 1.39443380E-03 7.66343099E-04-1.89790009E-03-1.27668998E-05
10 10-1.17256788E-04-2.65484493E-05 3.80116921E-05-4.84118003E-05 4.47629698E-04
10 11 4.27394544E-05-1.20894581E-04 2.40633100E-04 7.60332522E-06 6.54426844E-05
10 12-5.65504858E-07-8.29184457E-06 2.11702414E-05-2.07718113E-04 1.52118485E-05
10 13 6.23859733E-05-9.66287993E-05 1.49151802E-05-7.55678452E-05-3.57134724E-05
10 14 2.56777113E-04 9.82250825E-05-2.10759921E-04 7.58815991E-05-1.45232575E-03
10 15 2.46523330E-04 3.03907957E-04
11  1 1.86380814E-03-1.05687508E-02 3.26835500E-04 1.48428620E-04 3.42999410E-03
11  2 1.45479712E-02-5.84644709E-04-2.04121384E-04-6.91508009E-03 3.39878027E-03
11  3 1.27354710E-03 7.54928643E-07 2.56672943E-03-2.51759068E-02 2.26684391E-02
11  4 7.14376722E-03 1.64819771E-02-1.92871637E-02 5.08499098E-02-1.22504212E-02
11  5 1.03460013E-02-4.10145217E-03-9.93146940E-02 1.08032010E-01-4.07469386E-02
11  6 2.85827864E-02-4.27674115E-02 1.57384057E-01 1.43646159E-02-1.14178193E-02
11  7-2.53176242E-03-1.33357602E-01 1.19807578E-01 4.78721098E-02-4.32308212E-02
11  8-3.40656515E-02 4.08736133E-01 5.26067911E-02-4.62652279E-02-4.49065909E-02
11  9 5.99110274E-03-5.80458327E-03 8.15062109E-03 8.57815715E-04-1.50727048E-01
11 10 1.37860423E-01-4.55602346E-02 3.15003443E-02 3.98600715E-02 4.57766987E-01
11 11-4.99092280E-02 4.45230570E-02 4.16678203E-02-4.50760404E-02 3.93770570E-02
11 12-1.38567706E-02-1.37635226E-02-2.39063914E-03 1.39594228E-01-1.66976784E-02
11 13-1.71400013E-02 4.49602635E-03 1.80090986E-02 6.67307079E-03 3.46134966E-02
11 14 6.29240393E-03 6.85856121E-02 1.13447195E-02 2.68332428E-02-1.28620293E-02
11 15 5.41342381E-02 4.28894000E-03
12  1-1.27501232E-03 7.25736348E-03-3.57614172E-04 1.08625207E-04-1.52302397E-03
12  2-7.28022063E-03 8.55345081E-04 3.37046260E-04 1.67117622E-03-5.50116239E-03
12  3-2.17888544E-03-3.08591826E-03 1.92617375E-03 4.07738952E-04 3.78563390E-05
12  4 1.81838264E-03-8.60506618E-03-7.06614186E-03 1.07427208E-03 8.78615321E-03
12  5-1.70057228E-02-1.33313962E-02 1.70958331E-02-1.55150651E-02 2.98240622E-02
12  6-9.82561294E-02-5.09274544E-02-2.72275971E-02-7.93537942E-03-4.47319946E-03
12  7-2.05334783E-03 1.57839381E-01-1.45434568E-01-5.28284649E-02 2.54527950E-02
12  8 3.45059139E-02-4.97673229E-01-5.98215923E-02 3.26373247E-02 3.68826328E-02
12  9-1.42314448E-04 3.07167031E-03 1.02235672E-04-3.37475800E-03-1.65691756E-01
12 10 1.54678409E-01-5.78490184E-02 1.24459599E-02 2.35168668E-02 5.25905526E-01
12 11-5.23133799E-02 1.81833721E-02 3.70549367E-02 4.77209481E-02-4.28161132E-02
12 12 1.56008454E-02 4.13588909E-03 5.19287964E-03-1.52464172E-01 1.67874074E-02
12 13 7.39188436E-03 1.33905017E-03-2.38615569E-02-6.69786119E-03-5.32795570E-03
12 14 6.30697567E-03 8.88002170E-02 1.54510893E-02 6.15656451E-04 9.32681183E-03
12 15-7.13903929E-02-1.47867155E-02
13  1-1.64859174E-03 9.41810234E-03-3.22115884E-04-1.99650726E-04-2.38399691E-03
13  2-1.21677371E-02 6.75339318E-04 4.72172313E-04 4.66838153E-03-5.54163061E-03
13  3-9.89501140E-04-8.42876518E-04-2.14644225E-04 1.14382709E-02-1.21545547E-02
13  4-2.43440183E-03-8.40717479E-03 4.93488642E-03-1.22640149E-02 8.23154202E-03
13  5-1.53317422E-03-6.14704948E-03 3.26181512E-02-3.67785635E-02 1.98331028E-02
13  6-2.70920164E-02-3.13478059E-03-6.11903154E-02 3.80241848E-03 1.39375492E-02
13  7-1.43562807E-02 6.56728678E-02-6.02211236E-02-2.06871985E-02 2.33721152E-02
13  8 7.10282327E-03-2.10251705E-01-2.48631111E-02 2.16761753E-02 1.08077940E-02
13  9-3.96141043E-03 2.37484068E-03-4.38400175E-03 2.71238140E-05-1.51880632E-03
13 10-1.92882599E-04 2.76453003E-03 3.78809587E-03-1.17501750E-02 9.50564169E-03
13 11 4.90218198E-03 6.34951371E-03-1.22583174E-02-2.19353867E-01 2.04307344E-01
13 12-6.39043342E-02-4.24935189E-02-5.05314033E-02 6.80039633E-01-6.51786844E-02
13 13-4.93396781E-02-4.57574543E-02 1.14842794E-01 2.54883131E-02 9.90184992E-02
13 14 1.41522038E-02-1.23243722E-03 4.02046546E-03-9.39829135E-03 6.04017869E-03
13 15-1.51649008E-03 9.12222733E-03
14  1 6.33924915E-02-3.65753227E-01 7.99492291E-03 1.38606418E-02 4.51810434E-02
14  2 4.66302926E-01-1.63043077E-02-2.79187476E-02-9.14535960E-02 3.14777395E-01
14  3-1.11939905E-03-3.91205442E-03-8.56360859E-03-1.27192564E-01 1.09472657E-01
14  4 1.71954610E-02 2.52312388E-02 3.95489882E-02 3.88182478E-01 1.93347957E-02
14  5 2.49729741E-02 4.13045214E-02-3.63666978E-02 4.20853376E-02-6.98373750E-03
14  6-4.70803487E-02 5.46332663E-02 5.30022492E-02 5.54673821E-03-6.03930904E-03
14  7-9.67328048E-03 3.32619718E-02-3.02103747E-02-9.95807899E-03-1.37340574E-02
14  8 2.29892032E-02-1.14222491E-01-1.09993426E-02-4.17332074E-03 2.23133698E-02
14  9 5.31566128E-02-1.40122741E-02 5.35938032E-02-1.61973975E-02 2.27894474E-02
14 10-2.00714955E-02 1.22002472E-02-4.85164041E-03 1.27533949E-02-8.44566322E-02
14 11 1.06779428E-02-9.40916972E-03 4.26292108E-03-9.24220730E-03 8.58354001E-03
14 12-2.02502956E-03 4.01522208E-04-6.40558030E-03 3.23060892E-02-1.49069685E-03
14 13-5.89140225E-04-7.04977227E-03 6.87790793E-03 3.15598486E-03 8.04760032E-04
14 14-8.29812058E-03-1.62830539E-02-6.11743791E-03 1.97471648E-02-3.66216040E-03
14 15-2.35281996E-02-1.18530274E-02
15  1 4.79417828E-02-2.79261812E-01 2.53964331E-04-6.17609725E-05-1.22033392E-02
15  2 3.44856338E-01-1.28275587E-03-1.75596196E-03 2.23254664E-02 3.34110106E-01
15  3-3.64517280E-03-4.44646234E-03-1.34482706E-02 1.22585307E-01-1.26556806E-01
15  4-2.03745392E-02-2.23849520E-02 1.06438783E-01-3.26742266E-01-5.25084678E-03
15  5 8.01459326E-03 3.05147104E-02 1.15001949E-01-1.14598475E-01 8.81982816E-03
15  6 8.70298490E-02-6.94659959E-02-3.22611140E-01 3.71671037E-03 4.66894280E-02
15  7-2.73739915E-02-4.73509663E-02 4.10305122E-02 4.08744184E-03 6.08678431E-02
15  8-4.35524606E-02 1.86783972E-01 8.88842007E-03 3.38226796E-02-3.71360787E-02
15  9-6.86840613E-02-5.42389657E-03-7.25619803E-02-5.40771864E-04-4.73281945E-02
15 10 4.16591106E-02-4.75804354E-02-2.75703498E-03-7.15706317E-02 1.86673641E-01
15 11-4.12883220E-02 5.13890468E-03-4.35946162E-02 1.06463753E-02-9.52567006E-03
15 12 1.26150624E-03-5.26821693E-03 1.47134816E-02-4.15440561E-02-6.04320278E-04
15 13-2.12840564E-03 1.31419875E-02-1.25283236E-02-7.12297170E-03 6.20703933E-03
15 14 1.75541839E-02 5.25574767E-02 3.50061481E-02-6.48917175E-02 6.76715133E-04
15 15 5.09904936E-02 3.21231005E-02
16  1 1.80361374E-02-1.05956919E-01-1.40951019E-02-1.62146062E-02-2.67099994E-02
16  2 1.31654363E-01 2.81860322E-02 3.27339174E-02 5.20414013E-02 1.50801741E-01
16  3 1.39223959E-02 1.30862125E-02 1.26924578E-02 1.08411452E-01-9.64418378E-02
16  4 8.66921548E-02 7.64795645E-02-1.52809323E-02-4.07433025E-01 4.42143576E-02
16  5 2.37917583E-02 9.76744386E-03-1.22335383E-01 1.18770974E-01 1.29985885E-01
16  6 1.94198795E-02-5.41100743E-02 4.40534182E-01 8.84163161E-02-1.25387289E-02
16  7-1.96912632E-02 4.67220864E-02-4.23424138E-02 4.83266052E-02-7.06930902E-02
16  8 2.31267481E-02-1.88696280E-01 3.64763774E-02-5.26310429E-02 2.10415815E-02
16  9-1.12946924E-01-3.86486773E-02-8.58537517E-02-2.76538580E-02 1.69918811E-02
16 10-1.49909006E-02 1.37867532E-01 6.76141094E-02 1.06894256E-01-8.29176493E-02
16 11 1.18759497E-01 5.76183534E-02 8.10770681E-02 8.43621508E-05-1.03964772E-03
16 12 9.34748573E-03-1.72389338E-02 3.61825208E-03 4.64861167E-03 1.06825519E-02
16 13-1.69613588E-02 7.16035340E-03-8.14223435E-03-4.39256525E-03 1.47111459E-02
16 14 2.46583340E-03-1.05885311E-01-7.36109073E-02 1.40032856E-01 3.39151398E-02
16 15-4.16781885E-02-4.03189871E-02
17  1-5.05579685E-03 2.99062357E-02-3.32597528E-04 2.40295899E-02 1.13688336E-02
17  2-3.54235396E-02 8.04051701E-04-4.92920612E-02-2.25633923E-02-5.39792610E-02
17  3 1.00614406E-03-2.70419673E-02-2.80333754E-03-4.13420535E-02 3.20370720E-02
17  4 3.01005608E-02-1.54149386E-01 4.02251053E-02 2.03445538E-01 4.74241959E-02
17  5-8.85237917E-02 1.55467327E-02 3.53027714E-02-4.01672333E-02 1.70490482E-01
17  6-8.14731699E-02-9.62800889E-02-1.18154662E-01 1.33707609E-01-6.84980355E-03
17  7-9.78454232E-02-2.44578326E-03-6.90055846E-04 2.31686387E-02 2.12393547E-01
17  8-1.42538683E-01 2.27807289E-02 2.21778498E-02 1.81717956E-01-1.25858490E-01
17  9 1.17872181E-02 2.92545180E-03 1.07523332E-01 4.92654923E-02-1.14100165E-02
17 10 9.52729832E-03 1.43554097E-01 4.47562576E-02 3.39519895E-02 4.36473883E-02
17 11 1.30007936E-01 4.15035905E-02 2.80678641E-02 1.03612306E-02-1.19826654E-02
17 12 2.83745456E-02-9.33190770E-02 1.22507266E-01-3.65488509E-02 2.15760674E-02
17 13-8.25022851E-02 1.18922484E-01-9.53311919E-02-6.31043382E-02 6.64033824E-02
17 14 5.51005018E-02-8.94095468E-02-5.48983997E-02 5.40874102E-02 2.98430594E-02
17 15 1.46802320E-01 1.07289143E-01
18  1 3.28151770E-03-1.94527028E-02-1.56522849E-02 3.00658562E-03-1.44849508E-02
18  2 2.25596729E-02 3.26266263E-02-6.33063996E-03 2.96166599E-02 4.06041022E-02
18  3 1.67678749E-02-6.85667549E-03 8.78520462E-03 9.62590014E-03-6.25743385E-03
18  4 9.46428899E-02-5.58502530E-02-2.49286029E-02-6.65896636E-02 6.42139152E-02
18  5-6.18952924E-02-2.73038289E-02 2.74733300E-03-2.88408762E-03 8.31360662E-02
18  6-1.02060745E-01-2.13520148E-02 5.71951245E-03 4.07644476E-02-8.47875026E-02
18  7 2.45904354E-02-2.22826429E-02 1.94380354E-02-1.22881420E-02 1.36854223E-01
18  8-5.08144569E-02 9.52462986E-02-8.38668946E-03 1.22411471E-01-4.28057787E-02
18  9-5.96821428E-02-3.09123096E-02 4.53645028E-02 2.79704381E-02-1.12008014E-02
18 10 1.25466611E-02-1.23196436E-02-9.48957815E-02 9.52939074E-02 4.40063485E-02
18 11-1.33086738E-02-9.87592266E-02 9.85900781E-02-7.61879165E-04 2.06228871E-03
18 12-9.74506086E-02 2.83647994E-01-1.36510405E-01-3.26757215E-04-8.56484041E-02
18 13 2.61422086E-01-1.26434686E-01 1.75182446E-01 1.27209653E-01-1.91303182E-01
18 14-1.62021559E-01 7.17507879E-03 4.00902490E-03 3.66070439E-02 1.91167593E-02
18 15 6.25773362E-02 6.79004149E-02
19  1-7.62081122E-03 4.50506841E-02-2.81731835E-02 3.13791629E-03 4.93312386E-02
19  2-5.59014181E-02 5.86324399E-02-6.87865035E-03-1.03558003E-01-7.48574813E-02
19  3 4.10390820E-02 2.36198994E-03-5.55272583E-02-4.53579511E-03-1.46146678E-03
19  4 2.02563369E-01 2.09673792E-02 3.71203487E-02 3.10731721E-02 1.59911334E-01
19  5 2.00126811E-02 2.55741341E-02-6.39061825E-03 1.08419282E-02 1.53865076E-01
19  6 3.75572259E-02 2.25663708E-01 4.08975983E-03 1.40047539E-01 3.87445469E-02
19  7 1.61027944E-01-7.00016232E-03 5.09332820E-03 5.91047109E-02 6.01965638E-02
19  8 8.01397955E-02 3.36702869E-02 5.58163603E-02 5.15575941E-02 7.65128460E-02
19  9-1.20549318E-01-7.56915116E-02 4.00390548E-02 2.22324980E-02-4.34920012E-03
19 10 5.15649796E-03-1.29784976E-01-1.05924659E-01-2.21309245E-01 2.05567456E-02
19 11-1.18113907E-01-1.04664375E-01-2.13372939E-01-1.43578450E-03 2.61676945E-03
19 12 2.14447629E-02-5.00276721E-02 2.56495935E-02 3.49366173E-04 2.11857435E-02
19 13-4.21567615E-02 1.91203950E-02-3.26375654E-02-2.70096728E-02 3.16575611E-02
19 14 3.91403814E-02 1.25580319E-01 1.02153823E-01 1.05156905E-01 5.66039316E-02
19 15 2.97581752E-03 8.77815977E-03
20  1-9.44570230E-03 5.60170635E-02 3.85215826E-02 4.42301017E-02 5.77141952E-02
20  2-7.06599744E-02-8.11903792E-02-9.35730775E-02-1.20386673E-01-1.03832663E-01
20  3-4.68597956E-02-5.17960252E-02-6.46467292E-02-1.03186236E-02-8.21216512E-04
20  4-1.31794997E-01-1.25641783E-01 1.88484349E-01 9.66650076E-02-1.09003445E-01
20  5-6.17171872E-02 1.53904632E-01 1.19285071E-02-7.25332242E-03 1.30756399E-01
20  6 2.42502014E-01-7.21872031E-02-3.67401910E-02 1.48073265E-01 1.44767518E-01
20  7-5.49048609E-02 4.24083627E-03-7.73423264E-03 1.06580453E-01-1.02383706E-01
20  8 6.71998754E-02 6.74842099E-03 1.03577941E-01-1.09092262E-01 6.88479807E-02
20  9 8.20884622E-02 4.49896926E-02 3.64307985E-02 3.55334931E-02-3.68133598E-02
20 10 3.36944358E-02 1.10210094E-01 5.22553276E-02-1.11040895E-01 1.54632693E-01
20 11 1.08016217E-01 4.83433624E-02-1.10568775E-01 1.98552426E-02-1.45441068E-02
20 12-5.03601852E-02 9.23213967E-02-1.32257619E-01-9.56662350E-02-4.48301501E-02
20 13 9.35650595E-02-1.27363831E-01 1.01927343E-01 7.37967179E-02-3.81857580E-02
20 14 3.50771349E-03-3.90257267E-02-2.05246664E-02 7.22773413E-02 3.62424943E-02
20 15-6.83875467E-02-8.91783985E-02
21  1-3.80150268E-03 2.25541539E-02 5.05144587E-02-4.57431318E-02 4.37481444E-02
21  2-2.60052328E-02-1.06407340E-01 9.61578588E-02-9.30938114E-02-4.48843181E-02
21  3-6.90329317E-02 6.76935542E-02-5.34165590E-02-5.55013863E-03 4.49648928E-04
21  4-2.01826885E-01 2.55086078E-01 1.37810621E-02 3.76260610E-02-1.94629314E-01
21  5 2.31439536E-01 4.80960150E-03-1.00690403E-03 1.13349874E-03 1.11767954E-01
21  6-8.19535939E-02 8.73896504E-02-2.96330023E-04 1.26701945E-01-4.69591942E-02
21  7 5.78133162E-02 7.46394807E-03-6.33273679E-03 5.81510174E-03 1.78410528E-01
21  8-1.54663527E-02-3.05254438E-02 1.49343741E-03 1.70700715E-01-5.93039905E-03
21  9 1.34918907E-01 7.64763150E-02-2.07487889E-01-1.33858561E-01-1.83131404E-02
21 10 1.80064561E-02 4.14584882E-02-6.35103064E-02-4.15039928E-02 7.44426384E-02
21 11 4.24786657E-02-6.73131396E-02-4.18747480E-02-3.01376919E-03 3.04272254E-03
21 12-1.07006887E-02 5.22246370E-02 5.08158284E-02 9.16984214E-03-8.95874043E-03
21 13 5.62542890E-02 5.16811731E-02-4.51322518E-03-4.36071667E-03-2.76497643E-02
21 14-1.94371708E-02-2.66324650E-03 4.93500802E-03 7.35090737E-02 4.11556146E-02
21 15 8.33871876E-02 9.91816992E-02
22  1-2.54304422E-03 1.51065190E-02-9.66442761E-03-8.11884540E-03 3.35267497E-02
22  2-2.09228312E-02 2.12666176E-02 1.53959374E-02-6.96098610E-02-2.68222348E-02
22  3 1.19114137E-02 2.19941809E-02-4.79565715E-02-3.85584113E-03 3.16864259E-03
22  4 9.09557604E-02 4.97244608E-02 1.76134691E-03-1.75550877E-02 4.77990980E-02
22  5 7.34297074E-02 1.73013262E-02 4.45136321E-02-4.60357599E-02-6.63513753E-02
22  6-1.07973578E-01 5.70269845E-02-1.47207245E-01-4.47659348E-02-1.11397101E-01
22  7 6.60065201E-02-7.19269137E-02 6.16910358E-02-1.62645332E-01 5.31154681E-02
22  8 1.51847684E-01 3.27670728E-01-1.60942923E-01 5.14603872E-02 1.64563261E-01
22  9-6.13109347E-02-5.45927567E-02-1.46155012E-03 3.21226772E-02-6.59878829E-02
22 10 5.84781299E-02 2.76393870E-01-5.09571789E-02-3.30715734E-02 2.90287168E-01
22 11 2.87674231E-01-5.83146587E-02-3.47743108E-02 1.52841894E-02-6.40682581E-03
22 12 4.61688675E-03-6.86818499E-02-1.11908116E-01-9.08607090E-02 1.07579681E-02
22 13-5.84692196E-02-1.32100154E-01 2.93449099E-02 5.83871614E-03 4.94239822E-02
22 14 9.69482786E-02-1.46449090E-01-1.13048037E-01-8.34371081E-02-4.78825756E-02
22 15-7.63697859E-02-6.19397495E-02
23  1 1.10945203E-02-6.61674144E-02-4.79461229E-03-4.58719797E-02-1.81514178E-01
23  2 6.63395850E-02 1.11880404E-02 9.74201165E-02 3.87684104E-01 1.82623169E-01
23  3-3.98492817E-03 5.76977627E-02 2.21140478E-01 8.37200293E-03 7.96185436E-03
23  4-1.37138824E-01-1.43897425E-01-1.64604094E-01-1.01655074E-01-1.61756329E-01
23  5-1.32303137E-01-1.88818668E-01-6.89313192E-04-5.07928547E-03 1.07276878E-01
23  6 3.21424254E-02 5.34035868E-02 3.48490693E-02 1.12025250E-01 1.43293333E-03
23  7 9.25646262E-02-2.54978954E-02 2.10445618E-02 2.25007947E-02 2.92654954E-02
23  8 1.26751649E-01 1.21730709E-01 2.37347816E-02 2.69319710E-02 1.37338074E-01
23  9 1.09031030E-01 8.87375124E-02 6.19426428E-02 7.74096643E-02-7.06041384E-03
23 10 7.71013767E-03 2.51420163E-02-1.40424229E-01-6.33313986E-02 3.12539970E-02
23 11 3.28093168E-02-1.57583520E-01-6.38695690E-02-5.90083466E-03 7.92396602E-03
23 12 5.02187340E-02-5.31857614E-02-3.31744309E-02 1.94486316E-02 6.06203793E-02
23 13-4.95601714E-02-4.57564283E-02-1.34664205E-02-1.93608033E-02 2.10949404E-02
23 14 2.67410077E-02 1.41698683E-02 1.88748666E-02 7.65820749E-02 6.16321493E-02
23 15-4.48330238E-02-4.00094544E-02
24  1-1.69689486E-03 9.98089711E-03 1.28701092E-02 2.77608319E-02 2.81801337E-02
24  2-1.76853887E-02-2.72285368E-02-6.00223662E-02-5.94318486E-02-4.88052962E-03
24  3-2.31677334E-02-4.42144868E-02-5.25079615E-02 8.89072884E-03-1.82261715E-02
24  4 1.14305846E-02-3.00320137E-02 6.13760496E-02-8.08593393E-05-9.43522454E-03
24  5-1.70447722E-03 1.69874190E-02 1.19347146E-02-7.82727358E-03-5.87782613E-02
24  6 6.65847762E-02-9.62241965E-03-7.26532199E-02 1.32015399E-02 2.62741955E-02
24  7-2.72814217E-02 7.63226319E-04 2.41095111E-03 5.23686195E-02-8.72765901E-02
24  8 8.99820431E-02-1.20419316E-02 6.24400346E-02-1.12388327E-01 1.21728156E-01
24  9-2.78013283E-02-3.73260475E-02 1.17004745E-02 3.67050149E-02-3.46599979E-02
24 10 3.27220281E-02 7.99876383E-02-1.81349971E-01 6.69875579E-02 1.55564824E-01
24 11 8.22148946E-02-2.14767214E-01 8.10170146E-02-8.04634164E-02 7.17959948E-02
24 12 2.37789146E-01 1.63491646E-01 2.18136959E-01 3.54261862E-01 2.74990102E-01
24 13 1.89079075E-01 2.29079981E-01-1.19295517E-01-1.04580477E-01-9.11339146E-02
24 14-1.00458885E-01-3.69088032E-02-5.15809543E-02-5.49537853E-02-3.95496752E-02
24 15-2.39270454E-02 4.55412504E-02
25  1-2.43513831E-03 1.43174684E-02 7.81339039E-02 7.49317107E-02 3.51043823E-02
25  2-2.35317563E-02-1.66971910E-01-1.62086802E-01-7.48634443E-02-1.46256807E-02
25  3-1.36402235E-01-1.19540511E-01-6.18168121E-02 2.91623151E-02-3.02943249E-02
25  4-3.42183920E-02-4.24739767E-02 1.15585293E-01-1.66763570E-01-4.55381670E-02
25  5-5.83884859E-02 1.11553661E-01-1.70327134E-03-8.23036383E-03 1.46338684E-01
25  6-5.60234098E-02-1.00360996E-01 7.22880245E-02 1.57914600E-02-4.92862036E-02
25  7-1.44356143E-02-4.94890884E-02 4.46195046E-02-1.63452085E-01 8.99141292E-02
25  8 1.23347446E-01 2.11376985E-01-1.83390524E-01 1.11151957E-01 1.35170994E-01
25  9-5.55189129E-03 2.60533306E-02-2.32939344E-02-1.50175847E-02 3.81320409E-02
25 10-3.39122712E-02-1.77295225E-01 1.23269479E-03 2.00887314E-01-1.72399384E-01
25 11-1.82600172E-01 2.69728295E-03 2.30662162E-01-1.63619311E-02 1.42467483E-02
25 12 1.45912156E-01-1.04472757E-01-1.00722372E-01 8.52278078E-02 1.70480511E-01
25 13-1.23147965E-01-1.30633740E-01-2.98537416E-02-2.34223936E-02 2.34813667E-02
25 14-3.96347540E-02 7.86361049E-02 6.40927204E-02 1.02137782E-01 1.18522438E-01
25 15-7.88071810E-02-7.30697078E-02
26  1-1.08896723E-04 6.37921604E-04-1.36651502E-01-1.82610053E-01 7.04909874E-02
26  2-4.79944711E-03 2.94210227E-01 3.92506886E-01-1.50615072E-01 9.25135443E-03
26  3 2.47777933E-01 3.35726346E-01-1.37175697E-01-4.03104835E-03 1.82696956E-03
26  4-5.41096972E-02-8.41811036E-02 2.06382690E-02 3.44894442E-02-8.73399235E-03
26  5-4.06751294E-02-1.07144422E-02 2.24070594E-02-2.25049072E-02 6.09671407E-02
26  6 2.08357842E-02-8.90473827E-02-1.12608007E-01 1.40773105E-02 8.65483857E-02
26  7-4.10987697E-02-1.46414180E-02 1.56408669E-02-5.66978499E-02 4.53489413E-02
26  8 7.45341609E-02 4.53937536E-02-7.41824869E-02 5.61412033E-02 8.62278580E-02
26  9 5.00667555E-02 7.07782218E-02 4.43824074E-02 3.53316206E-02 7.20736711E-03
26 10-9.52441514E-03-4.93604665E-02 1.78498914E-01 2.17571506E-02-1.20529849E-02
26 11-4.96496623E-02 2.03892740E-01 4.19232250E-02-1.68922492E-02 1.64640591E-02
26 12 1.32652840E-01 7.41232288E-02-1.73407311E-02 6.89138540E-02 1.58405910E-01
26 13 8.34819443E-02-2.40569889E-02-1.42152484E-02-1.00408466E-02-2.36375564E-02
26 14-1.67868451E-02 1.79329186E-02 7.89674803E-03 2.38045992E-02 5.49697696E-02
26 15-3.71460380E-02-1.71123982E-02
27  1-1.15089453E-04 7.20613011E-04-1.99620838E-01 1.73831241E-01-2.88772115E-02
27  2-8.10470119E-04 4.29681980E-01-3.74258265E-01 6.24589012E-02-4.09870286E-03
27  3 3.69401721E-01-3.18055713E-01 5.42223312E-02 1.38201732E-03 3.32724682E-03
27  4-9.98346315E-02 7.03489329E-02-1.17551336E-02-3.53789922E-02-5.28486140E-02
27  5 3.38991570E-02 1.75548153E-02-4.70675570E-03 1.23363889E-03 3.45898899E-02
27  6-2.19268528E-02 2.25258985E-02 3.50470894E-02-2.83067070E-02-1.64718802E-02
27  7 1.74985128E-02-6.74420373E-03 9.67602292E-03-9.85863560E-02 8.74573693E-03
27  8-4.60733274E-03 9.56012930E-03-1.16061154E-01 1.67442526E-02-7.64810321E-03
27  9 8.57241050E-02 1.06338270E-01-8.70858502E-02-9.61000282E-02 1.60751548E-04
27 10 2.34366807E-03 1.24100909E-02 4.64844049E-02-5.76283630E-02-1.17453716E-02
27 11 2.05041099E-02 5.26124758E-02-7.07725109E-02-6.12937948E-03 6.60483112E-03
27 12 3.48543744E-02 4.74581091E-02 1.73873901E-02 2.04175024E-02 4.11465680E-02
27 13 5.61601421E-02 1.80476477E-02-6.38471029E-03-4.27341221E-03-1.24651422E-02
27 14 4.08648764E-03 3.85551360E-03 9.52032436E-03 4.53850759E-02 7.86777191E-02
27 15-8.89652065E-03 8.63458838E-03
28  1 1.56996567E-04-6.79036478E-04 1.03722077E-01 1.28676789E-02-7.06176962E-02
28  2 5.56031323E-03-2.23514714E-01-2.78674939E-02 1.53276500E-01-2.32573215E-02
28  3-1.88897541E-01-1.60042013E-02 1.42509656E-01-6.49715072E-03 1.75449741E-02
28  4 6.14892549E-02-1.11371497E-02-5.06911175E-02-2.00710552E-02 5.54270921E-02
28  5 4.47858403E-03 4.07217418E-02-9.58498742E-03 2.67734776E-03 4.08255397E-02
28  6-5.34569972E-02 5.45154492E-02 7.56510154E-02-4.08232949E-02-3.60547760E-02
28  7 2.56601011E-02-1.20416801E-02 1.62799643E-02-2.27386774E-01-1.61728903E-02
28  8 3.66547095E-02 1.20955837E-02-2.70327672E-01-1.95867087E-02 4.26442768E-02
28  9-3.07040963E-02-4.74324338E-03 4.20465680E-02 3.00244633E-02 3.63006374E-03
28 10 1.10851114E-04 8.52784759E-03 2.74778598E-01-1.91252879E-01-3.22378025E-02
28 11 1.69396500E-02 3.17298314E-01-2.31223325E-01-1.58501314E-02 1.75039208E-02
28 12 2.46540539E-02 1.93281565E-01 1.31039941E-01 4.81525146E-02 2.87217964E-02
28 13 2.24616868E-01 1.47802616E-01-1.44918743E-02-8.98902272E-03-4.20934330E-02
28 14 1.05875297E-02 9.32899818E-03 9.14058397E-03 5.52255413E-02 7.45199112E-02
28 15-3.14270853E-02 5.83416426E-02
29  1 6.44951941E-04-3.63125682E-03 2.83208378E-02 5.91945795E-03-2.16360964E-02
29  2 1.70680446E-02-6.19863880E-02-1.08235656E-02 4.45268534E-02-2.68704641E-02
29  3-4.97322465E-02-2.08022056E-02 6.47069604E-02-1.94193352E-02 2.12712635E-02
29  4 3.69661723E-02 7.21137500E-02-5.52640508E-02 1.07764823E-01 4.98589424E-02
29  5 5.32487000E-02-2.61725503E-02-1.01931807E-02 1.80915371E-02-4.20914310E-02
29  6-2.32128254E-02 4.06778618E-02 1.40938177E-02-1.35695058E-02-2.15482832E-02
29  7-1.27518388E-02 1.36057279E-02-1.52192347E-02 7.67648722E-02 1.78045302E-02
29  8-2.42152073E-01-2.92077504E-02 9.50112754E-02 2.84445137E-02-2.79023834E-01
29  9-8.13343089E-03-2.36391588E-02-1.77418449E-02-4.47219955E-02-1.71112208E-03
29 10 6.67719763E-03 3.32507313E-02 4.05639300E-02-1.16487479E-01-1.17309636E-02
29 11 2.88628554E-02 3.03128376E-02-1.39680836E-01-2.96712405E-03 5.25467302E-03
29 12 3.50639086E-01 2.17736747E-02-2.63526329E-01-1.12230952E-02 4.16796961E-01
29 13 3.72593352E-02-2.98588719E-01 5.73439466E-03 9.93867364E-03-1.87463958E-02
29 14 7.46622070E-02-5.23191429E-03-2.14573791E-02-2.10140985E-02-2.90427418E-02
29 15 5.14572024E-02-6.08901313E-02
30  1-4.25230411E-04 2.49163347E-03 8.87391069E-03 5.56912496E-02-3.53501624E-02
30  2-1.02287864E-02-1.83677879E-02-1.22110944E-01 7.78578076E-02 1.64381831E-02
30  3-2.42506780E-02-9.93860098E-02 5.30807488E-02-1.64431448E-02 1.78530357E-02
30  4 3.16930396E-02 5.28836513E-02-5.32188091E-02 1.08720229E-01 1.50486817E-02
30  5 1.21018065E-02-6.27798915E-02 2.67310889E-03 2.07201255E-03-9.31761906E-02
30  6-5.25475097E-02 2.12536125E-02-7.01163863E-03-2.06537007E-02 5.93417881E-02
30  7 7.52007866E-02 6.24657789E-03-4.98900067E-04 2.92450378E-01 2.08618492E-01
30  8 2.54639216E-01-5.89106646E-02 3.34122051E-01 2.49629187E-01 2.91919883E-01
30  9-1.37262391E-02-6.32015681E-02-1.11395429E-02-4.70152518E-02-9.74140721E-03
30 10 4.49543892E-04-2.89205346E-02 2.31146195E-01 5.04060974E-02 1.00800503E-01
30 11-3.71103639E-02 2.65152253E-01 8.12422875E-02 1.77966670E-03 1.72628574E-04
30 12 2.87888756E-02 3.39436210E-02-1.79007807E-02-1.59856279E-02 4.22269313E-02
30 13 4.02643709E-02-2.19576534E-02 8.89587387E-03 1.63239575E-03 4.83694530E-03
30 14 8.98898234E-03-1.27986626E-02-6.95512040E-02-1.16717603E-01-1.63876954E-01
30 15 1.48188015E-02 3.31328556E-02
 $END   
 $GRAD  
E=     -762.3125753196  GMAX=   0.0147046  GRMS=   0.0039483
CL          17.   -2.8031955684E-05    1.4458808308E-04    1.1147379987E-03
C            6.   -1.3172427293E-03   -2.3775631216E-03   -4.4924284176E-03
C            6.    1.9740183222E-03    1.0123353576E-02    1.4704578271E-02
O            8.   -3.6758750316E-03   -3.0430607499E-03   -5.4110200542E-03
H            1.   -7.2760462964E-05    5.1481734701E-04    5.3016699768E-04
H            1.    3.9484055995E-04    2.3490785147E-04    1.2947690713E-04
O            8.    4.4098820389E-03    3.0277365231E-03   -4.8598372901E-03
O            8.    5.1338139184E-08   -2.0984170530E-04   -1.1951540945E-03
H            1.   -1.8290800077E-05    1.5375913154E-04    8.2572738881E-05
H            1.   -2.9461881011E-03   -5.8783884666E-03    5.2826538243E-03
H            1.   -1.2400415006E-04    1.7389653389E-03   -1.0372854618E-04
H            1.    8.6648648828E-04   -5.1660458281E-03   -6.8153126226E-03
H            1.    5.3711498155E-04    7.3677204730E-04    1.0332943489E-03
 $END
-------------------- DATA FROM NSERCH=   5 --------------------
 COORDINATES OF SYMMETRY UNIQUE ATOMS (ANGS)
   ATOM   CHARGE       X              Y              Z
 ------------------------------------------------------------
 CL         17.0   3.1078213911   0.7223331737   0.3990602301
 C           6.0   2.7541120238   0.1152236397  -1.3490701265
 C           6.0   3.3559588392   1.0848726999  -2.3431642514
 O           8.0   2.6674311950   2.3021825139  -2.2881720122
 H           1.0   1.6704384823   0.0971679754  -1.4348516070
 H           1.0   3.2024281492  -0.8703920570  -1.4231057941
 O           8.0   3.2209214672   0.4744908688  -3.6929559539
 O           8.0   3.7727487635   2.8117097719  -4.5077487182
 H           1.0   3.2034038552   3.1681853300  -5.2265528934
 H           1.0   3.6606397908   1.7941990893  -4.4835367586
 H           1.0   2.2560618340   0.3898913548  -3.9047785539
 H           1.0   4.4404351065   1.1398222940  -2.2258834230
 H           1.0   3.0772654568   2.8418973265  -3.0671267408
--- CLOSED SHELL ORBITALS --- GENERATED AT 10:08:47 30-JUL-2026    
Chloroacetaldehyde hydrate and water                                            
E(R-WB97X-D)=     -762.3134438253, E(NUC)=  316.0712565980,    9 ITERS
 $VEC   
 1  1 9.85802655E-01 5.34292276E-02-2.05877937E-05-4.21287207E-05-1.72506146E-04
 1  2-1.87724945E-02 6.05343821E-05 1.30188748E-04 6.48051805E-04 1.02692578E-02
 1  3-2.36769983E-04-4.87404464E-04-1.78845014E-03-3.27455497E-05-4.21862482E-04
 1  4-2.57556366E-06-2.28956833E-05-1.47357498E-04 7.81531656E-04-1.54467396E-06
 1  5 3.42656928E-04-1.44776575E-03 7.87788204E-05 6.30751378E-04-2.48489443E-05
 1  6 2.00677150E-05 3.41714947E-04-1.95559830E-03 6.10553432E-04-2.34332697E-05
 1  7-1.80084121E-03-1.88984941E-05-1.32192259E-04-2.04172506E-05 1.19461281E-05
 1  8 3.37471208E-05 6.47091821E-04 1.65255457E-04-2.89139732E-04 8.87198937E-05
 1  9 1.51495420E-04-8.42828544E-04 2.08664950E-04-7.48975467E-04 1.27685309E-05
 1 10 1.26723627E-04 2.11374493E-05 1.08993245E-05 4.61620795E-05-4.89180060E-04
 1 11-1.15736738E-04-8.85644115E-05-2.34584615E-04-1.37155873E-06-7.39606412E-06
 1 12-1.36992899E-06-3.47141671E-06 2.63702228E-05 6.48679439E-05-4.37164628E-07
 1 13-1.03975511E-05-8.10389246E-05-3.43194235E-05 2.99434855E-05 4.20418716E-05
 1 14-2.42207249E-04-2.32254050E-05-3.45766215E-05 2.80510700E-04-2.80980966E-04
 1 15-4.80070394E-05 2.25427907E-05
 2  1-9.05983692E-06 6.07313477E-05 1.64125847E-05 3.42694906E-05-6.33026048E-05
 2  2-9.76475752E-04-9.13015307E-05-2.02773047E-04 4.38883722E-04 1.50958123E-03
 2  3 2.62963946E-04 7.02052057E-04-1.56293998E-03 2.59664212E-04 8.67773914E-04
 2  4-2.85252149E-04-2.42426386E-04 8.38880039E-04-7.80738260E-03-6.08944981E-04
 2  5-2.21375706E-03 3.64370357E-03-1.13967522E-03-4.89465068E-03-9.03041227E-05
 2  6-4.48802073E-06-1.43673337E-03 2.50797054E-02-4.74540613E-03-5.65106143E-03
 2  7-8.53401035E-03 5.88054487E-03 2.00935236E-03-1.08914729E-04-3.49659775E-04
 2  8-3.53519210E-04-5.25924049E-03-2.81231380E-04 3.49919883E-03 2.26982862E-03
 2  9 9.76556339E-04-6.82823702E-04 3.72359129E-04-3.08639466E-05 9.82595379E-01
 2 10 1.04925678E-01-1.97956635E-03 1.81106839E-03 2.03853169E-03-5.05722927E-02
 2 11 3.67492059E-03-5.80532966E-03-7.49264669E-03 5.85959180E-03 1.86671341E-03
 2 12 1.10971800E-04-5.68144985E-04 2.98224676E-05-4.01052283E-03-1.91308632E-04
 2 13 3.01113814E-03-2.42814341E-04 3.54998009E-04-1.31969440E-03 6.62091861E-04
 2 14 6.21631584E-03 3.48397405E-03 4.53624455E-03-1.54598578E-03-1.35759897E-03
 2 15 4.39107813E-04-1.07992155E-03
 3  1 6.16011256E-06-4.85348278E-05-2.53001620E-05 2.96347199E-05 3.58426287E-05
 3  2 4.65860980E-04 1.67628299E-04-1.48056634E-04-2.23464366E-04-6.02683679E-04
 3  3-7.09247951E-04 4.86026630E-04 3.46942252E-04 2.07285938E-04 7.17931952E-04
 3  4-5.49591793E-04-6.24189926E-04 4.77625942E-04-6.68118773E-03 3.34896985E-03
 3  5-3.94042066E-03 2.47104757E-03-9.49374986E-04-3.87446699E-03-3.03846873E-04
 3  6 2.09598699E-03-1.64179426E-04 2.39656169E-02-1.10411210E-02 8.58460046E-03
 3  7-5.89334157E-04 9.79134390E-01 1.05254863E-01 2.75538068E-03-1.82740196E-03
 3  8-2.14080234E-03-5.38900940E-02-7.70888315E-03 7.43398307E-03 5.60497638E-03
 3  9 9.44699225E-04 1.85340725E-03-4.99512768E-04-1.58704292E-04-5.95791737E-03
 3 10 8.54813163E-04-3.00025191E-04 4.37385242E-04 1.33442187E-04-4.74071876E-03
 3 11 1.69931131E-03-3.18750970E-03-2.26496743E-03 8.35715912E-02 9.91907307E-03
 3 12-3.39772111E-04-8.43372503E-05 6.38246903E-04-6.30359126E-03 1.17977459E-03
 3 13 3.47860555E-04-2.77276531E-03 4.03875363E-04-4.24105407E-04 5.89241644E-04
 3 14 8.33135018E-05 9.11106006E-04-1.26975316E-03-8.06404370E-04 5.00916436E-04
 3 15 3.18169081E-03 8.62884510E-03
 4  1-2.09480208E-07 2.06093398E-06 1.20967377E-05-6.69372614E-06-1.63940293E-06
 4  2-1.20948680E-05-6.42711097E-05 3.12171309E-05 1.37168679E-05-2.75269447E-05
 4  3 1.21057966E-04-2.53192160E-05 1.84452307E-05-8.38172933E-06 7.57408363E-05
 4  4-1.86039057E-05 1.52507524E-04-1.52073417E-04 4.76401092E-04 8.60985883E-05
 4  5 1.76453725E-04-7.78098876E-05 1.69190237E-04 9.14185218E-04 5.74550840E-05
 4  6-2.25304584E-04-3.78320858E-05-3.92116254E-03 1.24535870E-03-1.20630215E-03
 4  7 5.44274535E-04-8.33726653E-02-7.74345619E-03-1.50481645E-04 6.60968559E-04
 4  8-8.45352642E-05 7.94760099E-04-1.51228499E-06-2.92738061E-03 1.36525970E-03
 4  9-7.71108881E-05 2.59890090E-04 5.61629852E-05-2.20707112E-04-5.10815679E-03
 4 10 4.89230938E-04 3.67517651E-04 4.90079027E-04-5.55755862E-04-1.88088817E-03
 4 11-1.37987705E-03-2.03515297E-03 2.35229677E-03 9.78845671E-01 1.02809500E-01
 4 12-2.16735157E-03-1.69709620E-03-1.21049811E-03-4.44281587E-02 4.57444481E-03
 4 13 4.52232232E-03 1.97707261E-03 3.00808959E-03 5.69357520E-03 2.42136948E-03
 4 14 1.07180411E-02 5.09458569E-04-1.39636543E-03 4.27157636E-04-7.08401940E-04
 4 15-4.16607735E-05 6.00194159E-03
 5  1 7.60541402E-05-9.91466113E-05-5.53362988E-06 4.08648381E-05-2.11374238E-04
 5  2-2.22152929E-03 4.72901057E-05-2.69333080E-04 1.44536263E-03 2.97016363E-03
 5  3-5.85440577E-04-1.73163824E-04-2.27376798E-03-9.68892785E-03-4.18007342E-03
 5  4-1.83960234E-04-2.45307921E-04 9.21363847E-05 2.60315763E-02 6.55842076E-03
 5  5 9.90793528E-03-1.27518460E-02 9.86587923E-01 1.10760239E-01-2.11354839E-04
 5  6-8.15540114E-04 3.36524519E-05-8.61180540E-02 2.64602679E-03 1.03326048E-02
 5  7-5.86765274E-03-5.25886210E-05-4.53791952E-04 3.64251718E-04 1.40448711E-04
 5  8-2.27287928E-04 8.01024844E-03-3.47524033E-04-3.50882156E-03 1.21799205E-03
 5  9-1.56367205E-03 1.35294433E-03-1.61385908E-03 1.25049989E-03-2.03704627E-04
 5 10-9.91302687E-04-3.07269958E-05 3.51215088E-04 1.49482795E-04 1.00228370E-02
 5 11 5.37443865E-04 6.61615807E-04 5.24219448E-03 5.26042144E-05 4.23919701E-04
 5 12 1.10543102E-05 1.26367805E-04-1.03796242E-04-1.65231341E-03 1.56401968E-04
 5 13-2.07237352E-05-4.54695381E-05 4.99038826E-04-7.86711397E-04-3.88395628E-04
 5 14 2.36656406E-03-6.70843190E-04 3.40314662E-03-1.88666144E-04 1.66484776E-02
 5 15-4.34212346E-05 3.40803479E-03
 6  1-2.23055214E-05-1.75809498E-04 6.49721219E-05 1.08065850E-04 3.28320667E-04
 6  2-2.15704098E-03-3.86975836E-04-6.42815442E-04-1.88654176E-03 1.31012760E-02
 6  3-1.34793228E-03-2.35125528E-03-8.66872506E-03 9.86482996E-01 1.11907878E-01
 6  4 3.21237464E-04 6.30164238E-04 1.14240268E-03-8.98072589E-02-2.98825209E-03
 6  5-5.32521920E-03 2.35331543E-03 9.01101319E-03-1.83131623E-03 2.72496162E-04
 6  6 3.03461811E-04-1.34499147E-06 2.28212774E-02-5.50539061E-03-9.16410711E-03
 6  7 8.91252514E-03 3.48257835E-05-2.67763005E-05 6.27613041E-05 5.63291229E-04
 6  8-3.85435227E-04-1.28339899E-03-3.02215608E-04-7.02936481E-04 9.00965672E-04
 6  9-6.27160076E-05 1.55598323E-02-1.59613127E-04 1.54004997E-02 2.11460569E-05
 6 10-1.10596211E-04 2.15357872E-04 1.80754363E-04-4.27309577E-04-9.62878440E-04
 6 11-5.94358763E-04-5.04846520E-04 5.09739156E-05 2.32288152E-05 1.81968935E-04
 6 12-5.22124251E-05 4.66407083E-05-1.05951343E-04-7.88506733E-04 2.34678967E-04
 6 13 2.58075543E-05 2.82018707E-04 3.27098539E-04-3.28810525E-04-1.12582709E-04
 6 14 1.53222466E-03-4.85348017E-04 3.69290746E-05-1.31083614E-03 9.29017627E-04
 6 15 5.53562043E-04 1.37344510E-03
 7  1-3.05120621E-01 9.77063553E-01-1.64953650E-03-3.13945792E-03-8.39813298E-03
 7  2 1.54305384E-01-6.43807321E-04-1.30744561E-03-5.18312062E-03-6.77469735E-02
 7  3 1.70724703E-03 3.42970341E-03 1.19732275E-02 2.15523790E-06 1.69891813E-03
 7  4-6.00691159E-05 1.78691449E-05 4.48038696E-04-2.35503275E-03 3.96407212E-04
 7  5-1.42377417E-03 9.61180785E-03-4.68153109E-05-3.29562949E-03 1.52976660E-04
 7  6-1.35787789E-04-1.95068165E-03 1.04648425E-02-3.60661768E-03 2.58701939E-04
 7  7 1.04016646E-02 9.62709878E-05 6.38986979E-04 8.70131754E-05-7.37702280E-05
 7  8-1.62776937E-04-3.52509583E-03-8.69665342E-04 1.64333233E-03-5.17458273E-04
 7  9-9.73963983E-04 5.08408772E-03-1.30120625E-03 4.50093014E-03-7.45590318E-05
 7 10-6.87605731E-04-1.08541582E-04-4.15636278E-05-2.63661561E-04 2.95272652E-03
 7 11 6.59110147E-04 4.87381352E-04 1.54975691E-03 8.28932082E-06 4.87140623E-05
 7 12 7.73204510E-06 1.17237583E-05-1.29387072E-04-3.98634056E-04-2.46429650E-06
 7 13 9.32789406E-05 4.31990328E-04 1.85671449E-04-1.92566561E-04-2.27970631E-04
 7 14 1.45036584E-03 7.51994051E-05 3.53954049E-04-1.53516156E-03 1.90003248E-03
 7 15 2.21607710E-04-1.05028976E-04
 8  1-3.24418824E-03 1.09838280E-02 1.78605971E-01 3.09275144E-01 9.02591005E-01
 8  2-3.18101269E-03 1.63519109E-02 2.83851517E-02 8.40718650E-02 4.64626509E-03
 8  3-5.25839651E-03-9.34565123E-03-2.88924978E-02-7.10470488E-04-4.41298072E-03
 8  4-1.73758826E-05-1.27038008E-04-3.63042251E-04 9.23785971E-03 1.20424392E-03
 8  5 3.23017115E-03-3.05144701E-03 3.77085275E-04 2.72443642E-03 3.80633564E-07
 8  6 1.01485147E-04 9.08485168E-04-1.07206676E-02 2.18406919E-03 8.55715239E-04
 8  7-8.49698219E-03-6.52470762E-05-3.69380853E-04-1.10792453E-04-9.06304333E-05
 8  8 1.32472749E-04 2.40896130E-03 8.20490608E-04-7.74196004E-04 2.26916080E-04
 8  9-2.63577167E-04-3.95338718E-03-5.25455257E-05-3.52493292E-03 3.53933876E-05
 8 10 2.80192058E-04 8.25494031E-05 1.12667850E-04 1.38317239E-05-1.63405842E-03
 8 11-4.58507371E-04-6.43034482E-04-3.35818591E-04-6.06484686E-06-3.43370088E-05
 8 12 2.84049802E-06-2.55217448E-05 8.73738825E-05 2.96102045E-04-3.01383022E-05
 8 13 8.29657124E-06-2.90308674E-04-1.44728704E-04 1.37721601E-04 2.12017854E-04
 8 14-1.01740891E-03-2.89506878E-04 3.01054038E-04 1.15089903E-03-4.09397336E-04
 8 15-2.40020543E-04-2.12851045E-04
 9  1 2.18537346E-06-5.46636214E-05 7.22611913E-01 5.57024662E-01-3.33665278E-01
 9  2 4.52786434E-04 6.47997900E-02 4.99827446E-02-3.04249025E-02 2.20526180E-04
 9  3-2.02982090E-02-1.57925837E-02 9.35835886E-03 1.89143601E-05 1.25341735E-04
 9  4-4.32131216E-05 9.16873204E-05 5.20393175E-04-6.69261802E-04 9.84516065E-04
 9  5-9.41808189E-04-2.20539023E-03-9.85838110E-05-9.87242504E-04 8.84048799E-05
 9  6-1.39726317E-04-8.82211910E-04 8.92472526E-04-9.80703888E-04 2.10144386E-03
 9  7 5.05389136E-03 3.07622369E-05 1.50011777E-04 6.90144553E-05 2.31466562E-05
 9  8-9.24420962E-05-1.33783397E-03-5.71301592E-04 4.38926050E-04-1.81539469E-04
 9  9 6.54719225E-04-1.78477947E-03-1.13538958E-05-1.01314930E-03-5.47334768E-05
 9 10-3.97289136E-04-9.19517973E-05-9.44956309E-05-8.34809078E-05 2.07239765E-03
 9 11 5.13458850E-04 6.37737933E-04 9.77054532E-04-1.70768482E-06-2.02162433E-05
 9 12 1.46193230E-05 1.48837715E-05-3.97472980E-05-1.25097890E-05-4.51459657E-05
 9 13-2.69551401E-05 1.50208559E-04 3.39263436E-05-2.97408491E-05-6.03955260E-05
 9 14 3.34158002E-04-1.07688410E-05 5.27400279E-04-9.81539950E-04 2.25473811E-03
 9 15 1.57327012E-04-1.59321098E-04
10  1-5.44125853E-05 1.67283437E-04-6.24325329E-01 7.33367811E-01-1.27692267E-01
10  2 8.90053551E-05-5.58356802E-02 6.56493742E-02-1.15834280E-02 1.92970997E-04
10  3 1.69868788E-02-2.02700280E-02 3.48322260E-03 1.32653962E-06 3.86627248E-05
10  4 3.93569577E-05 2.65346165E-05 1.68361772E-04 2.05589306E-04-1.28651612E-03
10  5 1.03632013E-03-1.02553225E-03-4.91633002E-05-6.08124601E-04-1.01318339E-05
10  6-2.12020414E-04-2.06378982E-04 1.32563362E-03 1.12432075E-03 9.00536781E-04
10  7 9.15474222E-04-3.86743666E-06-1.37387974E-04 6.03852301E-05 1.19909680E-04
10  8-4.06973463E-04-1.59723082E-04-3.95474836E-04-3.20616122E-04 1.18976812E-03
10  9-5.78702566E-04 1.29229057E-03 7.62280721E-04-2.02368862E-03-1.46404946E-05
10 10-1.28689682E-04-1.88708275E-05 2.63492590E-05-4.73349336E-05 5.28123934E-04
10 11 1.16778988E-05-7.15652704E-05 2.68674676E-04 8.00673745E-06 6.93506596E-05
10 12-1.18463817E-06-5.44686681E-06 2.65756638E-05-2.14166675E-04 1.97671149E-05
10 13 5.09658485E-05-1.18231440E-04 1.48559643E-05-8.08009089E-05-3.14390375E-05
10 14 2.28893153E-04 6.83956292E-05-1.31508121E-04-3.12569684E-06-1.51916451E-03
10 15 2.93504678E-04 3.89698147E-04
11  1 1.85385796E-03-1.05170136E-02 3.30520044E-04 2.04204071E-04 3.43992124E-03
11  2 1.45727750E-02-5.71518353E-04-2.83390145E-04-7.07132560E-03 3.55423371E-03
11  3 9.92209433E-04-1.41582865E-04 2.63831529E-03-2.44517899E-02 2.17726451E-02
11  4 6.93092741E-03 1.56498046E-02-1.89509978E-02 5.01647986E-02-1.09432182E-02
11  5 8.74276676E-03-5.39433422E-03-9.82801004E-02 1.07071236E-01-3.74749248E-02
11  6 2.14177139E-02-4.69442172E-02 1.54828059E-01 1.43390904E-02-8.29276238E-03
11  7-2.35665257E-04-1.21464369E-01 1.08877734E-01 4.33497816E-02-3.93564825E-02
11  8-3.30585432E-02 3.70840093E-01 4.72756775E-02-4.17241301E-02-4.43423058E-02
11  9 5.74595302E-03-5.36185771E-03 7.57460244E-03 2.34863454E-04-1.61813726E-01
11 10 1.47991963E-01-4.85297714E-02 3.17965082E-02 4.29455984E-02 4.93612341E-01
11 11-5.25524226E-02 4.52924322E-02 4.63489821E-02-4.44705677E-02 3.88776643E-02
11 12-1.34496327E-02-1.38479148E-02-3.13720588E-03 1.37572649E-01-1.63268318E-02
11 13-1.72401683E-02 3.50466394E-03 1.77463357E-02 6.55961103E-03 3.50173211E-02
11 14 6.60744107E-03 7.30523430E-02 1.20827831E-02 2.65123607E-02-1.27872674E-02
11 15 4.98969171E-02 3.34912670E-03
12  1-1.53981080E-03 8.76969118E-03-4.08484013E-04 2.48418810E-05-1.88953966E-03
12  2-8.96182927E-03 9.37438338E-04 5.08539962E-04 2.28517464E-03-6.84337718E-03
12  3-2.06262893E-03-3.38628880E-03 2.26472531E-03 2.51614365E-03-1.84094624E-03
12  4 1.21308246E-03-9.27947798E-03-5.42489658E-03-6.34767240E-03 6.60807767E-03
12  5-1.77336760E-02-1.17743323E-02 1.76349927E-02-1.62498463E-02 2.78042442E-02
12  6-9.37132957E-02-5.28277505E-02-2.96306610E-02-6.89675838E-03-6.67863405E-03
12  7 1.76691592E-03 1.55550783E-01-1.43221981E-01-5.18468515E-02 2.38784848E-02
12  8 3.67702620E-02-4.88414159E-01-5.86757529E-02 3.07398002E-02 3.94600004E-02
12  9-8.64957339E-04 2.51735135E-03-6.31011044E-04-3.07844599E-03-1.54112102E-01
12 10 1.44225262E-01-5.41807398E-02 8.77069583E-03 2.27010303E-02 4.90512385E-01
12 11-4.87848362E-02 1.33516345E-02 3.64424419E-02 7.94169633E-02-7.21963813E-02
12 12 2.45225543E-02 1.04989321E-02 1.26750415E-02-2.50647430E-01 2.60837236E-02
12 13 1.48789735E-02 8.05794096E-03-4.00065252E-02-1.04661344E-02-2.08524738E-02
12 14 3.94620667E-03 8.32119336E-02 1.40711175E-02-1.73281527E-03 7.10884518E-03
12 15-7.41903514E-02-1.60026355E-02
13  1-2.04294491E-03 1.16693350E-02-4.23452999E-04-2.75347507E-04-2.87815179E-03
13  2-1.46817292E-02 8.92406316E-04 7.17166988E-04 5.42536281E-03-7.24732933E-03
13  3-1.26129325E-03-1.48732136E-03 1.68995325E-04 1.24980218E-02-1.30447337E-02
13  4-2.38311986E-03-1.00400812E-02 4.52058086E-03-1.50921336E-02 8.52753156E-03
13  5-4.25556825E-03-7.89841059E-03 3.61587075E-02-4.03842955E-02 2.34149812E-02
13  6-3.94377007E-02-1.09203866E-02-6.72019912E-02 3.35709180E-03 1.21053577E-02
13  7-1.46811449E-02 8.85747007E-02-8.12581034E-02-2.79836979E-02 2.64209934E-02
13  8 1.36464833E-02-2.81657093E-01-3.31321186E-02 2.55416174E-02 1.81300409E-02
13  9-4.35218022E-03 2.57516457E-03-4.60940123E-03-2.76606610E-04-2.01645292E-02
13 10 1.73296017E-02-3.74632545E-03 4.78173674E-03-9.62807868E-03 6.89393879E-02
13 11-9.16104103E-04 7.73145314E-03-8.42944719E-03-2.10063490E-01 1.95958020E-01
13 12-5.99052629E-02-4.04274408E-02-5.17735003E-02 6.50587493E-01-6.09074740E-02
13 13-4.67448552E-02-4.81002352E-02 1.10276328E-01 2.42344972E-02 9.69168778E-02
13 14 1.47999654E-02 9.19554435E-03 5.79268476E-03-1.04258086E-02 6.68430582E-03
13 15-1.27513900E-02 6.92198413E-03
14  1 6.36928463E-02-3.67481779E-01 8.32135513E-03 1.53001169E-02 4.51624287E-02
14  2 4.68786289E-01-1.69993044E-02-3.08401531E-02-9.14861622E-02 3.15210557E-01
14  3-9.96094682E-04-4.35283435E-03-8.09025768E-03-1.26305965E-01 1.08357446E-01
14  4 1.73579833E-02 2.57968592E-02 4.06891197E-02 3.85871562E-01 2.02611879E-02
14  5 2.56645017E-02 4.12087099E-02-3.49516714E-02 4.07256875E-02-5.53193426E-03
14  6-4.64657855E-02 5.37216383E-02 4.96394118E-02 5.20992906E-03-5.51481728E-03
14  7-9.29833160E-03 3.49638229E-02-3.16937313E-02-1.03369722E-02-1.38008732E-02
14  8 2.34909545E-02-1.19594522E-01-1.12659285E-02-3.80123894E-03 2.23741010E-02
14  9 5.24033211E-02-1.37340561E-02 5.28968448E-02-1.61969364E-02 2.06544319E-02
14 10-1.82167852E-02 1.13445770E-02-4.89640155E-03 1.23008556E-02-7.70688187E-02
14 11 9.89358350E-03-9.11238921E-03 4.46454105E-03-9.15260580E-03 8.54974884E-03
14 12-1.88533498E-03 3.55077339E-04-6.50061281E-03 3.18205451E-02-1.33789372E-03
14 13-4.27279450E-04-7.22580834E-03 6.81572667E-03 3.05836745E-03 1.16545880E-03
14 14-7.72674188E-03-1.51600419E-02-5.79203937E-03 2.03281529E-02-2.85549821E-03
14 15-2.45331795E-02-1.22278506E-02
15  1 4.73928617E-02-2.76101936E-01 1.38296110E-04-4.01027665E-04-1.28447731E-02
15  2 3.40613930E-01-1.05460971E-03-1.22017758E-03 2.37496611E-02 3.32073943E-01
15  3-3.70147554E-03-4.64963019E-03-1.34056505E-02 1.22558778E-01-1.26120647E-01
15  4-1.94633220E-02-1.92194402E-02 1.06375053E-01-3.27930536E-01-5.98417181E-03
15  5 9.54631385E-03 3.00341486E-02 1.15690077E-01-1.15497327E-01 6.12140187E-03
15  6 8.67194896E-02-6.92716828E-02-3.24475961E-01 2.39936344E-03 4.35254036E-02
15  7-3.12754222E-02-4.83172196E-02 4.17550582E-02 3.98247547E-03 6.10295810E-02
15  8-4.19179053E-02 1.90746940E-01 9.34703039E-03 3.34593275E-02-3.55157248E-02
15  9-6.89152213E-02-5.86099161E-03-7.25913460E-02-7.32993499E-04-4.61559678E-02
15 10 4.09144586E-02-4.93109133E-02-3.09560580E-03-7.49769326E-02 1.81793223E-01
15 11-4.30448233E-02 4.00736678E-03-4.77097401E-02 1.03735672E-02-9.27090787E-03
15 12 9.57478348E-04-5.29851108E-03 1.44203395E-02-4.05825951E-02-8.78834223E-04
15 13-2.33696743E-03 1.28466334E-02-1.22326024E-02-6.96259251E-03 5.89031007E-03
15 14 1.69224585E-02 5.48531360E-02 3.51929102E-02-6.66060416E-02 1.98015719E-04
15 15 5.09350533E-02 3.28093775E-02
16  1 1.83495161E-02-1.07793513E-01-1.42687040E-02-1.67692893E-02-2.64969644E-02
16  2 1.34255851E-01 2.85065484E-02 3.38668857E-02 5.14024406E-02 1.53259028E-01
16  3 1.37114924E-02 1.25355912E-02 1.25420661E-02 1.08815441E-01-9.70510748E-02
16  4 8.38065318E-02 7.38059728E-02-1.55914667E-02-4.06108225E-01 4.40703758E-02
16  5 2.11907224E-02 7.75446637E-03-1.19986170E-01 1.16718751E-01 1.29470401E-01
16  6 1.73177272E-02-5.94538344E-02 4.29712642E-01 8.69873671E-02-7.50060560E-03
16  7-1.65518573E-02 4.60077653E-02-4.15589042E-02 4.54829808E-02-6.46932160E-02
16  8 1.75260108E-02-1.86419632E-01 3.36499083E-02-4.71415153E-02 1.55736827E-02
16  9-1.11501908E-01-3.73513882E-02-8.58310069E-02-2.84194666E-02 1.70607441E-02
16 10-1.53170887E-02 1.44195787E-01 7.02111140E-02 1.17767702E-01-8.17253797E-02
16 11 1.24879970E-01 6.09202544E-02 9.19371046E-02 5.06956471E-04-1.53618651E-03
16 12 9.31636766E-03-1.77950884E-02 5.19897941E-03 3.36970011E-03 1.04779488E-02
16 13-1.75924156E-02 8.79513784E-03-9.28574086E-03-4.96434801E-03 1.48324908E-02
16 14 2.31254943E-03-1.12384897E-01-7.56762146E-02 1.35967816E-01 3.29486298E-02
16 15-3.72942040E-02-3.78312740E-02
17  1-5.10730781E-03 3.02242432E-02 1.16627172E-03 2.60208131E-02 1.06259353E-02
17  2-3.59097036E-02-2.27334535E-03-5.34275445E-02-2.08770439E-02-5.50121895E-02
17  3-6.54790639E-04-2.91339096E-02-1.83442501E-03-4.32470158E-02 3.32877868E-02
17  4 1.91657365E-02-1.58915640E-01 4.71370174E-02 2.13562957E-01 4.01050018E-02
17  5-9.11609797E-02 1.89640034E-02 3.88547046E-02-4.26395847E-02 1.55911530E-01
17  6-7.30193975E-02-1.07061498E-01-1.35300075E-01 1.24896110E-01-2.73100337E-03
17  7-1.05974988E-01-2.44821715E-03-5.86240555E-04 2.20085956E-02 2.04987000E-01
17  8-1.34574536E-01 2.32874878E-02 2.13583558E-02 1.74626401E-01-1.18613342E-01
17  9 1.90354939E-02 6.45255288E-03 1.09316316E-01 5.05282980E-02-1.25528064E-02
17 10 1.06077257E-02 1.50380169E-01 5.25521864E-02 3.75558370E-02 4.82595403E-02
17 11 1.36343731E-01 4.91604561E-02 3.12552284E-02 1.01677042E-02-1.17471287E-02
17 12 2.97765887E-02-1.03316081E-01 1.23387197E-01-3.60186983E-02 2.27733770E-02
17 13-9.18655028E-02 1.19608529E-01-9.95059592E-02-6.64315501E-02 7.17198888E-02
17 14 5.94493801E-02-9.40774544E-02-5.75661590E-02 4.11488719E-02 2.49204960E-02
17 15 1.41807400E-01 1.04529217E-01
18  1 3.43023799E-03-2.03241003E-02-1.48353446E-02 4.28252195E-03-1.59674272E-02
18  2 2.35617228E-02 3.09452613E-02-9.02615455E-03 3.28509628E-02 4.19400192E-02
18  3 1.55672256E-02-8.71980046E-03 1.05768723E-02 8.06918602E-03-4.94335748E-03
18  4 8.63028701E-02-6.56936604E-02-2.22695554E-02-5.92541676E-02 5.91676721E-02
18  5-6.84578184E-02-2.48700754E-02 4.81129638E-03-4.62298529E-03 7.85115604E-02
18  6-1.06466983E-01-3.83355095E-02-3.92891022E-03 3.74470146E-02-8.80554034E-02
18  7 1.32255390E-02-2.19751543E-02 1.91247370E-02-1.25137577E-02 1.41191987E-01
18  8-5.54285980E-02 9.41220821E-02-8.54246492E-03 1.25631517E-01-4.71681051E-02
18  9-5.36939873E-02-2.76349422E-02 4.91558012E-02 3.00283683E-02-1.14594565E-02
18 10 1.27605399E-02-1.28609015E-03-9.30012577E-02 1.08294676E-01 4.54972928E-02
18 11-3.52343123E-03-9.71878051E-02 1.11276180E-01-1.03205616E-03 2.20683029E-03
18 12-9.55406233E-02 2.84597528E-01-1.25639003E-01 9.20995253E-04-8.39817556E-02
18 13 2.62394922E-01-1.16018070E-01 1.71943450E-01 1.25327886E-01-1.90047753E-01
18 14-1.61399658E-01-2.55490002E-03-2.85956904E-03 3.02001721E-02 1.65835547E-02
18 15 6.70940072E-02 7.23429528E-02
19  1 7.29490719E-03-4.31003462E-02 2.80783309E-02-4.35351632E-03-4.48432933E-02
19  2 5.38407036E-02-5.83246975E-02 9.38295710E-03 9.40250630E-02 6.97632264E-02
19  3-4.05653130E-02-5.36822635E-04 5.07133613E-02 3.50252930E-03 1.65124733E-03
19  4-2.00154798E-01-1.27305371E-02-3.20861545E-02-2.33875733E-02-1.57334184E-01
19  5-1.11996696E-02-2.12737576E-02 6.83966608E-03-9.00673580E-03-1.73817982E-01
19  6-3.29102753E-02-2.21640515E-01-1.67709368E-02-1.53222796E-01-3.23877760E-02
19  7-1.53831974E-01 4.78311386E-03-3.35319902E-03-6.36154807E-02-6.77937047E-02
19  8-6.54514240E-02-2.35552810E-02-5.92553611E-02-5.92279851E-02-6.19579780E-02
19  9 1.18130647E-01 7.24291187E-02-4.31648261E-02-2.33270855E-02 5.50644506E-03
19 10-6.24989992E-03 1.18203576E-01 1.06993983E-01 2.22382353E-01-2.38707479E-02
19 11 1.07946970E-01 1.05906876E-01 2.14372040E-01 7.08322823E-04-1.85044816E-03
19 12-1.62565866E-02 3.74290759E-02-2.37432723E-02 2.54101096E-03-1.61702456E-02
19 13 2.98720379E-02-1.85622173E-02 2.68402597E-02 2.22967403E-02-2.39569584E-02
19 14-3.31464178E-02-1.24203046E-01-9.92882756E-02-1.21077064E-01-6.42500130E-02
19 15-1.28663504E-02-1.59896391E-02
20  1-9.74849891E-03 5.78181524E-02 4.22138729E-02 4.27392098E-02 6.10619439E-02
20  2-7.26528002E-02-8.90276699E-02-9.05058720E-02-1.27553346E-01-1.08425752E-01
20  3-5.15369729E-02-4.86884714E-02-6.86956792E-02-9.70533268E-03-1.06021969E-03
20  4-1.38798989E-01-9.66168070E-02 1.91232542E-01 9.16389728E-02-1.16817125E-01
20  5-3.92484662E-02 1.58319704E-01 1.26491082E-02-8.53247572E-03 1.30896884E-01
20  6 2.32531546E-01-6.42395671E-02-3.54362597E-02 1.46097842E-01 1.39701828E-01
20  7-4.96523258E-02 3.10627164E-03-6.62629342E-03 9.55912164E-02-9.52175131E-02
20  8 6.31170899E-02 1.05148058E-02 9.27926505E-02-1.01160274E-01 6.40250782E-02
20  9 8.63541094E-02 4.77114658E-02 1.92903899E-02 2.37016166E-02-3.86885384E-02
20 10 3.55196131E-02 1.22062520E-01 6.04153861E-02-1.13304167E-01 1.62241914E-01
20 11 1.20005258E-01 5.67964368E-02-1.13913159E-01 2.17871282E-02-1.61707286E-02
20 12-5.45563522E-02 1.00729689E-01-1.35061309E-01-1.04504550E-01-4.94509230E-02
20 13 1.01931343E-01-1.29885924E-01 1.06975394E-01 7.80111497E-02-3.98907462E-02
20 14 3.64111720E-03-4.28266898E-02-2.33085533E-02 7.18673715E-02 3.62962344E-02
20 15-6.51622222E-02-8.63453081E-02
21  1-2.87526060E-03 1.70560552E-02 4.94832598E-02-4.86588028E-02 3.75801755E-02
21  2-1.94862586E-02-1.04254343E-01 1.02307166E-01-8.00850775E-02-3.34853853E-02
21  3-6.83769142E-02 7.13011142E-02-4.72672008E-02-5.28248025E-03 1.04353978E-03
21  4-1.96734488E-01 2.53427511E-01-5.63709084E-03 3.14251343E-02-1.92330596E-01
21  5 2.28065458E-01-1.37824682E-02 1.23191840E-03-1.73819972E-03 1.04598327E-01
21  6-9.97890850E-02 8.73526678E-02-8.34072735E-03 1.21123592E-01-6.26103906E-02
21  7 5.98834193E-02 5.59067620E-03-4.34375230E-03-1.39271609E-03 1.85588440E-01
21  8-1.16526491E-02-2.32898802E-02-5.30255812E-03 1.77700267E-01-2.01916565E-03
21  9 1.32082522E-01 7.52129732E-02-2.05141367E-01-1.33368062E-01-1.84880748E-02
21 10 1.80794749E-02 4.87781206E-02-7.84815562E-02-3.21029517E-02 7.57736678E-02
21 11 4.96425479E-02-8.30092024E-02-3.21037061E-02-5.69171398E-03 5.45422491E-03
21 12-4.59597399E-03 4.46630864E-02 6.32329050E-02 2.05731877E-02-2.55439344E-03
21 13 4.92958408E-02 6.35270432E-02-1.33054240E-02-1.16962290E-02-2.53510804E-02
21 14-1.87136159E-02-5.91404760E-03 2.11534177E-03 6.69524133E-02 3.79663082E-02
21 15 8.62282939E-02 1.06006228E-01
22  1-2.30859758E-03 1.37027058E-02-1.24357328E-02-8.95006700E-03 3.17079532E-02
22  2-2.02627589E-02 2.71785523E-02 1.70416095E-02-6.55189749E-02-2.15582942E-02
22  3 1.55773705E-02 2.38325215E-02-4.78183091E-02-3.36489374E-03 2.88959051E-03
22  4 1.00947320E-01 4.58990377E-02-5.69087122E-03-2.03301208E-02 5.44290284E-02
22  5 7.15764962E-02 9.08401967E-03 4.46052125E-02-4.59390651E-02-6.56569536E-02
22  6-1.13871619E-01 5.69704339E-02-1.48710545E-01-4.18154300E-02-1.17741218E-01
22  7 6.83544642E-02-7.41665440E-02 6.33548930E-02-1.62739913E-01 4.98762837E-02
22  8 1.56031946E-01 3.38314119E-01-1.60958915E-01 4.72171106E-02 1.67450642E-01
22  9-6.77889563E-02-5.87480547E-02 3.63353499E-03 3.54335337E-02-6.27879164E-02
22 10 5.56679113E-02 2.65169068E-01-5.81320333E-02-3.16423557E-02 2.77234490E-01
22 11 2.77672086E-01-6.51374935E-02-3.32041744E-02 1.53722199E-02-6.54972239E-03
22 12 8.59067013E-03-7.49606082E-02-1.16248536E-01-9.06647243E-02 1.48833931E-02
22 13-6.48783172E-02-1.36838933E-01 2.72605511E-02 3.96421597E-03 5.37588635E-02
22 14 9.88791930E-02-1.36822403E-01-1.04252456E-01-8.53293986E-02-5.27762293E-02
22 15-8.01162701E-02-6.50234975E-02
23  1 1.13407077E-02-6.76229908E-02-6.61640873E-03-4.96082634E-02-1.84649692E-01
23  2 6.77246183E-02 1.50449277E-02 1.05480137E-01 3.94522646E-01 1.86495990E-01
23  3-1.38847306E-03 6.18180856E-02 2.24977217E-01 8.37523781E-03 8.90914785E-03
23  4-1.39278612E-01-1.55654221E-01-1.63508641E-01-1.04451021E-01-1.62826919E-01
23  5-1.44879339E-01-1.82202849E-01-1.86475212E-03-4.67397864E-03 1.04182009E-01
23  6 3.75784398E-02 4.94336319E-02 4.53985628E-02 1.08868634E-01 3.19985367E-03
23  7 8.63031642E-02-2.33588246E-02 1.89760753E-02 2.56096283E-02 1.34775329E-02
23  8 1.11900214E-01 1.12513944E-01 2.66278778E-02 1.13365127E-02 1.19925871E-01
23  9 1.10598266E-01 9.02016541E-02 6.73887091E-02 7.98898833E-02-6.69368807E-03
23 10 7.41219193E-03 3.16365251E-02-1.27424757E-01-7.22344980E-02 2.85907694E-02
23 11 3.85189982E-02-1.43568070E-01-7.43538177E-02-2.19681902E-03 4.60460569E-03
23 12 4.04023712E-02-4.99417236E-02-4.36957756E-02 2.91242265E-03 4.95245581E-02
23 13-4.62348723E-02-5.49563031E-02-5.47260096E-03-1.26589302E-02 2.16962619E-02
23 14 3.11639584E-02 1.28346297E-02 1.87777138E-02 7.58789040E-02 5.94635382E-02
23 15-4.47095216E-02-4.50572770E-02
24  1-1.69262570E-03 9.93720424E-03 1.56216626E-02 3.27667556E-02 2.31477184E-02
24  2-1.87351102E-02-3.30903284E-02-7.07960909E-02-4.85285565E-02-1.96096509E-03
24  3-2.78749334E-02-5.20465205E-02-4.62151508E-02 1.08800636E-02-1.93132938E-02
24  4 7.48161358E-03-4.19810864E-02 6.74215788E-02-1.40104743E-02-1.58812004E-02
24  5-1.40751424E-02 2.34162031E-02 1.19176977E-02-8.88458448E-03-4.78026895E-02
24  6 7.10656198E-02-1.39379498E-02-6.43743008E-02 1.76007316E-02 2.67537433E-02
24  7-2.64078509E-02-3.55275002E-03 5.85082397E-03 4.34835033E-02-9.56649484E-02
24  8 9.96718367E-02 8.29486210E-03 5.28265659E-02-1.21044351E-01 1.30736819E-01
24  9-2.60349797E-02-3.39449657E-02 1.74060906E-02 4.17967908E-02-3.25492377E-02
24 10 3.11253277E-02 7.44616005E-02-1.87938435E-01 6.64456650E-02 1.44876299E-01
24 11 7.72700367E-02-2.23137127E-01 8.05857883E-02-8.08506876E-02 7.24160468E-02
24 12 2.44393544E-01 1.49568858E-01 2.12110173E-01 3.55699901E-01 2.83113691E-01
24 13 1.74441859E-01 2.21647266E-01-1.19460819E-01-1.05411825E-01-8.78321138E-02
24 14-9.73064608E-02-3.16945080E-02-4.55018529E-02-4.72782471E-02-3.24649442E-02
24 15-3.50299556E-02 3.22068416E-02
25  1-2.38274034E-03 1.39886099E-02 8.05671775E-02 7.18612257E-02 2.84678121E-02
25  2-2.41658132E-02-1.72130925E-01-1.55649752E-01-6.05525485E-02-1.04179105E-02
25  3-1.41254499E-01-1.13938836E-01-5.31681496E-02 2.87799760E-02-2.94742086E-02
25  4-3.76988588E-02-4.31334348E-02 1.14112294E-01-1.66249816E-01-5.08104597E-02
25  5-6.06079991E-02 1.07929863E-01-3.47198864E-03-5.34429302E-03 1.50316257E-01
25  6-5.24927128E-02-9.91134366E-02 7.33669469E-02 2.51509480E-02-4.78768848E-02
25  7-7.02203047E-03-4.81267395E-02 4.27423456E-02-1.41101473E-01 9.54528918E-02
25  8 1.21600861E-01 2.09155580E-01-1.57783818E-01 1.17266779E-01 1.31855246E-01
25  9-2.07607952E-03 2.67163241E-02-2.17325749E-02-1.31176524E-02 3.96234313E-02
25 10-3.54501645E-02-1.87496399E-01-1.31307221E-02 2.02473543E-01-1.77388806E-01
25 11-1.94704081E-01-1.27466929E-02 2.33590973E-01-1.08506022E-02 9.19209983E-03
25 12 1.30975787E-01-1.22245496E-01-1.18383288E-01 6.17621508E-02 1.53400048E-01
25 13-1.42799619E-01-1.49912893E-01-2.31302388E-02-1.81318327E-02 3.16610010E-02
25 14-3.25876846E-02 8.04875093E-02 6.60107204E-02 1.03627588E-01 1.18003330E-01
25 15-7.45837150E-02-7.65948890E-02
26  1-1.31447142E-04 7.73135815E-04-1.18010263E-01-1.84908103E-01 7.10775568E-02
26  2-5.59312670E-03 2.54218178E-01 3.97323753E-01-1.51729362E-01 1.04880485E-02
26  3 2.12768868E-01 3.40233888E-01-1.39194177E-01-4.41203668E-03 2.52896618E-03
26  4-4.58951559E-02-8.65036295E-02 1.94399794E-02 3.41175004E-02-5.66273483E-03
26  5-4.22867600E-02-1.13124084E-02 2.21510201E-02-2.17034705E-02 6.30526598E-02
26  6 1.71263767E-02-8.76482332E-02-1.13922437E-01 1.58020665E-02 8.70205630E-02
26  7-3.53910227E-02-1.57854980E-02 1.69690826E-02-5.77286810E-02 5.30830885E-02
26  8 9.25376742E-02 4.82173221E-02-7.56952194E-02 6.48013997E-02 1.07111661E-01
26  9 4.43809236E-02 6.43526455E-02 5.00982242E-02 4.22337060E-02 7.32364505E-03
26 10-9.85293214E-03-5.78205361E-02 1.96319625E-01 2.14265095E-02-9.93186442E-03
26 11-5.88440406E-02 2.23797973E-01 4.26845534E-02-1.79965658E-02 1.75340895E-02
26 12 1.33093134E-01 8.24502989E-02-6.56346486E-03 7.35406443E-02 1.59109611E-01
26 13 9.26659165E-02-1.23621006E-02-1.54445498E-02-1.10071893E-02-2.56899479E-02
26 14-1.96907852E-02 1.95171919E-02 7.79394426E-03 2.39467875E-02 5.52409104E-02
26 15-3.95588833E-02-1.25506024E-02
27  1-2.14506354E-04 1.28305719E-03-2.13346075E-01 1.62348236E-01-2.00636667E-02
27  2-2.42794118E-03 4.59408949E-01-3.49666436E-01 4.34978131E-02-1.68954149E-03
27  3 3.94176949E-01-2.97411926E-01 3.63573400E-02 2.27664316E-03 1.20455387E-03
27  4-1.09531038E-01 6.76034419E-02-5.64961457E-03-3.42395618E-02-6.00522174E-02
27  5 3.31807422E-02 1.41059664E-02-2.46120991E-03-4.23606252E-04 3.68043920E-02
27  6-1.81920172E-02 1.08832983E-02 2.13337850E-02-2.28221330E-02-1.14655437E-02
27  7 1.11454328E-02-7.79533275E-03 1.01384035E-02-8.50569566E-02 1.66327594E-02
27  8-4.94140832E-03 1.79949046E-02-1.00018403E-01 2.61137086E-02-7.55441389E-03
27  9 9.16947539E-02 1.12063190E-01-9.06337639E-02-9.87481367E-02 9.54246214E-04
27 10 1.20265926E-03 5.75133166E-03 3.10469589E-02-3.36107148E-02-1.31270579E-02
27 11 1.29112055E-02 3.47882496E-02-4.13927335E-02-5.55908472E-03 5.87988651E-03
27 12 4.59184909E-02 2.98332819E-02-1.41172176E-03 1.97398730E-02 5.43584610E-02
27 13 3.56780345E-02-3.73296663E-03-5.86456467E-03-3.97454424E-03-8.90150197E-03
27 14 2.51876502E-03 5.40641787E-03 9.48200427E-03 4.34158197E-02 7.71758458E-02
27 15-9.16286445E-03-3.32624281E-04
28  1 9.04298429E-05-2.92209918E-04 9.53826789E-02 4.33549110E-02-7.69139683E-02
28  2 4.73757569E-03-2.05406123E-01-9.36567509E-02 1.66900685E-01-2.31990729E-02
28  3-1.74073887E-01-7.16308387E-02 1.53944224E-01-5.54997664E-03 1.61515016E-02
28  4 5.71077873E-02 6.40972169E-03-5.41477129E-02-2.32815661E-02 5.31183164E-02
28  5 1.82056608E-02 3.76623133E-02-1.09185258E-02 3.96773269E-03 4.19645422E-02
28  6-6.56168512E-02 5.81839880E-02 8.28393479E-02-4.17361899E-02-4.48345901E-02
28  7 2.77425891E-02-1.44542421E-02 1.88229809E-02-2.33441900E-01-9.99248119E-04
28  8 4.19126433E-02 2.19959478E-02-2.77629127E-01-1.02271532E-03 4.87795426E-02
28  9-2.84404236E-02-1.81651100E-03 2.55653384E-02 1.52135464E-02 3.77586368E-03
28 10 1.15979661E-04 5.55620069E-03 2.78699320E-01-1.78200783E-01-3.35679683E-02
28 11 1.41272916E-02 3.22580727E-01-2.17636964E-01-1.65218480E-02 1.80404290E-02
28 12 3.26761044E-02 1.84857919E-01 1.26601765E-01 5.19028363E-02 3.82186988E-02
28 13 2.14361319E-01 1.42068506E-01-1.54620583E-02-9.50956062E-03-4.15761738E-02
28 14 7.83120779E-03 1.00677380E-02 7.24825415E-03 5.63747065E-02 7.41412244E-02
28 15-3.25471257E-02 5.63683507E-02
29  1 7.60176131E-04-4.31364937E-03 2.85223835E-02 1.97164068E-03-1.76443660E-02
29  2 1.90734123E-02-6.24990402E-02-2.20679791E-03 3.56169006E-02-2.80230222E-02
29  3-4.98961149E-02-1.38756279E-02 5.89756242E-02-1.96206315E-02 2.08666833E-02
29  4 3.74727993E-02 7.26090102E-02-5.64132294E-02 1.12224352E-01 5.12744081E-02
29  5 5.29950733E-02-2.98861115E-02-9.69668879E-03 1.78069835E-02-4.59834984E-02
29  6-2.36452623E-02 3.87692194E-02 1.23940037E-02-1.58387060E-02-1.91529399E-02
29  7-1.35899009E-02 1.50061721E-02-1.62658416E-02 8.43960236E-02 2.92553810E-02
29  8-2.38963862E-01-3.66621751E-02 1.03614062E-01 4.13250968E-02-2.74781483E-01
29  9-9.25081765E-03-2.63563446E-02-1.91248843E-02-4.71916346E-02-1.98294701E-03
29 10 6.63687752E-03 3.35779400E-02 4.64203401E-02-1.06478170E-01-9.23300555E-03
29 11 2.89750924E-02 3.69623557E-02-1.27672354E-01-1.93086927E-03 4.18333353E-03
29 12 3.53557660E-01 2.69453605E-02-2.61606665E-01-1.52157354E-02 4.20370756E-01
29 13 4.27765529E-02-2.95965432E-01 6.77775829E-03 1.09401582E-02-1.75473399E-02
29 14 7.33037933E-02-6.01483679E-03-2.38346128E-02-2.49036589E-02-3.46490110E-02
29 15 5.49274293E-02-5.63100298E-02
30  1-5.43557027E-04 3.15953939E-03 7.37926401E-03 5.99552889E-02-3.73677943E-02
30  2-1.30104747E-02-1.51524981E-02-1.31647079E-01 8.24304829E-02 2.14811918E-02
30  3-2.17671988E-02-1.07507729E-01 5.33075430E-02-1.60046495E-02 1.72264239E-02
30  4 3.05594911E-02 5.49677066E-02-5.46747459E-02 1.03441180E-01 8.08259953E-03
30  5 1.19530536E-02-6.91236758E-02 2.82138970E-03 2.63675749E-03-9.56000095E-02
30  6-5.08728732E-02 2.32331707E-02-1.24509099E-02-1.40218231E-02 5.66222379E-02
30  7 8.88786158E-02 6.18957754E-03-6.71276173E-04 3.06610898E-01 1.97775894E-01
30  8 2.62725517E-01-5.64015250E-02 3.51214484E-01 2.36270064E-01 3.01351655E-01
30  9-1.36636652E-02-6.70522096E-02-1.38237197E-02-4.63119736E-02-1.12052706E-02
30 10 1.38053539E-03-2.78532132E-02 2.06397940E-01 5.14718237E-02 1.10881268E-01
30 11-3.54294812E-02 2.37045377E-01 8.45736591E-02 2.23216915E-03-3.63809610E-04
30 12 1.81775049E-02 2.71200287E-02-1.30123696E-02-1.70533924E-02 2.94664608E-02
30 13 3.24815986E-02-1.61695822E-02 8.74944771E-03 8.20099077E-04 6.06191626E-03
30 14 8.65023510E-03-1.47361187E-02-6.61655285E-02-1.17790401E-01-1.67765868E-01
30 15 1.59699988E-02 3.40604513E-02
 $END   
 $GRAD  
E=     -762.3134438253  GMAX=   0.0072035  GRMS=   0.0022493
CL          17.   -4.2000107879E-04    7.1668750069E-04   -9.3856318945E-05
C            6.   -9.8936926015E-05   -3.1665418127E-04    3.1956801123E-04
C            6.    4.5565450838E-03    3.4859337615E-03    8.3759521212E-04
O            8.   -4.7345088253E-03   -1.4125794248E-03   -2.3930970391E-04
H            1.    3.3224721843E-05    5.5171404929E-04    1.2458477829E-04
H            1.    3.4557451389E-04    8.0973082392E-05    1.3751054607E-04
O            8.    1.3365930357E-03    5.7403824037E-03   -2.3095091362E-03
O            8.   -3.7173615632E-04    4.6322017073E-04    7.0264516658E-04
H            1.   -1.4813352453E-05   -3.8706746546E-04   -1.9092681694E-04
H            1.   -3.1611021429E-03   -7.2035347297E-03    3.8828182549E-03
H            1.    2.3012128503E-04    1.0795139157E-03   -2.7347393434E-03
H            1.    2.8731565041E-04   -2.4250885448E-03   -8.6965921383E-04
H            1.    2.0117239193E-03   -3.7350044474E-04    4.3327853070E-04
 $END
-------------------- DATA FROM NSERCH=   6 --------------------
 COORDINATES OF SYMMETRY UNIQUE ATOMS (ANGS)
   ATOM   CHARGE       X              Y              Z
 ------------------------------------------------------------
 CL         17.0   3.1061420066   0.7181469229   0.4015668939
 C           6.0   2.7576526146   0.1158943401  -1.3489919256
 C           6.0   3.3552990505   1.0896883473  -2.3426671274
 O           8.0   2.6699233584   2.3093839560  -2.2904388500
 H           1.0   1.6741080904   0.0903635048  -1.4354399478
 H           1.0   3.2109287610  -0.8673331337  -1.4242612708
 O           8.0   3.2209160475   0.4744361242  -3.6908502346
 O           8.0   3.7713528688   2.8092556853  -4.5135791967
 H           1.0   3.2005339065   3.1647514543  -5.2317510738
 H           1.0   3.6591321663   1.7916075223  -4.4864796341
 H           1.0   2.2551390581   0.3857859324  -3.8938774089
 H           1.0   4.4387156085   1.1543423269  -2.2210301461
 H           1.0   3.0787714849   2.8467053614  -3.0717301931
--- CLOSED SHELL ORBITALS --- GENERATED AT 10:08:54 30-JUL-2026    
Chloroacetaldehyde hydrate and water                                            
E(R-WB97X-D)=     -762.3135619178, E(NUC)=  315.9040243401,    7 ITERS
 $VEC   
 1  1 9.85802692E-01 5.34289419E-02-2.02314881E-05-4.16474457E-05-1.72431379E-04
 1  2-1.87698241E-02 5.93661606E-05 1.28676473E-04 6.46907948E-04 1.02663853E-02
 1  3-2.33562039E-04-4.83030208E-04-1.78772083E-03-3.26059684E-05-4.20827086E-04
 1  4-2.85947584E-06-2.11664957E-05-1.46682711E-04 7.69133778E-04 3.48186488E-07
 1  5 3.33168407E-04-1.44195986E-03 7.82400549E-05 6.26927566E-04-2.38779018E-05
 1  6 1.96748775E-05 3.41978583E-04-1.94145276E-03 5.94230641E-04-2.53633384E-05
 1  7-1.79246675E-03-1.88701440E-05-1.33277841E-04-2.07637597E-05 1.31081090E-05
 1  8 3.01101001E-05 6.42695100E-04 1.64394278E-04-2.90234626E-04 9.94719475E-05
 1  9 1.52805607E-04-8.40973341E-04 2.08176234E-04-7.55792830E-04 1.28471716E-05
 1 10 1.27276730E-04 2.03671919E-05 1.09617490E-05 4.60580533E-05-4.90305519E-04
 1 11-1.12094338E-04-8.92331432E-05-2.34776675E-04-1.33671385E-06-7.04286155E-06
 1 12-1.43022726E-06-3.31384581E-06 2.65239037E-05 6.39980721E-05-1.66718074E-07
 1 13-1.07956402E-05-8.15172366E-05-3.40775572E-05 2.96093018E-05 4.20810482E-05
 1 14-2.41751334E-04-2.21853057E-05-3.42406894E-05 2.83775595E-04-2.74097932E-04
 1 15-4.53251828E-05 2.47471945E-05
 2  1-9.08384868E-06 6.09061874E-05 1.57533567E-05 3.44115186E-05-6.31271124E-05
 2  2-9.77800712E-04-8.74923311E-05-2.03734973E-04 4.37237952E-04 1.51865431E-03
 2  3 2.49998806E-04 7.00601122E-04-1.56193182E-03 2.55514531E-04 8.41455401E-04
 2  4-2.85598905E-04-2.37281557E-04 8.44737764E-04-7.69906063E-03-5.97435815E-04
 2  5-2.22700609E-03 3.56890770E-03-1.13334486E-03-4.85625959E-03-9.85332090E-05
 2  6-1.62259939E-05-1.44466049E-03 2.49158701E-02-4.64955751E-03-5.64864448E-03
 2  7-8.48324759E-03 5.77522076E-03 1.99008105E-03-1.10731043E-04-3.51612982E-04
 2  8-3.54575607E-04-5.20076624E-03-2.64104634E-04 3.48207624E-03 2.25837504E-03
 2  9 9.72710420E-04-7.10690813E-04 3.58627602E-04-4.62969673E-05 9.82594490E-01
 2 10 1.04910932E-01-1.98146228E-03 1.80925928E-03 2.04486926E-03-5.05119734E-02
 2 11 3.68606937E-03-5.80245139E-03-7.47066829E-03 5.81163987E-03 1.86157141E-03
 2 12 1.11089575E-04-5.67640824E-04 3.05633179E-05-4.00946821E-03-1.91625683E-04
 2 13 3.00822500E-03-2.49000439E-04 3.54014235E-04-1.31790979E-03 6.56500815E-04
 2 14 6.22165823E-03 3.48770741E-03 4.55372401E-03-1.52679551E-03-1.37291380E-03
 2 15 4.40291519E-04-1.07356822E-03
 3  1 6.27235086E-06-4.97450699E-05-2.49944702E-05 2.80152074E-05 3.80961046E-05
 3  2 4.62083570E-04 1.66596451E-04-1.40001741E-04-2.33536249E-04-5.70921194E-04
 3  3-7.17762894E-04 4.68951894E-04 3.33951281E-04 2.07334086E-04 7.31054941E-04
 3  4-5.47230313E-04-5.98946690E-04 4.73341850E-04-6.55233143E-03 3.37968586E-03
 3  5-3.95807438E-03 2.37466349E-03-9.49223854E-04-3.87337357E-03-3.16027801E-04
 3  6 2.08185647E-03-1.66867247E-04 2.39290428E-02-1.08177821E-02 8.65648614E-03
 3  7-6.26100051E-04 9.78506541E-01 1.05189844E-01 2.74861927E-03-1.83387955E-03
 3  8-2.13825845E-03-5.38458064E-02-7.69771990E-03 7.42556880E-03 5.59545939E-03
 3  9 9.47672311E-04 1.84406765E-03-5.08184545E-04-2.00941246E-04-5.88794946E-03
 3 10 8.62642809E-04-2.89916748E-04 4.47833136E-04 1.28585862E-04-4.71977464E-03
 3 11 1.65022489E-03-3.22387547E-03-2.22405295E-03 9.06398458E-02 1.06603816E-02
 3 12-3.53052250E-04-9.42016140E-05 6.30299515E-04-6.62090027E-03 1.20396424E-03
 3 13 3.70379915E-04-2.76093286E-03 4.25538286E-04-3.83858726E-04 6.09153325E-04
 3 14 1.58797665E-04 8.99994356E-04-1.28187470E-03-8.59782358E-04 3.78503506E-04
 3 15 3.18310435E-03 8.65720499E-03
 4  1-2.86393697E-07 2.74254873E-06 1.22623131E-05-6.65500362E-06-2.39651925E-06
 4  2-1.52457688E-05-6.55349436E-05 3.10448887E-05 1.76535612E-05-2.97702431E-05
 4  3 1.28514640E-04-2.68071530E-05 1.95679466E-05-1.04046590E-05 6.59216677E-05
 4  4-1.48431021E-05 1.52014063E-04-1.56178034E-04 5.24382230E-04 5.84854052E-05
 4  5 2.26109486E-04-8.65244069E-05 1.75706305E-04 9.39137034E-04 5.92061578E-05
 4  6-2.41320792E-04-3.43179273E-05-4.08833921E-03 1.31409862E-03-1.26631562E-03
 4  7 5.38824125E-04-9.04422526E-02-8.50362148E-03-1.70316972E-04 6.73419978E-04
 4  8-7.00148793E-05 1.18233054E-03 5.46952921E-05-2.97248332E-03 1.33193474E-03
 4  9-8.76704432E-05 2.51556905E-04 6.21091426E-05-2.09082009E-04-5.02672222E-03
 4 10 4.88115422E-04 3.68475768E-04 4.84277190E-04-5.59060466E-04-1.85756129E-03
 4 11-1.38834982E-03-2.00291545E-03 2.37401054E-03 9.78216349E-01 1.02731117E-01
 4 12-2.16750207E-03-1.69492635E-03-1.20567513E-03-4.43688952E-02 4.56970618E-03
 4 13 4.51011422E-03 1.97486916E-03 3.00339106E-03 5.69878764E-03 2.41424660E-03
 4 14 1.07039322E-02 4.92913405E-04-1.37354335E-03 4.35931683E-04-7.05874877E-04
 4 15-6.40069728E-05 5.93276643E-03
 5  1 7.57115573E-05-9.83376442E-05-5.79044012E-06 4.16919474E-05-2.11367519E-04
 5  2-2.19074184E-03 4.90306905E-05-2.74508742E-04 1.44226467E-03 2.89760393E-03
 5  3-5.81955856E-04-1.66113426E-04-2.22505660E-03-9.71644668E-03-4.18117118E-03
 5  4-1.81158937E-04-2.59253970E-04 7.86002943E-05 2.59600806E-02 6.50893516E-03
 5  5 1.00027584E-02-1.26382959E-02 9.86584715E-01 1.10735077E-01-1.96572054E-04
 5  6-8.08186658E-04 3.77796754E-05-8.60142849E-02 2.50869494E-03 1.02611114E-02
 5  7-5.91542013E-03-5.27344860E-05-4.54269244E-04 3.72257986E-04 1.41404856E-04
 5  8-2.36025629E-04 7.99180456E-03-3.75757401E-04-3.50880347E-03 1.25972299E-03
 5  9-1.55936082E-03 1.35152863E-03-1.60738022E-03 1.29298655E-03-2.01614187E-04
 5 10-9.70814428E-04-4.71534750E-05 3.45648477E-04 1.55376093E-04 9.94478694E-03
 5 11 6.10605291E-04 6.99680803E-04 5.20663507E-03 5.22787895E-05 4.21152873E-04
 5 12 1.25901291E-05 1.26272144E-04-1.05087512E-04-1.64550553E-03 1.50455550E-04
 5 13-2.35641637E-05-4.11993262E-05 4.96464115E-04-7.83438374E-04-3.97386772E-04
 5 14 2.37123933E-03-6.31496866E-04 3.41721133E-03-1.89713658E-04 1.66873329E-02
 5 15-2.76956548E-05 3.38282841E-03
 6  1-2.20830187E-05-1.76124272E-04 6.37687852E-05 1.07691978E-04 3.27936337E-04
 6  2-2.15431239E-03-3.80103494E-04-6.41533715E-04-1.88479627E-03 1.30869905E-02
 6  3-1.32340800E-03-2.31777726E-03-8.67150699E-03 9.86482114E-01 1.11896638E-01
 6  4 3.15247667E-04 6.09816537E-04 1.14184755E-03-8.97722408E-02-2.95645239E-03
 6  5-5.24515320E-03 2.32831112E-03 9.03676125E-03-1.82884661E-03 2.68972882E-04
 6  6 3.04003476E-04-5.23941864E-06 2.27707446E-02-5.47059685E-03-9.13737568E-03
 6  7 8.93987892E-03 3.64654344E-05-8.78975232E-06 6.17134419E-05 5.48726060E-04
 6  8-3.73779634E-04-1.31129561E-03-2.91665957E-04-6.39404046E-04 8.42848250E-04
 6  9-6.69003989E-05 1.55564266E-02-1.52965143E-04 1.54381332E-02 1.96525679E-05
 6 10-1.24772768E-04 2.14471459E-04 1.83802259E-04-4.35696587E-04-9.26082706E-04
 6 11-5.96125768E-04-5.19767159E-04 9.21773008E-05 2.30970530E-05 1.80249819E-04
 6 12-5.11959558E-05 4.57250079E-05-1.07933143E-04-7.85599085E-04 2.30884252E-04
 6 13 2.96507739E-05 2.88754517E-04 3.26687005E-04-3.28237745E-04-1.12898659E-04
 6 14 1.54113685E-03-4.98262967E-04 5.41792976E-05-1.30900402E-03 9.31792356E-04
 6 15 5.35870520E-04 1.34877446E-03
 7  1-3.05120868E-01 9.77065136E-01-1.62808302E-03-3.10748495E-03-8.42178211E-03
 7  2 1.54291022E-01-6.33433909E-04-1.29400724E-03-5.18004620E-03-6.77337245E-02
 7  3 1.68442874E-03 3.40094566E-03 1.19738838E-02 2.36534102E-06 1.69330897E-03
 7  4-5.77502322E-05 9.26226846E-06 4.42436161E-04-2.28293981E-03 3.82954115E-04
 7  5-1.36948458E-03 9.58536155E-03-4.52189623E-05-3.27296827E-03 1.47855807E-04
 7  6-1.33456505E-04-1.95146890E-03 1.03789103E-02-3.51452316E-03 2.63820873E-04
 7  7 1.03481360E-02 9.59374932E-05 6.42917215E-04 8.87474073E-05-7.89209292E-05
 7  8-1.44641623E-04-3.49558594E-03-8.63799694E-04 1.64523772E-03-5.75866632E-04
 7  9-9.80658953E-04 5.07365880E-03-1.29840788E-03 4.54145047E-03-7.49324294E-05
 7 10-6.90214238E-04-1.04941599E-04-4.21224196E-05-2.63409336E-04 2.95648170E-03
 7 11 6.39935862E-04 4.92066917E-04 1.55104098E-03 8.12810744E-06 4.71320128E-05
 7 12 8.03106584E-06 1.09918906E-05-1.30119014E-04-3.94258239E-04-3.87617578E-06
 7 13 9.52636013E-05 4.34456797E-04 1.84439273E-04-1.90617976E-04-2.28264152E-04
 7 14 1.44779514E-03 6.91773495E-05 3.53985212E-04-1.55236396E-03 1.86122197E-03
 7 15 2.07713810E-04-1.16886510E-04
 8  1-3.24594929E-03 1.09893169E-02 1.76057070E-01 3.06281249E-01 9.04111785E-01
 8  2-3.17036433E-03 1.61172288E-02 2.81085335E-02 8.42067583E-02 4.62753028E-03
 8  3-5.18290675E-03-9.24927703E-03-2.89234676E-02-7.10345276E-04-4.40552742E-03
 8  4-1.85153762E-05-1.18602616E-04-3.63720462E-04 9.19624278E-03 1.20418240E-03
 8  5 3.18244762E-03-3.00363925E-03 3.76748831E-04 2.72858243E-03 4.46753980E-06
 8  6 1.00621473E-04 9.20504243E-04-1.06981804E-02 2.11953557E-03 8.26912579E-04
 8  7-8.48840175E-03-6.61053745E-05-3.79425411E-04-1.11871293E-04-8.30055561E-05
 8  8 1.19221585E-04 2.41730631E-03 8.20401567E-04-7.98682815E-04 2.78508161E-04
 8  9-2.56885605E-04-3.94456102E-03-5.94414703E-05-3.55560318E-03 3.56828431E-05
 8 10 2.82199033E-04 7.99003898E-05 1.12829022E-04 1.26817561E-05-1.64311934E-03
 8 11-4.45169695E-04-6.45064147E-04-3.33974818E-04-5.88633138E-06-3.27718386E-05
 8 12 2.47209728E-06-2.49803587E-05 8.83186491E-05 2.92004180E-04-2.84643481E-05
 8 13 6.78713228E-06-2.93876954E-04-1.43846333E-04 1.36021837E-04 2.12891931E-04
 8 14-1.01724154E-03-2.89983900E-04 3.10199489E-04 1.16511806E-03-3.71186139E-04
 8 15-2.27438207E-04-1.98436799E-04
 9  1 2.01814257E-06-5.36637001E-05 7.16494335E-01 5.66330293E-01-3.31184823E-01
 9  2 4.43671495E-04 6.42520920E-02 5.08173834E-02-3.01979291E-02 2.34346515E-04
 9  3-2.01266738E-02-1.60483972E-02 9.27671162E-03 1.83016147E-05 1.19822520E-04
 9  4-4.37685018E-05 8.90138063E-05 5.20263999E-04-6.40645358E-04 9.82517686E-04
 9  5-9.09635211E-04-2.21672590E-03-9.88358389E-05-9.91809149E-04 8.83021864E-05
 9  6-1.37193901E-04-8.87598857E-04 8.97483695E-04-9.61731142E-04 2.10870136E-03
 9  7 5.03675247E-03 3.14685336E-05 1.56750839E-04 7.14955188E-05 2.12776476E-05
 9  8-8.91845712E-05-1.34902181E-03-5.77793016E-04 4.46786675E-04-1.95392757E-04
 9  9 6.50736249E-04-1.78710303E-03-6.54451745E-06-1.02388262E-03-5.44159517E-05
 9 10-3.94852692E-04-9.24698597E-05-9.50777674E-05-8.24200189E-05 2.06193159E-03
 9 11 5.14521780E-04 6.42212112E-04 9.69798220E-04-1.75616048E-06-2.06100364E-05
 9 12 1.47200512E-05 1.45729390E-05-4.02026384E-05-1.17736203E-05-4.56738666E-05
 9 13-2.58292342E-05 1.51968788E-04 3.36620813E-05-2.92086914E-05-6.18694785E-05
 9 14 3.36462391E-04-1.04722850E-05 5.30706409E-04-9.92049176E-04 2.23057360E-03
 9 15 1.57656560E-04-1.65922411E-04
10  1-5.28215186E-05 1.62681804E-04-6.32053540E-01 7.27474817E-01-1.23310317E-01
10  2 8.06008926E-05-5.65272696E-02 6.51213667E-02-1.11845023E-02 1.99316501E-04
10  3 1.72023416E-02-2.01065222E-02 3.35527174E-03 3.15621356E-07 2.82688567E-05
10  4 4.11260766E-05 2.12435680E-05 1.66213599E-04 2.28459364E-04-1.30634933E-03
10  5 1.04555249E-03-1.01874992E-03-4.89931822E-05-6.06741854E-04-1.08853328E-05
10  6-2.11049983E-04-2.06255281E-04 1.33111235E-03 1.13347536E-03 9.11906838E-04
10  7 9.01343955E-04-2.95612409E-06-1.27650853E-04 6.15376617E-05 1.17553576E-04
10  8-3.96196374E-04-1.78662014E-04-3.99015009E-04-3.09698583E-04 1.15489616E-03
10  9-5.85642443E-04 1.29404158E-03 7.60939475E-04-2.02173403E-03-1.45839832E-05
10 10-1.28263837E-04-1.83807156E-05 2.75697883E-05-4.68643034E-05 5.26815573E-04
10 11 8.23197295E-06-7.60209303E-05 2.65799375E-04 7.93762380E-06 6.87329575E-05
10 12-1.16695245E-06-5.62890826E-06 2.60961798E-05-2.12446995E-04 1.93083648E-05
10 13 5.14546560E-05-1.16180636E-04 1.47576220E-05-7.98463233E-05-3.11416102E-05
10 14 2.29146094E-04 6.97872979E-05-1.40272266E-04-1.39996827E-06-1.54100949E-03
10 15 2.88273594E-04 3.80137058E-04
11  1 1.83402394E-03-1.04048907E-02 3.20837390E-04 1.97880753E-04 3.40704705E-03
11  2 1.44369483E-02-5.57304635E-04-2.66529534E-04-7.01579646E-03 3.51743623E-03
11  3 9.92117844E-04-1.71260989E-04 2.61705594E-03-2.43841404E-02 2.17348069E-02
11  4 6.87205782E-03 1.55137317E-02-1.89570559E-02 4.98058272E-02-1.09024965E-02
11  5 8.35768564E-03-5.41750702E-03-9.80875154E-02 1.06821877E-01-3.70399440E-02
11  6 2.07218164E-02-4.72445471E-02 1.54813969E-01 1.38516722E-02-8.21732961E-03
11  7-1.12503190E-04-1.20453043E-01 1.07968465E-01 4.28198283E-02-3.92600630E-02
11  8-3.27582680E-02 3.67538117E-01 4.67120814E-02-4.15351698E-02-4.40112513E-02
11  9 5.72311066E-03-5.30330975E-03 7.58385555E-03 1.77880825E-04-1.62721289E-01
11 10 1.48847992E-01-4.90342773E-02 3.17312224E-02 4.32905256E-02 4.96501537E-01
11 11-5.30335540E-02 4.52189053E-02 4.67990725E-02-4.43257510E-02 3.87607820E-02
11 12-1.34115434E-02-1.38052367E-02-3.06659794E-03 1.37085811E-01-1.62579913E-02
11 13-1.71432233E-02 3.56144040E-03 1.76897667E-02 6.52749848E-03 3.49802760E-02
11 14 6.68036473E-03 7.37474410E-02 1.20343047E-02 2.65356088E-02-1.25036396E-02
11 15 4.94522141E-02 3.33242249E-03
12  1 1.50624420E-03-8.57760096E-03 3.94660473E-04-2.94953728E-05 1.84369889E-03
12  2 8.76749333E-03-9.08744697E-04-5.01117506E-04-2.20989616E-03 6.61255338E-03
12  3 2.05046317E-03 3.37210996E-03-2.17691192E-03-2.33166728E-03 1.62403674E-03
12  4-1.21729152E-03 9.09550037E-03 5.51201021E-03 5.73039407E-03-6.68914212E-03
12  5 1.75179091E-02 1.19137781E-02-1.79945222E-02 1.66507822E-02-2.74403411E-02
12  6 9.38768834E-02 5.20541124E-02 3.03999840E-02 6.74372631E-03 6.64613190E-03
12  7-1.76308744E-03-1.55675143E-01 1.43314481E-01 5.17425458E-02-2.41494129E-02
12  8-3.69317265E-02 4.88658275E-01 5.85521835E-02-3.10072848E-02-3.96059277E-02
12  9 7.71142193E-04-2.58890941E-03 5.77430177E-04 3.08408164E-03 1.52961046E-01
12 10-1.43185436E-01 5.40729174E-02-8.36373822E-03-2.28998590E-02-4.86917098E-01
12 11 4.87256412E-02-1.28631066E-02-3.66214790E-02-8.10328295E-02 7.36875758E-02
12 12-2.50172498E-02-1.08428178E-02-1.29160001E-02 2.55635713E-01-2.65879109E-02
12 13-1.52738487E-02-8.22684330E-03 4.08072332E-02 1.06623837E-02 2.16993172E-02
12 14-3.78203188E-03-8.28380619E-02-1.38904094E-02 2.28745413E-03-6.74465724E-03
12 15 7.44036320E-02 1.61400495E-02
13  1-2.03819716E-03 1.16422262E-02-4.16462660E-04-2.68812527E-04-2.86808345E-03
13  2-1.46422429E-02 8.80482103E-04 7.08561204E-04 5.39869530E-03-7.21893912E-03
13  3-1.27787142E-03-1.51046475E-03 1.69304716E-04 1.24319611E-02-1.29700672E-02
13  4-2.34359073E-03-1.00147868E-02 4.43590206E-03-1.48310959E-02 8.59147931E-03
13  5-4.19293655E-03-8.04560679E-03 3.64111484E-02-4.06337001E-02 2.34053057E-02
13  6-4.02092727E-02-1.10408112E-02-6.77662050E-02 3.41136777E-03 1.20943354E-02
13  7-1.47067587E-02 8.97986167E-02-8.23737966E-02-2.82814353E-02 2.66926966E-02
13  8 1.39290709E-02-2.85493070E-01-3.35099481E-02 2.58676644E-02 1.84270068E-02
13  9-4.31402051E-03 2.60724980E-03-4.60279628E-03-2.82539538E-04-2.09331028E-02
13 10 1.80526796E-02-4.05816769E-03 4.74045377E-03-9.48653525E-03 7.14551435E-02
13 11-1.19374688E-03 7.69734949E-03-8.20040208E-03-2.09491402E-01 1.95444178E-01
13 12-5.98322828E-02-4.03465045E-02-5.14490134E-02 6.48796182E-01-6.08026540E-02
13 13-4.66083876E-02-4.77903523E-02 1.10005609E-01 2.41719331E-02 9.66612053E-02
13 14 1.48516053E-02 9.61308194E-03 5.80983240E-03-1.06700870E-02 6.56046018E-03
13 15-1.33391113E-02 6.75262495E-03
14  1 6.37205474E-02-3.67641948E-01 8.21339524E-03 1.51852459E-02 4.52581783E-02
14  2 4.68970094E-01-1.67797165E-02-3.06066199E-02-9.16793861E-02 3.15392216E-01
14  3-1.00227151E-03-4.32049584E-03-8.16576766E-03-1.26319242E-01 1.08379303E-01
14  4 1.70687355E-02 2.55637512E-02 4.09287903E-02 3.85986173E-01 2.00003859E-02
14  5 2.52901116E-02 4.13768227E-02-3.48316455E-02 4.06399726E-02-5.47460966E-03
14  6-4.62493458E-02 5.36205801E-02 4.93602672E-02 5.19145630E-03-5.53505370E-03
14  7-9.41425067E-03 3.46421439E-02-3.14409677E-02-1.02065282E-02-1.35141835E-02
14  8 2.32102287E-02-1.18359822E-01-1.10784814E-02-3.75347953E-03 2.22536284E-02
14  9 5.24379898E-02-1.36974216E-02 5.29513045E-02-1.63562347E-02 2.07872620E-02
14 10-1.83354349E-02 1.13996495E-02-4.81102920E-03 1.22474182E-02-7.75346553E-02
14 11 9.91473684E-03-9.06583640E-03 4.39670052E-03-9.10944608E-03 8.50803862E-03
14 12-1.89501608E-03 3.43955242E-04-6.44086214E-03 3.16777239E-02-1.34583839E-03
14 13-4.45271325E-04-7.17869195E-03 6.77463479E-03 3.04218969E-03 1.14536570E-03
14 14-7.74598654E-03-1.51897044E-02-5.75203072E-03 2.02342395E-02-2.81581259E-03
14 15-2.42288776E-02-1.20640609E-02
15  1 4.73658927E-02-2.75947009E-01 1.39165571E-04-3.98064107E-04-1.28755868E-02
15  2 3.40525521E-01-1.04602668E-03-1.22043379E-03 2.37782125E-02 3.31727171E-01
15  3-3.64914690E-03-4.57399859E-03-1.32592658E-02 1.22838261E-01-1.26338800E-01
15  4-1.93126897E-02-1.93522266E-02 1.06350809E-01-3.29193956E-01-5.95958651E-03
15  5 9.56788687E-03 3.03775543E-02 1.15585872E-01-1.15436982E-01 5.91911257E-03
15  6 8.65849829E-02-6.95708847E-02-3.23925709E-01 2.02719673E-03 4.34220167E-02
15  7-3.12824068E-02-4.82090860E-02 4.16989062E-02 3.96164417E-03 6.05657938E-02
15  8-4.19192295E-02 1.90123830E-01 9.17683478E-03 3.31709959E-02-3.54470869E-02
15  9-6.90975932E-02-5.93899317E-03-7.27897030E-02-6.37570915E-04-4.63121696E-02
15 10 4.10853497E-02-4.92922248E-02-3.41049273E-03-7.46092168E-02 1.82284829E-01
15 11-4.28454636E-02 3.79554654E-03-4.74071972E-02 1.03514990E-02-9.24857330E-03
15 12 9.91048543E-04-5.24968129E-03 1.43823292E-02-4.05109742E-02-8.47025162E-04
15 13-2.28847743E-03 1.28242805E-02-1.21984024E-02-6.95041028E-03 5.88925260E-03
15 14 1.69655358E-02 5.46392227E-02 3.51117395E-02-6.64256904E-02 3.23259492E-04
15 15 5.07535090E-02 3.26498740E-02
16  1 1.83216732E-02-1.07632011E-01-1.41650164E-02-1.68328802E-02-2.65599173E-02
16  2 1.34019517E-01 2.83027797E-02 3.39996025E-02 5.15437267E-02 1.53146220E-01
16  3 1.36393302E-02 1.26787893E-02 1.25458897E-02 1.08680596E-01-9.68872080E-02
16  4 8.37211060E-02 7.51498586E-02-1.57032953E-02-4.05940245E-01 4.41300718E-02
16  5 2.21758568E-02 7.64438468E-03-1.20339143E-01 1.17097060E-01 1.28788224E-01
16  6 1.81521474E-02-5.81705851E-02 4.30736482E-01 8.69102576E-02-6.92642322E-03
16  7-1.58622638E-02 4.64329831E-02-4.18906544E-02 4.53453756E-02-6.62311577E-02
16  8 1.87411982E-02-1.88244480E-01 3.35050994E-02-4.82421967E-02 1.64785120E-02
16  9-1.11665646E-01-3.74206270E-02-8.60397770E-02-2.84517912E-02 1.68945167E-02
16 10-1.52079497E-02 1.43758106E-01 7.10490086E-02 1.16109952E-01-8.09155628E-02
16 11 1.24250607E-01 6.15906501E-02 9.04947251E-02 4.85802227E-04-1.50235459E-03
16 12 9.36681437E-03-1.79659658E-02 4.93127754E-03 3.41839500E-03 1.05377644E-02
16 13-1.77211925E-02 8.52197410E-03-9.21130572E-03-4.92886333E-03 1.50470623E-02
16 14 2.48580155E-03-1.11914492E-01-7.54126022E-02 1.35840850E-01 3.27662213E-02
16 15-3.84683068E-02-3.85983439E-02
17  1-5.07351056E-03 3.00251188E-02 1.01308370E-03 2.58559662E-02 1.06877203E-02
17  2-3.56168929E-02-1.96064296E-03-5.30827909E-02-2.10289247E-02-5.48369119E-02
17  3-5.03016442E-04-2.90183704E-02-1.83592854E-03-4.26554174E-02 3.28031175E-02
17  4 1.99577960E-02-1.57948379E-01 4.67244802E-02 2.11336871E-01 4.03911219E-02
17  5-9.05216217E-02 1.90144691E-02 3.85125895E-02-4.23101931E-02 1.55584430E-01
17  6-7.25298943E-02-1.07191829E-01-1.33806589E-01 1.24831715E-01-2.34179265E-03
17  7-1.06123029E-01-2.11991659E-03-8.54754374E-04 2.25533337E-02 2.03248449E-01
17  8-1.34582477E-01 2.17269562E-02 2.17313633E-02 1.73166086E-01-1.18600331E-01
17  9 1.87546337E-02 6.17738053E-03 1.08499510E-01 5.02285423E-02-1.28318113E-02
17 10 1.08376184E-02 1.52235688E-01 5.40231308E-02 3.70172389E-02 4.94530532E-02
17 11 1.38067892E-01 5.05164060E-02 3.06694983E-02 1.02149855E-02-1.17892135E-02
17 12 3.04606946E-02-1.04353594E-01 1.24069799E-01-3.62219569E-02 2.34210883E-02
17 13-9.27700323E-02 1.20282148E-01-1.00269747E-01-6.70058734E-02 7.27361141E-02
17 14 6.04430395E-02-9.53825657E-02-5.84327853E-02 4.07979718E-02 2.47369563E-02
17 15 1.41079201E-01 1.03822132E-01
18  1 3.46435097E-03-2.05261255E-02-1.50366839E-02 4.26180170E-03-1.61114917E-02
18  2 2.38348243E-02 3.13621315E-02-8.96906049E-03 3.31381000E-02 4.22634875E-02
18  3 1.58417052E-02-8.74107410E-03 1.07216842E-02 8.21011775E-03-5.05170154E-03
18  4 8.77210736E-02-6.53924932E-02-2.27393667E-02-5.95250750E-02 6.04837516E-02
18  5-6.84426877E-02-2.53935372E-02 4.68282681E-03-4.50091572E-03 7.96594701E-02
18  6-1.07193771E-01-3.84257601E-02-3.63792591E-03 3.84521295E-02-8.81680246E-02
18  7 1.29684972E-02-2.17074827E-02 1.88734621E-02-1.18776476E-02 1.42159719E-01
18  8-5.65238089E-02 9.30353988E-02-7.91455086E-03 1.26511715E-01-4.81706033E-02
18  9-5.43531156E-02-2.81337252E-02 4.94520974E-02 3.01245148E-02-1.12663507E-02
18 10 1.25593355E-02-9.19626117E-05-9.23850903E-02 1.09367000E-01 4.47752912E-02
18 11-2.45669672E-03-9.66019481E-02 1.12277192E-01-9.90696496E-04 2.14747733E-03
18 12-9.54327357E-02 2.83481146E-01-1.24912062E-01 7.98263556E-04-8.39228690E-02
18 13 2.61410927E-01-1.15266552E-01 1.71070487E-01 1.24697025E-01-1.89492838E-01
18 14-1.60950088E-01-2.91267089E-03-3.32987399E-03 3.04547207E-02 1.67899918E-02
18 15 6.80578266E-02 7.31030522E-02
19  1 7.33077167E-03-4.33131285E-02 2.80196042E-02-4.44836089E-03-4.50033619E-02
19  2 5.40960909E-02-5.82050837E-02 9.57478845E-03 9.43677014E-02 7.01864918E-02
19  3-4.04748569E-02-3.89871925E-04 5.08212623E-02 3.79121075E-03 1.44870882E-03
19  4-1.99392510E-01-1.21982020E-02-3.33841914E-02-2.50018576E-02-1.57025225E-01
19  5-1.09099234E-02-2.20349301E-02 6.23428833E-03-8.42178350E-03-1.74298944E-01
19  6-3.50235486E-02-2.21084804E-01-1.44511448E-02-1.53407433E-01-3.43214336E-02
19  7-1.53568377E-01 4.72400946E-03-3.34277171E-03-6.39369069E-02-6.71719113E-02
19  8-6.55048091E-02-2.30886284E-02-5.94709365E-02-5.87759304E-02-6.20362167E-02
19  9 1.17557938E-01 7.21374036E-02-4.40193540E-02-2.38529538E-02 5.90211465E-03
19 10-6.64211190E-03 1.18470304E-01 1.08360565E-01 2.22051240E-01-2.55505218E-02
19 11 1.08073331E-01 1.07264202E-01 2.14005161E-01 7.36110995E-04-1.89250240E-03
19 12-1.64762312E-02 3.76514864E-02-2.36887286E-02 2.47753960E-03-1.63938967E-02
19 13 3.00412885E-02-1.84608508E-02 2.69154758E-02 2.24022758E-02-2.41517695E-02
19 14-3.34471956E-02-1.23880115E-01-9.92592661E-02-1.21537901E-01-6.47572970E-02
19 15-1.24344609E-02-1.54856638E-02
20  1-9.66502960E-03 5.73231479E-02 4.14608961E-02 4.30986043E-02 6.02279046E-02
20  2-7.20039581E-02-8.74340423E-02-9.12572708E-02-1.25790706E-01-1.07600751E-01
20  3-5.05844333E-02-4.92515425E-02-6.74903255E-02-9.66413059E-03-9.90281724E-04
20  4-1.37141261E-01-1.01048879E-01 1.90271988E-01 9.07607511E-02-1.15465616E-01
20  5-4.33238706E-02 1.57770958E-01 1.28027207E-02-8.76901897E-03 1.28666228E-01
20  6 2.33281297E-01-6.60488452E-02-3.53399468E-02 1.43740271E-01 1.40022550E-01
20  7-5.04460739E-02 3.05571393E-03-6.50728080E-03 9.47657625E-02-9.75934394E-02
20  8 6.32386442E-02 1.02554283E-02 9.18018696E-02-1.03272428E-01 6.40897451E-02
20  9 8.56505514E-02 4.74094213E-02 2.15831151E-02 2.52086315E-02-3.89456936E-02
20 10 3.57687735E-02 1.21910489E-01 6.05129463E-02-1.12569103E-01 1.63324897E-01
20 11 1.19785912E-01 5.68385395E-02-1.13112647E-01 2.17558112E-02-1.61344872E-02
20 12-5.49862821E-02 1.01102210E-01-1.36075081E-01-1.04331009E-01-4.98458667E-02
20 13 1.02219256E-01-1.30874450E-01 1.07636670E-01 7.84939004E-02-4.03315203E-02
20 14 3.14006340E-03-4.37800489E-02-2.37212584E-02 7.08702618E-02 3.55782186E-02
20 15-6.63025059E-02-8.73164906E-02
21  1-2.94852165E-03 1.74899705E-02 5.01830834E-02-4.80902591E-02 3.79806494E-02
21  2-1.99673483E-02-1.05747354E-01 1.01137144E-01-8.09652813E-02-3.43759631E-02
21  3-6.92835031E-02 7.04164577E-02-4.76069408E-02-5.36359469E-03 1.04971603E-03
21  4-1.99839000E-01 2.51462457E-01-3.18622281E-03 3.28077435E-02-1.94395526E-01
21  5 2.26058760E-01-1.19316034E-02 7.44895398E-04-1.11964831E-03 1.06537025E-01
21  6-9.54310130E-02 8.68143788E-02-6.82641696E-03 1.23292975E-01-5.87821192E-02
21  7 5.90006988E-02 6.70916961E-03-5.35074324E-03 3.03729073E-03 1.83895755E-01
21  8-1.41987339E-02-2.80353440E-02-9.86329886E-04 1.76014688E-01-4.64543552E-03
21  9 1.33100948E-01 7.60438739E-02-2.05088348E-01-1.33750282E-01-1.82596131E-02
21 10 1.78982534E-02 4.72692037E-02-7.68460535E-02-3.35316784E-02 7.47374204E-02
21 11 4.79530363E-02-8.13176994E-02-3.35582833E-02-5.45012626E-03 5.19025313E-03
21 12-5.49019249E-03 4.68521886E-02 6.27163119E-02 1.96596312E-02-3.50907574E-03
21 13 5.14096275E-02 6.33355542E-02-1.22062563E-02-1.06944264E-02-2.63574675E-02
21 14-1.94883164E-02-4.91441440E-03 3.07239898E-03 6.85789365E-02 3.88361369E-02
21 15 8.69234204E-02 1.05813227E-01
22  1-2.38291273E-03 1.41458723E-02-1.19721097E-02-9.78210763E-03 3.28062170E-02
22  2-2.05784220E-02 2.61845084E-02 1.88155583E-02-6.79037430E-02-2.29224841E-02
22  3 1.50216094E-02 2.49953023E-02-4.88727255E-02-3.74082419E-03 3.22092402E-03
22  4 9.94003285E-02 5.13157695E-02-5.71748843E-03-1.86657777E-02 5.27566033E-02
22  5 7.55665575E-02 9.40060010E-03 4.43048089E-02-4.56446425E-02-6.61192598E-02
22  6-1.15336936E-01 5.90545508E-02-1.47413205E-01-4.09488529E-02-1.18538526E-01
22  7 6.98537514E-02-7.37125872E-02 6.29329780E-02-1.61881289E-01 5.20178831E-02
22  8 1.54592526E-01 3.36344967E-01-1.60229847E-01 4.90848541E-02 1.66023647E-01
22  9-6.68130462E-02-5.88631732E-02 5.40616435E-04 3.30705308E-02-6.31358329E-02
22 10 5.60049962E-02 2.66031747E-01-5.79235923E-02-3.33410124E-02 2.78627070E-01
22 11 2.78312452E-01-6.49067097E-02-3.49769010E-02 1.53524623E-02-6.53561693E-03
22 12 7.55164632E-03-7.32119586E-02-1.15008558E-01-9.06539111E-02 1.37460545E-02
22 13-6.31265252E-02-1.35426995E-01 2.75729058E-02 4.27792726E-03 5.27891461E-02
22 14 9.82776314E-02-1.37327502E-01-1.04348092E-01-8.59676932E-02-5.39777514E-02
22 15-7.84979526E-02-6.31124407E-02
23  1 1.13712481E-02-6.78048220E-02-6.14613235E-03-4.88140518E-02-1.84620898E-01
23  2 6.79515492E-02 1.40370172E-02 1.03787346E-01 3.94452703E-01 1.86902952E-01
23  3-1.97142410E-03 6.06080372E-02 2.24580046E-01 8.41098906E-03 8.76834469E-03
23  4-1.38021006E-01-1.55156480E-01-1.64286653E-01-1.04435601E-01-1.61918774E-01
23  5-1.44526023E-01-1.83521572E-01-1.45419143E-03-5.07554253E-03 1.03158507E-01
23  6 3.67510272E-02 4.99338376E-02 4.34563399E-02 1.08531183E-01 2.75555217E-03
23  7 8.70951166E-02-2.36267248E-02 1.92484450E-02 2.50932244E-02 1.43031451E-02
23  8 1.12585340E-01 1.13554346E-01 2.61110533E-02 1.22343323E-02 1.20601536E-01
23  9 1.10418590E-01 8.97155061E-02 6.67798626E-02 7.96160752E-02-7.21384134E-03
23 10 7.85902348E-03 3.36420987E-02-1.29489565E-01-7.07975152E-02 3.10791715E-02
23 11 4.06517180E-02-1.45738722E-01-7.26690296E-02-2.40864180E-03 4.82515735E-03
23 12 4.08865616E-02-5.04454630E-02-4.31961248E-02 3.73004179E-03 5.00637552E-02
23 13-4.66665428E-02-5.45780342E-02-5.95514727E-03-1.31733901E-02 2.18277323E-02
23 14 3.14105089E-02 1.16593639E-02 1.78510493E-02 7.48267881E-02 5.84849193E-02
23 15-4.48317298E-02-4.48548736E-02
24  1-1.71678409E-03 1.00819001E-02 1.58211283E-02 3.31074104E-02 2.40647264E-02
24  2-1.87860508E-02-3.35200005E-02-7.15354251E-02-5.05195949E-02-2.58669519E-03
24  3-2.81556976E-02-5.25971233E-02-4.74282721E-02 1.09824679E-02-1.95169374E-02
24  4 7.54605520E-03-4.11093500E-02 6.80496566E-02-1.46790097E-02-1.60082511E-02
24  5-1.33898020E-02 2.41001393E-02 1.18380034E-02-8.76589552E-03-4.78658896E-02
24  6 7.01748983E-02-1.45989366E-02-6.41300409E-02 1.68503783E-02 2.59874507E-02
24  7-2.65225302E-02-3.62827180E-03 5.92187953E-03 4.17509538E-02-9.55361524E-02
24  8 9.93108306E-02 8.51385148E-03 5.08701490E-02-1.20910254E-01 1.30361135E-01
24  9-2.61377231E-02-3.39272023E-02 1.65140177E-02 4.11910353E-02-3.22404909E-02
24 10 3.08336231E-02 7.45703367E-02-1.87674694E-01 6.82974014E-02 1.43536345E-01
24 11 7.75388216E-02-2.22679059E-01 8.27557431E-02-8.08675518E-02 7.24175817E-02
24 12 2.45102512E-01 1.49751363E-01 2.11302544E-01 3.55847810E-01 2.83863221E-01
24 13 1.74581695E-01 2.20669903E-01-1.19582947E-01-1.05542446E-01-8.78151414E-02
24 14-9.74810016E-02-3.13916867E-02-4.50362825E-02-4.70677252E-02-3.21044820E-02
24 15-3.50742608E-02 3.23474842E-02
25  1-2.38313346E-03 1.39906719E-02 8.05695303E-02 7.18942308E-02 2.92948842E-02
25  2-2.40949804E-02-1.72146837E-01-1.55726065E-01-6.23526380E-02-1.05587599E-02
25  3-1.41208889E-01-1.14004580E-01-5.44759281E-02 2.87203923E-02-2.93859875E-02
25  4-3.76417568E-02-4.25093023E-02 1.13903561E-01-1.65640153E-01-5.11930077E-02
25  5-6.07824299E-02 1.07550378E-01-3.19882111E-03-5.62173866E-03 1.49936301E-01
25  6-5.30980374E-02-9.87370694E-02 7.23453801E-02 2.59938160E-02-4.87018021E-02
25  7-6.28670907E-03-4.81591001E-02 4.27006023E-02-1.38693379E-01 9.81487716E-02
25  8 1.22365296E-01 2.09766767E-01-1.54859512E-01 1.20262603E-01 1.32724542E-01
25  9-2.01865701E-03 2.57738498E-02-2.24547219E-02-1.40097262E-02 3.92709704E-02
25 10-3.52139591E-02-1.84747236E-01-1.38276496E-02 2.04397047E-01-1.75381389E-01
25 11-1.91760199E-01-1.35202277E-02 2.35743340E-01-1.02907388E-02 8.72388583E-03
25 12 1.29044925E-01-1.24658791E-01-1.20444346E-01 5.92017990E-02 1.51220909E-01
25 13-1.45502851E-01-1.52215833E-01-2.23251989E-02-1.76159079E-02 3.25492644E-02
25 14-3.15314314E-02 7.97027427E-02 6.48361599E-02 1.02373535E-01 1.16817518E-01
25 15-7.41137697E-02-7.67984714E-02
26  1-1.35636354E-04 7.96237967E-04-1.17289412E-01-1.86481235E-01 7.08120644E-02
26  2-5.67204810E-03 2.52669337E-01 4.00719713E-01-1.51166356E-01 1.06711705E-02
26  3 2.11490145E-01 3.43075960E-01-1.38840624E-01-4.33722040E-03 2.40843230E-03
26  4-4.60088404E-02-8.71531874E-02 1.98204820E-02 3.42067967E-02-6.15954999E-03
26  5-4.28116290E-02-1.15772720E-02 2.22972590E-02-2.18472314E-02 6.29641691E-02
26  6 1.75457079E-02-8.81855127E-02-1.14543192E-01 1.65289538E-02 8.70423695E-02
26  7-3.57681043E-02-1.58243525E-02 1.69466975E-02-5.48876912E-02 5.39970554E-02
26  8 9.26642041E-02 4.88255882E-02-7.23254745E-02 6.58975885E-02 1.07380205E-01
26  9 4.47280959E-02 6.42025466E-02 4.99940168E-02 4.21166910E-02 7.23732471E-03
26 10-9.78896170E-03-5.82277711E-02 1.93292184E-01 2.29142859E-02-9.44221165E-03
26 11-5.93462746E-02 2.20322247E-01 4.44356317E-02-1.78728869E-02 1.73993570E-02
26 12 1.33650457E-01 8.02570146E-02-8.97695028E-03 7.32065314E-02 1.59787265E-01
26 13 9.01308593E-02-1.51517003E-02-1.53283646E-02-1.09861251E-02-2.51973664E-02
26 14-1.97747956E-02 1.93678190E-02 7.68332480E-03 2.35155359E-02 5.47452346E-02
26 15-3.93587174E-02-1.33911206E-02
27  1-2.17021392E-04 1.29346991E-03-2.15568112E-01 1.60809580E-01-1.84705211E-02
27  2-2.55926068E-03 4.64209364E-01-3.46379374E-01 4.00582198E-02-1.21073324E-03
27  3 3.98213595E-01-2.94613746E-01 3.31501610E-02 2.33945713E-03 1.00451425E-03
27  4-1.10911725E-01 6.71617328E-02-4.75263564E-03-3.37371022E-02-6.13760099E-02
27  5 3.25268153E-02 1.35369207E-02-2.26739923E-03-5.54987541E-04 3.60482953E-02
27  6-1.76254951E-02 9.78291237E-03 2.03168174E-02-2.19912727E-02-1.07357912E-02
27  7 1.12012708E-02-7.62534137E-03 9.92177367E-03-7.99611118E-02 1.88335523E-02
27  8-3.11496565E-03 1.77599881E-02-9.40220256E-02 2.87527049E-02-5.52261777E-03
27  9 9.22099852E-02 1.11849324E-01-9.12236710E-02-9.93412457E-02 8.73103346E-04
27 10 1.17643190E-03 4.84740693E-03 2.85940349E-02-2.98767561E-02-1.21585616E-02
27 11 1.17763129E-02 3.19241155E-02-3.67763904E-02-5.31528586E-03 5.62382877E-03
27 12 4.59437488E-02 2.69965252E-02-3.92745705E-03 1.89703668E-02 5.44553268E-02
27 13 3.23603522E-02-6.62907735E-03-5.59315544E-03-3.83388702E-03-8.17803350E-03
27 14 2.29788648E-03 5.20997652E-03 9.07906297E-03 4.20256019E-02 7.52126539E-02
27 15-8.77456920E-03-1.05510621E-03
28  1 7.58980450E-05-2.06771017E-04 9.14806716E-02 4.56577881E-02-7.68557371E-02
28  2 4.45474386E-03-1.97002151E-01-9.86531009E-02 1.66821407E-01-2.29335039E-02
28  3-1.66895960E-01-7.57347232E-02 1.53538745E-01-5.65911753E-03 1.64512339E-02
28  4 5.46069427E-02 7.13496288E-03-5.41586123E-02-2.36687860E-02 5.12209809E-02
28  5 1.75262950E-02 3.82153630E-02-1.08877686E-02 3.60078751E-03 4.34014469E-02
28  6-6.63811286E-02 5.78161974E-02 8.42716431E-02-4.17272787E-02-4.44982376E-02
28  7 2.91361844E-02-1.47836815E-02 1.92374060E-02-2.32972164E-01 3.57377080E-03
28  8 4.56196523E-02 2.27846885E-02-2.77222985E-01 4.62891317E-03 5.29181125E-02
28  9-2.62734970E-02 4.05996340E-05 2.44704619E-02 1.33927286E-02 3.82597252E-03
28 10 4.78608960E-05 1.94885401E-03 2.82193337E-01-1.78266971E-01-3.33787070E-02
28 11 1.01915850E-02 3.26393911E-01-2.17452614E-01-1.68107135E-02 1.83366055E-02
28 12 3.71902887E-02 1.85822271E-01 1.24197164E-01 5.30683318E-02 4.36274945E-02
28 13 2.15443390E-01 1.39130176E-01-1.57102713E-02-9.73177025E-03-4.17663351E-02
28 14 7.55023992E-03 1.03696740E-02 7.18776891E-03 5.68452628E-02 7.49361122E-02
28 15-3.29778743E-02 5.61288265E-02
29  1 7.48590620E-04-4.24678451E-03 2.82126584E-02 2.49831586E-03-1.76795861E-02
29  2 1.88373652E-02-6.18201418E-02-3.34496242E-03 3.57180133E-02-2.77568336E-02
29  3-4.94353069E-02-1.49031970E-02 5.88081784E-02-1.95280663E-02 2.07599417E-02
29  4 3.72348033E-02 7.24931139E-02-5.59830403E-02 1.11813991E-01 5.11288013E-02
29  5 5.31522691E-02-2.97126493E-02-9.73050377E-03 1.79556123E-02-4.60113494E-02
29  6-2.30503471E-02 3.83842277E-02 1.22195794E-02-1.57806823E-02-1.90259834E-02
29  7-1.40189895E-02 1.50381507E-02-1.63163756E-02 8.53602956E-02 2.79072284E-02
29  8-2.39303110E-01-3.65993247E-02 1.04835959E-01 3.97170201E-02-2.75210099E-01
29  9-9.48277493E-03-2.62796339E-02-1.87891935E-02-4.66438791E-02-1.95002930E-03
29 10 6.63203845E-03 3.25863210E-02 4.49825723E-02-1.06374802E-01-9.54910763E-03
29 11 2.78479258E-02 3.52197673E-02-1.27470846E-01-1.88763725E-03 4.11303117E-03
29 12 3.52835999E-01 2.55974152E-02-2.62840132E-01-1.52408732E-02 4.19547250E-01
29 13 4.11615985E-02-2.97436146E-01 6.79012881E-03 1.10385033E-02-1.74610778E-02
29 14 7.29426319E-02-6.04322289E-03-2.35377961E-02-2.48727632E-02-3.47385514E-02
29 15 5.49422028E-02-5.64375857E-02
30  1-5.18145270E-04 3.00693126E-03 7.60332307E-03 5.84734646E-02-3.61574511E-02
30  2-1.26732335E-02-1.56580784E-02-1.28397414E-01 7.97641118E-02 2.15811847E-02
30  3-2.21293972E-02-1.05061166E-01 5.11115370E-02-1.60282596E-02 1.70857281E-02
30  4 3.09566726E-02 5.47250754E-02-5.39816021E-02 1.04885092E-01 8.63828559E-03
30  5 1.18709382E-02-6.98862739E-02 3.09236721E-03 2.60987596E-03-9.72152616E-02
30  6-4.99121430E-02 2.29962127E-02-1.49875200E-02-1.40757558E-02 5.81445998E-02
30  7 8.83968554E-02 6.39051858E-03-9.08059849E-04 3.11655399E-01 1.96187157E-01
30  8 2.61111415E-01-5.68147682E-02 3.57333377E-01 2.34505375E-01 2.99510787E-01
30  9-1.43733096E-02-6.78874612E-02-1.31478886E-02-4.56923816E-02-1.13452496E-02
30 10 1.40695995E-03-2.73301093E-02 2.03088994E-01 5.13927700E-02 1.11894769E-01
30 11-3.51010146E-02 2.33296654E-01 8.48674738E-02 2.30058404E-03-4.71552802E-04
30 12 1.72084653E-02 2.58622749E-02-1.32767747E-02-1.70930624E-02 2.83130320E-02
30 13 3.09823602E-02-1.63903305E-02 8.82393005E-03 7.78242883E-04 6.25257492E-03
30 14 8.37551954E-03-1.51821398E-02-6.63576084E-02-1.19153979E-01-1.68834888E-01
30 15 1.63799311E-02 3.35136553E-02
 $END   
 $GRAD  
E=     -762.3135619178  GMAX=   0.0074237  GRMS=   0.0020256
CL          17.   -4.1137742507E-04    3.4910991783E-04    2.2867029454E-05
C            6.    2.2743254669E-04   -8.5914423358E-04    3.4197479869E-04
C            6.    3.2768162092E-03    2.4443167497E-03    3.4356302890E-04
O            8.   -3.4774658213E-03   -3.9014508850E-04   -6.0575116958E-04
H            1.    6.3603424587E-05    4.1027507517E-04    1.2835406810E-04
H            1.    2.2800110336E-04    1.6671840204E-06    3.5112173326E-04
O            8.    9.5188903403E-04    5.1387295712E-03   -3.2738258053E-03
O            8.   -3.9160105586E-04    4.9033167000E-04    6.9629626610E-04
H            1.   -6.2739732100E-05   -2.7061389018E-04   -1.9880503190E-04
H            1.   -2.9774412776E-03   -7.4236592592E-03    3.9336996858E-03
H            1.    6.4464761176E-04    1.2005516173E-03   -1.9246265834E-03
H            1.    1.0292943558E-04   -1.1795458592E-03   -2.4332547386E-04
H            1.    1.8253063017E-03    8.8126604427E-05    4.2845748069E-04
 $END
-------------------- DATA FROM NSERCH=   7 --------------------
 COORDINATES OF SYMMETRY UNIQUE ATOMS (ANGS)
   ATOM   CHARGE       X              Y              Z
 ------------------------------------------------------------
 CL         17.0   3.1048031828   0.7146220579   0.4025211313
 C           6.0   2.7601044873   0.1165519745  -1.3500595234
 C           6.0   3.3530904989   1.0936765053  -2.3419014976
 O           8.0   2.6729578339   2.3152275606  -2.2914303467
 H           1.0   1.6765707928   0.0810522334  -1.4369842372
 H           1.0   3.2199777003  -0.8631314251  -1.4291382954
 O           8.0   3.2217480478   0.4756483660  -3.6867119097
 O           8.0   3.7700146402   2.8062498750  -4.5189932787
 H           1.0   3.1973689744   3.1612663380  -5.2356823017
 H           1.0   3.6580815785   1.7895538462  -4.4887502124
 H           1.0   2.2530943565   0.3795535361  -3.8759111652
 H           1.0   4.4353148111   1.1714322960  -2.2157353204
 H           1.0   3.0803522028   2.8492059416  -3.0758992071
--- CLOSED SHELL ORBITALS --- GENERATED AT 10:09:03 30-JUL-2026    
Chloroacetaldehyde hydrate and water                                            
E(R-WB97X-D)=     -762.3136435504, E(NUC)=  315.9308122707,    8 ITERS
 $VEC   
 1  1 9.85802712E-01 5.34288010E-02-1.99608138E-05-4.11923178E-05-1.72488607E-04
 1  2-1.87685903E-02 5.83517687E-05 1.26971721E-04 6.46694789E-04 1.02648313E-02
 1  3-2.31127042E-04-4.78032583E-04-1.78823695E-03-3.24102447E-05-4.19567943E-04
 1  4-4.00426108E-06-1.98200114E-05-1.46159279E-04 7.61345554E-04 8.02019100E-06
 1  5 3.29415422E-04-1.43833457E-03 7.80816223E-05 6.25488264E-04-2.26615263E-05
 1  6 1.89471099E-05 3.41997456E-04-1.93947249E-03 5.80186069E-04-2.76428741E-05
 1  7-1.79261453E-03-1.89232285E-05-1.34674060E-04-2.13171171E-05 1.39219333E-05
 1  8 2.72912913E-05 6.42409325E-04 1.64762518E-04-2.91834732E-04 1.08613743E-04
 1  9 1.54459631E-04-8.33853966E-04 2.07179454E-04-7.60621407E-04 1.29968767E-05
 1 10 1.28534617E-04 1.95250138E-05 1.12180147E-05 4.60370856E-05-4.94999096E-04
 1 11-1.08336119E-04-9.06412393E-05-2.35346338E-04-1.30632244E-06-6.76419500E-06
 1 12-1.51986174E-06-3.17982721E-06 2.65822621E-05 6.32978243E-05 1.83910563E-07
 1 13-1.10661101E-05-8.17212643E-05-3.37509796E-05 2.92795585E-05 4.19583652E-05
 1 14-2.41073962E-04-2.09838739E-05-3.46431975E-05 2.88847770E-04-2.68465533E-04
 1 15-4.36549617E-05 2.63522988E-05
 2  1-9.15837429E-06 6.14324875E-05 1.50888701E-05 3.46489201E-05-6.32599727E-05
 2  2-9.84206404E-04-8.38197138E-05-2.05224346E-04 4.37735162E-04 1.53507933E-03
 2  3 2.39961564E-04 7.00492126E-04-1.56769238E-03 2.51061501E-04 8.11542667E-04
 2  4-2.86617980E-04-2.34351478E-04 8.53148060E-04-7.60055562E-03-5.99537164E-04
 2  5-2.22527122E-03 3.50335680E-03-1.12656252E-03-4.80150483E-03-1.16816192E-04
 2  6-3.66311137E-05-1.47229784E-03 2.48714700E-02-4.50719821E-03-5.66197291E-03
 2  7-8.50257031E-03 5.58276299E-03 1.96037686E-03-1.13012210E-04-3.49987059E-04
 2  8-3.56521409E-04-5.14265826E-03-2.47359049E-04 3.45903006E-03 2.26235266E-03
 2  9 9.69409747E-04-7.49664081E-04 3.46584543E-04-5.18886159E-05 9.82596860E-01
 2 10 1.04920451E-01-1.98024198E-03 1.80128904E-03 2.07569055E-03-5.05403225E-02
 2 11 3.68688653E-03-5.80157538E-03-7.53578257E-03 5.72617193E-03 1.85279688E-03
 2 12 1.12158513E-04-5.65505406E-04 3.16641958E-05-4.01116394E-03-1.94478332E-04
 2 13 3.00255305E-03-2.57694678E-04 3.50503026E-04-1.31379481E-03 6.50957400E-04
 2 14 6.22372507E-03 3.49648084E-03 4.53240089E-03-1.51851401E-03-1.41774242E-03
 2 15 4.39674996E-04-1.06412692E-03
 3  1 6.37673735E-06-5.08612861E-05-2.45257515E-05 2.65713725E-05 4.01696329E-05
 3  2 4.59445496E-04 1.64552278E-04-1.32272881E-04-2.43343673E-04-5.40803586E-04
 3  3-7.22529438E-04 4.46217479E-04 3.23420037E-04 2.07056834E-04 7.42318587E-04
 3  4-5.42521570E-04-5.80310727E-04 4.69822277E-04-6.43319811E-03 3.38916113E-03
 3  5-3.94810968E-03 2.26819191E-03-9.47383077E-04-3.86181765E-03-3.37546182E-04
 3  6 2.07177714E-03-1.75086562E-04 2.39629730E-02-1.05315354E-02 8.75423978E-03
 3  7-6.55932641E-04 9.76201669E-01 1.04988305E-01 2.73804831E-03-1.83949137E-03
 3  8-2.14175606E-03-5.38524422E-02-7.69669229E-03 7.41272376E-03 5.62323094E-03
 3  9 9.46257608E-04 1.82923745E-03-5.10844712E-04-2.18286359E-04-5.80200051E-03
 3 10 8.86865353E-04-2.70981459E-04 4.65833801E-04 1.13894429E-04-4.74531904E-03
 3 11 1.56864365E-03-3.30457761E-03-2.15538773E-03 1.12842317E-01 1.29920941E-02
 3 12-4.00958384E-04-1.32074057E-04 6.05970494E-04-7.62370356E-03 1.30088455E-03
 3 13 4.69296284E-04-2.72320619E-03 4.93059501E-04-2.54646846E-04 6.73237096E-04
 3 14 3.91474242E-04 8.82974734E-04-1.32424188E-03-9.35477248E-04 2.01331524E-04
 3 15 3.19070628E-03 8.76301666E-03
 4  1-4.57953847E-07 4.17397092E-06 1.28945885E-05-7.09229640E-06-3.72913579E-06
 4  2-2.54669066E-05-6.98170055E-05 3.32225150E-05 2.51662670E-05-2.32719635E-05
 4  3 1.47945372E-04-3.55759233E-05 1.54967272E-05-1.56397661E-05 4.50454968E-05
 4  4-2.65382027E-06 1.61524647E-04-1.67832587E-04 6.75773669E-04-2.12501517E-05
 4  5 3.36749418E-04-1.32265928E-04 1.97376153E-04 1.02673577E-03 6.66478506E-05
 4  6-2.87984831E-04-2.83941904E-05-4.65260603E-03 1.54814452E-03-1.46742584E-03
 4  7 5.47803154E-04-1.12650131E-01-1.08937144E-02-2.31796626E-04 7.16024821E-04
 4  8-2.36805291E-05 2.41487875E-03 2.29840967E-04-3.14042388E-03 1.21576933E-03
 4  9-1.13903380E-04 2.17496131E-04 7.60155189E-05-1.97104705E-04-4.82848690E-03
 4 10 4.76230117E-04 3.72570394E-04 4.69828073E-04-5.65961774E-04-1.76192271E-03
 4 11-1.42035221E-03-1.91544795E-03 2.43922384E-03 9.75904961E-01 1.02465948E-01
 4 12-2.16264522E-03-1.69295003E-03-1.20815476E-03-4.42187055E-02 4.54769148E-03
 4 13 4.50028460E-03 2.00890800E-03 2.99140199E-03 5.70680675E-03 2.40044829E-03
 4 14 1.07006882E-02 4.55791911E-04-1.31693373E-03 4.63080383E-04-7.07016152E-04
 4 15-1.35876550E-04 5.73431192E-03
 5  1 7.55688724E-05-9.78345074E-05-6.28757912E-06 4.23788807E-05-2.11826374E-04
 5  2-2.16896520E-03 5.23449496E-05-2.79199086E-04 1.44369055E-03 2.82971503E-03
 5  3-5.79493366E-04-1.51221134E-04-2.18317414E-03-9.86492937E-03-4.19585332E-03
 5  4-1.87396050E-04-2.83454928E-04 7.14084299E-05 2.59325525E-02 6.48887927E-03
 5  5 1.01189159E-02-1.25154708E-02 9.86575154E-01 1.10712088E-01-1.83222628E-04
 5  6-7.88874021E-04 4.06364909E-05-8.59546374E-02 2.37084513E-03 1.01500755E-02
 5  7-6.00164037E-03-5.09652552E-05-4.50849613E-04 3.77278922E-04 1.48996236E-04
 5  8-2.45150132E-04 7.98138979E-03-4.15789402E-04-3.49854338E-03 1.30720446E-03
 5  9-1.54619358E-03 1.35740094E-03-1.60438307E-03 1.34501409E-03-1.94951177E-04
 5 10-9.24735122E-04-6.74946732E-05 3.36783634E-04 1.61331488E-04 9.82682219E-03
 5 11 6.91033619E-04 7.22088409E-04 5.12418578E-03 5.19848246E-05 4.19282340E-04
 5 12 1.50121055E-05 1.25552470E-04-1.04415263E-04-1.63951698E-03 1.41681894E-04
 5 13-2.45521985E-05-4.30326728E-05 4.90975671E-04-7.79334694E-04-4.03008493E-04
 5 14 2.36908122E-03-5.67499308E-04 3.44291886E-03-1.86957821E-04 1.67130903E-02
 5 15-2.48781460E-06 3.35886027E-03
 6  1-2.19141661E-05-1.76243936E-04 6.26253437E-05 1.06994478E-04 3.27604209E-04
 6  2-2.15098139E-03-3.73436080E-04-6.37467189E-04-1.88311474E-03 1.30635543E-02
 6  3-1.30243092E-03-2.29491458E-03-8.66434418E-03 9.86480627E-01 1.11899238E-01
 6  4 3.17582763E-04 5.86072541E-04 1.13176380E-03-8.98184134E-02-2.99341107E-03
 6  5-5.16617697E-03 2.36756364E-03 9.18956699E-03-1.81723489E-03 2.71879767E-04
 6  6 3.11266386E-04-1.47195232E-05 2.27975915E-02-5.45214761E-03-9.14078347E-03
 6  7 8.98360102E-03 3.78704868E-05 6.32908389E-06 6.20572526E-05 5.36901851E-04
 6  8-3.63652666E-04-1.33653363E-03-2.84878263E-04-5.85223260E-04 7.92296423E-04
 6  9-7.20538080E-05 1.55246947E-02-1.37045502E-04 1.55006188E-02 1.79866341E-05
 6 10-1.41325420E-04 2.14156234E-04 1.86488204E-04-4.47154150E-04-8.94833550E-04
 6 11-5.96783482E-04-5.31959485E-04 1.41180503E-04 2.30300400E-05 1.79136904E-04
 6 12-5.03718201E-05 4.48931531E-05-1.09397751E-04-7.84266597E-04 2.27754303E-04
 6 13 3.33792112E-05 2.93570035E-04 3.26552500E-04-3.28420833E-04-1.11202577E-04
 6 14 1.54745077E-03-5.21129565E-04 9.07340607E-05-1.30403228E-03 9.33001432E-04
 6 15 5.22960885E-04 1.33049655E-03
 7  1-3.05121011E-01 9.77066097E-01-1.61599341E-03-3.08396041E-03-8.43828778E-03
 7  2 1.54283975E-01-6.25164379E-04-1.28033334E-03-5.18089617E-03-6.77273553E-02
 7  3 1.66708196E-03 3.36921308E-03 1.19806949E-02 1.97583121E-06 1.68662675E-03
 7  4-5.10381509E-05 2.63742095E-06 4.37759723E-04-2.23683068E-03 3.38175171E-04
 7  5-1.34782543E-03 9.57106037E-03-4.47059292E-05-3.26240723E-03 1.41547555E-04
 7  6-1.29384376E-04-1.95089688E-03 1.03565543E-02-3.43708311E-03 2.71162046E-04
 7  7 1.03454340E-02 9.60053889E-05 6.48130403E-04 9.14127958E-05-8.22986628E-05
 7  8-1.30643798E-04-3.48803381E-03-8.64207009E-04 1.64997297E-03-6.25552467E-04
 7  9-9.88902272E-04 5.03250568E-03-1.29267929E-03 4.57005543E-03-7.57044055E-05
 7 10-6.96483919E-04-1.01131745E-04-4.36655775E-05-2.63536761E-04 2.98205736E-03
 7 11 6.20889752E-04 5.01225384E-04 1.55553926E-03 7.99399855E-06 4.59217947E-05
 7 12 8.49644519E-06 1.03868052E-05-1.30457770E-04-3.91061220E-04-5.77886795E-06
 7 13 9.66256233E-05 4.35641252E-04 1.82831691E-04-1.88812427E-04-2.27696170E-04
 7 14 1.44466035E-03 6.20978562E-05 3.60119676E-04-1.57908198E-03 1.83170311E-03
 7 15 1.99070810E-04-1.25190961E-04
 8  1-3.24726905E-03 1.09934687E-02 1.74522991E-01 3.04013502E-01 9.05174276E-01
 8  2-3.16389328E-03 1.59752852E-02 2.78966401E-02 8.43023681E-02 4.61415101E-03
 8  3-5.13878170E-03-9.17055007E-03-2.89466307E-02-7.09687551E-04-4.39665617E-03
 8  4-2.32586082E-05-1.11342101E-04-3.66090866E-04 9.17466716E-03 1.24166061E-03
 8  5 3.16058028E-03-2.97238904E-03 3.77937371E-04 2.73900234E-03 1.00490391E-05
 8  6 9.93592538E-05 9.26659639E-04-1.07402274E-02 2.05977288E-03 8.07222481E-04
 8  7-8.50225456E-03-6.70752292E-05-3.89295451E-04-1.13661044E-04-7.72841553E-05
 8  8 1.08394612E-04 2.43663632E-03 8.24408849E-04-8.21750115E-04 3.22315344E-04
 8  9-2.42824639E-04-3.91143614E-03-6.43236767E-05-3.58168731E-03 3.60291675E-05
 8 10 2.84883898E-04 7.64949592E-05 1.13463721E-04 1.10008900E-05-1.65851876E-03
 8 11-4.28490365E-04-6.48877729E-04-3.27138512E-04-5.72927707E-06-3.15100005E-05
 8 12 2.13768909E-06-2.45010492E-05 8.87098122E-05 2.88326087E-04-2.69281432E-05
 8 13 6.05514619E-06-2.95473108E-04-1.42575755E-04 1.34231677E-04 2.12943054E-04
 8 14-1.01377453E-03-2.92204972E-04 3.24184982E-04 1.18338451E-03-3.28781872E-04
 8 15-2.18213122E-04-1.89120345E-04
 9  1 2.10035882E-06-5.39435738E-05 7.12207683E-01 5.72698930E-01-3.29475337E-01
 9  2 4.42714167E-04 6.38679575E-02 5.13887170E-02-3.00442050E-02 2.37377649E-04
 9  3-2.00065019E-02-1.62251051E-02 9.22570793E-03 1.82199085E-05 1.20107122E-04
 9  4-4.30893878E-05 8.64329983E-05 5.20011864E-04-6.32850219E-04 9.76606103E-04
 9  5-8.85866564E-04-2.22589123E-03-9.96423536E-05-9.96863260E-04 8.66204108E-05
 9  6-1.32812225E-04-8.88663128E-04 9.08365289E-04-9.42898358E-04 2.11205775E-03
 9  7 5.03552391E-03 3.21254695E-05 1.62850356E-04 7.36326160E-05 1.95852372E-05
 9  8-8.62788124E-05-1.36198544E-03-5.83667840E-04 4.54952968E-04-2.09126050E-04
 9  9 6.50415464E-04-1.79411951E-03-6.07456246E-06-1.01479713E-03-5.42371359E-05
 9 10-3.93304694E-04-9.22400813E-05-9.61487385E-05-8.08200003E-05 2.06147314E-03
 9 11 5.12347461E-04 6.49236745E-04 9.61719359E-04-1.84557805E-06-2.12916266E-05
 9 12 1.49989389E-05 1.43441472E-05-4.04881120E-05-9.94095682E-06-4.68417492E-05
 9 13-2.53352237E-05 1.53325846E-04 3.28137425E-05-2.80514741E-05-6.26146402E-05
 9 14 3.36252046E-04-1.20999644E-05 5.38488448E-04-1.00904797E-03 2.21765331E-03
 9 15 1.58742065E-04-1.72725727E-04
10  1-5.16191848E-05 1.59077477E-04-6.37303159E-01 7.23430363E-01-1.20044981E-01
10  2 7.52638165E-05-5.69968502E-02 6.47588991E-02-1.08885077E-02 2.05490446E-04
10  3 1.73494510E-02-1.99968219E-02 3.26002238E-03-5.09556186E-07 2.00922996E-05
10  4 4.47049404E-05 1.58749343E-05 1.66028177E-04 2.52759867E-04-1.33449393E-03
10  5 1.06248349E-03-1.02436141E-03-4.94051969E-05-6.09538040E-04-1.20488309E-05
10  6-2.11488114E-04-2.06907554E-04 1.34012164E-03 1.15000439E-03 9.35188926E-04
10  7 8.97330399E-04-2.15673401E-06-1.19753011E-04 6.31852845E-05 1.16120127E-04
10  8-3.88820397E-04-1.99251830E-04-4.06054768E-04-3.01050737E-04 1.13106150E-03
10  9-5.91308151E-04 1.27889291E-03 7.61940994E-04-2.01049830E-03-1.47529837E-05
10 10-1.29716413E-04-1.72843825E-05 2.89778805E-05-4.68429128E-05 5.33406854E-04
10 11 1.63072874E-06-8.13578886E-05 2.65565132E-04 7.93576256E-06 6.87089119E-05
10 12-1.23499963E-06-5.85760973E-06 2.59647483E-05-2.12284745E-04 1.92473611E-05
10 13 5.22915918E-05-1.15509910E-04 1.47697164E-05-7.94569796E-05-3.02927312E-05
10 14 2.29592495E-04 6.99261341E-05-1.49718234E-04-5.23246803E-06-1.56099429E-03
10 15 2.85368440E-04 3.74541862E-04
11  1 1.81292579E-03-1.02849379E-02 3.11882085E-04 1.90290737E-04 3.37943572E-03
11  2 1.43155252E-02-5.42763547E-04-2.43839823E-04-6.98051619E-03 3.43327434E-03
11  3 9.77655693E-04-2.06785921E-04 2.63380481E-03-2.44112742E-02 2.18000387E-02
11  4 6.87304087E-03 1.54557846E-02-1.91063459E-02 4.95977812E-02-1.08145252E-02
11  5 7.82201389E-03-5.49329390E-03-9.82612177E-02 1.06937580E-01-3.65917278E-02
11  6 1.98250499E-02-4.79533218E-02 1.54682869E-01 1.32189039E-02-8.11832806E-03
11  7 2.25253574E-04-1.19079858E-01 1.06713611E-01 4.21557383E-02-3.93788869E-02
11  8-3.24449454E-02 3.62988485E-01 4.60078959E-02-4.14601766E-02-4.37149726E-02
11  9 5.70328376E-03-5.25812583E-03 7.62974021E-03-2.37389201E-06-1.63824436E-01
11 10 1.49829439E-01-4.94263256E-02 3.16371570E-02 4.44125999E-02 5.00103069E-01
11 11-5.35428751E-02 4.51047150E-02 4.81189908E-02-4.38033378E-02 3.82961614E-02
11 12-1.32636364E-02-1.37139078E-02-2.92946486E-03 1.35414289E-01-1.60646225E-02
11 13-1.69649003E-02 3.69208654E-03 1.74538459E-02 6.44050361E-03 3.47807032E-02
11 14 6.72337138E-03 7.41862955E-02 1.19335949E-02 2.66719663E-02-1.21070232E-02
11 15 4.87799306E-02 3.20893387E-03
12  1 1.47899682E-03-8.42166327E-03 3.84097008E-04-3.53798457E-05 1.80714398E-03
12  2 8.58600161E-03-8.87463849E-04-4.95137955E-04-2.14180066E-03 6.46294243E-03
12  3 2.04860569E-03 3.38725624E-03-2.14547527E-03-2.13564960E-03 1.39224489E-03
12  4-1.23799932E-03 8.98562518E-03 5.65203603E-03 5.13290968E-03-6.76643924E-03
12  5 1.73278407E-02 1.21025437E-02-1.83564128E-02 1.70732075E-02-2.71524358E-02
12  6 9.44601171E-02 5.16011883E-02 3.11650738E-02 6.65968761E-03 6.50252898E-03
12  7-1.96445808E-03-1.55863952E-01 1.43431654E-01 5.16529787E-02-2.47117052E-02
12  8-3.71611796E-02 4.89111301E-01 5.84369676E-02-3.15948907E-02-3.98431676E-02
12  9 6.69712438E-04-2.66209392E-03 4.91386315E-04 3.03602967E-03 1.51365149E-01
12 10-1.41697399E-01 5.35941811E-02-7.71213917E-03-2.36991248E-02-4.82134872E-01
12 11 4.84774041E-02-1.20843997E-02-3.74557885E-02-8.31687852E-02 7.56617968E-02
12 12-2.56771000E-02-1.13663360E-02-1.32536776E-02 2.62213184E-01-2.72538181E-02
12 13-1.58606479E-02-8.47545357E-03 4.18667874E-02 1.09102988E-02 2.29522547E-02
12 14-3.61429372E-03-8.18545457E-02-1.36635598E-02 2.92185465E-03-6.32949146E-03
12 15 7.46205968E-02 1.63153220E-02
13  1-2.03597803E-03 1.16293380E-02-4.12165566E-04-2.61009143E-04-2.86330760E-03
13  2-1.46098411E-02 8.75029905E-04 6.99681761E-04 5.37762255E-03-7.21425357E-03
13  3-1.30089364E-03-1.54906944E-03 1.88987613E-04 1.23644749E-02-1.28965755E-02
13  4-2.30957676E-03-1.00426428E-02 4.33316803E-03-1.45062813E-02 8.66879948E-03
13  5-4.12198655E-03-8.24296008E-03 3.66674670E-02-4.08896371E-02 2.34480978E-02
13  6-4.13195551E-02-1.14000878E-02-6.81952910E-02 3.48918263E-03 1.21421173E-02
13  7-1.47574343E-02 9.11995850E-02-8.36367521E-02-2.86273462E-02 2.71537660E-02
13  8 1.42907426E-02-2.89882847E-01-3.39526201E-02 2.63902724E-02 1.88298850E-02
13  9-4.26249195E-03 2.65437930E-03-4.59470937E-03-2.45468983E-04-2.22091745E-02
13 10 1.92394780E-02-4.48320601E-03 4.71623895E-03-9.20925519E-03 7.56406844E-02
13 11-1.60846946E-03 7.70004973E-03-7.81584531E-03-2.08762387E-01 1.94785084E-01
13 12-5.97521499E-02-4.04035976E-02-5.10099484E-02 6.46458065E-01-6.06707089E-02
13 13-4.65489135E-02-4.73562719E-02 1.09625459E-01 2.40367755E-02 9.66289515E-02
13 14 1.47970896E-02 1.02111322E-02 5.84679461E-03-1.09575138E-02 6.40414998E-03
13 15-1.39800038E-02 6.54560228E-03
14  1 6.37182984E-02-3.67629118E-01 8.12965778E-03 1.50759763E-02 4.53194946E-02
14  2 4.68945227E-01-1.66116989E-02-3.03880742E-02-9.18004684E-02 3.15420280E-01
14  3-1.01619150E-03-4.27993254E-03-8.23581055E-03-1.26422829E-01 1.08490778E-01
14  4 1.69695479E-02 2.54240014E-02 4.09266333E-02 3.86392759E-01 2.00303761E-02
14  5 2.49769601E-02 4.12489284E-02-3.47323426E-02 4.05945248E-02-5.53360821E-03
14  6-4.62580245E-02 5.38061294E-02 4.88780023E-02 5.17031754E-03-5.51472625E-03
14  7-9.51663589E-03 3.43727347E-02-3.12218793E-02-1.01187486E-02-1.32357814E-02
14  8 2.30611632E-02-1.17334719E-01-1.09115838E-02-3.65732337E-03 2.22383960E-02
14  9 5.24483804E-02-1.35447010E-02 5.30256096E-02-1.65826383E-02 2.10455561E-02
14 10-1.85668105E-02 1.14172121E-02-4.80421371E-03 1.21384297E-02-7.84813702E-02
14 11 9.94875962E-03-9.09502478E-03 4.26620832E-03-9.09601714E-03 8.49482891E-03
14 12-1.91704483E-03 3.43689092E-04-6.40589071E-03 3.16382035E-02-1.36237719E-03
14 13-4.53083516E-04-7.15299246E-03 6.76333904E-03 3.03494171E-03 1.11588589E-03
14 14-7.77903062E-03-1.51538751E-02-5.71800240E-03 2.00659932E-02-2.78850571E-03
14 15-2.40026116E-02-1.19481167E-02
15  1 4.74228572E-02-2.76279494E-01 1.38782951E-04-3.96815358E-04-1.29126648E-02
15  2 3.41056660E-01-1.03621836E-03-1.21786575E-03 2.38217237E-02 3.31832992E-01
15  3-3.59331484E-03-4.48692090E-03-1.30697882E-02 1.23312963E-01-1.26746429E-01
15  4-1.92901226E-02-1.94389084E-02 1.06570107E-01-3.30978505E-01-6.02062766E-03
15  5 9.77022988E-03 3.10729533E-02 1.15074517E-01-1.14994508E-01 6.22028487E-03
15  6 8.66365315E-02-7.02684509E-02-3.22044486E-01 1.97770575E-03 4.32789315E-02
15  7-3.14486224E-02-4.79526701E-02 4.14817306E-02 4.05414826E-03 5.99691065E-02
15  8-4.19703441E-02 1.89045791E-01 9.05102433E-03 3.27159479E-02-3.54506772E-02
15  9-6.93024465E-02-6.04693026E-03-7.32320056E-02-4.41717325E-04-4.67348517E-02
15 10 4.14917755E-02-4.88767188E-02-3.52872322E-03-7.39369397E-02 1.83821164E-01
15 11-4.24104466E-02 3.77407420E-03-4.68209902E-02 1.03802089E-02-9.27619405E-03
15 12 1.07159342E-03-5.30206915E-03 1.44064940E-02-4.06188947E-02-7.77586535E-04
15 13-2.32256015E-03 1.28687105E-02-1.22507612E-02-6.97361767E-03 5.99437398E-03
15 14 1.70727111E-02 5.39673900E-02 3.50045514E-02-6.56607538E-02 5.15094345E-04
15 15 5.05217270E-02 3.24379004E-02
16  1 1.81330672E-02-1.06526363E-01-1.40522416E-02-1.68150453E-02-2.63618472E-02
16  2 1.32663155E-01 2.80826058E-02 3.39801940E-02 5.11565922E-02 1.51550727E-01
16  3 1.35869510E-02 1.27585347E-02 1.25285285E-02 1.07995031E-01-9.61835506E-02
16  4 8.36859545E-02 7.63170674E-02-1.56438833E-02-4.03937493E-01 4.42124109E-02
16  5 2.31043393E-02 7.90993867E-03-1.20748214E-01 1.17584341E-01 1.28565513E-01
16  6 1.90918508E-02-5.69563950E-02 4.31960339E-01 8.72951801E-02-5.98962868E-03
16  7-1.51602093E-02 4.70381064E-02-4.23555552E-02 4.54353835E-02-6.77968986E-02
16  8 2.00373764E-02-1.90902340E-01 3.34901577E-02-4.92831099E-02 1.75035817E-02
16  9-1.11591344E-01-3.75075221E-02-8.56617780E-02-2.83139922E-02 1.69437007E-02
16 10-1.52685408E-02 1.44057245E-01 7.25637094E-02 1.14633919E-01-8.10993142E-02
16 11 1.24377842E-01 6.28046507E-02 8.91664283E-02 4.62221179E-04-1.47282967E-03
16 12 9.45765561E-03-1.82151903E-02 4.69557430E-03 3.51370881E-03 1.06480142E-02
16 13-1.79336211E-02 8.28774321E-03-9.18945015E-03-4.90830924E-03 1.53053880E-02
16 14 2.58634098E-03-1.11902307E-01-7.56805702E-02 1.35828025E-01 3.25605503E-02
16 15-3.96935423E-02-3.94864079E-02
17  1-5.09167058E-03 3.01325885E-02 9.59899110E-04 2.56971344E-02 1.08655890E-02
17  2-3.57043895E-02-1.84936494E-03-5.27538094E-02-2.14068250E-02-5.51499460E-02
17  3-4.56403906E-04-2.88441513E-02-1.90194798E-03-4.24771288E-02 3.26306042E-02
17  4 2.02321048E-02-1.57024125E-01 4.63212441E-02 2.11207784E-01 4.04407017E-02
17  5-8.93727894E-02 1.88468207E-02 3.83610637E-02-4.21408786E-02 1.55001613E-01
17  6-7.16561292E-02-1.07047239E-01-1.33431496E-01 1.25002115E-01-1.26656161E-03
17  7-1.06303668E-01-1.93025667E-03-1.03667070E-03 2.31769049E-02 2.01174368E-01
17  8-1.34225610E-01 2.08430432E-02 2.21605125E-02 1.71230601E-01-1.18215672E-01
17  9 1.92267920E-02 6.28231450E-03 1.07740365E-01 4.99716908E-02-1.30705634E-02
17 10 1.10742789E-02 1.54105680E-01 5.58842964E-02 3.55854063E-02 5.03996143E-02
17 11 1.39856899E-01 5.22195459E-02 2.92101758E-02 1.03391201E-02-1.18969578E-02
17 12 3.13758714E-02-1.06016517E-01 1.24809841E-01-3.67287756E-02 2.42797555E-02
17 13-9.42089208E-02 1.20970991E-01-1.01327896E-01-6.76983924E-02 7.41938195E-02
17 14 6.15761513E-02-9.66337306E-02-5.93053075E-02 4.00576471E-02 2.42268430E-02
17 15 1.40147606E-01 1.02924494E-01
18  1 3.54241331E-03-2.09866945E-02-1.51128501E-02 4.26673862E-03-1.64305957E-02
18  2 2.44371230E-02 3.15217250E-02-8.96626509E-03 3.37911565E-02 4.29479907E-02
18  3 1.59019738E-02-8.82263722E-03 1.10615775E-02 8.37214932E-03-5.19868267E-03
18  4 8.83377181E-02-6.55547194E-02-2.32778854E-02-5.97318300E-02 6.11583357E-02
18  5-6.86118066E-02-2.60238824E-02 4.65765785E-03-4.48278974E-03 8.04506202E-02
18  6-1.08262330E-01-4.01867900E-02-3.85609105E-03 3.91377748E-02-8.83307308E-02
18  7 1.16734344E-02-2.14529384E-02 1.85850189E-02-1.12212480E-02 1.43341719E-01
18  8-5.84002313E-02 9.21328090E-02-7.17854078E-03 1.27453191E-01-4.99163228E-02
18  9-5.44510923E-02-2.83459628E-02 4.98489275E-02 3.02915768E-02-1.07773221E-02
18 10 1.20709041E-02 2.08736571E-03-9.10548020E-02 1.11883145E-01 4.29240536E-02
18 11-5.62197057E-04-9.53017450E-02 1.14649691E-01-1.01975738E-03 2.12045284E-03
18 12-9.53664841E-02 2.82289903E-01-1.23712803E-01 1.04161530E-03-8.39035136E-02
18 13 2.60197894E-01-1.14010146E-01 1.70049009E-01 1.23809341E-01-1.88982454E-01
18 14-1.60125684E-01-3.88590327E-03-4.38645927E-03 3.00845060E-02 1.66819372E-02
18 15 6.94073200E-02 7.41580775E-02
19  1 7.36498661E-03-4.35156306E-02 2.80623941E-02-4.50256509E-03-4.51856441E-02
19  2 5.43866823E-02-5.83051286E-02 9.69194068E-03 9.47481684E-02 7.04342377E-02
19  3-4.04628831E-02-3.02454512E-04 5.10656381E-02 3.98991361E-03 1.35767412E-03
19  4-1.99569459E-01-1.16870722E-02-3.44045574E-02-2.63292064E-02-1.57280390E-01
19  5-1.07144092E-02-2.22482642E-02 5.18987966E-03-7.35280763E-03-1.74488716E-01
19  6-3.63448371E-02-2.21038172E-01-1.07194330E-02-1.53766200E-01-3.56060991E-02
19  7-1.53512402E-01 5.01879645E-03-3.63370708E-03-6.41428055E-02-6.72253186E-02
19  8-6.59552645E-02-2.41656392E-02-5.95832138E-02-5.88804149E-02-6.25370760E-02
19  9 1.17562365E-01 7.23045890E-02-4.51541993E-02-2.47657195E-02 7.11294541E-03
19 10-7.70970837E-03 1.17267060E-01 1.11400352E-01 2.21267638E-01-3.07687637E-02
19 11 1.06900012E-01 1.10294589E-01 2.13045037E-01 7.18941552E-04-1.93979259E-03
19 12-1.62946433E-02 3.66870823E-02-2.28204735E-02 2.77435434E-03-1.62783922E-02
19 13 2.89935091E-02-1.75458641E-02 2.61448953E-02 2.19568833E-02-2.36557943E-02
19 14-3.34474525E-02-1.22555192E-01-9.90543549E-02-1.21443222E-01-6.50009532E-02
19 15-1.20257805E-02-1.51612535E-02
20  1-9.62919040E-03 5.71093369E-02 4.09181217E-02 4.28590495E-02 5.95405045E-02
20  2-7.16939608E-02-8.62759884E-02-9.07401386E-02-1.24331972E-01-1.07179200E-01
20  3-4.98099412E-02-4.89180343E-02-6.63811363E-02-1.00328838E-02-5.85614944E-04
20  4-1.37058750E-01-1.03249070E-01 1.88757265E-01 9.18163926E-02-1.15529106E-01
20  5-4.49955735E-02 1.56442772E-01 1.32236561E-02-9.23252595E-03 1.26708240E-01
20  6 2.33021629E-01-6.62455779E-02-3.65226865E-02 1.42336642E-01 1.39725056E-01
20  7-5.02308651E-02 2.98164404E-03-6.33887812E-03 9.34728435E-02-9.85419775E-02
20  8 6.35851967E-02 1.01088618E-02 9.01492695E-02-1.04012926E-01 6.44002334E-02
20  9 8.64163001E-02 4.78761534E-02 2.20944619E-02 2.57890697E-02-3.97540452E-02
20 10 3.65596949E-02 1.22407149E-01 5.99918355E-02-1.12865145E-01 1.66635414E-01
20 11 1.20219701E-01 5.61817008E-02-1.13222593E-01 2.16358001E-02-1.60071580E-02
20 12-5.56107819E-02 1.02423425E-01-1.36750667E-01-1.03860587E-01-5.03993290E-02
20 13 1.03427410E-01-1.31512137E-01 1.08468344E-01 7.89720178E-02-4.13409943E-02
20 14 2.46668586E-03-4.51449990E-02-2.41054491E-02 7.00520277E-02 3.46838387E-02
20 15-6.69698656E-02-8.75158695E-02
21  1-2.98103397E-03 1.76819530E-02 5.04085669E-02-4.79934589E-02 3.82512672E-02
21  2-2.01860206E-02-1.06237334E-01 1.00954744E-01-8.15669378E-02-3.47021264E-02
21  3-6.95882914E-02 7.02296364E-02-4.79316226E-02-5.43497561E-03 1.14979173E-03
21  4-2.00600932E-01 2.50893334E-01-2.24190933E-03 3.32939596E-02-1.94998105E-01
21  5 2.25146678E-01-1.12437903E-02 5.62536677E-04-8.55462222E-04 1.06331880E-01
21  6-9.45268293E-02 8.75625165E-02-6.21704933E-03 1.23594455E-01-5.73486637E-02
21  7 5.94579189E-02 7.02518818E-03-5.62754544E-03 5.07632259E-03 1.83368497E-01
21  8-1.53275134E-02-2.95190335E-02 9.90191642E-04 1.75554943E-01-5.76189636E-03
21  9 1.32375845E-01 7.57108415E-02-2.05265694E-01-1.34072623E-01-1.84333648E-02
21 10 1.80530760E-02 4.78384890E-02-7.68044652E-02-3.39502765E-02 7.55514766E-02
21 11 4.84950114E-02-8.12639015E-02-3.39069561E-02-5.34075712E-03 5.08748832E-03
21 12-5.69416009E-03 4.76914380E-02 6.25666909E-02 1.91662614E-02-3.72253145E-03
21 13 5.22780403E-02 6.33094539E-02-1.18199293E-02-1.04027806E-02-2.66402531E-02
21 14-1.94233284E-02-5.11662942E-03 3.17549600E-03 6.85032371E-02 3.88446775E-02
21 15 8.72388649E-02 1.05857944E-01
22  1-2.34010055E-03 1.38939114E-02-1.19162366E-02-1.03014063E-02 3.24508572E-02
22  2-2.00773740E-02 2.60629436E-02 1.99336974E-02-6.71949960E-02-2.29033490E-02
22  3 1.49308163E-02 2.56135206E-02-4.80293465E-02-4.01309013E-03 3.63705364E-03
22  4 9.90827340E-02 5.38689048E-02-7.03117639E-03-1.81660182E-02 5.21257266E-02
22  5 7.68444618E-02 8.98485472E-03 4.38944214E-02-4.51573246E-02-6.88149891E-02
22  6-1.16528595E-01 5.95594859E-02-1.45648935E-01-4.23091896E-02-1.19442264E-01
22  7 7.04109161E-02-7.34352514E-02 6.26191060E-02-1.61547749E-01 5.19587278E-02
22  8 1.52729368E-01 3.35233578E-01-1.59935799E-01 4.86446566E-02 1.63962817E-01
22  9-6.67454450E-02-5.95234029E-02-2.35551399E-04 3.24770353E-02-6.32821254E-02
22 10 5.61697708E-02 2.66783036E-01-5.65626096E-02-3.43560459E-02 2.79185161E-01
22 11 2.78919906E-01-6.33878519E-02-3.59706021E-02 1.53793812E-02-6.56793270E-03
22 12 6.40076454E-03-7.14624208E-02-1.14376394E-01-9.08164124E-02 1.24631749E-02
22 13-6.14304184E-02-1.34590389E-01 2.81142828E-02 4.79776464E-03 5.18186702E-02
22 14 9.74884815E-02-1.38250649E-01-1.05055978E-01-8.81511905E-02-5.62319076E-02
22 15-7.77066825E-02-6.20481485E-02
23  1 1.14282810E-02-6.81458484E-02-5.98624342E-03-4.83006250E-02-1.84530379E-01
23  2 6.83393230E-02 1.36838205E-02 1.02692850E-01 3.94228894E-01 1.87806062E-01
23  3-2.12105278E-03 5.96990401E-02 2.23854548E-01 8.57788008E-03 8.42706133E-03
23  4-1.36927041E-01-1.54567141E-01-1.65180036E-01-1.04596134E-01-1.61486956E-01
23  5-1.44191978E-01-1.85429502E-01-1.15191724E-03-5.33327025E-03 1.01732835E-01
23  6 3.64260288E-02 5.03839622E-02 4.18986906E-02 1.08376498E-01 2.56886553E-03
23  7 8.76754972E-02-2.36231755E-02 1.92694319E-02 2.57030207E-02 1.44755655E-02
23  8 1.12738156E-01 1.13433339E-01 2.67751664E-02 1.23670692E-02 1.20714436E-01
23  9 1.10361381E-01 8.90182386E-02 6.59425870E-02 7.91648631E-02-7.67058745E-03
23 10 8.24255666E-03 3.55832833E-02-1.32331934E-01-6.87553410E-02 3.32749051E-02
23 11 4.26672405E-02-1.48731985E-01-7.02740804E-02-2.82483787E-03 5.21149729E-03
23 12 4.16591303E-02-5.04089583E-02-4.18679922E-02 5.49016353E-03 5.09102666E-02
23 13-4.65003354E-02-5.32629221E-02-6.75714187E-03-1.39108911E-02 2.16213956E-02
23 14 3.11608175E-02 1.06844863E-02 1.71700913E-02 7.36322269E-02 5.73247911E-02
23 15-4.47331955E-02-4.43848092E-02
24  1-1.76667364E-03 1.03796420E-02 1.63787879E-02 3.40697252E-02 2.54165827E-02
24  2-1.90076667E-02-3.47119802E-02-7.36086237E-02-5.34456209E-02-3.63993624E-03
24  3-2.90325010E-02-5.40980570E-02-4.91943141E-02 1.12252160E-02-1.98794957E-02
24  4 7.70606754E-03-4.05601837E-02 6.96287358E-02-1.60311655E-02-1.60379391E-02
24  5-1.29655025E-02 2.59530223E-02 1.17893419E-02-8.58242594E-03-4.76633047E-02
24  6 6.88900719E-02-1.64224901E-02-6.42707514E-02 1.56227789E-02 2.45396663E-02
24  7-2.72354040E-02-4.02232042E-03 6.25780170E-03 3.86141103E-02-9.55149640E-02
24  8 9.88597530E-02 1.03034752E-02 4.74052493E-02-1.20898788E-01 1.29885266E-01
24  9-2.64761387E-02-3.39926630E-02 1.55900632E-02 4.06950324E-02-3.15387099E-02
24 10 3.01962681E-02 7.41678666E-02-1.86601432E-01 7.14593760E-02 1.40434900E-01
24 11 7.73652965E-02-2.21294816E-01 8.64646022E-02-8.09345755E-02 7.24621688E-02
24 12 2.46726504E-01 1.49620484E-01 2.09888982E-01 3.56260244E-01 2.85666916E-01
24 13 1.74347708E-01 2.18996269E-01-1.19726260E-01-1.05599144E-01-8.76220663E-02
24 14-9.74883184E-02-3.06038724E-02-4.42284580E-02-4.66896205E-02-3.13108818E-02
24 15-3.56234111E-02 3.19704361E-02
25  1-2.39890022E-03 1.40824847E-02 8.00599583E-02 7.11507495E-02 3.04428069E-02
25  2-2.42288614E-02-1.71059690E-01-1.54139109E-01-6.48386902E-02-1.05206658E-02
25  3-1.40244558E-01-1.12696385E-01-5.65115338E-02 2.85961532E-02-2.92870925E-02
25  4-3.78768179E-02-4.21934015E-02 1.13970222E-01-1.64757856E-01-5.21022513E-02
25  5-6.11682915E-02 1.06862356E-01-2.80242892E-03-6.00438694E-03 1.49878792E-01
25  6-5.30965576E-02-9.85573333E-02 7.08420594E-02 2.77081934E-02-4.89781250E-02
25  7-4.64878518E-03-4.81836478E-02 4.25559316E-02-1.33758390E-01 1.01820293E-01
25  8 1.23431640E-01 2.10787778E-01-1.49005513E-01 1.24377369E-01 1.33758622E-01
25  9-1.62344914E-03 2.47064392E-02-2.31704383E-02-1.47137444E-02 3.90003818E-02
25 10-3.51438170E-02-1.81361152E-01-1.57120767E-02 2.07027814E-01-1.73269770E-01
25 11-1.88190175E-01-1.55645570E-02 2.38780291E-01-9.11656701E-03 7.72230802E-03
25 12 1.25378641E-01-1.29382868E-01-1.24957493E-01 5.39647190E-02 1.47067886E-01
25 13-1.50698323E-01-1.57195470E-01-2.06751106E-02-1.64425547E-02 3.44705883E-02
25 14-2.95826881E-02 7.91166883E-02 6.39640582E-02 1.00846351E-01 1.15132196E-01
25 15-7.34615436E-02-7.78650717E-02
26  1-1.38810202E-04 8.12665833E-04-1.17330747E-01-1.87456233E-01 7.06756340E-02
26  2-5.75006870E-03 2.52762416E-01 4.02823709E-01-1.50888147E-01 1.09352439E-02
26  3 2.11524440E-01 3.44768997E-01-1.38736190E-01-4.31017282E-03 2.31077440E-03
26  4-4.61044442E-02-8.73862617E-02 1.99206315E-02 3.46195593E-02-6.42808811E-03
26  5-4.31569757E-02-1.22146085E-02 2.24957611E-02-2.20874953E-02 6.25902288E-02
26  6 1.77262635E-02-8.83125462E-02-1.15472089E-01 1.68792089E-02 8.72496920E-02
26  7-3.52978241E-02-1.58718837E-02 1.69613982E-02-5.17801584E-02 5.54387794E-02
26  8 9.32432429E-02 4.92588411E-02-6.86694735E-02 6.76865710E-02 1.08089278E-01
26  9 4.52815976E-02 6.42521372E-02 4.95110168E-02 4.14553709E-02 7.03939761E-03
26 10-9.64158460E-03-5.87752569E-02 1.90478553E-01 2.41312301E-02-8.20483682E-03
26 11-5.99949243E-02 2.17058809E-01 4.59471685E-02-1.77480761E-02 1.72601585E-02
26 12 1.34146492E-01 7.80229566E-02-1.13656256E-02 7.28565220E-02 1.60391689E-01
26 13 8.75400927E-02-1.79133730E-02-1.52218857E-02-1.09647689E-02-2.46760650E-02
26 14-1.97332226E-02 1.90725524E-02 7.58335882E-03 2.28352730E-02 5.40829260E-02
26 15-3.91454561E-02-1.41579158E-02
27  1-2.22385054E-04 1.31878728E-03-2.17896824E-01 1.59530667E-01-1.65095854E-02
27  2-2.73970585E-03 4.69239692E-01-3.43648956E-01 3.58124552E-02-5.64780022E-04
27  3 4.02402024E-01-2.92350576E-01 2.91814234E-02 2.45619887E-03 6.74461660E-04
27  4-1.12313274E-01 6.69738685E-02-3.52379329E-03-3.33246448E-02-6.28558178E-02
27  5 3.18266314E-02 1.26670347E-02-2.12245051E-03-6.00052323E-04 3.47877126E-02
27  6-1.69015922E-02 8.73830503E-03 1.95403051E-02-2.10070133E-02-1.02012802E-02
27  7 1.14853752E-02-7.32767399E-03 9.53020414E-03-7.30002883E-02 2.11689084E-02
27  8-1.89784311E-03 1.73191494E-02-8.57649958E-02 3.15464160E-02-4.21982967E-03
27  9 9.25613739E-02 1.11314406E-01-9.22803367E-02-1.00352180E-01 7.69013869E-04
27 10 1.15759096E-03 3.97990743E-03 2.32893796E-02-2.46849721E-02-1.10740266E-02
27 11 1.06716597E-02 2.58286163E-02-3.04513022E-02-4.85128575E-03 5.13956717E-03
27 12 4.53094922E-02 2.22042080E-02-7.67137535E-03 1.74133192E-02 5.37750966E-02
27 13 2.67799254E-02-1.09006433E-02-5.11571951E-03-3.54117581E-03-6.96360453E-03
27 14 2.14155294E-03 4.94182498E-03 8.77801591E-03 4.02333565E-02 7.26823741E-02
27 15-8.00304111E-03-2.21524871E-03
28  1 4.92246627E-05-5.12833318E-05 8.65086181E-02 4.97237046E-02-7.73912201E-02
28  2 3.94022087E-03-1.86287119E-01-1.07468153E-01 1.68041065E-01-2.23688269E-02
28  3-1.57743121E-01-8.29971678E-02 1.53939249E-01-5.67288050E-03 1.67334608E-02
28  4 5.11476308E-02 8.36733159E-03-5.41578087E-02-2.50735650E-02 4.85356372E-02
28  5 1.63797413E-02 3.88516682E-02-1.09650457E-02 3.18395047E-03 4.61681694E-02
28  6-6.78117149E-02 5.74286942E-02 8.73369274E-02-4.15714681E-02-4.39923685E-02
28  7 3.13415714E-02-1.53591371E-02 1.99280364E-02-2.32094546E-01 1.08307854E-02
28  8 5.12172927E-02 2.42329503E-02-2.76444037E-01 1.36467695E-02 5.91477361E-02
28  9-2.33886681E-02 2.73534868E-03 2.25719009E-02 1.02880919E-02 4.00536490E-03
28 10-1.45591466E-04-4.48878440E-03 2.86573205E-01-1.77085507E-01-3.37269836E-02
28 11 3.24789584E-03 3.31218401E-01-2.15704203E-01-1.71309834E-02 1.86423071E-02
28 12 4.37564231E-02 1.85756448E-01 1.19921532E-01 5.44802030E-02 5.15133183E-02
28 13 2.15198213E-01 1.33936487E-01-1.59746939E-02-9.91128731E-03-4.17612743E-02
28 14 7.01788976E-03 1.10701999E-02 7.53270643E-03 5.82071877E-02 7.68845521E-02
28 15-3.37128823E-02 5.54433674E-02
29  1 7.44979804E-04-4.22673667E-03 2.77869910E-02 2.39973167E-03-1.73519434E-02
29  2 1.87490245E-02-6.08983723E-02-3.11777916E-03 3.50209595E-02-2.76382303E-02
29  3-4.86757897E-02-1.48201587E-02 5.80845906E-02-1.93506395E-02 2.05460716E-02
29  4 3.66194400E-02 7.22354470E-02-5.52035657E-02 1.11019343E-01 5.09351984E-02
29  5 5.33445686E-02-2.93216243E-02-9.78391810E-03 1.80965191E-02-4.53831201E-02
29  6-2.21366268E-02 3.78533895E-02 1.20661277E-02-1.55641992E-02-1.89924073E-02
29  7-1.52964176E-02 1.51293791E-02-1.64692088E-02 8.48123211E-02 2.55789212E-02
29  8-2.41284979E-01-3.65531414E-02 1.04336838E-01 3.69681042E-02-2.77599215E-01
29  9-9.57897607E-03-2.56118401E-02-1.84573584E-02-4.60484833E-02-1.88546516E-03
29 10 6.67644667E-03 3.13432472E-02 4.18098882E-02-1.06244957E-01-1.05555699E-02
29 11 2.64828193E-02 3.14493514E-02-1.27324821E-01-1.83313423E-03 4.01391747E-03
29 12 3.51687124E-01 2.37485510E-02-2.64443316E-01-1.52607277E-02 4.18158108E-01
29 13 3.89343863E-02-2.99335127E-01 6.75324058E-03 1.11446796E-02-1.73545642E-02
29 14 7.25265764E-02-6.15407952E-03-2.27838868E-02-2.40650648E-02-3.37477021E-02
29 15 5.50484784E-02-5.68889719E-02
30  1-4.88783090E-04 2.83064165E-03 7.70393236E-03 5.68873154E-02-3.48774647E-02
30  2-1.22516855E-02-1.58980284E-02-1.24916621E-01 7.69204231E-02 2.16946640E-02
30  3-2.23218061E-02-1.02533671E-01 4.88765580E-02-1.62395467E-02 1.70784287E-02
30  4 3.14514915E-02 5.51346477E-02-5.36481611E-02 1.07976086E-01 9.53713841E-03
30  5 1.19505997E-02-7.15932552E-02 3.40385169E-03 2.81516579E-03-9.99180255E-02
30  6-4.89190436E-02 2.28131129E-02-1.89900270E-02-1.45258895E-02 6.01716690E-02
30  7 8.77719057E-02 6.69165595E-03-1.25429019E-03 3.19048999E-01 1.93853086E-01
30  8 2.57363580E-01-5.74236714E-02 3.66401820E-01 2.32003048E-01 2.95223376E-01
30  9-1.51668169E-02-6.90883113E-02-1.26738227E-02-4.57196726E-02-1.17220562E-02
30 10 1.63126783E-03-2.62950378E-02 1.98010565E-01 5.09587452E-02 1.14290913E-01
30 11-3.44131083E-02 2.27278060E-01 8.49457342E-02 2.40353462E-03-6.28437611E-04
30 12 1.78026140E-02 2.40345886E-02-1.52019839E-02-1.72947513E-02 2.89788269E-02
30 13 2.88859419E-02-1.84063465E-02 8.95728665E-03 7.88377682E-04 6.40061430E-03
30 14 8.48045961E-03-1.61437239E-02-6.72415773E-02-1.21434061E-01-1.70953728E-01
30 15 1.72644512E-02 3.23117204E-02
 $END   
 $GRAD  
E=     -762.3136435504  GMAX=   0.0070505  GRMS=   0.0018331
CL          17.   -2.8845735143E-04    2.0059641445E-04    1.8526912735E-04
C            6.    4.8981399920E-04   -8.7179136392E-04   -7.5543039502E-05
C            6.    3.1068729521E-04    7.5460249441E-04   -6.8274803038E-04
O            8.   -1.2959647984E-03   -5.0706057395E-04   -6.5081491197E-04
H            1.   -5.3089259217E-05    1.1953142246E-04    7.8553186503E-05
H            1.    1.2642795113E-04    1.2722278181E-04    2.3807358424E-04
O            8.    2.4193648466E-03    5.3225343433E-03   -3.5149249642E-03
O            8.   -6.1604771469E-04   -9.7997047893E-05    4.8948621810E-04
H            1.    2.4242047912E-06   -1.6641080914E-04   -6.3639785398E-05
H            1.   -2.6475975085E-03   -7.0504817296E-03    4.1137128812E-03
H            1.   -7.8787685578E-05    1.2946184408E-03   -5.2695705951E-04
H            1.   -8.9689085904E-05    5.5642655959E-04    1.1656104482E-04
H            1.    1.7209155686E-03    3.1820915134E-04    2.9297179817E-04
 $END
-------------------- DATA FROM NSERCH=   8 --------------------
 COORDINATES OF SYMMETRY UNIQUE ATOMS (ANGS)
   ATOM   CHARGE       X              Y              Z
 ------------------------------------------------------------
 CL         17.0   3.1051301522   0.7149831955   0.4018689569
 C           6.0   2.7590337357   0.1164136279  -1.3500044545
 C           6.0   3.3522003508   1.0927543396  -2.3413849025
 O           8.0   2.6731171217   2.3149761546  -2.2909151768
 H           1.0   1.6755714924   0.0799963192  -1.4369212210
 H           1.0   3.2188923593  -0.8633437866  -1.4298441206
 O           8.0   3.2224062407   0.4758016318  -3.6864850472
 O           8.0   3.7700891687   2.8066543209  -4.5189025553
 H           1.0   3.1973433292   3.1617566279  -5.2354893494
 H           1.0   3.6586264098   1.7897477093  -4.4885185063
 H           1.0   2.2538334626   0.3761490626  -3.8736385003
 H           1.0   4.4344071309   1.1716299938  -2.2150790630
 H           1.0   3.0799325261   2.8482323717  -3.0760044040
--- CLOSED SHELL ORBITALS --- GENERATED AT 10:09:11 30-JUL-2026    
Chloroacetaldehyde hydrate and water                                            
E(R-WB97X-D)=     -762.3136591547, E(NUC)=  315.9638413253,    7 ITERS
 $VEC   
 1  1 9.85802696E-01 5.34289149E-02-2.00577368E-05-4.12324819E-05-1.72596832E-04
 1  2-1.87696482E-02 5.85679059E-05 1.26961615E-04 6.47276048E-04 1.02661267E-02
 1  3-2.32094020E-04-4.78003610E-04-1.78912511E-03-3.25121787E-05-4.19980265E-04
 1  4-4.51985185E-06-1.99490877E-05-1.46097115E-04 7.64742093E-04 1.15244485E-05
 1  5 3.32135994E-04-1.43962380E-03 7.83201284E-05 6.27029285E-04-2.26325450E-05
 1  6 1.90641351E-05 3.42090009E-04-1.94611373E-03 5.81253060E-04-2.69213310E-05
 1  7-1.79783922E-03-1.89465352E-05-1.34711555E-04-2.13608854E-05 1.37831625E-05
 1  8 2.75070721E-05 6.43323778E-04 1.64940710E-04-2.91986167E-04 1.08344941E-04
 1  9 1.54503039E-04-8.30837637E-04 2.06872025E-04-7.60094567E-04 1.30206360E-05
 1 10 1.28726361E-04 1.94923401E-05 1.13904186E-05 4.60686220E-05-4.96183315E-04
 1 11-1.08250857E-04-9.14136879E-05-2.35758797E-04-1.30969050E-06-6.81031042E-06
 1 12-1.53282535E-06-3.20243120E-06 2.65079674E-05 6.33417263E-05 2.22485387E-07
 1 13-1.09852512E-05-8.14485876E-05-3.37058711E-05 2.92846034E-05 4.19341825E-05
 1 14-2.40748757E-04-2.08281201E-05-3.55445708E-05 2.90074279E-04-2.69687126E-04
 1 15-4.38527279E-05 2.57769156E-05
 2  1-9.16941865E-06 6.15428763E-05 1.50876691E-05 3.46750690E-05-6.34273604E-05
 2  2-9.84482045E-04-8.39365520E-05-2.05359866E-04 4.38774211E-04 1.53142865E-03
 2  3 2.42903070E-04 7.02092080E-04-1.56647523E-03 2.51518828E-04 8.15956421E-04
 2  4-2.86341054E-04-2.34865177E-04 8.48804841E-04-7.60754724E-03-6.07873037E-04
 2  5-2.20854258E-03 3.51916917E-03-1.12630884E-03-4.79752798E-03-1.19385146E-04
 2  6-3.84486247E-05-1.47347082E-03 2.48886928E-02-4.46963699E-03-5.66476897E-03
 2  7-8.52227452E-03 5.54557854E-03 1.95443444E-03-1.12352449E-04-3.48577557E-04
 2  8-3.57432101E-04-5.12988196E-03-2.48589515E-04 3.44972089E-03 2.26687696E-03
 2  9 9.70618454E-04-7.52087410E-04 3.49795075E-04-4.22987050E-05 9.82597570E-01
 2 10 1.04924992E-01-1.98229262E-03 1.79074720E-03 2.08244992E-03-5.05576672E-02
 2 11 3.69309873E-03-5.77908244E-03-7.55643024E-03 5.71033767E-03 1.85004408E-03
 2 12 1.12458975E-04-5.64930945E-04 3.18847835E-05-4.00692918E-03-1.96132337E-04
 2 13 2.99866263E-03-2.58374660E-04 3.49201245E-04-1.31146672E-03 6.47656577E-04
 2 14 6.21900690E-03 3.49399336E-03 4.53700558E-03-1.52318531E-03-1.43434844E-03
 2 15 4.40569162E-04-1.06017668E-03
 3  1 6.36732655E-06-5.07662730E-05-2.43904537E-05 2.66056755E-05 4.00454584E-05
 3  2 4.59753555E-04 1.63747556E-04-1.32234800E-04-2.43022797E-04-5.41814220E-04
 3  3-7.20201052E-04 4.43810249E-04 3.24976542E-04 2.06614482E-04 7.40997082E-04
 3  4-5.41095474E-04-5.80611339E-04 4.68629037E-04-6.42201556E-03 3.37766758E-03
 3  5-3.93302161E-03 2.26009753E-03-9.46528243E-04-3.85662678E-03-3.39383684E-04
 3  6 2.06827211E-03-1.76651978E-04 2.39396526E-02-1.04747254E-02 8.75605208E-03
 3  7-6.55348512E-04 9.75309474E-01 1.04903548E-01 2.73327067E-03-1.83562129E-03
 3  8-2.14488226E-03-5.38341635E-02-7.68890829E-03 7.38894906E-03 5.64108212E-03
 3  9 9.43410266E-04 1.82636226E-03-5.08521907E-04-2.09793649E-04-5.80050817E-03
 3 10 8.92851307E-04-2.66330629E-04 4.70260068E-04 1.09912294E-04-4.75476623E-03
 3 11 1.55078993E-03-3.32100704E-03-2.13811297E-03 1.20322511E-01 1.37783547E-02
 3 12-4.18690011E-04-1.45570425E-04 5.97880348E-04-7.96295792E-03 1.33913011E-03
 3 13 5.05131395E-04-2.71108901E-03 5.16616735E-04-2.11564322E-04 6.94710475E-04
 3 14 4.67079317E-04 8.82212724E-04-1.33792896E-03-9.43386413E-04 1.73260494E-04
 3 15 3.19067584E-03 8.81704673E-03
 4  1-5.02948307E-07 4.52106814E-06 1.31038977E-05-7.34931425E-06-3.96723747E-06
 4  2-2.91289304E-05-7.12015298E-05 3.45061182E-05 2.67220251E-05-1.79085848E-05
 4  3 1.53749427E-04-3.96447993E-05 1.23124687E-05-1.72613584E-05 3.93048487E-05
 4  4 1.92561651E-06 1.66449295E-04-1.71046797E-04 7.25180301E-04-4.98459702E-05
 4  5 3.65479143E-04-1.51514032E-04 2.05098112E-04 1.05944979E-03 6.90848167E-05
 4  6-3.01960584E-04-2.85296915E-05-4.84532747E-03 1.62767694E-03-1.54053323E-03
 4  7 5.58953570E-04-1.20132208E-01-1.16977341E-02-2.52396783E-04 7.30592165E-04
 4  8-8.33685945E-06 2.82742371E-03 2.88773921E-04-3.19984020E-03 1.17629439E-03
 4  9-1.21724499E-04 2.02259665E-04 8.00157825E-05-1.96779551E-04-4.77294175E-03
 4 10 4.69804078E-04 3.74180041E-04 4.66185916E-04-5.67032255E-04-1.72347735E-03
 4 11-1.43113661E-03-1.88860214E-03 2.45726419E-03 9.75010955E-01 1.02361942E-01
 4 12-2.15908696E-03-1.69183789E-03-1.21217339E-03-4.41542272E-02 4.53633233E-03
 4 13 4.49448393E-03 2.02691012E-03 2.98623041E-03 5.71005847E-03 2.39474008E-03
 4 14 1.06890401E-02 4.43964148E-04-1.29805258E-03 4.71932951E-04-7.07032235E-04
 4 15-1.59793041E-04 5.67258172E-03
 5  1 7.56888819E-05-9.80108308E-05-6.45803497E-06 4.22908252E-05-2.12092133E-04
 5  2-2.17584874E-03 5.34595628E-05-2.78873138E-04 1.44645089E-03 2.83723781E-03
 5  3-5.81141997E-04-1.47551310E-04-2.19000100E-03-9.91258880E-03-4.20222477E-03
 5  4-1.91903936E-04-2.88292214E-04 7.60980812E-05 2.59461347E-02 6.50469673E-03
 5  5 1.01208693E-02-1.25158992E-02 9.86573689E-01 1.10711468E-01-1.80931589E-04
 5  6-7.85181518E-04 4.14553947E-05-8.59745529E-02 2.36172058E-03 1.01222737E-02
 5  7-6.01963649E-03-5.11155916E-05-4.51202560E-04 3.77155504E-04 1.48268543E-04
 5  8-2.45303778E-04 7.98547389E-03-4.13725262E-04-3.49988850E-03 1.30942108E-03
 5  9-1.54311102E-03 1.36133849E-03-1.60507416E-03 1.34710125E-03-1.94089499E-04
 5 10-9.19209816E-04-6.74310564E-05 3.35945792E-04 1.62262474E-04 9.80892259E-03
 5 11 6.84801501E-04 7.17398611E-04 5.11204848E-03 5.20827547E-05 4.20904709E-04
 5 12 1.50429804E-05 1.24596293E-04-1.02506978E-04-1.64182803E-03 1.41524715E-04
 5 13-2.14980839E-05-4.92670126E-05 4.89244417E-04-7.79358515E-04-4.02139345E-04
 5 14 2.36593565E-03-5.65234050E-04 3.44387121E-03-1.84035298E-04 1.67151493E-02
 5 15-3.82536764E-06 3.36380921E-03
 6  1-2.18392129E-05-1.76455828E-04 6.27004453E-05 1.06905812E-04 3.27561580E-04
 6  2-2.15007923E-03-3.73847593E-04-6.36819801E-04-1.88374775E-03 1.30661474E-02
 6  3-1.31023141E-03-2.30272618E-03-8.66178912E-03 9.86480587E-01 1.11906857E-01
 6  4 3.21336043E-04 5.84488259E-04 1.12884522E-03-8.98641210E-02-3.02355739E-03
 6  5-5.16229953E-03 2.39228186E-03 9.23967382E-03-1.81591030E-03 2.74912237E-04
 6  6 3.14948044E-04-1.70504121E-05 2.28384638E-02-5.46452739E-03-9.15699504E-03
 6  7 8.98724027E-03 3.78490818E-05 5.99089411E-06 6.23539912E-05 5.37169283E-04
 6  8-3.64137279E-04-1.33484343E-03-2.84272693E-04-5.86295946E-04 7.94922123E-04
 6  9-7.40785217E-05 1.55175101E-02-1.29682337E-04 1.55068004E-02 1.83749279E-05
 6 10-1.37388077E-04 2.13286842E-04 1.85729355E-04-4.46331784E-04-9.06851613E-04
 6 11-5.91438670E-04-5.28280437E-04 1.35953507E-04 2.30344355E-05 1.79267721E-04
 6 12-5.04539527E-05 4.49149342E-05-1.08868495E-04-7.83723859E-04 2.27907131E-04
 6 13 3.30873378E-05 2.91421877E-04 3.26183499E-04-3.28235334E-04-1.10634248E-04
 6 14 1.54278350E-03-5.22776591E-04 1.00229542E-04-1.30289939E-03 9.32975051E-04
 6 15 5.23482216E-04 1.33319655E-03
 7  1-3.05120889E-01 9.77065375E-01-1.62558571E-03-3.09006723E-03-8.43880473E-03
 7  2 1.54290063E-01-6.27834923E-04-1.28109284E-03-5.18432508E-03-6.77356244E-02
 7  3 1.67405910E-03 3.36994051E-03 1.19861041E-02 2.82542945E-06 1.68837591E-03
 7  4-4.86370410E-05 3.13570019E-06 4.37202631E-04-2.25436241E-03 3.19815294E-04
 7  5-1.36320737E-03 9.57857450E-03-4.54055277E-05-3.27041864E-03 1.41473899E-04
 7  6-1.30057859E-04-1.95153259E-03 1.03920357E-02-3.44438671E-03 2.67185787E-04
 7  7 1.03763006E-02 9.61211978E-05 6.48259563E-04 9.15915755E-05-8.16132601E-05
 7  8-1.31741928E-04-3.49291661E-03-8.64966709E-04 1.65084586E-03-6.24092490E-04
 7  9-9.88967388E-04 5.01488295E-03-1.29104786E-03 4.56664141E-03-7.58322638E-05
 7 10-6.97435896E-04-1.01043026E-04-4.45937188E-05-2.63701686E-04 2.98897969E-03
 7 11 6.20734260E-04 5.05845733E-04 1.55826474E-03 8.01198729E-06 4.61478190E-05
 7 12 8.57191720E-06 1.04968368E-05-1.30100654E-04-3.91344481E-04-6.02055204E-06
 7 13 9.62038982E-05 4.34172306E-04 1.82589765E-04-1.88845769E-04-2.27580965E-04
 7 14 1.44297101E-03 6.10488099E-05 3.66283296E-04-1.58570292E-03 1.84010490E-03
 7 15 2.00056064E-04-1.21820486E-04
 8  1-3.24883460E-03 1.09988113E-02 1.75435882E-01 3.04440937E-01 9.04853630E-01
 8  2-3.16650336E-03 1.60589619E-02 2.79354459E-02 8.42754238E-02 4.61700698E-03
 8  3-5.16657751E-03-9.18120214E-03-2.89403142E-02-7.10236243E-04-4.39658971E-03
 8  4-2.51379199E-05-1.10588829E-04-3.63601061E-04 9.18674537E-03 1.26509998E-03
 8  5 3.16966890E-03-2.98059906E-03 3.78652205E-04 2.74168812E-03 1.07777215E-05
 8  6 9.99130751E-05 9.23259987E-04-1.07690072E-02 2.05901067E-03 8.15101224E-04
 8  7-8.51452697E-03-6.70303026E-05-3.88642215E-04-1.13784623E-04-7.79528283E-05
 8  8 1.09023093E-04 2.43593963E-03 8.24264089E-04-8.20139967E-04 3.20144696E-04
 8  9-2.39083806E-04-3.89710603E-03-6.48861986E-05-3.58129479E-03 3.60824368E-05
 8 10 2.85362205E-04 7.60149995E-05 1.13823995E-04 1.10019732E-05-1.66116722E-03
 8 11-4.26378187E-04-6.50708584E-04-3.27252626E-04-5.76051090E-06-3.18240748E-05
 8 12 2.15949743E-06-2.45128022E-05 8.82743363E-05 2.88718374E-04-2.70198021E-05
 8 13 6.17735746E-06-2.93682071E-04-1.42353058E-04 1.34349665E-04 2.12646152E-04
 8 14-1.01148573E-03-2.92584252E-04 3.24129524E-04 1.18587127E-03-3.27658799E-04
 8 15-2.18543128E-04-1.92778099E-04
 9  1 2.32656635E-06-5.49764464E-05 7.13138949E-01 5.71105822E-01-3.30224785E-01
 9  2 4.47757040E-04 6.39513819E-02 5.12460386E-02-3.01141602E-02 2.31284822E-04
 9  3-2.00335531E-02-1.61822287E-02 9.25207464E-03 1.85779206E-05 1.23588501E-04
 9  4-4.23565960E-05 8.71848872E-05 5.20199638E-04-6.46475136E-04 9.73588676E-04
 9  5-8.95046578E-04-2.22331518E-03-1.00059799E-04-9.97544071E-04 8.64711173E-05
 9  6-1.32869796E-04-8.86728961E-04 9.14734870E-04-9.46324272E-04 2.10813779E-03
 9  7 5.04463058E-03 3.21067447E-05 1.62560927E-04 7.33383200E-05 1.96777982E-05
 9  8-8.63900230E-05-1.36190396E-03-5.82384476E-04 4.55330721E-04-2.08958269E-04
 9  9 6.51987826E-04-1.79535347E-03-7.63462715E-06-1.00881748E-03-5.43140259E-05
 9 10-3.93817627E-04-9.17065031E-05-9.63920261E-05-8.08256339E-05 2.06458515E-03
 9 11 5.09685052E-04 6.50254710E-04 9.62701865E-04-1.84047437E-06-2.12286208E-05
 9 12 1.50611360E-05 1.43659085E-05-4.03091579E-05-9.92858523E-06-4.70336402E-05
 9 13-2.54553369E-05 1.52641135E-04 3.25559420E-05-2.78716652E-05-6.23085104E-05
 9 14 3.35103222E-04-1.29403520E-05 5.39834878E-04-1.01258198E-03 2.22744364E-03
 9 15 1.58697820E-04-1.71566523E-04
10  1-5.17451945E-05 1.59406976E-04-6.36009457E-01 7.24509062E-01-1.20399687E-01
10  2 7.62607209E-05-5.68810506E-02 6.48557040E-02-1.09213559E-02 2.05759166E-04
10  3 1.73138333E-02-2.00280858E-02 3.27060145E-03-6.00655674E-07 1.97002340E-05
10  4 4.55719043E-05 1.60000170E-05 1.66734414E-04 2.57500276E-04-1.33855355E-03
10  5 1.06430890E-03-1.02955195E-03-4.96597213E-05-6.11351195E-04-1.23260944E-05
10  6-2.12539453E-04-2.07017040E-04 1.34270775E-03 1.15357900E-03 9.41276978E-04
10  7 9.01933184E-04-2.14543517E-06-1.20092525E-04 6.33933550E-05 1.16546471E-04
10  8-3.90287661E-04-2.01159204E-04-4.07673582E-04-3.01791529E-04 1.13596531E-03
10  9-5.91028290E-04 1.26965056E-03 7.62247306E-04-2.00921929E-03-1.48576356E-05
10 10-1.30568094E-04-1.69632820E-05 2.90912850E-05-4.71409065E-05 5.36474611E-04
10 11 1.40056588E-07-8.18679253E-05 2.67187543E-04 7.96343929E-06 6.89690324E-05
10 12-1.32539931E-06-5.87965481E-06 2.61673996E-05-2.12799474E-04 1.95723330E-05
10 13 5.24083961E-05-1.16261532E-04 1.48388084E-05-7.96895247E-05-2.99827599E-05
10 14 2.29149674E-04 6.86359916E-05-1.48701529E-04-7.31283809E-06-1.56165416E-03
10 15 2.86805303E-04 3.76456462E-04
11  1 1.81683118E-03-1.03072657E-02 3.13550867E-04 1.91747006E-04 3.38735183E-03
11  2 1.43514730E-02-5.44780233E-04-2.45354375E-04-7.00130146E-03 3.44883217E-03
11  3 9.64804685E-04-2.14917226E-04 2.63762777E-03-2.44505537E-02 2.18263540E-02
11  4 6.90421215E-03 1.54678308E-02-1.91372214E-02 4.96986849E-02-1.07660107E-02
11  5 7.73775209E-03-5.55409755E-03-9.82711092E-02 1.06950770E-01-3.64474897E-02
11  6 1.96399564E-02-4.80836963E-02 1.54624380E-01 1.30966371E-02-8.05920092E-03
11  7 2.91117813E-04-1.18768218E-01 1.06432561E-01 4.19910520E-02-3.93544566E-02
11  8-3.23956644E-02 3.61958519E-01 4.58258079E-02-4.13910724E-02-4.36672071E-02
11  9 5.70554519E-03-5.26580852E-03 7.63670057E-03-6.26559400E-05-1.64098495E-01
11 10 1.50081310E-01-4.95865793E-02 3.14295580E-02 4.46241614E-02 5.00985213E-01
11 11-5.36877281E-02 4.48764327E-02 4.84017916E-02-4.36400930E-02 3.81527766E-02
11 12-1.32068859E-02-1.36758733E-02-2.91411592E-03 1.34891093E-01-1.60035978E-02
11 13-1.69084370E-02 3.70639222E-03 1.73845566E-02 6.41488066E-03 3.46995950E-02
11 14 6.77781122E-03 7.43509652E-02 1.19037645E-02 2.67115154E-02-1.20212871E-02
11 15 4.86622896E-02 3.16196304E-03
12  1 1.49037952E-03-8.48670716E-03 3.87322156E-04-3.38932213E-05 1.82294818E-03
12  2 8.66380360E-03-8.93679374E-04-4.99060054E-04-2.17010903E-03 6.50761081E-03
12  3 2.05615852E-03 3.40076399E-03-2.15268898E-03-2.19811957E-03 1.45891129E-03
12  4-1.22312276E-03 9.03741749E-03 5.61733638E-03 5.27160923E-03-6.75874849E-03
12  5 1.73519917E-02 1.21316875E-02-1.84895578E-02 1.72230857E-02-2.71762432E-02
12  6 9.44609011E-02 5.15674123E-02 3.14531996E-02 6.67558152E-03 6.48122019E-03
12  7-2.01358625E-03-1.55986565E-01 1.43535075E-01 5.16225014E-02-2.48165427E-02
12  8-3.72493192E-02 4.89456909E-01 5.83935348E-02-3.17121892E-02-3.99345435E-02
12  9 6.89825834E-04-2.66168098E-03 5.04909748E-04 3.02306517E-03 1.51017056E-01
12 10-1.41375900E-01 5.35468538E-02-7.39472826E-03-2.37677568E-02-4.81082112E-01
12 11 4.84429381E-02-1.17275118E-02-3.75554473E-02-8.34687692E-02 7.59357173E-02
12 12-2.57563146E-02-1.14440675E-02-1.33107629E-02 2.63142067E-01-2.73340692E-02
12 13-1.59625619E-02-8.51452110E-03 4.20108432E-02 1.09533010E-02 2.31282548E-02
12 14-3.58628057E-03-8.17236281E-02-1.36305550E-02 2.99638065E-03-6.32705457E-03
12 15 7.47126721E-02 1.63364554E-02
13  1-2.04719936E-03 1.16936049E-02-4.15803225E-04-2.63164361E-04-2.87724351E-03
13  2-1.46887313E-02 8.82387095E-04 7.05047899E-04 5.40337003E-03-7.26295631E-03
13  3-1.30413327E-03-1.55631632E-03 1.96408113E-04 1.24008193E-02-1.29278801E-02
13  4-2.32401185E-03-1.00758527E-02 4.33267620E-03-1.45905098E-02 8.66871233E-03
13  5-4.13805529E-03-8.26369434E-03 3.66941520E-02-4.09138814E-02 2.34404186E-02
13  6-4.14202793E-02-1.14779817E-02-6.82735126E-02 3.49976969E-03 1.21196421E-02
13  7-1.47600131E-02 9.13420228E-02-8.37636269E-02-2.86290335E-02 2.72037061E-02
13  8 1.43468297E-02-2.90323957E-01-3.39531853E-02 2.64487910E-02 1.88956802E-02
13  9-4.27077418E-03 2.66897898E-03-4.60395615E-03-2.30188944E-04-2.23961332E-02
13 10 1.94177271E-02-4.54904678E-03 4.69222596E-03-9.16597004E-03 7.62395078E-02
13 11-1.68266576E-03 7.67206458E-03-7.75426742E-03-2.08680383E-01 1.94712701E-01
13 12-5.97012314E-02-4.03704276E-02-5.09893934E-02 6.46200118E-01-6.06079770E-02
13 13-4.65198032E-02-4.73385007E-02 1.09589928E-01 2.40325691E-02 9.65641980E-02
13 14 1.48252201E-02 1.03100498E-02 5.83611244E-03-1.09865774E-02 6.39431372E-03
13 15-1.40547727E-02 6.54158814E-03
14  1 6.36993663E-02-3.67518363E-01 8.16480342E-03 1.50932644E-02 4.53266197E-02
14  2 4.68825251E-01-1.66851368E-02-3.04245520E-02-9.18131449E-02 3.15232454E-01
14  3-1.01591613E-03-4.26947835E-03-8.22231849E-03-1.26474103E-01 1.08535897E-01
14  4 1.70845292E-02 2.55029248E-02 4.08476675E-02 3.86584744E-01 2.02128186E-02
14  5 2.50128725E-02 4.11283701E-02-3.47685594E-02 4.06421922E-02-5.59320821E-03
14  6-4.63577769E-02 5.39165883E-02 4.87911249E-02 5.19674639E-03-5.45969843E-03
14  7-9.51825204E-03 3.44653396E-02-3.13037895E-02-1.01414065E-02-1.32187672E-02
14  8 2.31124571E-02-1.17638643E-01-1.09334896E-02-3.62162548E-03 2.22761259E-02
14  9 5.24317245E-02-1.35015159E-02 5.30024239E-02-1.66259764E-02 2.10694330E-02
14 10-1.85938123E-02 1.14034257E-02-4.78614052E-03 1.20965434E-02-7.85509880E-02
14 11 9.94919036E-03-9.07594384E-03 4.23904751E-03-9.11907667E-03 8.51589637E-03
14 12-1.92229559E-03 3.41940801E-04-6.41616226E-03 3.17118857E-02-1.36768236E-03
14 13-4.57156006E-04-7.15718677E-03 6.77774577E-03 3.03922833E-03 1.12234078E-03
14 14-7.77243373E-03-1.51280913E-02-5.70339796E-03 2.00496413E-02-2.81314653E-03
14 15-2.40560499E-02-1.19754569E-02
15  1 4.74609674E-02-2.76501130E-01 1.38698782E-04-3.93433342E-04-1.29094457E-02
15  2 3.41343834E-01-1.03838637E-03-1.22719996E-03 2.38136374E-02 3.32045286E-01
15  3-3.60679159E-03-4.48915062E-03-1.30697886E-02 1.23356110E-01-1.26783050E-01
15  4-1.93165652E-02-1.94328514E-02 1.06730863E-01-3.31124453E-01-6.02932701E-03
15  5 9.83351891E-03 3.12377211E-02 1.14990798E-01-1.14924372E-01 6.44282368E-03
15  6 8.66870404E-02-7.03826958E-02-3.21663560E-01 2.03839517E-03 4.32097820E-02
15  7-3.14992075E-02-4.79303115E-02 4.14613259E-02 4.10124790E-03 5.98764454E-02
15  8-4.19656460E-02 1.88935635E-01 9.06894311E-03 3.26327316E-02-3.54363400E-02
15  9-6.93125522E-02-6.04294159E-03-7.32558414E-02-3.98747011E-04-4.67703824E-02
15 10 4.15383464E-02-4.87048703E-02-3.60287648E-03-7.37489295E-02 1.83894568E-01
15 11-4.22801271E-02 3.69476370E-03-4.66846346E-02 1.03821992E-02-9.27768771E-03
15 12 1.08057064E-03-5.30903857E-03 1.44032722E-02-4.06183181E-02-7.64343716E-04
15 13-2.32673407E-03 1.28610488E-02-1.22521496E-02-6.97232077E-03 6.00122278E-03
15 14 1.70547534E-02 5.37957481E-02 3.49297448E-02-6.54643575E-02 5.80188391E-04
15 15 5.04987271E-02 3.24160826E-02
16  1 1.80771694E-02-1.06198468E-01-1.40792506E-02-1.68086503E-02-2.62611018E-02
16  2 1.32278556E-01 2.81373894E-02 3.39723506E-02 5.09498971E-02 1.51050660E-01
16  3 1.36163993E-02 1.27454841E-02 1.25021889E-02 1.07834332E-01-9.60190455E-02
16  4 8.37832002E-02 7.63062724E-02-1.56137537E-02-4.03492402E-01 4.42276482E-02
16  5 2.31462846E-02 8.03957410E-03-1.20772229E-01 1.17608669E-01 1.28664049E-01
16  6 1.91721117E-02-5.69122739E-02 4.32098327E-01 8.73760078E-02-5.88938827E-03
16  7-1.51011760E-02 4.70946612E-02-4.23992090E-02 4.54184548E-02-6.78901717E-02
16  8 2.01410655E-02-1.91138394E-01 3.34601997E-02-4.93309601E-02 1.75850976E-02
16  9-1.11565213E-01-3.74984814E-02-8.54920062E-02-2.82517151E-02 1.69515072E-02
16 10-1.52771878E-02 1.44166914E-01 7.29545294E-02 1.14673094E-01-8.11407513E-02
16 11 1.24484824E-01 6.31449012E-02 8.91798399E-02 4.65050362E-04-1.47719005E-03
16 12 9.45484345E-03-1.82194638E-02 4.65400406E-03 3.50679391E-03 1.06411793E-02
16 13-1.79488181E-02 8.25685609E-03-9.17470879E-03-4.89687446E-03 1.53301970E-02
16 14 2.60501660E-03-1.12070719E-01-7.57466339E-02 1.35841851E-01 3.25432340E-02
16 15-3.97900999E-02-3.95554940E-02
17  1-5.09578963E-03 3.01573255E-02 1.02153984E-03 2.57414445E-02 1.08559938E-02
17  2-3.57343820E-02-1.97581240E-03-5.28478191E-02-2.13817976E-02-5.52221185E-02
17  3-5.12560953E-04-2.88717841E-02-1.86930393E-03-4.25577256E-02 3.26860127E-02
17  4 1.98351338E-02-1.57152518E-01 4.63998426E-02 2.11741038E-01 4.02343233E-02
17  5-8.93332239E-02 1.88664435E-02 3.84100153E-02-4.21699737E-02 1.54730834E-01
17  6-7.14693508E-02-1.07172377E-01-1.33778749E-01 1.24943402E-01-1.12701208E-03
17  7-1.06495528E-01-1.90567330E-03-1.05839684E-03 2.32013403E-02 2.00714275E-01
17  8-1.34150804E-01 2.07517617E-02 2.21548934E-02 1.70777438E-01-1.18124381E-01
17  9 1.95713874E-02 6.47215619E-03 1.07735484E-01 4.99872589E-02-1.31057269E-02
17 10 1.11108826E-02 1.54329385E-01 5.64503609E-02 3.55465141E-02 5.05042308E-02
17 11 1.40047380E-01 5.27392451E-02 2.91393448E-02 1.03704965E-02-1.19263687E-02
17 12 3.14405101E-02-1.06233053E-01 1.24754264E-01-3.68470156E-02 2.43365251E-02
17 13-9.44195796E-02 1.20915077E-01-1.01386613E-01-6.77360301E-02 7.43807418E-02
17 14 6.17322236E-02-9.68877739E-02-5.94314073E-02 3.98554365E-02 2.41219007E-02
17 15 1.39947124E-01 1.02739082E-01
18  1 3.54051372E-03-2.09754181E-02-1.51875803E-02 4.32083257E-03-1.64282001E-02
18  2 2.44276900E-02 3.16790307E-02-9.07917401E-03 3.37871278E-02 4.29252235E-02
18  3 1.59786026E-02-8.89585874E-03 1.10706936E-02 8.35877317E-03-5.20350527E-03
18  4 8.86859605E-02-6.59080596E-02-2.32656461E-02-5.96381380E-02 6.14518263E-02
18  5-6.88746374E-02-2.60294500E-02 4.62691847E-03-4.45452449E-03 8.08274876E-02
18  6-1.08363821E-01-4.02701197E-02-3.78559007E-03 3.94120689E-02-8.83586311E-02
18  7 1.15930982E-02-2.14285143E-02 1.85525753E-02-1.10257016E-02 1.43563362E-01
18  8-5.86541907E-02 9.20681060E-02-6.98857101E-03 1.27630394E-01-5.01496537E-02
18  9-5.46084455E-02-2.84492940E-02 5.01356937E-02 3.04452711E-02-1.05735647E-02
18 10 1.18737831E-02 1.99279376E-03-9.11150935E-02 1.11975224E-01 4.21366629E-02
18 11-6.72751846E-04-9.53573178E-02 1.14731881E-01-1.01178092E-03 2.11038888E-03
18 12-9.53727143E-02 2.81938267E-01-1.23414482E-01 1.02408010E-03-8.39133056E-02
18 13 2.59893248E-01-1.13724557E-01 1.69806633E-01 1.23632209E-01-1.88804473E-01
18 14-1.60054612E-01-3.64425504E-03-4.27081847E-03 3.02485246E-02 1.67816422E-02
18 15 6.95918099E-02 7.42644641E-02
19  1-7.38132032E-03 4.36128288E-02-2.81011767E-02 4.51413575E-03 4.53308249E-02
19  2-5.45003733E-02 5.83903949E-02-9.71852089E-03-9.50514080E-02-7.06391410E-02
19  3 4.05038727E-02 3.07921132E-04-5.12079294E-02-3.98804778E-03-1.37224776E-03
19  4 2.00004361E-01 1.18997093E-02 3.42884385E-02 2.64326567E-02 1.57711150E-01
19  5 1.09120393E-02 2.21154594E-02-5.02111701E-03 7.17102978E-03 1.74057075E-01
19  6 3.58026677E-02 2.21226892E-01 1.00165418E-02 1.53498946E-01 3.54124901E-02
19  7 1.53496826E-01-5.10615465E-03 3.72424032E-03 6.39409497E-02 6.74081230E-02
19  8 6.58332242E-02 2.44670200E-02 5.93832376E-02 5.90753811E-02 6.24307634E-02
19  9-1.17816472E-01-7.24383684E-02 4.51274811E-02 2.47826772E-02-7.21214282E-03
19 10 7.79460339E-03-1.16705165E-01-1.11907101E-01-2.21067012E-01 3.11772363E-02
19 11-1.06330312E-01-1.10768219E-01-2.12837984E-01-7.55972976E-04 1.96956052E-03
19 12 1.65664780E-02-3.73475827E-02 2.32885137E-02-2.61638411E-03 1.65242076E-02
19 13-2.96001256E-02 1.79827510E-02-2.66314240E-02-2.23261380E-02 2.40480660E-02
19 14 3.37825528E-02 1.22233924E-01 9.88806166E-02 1.21061486E-01 6.48551916E-02
19 15 1.21325112E-02 1.52746572E-02
20  1-9.65841748E-03 5.72819804E-02 4.09132253E-02 4.27197957E-02 5.96681924E-02
20  2-7.19167788E-02-8.62655131E-02-9.04507284E-02-1.24599992E-01-1.07437916E-01
20  3-4.97370853E-02-4.86530299E-02-6.65186893E-02-1.01462015E-02-4.97058162E-04
20  4-1.36881337E-01-1.02656158E-01 1.88752176E-01 9.22873376E-02-1.15391022E-01
20  5-4.43251752E-02 1.56354962E-01 1.33919245E-02-9.42714499E-03 1.27022330E-01
20  6 2.32661077E-01-6.53176455E-02-3.70635757E-02 1.42622983E-01 1.39488262E-01
20  7-4.94887465E-02 2.79817426E-03-6.16458200E-03 9.30451905E-02-9.81290416E-02
20  8 6.41628543E-02 1.08384881E-02 8.96518965E-02-1.03587094E-01 6.49680072E-02
20  9 8.64160169E-02 4.78315843E-02 2.18238043E-02 2.57093837E-02-4.00120529E-02
20 10 3.68161681E-02 1.22556953E-01 5.95484429E-02-1.13327221E-01 1.67657172E-01
20 11 1.20403368E-01 5.56953794E-02-1.13676853E-01 2.16021261E-02-1.59588351E-02
20 12-5.56335936E-02 1.02676145E-01-1.36881969E-01-1.03767638E-01-5.03958579E-02
20 13 1.03692456E-01-1.31667992E-01 1.08603836E-01 7.90318236E-02-4.14804235E-02
20 14 2.41300082E-03-4.52601060E-02-2.39909036E-02 7.02011742E-02 3.47699623E-02
20 15-6.70968282E-02-8.74480405E-02
21  1-2.98437331E-03 1.77022326E-02 5.03569313E-02-4.81243462E-02 3.83918632E-02
21  2-2.01927926E-02-1.06135410E-01 1.01233537E-01-8.18698477E-02-3.48011356E-02
21  3-6.95089020E-02 7.04407944E-02-4.81016546E-02-5.46554622E-03 1.21333286E-03
21  4-1.99806056E-01 2.51321889E-01-2.39099345E-03 3.32533200E-02-1.94448585E-01
21  5 2.25532437E-01-1.12704213E-02 6.28014150E-04-9.11693065E-04 1.05778880E-01
21  6-9.53606519E-02 8.77759391E-02-6.50032746E-03 1.23197622E-01-5.79684529E-02
21  7 5.96681699E-02 6.90196012E-03-5.50586792E-03 4.65010063E-03 1.83702464E-01
21  8-1.53829232E-02-2.90357822E-02 5.67225729E-04 1.75917489E-01-5.78829402E-03
21  9 1.31821124E-01 7.53156131E-02-2.05287066E-01-1.34137044E-01-1.85202552E-02
21 10 1.81264711E-02 4.85399923E-02-7.70629375E-02-3.36119896E-02 7.59423279E-02
21 11 4.92363232E-02-8.15201459E-02-3.35584070E-02-5.34164039E-03 5.09514346E-03
21 12-5.71445468E-03 4.75779008E-02 6.26382044E-02 1.91457720E-02-3.74178003E-03
21 13 5.21898355E-02 6.33629897E-02-1.18742758E-02-1.04708020E-02-2.65839925E-02
21 14-1.93518107E-02-5.44149962E-03 2.94404130E-03 6.80915846E-02 3.86341193E-02
21 15 8.72969555E-02 1.06011551E-01
22  1-2.32290935E-03 1.37932103E-02-1.20843406E-02-1.02594410E-02 3.23776607E-02
22  2-1.98998835E-02 2.64212982E-02 1.98483003E-02-6.70448640E-02-2.29164696E-02
22  3 1.51634209E-02 2.55615075E-02-4.78179102E-02-4.06995128E-03 3.73568411E-03
22  4 9.99817099E-02 5.38567603E-02-7.55680291E-03-1.80594942E-02 5.30584552E-02
22  5 7.67649133E-02 8.85959267E-03 4.38364299E-02-4.50669472E-02-7.00725662E-02
22  6-1.17100141E-01 5.92069240E-02-1.45579242E-01-4.35370113E-02-1.19769860E-01
22  7 6.99800609E-02-7.33577320E-02 6.25471191E-02-1.61900398E-01 5.17160478E-02
22  8 1.52030971E-01 3.34849047E-01-1.60306200E-01 4.83982247E-02 1.63178957E-01
22  9-6.73176895E-02-5.99155214E-02 1.13948660E-04 3.26312471E-02-6.31854412E-02
22 10 5.60718449E-02 2.66729048E-01-5.54704943E-02-3.39747400E-02 2.78816800E-01
22 11 2.78842555E-01-6.22455236E-02-3.55866298E-02 1.54080070E-02-6.60687471E-03
22 12 6.18996908E-03-7.10728439E-02-1.14291965E-01-9.08991304E-02 1.22005816E-02
22 13-6.10674008E-02-1.34456931E-01 2.82314394E-02 4.95835384E-03 5.16442121E-02
22 14 9.72791984E-02-1.38399002E-01-1.05213297E-01-8.89874462E-02-5.68187331E-02
22 15-7.75730628E-02-6.19040295E-02
23  1 1.14294758E-02-6.81533335E-02-6.26513954E-03-4.85878559E-02-1.84315500E-01
23  2 6.83252683E-02 1.42792876E-02 1.03299606E-01 3.93774041E-01 1.87932604E-01
23  3-1.74265958E-03 6.01122505E-02 2.23405146E-01 8.60238384E-03 8.37658898E-03
23  4-1.36851683E-01-1.54167673E-01-1.65222757E-01-1.04710173E-01-1.61662857E-01
23  5-1.43791836E-01-1.85497739E-01-1.08975980E-03-5.39832920E-03 1.01748215E-01
23  6 3.60870437E-02 5.07193421E-02 4.17722203E-02 1.08538795E-01 2.24344025E-03
23  7 8.80295444E-02-2.37556608E-02 1.93783066E-02 2.55075867E-02 1.46924616E-02
23  8 1.13059430E-01 1.14035241E-01 2.65644092E-02 1.25665494E-02 1.21059486E-01
23  9 1.10311812E-01 8.87641120E-02 6.57291347E-02 7.90674262E-02-7.77981968E-03
23 10 8.34504058E-03 3.64003740E-02-1.32669130E-01-6.89078207E-02 3.37430965E-02
23 11 4.35521830E-02-1.49086089E-01-7.04171607E-02-2.83681571E-03 5.23499812E-03
23 12 4.17318731E-02-5.04420004E-02-4.18655224E-02 5.49092106E-03 5.09939814E-02
23 13-4.64884133E-02-5.32828824E-02-6.79248564E-03-1.39695543E-02 2.16728082E-02
23 14 3.13284316E-02 1.05394258E-02 1.70869298E-02 7.35985364E-02 5.73156355E-02
23 15-4.48449552E-02-4.44051331E-02
24  1-1.78126305E-03 1.04657124E-02 1.67936284E-02 3.44666906E-02 2.55984687E-02
24  2-1.91364025E-02-3.55941669E-02-7.44705139E-02-5.38362926E-02-3.78028082E-03
24  3-2.97463423E-02-5.46884119E-02-4.94736970E-02 1.13689154E-02-2.00194269E-02
24  4 7.52497196E-03-4.08054297E-02 7.02988810E-02-1.69731003E-02-1.63035086E-02
24  5-1.32301577E-02 2.67222439E-02 1.17945164E-02-8.61092207E-03-4.68998252E-02
24  6 6.83995188E-02-1.72615310E-02-6.40195192E-02 1.55727925E-02 2.39074312E-02
24  7-2.73782622E-02-4.39077147E-03 6.56934086E-03 3.73688735E-02-9.50769355E-02
24  8 9.94411578E-02 1.19740407E-02 4.60726915E-02-1.20380507E-01 1.30517947E-01
24  9-2.64893936E-02-3.38878957E-02 1.54902015E-02 4.07360238E-02-3.12122160E-02
24 10 2.99063085E-02 7.37340616E-02-1.86581967E-01 7.28638508E-02 1.38968914E-01
24 11 7.70058042E-02-2.21275555E-01 8.80614805E-02-8.09705281E-02 7.24933961E-02
24 12 2.47316106E-01 1.48968335E-01 2.09286059E-01 3.56495145E-01 2.86358285E-01
24 13 1.73622586E-01 2.18239229E-01-1.19843638E-01-1.05713978E-01-8.73963013E-02
24 14-9.76098629E-02-3.01183809E-02-4.37526793E-02-4.62281439E-02-3.07350493E-02
24 15-3.61683670E-02 3.14712153E-02
25  1-2.40029186E-03 1.40902817E-02 8.00099876E-02 7.06580802E-02 3.04959898E-02
25  2-2.42490643E-02-1.70954421E-01-1.53085985E-01-6.49600541E-02-1.04532591E-02
25  3-1.40142836E-01-1.11844514E-01-5.66400844E-02 2.85115565E-02-2.92224953E-02
25  4-3.79369216E-02-4.19159358E-02 1.13877278E-01-1.64505965E-01-5.22927882E-02
25  5-6.09416108E-02 1.06601324E-01-2.77340545E-03-6.03606067E-03 1.49923592E-01
25  6-5.32618092E-02-9.85377982E-02 7.07682723E-02 2.79417485E-02-4.92434994E-02
25  7-4.25877482E-03-4.81737074E-02 4.24804589E-02-1.32877182E-01 1.02454004E-01
25  8 1.23124796E-01 2.11091316E-01-1.47939253E-01 1.25127324E-01 1.33260220E-01
25  9-1.48945871E-03 2.45855843E-02-2.33201443E-02-1.48138308E-02 3.91367892E-02
25 10-3.53054623E-02-1.81163515E-01-1.63954552E-02 2.07336150E-01-1.73733442E-01
25 11-1.87991622E-01-1.62191893E-02 2.39127523E-01-8.53298058E-03 7.19596576E-03
25 12 1.23371348E-01-1.31390200E-01-1.26568727E-01 5.14257974E-02 1.44724431E-01
25 13-1.52939833E-01-1.58917284E-01-1.99500439E-02-1.58612866E-02 3.53851238E-02
25 14-2.86868049E-02 7.91604546E-02 6.40151250E-02 1.00664406E-01 1.14720274E-01
25 15-7.32268617E-02-7.83519629E-02
26  1-1.43200060E-04 8.36595720E-04-1.17682695E-01-1.87640114E-01 7.14353187E-02
26  2-5.82283183E-03 2.53526097E-01 4.03225780E-01-1.52535349E-01 1.10975745E-02
26  3 2.12110978E-01 3.45043358E-01-1.40205555E-01-4.24239735E-03 2.15327423E-03
26  4-4.62608625E-02-8.74239232E-02 2.03935470E-02 3.46065372E-02-6.55228165E-03
26  5-4.33503058E-02-1.24102661E-02 2.26040598E-02-2.21918568E-02 6.24051271E-02
26  6 1.79884119E-02-8.86082176E-02-1.16096859E-01 1.70146859E-02 8.74455243E-02
26  7-3.51645688E-02-1.58211155E-02 1.68871192E-02-5.04936775E-02 5.56582965E-02
26  8 9.33086435E-02 4.92187566E-02-6.71283978E-02 6.79761762E-02 1.08107855E-01
26  9 4.53078103E-02 6.41510009E-02 4.93555017E-02 4.13311762E-02 7.00271872E-03
26 10-9.63976308E-03-5.94077820E-02 1.88865909E-01 2.54560862E-02-7.87515065E-03
26 11-6.07594947E-02 2.15224727E-01 4.75641891E-02-1.76502231E-02 1.71469026E-02
26 12 1.33615460E-01 7.68216859E-02-1.18661445E-02 7.25912433E-02 1.59755793E-01
26 13 8.61423583E-02-1.84815046E-02-1.51769016E-02-1.09458064E-02-2.43544332E-02
26 14-1.98745174E-02 1.89720801E-02 7.59772124E-03 2.25055308E-02 5.36593204E-02
26 15-3.90252383E-02-1.44087228E-02
27  1-2.25620360E-04 1.33593262E-03-2.18417501E-01 1.59239636E-01-1.57923129E-02
27  2-2.80500800E-03 4.70370884E-01-3.43029837E-01 3.42600811E-02-3.85169805E-04
27  3 4.03311171E-01-2.91851337E-01 2.77602113E-02 2.51803336E-03 5.35511349E-04
27  4-1.12707419E-01 6.69901385E-02-3.02521913E-03-3.33510128E-02-6.32315455E-02
27  5 3.17351341E-02 1.24574635E-02-2.04685408E-03-6.23154692E-04 3.45831470E-02
27  6-1.65705583E-02 8.28044103E-03 1.90015246E-02-2.07143957E-02-9.95370301E-03
27  7 1.14270879E-02-7.27176312E-03 9.43616007E-03-7.13932496E-02 2.14867085E-02
27  8-1.97089684E-03 1.73730223E-02-8.38475722E-02 3.19245940E-02-4.32933172E-03
27  9 9.27436736E-02 1.11365656E-01-9.25816320E-02-1.00621650E-01 7.68886684E-04
27 10 1.12497389E-03 3.67920374E-03 2.13545608E-02-2.30915753E-02-1.09063820E-02
27 11 1.03117870E-02 2.36323945E-02-2.85013124E-02-4.73394185E-03 5.01099737E-03
27 12 4.52142753E-02 2.07146319E-02-8.76771268E-03 1.70632920E-02 5.36682273E-02
27 13 2.50526205E-02-1.21552806E-02-5.01700083E-03-3.48293894E-03-6.60733884E-03
27 14 2.04964242E-03 4.94526542E-03 8.78945775E-03 3.99106901E-02 7.22723996E-02
27 15-7.82275220E-03-2.67947277E-03
28  1 3.83707096E-05 1.20508495E-05 8.46619271E-02 5.02684068E-02-7.73176306E-02
28  2 3.75951318E-03-1.82310078E-01-1.08655699E-01 1.67902732E-01-2.21992669E-02
28  3-1.54341985E-01-8.39533194E-02 1.53629856E-01-5.63181258E-03 1.67102741E-02
28  4 5.00687961E-02 8.49151697E-03-5.40071080E-02-2.53911225E-02 4.79340078E-02
28  5 1.60409230E-02 3.88392381E-02-1.09166307E-02 3.11469971E-03 4.71622550E-02
28  6-6.81402619E-02 5.69905952E-02 8.73577927E-02-4.15336012E-02-4.33612250E-02
28  7 3.17260186E-02-1.55628878E-02 2.01672839E-02-2.32026378E-01 1.28102048E-02
28  8 5.26387486E-02 2.47833271E-02-2.76464563E-01 1.61268921E-02 6.07324368E-02
28  9-2.25374319E-02 3.79581173E-03 2.19875519E-02 9.34838860E-03 4.06330803E-03
28 10-2.27350940E-04-6.64494729E-03 2.88496508E-01-1.76335331E-01-3.37154371E-02
28 11 9.32780633E-04 3.33425518E-01-2.14650729E-01-1.72949427E-02 1.88036134E-02
28 12 4.61820358E-02 1.85937695E-01 1.18620732E-01 5.51897954E-02 5.44285778E-02
28 13 2.15388238E-01 1.32327792E-01-1.61251510E-02-1.00107300E-02-4.18300171E-02
28 14 6.72867196E-03 1.13171751E-02 7.61247532E-03 5.88315806E-02 7.78717905E-02
28 15-3.40312288E-02 5.51441658E-02
29  1 7.46392182E-04-4.23583562E-03 2.75879348E-02 2.16247678E-03-1.71265221E-02
29  2 1.87501521E-02-6.04711573E-02-2.60472003E-03 3.45340794E-02-2.75673475E-02
29  3-4.82874067E-02-1.43843712E-02 5.76168458E-02-1.92924222E-02 2.04662116E-02
29  4 3.63838977E-02 7.20177773E-02-5.49761404E-02 1.10965617E-01 5.07839733E-02
29  5 5.30943640E-02-2.94034347E-02-9.75257191E-03 1.80795808E-02-4.52815937E-02
29  6-2.19388231E-02 3.75848989E-02 1.18477339E-02-1.53732548E-02-1.85908934E-02
29  7-1.55106248E-02 1.51469226E-02-1.64990189E-02 8.53796274E-02 2.56681810E-02
29  8-2.41088451E-01-3.65528111E-02 1.04980129E-01 3.71008193E-02-2.77428663E-01
29  9-9.49685890E-03-2.54703820E-02-1.84562156E-02-4.60680240E-02-1.90073939E-03
29 10 6.68452060E-03 3.09708790E-02 4.13365965E-02-1.05638654E-01-1.04682042E-02
29 11 2.60794628E-02 3.08818737E-02-1.26548282E-01-1.84374265E-03 4.00860790E-03
29 12 3.51859925E-01 2.35384776E-02-2.64772319E-01-1.51190584E-02 4.18355512E-01
29 13 3.86643428E-02-2.99700982E-01 6.73987201E-03 1.11490398E-02-1.73135416E-02
29 14 7.23490038E-02-6.21056214E-03-2.26729590E-02-2.40400446E-02-3.37259112E-02
29 15 5.50743047E-02-5.72061327E-02
30  1-4.88487578E-04 2.82733182E-03 7.52454174E-03 5.66986759E-02-3.46333275E-02
30  2-1.22860699E-02-1.55083907E-02-1.24518434E-01 7.63892780E-02 2.18915212E-02
30  3-2.20353865E-02-1.02209594E-01 4.83173732E-02-1.62192698E-02 1.70122977E-02
30  4 3.13007282E-02 5.51056193E-02-5.34914811E-02 1.08207727E-01 9.37836121E-03
30  5 1.17137348E-02-7.19952921E-02 3.46794101E-03 2.81679078E-03-1.00134229E-01
30  6-4.86715942E-02 2.26175360E-02-1.96003099E-02-1.43670795E-02 6.04706396E-02
30  7 8.76155911E-02 6.67739755E-03-1.25969126E-03 3.20290643E-01 1.93574362E-01
30  8 2.57117541E-01-5.72218839E-02 3.67944522E-01 2.31714208E-01 2.94957824E-01
30  9-1.51385472E-02-6.91731590E-02-1.27563969E-02-4.58489038E-02-1.18237477E-02
30 10 1.71264914E-03-2.64501124E-02 1.96560477E-01 5.14997526E-02 1.14818264E-01
30 11-3.46922849E-02 2.25512698E-01 8.56829521E-02 2.42363182E-03-6.69645753E-04
30 12 1.75112585E-02 2.34896876E-02-1.53355731E-02-1.72592413E-02 2.86157723E-02
30 13 2.82379077E-02-1.85101672E-02 8.96682201E-03 7.97100386E-04 6.46334649E-03
30 14 8.29954137E-03-1.63813388E-02-6.72511067E-02-1.21675853E-01-1.71247834E-01
30 15 1.72556591E-02 3.20198159E-02
 $END   
 $GRAD  
E=     -762.3136591547  GMAX=   0.0071713  GRMS=   0.0018506
CL          17.   -2.2716083021E-04    2.7063312907E-04    1.2818297479E-04
C            6.    3.9167317753E-04   -5.0005426425E-04   -1.4187976472E-04
C            6.   -2.3389025486E-04    1.3535750106E-04   -4.4501436668E-04
O            8.   -1.0223601887E-03   -4.7470717674E-04   -6.2844809384E-04
H            1.   -8.5681936253E-06    1.0813381171E-05    3.5818922729E-05
H            1.    1.3296855965E-04    8.5547111163E-05    1.3298151940E-04
O            8.    2.5720557935E-03    5.4580513859E-03   -3.6817868204E-03
O            8.   -6.2533647871E-04    1.8840679516E-05    4.2196269120E-04
H            1.    6.3157318584E-06   -9.8798281007E-05   -7.2423950001E-05
H            1.   -2.5620406712E-03   -7.1712685463E-03    4.1679932080E-03
H            1.   -6.7574714422E-06    1.2815177166E-03   -2.1480360834E-04
H            1.   -6.8286482451E-05    7.3640211814E-04    4.6987963358E-06
H            1.    1.6513871775E-03    2.4766526510E-04    2.9271855466E-04
 $END
-------------------- DATA FROM NSERCH=   9 --------------------
 COORDINATES OF SYMMETRY UNIQUE ATOMS (ANGS)
   ATOM   CHARGE       X              Y              Z
 ------------------------------------------------------------
 CL         17.0   3.1062777634   0.7154849585   0.4006857468
 C           6.0   2.7545097132   0.1171428465  -1.3489809171
 C           6.0   3.3498694310   1.0894939881  -2.3399197624
 O           8.0   2.6736311657   2.3143250742  -2.2897258969
 H           1.0   1.6711689011   0.0801403314  -1.4361741431
 H           1.0   3.2116593172  -0.8641277992  -1.4306486275
 O           8.0   3.2254059371   0.4768550496  -3.6863234849
 O           8.0   3.7698772048   2.8084134820  -4.5196934184
 H           1.0   3.1967502043   3.1617795276  -5.2367413072
 H           1.0   3.6611308162   1.7912199570  -4.4879398020
 H           1.0   2.2578775852   0.3599053394  -3.8695355180
 H           1.0   4.4322639485   1.1691691801  -2.2140440636
 H           1.0   3.0771559320   2.8445051461  -3.0778769839
--- CLOSED SHELL ORBITALS --- GENERATED AT 10:09:20 30-JUL-2026    
Chloroacetaldehyde hydrate and water                                            
E(R-WB97X-D)=     -762.3137051869, E(NUC)=  316.0038418844,    8 ITERS
 $VEC   
 1  1 9.85802659E-01 5.34291633E-02-2.04825109E-05-4.12503490E-05-1.72858892E-04
 1  2-1.87720114E-02 5.96824661E-05 1.26696813E-04 6.48450473E-04 1.02695954E-02
 1  3-2.36791273E-04-4.77246687E-04-1.79125083E-03-3.28857570E-05-4.21062912E-04
 1  4-6.17628929E-06-1.96010915E-05-1.45710718E-04 7.74474166E-04 2.27353724E-05
 1  5 3.37324027E-04-1.44385372E-03 7.87956502E-05 6.30325782E-04-2.25248660E-05
 1  6 1.95256268E-05 3.42359134E-04-1.96010036E-03 5.85057063E-04-2.40193785E-05
 1  7-1.81264333E-03-1.89662665E-05-1.34535620E-04-2.12768511E-05 1.34181162E-05
 1  8 2.78373477E-05 6.44049771E-04 1.64379780E-04-2.91784384E-04 1.08147916E-04
 1  9 1.54605185E-04-8.21275757E-04 2.05847020E-04-7.60870873E-04 1.30745217E-05
 1 10 1.29106912E-04 1.95324470E-05 1.21133934E-05 4.62179091E-05-4.99466866E-04
 1 11-1.08529790E-04-9.45704406E-05-2.37421514E-04-1.33110822E-06-7.07246407E-06
 1 12-1.54455605E-06-3.22085325E-06 2.61955992E-05 6.37340848E-05 2.81033609E-07
 1 13-1.08757388E-05-8.02618016E-05-3.35850397E-05 2.94449243E-05 4.18463386E-05
 1 14-2.39566596E-04-2.06644058E-05-3.91114298E-05 2.92255980E-04-2.73764364E-04
 1 15-4.38820188E-05 2.33009855E-05
 2  1-9.18406059E-06 6.18727819E-05 1.51477716E-05 3.48038159E-05-6.41998005E-05
 2  2-9.80112642E-04-8.48281177E-05-2.06134234E-04 4.43180827E-04 1.49870112E-03
 2  3 2.58020219E-04 7.12707265E-04-1.55009394E-03 2.54668940E-04 8.42101392E-04
 2  4-2.85706931E-04-2.38449081E-04 8.26625699E-04-7.66137084E-03-6.39392693E-04
 2  5-2.13784783E-03 3.61213213E-03-1.12699997E-03-4.79823438E-03-1.21253953E-04
 2  6-4.11108131E-05-1.47282217E-03 2.49714535E-02-4.36827972E-03-5.68637759E-03
 2  7-8.58776322E-03 5.43559328E-03 1.93667685E-03-1.09145229E-04-3.43604230E-04
 2  8-3.60327497E-04-5.09105082E-03-2.56451802E-04 3.41945603E-03 2.28010177E-03
 2  9 9.77222441E-04-7.51082868E-04 3.66169565E-04 3.18168355E-07 9.82599798E-01
 2 10 1.04938959E-01-1.98963030E-03 1.74092057E-03 2.10061279E-03-5.06178246E-02
 2 11 3.70860688E-03-5.67206073E-03-7.61837549E-03 5.66840095E-03 1.84212441E-03
 2 12 1.14365416E-04-5.62470746E-04 3.32781118E-05-3.99536667E-03-2.05462383E-04
 2 13 2.98457164E-03-2.63649986E-04 3.45447585E-04-1.30511057E-03 6.35866089E-04
 2 14 6.20624687E-03 3.47178695E-03 4.55894839E-03-1.54404874E-03-1.48059836E-03
 2 15 4.43696799E-04-1.04406651E-03
 3  1 6.32257751E-06-5.02811837E-05-2.36842665E-05 2.64451149E-05 3.94066642E-05
 3  2 4.61023170E-04 1.59489605E-04-1.31150737E-04-2.40397770E-04-5.53645947E-04
 3  3-7.05611347E-04 4.40214331E-04 3.34787322E-04 2.04573996E-04 7.33811809E-04
 3  4-5.36259331E-04-5.80629501E-04 4.61558316E-04-6.37960634E-03 3.32600987E-03
 3  5-3.87092615E-03 2.25198694E-03-9.40562033E-04-3.82295538E-03-3.39135099E-04
 3  6 2.04977286E-03-1.83131387E-04 2.37428209E-02-1.02891373E-02 8.71076452E-03
 3  7-6.48502419E-04 9.70455613E-01 1.04423445E-01 2.70815075E-03-1.81087752E-03
 3  8-2.15752604E-03-5.36800212E-02-7.63658928E-03 7.25696976E-03 5.71904808E-03
 3  9 9.29921826E-04 1.81824708E-03-4.98232264E-04-1.78383244E-04-5.85182375E-03
 3 10 9.15655190E-04-2.48860708E-04 4.88180296E-04 9.11955214E-05-4.80148817E-03
 3 11 1.48457819E-03-3.38558142E-03-2.05634845E-03 1.54701723E-01 1.73915015E-02
 3 12-4.99897470E-04-2.07320567E-04 5.59163461E-04-9.52309172E-03 1.51471812E-03
 3 13 6.68144147E-04-2.65143348E-03 6.25210802E-04-1.24568459E-05 7.91192383E-04
 3 14 8.18474383E-04 8.87287436E-04-1.39281654E-03-9.47775101E-04 1.01924632E-04
 3 15 3.18396482E-03 9.06709259E-03
 4  1-7.05864516E-07 6.07835388E-06 1.39435573E-05-8.46363493E-06-5.00653085E-06
 4  2-4.57838130E-05-7.68512404E-05 4.01115662E-05 3.35008850E-05 7.78294794E-06
 4  3 1.78309630E-04-5.86131950E-05-2.80680422E-06-2.45922003E-05 1.38603991E-05
 4  4 2.30252930E-05 1.89708188E-04-1.85792359E-04 9.50097800E-04-1.79275032E-04
 4  5 4.91237109E-04-2.41340906E-04 2.40705497E-04 1.21038245E-03 7.99990408E-05
 4  6-3.66404080E-04-2.90707370E-05-5.72292011E-03 1.99215013E-03-1.87167921E-03
 4  7 6.15480791E-04-1.54520664E-01-1.53934652E-02-3.47293307E-04 7.96163501E-04
 4  8 6.32794205E-05 4.72357614E-03 5.61236933E-04-3.46613718E-03 9.90473271E-04
 4  9-1.55976817E-04 1.29997648E-04 9.74784092E-05-1.96772418E-04-4.54172752E-03
 4 10 4.37716802E-04 3.81718190E-04 4.49772489E-04-5.71694224E-04-1.54485405E-03
 4 11-1.48092408E-03-1.76763163E-03 2.54068471E-03 9.70150438E-01 1.01811360E-01
 4 12-2.13900990E-03-1.69283020E-03-1.23087405E-03-4.38443333E-02 4.47713063E-03
 4 13 4.48675298E-03 2.11218896E-03 2.96425927E-03 5.71614561E-03 2.37053828E-03
 4 14 1.06520442E-02 3.93467602E-04-1.21707031E-03 5.11004057E-04-7.07105622E-04
 4 15-2.69928754E-04 5.37424245E-03
 5  1 7.59931087E-05-9.85564425E-05-6.78340259E-06 4.21901699E-05-2.12584358E-04
 5  2-2.19420318E-03 5.57754936E-05-2.78769823E-04 1.45223401E-03 2.86548294E-03
 5  3-5.90141191E-04-1.39972732E-04-2.21193630E-03-1.00371046E-02-4.21944460E-03
 5  4-2.06271729E-04-2.99726999E-04 9.38385525E-05 2.59705054E-02 6.56919791E-03
 5  5 1.00899445E-02-1.25364762E-02 9.86570068E-01 1.10703463E-01-1.71662650E-04
 5  6-7.77388380E-04 4.38228827E-05-8.60214365E-02 2.33909795E-03 1.00317946E-02
 5  7-6.06191119E-03-5.23811160E-05-4.52768400E-04 3.76081084E-04 1.41611432E-04
 5  8-2.44832712E-04 7.99373826E-03-3.93574126E-04-3.50575153E-03 1.31119111E-03
 5  9-1.53563422E-03 1.37783053E-03-1.60727160E-03 1.34238361E-03-1.92511028E-04
 5 10-9.12841286E-04-5.86522818E-05 3.34737898E-04 1.63888189E-04 9.78398337E-03
 5 11 6.24285476E-04 6.93592982E-04 5.07840054E-03 5.27164396E-05 4.29451188E-04
 5 12 1.44545825E-05 1.20222842E-04-9.53179018E-05-1.65892932E-03 1.43318101E-04
 5 13-5.92812026E-06-7.37104819E-05 4.84275318E-04-7.82786996E-04-3.97877015E-04
 5 14 2.36554363E-03-5.83545446E-04 3.42062901E-03-1.76292033E-04 1.67295154E-02
 5 15-1.77867582E-05 3.39239100E-03
 6  1-2.13935443E-05-1.77561093E-04 6.31366202E-05 1.06483693E-04 3.27065337E-04
 6  2-2.14943577E-03-3.76488017E-04-6.34611145E-04-1.88411546E-03 1.30813697E-02
 6  3-1.34098917E-03-2.31558809E-03-8.66032253E-03 9.86480641E-01 1.11929306E-01
 6  4 3.33206853E-04 5.77261159E-04 1.12145254E-03-8.99938163E-02-3.11426938E-03
 6  5-5.12292491E-03 2.46060601E-03 9.37064170E-03-1.81466299E-03 2.82308396E-04
 6  6 3.23495038E-04-2.53599621E-05 2.29482758E-02-5.50130132E-03-9.19225012E-03
 6  7 8.99478466E-03 3.75257712E-05 2.23604326E-06 6.31126687E-05 5.39214435E-04
 6  8-3.67995720E-04-1.32332174E-03-2.82482639E-04-5.97439554E-04 8.13386252E-04
 6  9-7.80291053E-05 1.54966289E-02-1.06118124E-04 1.55265797E-02 2.02912631E-05
 6 10-1.17753551E-04 2.09041975E-04 1.81613925E-04-4.40756164E-04-9.58922314E-04
 6 11-5.65702248E-04-5.09128229E-04 1.08001582E-04 2.30872352E-05 1.80230400E-04
 6 12-5.08701778E-05 4.46612752E-05-1.06397976E-04-7.82716836E-04 2.28706420E-04
 6 13 3.30805023E-05 2.81477846E-04 3.24526500E-04-3.28098940E-04-1.08538412E-04
 6 14 1.52438311E-03-5.21525265E-04 1.34355803E-04-1.30185948E-03 9.28977961E-04
 6 15 5.26462039E-04 1.34436729E-03
 7  1-3.05120582E-01 9.77063614E-01-1.66305180E-03-3.09922528E-03-8.44778071E-03
 7  2 1.54304294E-01-6.40114267E-04-1.28074286E-03-5.19251925E-03-6.77595553E-02
 7  3 1.70714781E-03 3.36719734E-03 1.20005997E-02 6.82354288E-06 1.69267902E-03
 7  4-4.13110177E-05 6.99866407E-07 4.33995971E-04-2.30485778E-03 2.62355375E-04
 7  5-1.39405816E-03 9.60503362E-03-4.65830901E-05-3.28799583E-03 1.41219774E-04
 7  6-1.32515230E-04-1.95334804E-03 1.04689745E-02-3.47095576E-03 2.50521630E-04
 7  7 1.04631604E-02 9.62456312E-05 6.47572644E-04 9.10589714E-05-7.99459850E-05
 7  8-1.33338766E-04-3.49765144E-03-8.61320561E-04 1.65054351E-03-6.23352904E-04
 7  9-9.88823648E-04 4.95934901E-03-1.28560979E-03 4.57021371E-03-7.60741595E-05
 7 10-6.98902113E-04-1.01310268E-04-4.84107695E-05-2.64359397E-04 3.00661977E-03
 7 11 6.22617147E-04 5.24085021E-04 1.56781776E-03 8.12047982E-06 4.74030410E-05
 7 12 8.68747492E-06 1.05791740E-05-1.28550659E-04-3.93522340E-04-6.52641752E-06
 7 13 9.56863760E-05 4.27622284E-04 1.81872022E-04-1.89731332E-04-2.27065796E-04
 7 14 1.43656652E-03 5.92641639E-05 3.89515372E-04-1.59741525E-03 1.86760929E-03
 7 15 1.99948344E-04-1.07685104E-04
 8  1-3.25510162E-03 1.10199246E-02 1.78934255E-01 3.04644994E-01 9.04098160E-01
 8  2-3.17079329E-03 1.63802271E-02 2.79536112E-02 8.42121583E-02 4.62073618E-03
 8  3-5.27438533E-03-9.18162785E-03-2.89232048E-02-7.12392387E-04-4.39364332E-03
 8  4-3.09817492E-05-1.05210944E-04-3.52752928E-04 9.21301762E-03 1.34392621E-03
 8  5 3.17574384E-03-2.99854534E-03 3.79334773E-04 2.74300958E-03 1.36014385E-05
 8  6 1.01974532E-04 9.15574225E-04-1.08147541E-02 2.04926643E-03 8.34454351E-04
 8  7-8.55446454E-03-6.66134529E-05-3.84818991E-04-1.13730865E-04-8.01989792E-05
 8  8 1.10682606E-04 2.42319836E-03 8.20796001E-04-8.09636445E-04 3.14208300E-04
 8  9-2.26868653E-04-3.84973987E-03-6.95907192E-05-3.58894639E-03 3.65144906E-05
 8 10 2.88801813E-04 7.51309405E-05 1.15635462E-04 1.19947337E-05-1.67826226E-03
 8 11-4.22101828E-04-6.60703458E-04-3.35258205E-04-5.92365464E-06-3.33945514E-05
 8 12 2.32258204E-06-2.43005797E-05 8.65678468E-05 2.91501142E-04-2.75776994E-05
 8 13 5.64222707E-06-2.86463380E-04-1.41769410E-04 1.35718222E-04 2.11719977E-04
 8 14-1.00451000E-03-2.94406788E-04 3.18748178E-04 1.18963839E-03-3.25396116E-04
 8 15-2.18018956E-04-2.07610562E-04
 9  1 2.85970053E-06-5.74077202E-05 7.16348072E-01 5.65883186E-01-3.32262217E-01
 9  2 4.59142903E-04 6.42386565E-02 5.07779585E-02-3.03033530E-02 2.19187713E-04
 9  3-2.01266811E-02-1.60393110E-02 9.32024516E-03 1.95297229E-05 1.32229486E-04
 9  4-4.06239207E-05 8.89382316E-05 5.21475753E-04-6.89409790E-04 9.63881423E-04
 9  5-9.24100071E-04-2.21579365E-03-1.00852657E-04-9.99049538E-04 8.68440940E-05
 9  6-1.32995850E-04-8.82309429E-04 9.25845407E-04-9.59185876E-04 2.09263329E-03
 9  7 5.07357143E-03 3.20037333E-05 1.61559176E-04 7.23431978E-05 2.01412612E-05
 9  8-8.59434686E-05-1.35901307E-03-5.76897049E-04 4.54622172E-04-2.10540690E-04
 9  9 6.55900745E-04-1.79602933E-03-1.08630742E-05-9.97960020E-04-5.46535560E-05
 9 10-3.96253862E-04-8.98885249E-05-9.71887938E-05-8.13320480E-05 2.07761973E-03
 9 11 5.00206061E-04 6.53489691E-04 9.68628399E-04-1.74859178E-06-2.04159175E-05
 9 12 1.50916457E-05 1.43456225E-05-3.96366544E-05-1.19132183E-05-4.70129148E-05
 9 13-2.52882061E-05 1.49730139E-04 3.21297998E-05-2.80873473E-05-6.15776272E-05
 9 14 3.33347506E-04-1.45938210E-05 5.41443992E-04-1.01831308E-03 2.25497209E-03
 9 15 1.56987897E-04-1.63794172E-04
10  1-5.20833827E-05 1.60455464E-04-6.31410490E-01 7.28510329E-01-1.20460889E-01
10  2 7.67907620E-05-5.64693560E-02 6.52144192E-02-1.09283829E-02 2.08792167E-04
10  3 1.71874118E-02-2.01416544E-02 3.27251163E-03-1.21933130E-06 1.55870345E-05
10  4 4.84691127E-05 1.63839058E-05 1.67969273E-04 2.79217367E-04-1.35084015E-03
10  5 1.06949443E-03-1.04114334E-03-4.99542554E-05-6.13628597E-04-1.36770226E-05
10  6-2.14795450E-04-2.06718878E-04 1.34200265E-03 1.16590723E-03 9.51367142E-04
10  7 9.11315885E-04-2.10409083E-06-1.20552844E-04 6.32700429E-05 1.17163587E-04
10  8-3.93554971E-04-2.04108952E-04-4.08803920E-04-3.03315332E-04 1.14730002E-03
10  9-5.91240730E-04 1.24068030E-03 7.61880988E-04-2.01132358E-03-1.51806226E-05
10 10-1.33226591E-04-1.57869528E-05 2.94174643E-05-4.82952839E-05 5.44264530E-04
10 11-5.39569438E-06-8.34164923E-05 2.72471415E-04 8.03818171E-06 6.96908529E-05
10 12-1.68305141E-06-5.95270733E-06 2.68061471E-05-2.14004028E-04 2.07428889E-05
10 13 5.27115123E-05-1.18573717E-04 1.50884061E-05-8.03966944E-05-2.87128342E-05
10 14 2.26927781E-04 6.26934030E-05-1.42688159E-04-1.17398496E-05-1.56261782E-03
10 15 2.90472729E-04 3.82123169E-04
11  1 1.83091982E-03-1.03882281E-02 3.20172398E-04 1.95764732E-04 3.41312092E-03
11  2 1.44684215E-02-5.52634480E-04-2.47907485E-04-7.06782329E-03 3.54139020E-03
11  3 9.17067639E-04-2.60216485E-04 2.62702648E-03-2.45701670E-02 2.18789018E-02
11  4 7.02342791E-03 1.54767704E-02-1.92044038E-02 5.01491484E-02-1.06049564E-02
11  5 7.52930627E-03-5.83813703E-03-9.82472652E-02 1.06972460E-01-3.59314068E-02
11  6 1.90114107E-02-4.85147144E-02 1.54436450E-01 1.28722950E-02-7.81161063E-03
11  7 4.46635296E-04-1.17814858E-01 1.05574077E-01 4.14296381E-02-3.91965076E-02
11  8-3.22834553E-02 3.58845725E-01 4.51844030E-02-4.11340202E-02-4.35428006E-02
11  9 5.71182179E-03-5.31134236E-03 7.64978201E-03-2.49036765E-04-1.64919107E-01
11 10 1.50847995E-01-4.99754642E-02 3.04380080E-02 4.52300271E-02 5.03632159E-01
11 11-5.40286849E-02 4.37804958E-02 4.92117624E-02-4.33677094E-02 3.79269577E-02
11 12-1.30811775E-02-1.36500660E-02-2.91690553E-03 1.33976324E-01-1.58699144E-02
11 13-1.68164810E-02 3.71199535E-03 1.72904657E-02 6.35526029E-03 3.45741306E-02
11 14 6.98507455E-03 7.46966758E-02 1.18624882E-02 2.68393340E-02-1.18339284E-02
11 15 4.83938404E-02 3.01747771E-03
12  1 1.50026827E-03-8.54336592E-03 3.93818902E-04-3.16868671E-05 1.83386525E-03
12  2 8.73899794E-03-9.05844644E-04-5.02393273E-04-2.18943573E-03 6.52076005E-03
12  3 2.06695533E-03 3.40687265E-03-2.14425342E-03-2.25563936E-03 1.54006982E-03
12  4-1.20802879E-03 9.06915744E-03 5.52543145E-03 5.58261478E-03-6.55402195E-03
12  5 1.74066872E-02 1.21071955E-02-1.82450238E-02 1.69411139E-02-2.69397257E-02
12  6 9.37016210E-02 5.13335870E-02 3.12667892E-02 6.70759864E-03 6.63327083E-03
12  7-2.36192415E-03-1.54980587E-01 1.42596927E-01 5.09753570E-02-2.46540852E-02
12  8-3.73598462E-02 4.86113234E-01 5.76159279E-02-3.15975385E-02-3.99726387E-02
12  9 7.18299445E-04-2.57154394E-03 4.96203842E-04 2.99670931E-03 1.49701226E-01
12 10-1.40186822E-01 5.32666199E-02-5.98905611E-03-2.40464079E-02-4.76969273E-01
12 11 4.82600223E-02-1.01494451E-02-3.79172157E-02-8.73330806E-02 7.95212797E-02
12 12-2.68195988E-02-1.23467994E-02-1.42204403E-02 2.75112549E-01-2.83996728E-02
12 13-1.70286501E-02-9.31091049E-03 4.40059329E-02 1.14198659E-02 2.50665887E-02
12 14-3.33456093E-03-8.11494447E-02-1.35340393E-02 2.92156578E-03-6.28020651E-03
12 15 7.48107242E-02 1.65007648E-02
13  1-2.10735026E-03 1.20374324E-02-4.35093203E-04-2.69262253E-04-2.95176751E-03
13  2-1.50919382E-02 9.22314722E-04 7.27343561E-04 5.52601389E-03-7.51263614E-03
13  3-1.34564552E-03-1.61650784E-03 2.41375991E-04 1.25862876E-02-1.30825788E-02
13  4-2.37090737E-03-1.03204764E-02 4.28452207E-03-1.50781309E-02 8.76283161E-03
13  5-4.48732357E-03-8.46798622E-03 3.70887276E-02-4.12961544E-02 2.38274500E-02
13  6-4.30232994E-02-1.23872922E-02-6.90712971E-02 3.39670078E-03 1.18876512E-02
13  7-1.47367495E-02 9.41231332E-02-8.63085092E-02-2.93544622E-02 2.76848983E-02
13  8 1.51289712E-02-2.99025684E-01-3.47472462E-02 2.70754608E-02 1.97578385E-02
13  9-4.32211214E-03 2.75034923E-03-4.64858201E-03-2.34385722E-04-2.49581644E-02
13 10 2.18313999E-02-5.45903173E-03 4.61555929E-03-8.74651383E-03 8.44241058E-02
13 11-2.54910504E-03 7.63245962E-03-7.10525254E-03-2.07148365E-01 1.93325199E-01
13 12-5.90838265E-02-4.03200427E-02-5.07441107E-02 6.41355422E-01-5.99095935E-02
13 13-4.63987852E-02-4.71783166E-02 1.08852030E-01 2.38386779E-02 9.60767973E-02
13 14 1.48885346E-02 1.17200074E-02 5.97823511E-03-1.10948265E-02 6.49877712E-03
13 15-1.54521082E-02 6.29747563E-03
14  1 6.36664405E-02-3.67324170E-01 8.31580322E-03 1.51184355E-02 4.53779124E-02
14  2 4.68653742E-01-1.69983116E-02-3.04795437E-02-9.19169323E-02 3.14751458E-01
14  3-1.02567067E-03-4.23343420E-03-8.18090719E-03-1.26573017E-01 1.08621736E-01
14  4 1.74750233E-02 2.56243224E-02 4.07275176E-02 3.86990883E-01 2.08186282E-02
14  5 2.49359974E-02 4.08526809E-02-3.48006163E-02 4.06917854E-02-5.79261028E-03
14  6-4.65373186E-02 5.41811877E-02 4.84324447E-02 5.21175932E-03-5.30012195E-03
14  7-9.56413224E-03 3.47584427E-02-3.15607893E-02-1.01902998E-02-1.31382266E-02
14  8 2.32633564E-02-1.18588131E-01-1.09821434E-02-3.47679108E-03 2.23786036E-02
14  9 5.23351404E-02-1.33790550E-02 5.29091692E-02-1.67904061E-02 2.10997705E-02
14 10-1.86348548E-02 1.12966582E-02-4.65273622E-03 1.19138123E-02-7.86261381E-02
14 11 9.91424000E-03-8.94144769E-03 4.11505230E-03-9.17275940E-03 8.56265749E-03
14 12-1.93202345E-03 3.22302211E-04-6.44217529E-03 3.18849143E-02-1.37833301E-03
14 13-4.88046467E-04-7.15501916E-03 6.81055656E-03 3.05152121E-03 1.14824603E-03
14 14-7.74660418E-03-1.49833570E-02-5.63263687E-03 1.99720550E-02-2.86557662E-03
14 15-2.42184160E-02-1.20610490E-02
15  1 4.75304095E-02-2.76906331E-01 1.30881228E-04-3.88498097E-04-1.29165963E-02
15  2 3.41898481E-01-1.03474918E-03-1.24276964E-03 2.38185017E-02 3.32408174E-01
15  3-3.66134432E-03-4.48106936E-03-1.30532988E-02 1.23497235E-01-1.26889628E-01
15  4-1.93756438E-02-1.93466755E-02 1.07224612E-01-3.31665228E-01-5.99384053E-03
15  5 1.00587763E-02 3.16930087E-02 1.14816559E-01-1.14806695E-01 7.15241390E-03
15  6 8.67580640E-02-7.07271002E-02-3.20670019E-01 2.20614899E-03 4.29675113E-02
15  7-3.16781286E-02-4.79225657E-02 4.14592784E-02 4.20606054E-03 5.96171830E-02
15  8-4.20317100E-02 1.88770078E-01 9.10787660E-03 3.24057775E-02-3.54467204E-02
15  9-6.93712363E-02-5.99915914E-03-7.32972609E-02-2.71603586E-04-4.68989534E-02
15 10 4.17002882E-02-4.81060342E-02-4.12615538E-03-7.32145497E-02 1.84182777E-01
15 11-4.19031274E-02 3.16315994E-03-4.63323499E-02 1.03816203E-02-9.27303478E-03
15 12 1.10577080E-03-5.30518802E-03 1.44082201E-02-4.06052183E-02-7.25425958E-04
15 13-2.30938533E-03 1.28367248E-02-1.22550936E-02-6.97155613E-03 6.00552628E-03
15 14 1.70009709E-02 5.32884363E-02 3.46656488E-02-6.49843584E-02 7.85433158E-04
15 15 5.04909009E-02 3.24004728E-02
16  1 1.79375844E-02-1.05379079E-01-1.41758059E-02-1.67377570E-02-2.59964500E-02
16  2 1.31328957E-01 2.83322208E-02 3.38404742E-02 5.04093064E-02 1.49750924E-01
16  3 1.37032899E-02 1.26738448E-02 1.24383984E-02 1.07358725E-01-9.55297321E-02
16  4 8.39993803E-02 7.59826565E-02-1.54401117E-02-4.02121289E-01 4.42034723E-02
16  5 2.32023504E-02 8.51203615E-03-1.20751825E-01 1.17594978E-01 1.28971812E-01
16  6 1.91793750E-02-5.71558311E-02 4.32038257E-01 8.74708656E-02-5.74732237E-03
16  7-1.50785883E-02 4.71580403E-02-4.24496106E-02 4.52590459E-02-6.78536636E-02
16  8 2.02900995E-02-1.91329357E-01 3.32960449E-02-4.92510299E-02 1.76755939E-02
16  9-1.11324510E-01-3.73748388E-02-8.50029524E-02-2.80396150E-02 1.70468664E-02
16 10-1.53475723E-02 1.44389446E-01 7.47053238E-02 1.15225998E-01-8.16203972E-02
16 11 1.24867708E-01 6.47090477E-02 8.95983861E-02 4.90148054E-04-1.51223857E-03
16 12 9.43704317E-03-1.81837118E-02 4.57320777E-03 3.44087542E-03 1.05990290E-02
16 13-1.79643476E-02 8.21717217E-03-9.13271788E-03-4.85292122E-03 1.53854014E-02
16 14 2.60877207E-03-1.12773327E-01-7.59739045E-02 1.35826879E-01 3.24859106E-02
16 15-3.99045098E-02-3.96178533E-02
17  1-5.13877427E-03 3.04128162E-02 1.34133760E-03 2.59415762E-02 1.09292751E-02
17  2-3.60340290E-02-2.63493694E-03-5.32675449E-02-2.15164239E-02-5.58009414E-02
17  3-8.13042638E-04-2.90227590E-02-1.81041029E-03-4.28777556E-02 3.29233909E-02
17  4 1.78377401E-02-1.57719637E-01 4.69020831E-02 2.13626601E-01 3.91332369E-02
17  5-8.94605948E-02 1.92339082E-02 3.86467139E-02-4.23480206E-02 1.53295663E-01
17  6-7.07314667E-02-1.07853065E-01-1.35157479E-01 1.24147238E-01-7.50949443E-04
17  7-1.07311321E-01-1.74186152E-03-1.17962547E-03 2.29201040E-02 1.98703938E-01
17  8-1.34062285E-01 2.00541644E-02 2.18026112E-02 1.68896125E-01-1.17984419E-01
17  9 2.09005483E-02 7.22321281E-03 1.07754111E-01 4.99943358E-02-1.30974662E-02
17 10 1.11217670E-02 1.54662898E-01 5.90683971E-02 3.56473429E-02 5.03012616E-02
17 11 1.40380410E-01 5.51861300E-02 2.91165665E-02 1.04769431E-02-1.20305381E-02
17 12 3.18592536E-02-1.07250230E-01 1.24921366E-01-3.72330335E-02 2.46895017E-02
17 13-9.53912054E-02 1.21046747E-01-1.01868221E-01-6.80547134E-02 7.53280963E-02
17 14 6.24192329E-02-9.76191261E-02-5.98500984E-02 3.89906461E-02 2.37674086E-02
17 15 1.39134218E-01 1.02016250E-01
18  1 3.48873614E-03-2.06690803E-02-1.54194908E-02 4.68503092E-03-1.62542252E-02
18  2 2.40701781E-02 3.21670586E-02-9.83544796E-03 3.34324137E-02 4.23726689E-02
18  3 1.62335706E-02-9.33304229E-03 1.09693900E-02 8.16548452E-03-5.12186127E-03
18  4 8.97865899E-02-6.78330287E-02-2.27644144E-02-5.85367896E-02 6.24402763E-02
18  5-7.01556235E-02-2.57111595E-02 4.58916521E-03-4.41354611E-03 8.27323702E-02
18  6-1.08575081E-01-4.05694332E-02-3.84718827E-03 4.09086923E-02-8.82787351E-02
18  7 1.11999278E-02-2.13357104E-02 1.84382181E-02-1.03285881E-02 1.44562798E-01
18  8-5.98114198E-02 9.18170724E-02-6.35137134E-03 1.28434299E-01-5.11907051E-02
18  9-5.50789815E-02-2.87675332E-02 5.14617400E-02 3.11732066E-02-9.84815063E-03
18 10 1.11706323E-02 1.74339403E-03-9.12776465E-02 1.11902209E-01 3.93171787E-02
18 11-9.61606880E-04-9.54932838E-02 1.14650117E-01-1.00419227E-03 2.08520023E-03
18 12-9.56387888E-02 2.80402633E-01-1.22646578E-01 1.05886254E-03-8.41711768E-02
18 13 2.58512747E-01-1.12956162E-01 1.68884586E-01 1.22966286E-01-1.88141061E-01
18 14-1.59630047E-01-2.68129443E-03-3.72166916E-03 3.12527846E-02 1.73358384E-02
18 15 7.04022869E-02 7.47305865E-02
19  1-7.39983764E-03 4.37243850E-02-2.82473208E-02 4.50358078E-03 4.56513242E-02
19  2-5.46065294E-02 5.87091048E-02-9.70298991E-03-9.57223528E-02-7.10139332E-02
19  3 4.06686200E-02 3.63515753E-04-5.14791147E-02-3.89124253E-03-1.46818250E-03
19  4 2.01487282E-01 1.25815978E-02 3.35025416E-02 2.62919019E-02 1.59179650E-01
19  5 1.15562370E-02 2.15006178E-02-4.70899964E-03 6.76897889E-03 1.72739496E-01
19  6 3.33861641E-02 2.21808453E-01 8.76920685E-03 1.52631610E-01 3.42323235E-02
19  7 1.53070460E-01-5.39682535E-03 4.02427086E-03 6.31083664E-02 6.82644529E-02
19  8 6.49758902E-02 2.54710466E-02 5.85861076E-02 5.99594045E-02 6.16968802E-02
19  9-1.18723292E-01-7.28917977E-02 4.47372309E-02 2.47049784E-02-7.27918697E-03
19 10 7.83868111E-03-1.14147826E-01-1.14003668E-01-2.20149922E-01 3.13393847E-02
19 11-1.03866189E-01-1.12727072E-01-2.12023979E-01-9.32007728E-04 2.09583612E-03
19 12 1.78613350E-02-4.03729263E-02 2.56306082E-02-1.80396847E-03 1.76925137E-02
19 13-3.24200630E-02 2.01902074E-02-2.89441695E-02-2.40349718E-02 2.58462107E-02
19 14 3.51345164E-02 1.21213504E-01 9.82097399E-02 1.19902555E-01 6.44466513E-02
19 15 1.27213021E-02 1.58467982E-02
20  1-9.79656192E-03 5.81001178E-02 4.09433109E-02 4.23187523E-02 6.05695969E-02
20  2-7.29207545E-02-8.63343268E-02-8.96285580E-02-1.26499733E-01-1.08937428E-01
20  3-4.95211467E-02-4.78041106E-02-6.74736990E-02-1.04673901E-02-2.59841313E-04
20  4-1.35437356E-01-1.00228413E-01 1.89204135E-01 9.36453035E-02-1.14056901E-01
20  5-4.18565278E-02 1.56753954E-01 1.39672052E-02-1.01276327E-02 1.28350629E-01
20  6 2.31399476E-01-6.19887414E-02-3.87739102E-02 1.43361007E-01 1.38768504E-01
20  7-4.69267572E-02 2.05490821E-03-5.47304894E-03 9.15978737E-02-9.66403691E-02
20  8 6.64283950E-02 1.37927110E-02 8.80069833E-02-1.02010533E-01 6.71511014E-02
20  9 8.56150167E-02 4.72203652E-02 2.11541765E-02 2.54474506E-02-4.07554746E-02
20 10 3.75724811E-02 1.22753471E-01 5.85325826E-02-1.15123728E-01 1.70492470E-01
20 11 1.20805300E-01 5.45655079E-02-1.15509218E-01 2.15323953E-02-1.58406089E-02
20 12-5.56811324E-02 1.02729081E-01-1.37510452E-01-1.03646450E-01-5.03873255E-02
20 13 1.03781229E-01-1.32397426E-01 1.08870485E-01 7.90993261E-02-4.16109736E-02
20 14 2.59556181E-03-4.53135035E-02-2.34499076E-02 7.06808050E-02 3.52707920E-02
20 15-6.76969466E-02-8.74274684E-02
21  1-2.98341497E-03 1.76984111E-02 5.03307621E-02-4.86355432E-02 3.86967517E-02
21  2-2.01038658E-02-1.06108762E-01 1.02327511E-01-8.25415673E-02-3.50649998E-02
21  3-6.94555618E-02 7.12379928E-02-4.84100824E-02-5.61359080E-03 1.46686458E-03
21  4-1.97499977E-01 2.52444992E-01-2.60754566E-03 3.34747150E-02-1.92664351E-01
21  5 2.26615890E-01-1.10904209E-02 7.30091825E-04-9.89873819E-04 1.04587774E-01
21  6-9.74841720E-02 8.77520848E-02-7.06988111E-03 1.22241515E-01-5.97359946E-02
21  7 5.95941868E-02 6.74496018E-03-5.32186695E-03 3.44474510E-03 1.84505410E-01
21  8-1.64703153E-02-2.85048790E-02-6.26742625E-04 1.76808109E-01-6.78052199E-03
21  9 1.30609206E-01 7.45551790E-02-2.05165488E-01-1.34395082E-01-1.84685778E-02
21 10 1.80730878E-02 5.01793527E-02-7.74813355E-02-3.22093747E-02 7.56880578E-02
21 11 5.09803794E-02-8.18779750E-02-3.21637240E-02-5.38905782E-03 5.13092421E-03
21 12-5.98503509E-03 4.76518541E-02 6.30957679E-02 1.93720516E-02-4.03644996E-03
21 13 5.22876238E-02 6.38346801E-02-1.20405798E-02-1.06007838E-02-2.66578078E-02
21 14-1.95593679E-02-5.89334596E-03 2.56638381E-03 6.73025394E-02 3.83392652E-02
21 15 8.77098375E-02 1.06679887E-01
22  1-2.30442346E-03 1.36896973E-02-1.25615865E-02-1.02655783E-02 3.28056771E-02
22  2-1.94960968E-02 2.74362662E-02 1.98761934E-02-6.79887813E-02-2.37159161E-02
22  3 1.59074715E-02 2.56455137E-02-4.78390275E-02-4.34502697E-03 4.09810433E-03
22  4 1.02782486E-01 5.50452902E-02-8.99860372E-03-1.71393015E-02 5.63331041E-02
22  5 7.78287549E-02 8.91317113E-03 4.36896417E-02-4.48407476E-02-7.36749971E-02
22  6-1.20025270E-01 5.80356056E-02-1.45731720E-01-4.76604213E-02-1.21210959E-01
22  7 6.84107666E-02-7.30482331E-02 6.22886399E-02-1.63565391E-01 5.24609303E-02
22  8 1.49428686E-01 3.33229893E-01-1.62126034E-01 4.93072713E-02 1.60330223E-01
22  9-6.89838903E-02-6.09375184E-02 2.66143047E-04 3.22772446E-02-6.26591045E-02
22 10 5.55545394E-02 2.66188838E-01-5.07117686E-02-3.20946827E-02 2.76789547E-01
22 11 2.78409071E-01-5.73120406E-02-3.36791705E-02 1.56409740E-02-6.86582603E-03
22 12 5.31203067E-03-6.99056378E-02-1.14093435E-01-9.17465293E-02 1.11212039E-02
22 13-6.00396655E-02-1.34163038E-01 2.87810785E-02 5.63819388E-03 5.10571904E-02
22 14 9.64200758E-02-1.38478465E-01-1.05672422E-01-9.13217184E-02-5.82593453E-02
22 15-7.65912001E-02-6.09618219E-02
23  1 1.14153849E-02-6.80698045E-02-7.12023173E-03-4.91477094E-02-1.83568544E-01
23  2 6.81546604E-02 1.61103388E-02 1.04471905E-01 3.92215062E-01 1.88048335E-01
23  3-6.18487500E-04 6.10012102E-02 2.21938550E-01 8.66405001E-03 8.22948889E-03
23  4-1.36884287E-01-1.52772679E-01-1.65041961E-01-1.05072725E-01-1.62470413E-01
23  5-1.42060225E-01-1.85090925E-01-7.75046763E-04-5.75712498E-03 1.02172699E-01
23  6 3.45392501E-02 5.15833930E-02 4.11152307E-02 1.09182424E-01 8.36954225E-04
23  7 8.89845400E-02-2.45177904E-02 2.00053193E-02 2.40191376E-02 1.58317466E-02
23  8 1.14462001E-01 1.17530346E-01 2.49659777E-02 1.36884701E-02 1.22545388E-01
23  9 1.10111847E-01 8.79556322E-02 6.51875314E-02 7.89864077E-02-8.16971461E-03
23 10 8.70612957E-03 4.03632080E-02-1.33076509E-01-6.96621752E-02 3.53926069E-02
23 11 4.78297745E-02-1.49480236E-01-7.11833861E-02-2.63886801E-03 5.12641171E-03
23 12 4.16955673E-02-5.09081518E-02-4.27952876E-02 4.37685283E-03 5.09784754E-02
23 13-4.68116058E-02-5.43740624E-02-6.45896166E-03-1.38432706E-02 2.21458081E-02
23 14 3.23461553E-02 9.87036796E-03 1.66337066E-02 7.35583983E-02 5.73880316E-02
23 15-4.55712573E-02-4.49486621E-02
24  1-1.83371015E-03 1.07746626E-02 1.85690437E-02 3.58863298E-02 2.61166338E-02
24  2-1.96406050E-02-3.93678516E-02-7.75684089E-02-5.49419807E-02-4.17620372E-03
24  3-3.28123483E-02-5.67350467E-02-5.03385402E-02 1.19818773E-02-2.05646363E-02
24  4 6.44616895E-03-4.20494538E-02 7.28673985E-02-2.12002720E-02-1.77812681E-02
24  5-1.44597263E-02 2.97352497E-02 1.18775366E-02-8.87548656E-03-4.31902683E-02
24  6 6.61446724E-02-2.06166987E-02-6.27669346E-02 1.58704033E-02 2.13075975E-02
24  7-2.75730900E-02-6.17178402E-03 8.08438505E-03 3.21082836E-02-9.25253041E-02
24  8 1.02999964E-01 1.99790633E-02 4.04543383E-02-1.17345383E-01 1.34383739E-01
24  9-2.63315626E-02-3.32647608E-02 1.51790271E-02 4.10054793E-02-2.99165384E-02
24 10 2.87591000E-02 7.23651500E-02-1.86261272E-01 7.85161458E-02 1.33155362E-01
24 11 7.60350820E-02-2.20983756E-01 9.45292974E-02-8.11384528E-02 7.26649069E-02
24 12 2.49844538E-01 1.46565632E-01 2.06120289E-01 3.57463814E-01 2.89359111E-01
24 13 1.70969697E-01 2.14289703E-01-1.20268082E-01-1.06142372E-01-8.62979089E-02
24 14-9.77468442E-02-2.81369203E-02-4.18341195E-02-4.41263703E-02-2.82796160E-02
24 15-3.88202092E-02 2.90269197E-02
25  1-2.39321669E-03 1.40477633E-02 8.01116455E-02 6.90790187E-02 3.06156240E-02
25  2-2.41148177E-02-1.71192262E-01-1.49697211E-01-6.52658671E-02-1.04059521E-02
25  3-1.40223191E-01-1.09211281E-01-5.67726664E-02 2.81930188E-02-2.89663078E-02
25  4-3.80283057E-02-4.03370409E-02 1.13308544E-01-1.63482561E-01-5.27057014E-02
25  5-5.97766439E-02 1.05658535E-01-2.91100464E-03-5.86206209E-03 1.49621742E-01
25  6-5.41897732E-02-9.84012403E-02 7.12357842E-02 2.82115296E-02-5.03729379E-02
25  7-3.11762328E-03-4.78865732E-02 4.19689798E-02-1.29774537E-01 1.04192221E-01
25  8 1.20312343E-01 2.11155265E-01-1.44223718E-01 1.27286223E-01 1.29419529E-01
25  9-1.17522692E-03 2.41729852E-02-2.40490667E-02-1.55388347E-02 3.99031329E-02
25 10-3.61260966E-02-1.81593897E-01-1.88263662E-02 2.07977581E-01-1.76789053E-01
25 11-1.88605229E-01-1.83973478E-02 2.39771655E-01-6.04710694E-03 4.92878812E-03
25 12 1.14787295E-01-1.39501140E-01-1.32619362E-01 4.07053097E-02 1.34660227E-01
25 13-1.62057580E-01-1.65270208E-01-1.68840618E-02-1.33141974E-02 3.90932238E-02
25 14-2.52354112E-02 7.95683252E-02 6.46976164E-02 1.00122958E-01 1.13064979E-01
25 15-7.19064693E-02-8.00810989E-02
26  1-1.61236095E-04 9.34960934E-04-1.19055724E-01-1.88457261E-01 7.42191163E-02
26  2-6.12288970E-03 2.56504687E-01 4.05017847E-01-1.58579003E-01 1.17828312E-02
26  3 2.14424824E-01 3.46278070E-01-1.45649966E-01-3.92608175E-03 1.46002368E-03
26  4-4.71374379E-02-8.77014973E-02 2.24816429E-02 3.43217887E-02-7.32041957E-03
26  5-4.43133241E-02-1.31980728E-02 2.29559382E-02-2.24498571E-02 6.21459938E-02
26  6 1.92020974E-02-9.01119751E-02-1.18441807E-01 1.79784830E-02 8.82766686E-02
26  7-3.49277716E-02-1.56327408E-02 1.65623112E-02-4.51917048E-02 5.64750382E-02
26  8 9.30050085E-02 4.93720209E-02-6.07705803E-02 6.90527630E-02 1.07481246E-01
26  9 4.53722005E-02 6.38079190E-02 4.88501490E-02 4.10121972E-02 6.99976971E-03
26 10-9.75008506E-03-6.28393354E-02 1.81726553E-01 3.10743772E-02-7.31986006E-03
26 11-6.48551343E-02 2.07105133E-01 5.44367590E-02-1.71645164E-02 1.65982006E-02
26 12 1.31610430E-01 7.13045068E-02-1.48388266E-02 7.11657648E-02 1.57341640E-01
26 13 7.97244445E-02-2.18525630E-02-1.49025080E-02-1.07437290E-02-2.28628050E-02
26 14-2.02865990E-02 1.88202120E-02 8.02140338E-03 2.16217281E-02 5.22624474E-02
26 15-3.85596478E-02-1.58420614E-02
27  1-2.34674176E-04 1.38357132E-03-2.19635476E-01 1.58581843E-01-1.33593818E-02
27  2-2.98531617E-03 4.73033800E-01-3.41644164E-01 2.89971322E-02 1.17375756E-04
27  3 4.05398843E-01-2.90735092E-01 2.30088592E-02 2.71679577E-03 1.03811714E-04
27  4-1.13884101E-01 6.72277539E-02-1.42183934E-03-3.35002439E-02-6.43543293E-02
27  5 3.16739222E-02 1.19733943E-02-1.78585612E-03-7.21497154E-04 3.42151387E-02
27  6-1.56074204E-02 6.73397475E-03 1.71412011E-02-1.98565332E-02-9.04732645E-03
27  7 1.11726884E-02-7.11572699E-03 9.17205435E-03-6.70010102E-02 2.24409805E-02
27  8-2.08157162E-03 1.75197087E-02-7.86321473E-02 3.30608275E-02-4.54402572E-03
27  9 9.34076305E-02 1.11763044E-01-9.34662403E-02-1.01416509E-01 8.24128550E-04
27 10 9.66167324E-04 2.52743972E-03 1.60201734E-02-1.83171684E-02-1.05994331E-02
27 11 8.97458265E-03 1.76314105E-02-2.26258236E-02-4.39343726E-03 4.63454578E-03
27 12 4.48214526E-02 1.64295847E-02-1.18698518E-02 1.60636365E-02 5.32146018E-02
27 13 2.00667951E-02-1.57166754E-02-4.74194473E-03-3.30899087E-03-5.56318442E-03
27 14 1.73146895E-03 5.08668127E-03 8.89776963E-03 3.91288788E-02 7.12911384E-02
27 15-7.32837519E-03-3.99925669E-03
28  1-1.15218287E-06 2.41969815E-04 7.87613310E-02 5.05680711E-02-7.62446159E-02
28  2 3.11001784E-03-1.69608993E-01-1.09348463E-01 1.65657495E-01-2.15727250E-02
28  3-1.43489173E-01-8.43869180E-02 1.51056247E-01-5.44574317E-03 1.65079067E-02
28  4 4.67562838E-02 8.17417719E-03-5.30715945E-02-2.63902770E-02 4.63542333E-02
28  5 1.44205414E-02 3.87178472E-02-1.05871569E-02 2.78624294E-03 5.07976481E-02
28  6-6.90986442E-02 5.48889969E-02 8.62748287E-02-4.15645089E-02-4.05383848E-02
28  7 3.29710848E-02-1.63009992E-02 2.10259721E-02-2.31748845E-01 1.97975399E-02
28  8 5.79343982E-02 2.68090816E-02-2.76510091E-01 2.49404085E-02 6.66038599E-02
28  9-1.99754880E-02 7.31715885E-03 2.04691068E-02 6.58536365E-03 4.27516847E-03
28 10-5.74797667E-04-1.54980166E-02 2.95956895E-01-1.73110843E-01-3.34331654E-02
28 11-8.69091504E-03 3.42078382E-01-2.10127743E-01-1.78510865E-02 1.93419840E-02
28 12 5.43948067E-02 1.86466448E-01 1.13545679E-01 5.76218679E-02 6.42818926E-02
28 13 2.15885535E-01 1.26064794E-01-1.66698480E-02-1.03000120E-02-4.19757226E-02
28 14 5.73942926E-03 1.21464128E-02 7.80810581E-03 6.10933564E-02 8.15140589E-02
28 15-3.52863600E-02 5.39232760E-02
29  1 7.49025265E-04-4.25443857E-03 2.69459299E-02 1.48229933E-03-1.63262898E-02
29  2 1.87155365E-02-5.90922331E-02-1.13311200E-03 3.28067211E-02-2.72822885E-02
29  3-4.70420922E-02-1.31444673E-02 5.59292991E-02-1.90577949E-02 2.01621360E-02
29  4 3.56255908E-02 7.11805549E-02-5.41157739E-02 1.10526106E-01 5.02663079E-02
29  5 5.20394921E-02-2.95634345E-02-9.65192959E-03 1.79782299E-02-4.48254189E-02
29  6-2.11561791E-02 3.68011598E-02 1.13517520E-02-1.46833526E-02-1.73772065E-02
29  7-1.62422123E-02 1.52314855E-02-1.66337544E-02 8.66350205E-02 2.55737429E-02
29  8-2.40940057E-01-3.66053350E-02 1.06355431E-01 3.70910329E-02-2.77489345E-01
29  9-9.15374561E-03-2.49452465E-02-1.85748447E-02-4.62104206E-02-1.96700937E-03
29 10 6.74157035E-03 2.99681988E-02 3.92998139E-02-1.03595600E-01-1.02246207E-02
29 11 2.50267398E-02 2.84483133E-02-1.23992459E-01-1.86620555E-03 3.97367849E-03
29 12 3.52426234E-01 2.28598230E-02-2.65671834E-01-1.47062695E-02 4.18971532E-01
29 13 3.78033284E-02-3.00678260E-01 6.70115206E-03 1.11557676E-02-1.71890769E-02
29 14 7.18402187E-02-6.45356783E-03-2.21731060E-02-2.37604365E-02-3.34062649E-02
29 15 5.52185498E-02-5.83695169E-02
30  1-4.84752453E-04 2.79970159E-03 7.05202287E-03 5.60420682E-02-3.37499219E-02
30  2-1.23671472E-02-1.44799771E-02-1.23129354E-01 7.44643546E-02 2.25847444E-02
30  3-2.13340422E-02-1.01115238E-01 4.63070858E-02-1.61872620E-02 1.67943191E-02
30  4 3.08027742E-02 5.52030578E-02-5.30385740E-02 1.09146628E-01 8.78297433E-03
30  5 1.10946868E-02-7.34989543E-02 3.65094223E-03 2.79534546E-03-1.00441239E-01
30  6-4.79106274E-02 2.20385386E-02-2.13101458E-02-1.32689541E-02 6.13578946E-02
30  7 8.71840505E-02 6.61884025E-03-1.29132436E-03 3.24359138E-01 1.93622657E-01
30  8 2.55666728E-01-5.63883193E-02 3.72976874E-01 2.31869891E-01 2.93309923E-01
30  9-1.49004108E-02-6.94433293E-02-1.32879564E-02-4.65128083E-02-1.22030049E-02
30 10 2.06989454E-03-2.76668043E-02 1.91527803E-01 5.33182310E-02 1.16528033E-01
30 11-3.63405301E-02 2.19307553E-01 8.81633159E-02 2.49829856E-03-8.19598405E-04
30 12 1.71254819E-02 2.15754145E-02-1.63501692E-02-1.71829228E-02 2.80875963E-02
30 13 2.59674553E-02-1.94819364E-02 9.00942250E-03 9.00752823E-04 6.62331171E-03
30 14 7.72613592E-03-1.72792148E-02-6.68627065E-02-1.22186080E-01-1.72199739E-01
30 15 1.71805141E-02 3.08854235E-02
 $END   
 $GRAD  
E=     -762.3137051869  GMAX=   0.0072096  GRMS=   0.0019901
CL          17.   -5.3330883372E-05    3.4900142803E-04   -5.0148558894E-05
C            6.    1.4198709276E-04    8.4934789883E-04   -9.7275633102E-05
C            6.   -1.3004458117E-03   -1.8497643780E-03    5.0584622169E-04
O            8.   -5.6550880311E-04   -7.0686361528E-05   -6.5173139099E-04
H            1.    1.0086414526E-04   -3.6001983982E-04   -1.2466467019E-04
H            1.    1.0849713292E-04   -4.6666757972E-05   -1.1809376872E-04
O            8.    3.3282316215E-03    6.2730030495E-03   -4.0429973995E-03
O            8.   -6.8727677475E-04    1.7382987528E-04    1.7873024901E-04
H            1.    6.5285341786E-05    2.1916393982E-05   -3.7595337350E-05
H            1.   -2.2475540148E-03   -7.2095821175E-03    4.3301119475E-03
H            1.   -2.7146424770E-04    9.5675788545E-04    3.4384417742E-04
H            1.    2.8810983272E-05    9.5491016106E-04   -5.1144415057E-04
H            1.    1.3519041819E-03   -4.2047130495E-05    2.7541839285E-04
 $END
-------------------- DATA FROM NSERCH=  10 --------------------
 COORDINATES OF SYMMETRY UNIQUE ATOMS (ANGS)
   ATOM   CHARGE       X              Y              Z
 ------------------------------------------------------------
 CL         17.0   3.1065910088   0.7148727507   0.4008132367
 C           6.0   2.7515352732   0.1186462017  -1.3481193216
 C           6.0   3.3495996272   1.0885416651  -2.3392029059
 O           8.0   2.6747448393   2.3147506288  -2.2890613079
 H           1.0   1.6681689397   0.0837402057  -1.4362319477
 H           1.0   3.2050610800  -0.8643781967  -1.4305229443
 O           8.0   3.2277049436   0.4774007145  -3.6864305784
 O           8.0   3.7687311387   2.8094213700  -4.5214870336
 H           1.0   3.1947394981   3.1598636346  -5.2392942668
 H           1.0   3.6625949853   1.7920617678  -4.4880146143
 H           1.0   2.2623735528   0.3453998073  -3.8688646128
 H           1.0   4.4321649809   1.1664835797  -2.2133946387
 H           1.0   3.0746907407   2.8426919603  -3.0802372306
--- CLOSED SHELL ORBITALS --- GENERATED AT 10:09:28 30-JUL-2026    
Chloroacetaldehyde hydrate and water                                            
E(R-WB97X-D)=     -762.3137332945, E(NUC)=  315.9669398299,    8 ITERS
 $VEC   
 1  1 9.85802652E-01 5.34291945E-02-2.07355786E-05-4.11042036E-05-1.72931210E-04
 1  2-1.87724125E-02 6.03767017E-05 1.26120310E-04 6.48533292E-04 1.02709627E-02
 1  3-2.39845454E-04-4.75771096E-04-1.79208617E-03-3.30986782E-05-4.21356680E-04
 1  4-6.89209306E-06-1.89070994E-05-1.45252165E-04 7.76864278E-04 2.78218063E-05
 1  5 3.37782313E-04-1.44599039E-03 7.88461312E-05 6.30757441E-04-2.24843505E-05
 1  6 1.95795729E-05 3.42546525E-04-1.96188702E-03 5.87318795E-04-2.24619411E-05
 1  7-1.81718119E-03-1.89625126E-05-1.34494198E-04-2.11316346E-05 1.33040397E-05
 1  8 2.77210500E-05 6.43800402E-04 1.63484025E-04-2.91467511E-04 1.08506629E-04
 1  9 1.54533416E-04-8.16903522E-04 2.05395543E-04-7.62616994E-04 1.30579779E-05
 1 10 1.28859965E-04 1.96422875E-05 1.25859223E-05 4.62629136E-05-4.99642772E-04
 1 11-1.09026886E-04-9.65692753E-05-2.38156786E-04-1.34949613E-06-7.28198062E-06
 1 12-1.51290178E-06-3.18401368E-06 2.60024633E-05 6.41063863E-05 2.25371355E-07
 1 13-1.09765781E-05-7.94755387E-05-3.35469059E-05 2.96329104E-05 4.18220592E-05
 1 14-2.38976061E-04-2.09801847E-05-4.12144973E-05 2.92495614E-04-2.75856973E-04
 1 15-4.34787758E-05 2.16152031E-05
 2  1-9.15915105E-06 6.18567020E-05 1.51389785E-05 3.49073475E-05-6.44835703E-05
 2  2-9.73677840E-04-8.51681023E-05-2.06793227E-04 4.44647692E-04 1.47016128E-03
 2  3 2.68069246E-04 7.20849739E-04-1.53354166E-03 2.57225091E-04 8.61476341E-04
 2  4-2.85874310E-04-2.41902412E-04 8.12057599E-04-7.71421345E-03-6.64934070E-04
 2  5-2.10107285E-03 3.68111165E-03-1.12790070E-03-4.80693987E-03-1.16062700E-04
 2  6-3.80307978E-05-1.46665151E-03 2.50037809E-02-4.34439107E-03-5.71910054E-03
 2  7-8.59617640E-03 5.40378013E-03 1.92979333E-03-1.07528340E-04-3.41560590E-04
 2  8-3.62773498E-04-5.06813120E-03-2.56968330E-04 3.40312200E-03 2.28694057E-03
 2  9 9.83078044E-04-7.52077109E-04 3.77020863E-04 2.83242393E-05 9.82600236E-01
 2 10 1.04942900E-01-1.99612884E-03 1.70000139E-03 2.10409745E-03-5.06406408E-02
 2 11 3.72231425E-03-5.58143939E-03-7.63045720E-03 5.66457116E-03 1.83939994E-03
 2 12 1.15925168E-04-5.60697621E-04 3.45975511E-05-3.98900547E-03-2.13530044E-04
 2 13 2.97449847E-03-2.69204281E-04 3.44152413E-04-1.30208555E-03 6.27520800E-04
 2 14 6.19896053E-03 3.44744610E-03 4.59632368E-03-1.55334209E-03-1.48831796E-03
 2 15 4.46290099E-04-1.03090008E-03
 3  1 6.30603808E-06-5.00550292E-05-2.31796225E-05 2.60834176E-05 3.91206877E-05
 3  2 4.62474755E-04 1.56411941E-04-1.29443277E-04-2.39028589E-04-5.64357561E-04
 3  3-6.94045069E-04 4.39998039E-04 3.42857915E-04 2.02998706E-04 7.27181874E-04
 3  4-5.33600504E-04-5.79327099E-04 4.56714835E-04-6.35010592E-03 3.28651315E-03
 3  5-3.83663979E-03 2.25503143E-03-9.34328214E-04-3.78997265E-03-3.35075020E-04
 3  6 2.03799852E-03-1.87068398E-04 2.35581954E-02-1.01989002E-02 8.65693915E-03
 3  7-6.32604592E-04 9.66525820E-01 1.04026823E-01 2.68575746E-03-1.79331763E-03
 3  8-2.16721272E-03-5.35337197E-02-7.58245561E-03 7.16447318E-03 5.77365474E-03
 3  9 9.19283274E-04 1.81327261E-03-4.91830370E-04-1.62876129E-04-5.92672681E-03
 3 10 9.25946428E-04-2.39585274E-04 5.00684533E-04 7.86011034E-05-4.82247071E-03
 3 11 1.45011581E-03-3.42506656E-03-1.99498494E-03 1.77623122E-01 1.97996341E-02
 3 12-5.53814810E-04-2.48842405E-04 5.32635181E-04-1.05616762E-02 1.63068354E-03
 3 13 7.76335894E-04-2.60909533E-03 6.98355943E-04 1.21155379E-04 8.55343488E-04
 3 14 1.05332860E-03 8.96969292E-04-1.42572586E-03-9.35561259E-04 8.57226719E-05
 3 15 3.17545562E-03 9.22780871E-03
 4  1-8.41544016E-07 7.11322837E-06 1.44363438E-05-9.15705467E-06-5.68663293E-06
 4  2-5.70401326E-05-8.02315813E-05 4.36267284E-05 3.79252050E-05 2.59344141E-05
 4  3 1.93519136E-04-7.14388919E-05-1.35323051E-05-2.93633386E-05-2.15523507E-06
 4  4 3.74240330E-05 2.05691866E-04-1.95722672E-04 1.09905285E-03-2.64075720E-04
 4  5 5.72276326E-04-3.01994593E-04 2.64355859E-04 1.31068766E-03 8.67548536E-05
 4  6-4.10114145E-04-2.94256497E-05-6.30222447E-03 2.23558223E-03-2.09003756E-03
 4  7 6.53487772E-04-1.77448742E-01-1.78582803E-02-4.10444956E-04 8.39261209E-04
 4  8 1.11623248E-04 5.99033146E-03 7.44674807E-04-3.63976899E-03 8.64763033E-04
 4  9-1.77660380E-04 8.04964875E-05 1.08793294E-04-1.97599115E-04-4.40446067E-03
 4 10 4.13801438E-04 3.86789837E-04 4.38727051E-04-5.74542185E-04-1.42449391E-03
 4 11-1.51374869E-03-1.68701589E-03 2.59479815E-03 9.66216782E-01 1.01371939E-01
 4 12-2.12277657E-03-1.69708844E-03-1.24118260E-03-4.36077449E-02 4.43102268E-03
 4 13 4.48988017E-03 2.16544825E-03 2.94949058E-03 5.71337643E-03 2.35409230E-03
 4 14 1.06245134E-02 3.57578471E-04-1.16218427E-03 5.35568804E-04-7.06963256E-04
 4 15-3.43444589E-04 5.16601658E-03
 5  1 7.60511372E-05-9.87065315E-05-6.75507203E-06 4.23358125E-05-2.12589649E-04
 5  2-2.19830787E-03 5.58028474E-05-2.79875956E-04 1.45285650E-03 2.87513788E-03
 5  3-5.96357921E-04-1.36781869E-04-2.21831719E-03-1.00543063E-02-4.22016653E-03
 5  4-2.12355272E-04-3.00873009E-04 9.97015065E-05 2.59565720E-02 6.61775299E-03
 5  5 1.00524921E-02-1.25412414E-02 9.86569204E-01 1.10693074E-01-1.65862867E-04
 5  6-7.77290598E-04 4.63354458E-05-8.60117459E-02 2.32917487E-03 9.99741196E-03
 5  7-6.07660679E-03-5.29079315E-05-4.51905517E-04 3.74477814E-04 1.37322930E-04
 5  8-2.44219332E-04 7.98650541E-03-3.79606320E-04-3.50431327E-03 1.31045371E-03
 5  9-1.53367607E-03 1.39206676E-03-1.60755564E-03 1.33185301E-03-1.93107737E-04
 5 10-9.19686567E-04-4.82716575E-05 3.34678481E-04 1.65311394E-04 9.79452462E-03
 5 11 5.66663476E-04 6.84488120E-04 5.06507226E-03 5.32611202E-05 4.36005538E-04
 5 12 1.36699039E-05 1.17199721E-04-9.15461032E-05-1.67520430E-03 1.45571612E-04
 5 13 5.86895982E-06-8.75877807E-05 4.82423051E-04-7.86942784E-04-3.97239457E-04
 5 14 2.37773403E-03-6.12698179E-04 3.38207659E-03-1.74733407E-04 1.67455557E-02
 5 15-3.04092374E-05 3.41433234E-03
 6  1-2.10147827E-05-1.78412164E-04 6.33880614E-05 1.05991690E-04 3.26578737E-04
 6  2-2.15056824E-03-3.78077064E-04-6.32320494E-04-1.88320553E-03 1.30921931E-02
 6  3-1.35934560E-03-2.30979912E-03-8.66419459E-03 9.86480970E-01 1.11937504E-01
 6  4 3.37711090E-04 5.72289881E-04 1.11799366E-03-9.00277639E-02-3.14791091E-03
 6  5-5.08448882E-03 2.48164822E-03 9.38965362E-03-1.81483368E-03 2.81568560E-04
 6  6 3.23045027E-04-2.77152064E-05 2.29667469E-02-5.51109476E-03-9.19257869E-03
 6  7 8.98889649E-03 3.70965575E-05-2.24250871E-06 6.33023056E-05 5.41178034E-04
 6  8-3.71199169E-04-1.31113553E-03-2.80891871E-04-6.09028505E-04 8.28374081E-04
 6  9-7.72996639E-05 1.54898183E-02-9.68583876E-05 1.55356021E-02 2.14860227E-05
 6 10-1.05069408E-04 2.06175287E-04 1.78987980E-04-4.37593772E-04-9.90316469E-04
 6 11-5.49706745E-04-4.98775254E-04 9.42953183E-05 2.31494489E-05 1.81175211E-04
 6 12-5.12808629E-05 4.41266101E-05-1.04661261E-04-7.82838325E-04 2.29451072E-04
 6 13 3.45292726E-05 2.74415593E-04 3.23453375E-04-3.28654782E-04-1.06876493E-04
 6 14 1.51365521E-03-5.18824889E-04 1.58901677E-04-1.30369772E-03 9.21509536E-04
 6 15 5.28228239E-04 1.35103769E-03
 7  1-3.05120493E-01 9.77063157E-01-1.68489528E-03-3.09275206E-03-8.45848499E-03
 7  2 1.54307565E-01-6.47655638E-04-1.27634511E-03-5.19477418E-03-6.77706787E-02
 7  3 1.72850726E-03 3.35793141E-03 1.20079621E-02 9.73690727E-06 1.69352788E-03
 7  4-3.84309930E-05-3.10440739E-06 4.30438921E-04-2.31615645E-03 2.37239708E-04
 7  5-1.39876090E-03 9.62021353E-03-4.66304560E-05-3.29049355E-03 1.41197937E-04
 7  6-1.32739202E-04-1.95447830E-03 1.04801718E-02-3.48667817E-03 2.41631130E-04
 7  7 1.04894472E-02 9.62532917E-05 6.47619604E-04 9.02987460E-05-7.95159883E-05
 7  8-1.32626242E-04-3.49729360E-03-8.56275168E-04 1.64953754E-03-6.25785553E-04
 7  9-9.87956288E-04 4.93410737E-03-1.28318890E-03 4.58008860E-03-7.59517501E-05
 7 10-6.97318846E-04-1.01814210E-04-5.09478743E-05-2.64559139E-04 3.00633903E-03
 7 11 6.25130813E-04 5.35659277E-04 1.57169992E-03 8.20972953E-06 4.83794558E-05
 7 12 8.57905708E-06 1.03915224E-05-1.27570367E-04-3.95458413E-04-6.40504870E-06
 7 13 9.62631781E-05 4.23218533E-04 1.81582547E-04-1.90745967E-04-2.26904687E-04
 7 14 1.43325361E-03 6.01547608E-05 4.03183687E-04-1.59865167E-03 1.88148716E-03
 7 15 1.97639761E-04-9.83064036E-05
 8  1-3.25890174E-03 1.10325534E-02 1.80923088E-01 3.03585239E-01 9.04058218E-01
 8  2-3.16967683E-03 1.65628760E-02 2.78560871E-02 8.42097873E-02 4.61872677E-03
 8  3-5.33590175E-03-9.14767743E-03-2.89209838E-02-7.13698598E-04-4.38969390E-03
 8  4-3.32494283E-05-1.00775461E-04-3.45182441E-04 9.21035899E-03 1.38223463E-03
 8  5 3.16387347E-03-2.99996424E-03 3.78841571E-04 2.74017251E-03 1.54011869E-05
 8  6 1.02256075E-04 9.14518781E-04-1.08083779E-02 2.04055989E-03 8.40670015E-04
 8  7-8.56694241E-03-6.63345835E-05-3.82673026E-04-1.13460935E-04-8.12594445E-05
 8  8 1.11253488E-04 2.41372459E-03 8.17330282E-04-8.02441305E-04 3.11582174E-04
 8  9-2.20760731E-04-3.82744333E-03-7.30709957E-05-3.59689727E-03 3.67251445E-05
 8 10 2.90433313E-04 7.49324621E-05 1.16787838E-04 1.25834973E-05-1.68658320E-03
 8 11-4.21063472E-04-6.67246970E-04-3.40971149E-04-6.04878450E-06-3.45617463E-05
 8 12 2.52693289E-06-2.40004678E-05 8.55315723E-05 2.93905021E-04-2.81913109E-05
 8 13 4.57607904E-06-2.81860729E-04-1.41561484E-04 1.37101240E-04 2.11357160E-04
 8 14-1.00146182E-03-2.97104038E-04 3.15546882E-04 1.18999030E-03-3.23684545E-04
 8 15-2.16495825E-04-2.17370944E-04
 9  1 3.08361250E-06-5.83237294E-05 7.18135206E-01 5.63356159E-01-3.32697945E-01
 9  2 4.61787908E-04 6.43987720E-02 5.05514613E-02-3.03440738E-02 2.17304143E-04
 9  3-2.01786262E-02-1.59680306E-02 9.33413633E-03 2.00056738E-05 1.35707155E-04
 9  4-4.07447115E-05 8.91859015E-05 5.22335662E-04-7.11097327E-04 9.62441413E-04
 9  5-9.37099704E-04-2.21070681E-03-1.01060232E-04-1.00016618E-03 8.80832932E-05
 9  6-1.32637866E-04-8.81851436E-04 9.29948758E-04-9.70166208E-04 2.08337010E-03
 9  7 5.08477290E-03 3.20405979E-05 1.61901204E-04 7.20431080E-05 2.05186040E-05
 9  8-8.52561071E-05-1.35999351E-03-5.74275807E-04 4.54033840E-04-2.12341390E-04
 9  9 6.57335937E-04-1.79085340E-03-1.08310818E-05-9.99713424E-04-5.47467312E-05
 9 10-3.96934558E-04-8.91614516E-05-9.78251546E-05-8.16329870E-05 2.08132443E-03
 9 11 4.96166021E-04 6.56285232E-04 9.71268564E-04-1.64465654E-06-1.95531496E-05
 9 12 1.49314599E-05 1.42915927E-05-3.93199272E-05-1.45581365E-05-4.63580108E-05
 9 13-2.48160834E-05 1.48021025E-04 3.23133410E-05-2.88131175E-05-6.17419141E-05
 9 14 3.34625197E-04-1.37940759E-05 5.39781266E-04-1.01823720E-03 2.26682480E-03
 9 15 1.55244598E-04-1.56766830E-04
10  1-5.21270410E-05 1.60716030E-04-6.28807431E-01 7.30907922E-01-1.19549627E-01
10  2 7.51442499E-05-5.62364040E-02 6.54292834E-02-1.08461515E-02 2.11717696E-04
10  3 1.71161078E-02-2.02081143E-02 3.24580563E-03-1.73310322E-06 1.17609924E-05
10  4 4.99482696E-05 1.64882637E-05 1.67730397E-04 2.93655916E-04-1.35607158E-03
10  5 1.07213088E-03-1.04256625E-03-4.97535492E-05-6.12330962E-04-1.48087716E-05
10  6-2.15068476E-04-2.06484435E-04 1.33707564E-03 1.17286950E-03 9.50206489E-04
10  7 9.12929207E-04-2.03267843E-06-1.19885418E-04 6.27826109E-05 1.16966673E-04
10  8-3.93997128E-04-2.04735679E-04-4.06957060E-04-3.03309699E-04 1.14932743E-03
10  9-5.92578479E-04 1.22800763E-03 7.60783765E-04-2.01618454E-03-1.53519545E-05
10 10-1.34639857E-04-1.50953618E-05 2.96532020E-05-4.89886714E-05 5.47224403E-04
10 11-8.69474893E-06-8.41971620E-05 2.75125759E-04 8.06389297E-06 6.99626372E-05
10 12-1.88449852E-06-5.97304360E-06 2.71184550E-05-2.14230616E-04 2.12921903E-05
10 13 5.27505819E-05-1.19659636E-04 1.52238050E-05-8.07030471E-05-2.78703427E-05
10 14 2.25260843E-04 5.80840282E-05-1.38245590E-04-1.23094238E-05-1.56362290E-03
10 15 2.91946981E-04 3.84317320E-04
11  1 1.83994291E-03-1.04403057E-02 3.24183108E-04 1.96187348E-04 3.42721528E-03
11  2 1.45261930E-02-5.58121002E-04-2.46259846E-04-7.09942602E-03 3.63647736E-03
11  3 8.92555008E-04-2.95090335E-04 2.59165065E-03-2.46331292E-02 2.18897413E-02
11  4 7.09738943E-03 1.54672107E-02-1.92089088E-02 5.04993140E-02-1.05231893E-02
11  5 7.50297226E-03-6.05899727E-03-9.81903241E-02 1.06962891E-01-3.56996269E-02
11  6 1.87864285E-02-4.85939656E-02 1.54343135E-01 1.29005179E-02-7.66899168E-03
11  7 4.52934336E-04-1.17515675E-01 1.05309832E-01 4.11431966E-02-3.91366156E-02
11  8-3.23008671E-02 3.57881520E-01 4.48403156E-02-4.10592548E-02-4.35494344E-02
11  9 5.72017518E-03-5.33728763E-03 7.65648500E-03-3.25877220E-04-1.65208850E-01
11 10 1.51140679E-01-5.01680946E-02 2.95608407E-02 4.53684713E-02 5.04526951E-01
11 11-5.41505266E-02 4.28179428E-02 4.94362016E-02-4.33663266E-02 3.79417267E-02
11 12-1.30414645E-02-1.36911726E-02-2.93199424E-03 1.33926272E-01-1.58287952E-02
11 13-1.68142319E-02 3.70737631E-03 1.73111385E-02 6.33716086E-03 3.45639059E-02
11 14 7.12518576E-03 7.48795773E-02 1.18345131E-02 2.68837595E-02-1.18356659E-02
11 15 4.83594537E-02 2.96174719E-03
12  1 1.49764872E-03-8.52839840E-03 3.96117479E-04-3.20469623E-05 1.82863812E-03
12  2 8.73605474E-03-9.10901767E-04-5.00078029E-04-2.18172631E-03 6.46406056E-03
12  3 2.07670708E-03 3.39695554E-03-2.11246749E-03-2.25497809E-03 1.57067630E-03
12  4-1.20642056E-03 9.06023976E-03 5.47222066E-03 5.61889025E-03-6.42024876E-03
12  5 1.74261890E-02 1.21237597E-02-1.80226260E-02 1.66686542E-02-2.67881814E-02
12  6 9.31952144E-02 5.11447492E-02 3.10224681E-02 6.68972489E-03 6.67978639E-03
12  7-2.50517866E-03-1.54197544E-01 1.41878898E-01 5.04584888E-02-2.45376094E-02
12  8-3.74258662E-02 4.83560830E-01 5.70177943E-02-3.14908200E-02-3.99892027E-02
12  9 7.34813482E-04-2.49913793E-03 4.85503283E-04 2.99926073E-03 1.49186594E-01
12 10-1.39740920E-01 5.32333282E-02-4.93453152E-03-2.41047128E-02-4.75265026E-01
12 11 4.82150418E-02-9.01627395E-03-3.80270785E-02-8.94425916E-02 8.14796716E-02
12 12-2.73817151E-02-1.29117652E-02-1.47178891E-02 2.81657914E-01-2.89476881E-02
12 13-1.76844616E-02-9.74716206E-03 4.50995574E-02 1.16730613E-02 2.61165998E-02
12 14-3.22282443E-03-8.10883229E-02-1.35323421E-02 2.79210427E-03-6.28458872E-03
12 15 7.47539148E-02 1.65841328E-02
13  1-2.13763543E-03 1.22105360E-02-4.45357249E-04-2.70131965E-04-2.98934386E-03
13  2-1.52952622E-02 9.43500407E-04 7.33874369E-04 5.58737114E-03-7.63445621E-03
13  3-1.37100883E-03-1.63977909E-03 2.60766773E-04 1.26851446E-02-1.31644605E-02
13  4-2.40259159E-03-1.04472743E-02 4.26084012E-03-1.53787066E-02 8.82476486E-03
13  5-4.71785549E-03-8.55549529E-03 3.73192052E-02-4.15290277E-02 2.40649673E-02
13  6-4.39228013E-02-1.28677147E-02-6.94893686E-02 3.29512694E-03 1.17473142E-02
13  7-1.47205603E-02 9.57122177E-02-8.77627689E-02-2.97321993E-02 2.79674705E-02
13  8 1.56098504E-02-3.04008422E-01-3.51474943E-02 2.74459414E-02 2.02926082E-02
13  9-4.35434223E-03 2.79307662E-03-4.67146770E-03-2.52744629E-04-2.63613757E-02
13 10 2.31578026E-02-5.98075825E-03 4.49634756E-03-8.52409499E-03 8.88891456E-02
13 11-3.03211773E-03 7.53347312E-03-6.76629290E-03-2.06241420E-01 1.92501657E-01
13 12-5.86905684E-02-4.04558007E-02-5.05566711E-02 6.38496368E-01-5.94645789E-02
13 13-4.64898527E-02-4.70461637E-02 1.08402703E-01 2.37281767E-02 9.57930445E-02
13 14 1.48974111E-02 1.25410491E-02 6.04436059E-03-1.11263674E-02 6.58145225E-03
13 15-1.62483538E-02 6.16772171E-03
14  1 6.36793240E-02-3.67397390E-01 8.40974658E-03 1.50908818E-02 4.54308555E-02
14  2 4.68783312E-01-1.71927433E-02-3.04256733E-02-9.20292959E-02 3.14679231E-01
14  3-1.03640238E-03-4.21476193E-03-8.17461122E-03-1.26549579E-01 1.08594244E-01
14  4 1.76501280E-02 2.55541431E-02 4.08134991E-02 3.86962005E-01 2.10787363E-02
14  5 2.47497420E-02 4.08079290E-02-3.47252554E-02 4.06136128E-02-5.89487309E-03
14  6-4.65090034E-02 5.41868180E-02 4.81465650E-02 5.16264804E-03-5.23453395E-03
14  7-9.59157238E-03 3.48782037E-02-3.16649387E-02-1.01811257E-02-1.30735970E-02
14  8 2.33277592E-02-1.18964079E-01-1.09706422E-02-3.38581702E-03 2.24162126E-02
14  9 5.22503145E-02-1.33451073E-02 5.28454092E-02-1.68732748E-02 2.10856702E-02
14 10-1.86293128E-02 1.12225273E-02-4.48430530E-03 1.18040283E-02-7.85458090E-02
14 11 9.88521535E-03-8.77688909E-03 4.04959975E-03-9.17939102E-03 8.56519674E-03
14 12-1.93336357E-03 2.97673742E-04-6.44379522E-03 3.19090786E-02-1.38170476E-03
14 13-5.21587987E-04-7.13671999E-03 6.81060439E-03 3.05603752E-03 1.16402553E-03
14 14-7.73166612E-03-1.48990179E-02-5.55900045E-03 1.99194967E-02-2.85735390E-03
14 15-2.42731171E-02-1.20979227E-02
15  1 4.75122844E-02-2.76802803E-01 1.21360214E-04-3.89065508E-04-1.29408105E-02
15  2 3.41805221E-01-1.02386540E-03-1.24185709E-03 2.38592398E-02 3.32264007E-01
15  3-3.69357079E-03-4.45112646E-03-1.30170519E-02 1.23568353E-01-1.26921240E-01
15  4-1.93709638E-02-1.92719300E-02 1.07385432E-01-3.32024285E-01-5.89060633E-03
15  5 1.01734268E-02 3.18792402E-02 1.14808619E-01-1.14831874E-01 7.48281969E-03
15  6 8.67212133E-02-7.07873746E-02-3.20400573E-01 2.26945162E-03 4.28837383E-02
15  7-3.17660379E-02-4.80133059E-02 4.15505862E-02 4.19914530E-03 5.95699275E-02
15  8-4.21556040E-02 1.89002759E-01 9.08622797E-03 3.23644932E-02-3.55209216E-02
15  9-6.94464939E-02-5.94515262E-03-7.33013574E-02-2.19134033E-04-4.69423192E-02
15 10 4.17697169E-02-4.78738410E-02-4.79683154E-03-7.30391936E-02 1.84216007E-01
15 11-4.17867657E-02 2.52985908E-03-4.62593705E-02 1.03651696E-02-9.25253258E-03
15 12 1.11701706E-03-5.25252634E-03 1.44145249E-02-4.05543864E-02-7.05979308E-04
15 13-2.25144705E-03 1.28171864E-02-1.22359374E-02-6.96744556E-03 5.96722142E-03
15 14 1.69649998E-02 5.31729691E-02 3.45053644E-02-6.48931132E-02 8.67261220E-04
15 15 5.05712745E-02 3.24611140E-02
16  1 1.79049257E-02-1.05186483E-01-1.42191032E-02-1.66503295E-02-2.59195277E-02
16  2 1.31117080E-01 2.84188471E-02 3.36657968E-02 5.02541708E-02 1.49381544E-01
16  3 1.37315474E-02 1.26085938E-02 1.24253504E-02 1.07182150E-01-9.53369722E-02
16  4 8.39985817E-02 7.56029838E-02-1.52081624E-02-4.01583434E-01 4.41087664E-02
16  5 2.31327073E-02 8.86424342E-03-1.20666414E-01 1.17515178E-01 1.28999026E-01
16  6 1.89905107E-02-5.75437382E-02 4.31640341E-01 8.73169453E-02-5.89755191E-03
16  7-1.51865055E-02 4.71509345E-02-4.24581716E-02 4.51399986E-02-6.76800914E-02
16  8 2.02448412E-02-1.91182315E-01 3.31971635E-02-4.91222544E-02 1.75944447E-02
16  9-1.11065500E-01-3.72453130E-02-8.48484613E-02-2.79430748E-02 1.69995999E-02
16 10-1.53015100E-02 1.44410465E-01 7.62828827E-02 1.15577201E-01-8.14793866E-02
16 11 1.25009639E-01 6.61418839E-02 8.98861991E-02 5.43940725E-04-1.57165805E-03
16 12 9.44761794E-03-1.82219607E-02 4.60196774E-03 3.25633319E-03 1.05784457E-02
16 13-1.80216865E-02 8.27095780E-03-9.17159505E-03-4.86292141E-03 1.55017033E-02
16 14 2.68521780E-03-1.13320806E-01-7.59871706E-02 1.35692106E-01 3.24170748E-02
16 15-3.98849163E-02-3.95825746E-02
17  1-5.16677620E-03 3.05794449E-02 1.59364983E-03 2.60640940E-02 1.10029000E-02
17  2-3.62142557E-02-3.15628561E-03-5.35229940E-02-2.16608928E-02-5.62218932E-02
17  3-1.06543164E-03-2.91271005E-02-1.77408108E-03-4.30681888E-02 3.30972377E-02
17  4 1.62338837E-02-1.58065748E-01 4.71551574E-02 2.14474784E-01 3.82226896E-02
17  5-8.97456980E-02 1.96026775E-02 3.88175935E-02-4.25229188E-02 1.51912220E-01
17  6-7.05161506E-02-1.08692238E-01-1.35863684E-01 1.22972729E-01-7.44223717E-04
17  7-1.07993931E-01-1.62082861E-03-1.26294969E-03 2.23134799E-02 1.97419766E-01
17  8-1.34368026E-01 1.94896957E-02 2.12094481E-02 1.67763545E-01-1.18270761E-01
17  9 2.17004644E-02 7.70324452E-03 1.07746742E-01 4.99252514E-02-1.30377091E-02
17 10 1.10629441E-02 1.54626254E-01 6.12749719E-02 3.61176320E-02 4.99877710E-02
17 11 1.40365900E-01 5.72609512E-02 2.94997048E-02 1.05482504E-02-1.21038426E-02
17 12 3.22304461E-02-1.07660436E-01 1.25167306E-01-3.74814244E-02 2.50012288E-02
17 13-9.58058887E-02 1.21269468E-01-1.02154476E-01-6.82594258E-02 7.58835091E-02
17 14 6.27889930E-02-9.81308202E-02-6.01104372E-02 3.81953708E-02 2.35028534E-02
17 15 1.38680553E-01 1.01639972E-01
18  1 3.42478692E-03-2.02912649E-02-1.56196399E-02 4.96168753E-03-1.60034079E-02
18  2 2.36166006E-02 3.25856974E-02-1.04082154E-02 3.29127795E-02 4.17298571E-02
18  3 1.64862024E-02-9.64141589E-03 1.07627873E-02 8.02580800E-03-5.07014978E-03
18  4 9.09062750E-02-6.90777803E-02-2.22964318E-02-5.76781932E-02 6.34093130E-02
18  5-7.09617703E-02-2.54340095E-02 4.47345083E-03-4.29143751E-03 8.45797226E-02
18  6-1.08598700E-01-4.00160198E-02-3.58504489E-03 4.24162253E-02-8.80536977E-02
18  7 1.13888598E-02-2.12592014E-02 1.83524766E-02-9.84149588E-03 1.45351624E-01
18  8-6.04594605E-02 9.15711059E-02-5.92655175E-03 1.29100195E-01-5.17774672E-02
18  9-5.57001101E-02-2.91438567E-02 5.23613426E-02 3.16663661E-02-9.35469166E-03
18 10 1.06945174E-02 1.26749299E-03-9.15820206E-02 1.11228559E-01 3.73785952E-02
18 11-1.41293122E-03-9.57773442E-02 1.14008649E-01-1.02031481E-03 2.08784660E-03
18 12-9.60733095E-02 2.79113679E-01-1.22375377E-01 1.16243312E-03-8.45797135E-02
18 13 2.57367128E-01-1.12680377E-01 1.68205926E-01 1.22523883E-01-1.87651929E-01
18 14-1.59308659E-01-1.60825628E-03-3.01358995E-03 3.24882898E-02 1.79828768E-02
18 15 7.09432456E-02 7.50734590E-02
19  1-7.40640429E-03 4.37643227E-02-2.82230908E-02 4.52624016E-03 4.57462921E-02
19  2-5.46319082E-02 5.86640441E-02-9.75083941E-03-9.59190835E-02-7.12196183E-02
19  3 4.06379397E-02 3.46683996E-04-5.14872847E-02-3.85309086E-03-1.50944248E-03
19  4 2.01602881E-01 1.25137302E-02 3.32564988E-02 2.63985318E-02 1.59480553E-01
19  5 1.16715390E-02 2.13612526E-02-4.74265624E-03 6.72961830E-03 1.72480834E-01
19  6 3.23226998E-02 2.21835240E-01 8.92227216E-03 1.52550882E-01 3.38014480E-02
19  7 1.52386022E-01-5.46182765E-03 4.10639567E-03 6.29237413E-02 6.85748002E-02
19  8 6.43490270E-02 2.56151484E-02 5.83955221E-02 6.03057477E-02 6.11624912E-02
19  9-1.18788758E-01-7.28782283E-02 4.43644621E-02 2.45913276E-02-7.01503039E-03
19 10 7.60888145E-03-1.12268234E-01-1.15481649E-01-2.19465246E-01 3.00602901E-02
19 11-1.02046128E-01-1.14081805E-01-2.11493745E-01-1.09966047E-03 2.20556871E-03
19 12 1.92057882E-02-4.33500275E-02 2.78795916E-02-9.79095080E-04 1.89184307E-02
19 13-3.52318583E-02 2.23247267E-02-3.11932303E-02-2.56786640E-02 2.76469290E-02
19 14 3.63872355E-02 1.20763882E-01 9.76685163E-02 1.19662082E-01 6.44090014E-02
19 15 1.30487831E-02 1.60887035E-02
20  1-9.87384496E-03 5.85588910E-02 4.09588544E-02 4.22014212E-02 6.12031335E-02
20  2-7.34550924E-02-8.63736845E-02-8.93994499E-02-1.27837040E-01-1.09930036E-01
20  3-4.94064785E-02-4.74778923E-02-6.81133070E-02-1.05907935E-02-1.42202881E-04
20  4-1.34087426E-01-9.92294015E-02 1.89547609E-01 9.40475371E-02-1.12712665E-01
20  5-4.09544347E-02 1.57348827E-01 1.42972594E-02-1.05307403E-02 1.28949662E-01
20  6 2.30661470E-01-6.04879005E-02-3.97084405E-02 1.43307682E-01 1.38328666E-01
20  7-4.57808522E-02 1.56745230E-03-5.02630362E-03 9.09434124E-02-9.59004421E-02
20  8 6.76914324E-02 1.57476042E-02 8.72684697E-02-1.01197523E-01 6.83353935E-02
20  9 8.45737790E-02 4.65636737E-02 2.13108730E-02 2.55379903E-02-4.11093501E-02
20 10 3.79311260E-02 1.22785344E-01 5.83886696E-02-1.15986465E-01 1.71801003E-01
20 11 1.20992509E-01 5.44001733E-02-1.16440524E-01 2.15518033E-02-1.58316498E-02
20 12-5.59016111E-02 1.02218662E-01-1.38151826E-01-1.03820178E-01-5.06074441E-02
20 13 1.03292514E-01-1.33104970E-01 1.09007767E-01 7.91752990E-02-4.14797474E-02
20 14 2.87063700E-03-4.53435694E-02-2.31526517E-02 7.06263228E-02 3.55123900E-02
20 15-6.81742516E-02-8.76392706E-02
21  1-2.98753467E-03 1.77241650E-02 5.04957064E-02-4.88532404E-02 3.87948002E-02
21  2-2.00619829E-02-1.06477056E-01 1.02802801E-01-8.27712136E-02-3.53388320E-02
21  3-6.96626097E-02 7.15645024E-02-4.84089640E-02-5.70987377E-03 1.58363483E-03
21  4-1.97012397E-01 2.52595589E-01-2.08080774E-03 3.40021636E-02-1.91984802E-01
21  5 2.26843624E-01-1.04609760E-02 5.89793256E-04-8.56842545E-04 1.04970133E-01
21  6-9.75279994E-02 8.68658305E-02-6.64235988E-03 1.22317516E-01-5.98246366E-02
21  7 5.87095375E-02 7.02027424E-03-5.54178484E-03 3.38879645E-03 1.84467941E-01
21  8-1.80078467E-02-2.97976853E-02-6.93460339E-04 1.76837731E-01-8.31464411E-03
21  9 1.30792985E-01 7.48659083E-02-2.04981331E-01-1.34619790E-01-1.80090954E-02
21 10 1.76675049E-02 4.98878941E-02-7.69275591E-02-3.12254040E-02 7.36091643E-02
21 11 5.06986744E-02-8.12218270E-02-3.12256174E-02-5.44236574E-03 5.13878742E-03
21 12-6.34724888E-03 4.82609091E-02 6.35213978E-02 1.97444383E-02-4.44254729E-03
21 13 5.28308535E-02 6.43647486E-02-1.20513528E-02-1.05080561E-02-2.70191454E-02
21 14-2.02331321E-02-5.28545666E-03 2.95813742E-03 6.77740862E-02 3.87776746E-02
21 15 8.81535730E-02 1.07136456E-01
22  1-2.37161325E-03 1.40937182E-02-1.26559760E-02-1.04526474E-02 3.41186185E-02
22  2-1.97330798E-02 2.76328271E-02 2.02795744E-02-7.08109865E-02-2.53773368E-02
22  3 1.61798805E-02 2.60502184E-02-4.90690569E-02-4.61638071E-03 4.33248684E-03
22  4 1.04196178E-01 5.77116478E-02-9.09487400E-03-1.58123204E-02 5.83203112E-02
22  5 8.03692767E-02 9.78197348E-03 4.36562209E-02-4.47995065E-02-7.49457489E-02
22  6-1.22786893E-01 5.78385043E-02-1.46138051E-01-4.96356909E-02-1.22350193E-01
22  7 6.77119263E-02-7.27700318E-02 6.20832469E-02-1.64844914E-01 5.47593404E-02
22  8 1.47696922E-01 3.31739121E-01-1.63605822E-01 5.18138517E-02 1.58503696E-01
22  9-6.97142363E-02-6.13385522E-02-1.09131806E-03 3.08964372E-02-6.22419562E-02
22 10 5.51337885E-02 2.65444330E-01-4.68057831E-02-3.09084148E-02 2.75200544E-01
22 11 2.77775795E-01-5.32835704E-02-3.24922237E-02 1.58914864E-02-7.12607535E-03
22 12 4.43925373E-03-6.90365184E-02-1.13817094E-01-9.27255883E-02 1.00800801E-02
22 13-5.92929793E-02-1.33858685E-01 2.92768630E-02 6.20626021E-03 5.05834280E-02
22 14 9.57301756E-02-1.38091663E-01-1.05584682E-01-9.20791192E-02-5.86017055E-02
22 15-7.52461098E-02-5.96039159E-02
23  1 1.13918229E-02-6.79290988E-02-7.44287716E-03-4.91290449E-02-1.83035223E-01
23  2 6.79436243E-02 1.68094531E-02 1.04411231E-01 3.91112164E-01 1.87860127E-01
23  3-2.44220597E-04 6.11233932E-02 2.20991693E-01 8.67815890E-03 8.15278393E-03
23  4-1.36970569E-01-1.51717471E-01-1.64788568E-01-1.05219754E-01-1.62952053E-01
23  5-1.40494552E-01-1.84541885E-01-3.85773055E-04-6.18770217E-03 1.02472871E-01
23  6 3.29306270E-02 5.17775507E-02 3.99654875E-02 1.09449483E-01-5.14054584E-04
23  7 8.93614644E-02-2.53770948E-02 2.07244466E-02 2.21413850E-02 1.71061583E-02
23  8 1.15937561E-01 1.21470869E-01 2.29682631E-02 1.49859796E-02 1.24116499E-01
23  9 1.09867375E-01 8.74635819E-02 6.49456484E-02 7.91486281E-02-8.50506622E-03
23 10 9.00358942E-03 4.41875969E-02-1.32997787E-01-6.96548506E-02 3.68560593E-02
23 11 5.19467032E-02-1.49359100E-01-7.11568475E-02-2.37751727E-03 4.96100078E-03
23 12 4.16701434E-02-5.17609921E-02-4.41480345E-02 3.01393541E-03 5.09805297E-02
23 13-4.75921986E-02-5.59530038E-02-6.02559312E-03-1.36508092E-02 2.27823600E-02
23 14 3.34025393E-02 8.98694547E-03 1.58834710E-02 7.32626818E-02 5.72595575E-02
23 15-4.64212447E-02-4.57066304E-02
24  1-1.86562219E-03 1.09628105E-02 1.98301031E-02 3.66268662E-02 2.64472002E-02
24  2-1.99489386E-02-4.20477949E-02-7.91977636E-02-5.56443762E-02-4.42243019E-03
24  3-3.49899350E-02-5.77437251E-02-5.08903076E-02 1.23702691E-02-2.08966067E-02
24  4 5.57492349E-03-4.27929743E-02 7.44036076E-02-2.39461908E-02-1.89549770E-02
24  5-1.50253199E-02 3.15808995E-02 1.19959615E-02-9.12153163E-03-4.06303551E-02
24  6 6.43345933E-02-2.27886839E-02-6.20978536E-02 1.64576511E-02 1.94660885E-02
24  7-2.75787221E-02-7.49766974E-03 9.20534756E-03 2.84783457E-02-9.03508657E-02
24  8 1.05881063E-01 2.59977681E-02 3.65874820E-02-1.14813196E-01 1.37517316E-01
24  9-2.61655786E-02-3.28418216E-02 1.49125762E-02 4.11998064E-02-2.91304700E-02
24 10 2.80548219E-02 7.23344332E-02-1.85668929E-01 8.23728510E-02 1.29656398E-01
24 11 7.63604580E-02-2.20391690E-01 9.89775042E-02-8.12253642E-02 7.27749969E-02
24 12 2.51450991E-01 1.45391579E-01 2.03446565E-01 3.57929794E-01 2.91271281E-01
24 13 1.69685251E-01 2.10994054E-01-1.20465087E-01-1.06400440E-01-8.55048260E-02
24 14-9.76227960E-02-2.69872948E-02-4.06294694E-02-4.28308068E-02-2.69532368E-02
24 15-4.07459524E-02 2.72438691E-02
25  1-2.38408029E-03 1.39939245E-02 8.04137062E-02 6.84944313E-02 3.07604721E-02
25  2-2.39169923E-02-1.71859720E-01-1.48431269E-01-6.56220945E-02-1.05584161E-02
25  3-1.40670886E-01-1.08322192E-01-5.68149080E-02 2.80144357E-02-2.88315724E-02
25  4-3.79361002E-02-3.90672058E-02 1.12932366E-01-1.62647558E-01-5.26732480E-02
25  5-5.89314182E-02 1.05131693E-01-3.14701972E-03-5.54985578E-03 1.48797554E-01
25  6-5.48425096E-02-9.84171219E-02 7.19194671E-02 2.78034998E-02-5.09116873E-02
25  7-2.94876749E-03-4.75090398E-02 4.14755961E-02-1.27734965E-01 1.04665434E-01
25  8 1.17578516E-01 2.10283024E-01-1.41829932E-01 1.27986945E-01 1.25882059E-01
25  9-1.25108034E-03 2.38150487E-02-2.46045627E-02-1.62607587E-02 4.04962434E-02
25 10-3.67314179E-02-1.82381246E-01-1.99129119E-02 2.08375917E-01-1.79306411E-01
25 11-1.89613769E-01-1.91958828E-02 2.40149568E-01-4.38169657E-03 3.39079643E-03
25 12 1.08999186E-01-1.44668509E-01-1.36170523E-01 3.35805544E-02 1.27845736E-01
25 13-1.67928233E-01-1.68892481E-01-1.48181726E-02-1.15600912E-02 4.14401527E-02
25 14-2.31162968E-02 7.98232116E-02 6.50611857E-02 9.95871422E-02 1.11722856E-01
25 15-7.08237511E-02-8.11033308E-02
26  1-1.74049237E-04 1.00505494E-03-1.19845036E-01-1.88952773E-01 7.57533724E-02
26  2-6.33840733E-03 2.58215796E-01 4.06107238E-01-1.61915081E-01 1.22628521E-02
26  3 2.15776944E-01 3.47045455E-01-1.48729260E-01-3.67832360E-03 9.75885897E-04
26  4-4.78661809E-02-8.80259812E-02 2.39661924E-02 3.38919589E-02-8.03613198E-03
26  5-4.52119263E-02-1.36216089E-02 2.31145265E-02-2.25127335E-02 6.22233210E-02
26  6 2.01612026E-02-9.13252789E-02-1.19587095E-01 1.88191221E-02 8.89718611E-02
26  7-3.49749094E-02-1.55012850E-02 1.63261748E-02-4.12399391E-02 5.70367886E-02
26  8 9.26548010E-02 4.95181666E-02-5.60667656E-02 6.98065320E-02 1.06874155E-01
26  9 4.53405158E-02 6.35531943E-02 4.86364506E-02 4.08776901E-02 7.07966871E-03
26 10-9.89349458E-03-6.58735992E-02 1.76878331E-01 3.48908193E-02-7.37995241E-03
26 11-6.84302424E-02 2.01640998E-01 5.91264386E-02-1.67903244E-02 1.61825401E-02
26 12 1.30358590E-01 6.73994793E-02-1.74427563E-02 7.00147624E-02 1.55825996E-01
26 13 7.51772181E-02-2.47951148E-02-1.46526857E-02-1.05269610E-02-2.17827339E-02
26 14-2.04930689E-02 1.88255923E-02 8.44851925E-03 2.12340265E-02 5.14407671E-02
26 15-3.82678132E-02-1.70652697E-02
27  1-2.38349121E-04 1.40294607E-03-2.19827301E-01 1.58555654E-01-1.21691692E-02
27  2-3.05815530E-03 4.73470025E-01-3.41607255E-01 2.64261662E-02 3.04123630E-04
27  3 4.05685056E-01-2.90701874E-01 2.07158988E-02 2.81409700E-03-8.14857212E-05
27  4-1.14339670E-01 6.74337839E-02-6.79772899E-04-3.36727956E-02-6.47891624E-02
27  5 3.17427535E-02 1.19255104E-02-1.64715393E-03-8.01019110E-04 3.43164790E-02
27  6-1.52521801E-02 5.93314157E-03 1.62358190E-02-1.95383704E-02-8.50390051E-03
27  7 1.10106622E-02-7.08012290E-03 9.10008585E-03-6.55970109E-02 2.29225213E-02
27  8-1.83657477E-03 1.76093165E-02-7.69873179E-02 3.36413139E-02-4.30560692E-03
27  9 9.37973817E-02 1.12180634E-01-9.37610651E-02-1.01707609E-01 8.85142330E-04
27 10 8.60723636E-04 1.73699599E-03 1.44942969E-02-1.64251024E-02-1.05970939E-02
27 11 8.08855181E-03 1.59663519E-02-2.02685007E-02-4.29767753E-03 4.52254483E-03
27 12 4.48160188E-02 1.49921403E-02-1.30233512E-02 1.58316847E-02 5.32096120E-02
27 13 1.83799153E-02-1.70620004E-02-4.67936415E-03-3.26915325E-03-5.20008314E-03
27 14 1.54222800E-03 5.25073603E-03 8.96439171E-03 3.89875166E-02 7.11377112E-02
27 15-7.21632417E-03-4.48555629E-03
28  1-2.58869459E-05 3.85147085E-04 7.61626690E-02 4.95051788E-02-7.51393887E-02
28  2 2.68846856E-03-1.64021161E-01-1.07084912E-01 1.63315197E-01-2.11153794E-02
28  3-1.38728236E-01-8.23770366E-02 1.48617750E-01-5.29561377E-03 1.63225900E-02
28  4 4.53353218E-02 7.19846816E-03-5.21920937E-02-2.71144366E-02 4.58087543E-02
28  5 1.27860999E-02 3.86982595E-02-1.03309869E-02 2.52310273E-03 5.29252858E-02
28  6-6.93781566E-02 5.33753093E-02 8.53243809E-02-4.17772936E-02-3.84426230E-02
28  7 3.38306044E-02-1.66742945E-02 2.14813231E-02-2.31037348E-01 2.38068717E-02
28  8 6.15694041E-02 2.76675064E-02-2.75903592E-01 3.00714145E-02 7.06370047E-02
28  9-1.89157261E-02 9.03841677E-03 2.02293824E-02 5.56705305E-03 4.38152947E-03
28 10-8.00599755E-04-2.21067914E-02 3.00535656E-01-1.71153496E-01-3.29768801E-02
28 11-1.60085476E-02 3.47445866E-01-2.07333069E-01-1.81295749E-02 1.96056517E-02
28 12 5.84680458E-02 1.86719237E-01 1.10397807E-01 5.88798326E-02 6.91530976E-02
28 13 2.16083093E-01 1.22181052E-01-1.69830540E-02-1.04172296E-02-4.19520591E-02
28 14 5.13389418E-03 1.25220665E-02 7.78512000E-03 6.24329448E-02 8.36335020E-02
28 15-3.60146217E-02 5.32096152E-02
29  1 7.49736663E-04-4.26001197E-03 2.66664900E-02 9.77869921E-04-1.58241622E-02
29  2 1.87104026E-02-5.84935562E-02-3.31735597E-05 3.17196244E-02-2.72113295E-02
29  3-4.64776363E-02-1.22450970E-02 5.49371389E-02-1.88596124E-02 1.99321423E-02
29  4 3.52405364E-02 7.04672836E-02-5.34165367E-02 1.09640199E-01 4.99911465E-02
29  5 5.13328575E-02-2.92243948E-02-9.63886742E-03 1.78976789E-02-4.40653554E-02
29  6-2.05176488E-02 3.64176518E-02 1.14747904E-02-1.42477484E-02-1.71995117E-02
29  7-1.68180035E-02 1.52523636E-02-1.67109607E-02 8.53317994E-02 2.44925433E-02
29  8-2.42150031E-01-3.63860940E-02 1.04797332E-01 3.58739466E-02-2.79058848E-01
29  9-8.89031398E-03-2.43969649E-02-1.86171476E-02-4.60902768E-02-1.95943946E-03
29 10 6.78435903E-03 2.96196494E-02 3.72162585E-02-1.03008610E-01-1.06198774E-02
29 11 2.47243122E-02 2.59818617E-02-1.23369767E-01-1.89443635E-03 3.96504027E-03
29 12 3.52531871E-01 2.25968722E-02-2.66052874E-01-1.44014299E-02 4.19018674E-01
29 13 3.74806837E-02-3.01094935E-01 6.63206326E-03 1.11363151E-02-1.71645738E-02
29 14 7.15834045E-02-6.54036322E-03-2.14774890E-02-2.29098380E-02-3.23308844E-02
29 15 5.52008177E-02-5.91198571E-02
30  1-4.75253818E-04 2.74104351E-03 7.04861292E-03 5.57375926E-02-3.32812575E-02
30  2-1.22647911E-02-1.44760039E-02-1.22470017E-01 7.34209720E-02 2.28475783E-02
30  3-2.14098625E-02-1.00722603E-01 4.53674106E-02-1.62988841E-02 1.67640768E-02
30  4 3.07594086E-02 5.58422740E-02-5.30908725E-02 1.10496726E-01 8.70638582E-03
30  5 1.12293076E-02-7.46787668E-02 3.70775727E-03 2.81640520E-03-1.00677411E-01
30  6-4.75980523E-02 2.21084410E-02-2.20059996E-02-1.22990232E-02 6.16896343E-02
30  7 8.69919044E-02 6.66441199E-03-1.41190895E-03 3.27394016E-01 1.94289737E-01
30  8 2.52988146E-01-5.60480809E-02 3.76675609E-01 2.32706673E-01 2.90181015E-01
30  9-1.47280961E-02-6.97840987E-02-1.39029208E-02-4.73461419E-02-1.24531196E-02
30 10 2.34999234E-03-2.86945003E-02 1.88404545E-01 5.37955109E-02 1.17377346E-01
30 11-3.76397808E-02 2.15425479E-01 8.89254270E-02 2.55386273E-03-9.16914964E-04
30 12 1.84346875E-02 2.04802035E-02-1.82358619E-02-1.72771192E-02 2.95838802E-02
30 13 2.47140143E-02-2.14868334E-02 9.07366194E-03 1.06926666E-03 6.62367015E-03
30 14 7.70762244E-03-1.79831408E-02-6.62709983E-02-1.22507000E-01-1.73053940E-01
30 15 1.73865600E-02 2.99185206E-02
 $END   
 $GRAD  
E=     -762.3137332945  GMAX=   0.0071243  GRMS=   0.0020386
CL          17.    2.5046080898E-05    2.8333889355E-04   -1.4381128984E-04
C            6.    6.2111463636E-05    1.4424145853E-03    1.4911072756E-04
C            6.   -1.2568760097E-03   -2.3578414562E-03    1.0165856619E-03
O            8.   -5.4686492526E-04    2.0219208847E-04   -5.8069724572E-04
H            1.    1.1379008200E-04   -5.3545816135E-04   -2.4977701410E-04
H            1.    4.2345039304E-05   -1.0232863656E-04   -1.7012438359E-04
O            8.    3.0421239406E-03    6.6628858352E-03   -4.3543290529E-03
O            8.   -6.4072768727E-04    2.3122675368E-04    9.9192495053E-05
H            1.    5.6044696343E-05    5.0035064678E-05   -5.7137602845E-05
H            1.   -2.0434072457E-03   -7.1243370628E-03    4.4035887510E-03
H            1.   -7.3404972764E-05    5.9348013782E-04    4.1578828647E-04
H            1.    8.1012951773E-05    8.4857527932E-04   -7.4660029623E-04
H            1.    1.1388066363E-03   -1.9418329359E-04    2.1821099283E-04
 $END
-------------------- DATA FROM NSERCH=  11 --------------------
 COORDINATES OF SYMMETRY UNIQUE ATOMS (ANGS)
   ATOM   CHARGE       X              Y              Z
 ------------------------------------------------------------
 CL         17.0   3.1060656557   0.7129114235   0.4020276595
 C           6.0   2.7489282226   0.1211584619  -1.3474528745
 C           6.0   3.3511340196   1.0894302595  -2.3387868483
 O           8.0   2.6774833006   2.3165104619  -2.2885936388
 H           1.0   1.6654584243   0.0914376247  -1.4372780956
 H           1.0   3.1971379203  -0.8642253299  -1.4304904225
 O           8.0   3.2303954331   0.4780410573  -3.6859917486
 O           8.0   3.7659029767   2.8099249100  -4.5253097553
 H           1.0   3.1898513621   3.1552551286  -5.2439029567
 H           1.0   3.6633908024   1.7924751778  -4.4889724164
 H           1.0   2.2681393339   0.3271421272  -3.8686339098
 H           1.0   4.4338244492   1.1631032562  -2.2119192552
 H           1.0   3.0717154063   2.8421501551  -3.0841070800
--- CLOSED SHELL ORBITALS --- GENERATED AT 10:09:36 30-JUL-2026    
Chloroacetaldehyde hydrate and water                                            
E(R-WB97X-D)=     -762.3137633389, E(NUC)=  315.8741675314,    7 ITERS
 $VEC   
 1  1 9.85802667E-01 5.34290609E-02-2.08902102E-05-4.07484127E-05-1.72879543E-04
 1  2-1.87714003E-02 6.08073309E-05 1.24972565E-04 6.47852606E-04 1.02709654E-02
 1  3-2.42024931E-04-4.72878660E-04-1.79229563E-03-3.31723525E-05-4.20830872E-04
 1  4-6.94355583E-06-1.79398626E-05-1.44673817E-04 7.73019690E-04 2.87541366E-05
 1  5 3.35689577E-04-1.44679579E-03 7.85634682E-05 6.28961325E-04-2.26111344E-05
 1  6 1.91786038E-05 3.42619468E-04-1.95370139E-03 5.89520964E-04-2.21018601E-05
 1  7-1.81462955E-03-1.89501401E-05-1.34686277E-04-2.09064253E-05 1.34059438E-05
 1  8 2.71171160E-05 6.43176685E-04 1.61960845E-04-2.91248899E-04 1.09790472E-04
 1  9 1.54314864E-04-8.15922999E-04 2.05377402E-04-7.64501545E-04 1.29934796E-05
 1 10 1.28183260E-04 1.98532674E-05 1.29996929E-05 4.62452368E-05-4.98003013E-04
 1 11-1.09942219E-04-9.82224411E-05-2.38321742E-04-1.37005514E-06-7.49982019E-06
 1 12-1.42975222E-06-3.08015861E-06 2.58564412E-05 6.45558083E-05 4.66824674E-08
 1 13-1.13080577E-05-7.87896766E-05-3.35485875E-05 2.98820653E-05 4.18509451E-05
 1 14-2.38668053E-04-2.18721096E-05-4.26037693E-05 2.91695458E-04-2.77562793E-04
 1 15-4.24577489E-05 2.01377451E-05
 2  1-9.10691252E-06 6.16165324E-05 1.50619664E-05 3.50849661E-05-6.44484206E-05
 2  2-9.65498644E-04-8.51027820E-05-2.07911348E-04 4.44253429E-04 1.44181833E-03
 2  3 2.76308691E-04 7.29391086E-04-1.51528383E-03 2.59899250E-04 8.78806220E-04
 2  4-2.87418603E-04-2.46653459E-04 8.01943140E-04-7.78486790E-03-6.96559252E-04
 2  5-2.08693148E-03 3.74648377E-03-1.12897161E-03-4.82081855E-03-1.04446275E-04
 2  6-3.14370597E-05-1.46019676E-03 2.50271983E-02-4.37858009E-03-5.78019287E-03
 2  7-8.56956725E-03 5.39911710E-03 1.92641394E-03-1.07302559E-04-3.40671714E-04
 2  8-3.65318811E-04-5.05073649E-03-2.49012343E-04 3.39325928E-03 2.29136008E-03
 2  9 9.90531800E-04-7.59577506E-04 3.85565971E-04 5.12845152E-05 9.82600054E-01
 2 10 1.04943399E-01-2.00165002E-03 1.65273019E-03 2.10274471E-03-5.06542052E-02
 2 11 3.73093655E-03-5.47820872E-03-7.62527965E-03 5.67453128E-03 1.83789107E-03
 2 12 1.18069084E-04-5.58389598E-04 3.62454318E-05-3.98330084E-03-2.24485958E-04
 2 13 2.96266098E-03-2.77262637E-04 3.43983236E-04-1.30010128E-03 6.18360826E-04
 2 14 6.19230826E-03 3.41407287E-03 4.64415036E-03-1.55594769E-03-1.46648306E-03
 2 15 4.48793518E-04-1.01472473E-03
 3  1 6.31934690E-06-5.00852476E-05-2.27009906E-05 2.54480745E-05 3.91833542E-05
 3  2 4.64723121E-04 1.53519772E-04-1.26678597E-04-2.39016099E-04-5.75670481E-04
 3  3-6.82821869E-04 4.41828998E-04 3.51173681E-04 2.01583491E-04 7.20481338E-04
 3  4-5.32665720E-04-5.76073797E-04 4.52878286E-04-6.32397254E-03 3.25110251E-03
 3  5-3.82103214E-03 2.26373730E-03-9.26780837E-04-3.75094019E-03-3.27169383E-04
 3  6 2.02898182E-03-1.91218950E-04 2.33624750E-02-1.01625618E-02 8.60089538E-03
 3  7-6.13952704E-04 9.62816646E-01 1.03650302E-01 2.65784359E-03-1.78039370E-03
 3  8-2.17937298E-03-5.33926319E-02-7.50850423E-03 7.09355879E-03 5.82868157E-03
 3  9 9.09029201E-04 1.81268526E-03-4.87558546E-04-1.57351980E-04-6.01127792E-03
 3 10 9.31403719E-04-2.34243218E-04 5.12134322E-04 6.73929327E-05-4.83358692E-03
 3 11 1.43095874E-03-3.45923224E-03-1.93678613E-03 1.96748611E-01 2.18082756E-02
 3 12-5.98610122E-04-2.83982487E-04 5.10263091E-04-1.14266140E-02 1.72593517E-03
 3 13 8.65656346E-04-2.57230921E-03 7.61346901E-04 2.33091044E-04 9.09692414E-04
 3 14 1.24788368E-03 9.09203250E-04-1.45102572E-03-9.10305750E-04 1.07882310E-04
 3 15 3.16443320E-03 9.35586559E-03
 4  1-9.58440256E-07 8.00615276E-06 1.47683905E-05-9.66295830E-06-6.28649383E-06
 4  2-6.65393759E-05-8.26240481E-05 4.62518045E-05 4.16883435E-05 4.17184029E-05
 4  3 2.05178472E-04-8.25642886E-05-2.27961802E-05-3.33381371E-05-1.49691204E-05
 4  4 5.04180674E-05 2.19432121E-04-2.04465973E-04 1.22581766E-03-3.34640153E-04
 4  5 6.40311018E-04-3.54522277E-04 2.84095658E-04 1.39486739E-03 9.16028655E-05
 4  6-4.47574506E-04-2.97362585E-05-6.78714741E-03 2.44545093E-03-2.26869565E-03
 4  7 6.86082699E-04-1.96580190E-01-1.99161942E-02-4.62885570E-04 8.75158569E-04
 4  8 1.52380956E-04 7.05269965E-03 9.00592032E-04-3.78361253E-03 7.59975481E-04
 4  9-1.94940890E-04 3.67477068E-05 1.18124662E-04-1.97646960E-04-4.29734758E-03
 4 10 3.91927194E-04 3.90674168E-04 4.28915878E-04-5.77437205E-04-1.32191108E-03
 4 11-1.53996970E-03-1.61765379E-03 2.64218098E-03 9.62504632E-01 1.00961074E-01
 4 12-2.10719345E-03-1.70683551E-03-1.24563028E-03-4.33934029E-02 4.38740721E-03
 4 13 4.50593295E-03 2.20170236E-03 2.93848813E-03 5.70673499E-03 2.34194663E-03
 4 14 1.05986904E-02 3.22139217E-04-1.11076321E-03 5.53752261E-04-7.07753574E-04
 4 15-4.04059860E-04 4.98514248E-03
 5  1 7.59214965E-05-9.85463014E-05-6.48881667E-06 4.27379087E-05-2.12254610E-04
 5  2-2.19072839E-03 5.43317177E-05-2.82435168E-04 1.44976200E-03 2.86686230E-03
 5  3-6.01626175E-04-1.34170920E-04-2.21079773E-03-1.00011390E-02-4.20840123E-03
 5  4-2.13037288E-04-2.94486866E-04 9.54700558E-05 2.59126051E-02 6.67187804E-03
 5  5 1.00082988E-02-1.25235600E-02 9.86569374E-01 1.10677136E-01-1.61711473E-04
 5  6-7.84282305E-04 5.06972299E-05-8.59505686E-02 2.32594560E-03 1.00064677E-02
 5  7-6.08374450E-03-5.26055220E-05-4.47668801E-04 3.71662634E-04 1.34707999E-04
 5  8-2.44061216E-04 7.96014827E-03-3.70673151E-04-3.49286779E-03 1.31150459E-03
 5  9-1.53496776E-03 1.40793091E-03-1.60642236E-03 1.31660244E-03-1.94612241E-04
 5 10-9.34187279E-04-3.49143741E-05 3.34926378E-04 1.66760132E-04 9.83360764E-03
 5 11 4.99637567E-04 6.80678749E-04 5.05359092E-03 5.39215470E-05 4.43173785E-04
 5 12 1.25172394E-05 1.14058992E-04-8.94841806E-05-1.69682178E-03 1.48561557E-04
 5 13 1.92940223E-05-9.69575135E-05 4.82488405E-04-7.93296545E-04-4.00334351E-04
 5 14 2.40742118E-03-6.52034403E-04 3.31677846E-03-1.77009868E-04 1.67683349E-02
 5 15-4.52923401E-05 3.43478992E-03
 6  1-2.06415486E-05-1.79122860E-04 6.35533968E-05 1.05175036E-04 3.26025146E-04
 6  2-2.15339608E-03-3.79166679E-04-6.28284248E-04-1.88090256E-03 1.30978406E-02
 6  3-1.37052536E-03-2.28644765E-03-8.67129427E-03 9.86481429E-01 1.11935750E-01
 6  4 3.37098017E-04 5.67699483E-04 1.11531359E-03-8.99888260E-02-3.14466465E-03
 6  5-5.04151643E-03 2.47431032E-03 9.33507523E-03-1.81437300E-03 2.73641363E-04
 6  6 3.14440857E-04-2.50548682E-05 2.29161958E-02-5.50594806E-03-9.16149600E-03
 6  7 8.96866745E-03 3.65519535E-05-7.64852009E-06 6.29949346E-05 5.42929156E-04
 6  8-3.74162730E-04-1.29764528E-03-2.77925138E-04-6.20370912E-04 8.42034786E-04
 6  9-7.31424473E-05 1.54936177E-02-9.72122168E-05 1.55375052E-02 2.22636893E-05
 6 10-9.64290325E-05 2.03795558E-04 1.77222248E-04-4.37195006E-04-1.01277548E-03
 6 11-5.37119405E-04-4.94610008E-04 9.43864411E-05 2.32413963E-05 1.82374268E-04
 6 12-5.18090875E-05 4.30207974E-05-1.03046984E-04-7.83901056E-04 2.30242346E-04
 6 13 3.83491268E-05 2.67692342E-04 3.22563510E-04-3.30152330E-04-1.04799770E-04
 6 14 1.50646061E-03-5.17136426E-04 1.88679478E-04-1.30828100E-03 9.09847419E-04
 6 15 5.28576740E-04 1.35359057E-03
 7  1-3.05120571E-01 9.77063721E-01-1.69869868E-03-3.07061701E-03-8.47185858E-03
 7  2 1.54302897E-01-6.52518097E-04-1.26620971E-03-5.19306787E-03-6.77736843E-02
 7  3 1.74372554E-03 3.33788568E-03 1.20123680E-02 1.19487019E-05 1.69067639E-03
 7  4-3.87833263E-05-7.81469685E-06 4.26033875E-04-2.29381197E-03 2.34633870E-04
 7  5-1.39037143E-03 9.62904878E-03-4.57442455E-05-3.28102916E-03 1.42020149E-04
 7  6-1.30481662E-04-1.95473485E-03 1.04364600E-02-3.50097707E-03 2.39979722E-04
 7  7 1.04738748E-02 9.62161833E-05 6.48847011E-04 8.91993206E-05-8.01438267E-05
 7  8-1.29366441E-04-3.49508902E-03-8.48107148E-04 1.64897639E-03-6.33567083E-04
 7  9-9.86308762E-04 4.92863207E-03-1.28296019E-03 4.59119278E-03-7.55816798E-05
 7 10-6.93634383E-04-1.02740884E-04-5.32276049E-05-2.64506086E-04 2.99562176E-03
 7 11 6.29552686E-04 5.45349444E-04 1.57225875E-03 8.30839009E-06 4.93906814E-05
 7 12 8.22729430E-06 9.86688424E-06-1.26801691E-04-3.97769253E-04-5.68476299E-06
 7 13 9.81055852E-05 4.19303632E-04 1.81484934E-04-1.92106423E-04-2.27039663E-04
 7 14 1.43152848E-03 6.39052042E-05 4.12750932E-04-1.59431283E-03 1.89209275E-03
 7 15 1.92085796E-04-9.04007634E-05
 8  1-3.26101218E-03 1.10393190E-02 1.82132332E-01 3.01156272E-01 9.04627716E-01
 8  2-3.16424880E-03 1.66736419E-02 2.76324275E-02 8.42596251E-02 4.61243904E-03
 8  3-5.37301252E-03-9.07452741E-03-2.89322444E-02-7.14260804E-04-4.38345916E-03
 8  4-3.30395646E-05-9.70000168E-05-3.39941166E-04 9.18208822E-03 1.39468129E-03
 8  5 3.14084398E-03-2.98880040E-03 3.77499762E-04 2.73461465E-03 1.63762429E-05
 8  6 1.00737327E-04 9.18272418E-04-1.07632591E-02 2.03549288E-03 8.38125827E-04
 8  7-8.55963731E-03-6.61869075E-05-3.82106760E-04-1.12880538E-04-8.13194064E-05
 8  8 1.10726872E-04 2.40764944E-03 8.12183077E-04-7.98386627E-04 3.12497889E-04
 8  9-2.18165235E-04-3.82223234E-03-7.45213523E-05-3.60277944E-03 3.67778377E-05
 8 10 2.90837173E-04 7.53162363E-05 1.17714447E-04 1.26805708E-05-1.69010706E-03
 8 11-4.22747205E-04-6.72545023E-04-3.43848950E-04-6.16816331E-06-3.56478170E-05
 8 12 2.85600572E-06-2.35169240E-05 8.47438486E-05 2.96379065E-04-2.90904610E-05
 8 13 2.79859881E-06-2.78018213E-04-1.41496545E-04 1.38724819E-04 2.11394788E-04
 8 14-9.99999808E-04-3.02679133E-04 3.16183002E-04 1.18903873E-03-3.23523328E-04
 8 15-2.12936234E-04-2.25523359E-04
 9  1 3.16889833E-06-5.84764759E-05 7.19386170E-01 5.62272682E-01-3.31827422E-01
 9  2 4.59004187E-04 6.45111834E-02 5.04543153E-02-3.02645148E-02 2.21385719E-04
 9  3-2.02151694E-02-1.59338971E-02 9.30551180E-03 2.02610615E-05 1.36437032E-04
 9  4-4.23155945E-05 8.81369636E-05 5.22880709E-04-7.20837258E-04 9.67691340E-04
 9  5-9.39189906E-04-2.20622897E-03-1.00770979E-04-1.00059709E-03 9.07294102E-05
 9  6-1.31414601E-04-8.84055937E-04 9.25022883E-04-9.84019861E-04 2.07718178E-03
 9  7 5.08571630E-03 3.22219678E-05 1.63655695E-04 7.22661779E-05 2.08901114E-05
 9  8-8.40495749E-05-1.36522024E-03-5.72966164E-04 4.53607093E-04-2.15669215E-04
 9  9 6.57356786E-04-1.77958148E-03-8.37242992E-06-1.01037389E-03-5.46885854E-05
 9 10-3.96526756E-04-8.92652627E-05-9.86857175E-05-8.16752432E-05 2.08084851E-03
 9 11 4.96286124E-04 6.60562372E-04 9.71501703E-04-1.49833705E-06-1.83914982E-05
 9 12 1.45237237E-05 1.42047501E-05-3.92678225E-05-1.86584037E-05-4.48386418E-05
 9 13-2.39880160E-05 1.46967521E-04 3.31140546E-05-3.01747881E-05-6.28894975E-05
 9 14 3.39115441E-04-1.05485667E-05 5.35397601E-04-1.01474726E-03 2.27278240E-03
 9 15 1.52650764E-04-1.47911904E-04
10  1-5.18883244E-05 1.60179492E-04-6.27025230E-01 7.32746149E-01-1.17642998E-01
10  2 7.18100263E-05-5.60769736E-02 6.55936757E-02-1.06731635E-02 2.14843367E-04
10  3 1.70677610E-02-2.02569243E-02 3.19011355E-03-2.13781859E-06 8.45488310E-06
10  4 5.07790865E-05 1.58723565E-05 1.66416245E-04 3.01527944E-04-1.35800341E-03
10  5 1.07666233E-03-1.03663687E-03-4.92188786E-05-6.08796345E-04-1.63313173E-05
10  6-2.13849603E-04-2.06492584E-04 1.33036268E-03 1.17921433E-03 9.40291912E-04
10  7 9.10881590E-04-1.86727788E-06-1.17686022E-04 6.20283436E-05 1.16069557E-04
10  8-3.92071352E-04-2.05114085E-04-4.02852348E-04-3.01839563E-04 1.14360969E-03
10  9-5.95289380E-04 1.22604377E-03 7.59600049E-04-2.02010854E-03-1.54907618E-05
10 10-1.35807823E-04-1.44934372E-05 2.99739620E-05-4.95263285E-05 5.48683066E-04
10 11-1.18243806E-05-8.48745885E-05 2.76468467E-04 8.05978546E-06 6.99663009E-05
10 12-1.98694025E-06-5.94509254E-06 2.72464455E-05-2.13804801E-04 2.13758240E-05
10 13 5.25749039E-05-1.20044659E-04 1.53317486E-05-8.08192874E-05-2.70975773E-05
10 14 2.23752713E-04 5.31964696E-05-1.34898722E-04-1.03720879E-05-1.56710942E-03
10 15 2.92278637E-04 3.84300654E-04
11  1 1.84539350E-03-1.04721002E-02 3.26092923E-04 1.92820190E-04 3.43372374E-03
11  2 1.45448782E-02-5.61070834E-04-2.37603723E-04-7.11030375E-03 3.74095694E-03
11  3 8.79242510E-04-3.36276871E-04 2.53753642E-03-2.46823323E-02 2.18891860E-02
11  4 7.16759891E-03 1.54414761E-02-1.91928985E-02 5.08707323E-02-1.04870043E-02
11  5 7.59199984E-03-6.29800878E-03-9.81678625E-02 1.07004205E-01-3.56281354E-02
11  6 1.87141967E-02-4.85513796E-02 1.54309682E-01 1.31270171E-02-7.60145249E-03
11  7 4.15513181E-04-1.17539861E-01 1.05337013E-01 4.09151495E-02-3.91725378E-02
11  8-3.24174036E-02 3.57992067E-01 4.45435251E-02-4.11311163E-02-4.36611374E-02
11  9 5.73638383E-03-5.35787784E-03 7.67013542E-03-3.43650455E-04-1.65240268E-01
11 10 1.51203961E-01-5.01699320E-02 2.85313927E-02 4.53902423E-02 5.04572736E-01
11 11-5.41008638E-02 4.16920737E-02 4.94842713E-02-4.35088091E-02 3.80871715E-02
11 12-1.30383890E-02-1.37852800E-02-2.94178597E-03 1.34326394E-01-1.58213047E-02
11 13-1.68650945E-02 3.71466269E-03 1.74011650E-02 6.33646783E-03 3.46068627E-02
11 14 7.24953108E-03 7.48707832E-02 1.18232036E-02 2.68809197E-02-1.19968382E-02
11 15 4.84314635E-02 2.94767365E-03
12  1 1.47599845E-03-8.40465296E-03 3.93609460E-04-3.62725374E-05 1.79697985E-03
12  2 8.60527605E-03-9.08030713E-04-4.90048591E-04-2.12609964E-03 6.31787187E-03
12  3 2.08643655E-03 3.37154670E-03-2.06283094E-03-2.14009610E-03 1.50086028E-03
12  4-1.23282950E-03 8.97784794E-03 5.47946793E-03 5.28369984E-03-6.29568226E-03
12  5 1.73948967E-02 1.21847968E-02-1.76369422E-02 1.61959322E-02-2.65854557E-02
12  6 9.27668064E-02 5.09449822E-02 3.04974607E-02 6.61075137E-03 6.64558929E-03
12  7-2.56953488E-03-1.53187657E-01 1.40960438E-01 4.97934064E-02-2.44041047E-02
12  8-3.74755644E-02 4.80333033E-01 5.62699362E-02-3.13496391E-02-3.99872472E-02
12  9 7.25179295E-04-2.41403963E-03 4.43097600E-04 3.02466904E-03 1.48971778E-01
12 10-1.39578178E-01 5.32091026E-02-3.77324063E-03-2.42018132E-02-4.74434940E-01
12 11 4.81671480E-02-7.80164607E-03-3.81592885E-02-9.14487812E-02 8.33453841E-02
12 12-2.79179891E-02-1.35213839E-02-1.51731434E-02 2.87887323E-01-2.94497550E-02
12 13-1.83773344E-02-1.01473596E-02 4.61563641E-02 1.19062780E-02 2.70967598E-02
12 14-3.14234113E-03-8.11611065E-02-1.35920683E-02 2.56788351E-03-6.29100596E-03
12 15 7.45462020E-02 1.66701492E-02
13  1-2.15363356E-03 1.23018499E-02-4.51119354E-04-2.65403766E-04-3.00884510E-03
13  2-1.53958036E-02 9.56001043E-04 7.28375785E-04 5.61418337E-03-7.69864410E-03
13  3-1.39736469E-03-1.65019409E-03 2.74020094E-04 1.27271351E-02-1.31940858E-02
13  4-2.42313022E-03-1.05348406E-02 4.21742559E-03-1.55674077E-02 8.90819127E-03
13  5-4.96573806E-03-8.61614899E-03 3.75271388E-02-4.17468897E-02 2.43237657E-02
13  6-4.48682522E-02-1.33127057E-02-6.97764784E-02 3.15454573E-03 1.16346561E-02
13  7-1.47030931E-02 9.72891928E-02-8.92077689E-02-3.00755161E-02 2.82753058E-02
13  8 1.61125395E-02-3.08971460E-01-3.54975868E-02 2.78422260E-02 2.08528496E-02
13  9-4.37589118E-03 2.82715611E-03-4.67880763E-03-2.97516074E-04-2.77589057E-02
13 10 2.44784284E-02-6.50435268E-03 4.32074814E-03-8.30168440E-03 9.33301783E-02
13 11-3.50668643E-03 7.38418244E-03-6.43947777E-03-2.05317271E-01 1.91659862E-01
13 12-5.83188058E-02-4.07701281E-02-5.02812380E-02 6.35583256E-01-5.90352871E-02
13 13-4.67508384E-02-4.68213008E-02 1.07952023E-01 2.36089100E-02 9.55256974E-02
13 14 1.48786536E-02 1.33776400E-02 6.10931495E-03-1.11130615E-02 6.66958944E-03
13 15-1.70176146E-02 6.03101251E-03
14  1 6.37352099E-02-3.67721720E-01 8.47602427E-03 1.49998757E-02 4.54894597E-02
14  2 4.69201490E-01-1.73295356E-02-3.02432568E-02-9.21580823E-02 3.14982749E-01
14  3-1.05359827E-03-4.20483348E-03-8.21023666E-03-1.26415379E-01 1.08461583E-01
14  4 1.76779560E-02 2.53033710E-02 4.10757500E-02 3.86560751E-01 2.11013832E-02
14  5 2.44456125E-02 4.09052516E-02-3.45220465E-02 4.03925667E-02-5.96948100E-03
14  6-4.62971885E-02 5.40131801E-02 4.77875937E-02 5.05843969E-03-5.23780681E-03
14  7-9.60102599E-03 3.48527869E-02-3.16405115E-02-1.01047142E-02-1.29906162E-02
14  8 2.33415637E-02-1.18843388E-01-1.08809758E-02-3.31418416E-03 2.24185342E-02
14  9 5.21662358E-02-1.33771364E-02 5.27863387E-02-1.68958739E-02 2.10844035E-02
14 10-1.86307077E-02 1.11414474E-02-4.25242513E-03 1.17069348E-02-7.85157625E-02
14 11 9.84941952E-03-8.55218137E-03 3.99276585E-03-9.15045702E-03 8.53324110E-03
14 12-1.93418014E-03 2.65507476E-04-6.42658660E-03 3.18229786E-02-1.38482190E-03
14 13-5.65653036E-04-7.10058491E-03 6.78822457E-03 3.05654373E-03 1.16620871E-03
14 14-7.72895711E-03-1.48253581E-02-5.46032059E-03 1.98729332E-02-2.79852276E-03
14 15-2.42357262E-02-1.20954121E-02
15  1 4.74251070E-02-2.76298944E-01 1.04870347E-04-3.97349600E-04-1.30006062E-02
15  2 3.41215589E-01-9.97454151E-04-1.21905154E-03 2.39707218E-02 3.31703402E-01
15  3-3.70872355E-03-4.38815487E-03-1.29273284E-02 1.23659266E-01-1.26949930E-01
15  4-1.93085061E-02-1.91928225E-02 1.07281529E-01-3.32516763E-01-5.70019248E-03
15  5 1.02326967E-02 3.19382581E-02 1.14844779E-01-1.14889983E-01 7.66253887E-03
15  6 8.65729835E-02-7.07132991E-02-3.20386204E-01 2.32633039E-03 4.29441105E-02
15  7-3.18501392E-02-4.81549166E-02 4.16921003E-02 4.09056967E-03 5.96455474E-02
15  8-4.23885678E-02 1.89420015E-01 8.97325121E-03 3.24353069E-02-3.56923973E-02
15  9-6.95995174E-02-5.88356638E-03-7.33330723E-02-2.06593833E-04-4.70385254E-02
15 10 4.18757063E-02-4.77837490E-02-5.77188791E-03-7.30499644E-02 1.84501151E-01
15 11-4.18004328E-02 1.64618110E-03-4.63252900E-02 1.03464098E-02-9.22746051E-03
15 12 1.14215831E-03-5.17086804E-03 1.44456852E-02-4.05157863E-02-6.79839402E-04
15 13-2.16047451E-03 1.28198229E-02-1.22208613E-02-6.97338026E-03 5.91968013E-03
15 14 1.69753780E-02 5.32336050E-02 3.43928023E-02-6.50293436E-02 8.67530832E-04
15 15 5.07295440E-02 3.25784827E-02
16  1 1.79227310E-02-1.05288991E-01-1.42238128E-02-1.65062173E-02-2.59340330E-02
16  2 1.31251707E-01 2.84268290E-02 3.33710207E-02 5.02901265E-02 1.49409414E-01
16  3 1.37252200E-02 1.25291281E-02 1.24488925E-02 1.07124634E-01-9.52491989E-02
16  4 8.38757757E-02 7.50699971E-02-1.48214863E-02-4.01388543E-01 4.39605420E-02
16  5 2.29036895E-02 9.33194612E-03-1.20545980E-01 1.17419212E-01 1.28804771E-01
16  6 1.85829433E-02-5.80532009E-02 4.30953008E-01 8.69016126E-02-6.37399508E-03
16  7-1.52771858E-02 4.70988324E-02-4.24426585E-02 4.50534207E-02-6.74658622E-02
16  8 2.01558689E-02-1.90789039E-01 3.31548935E-02-4.90056559E-02 1.74513893E-02
16  9-1.10704525E-01-3.70760510E-02-8.48523864E-02-2.79137169E-02 1.68925970E-02
16 10-1.51982757E-02 1.44331582E-01 7.83580529E-02 1.15785884E-01-8.11163999E-02
16 11 1.25096738E-01 6.80419123E-02 9.00743872E-02 6.16659665E-04-1.65001466E-03
16 12 9.48226337E-03-1.82887056E-02 4.65985205E-03 3.00325305E-03 1.05746793E-02
16 13-1.81002231E-02 8.34972670E-03-9.23711588E-03-4.88598371E-03 1.56685562E-02
16 14 2.78679013E-03-1.13904845E-01-7.59364294E-02 1.35404390E-01 3.23033670E-02
16 15-3.98723432E-02-3.95205694E-02
17  1-5.19149788E-03 3.07267533E-02 1.85740202E-03 2.61325248E-02 1.11139381E-02
17  2-3.63479778E-02-3.70174120E-03-5.36648247E-02-2.18897749E-02-5.66566064E-02
17  3-1.35005982E-03-2.91907792E-02-1.75190180E-03-4.32281431E-02 3.32978464E-02
17  4 1.45388333E-02-1.58218471E-01 4.71749877E-02 2.14743621E-01 3.72443972E-02
17  5-9.01357176E-02 2.00507782E-02 3.89588033E-02-4.27102687E-02 1.50171955E-01
17  6-7.07676593E-02-1.09831893E-01-1.36163652E-01 1.21181080E-01-1.05009915E-03
17  7-1.08656122E-01-1.51142216E-03-1.33383635E-03 2.12267541E-02 1.96330850E-01
17  8-1.35092486E-01 1.89199864E-02 2.02088751E-02 1.66877311E-01-1.18999269E-01
17  9 2.22709805E-02 8.08602372E-03 1.07680234E-01 4.97649076E-02-1.29065500E-02
17 10 1.09323633E-02 1.54394408E-01 6.39102043E-02 3.68910329E-02 4.94270119E-02
17 11 1.40222230E-01 5.97557631E-02 3.02045273E-02 1.06089289E-02-1.21728815E-02
17 12 3.27903250E-02-1.07677784E-01 1.25554704E-01-3.76721577E-02 2.54809642E-02
17 13-9.58696529E-02 1.21634138E-01-1.02379785E-01-6.84263099E-02 7.63007862E-02
17 14 6.30147860E-02-9.86682186E-02-6.04289583E-02 3.71907858E-02 2.31917779E-02
17 15 1.38375549E-01 1.01427467E-01
18  1 3.34300252E-03-1.98083885E-02-1.58499319E-02 5.22142985E-03-1.56478810E-02
18  2 2.30335746E-02 3.30651179E-02-1.09432570E-02 3.21689451E-02 4.09261381E-02
18  3 1.67990506E-02-9.91194274E-03 1.04374385E-02 7.91904234E-03-5.05200393E-03
18  4 9.24027163E-02-7.00603041E-02-2.18214511E-02-5.68689304E-02 6.46532480E-02
18  5-7.15712759E-02-2.52177358E-02 4.26214114E-03-4.06710347E-03 8.68604067E-02
18  6-1.08653456E-01-3.86304426E-02-3.02752231E-03 4.43435109E-02-8.76965518E-02
18  7 1.21231897E-02-2.11849804E-02 1.82696282E-02-9.42449864E-03 1.46282457E-01
18  8-6.09702219E-02 9.13133529E-02-5.57667085E-03 1.29908502E-01-5.22467088E-02
18  9-5.66789510E-02-2.97070724E-02 5.31305147E-02 3.20840233E-02-8.82470801E-03
18 10 1.01876113E-02 5.18521784E-04-9.21341848E-02 1.10057585E-01 3.52860684E-02
18 11-2.09325734E-03-9.62999059E-02 1.12906935E-01-1.06620415E-03 2.11842842E-03
18 12-9.69018295E-02 2.77479344E-01-1.22319470E-01 1.37727697E-03-8.53428152E-02
18 13 2.55907263E-01-1.12607387E-01 1.67445696E-01 1.22036379E-01-1.87125242E-01
18 14-1.58927448E-01-7.91209047E-05-1.96966955E-03 3.42184525E-02 1.88692696E-02
18 15 7.15158335E-02 7.54805361E-02
19  1-7.39807331E-03 4.37154779E-02-2.80538166E-02 4.56302797E-03 4.56288347E-02
19  2-5.45626439E-02 5.83112781E-02-9.82577570E-03-9.56652427E-02-7.12214066E-02
19  3 4.04347747E-02 2.87054454E-04-5.12576869E-02-3.83537649E-03-1.54470785E-03
19  4 2.00590051E-01 1.17018988E-02 3.33743648E-02 2.66815874E-02 1.58814509E-01
19  5 1.13518814E-02 2.14998713E-02-4.97064040E-03 6.85231562E-03 1.72941241E-01
19  6 3.20525056E-02 2.21584733E-01 1.00579008E-02 1.53140345E-01 3.37447568E-02
19  7 1.51348445E-01-5.45379939E-03 4.10967683E-03 6.31413513E-02 6.84740814E-02
19  8 6.39011536E-02 2.55173517E-02 5.85711480E-02 6.02363967E-02 6.08076612E-02
19  9-1.18179457E-01-7.25054488E-02 4.39437502E-02 2.45215409E-02-6.60664360E-03
19 10 7.24998372E-03-1.10075436E-01-1.17349164E-01-2.18784069E-01 2.81245521E-02
19 11-9.99816752E-02-1.15789867E-01-2.11041162E-01-1.30015015E-03 2.33715606E-03
19 12 2.10383272E-02-4.71548558E-02 3.06028121E-02 1.31151754E-05 2.06021014E-02
19 13-3.88296627E-02 2.48990493E-02-3.40029300E-02-2.77426971E-02 3.00203102E-02
19 14 3.80656820E-02 1.20425104E-01 9.71042388E-02 1.20066674E-01 6.46387072E-02
19 15 1.31212137E-02 1.60345016E-02
20  1-9.92174509E-03 5.88447366E-02 4.09046479E-02 4.22061506E-02 6.17480137E-02
20  2-7.37466280E-02-8.62657491E-02-8.94278417E-02-1.28984667E-01-1.10752039E-01
20  3-4.92562813E-02-4.73749417E-02-6.86042239E-02-1.06640210E-02-6.68727016E-06
20  4-1.32445171E-01-9.91280693E-02 1.89665866E-01 9.40198743E-02-1.10989655E-01
20  5-4.09991592E-02 1.58100261E-01 1.46106744E-02-1.08775642E-02 1.29066879E-01
20  6 2.29886409E-01-5.98798019E-02-4.06593373E-02 1.42607342E-01 1.37777553E-01
20  7-4.53281658E-02 1.06539061E-03-4.57258794E-03 9.05955454E-02-9.53629985E-02
20  8 6.86053298E-02 1.78023077E-02 8.68648426E-02-1.00597274E-01 6.91602061E-02
20  9 8.31014000E-02 4.56928464E-02 2.21987337E-02 2.60139847E-02-4.14113025E-02
20 10 3.82237306E-02 1.22988165E-01 5.88578123E-02-1.16552636E-01 1.72934225E-01
20 11 1.21372330E-01 5.49082056E-02-1.17087253E-01 2.16650611E-02-1.59133428E-02
20 12-5.65374787E-02 1.01266616E-01-1.39124662E-01-1.04384600E-01-5.12701231E-02
20 13 1.02351057E-01-1.34132996E-01 1.09241007E-01 7.93633513E-02-4.12108153E-02
20 14 3.26703341E-03-4.55975091E-02-2.30939025E-02 6.99388575E-02 3.54893368E-02
20 15-6.87197760E-02-8.80343251E-02
21  1-3.00168655E-03 1.78093250E-02 5.07809711E-02-4.88945318E-02 3.87873667E-02
21  2-2.00916585E-02-1.07095453E-01 1.02907901E-01-8.27749310E-02-3.57352370E-02
21  3-7.00236393E-02 7.16104762E-02-4.82083671E-02-5.75723504E-03 1.59217162E-03
21  4-1.97615051E-01 2.52204465E-01-7.85021591E-04 3.46790366E-02-1.91857096E-01
21  5 2.26647069E-01-9.22619330E-03 2.76761993E-04-5.91294401E-04 1.06548113E-01
21  6-9.62091544E-02 8.52352540E-02-5.39633884E-03 1.23103757E-01-5.88556176E-02
21  7 5.71285150E-02 7.55378914E-03-6.00843607E-03 3.86714898E-03 1.83739299E-01
21  8-2.00657933E-02-3.21728043E-02-2.35382773E-04 1.76170815E-01-1.04283106E-02
21  9 1.31998306E-01 7.60036511E-02-2.04744256E-01-1.34816532E-01-1.72180987E-02
21 10 1.69766759E-02 4.85245303E-02-7.56492207E-02-3.03589384E-02 7.00211401E-02
21 11 4.92887993E-02-7.97727749E-02-3.04501098E-02-5.48665125E-03 5.11486017E-03
21 12-6.82901497E-03 4.92649901E-02 6.38004841E-02 2.01661125E-02-4.98719857E-03
21 13 5.37019728E-02 6.48086662E-02-1.19124686E-02-1.02268918E-02-2.75651609E-02
21 14-2.12229352E-02-3.92766611E-03 3.89726770E-03 6.92339084E-02 3.98360921E-02
21 15 8.85516080E-02 1.07369579E-01
22  1-2.50548531E-03 1.48944643E-02-1.25997155E-02-1.08283501E-02 3.63183526E-02
22  2-2.03872996E-02 2.75030758E-02 2.10811527E-02-7.55293651E-02-2.79926892E-02
22  3 1.63228080E-02 2.67922936E-02-5.13543382E-02-4.96599782E-03 4.56757967E-03
22  4 1.05321524E-01 6.19956446E-02-8.40011977E-03-1.38805096E-02 6.02557717E-02
22  5 8.44344339E-02 1.14148830E-02 4.36576714E-02-4.48566123E-02-7.53800884E-02
22  6-1.26313435E-01 5.80933642E-02-1.46653245E-01-5.11133872E-02-1.23611172E-01
22  7 6.73446355E-02-7.24291886E-02 6.18535931E-02-1.66361001E-01 5.85849017E-02
22  8 1.46025823E-01 3.29860183E-01-1.65426007E-01 5.59599570E-02 1.56807080E-01
22  9-7.01487621E-02-6.15238872E-02-3.70527242E-03 2.85071852E-02-6.16649727E-02
22 10 5.45660183E-02 2.64036967E-01-4.21834022E-02-2.97658693E-02 2.72946907E-01
22 11 2.76576352E-01-4.85170523E-02-3.13528750E-02 1.62298554E-02-7.47023023E-03
22 12 3.26431540E-03-6.82713170E-02-1.13442428E-01-9.40677529E-02 8.68973740E-03
22 13-5.87108367E-02-1.33506744E-01 2.98704886E-02 6.86160587E-03 5.00817722E-02
22 14 9.49013382E-02-1.37195923E-01-1.05189742E-01-9.21822144E-02-5.84667417E-02
22 15-7.32991247E-02-5.76279615E-02
23  1 1.13583919E-02-6.77290196E-02-7.37450369E-03-4.86266179E-02-1.82511768E-01
23  2 6.76778943E-02 1.66800729E-02 1.03311465E-01 3.90034231E-01 1.87403517E-01
23  3-4.46731451E-04 6.06435656E-02 2.20171511E-01 8.67970859E-03 8.07588398E-03
23  4-1.37192674E-01-1.50527531E-01-1.64451896E-01-1.05247950E-01-1.63333736E-01
23  5-1.38511999E-01-1.83876344E-01 1.96526615E-04-6.82565864E-03 1.02587523E-01
23  6 3.07488729E-02 5.13577426E-02 3.80021444E-02 1.09392602E-01-2.29086585E-03
23  7 8.92016261E-02-2.65644772E-02 2.17259046E-02 1.94686905E-02 1.88152140E-02
23  8 1.17840164E-01 1.26919093E-01 2.01394551E-02 1.67466027E-02 1.26160662E-01
23  9 1.09522079E-01 8.70961363E-02 6.48072067E-02 7.95108538E-02-8.89412130E-03
23 10 9.33118364E-03 4.91883500E-02-1.32686519E-01-6.86241870E-02 3.86023299E-02
23 11 5.72991850E-02-1.48984468E-01-7.00408660E-02-2.03222308E-03 4.73847134E-03
23 12 4.17368827E-02-5.31852401E-02-4.61211958E-02 1.25237141E-03 5.10891260E-02
23 13-4.89787958E-02-5.82753501E-02-5.46763629E-03-1.34205178E-02 2.37178107E-02
23 14 3.47369230E-02 7.59339912E-03 1.46042449E-02 7.25105230E-02 5.67935029E-02
23 15-4.76112888E-02-4.68291228E-02
24  1-1.89557453E-03 1.11402046E-02 2.11007584E-02 3.70970012E-02 2.68819148E-02
24  2-2.02111706E-02-4.47478213E-02-8.02479072E-02-5.65677349E-02-4.74693653E-03
24  3-3.71744512E-02-5.83046513E-02-5.15546142E-02 1.26923994E-02-2.11696244E-02
24  4 4.62829173E-03-4.32960706E-02 7.56801396E-02-2.62193648E-02-2.01913224E-02
24  5-1.51134988E-02 3.31785189E-02 1.21854161E-02-9.40304794E-03-3.83145569E-02
24  6 6.22597601E-02-2.48145642E-02-6.18371363E-02 1.74385374E-02 1.76513547E-02
24  7-2.75676446E-02-8.86934898E-03 1.03565111E-02 2.49694775E-02-8.78329195E-02
24  8 1.08981188E-01 3.23000027E-02 3.28621091E-02-1.11959893E-01 1.40903683E-01
24  9-2.59928186E-02-3.24986440E-02 1.45315925E-02 4.13494034E-02-2.84805380E-02
24 10 2.74620774E-02 7.34676053E-02-1.84392074E-01 8.60737709E-02 1.26810645E-01
24 11 7.79507283E-02-2.19050435E-01 1.03317511E-01-8.12928326E-02 7.28870078E-02
24 12 2.52984017E-01 1.45113038E-01 2.00198198E-01 3.58209542E-01 2.93077574E-01
24 13 1.69409168E-01 2.07036193E-01-1.20538019E-01-1.06583528E-01-8.47688229E-02
24 14-9.72516400E-02-2.61353598E-02-3.96392634E-02-4.18896848E-02-2.63196230E-02
24 15-4.26718607E-02 2.54796861E-02
25  1-2.37517145E-03 1.39418634E-02 8.09938207E-02 6.86287053E-02 3.11120218E-02
25  2-2.36558093E-02-1.73128312E-01-1.48693537E-01-6.64345167E-02-1.09096214E-02
25  3-1.41598737E-01-1.08747949E-01-5.70614762E-02 2.79175442E-02-2.87931134E-02
25  4-3.77179231E-02-3.77154997E-02 1.12771201E-01-1.61676236E-01-5.23846873E-02
25  5-5.82145858E-02 1.04769579E-01-3.50115161E-03-5.03304352E-03 1.47190476E-01
25  6-5.53006122E-02-9.85910199E-02 7.27360482E-02 2.69181918E-02-5.09855500E-02
25  7-3.41197069E-03-4.69069479E-02 4.07920560E-02-1.25146010E-01 1.04385632E-01
25  8 1.14115180E-01 2.08354000E-01-1.38872830E-01 1.27859295E-01 1.21545050E-01
25  9-1.67427621E-03 2.32833111E-02-2.52472787E-02-1.72450868E-02 4.10890829E-02
25 10-3.73293691E-02-1.83412361E-01-2.07135363E-02 2.09064195E-01-1.81873189E-01
25 11-1.90998544E-01-1.96684161E-02 2.40855316E-01-2.80424700E-03 1.91380607E-03
25 12 1.03539649E-01-1.49487181E-01-1.39190903E-01 2.69022301E-02 1.21391117E-01
25 13-1.73462880E-01-1.71868095E-01-1.28445683E-02-9.85765553E-03 4.35450626E-02
25 14-2.13036923E-02 8.00103108E-02 6.53247131E-02 9.87001625E-02 1.09979693E-01
25 15-6.95100997E-02-8.20175541E-02
26  1-1.87046883E-04 1.07613600E-03-1.20171070E-01-1.89532253E-01 7.67925568E-02
26  2-6.56096605E-03 2.58922604E-01 4.07372244E-01-1.64183864E-01 1.27619337E-02
26  3 2.16342704E-01 3.48026042E-01-1.50946313E-01-3.40139029E-03 4.94445417E-04
26  4-4.86206745E-02-8.85386814E-02 2.54570776E-02 3.32557891E-02-8.92840257E-03
26  5-4.64482689E-02-1.39605166E-02 2.31761722E-02-2.24302928E-02 6.25924486E-02
26  6 2.11875056E-02-9.27313777E-02-1.20216662E-01 1.99438945E-02 8.98852036E-02
26  7-3.51347979E-02-1.53781417E-02 1.60845900E-02-3.66304641E-02 5.78880935E-02
26  8 9.22949811E-02 4.97516845E-02-5.06433048E-02 7.09165124E-02 1.06238360E-01
26  9 4.51125601E-02 6.31216541E-02 4.86272071E-02 4.08486491E-02 7.24443227E-03
26 10-1.01122088E-02-6.97610892E-02 1.72131681E-01 3.87507593E-02-7.82601831E-03
26 11-7.29561463E-02 1.96338513E-01 6.39157758E-02-1.63714069E-02 1.57250401E-02
26 12 1.29470457E-01 6.32569863E-02-2.10185043E-02 6.86767864E-02 1.54741380E-01
26 13 7.03497661E-02-2.88418254E-02-1.43257157E-02-1.02193984E-02-2.06169763E-02
26 14-2.06075976E-02 1.89839437E-02 9.05957499E-03 2.10291039E-02 5.06749764E-02
26 15-3.79942821E-02-1.86162144E-02
27  1-2.40492565E-04 1.41465818E-03-2.19677949E-01 1.58671109E-01-1.13640782E-02
27  2-3.10876056E-03 4.73161271E-01-3.41870291E-01 2.46949081E-02 3.94946289E-04
27  3 4.05381663E-01-2.90886439E-01 1.91700657E-02 2.87404974E-03-1.69395589E-04
27  4-1.14514811E-01 6.74644928E-02-2.14178671E-04-3.38331706E-02-6.48998623E-02
27  5 3.16872995E-02 1.20711474E-02-1.50465748E-03-9.32711257E-04 3.48033320E-02
27  6-1.51140326E-02 5.19077165E-03 1.54931301E-02-1.94494229E-02-7.80845086E-03
27  7 1.07847827E-02-7.12532070E-03 9.14498216E-03-6.54771375E-02 2.33996748E-02
27  8-1.05521360E-03 1.77294697E-02-7.69030587E-02 3.42435559E-02-3.43579344E-03
27  9 9.41764463E-02 1.12786362E-01-9.36257159E-02-1.01655980E-01 9.67417206E-04
27 10 7.52292305E-04 7.24620264E-04 1.51868953E-02-1.56319169E-02-1.07379836E-02
27 11 6.98496439E-03 1.68375129E-02-1.92141995E-02-4.35864744E-03 4.57308227E-03
27 12 4.54083035E-02 1.49802513E-02-1.35251228E-02 1.61494016E-02 5.39103324E-02
27 13 1.83329067E-02-1.76899753E-02-4.75708468E-03-3.31931421E-03-5.18195970E-03
27 14 1.34025721E-03 5.48445255E-03 9.01940056E-03 3.91844679E-02 7.14732043E-02
27 15-7.36359775E-03-4.67674467E-03
28  1-4.92170623E-05 5.19297654E-04 7.48863904E-02 4.74110531E-02-7.37772784E-02
28  2 2.26566793E-03-1.61285537E-01-1.02596380E-01 1.60413410E-01-2.05848338E-02
28  3-1.36418864E-01-7.84724032E-02 1.45670253E-01-5.10819692E-03 1.61125010E-02
28  4 4.46374043E-02 5.43615839E-03-5.10596160E-02-2.81770430E-02 4.56921016E-02
28  5 1.04283477E-02 3.88605837E-02-1.00671306E-02 2.17525709E-03 5.48395297E-02
28  6-6.93602244E-02 5.18272082E-02 8.45954762E-02-4.23146362E-02-3.62420212E-02
28  7 3.48121573E-02-1.69394361E-02 2.18365421E-02-2.29945012E-01 2.72612726E-02
28  8 6.55209455E-02 2.80173851E-02-2.74824837E-01 3.46046989E-02 7.50287081E-02
28  9-1.84370593E-02 1.02577309E-02 2.07723206E-02 5.33753454E-03 4.45941140E-03
28 10-1.01680710E-03-2.96630802E-02 3.04627310E-01-1.69499323E-01-3.23577165E-02
28 11-2.44891893E-02 3.52285194E-01-2.04920574E-01-1.83151740E-02 1.97718559E-02
28 12 6.12141841E-02 1.86829215E-01 1.07307172E-01 5.97815240E-02 7.24053890E-02
28 13 2.16083534E-01 1.18377779E-01-1.72519685E-02-1.04532785E-02-4.17888100E-02
28 14 4.56948204E-03 1.27235380E-02 7.67232594E-03 6.37279014E-02 8.56042962E-02
28 15-3.66429812E-02 5.25742080E-02
29  1 7.49473138E-04-4.25879170E-03 2.65972980E-02 3.83715201E-04-1.53936007E-02
29  2 1.87383221E-02-5.83484562E-02 1.27298934E-03 3.07824024E-02-2.73134032E-02
29  3-4.62925055E-02-1.12139121E-02 5.41879384E-02-1.86206316E-02 1.96752285E-02
29  4 3.50578297E-02 6.96186010E-02-5.25834321E-02 1.08050670E-01 4.98542525E-02
29  5 5.07501176E-02-2.83257723E-02-9.70448499E-03 1.78139397E-02-4.27694005E-02
29  6-1.96883721E-02 3.62418760E-02 1.22266488E-02-1.38833417E-02-1.78617001E-02
29  7-1.75794529E-02 1.52495321E-02-1.67899960E-02 8.12917611E-02 2.19603267E-02
29  8-2.45158165E-01-3.59338093E-02 1.00081846E-01 3.29388617E-02-2.82720015E-01
29  9-8.62793421E-03-2.36232218E-02-1.85680555E-02-4.56346159E-02-1.88466501E-03
29 10 6.84000050E-03 2.96527731E-02 3.40878834E-02-1.03479071E-01-1.17899131E-02
29 11 2.48943225E-02 2.23046737E-02-1.24207632E-01-1.92113857E-03 3.95678251E-03
29 12 3.51963201E-01 2.25333837E-02-2.66377129E-01-1.41379189E-02 4.18224643E-01
29 13 3.74217575E-02-3.01471383E-01 6.52716879E-03 1.11183848E-02-1.72086835E-02
29 14 7.14212455E-02-6.55405742E-03-2.03668267E-02-2.12102063E-02-3.01867971E-02
29 15 5.50734495E-02-5.97864121E-02
30  1-4.55736041E-04 2.62507798E-03 7.46909536E-03 5.55667966E-02-3.29887733E-02
30  2-1.19286564E-02-1.54006855E-02-1.22066475E-01 7.27273551E-02 2.27929864E-02
30  3-2.22194339E-02-1.00721365E-01 4.50401173E-02-1.66278861E-02 1.69187357E-02
30  4 3.12000477E-02 5.73321856E-02-5.36829434E-02 1.13160360E-01 9.20614705E-03
30  5 1.22034050E-02-7.62116380E-02 3.67505347E-03 2.93044993E-03-1.01167803E-01
30  6-4.75335322E-02 2.28035528E-02-2.23437845E-02-1.11055571E-02 6.18158484E-02
30  7 8.69414272E-02 6.83705764E-03-1.67168269E-03 3.31084075E-01 1.95595029E-01
30  8 2.47890844E-01-5.60782017E-02 3.81119972E-01 2.34301195E-01 2.84185062E-01
30  9-1.46069626E-02-7.04251163E-02-1.48182841E-02-4.87166738E-02-1.27220012E-02
30 10 2.69715859E-03-2.97917785E-02 1.85407394E-01 5.30690538E-02 1.18047206E-01
30 11-3.89788369E-02 2.11658830E-01 8.82566749E-02 2.62997775E-03-1.02134111E-03
30 12 2.16643213E-02 1.95932690E-02-2.16895922E-02-1.76224799E-02 3.33521026E-02
30 13 2.37794602E-02-2.52497223E-02 9.20748868E-03 1.35976690E-03 6.49710648E-03
30 14 8.21142971E-03-1.88586604E-02-6.54612580E-02-1.22947070E-01-1.74371323E-01
30 15 1.79780923E-02 2.86743057E-02
 $END   
 $GRAD  
E=     -762.3137633389  GMAX=   0.0069171  GRMS=   0.0019907
CL          17.    5.4758995784E-05    1.2535290174E-04   -1.5562497847E-04
C            6.    5.6272070514E-05    1.4734890979E-03    5.3994184618E-04
C            6.   -5.2387303853E-04   -1.8273902311E-03    1.0702374647E-03
O            8.   -6.6877371770E-04    3.0739484201E-04   -4.6814093192E-04
H            1.    7.9867103311E-05   -5.7416453576E-04   -3.7522919132E-04
H            1.   -5.8265115774E-05   -1.1628981861E-04   -1.1910472060E-04
O            8.    2.4080252016E-03    6.9171057981E-03   -4.4191553909E-03
O            8.   -5.4655522332E-04    2.3097407735E-04    6.5979093917E-05
H            1.    4.6581937762E-05   -1.6951830077E-05   -4.3743204280E-05
H            1.   -1.8393133683E-03   -6.9135402852E-03    4.4257354408E-03
H            1.    1.7019118220E-05    1.1891802287E-04    1.5981515845E-04
H            1.    1.0034981209E-04    4.8972605322E-04   -7.7484684617E-04
H            1.    8.7390616711E-04   -2.1462412267E-04    9.4136387259E-05
 $END
-------------------- DATA FROM NSERCH=  12 --------------------
 COORDINATES OF SYMMETRY UNIQUE ATOMS (ANGS)
   ATOM   CHARGE       X              Y              Z
 ------------------------------------------------------------
 CL         17.0   3.1049394134   0.7110110966   0.4031854979
 C           6.0   2.7478523569   0.1229192185  -1.3476068066
 C           6.0   3.3534740793   1.0912995414  -2.3386545123
 O           8.0   2.6808905478   2.3184654260  -2.2880258940
 H           1.0   1.6642692747   0.0985540214  -1.4385405593
 H           1.0   3.1922660371  -0.8639882125  -1.4312207521
 O           8.0   3.2322497824   0.4784674487  -3.6850940460
 O           8.0   3.7626443505   2.8096481649  -4.5289128713
 H           1.0   3.1840186202   3.1510561102  -5.2473539982
 H           1.0   3.6629439644   1.7921702675  -4.4905053851
 H           1.0   2.2721471319   0.3150315645  -3.8673012568
 H           1.0   4.4360731698   1.1608644240  -2.2093972690
 H           1.0   3.0700359889   2.8429623246  -3.0869753466
--- CLOSED SHELL ORBITALS --- GENERATED AT 10:09:44 30-JUL-2026    
Chloroacetaldehyde hydrate and water                                            
E(R-WB97X-D)=     -762.3137796583, E(NUC)=  315.8070406396,    7 ITERS
 $VEC   
 1  1 9.85802684E-01 5.34289271E-02-2.08615269E-05-4.04309267E-05-1.72803443E-04
 1  2-1.87703239E-02 6.07054085E-05 1.23979765E-04 6.47269188E-04 1.02703027E-02
 1  3-2.41923296E-04-4.70403963E-04-1.79233052E-03-3.30995700E-05-4.20183134E-04
 1  4-6.27088360E-06-1.76461383E-05-1.44421387E-04 7.67343635E-04 2.51174860E-05
 1  5 3.34866836E-04-1.44620596E-03 7.82742100E-05 6.26911714E-04-2.29854207E-05
 1  6 1.85790138E-05 3.42493568E-04-1.94415883E-03 5.91914681E-04-2.33680290E-05
 1  7-1.80855657E-03-1.89674001E-05-1.35125874E-04-2.07797278E-05 1.35643318E-05
 1  8 2.67031636E-05 6.43872017E-04 1.60954400E-04-2.91585425E-04 1.10435482E-04
 1  9 1.53965322E-04-8.19130607E-04 2.05794167E-04-7.63968708E-04 1.29257363E-05
 1 10 1.27542459E-04 2.00609577E-05 1.31236146E-05 4.61778833E-05-4.95897516E-04
 1 11-1.10892109E-04-9.86134137E-05-2.37883642E-04-1.37952795E-06-7.59252480E-06
 1 12-1.33630623E-06-3.00022855E-06 2.58236766E-05 6.47718495E-05-1.69723258E-07
 1 13-1.15636791E-05-7.85308316E-05-3.35603191E-05 3.00075779E-05 4.19268625E-05
 1 14-2.38580951E-04-2.28092293E-05-4.27064271E-05 2.91321891E-04-2.79114574E-04
 1 15-4.16960644E-05 1.95082593E-05
 2  1-9.06364682E-06 6.13209525E-05 1.49719835E-05 3.52336376E-05-6.41152120E-05
 2  2-9.61324328E-04-8.47391632E-05-2.08824677E-04 4.42345130E-04 1.43257749E-03
 2  3 2.78219552E-04 7.33157797E-04-1.50776851E-03 2.61158129E-04 8.84423969E-04
 2  4-2.89772343E-04-2.49913529E-04 8.01702684E-04-7.83289336E-03-7.18760499E-04
 2  5-2.10221469E-03 3.77033465E-03-1.12913430E-03-4.82745359E-03-9.45499641E-05
 2  6-2.58848556E-05-1.45844234E-03 2.50280894E-02-4.43947686E-03-5.83383757E-03
 2  7-8.52923145E-03 5.40996595E-03 1.92608128E-03-1.08710313E-04-3.40843981E-04
 2  8-3.67018623E-04-5.04364583E-03-2.35525344E-04 3.39148391E-03 2.29372546E-03
 2  9 9.95821178E-04-7.71623145E-04 3.87086850E-04 5.68943703E-05 9.82599639E-01
 2 10 1.04942365E-01-2.00402705E-03 1.62383612E-03 2.10113851E-03-5.06578220E-02
 2 11 3.73435532E-03-5.41578962E-03-7.61546254E-03 5.68471306E-03 1.83701855E-03
 2 12 1.19738120E-04-5.56294907E-04 3.68294169E-05-3.97965817E-03-2.32882854E-04
 2 13 2.95364565E-03-2.81646403E-04 3.44580982E-04-1.29897525E-03 6.12780587E-04
 2 14 6.18741111E-03 3.39263876E-03 4.67717492E-03-1.54984313E-03-1.43165335E-03
 2 15 4.50354636E-04-1.00321158E-03
 3  1 6.35462053E-06-5.03578355E-05-2.25042778E-05 2.50252219E-05 3.95469770E-05
 3  2 4.66602513E-04 1.52400325E-04-1.24906548E-04-2.40522952E-04-5.79514997E-04
 3  3-6.78900989E-04 4.43286391E-04 3.54253395E-04 2.01091419E-04 7.17566568E-04
 3  4-5.34033748E-04-5.72926356E-04 4.52583803E-04-6.31474530E-03 3.23930198E-03
 3  5-3.83274267E-03 2.26570976E-03-9.22131583E-04-3.72735223E-03-3.20528794E-04
 3  6 2.02785756E-03-1.93229727E-04 2.32746896E-02-1.01855214E-02 8.58762883E-03
 3  7-6.01742985E-04 9.61471914E-01 1.03516702E-01 2.63847641E-03-1.78002828E-03
 3  8-2.18941673E-03-5.33548952E-02-7.45405968E-03 7.08499537E-03 5.86149361E-03
 3  9 9.04654382E-04 1.81822438E-03-4.87800662E-04-1.63658924E-04-6.05335639E-03
 3 10 9.30990183E-04-2.34464784E-04 5.17730077E-04 6.28995262E-05-4.83087040E-03
 3 11 1.43272101E-03-3.47551990E-03-1.91050208E-03 2.03221991E-01 2.24876026E-02
 3 12-6.13403224E-04-2.96047680E-04 5.02748653E-04-1.17179663E-02 1.75559074E-03
 3 13 8.94527817E-04-2.55919607E-03 7.85274346E-04 2.70594506E-04 9.29292577E-04
 3 14 1.31283337E-03 9.16804505E-04-1.46013200E-03-8.90541674E-04 1.46792482E-04
 3 15 3.15815108E-03 9.39212534E-03
 4  1-1.00399451E-06 8.36330747E-06 1.48317040E-05-9.79885110E-06-6.55604217E-06
 4  2-6.98515937E-05-8.31946077E-05 4.69900401E-05 4.32343589E-05 4.67926422E-05
 4  3 2.08795240E-04-8.64947051E-05-2.56853085E-05-3.48055414E-05-1.95693585E-05
 4  4 5.59716357E-05 2.24419921E-04-2.08107478E-04 1.27507272E-03-3.58233075E-04
 4  5 6.66561459E-04-3.73608123E-04 2.90731799E-04 1.42344010E-03 9.27598747E-05
 4  6-4.61800255E-04-2.92337430E-05-6.95854014E-03 2.52332530E-03-2.32587935E-03
 4  7 6.93520835E-04-2.03055876E-01-2.06143017E-02-4.80410031E-04 8.87821335E-04
 4  8 1.66545476E-04 7.41878177E-03 9.56678322E-04-3.83399651E-03 7.25646431E-04
 4  9-2.00430199E-04 1.94150642E-05 1.21228083E-04-1.96299230E-04-4.26489609E-03
 4 10 3.83035250E-04 3.91407237E-04 4.24587202E-04-5.79244082E-04-1.28605752E-03
 4 11-1.54676735E-03-1.59109313E-03 2.66147499E-03 9.61158698E-01 1.00812559E-01
 4 12-2.10133791E-03-1.71560532E-03-1.24224863E-03-4.33160103E-02 4.36996944E-03
 4 13 4.52270309E-03 2.20371676E-03 2.93658424E-03 5.70156883E-03 2.33983194E-03
 4 14 1.05868716E-02 3.04287963E-04-1.08724190E-03 5.58108513E-04-7.07107138E-04
 4 15-4.23595951E-04 4.92095217E-03
 5  1 7.57257084E-05-9.82093894E-05-6.26440372E-06 4.30605027E-05-2.11923341E-04
 5  2-2.17889101E-03 5.29785416E-05-2.84456202E-04 1.44628021E-03 2.84633609E-03
 5  3-6.02605228E-04-1.30959744E-04-2.19576293E-03-9.92694324E-03-4.19298132E-03
 5  4-2.08805420E-04-2.85798115E-04 8.38764635E-05 2.58755249E-02 6.70818824E-03
 5  5 9.99063771E-03-1.24877098E-02 9.86569828E-01 1.10666210E-01-1.61580558E-04
 5  6-7.93451399E-04 5.66585789E-05-8.58836233E-02 2.32979114E-03 1.00499910E-02
 5  7-6.09818993E-03-5.14402372E-05-4.41980344E-04 3.68783411E-04 1.35842978E-04
 5  8-2.44874587E-04 7.93003899E-03-3.73343329E-04-3.47660638E-03 1.31648838E-03
 5  9-1.53705500E-03 1.41614870E-03-1.60452608E-03 1.30786181E-03-1.95568192E-04
 5 10-9.43600607E-04-2.78239929E-05 3.34876009E-04 1.68018126E-04 9.86430794E-03
 5 11 4.66873831E-04 6.82277632E-04 5.04431865E-03 5.42929671E-05 4.46787786E-04
 5 12 1.15878600E-05 1.12542437E-04-8.99780627E-05-1.71064546E-03 1.50531581E-04
 5 13 2.63811289E-05-9.75136882E-05 4.83952171E-04-7.97683669E-04-4.06383316E-04
 5 14 2.43532566E-03-6.73057298E-04 3.26522919E-03-1.79751393E-04 1.67866583E-02
 5 15-5.36909626E-05 3.44203980E-03
 6  1-2.05721510E-05-1.79148844E-04 6.36286449E-05 1.04483388E-04 3.25915617E-04
 6  2-2.15487137E-03-3.79680162E-04-6.24438689E-04-1.87977026E-03 1.30941505E-02
 6  3-1.36850416E-03-2.26500721E-03-8.67504352E-03 9.86481566E-01 1.11926949E-01
 6  4 3.33028005E-04 5.67503782E-04 1.11451450E-03-8.99106773E-02-3.11675611E-03
 6  5-5.03079314E-03 2.44696044E-03 9.25804494E-03-1.81215085E-03 2.64445545E-04
 6  6 3.03672575E-04-1.88741391E-05 2.28398749E-02-5.49805626E-03-9.12091205E-03
 6  7 8.94532436E-03 3.62376308E-05-1.06427306E-05 6.25643091E-05 5.43600021E-04
 6  8-3.74992303E-04-1.29207528E-03-2.75177405E-04-6.24477627E-04 8.46395886E-04
 6  9-6.87037810E-05 1.55026899E-02-1.06651964E-04 1.55296948E-02 2.22223662E-05
 6 10-9.62966615E-05 2.02856662E-04 1.77190845E-04-4.40070801E-04-1.01623144E-03
 6 11-5.32983492E-04-4.98349977E-04 1.08954423E-04 2.32818365E-05 1.82878049E-04
 6 12-5.22325573E-05 4.21161611E-05-1.02399649E-04-7.84203152E-04 2.30727045E-04
 6 13 4.16479379E-05 2.64835610E-04 3.22248271E-04-3.31415169E-04-1.03392208E-04
 6 14 1.50422748E-03-5.19495703E-04 2.12883904E-04-1.31218985E-03 9.02441928E-04
 6 15 5.27438642E-04 1.35056337E-03
 7  1-3.05120695E-01 9.77064506E-01-1.69756524E-03-3.05023866E-03-8.47718599E-03
 7  2 1.54297170E-01-6.51908333E-04-1.25715512E-03-5.19060844E-03-6.77706241E-02
 7  3 1.74332000E-03 3.32007644E-03 1.20141750E-02 1.19531480E-05 1.68775264E-03
 7  4-4.23345697E-05-8.64942364E-06 4.24029733E-04-2.26231214E-03 2.55650012E-04
 7  5-1.38826818E-03 9.62810420E-03-4.50577663E-05-3.26979660E-03 1.44054624E-04
 7  6-1.27251414E-04-1.95377892E-03 1.03829469E-02-3.51436902E-03 2.48258556E-04
 7  7 1.04379075E-02 9.63081084E-05 6.51073216E-04 8.86159325E-05-8.09549558E-05
 7  8-1.27123479E-04-3.49938537E-03-8.42890525E-04 1.65095237E-03-6.37598699E-04
 7  9-9.84295877E-04 4.94728658E-03-1.28500264E-03 4.58836856E-03-7.52299236E-05
 7 10-6.90433690E-04-1.03716252E-04-5.40103285E-05-2.64275645E-04 2.98340741E-03
 7 11 6.34398614E-04 5.47991963E-04 1.56996203E-03 8.35307478E-06 4.98185040E-05
 7 12 7.80272119E-06 9.45926134E-06-1.26610405E-04-3.98874268E-04-4.69115249E-06
 7 13 9.95319581E-05 4.17805703E-04 1.81494796E-04-1.92804038E-04-2.27468374E-04
 7 14 1.43110940E-03 6.81937256E-05 4.14615436E-04-1.59241914E-03 1.90102068E-03
 7 15 1.87994717E-04-8.72551898E-05
 8  1-3.26004793E-03 1.10358907E-02 1.82009422E-01 2.99197374E-01 9.05302756E-01
 8  2-3.16013749E-03 1.66618481E-02 2.74515664E-02 8.43184199E-02 4.60826121E-03
 8  3-5.36782945E-03-9.01683101E-03-2.89479550E-02-7.13864100E-04-4.38053977E-03
 8  4-3.03527736E-05-9.74442198E-05-3.40705027E-04 9.15560753E-03 1.37502751E-03
 8  5 3.13315586E-03-2.97628892E-03 3.76786534E-04 2.73237212E-03 1.54962432E-05
 8  6 9.84290018E-05 9.22362440E-04-1.07265235E-02 2.04493408E-03 8.31335510E-04
 8  7-8.53988848E-03-6.63416973E-05-3.83784292E-04-1.12443522E-04-8.07281852E-05
 8  8 1.10263354E-04 2.41284742E-03 8.08825411E-04-8.00903209E-04 3.13035630E-04
 8  9-2.21546626E-04-3.83874167E-03-7.15931192E-05-3.59762204E-03 3.65785090E-05
 8 10 2.89377540E-04 7.59996759E-05 1.17769152E-04 1.19828692E-05-1.68530172E-03
 8 11-4.26287677E-04-6.72771438E-04-3.40306090E-04-6.20630833E-06-3.59981322E-05
 8 12 3.16840972E-06-2.32233393E-05 8.45320200E-05 2.97161124E-04-2.98963110E-05
 8 13 1.81956095E-06-2.76647423E-04-1.41456967E-04 1.39409687E-04 2.11772015E-04
 8 14-9.99249838E-04-3.08629319E-04 3.21825771E-04 1.18950812E-03-3.27532242E-04
 8 15-2.10206340E-04-2.28501370E-04
 9  1 3.15508264E-06-5.82179470E-05 7.19938394E-01 5.62395993E-01-3.30418192E-01
 9  2 4.55370048E-04 6.45614419E-02 5.04654580E-02-3.01358215E-02 2.24565180E-04
 9  3-2.02314525E-02-1.59335641E-02 9.26210100E-03 2.02663015E-05 1.35385570E-04
 9  4-4.38664371E-05 8.68289699E-05 5.22515322E-04-7.16181529E-04 9.74792420E-04
 9  5-9.32694216E-04-2.20291517E-03-1.00308499E-04-9.99434764E-04 9.35769393E-05
 9  6-1.30088845E-04-8.86281335E-04 9.14383859E-04-9.96028220E-04 2.07655187E-03
 9  7 5.07831832E-03 3.24242430E-05 1.65508002E-04 7.26818793E-05 2.11299460E-05
 9  8-8.35041378E-05-1.37214099E-03-5.72946865E-04 4.53896987E-04-2.16889479E-04
 9  9 6.56638581E-04-1.77136483E-03-5.84793206E-06-1.02002687E-03-5.45263351E-05
 9 10-3.95318123E-04-9.00688382E-05-9.93692339E-05-8.13418081E-05 2.07712919E-03
 9 11 5.00260362E-04 6.64185830E-04 9.69175317E-04-1.40214046E-06-1.76622074E-05
 9 12 1.40957363E-05 1.41992870E-05-3.94834306E-05-2.16035141E-05-4.32961718E-05
 9 13-2.35957796E-05 1.47064456E-04 3.39809174E-05-3.12086441E-05-6.43699964E-05
 9 14 3.43432347E-04-7.00916518E-06 5.31608251E-04-1.01258142E-03 2.27782910E-03
 9 15 1.50895163E-04-1.41801522E-04
10  1-5.16288790E-05 1.59436852E-04-6.26426591E-01 7.33454840E-01-1.16409917E-01
10  2 7.02579706E-05-5.60236254E-02 6.56567191E-02-1.05613712E-02 2.15403951E-04
10  3 1.70518358E-02-2.02741564E-02 3.15446443E-03-1.96589284E-06 9.69761754E-06
10  4 5.02923312E-05 1.51473971E-05 1.65359915E-04 2.93193355E-04-1.35387470E-03
10  5 1.08109775E-03-1.02942196E-03-4.89315333E-05-6.06944335E-04-1.75668161E-05
10  6-2.12445647E-04-2.06904871E-04 1.33072507E-03 1.18259134E-03 9.30282646E-04
10  7 9.09946817E-04-1.71545219E-06-1.15702187E-04 6.17156053E-05 1.15484503E-04
10  8-3.90223253E-04-2.06154966E-04-4.00383144E-04-3.00797325E-04 1.13794856E-03
10  9-5.96762242E-04 1.23643595E-03 7.59649143E-04-2.01815729E-03-1.55576488E-05
10 10-1.36396570E-04-1.41419951E-05 3.02539382E-05-4.96465913E-05 5.49253973E-04
10 11-1.37711825E-05-8.53449711E-05 2.76057141E-04 8.04620459E-06 6.98643524E-05
10 12-1.93570222E-06-5.86383878E-06 2.72312466E-05-2.13346115E-04 2.09887764E-05
10 13 5.22427942E-05-1.19963751E-04 1.53816097E-05-8.08150466E-05-2.67029232E-05
10 14 2.23052405E-04 5.04974555E-05-1.34860193E-04-8.25435018E-06-1.57241402E-03
10 15 2.92566049E-04 3.83547394E-04
11  1 1.84538756E-03-1.04723816E-02 3.24880748E-04 1.88213163E-04 3.43192613E-03
11  2 1.45262861E-02-5.59568699E-04-2.27914367E-04-7.10190811E-03 3.79508205E-03
11  3 8.80781676E-04-3.59736163E-04 2.50022943E-03-2.47053560E-02 2.18922292E-02
11  4 7.20832465E-03 1.54246556E-02-1.91786605E-02 5.10591383E-02-1.05049257E-02
11  5 7.71134194E-03-6.42354617E-03-9.82047194E-02 1.07078577E-01-3.57204853E-02
11  6 1.87839491E-02-4.84493478E-02 1.54327022E-01 1.33522077E-02-7.65938121E-03
11  7 4.14807425E-04-1.17743518E-01 1.05521800E-01 4.07928642E-02-3.92956109E-02
11  8-3.25552541E-02 3.58684662E-01 4.43731768E-02-4.12964079E-02-4.38127843E-02
11  9 5.75111503E-03-5.36408586E-03 7.68806128E-03-3.11618571E-04-1.65111642E-01
11 10 1.51104797E-01-5.00739007E-02 2.78916675E-02 4.53891914E-02 5.04120723E-01
11 11-5.39951939E-02 4.10028592E-02 4.94704240E-02-4.36133151E-02 3.81893016E-02
11 12-1.30423323E-02-1.38529283E-02-2.92164725E-03 1.34633717E-01-1.58160027E-02
11 13-1.69068494E-02 3.74592535E-03 1.74588341E-02 6.34119372E-03 3.46259510E-02
11 14 7.29878687E-03 7.47855422E-02 1.18096760E-02 2.68329571E-02-1.21950937E-02
11 15 4.84978073E-02 2.96509886E-03
12  1 1.45964961E-03-8.31114111E-03 3.90150044E-04-4.06157543E-05 1.77419434E-03
12  2 8.50133420E-03-9.04033121E-04-4.82258580E-04-2.08508305E-03 6.21837860E-03
12  3 2.09883750E-03 3.36106445E-03-2.03433741E-03-2.04109870E-03 1.43737274E-03
12  4-1.25727744E-03 8.92570722E-03 5.52120100E-03 4.85783759E-03-6.29099448E-03
12  5 1.73540252E-02 1.23038267E-02-1.75188836E-02 1.60310853E-02-2.65283863E-02
12  6 9.28471690E-02 5.08872089E-02 3.03713117E-02 6.53099645E-03 6.47612803E-03
12  7-2.47878687E-03-1.52919823E-01 1.40719414E-01 4.94433510E-02-2.44981432E-02
12  8-3.75841045E-02 4.79505623E-01 5.58934393E-02-3.14285703E-02-4.00965902E-02
12  9 7.16223416E-04-2.38338478E-03 4.13532869E-04 3.05430766E-03 1.49116022E-01
12 10-1.39729357E-01 5.32341045E-02-3.09457281E-03-2.43046063E-02-4.74787276E-01
12 11 4.81559402E-02-7.11436523E-03-3.82779504E-02-9.16562948E-02 8.35374976E-02
12 12-2.79711337E-02-1.37120258E-02-1.51692412E-02 2.88543153E-01-2.94669919E-02
12 13-1.85831616E-02-1.01354277E-02 4.62689678E-02 1.19294333E-02 2.72075603E-02
12 14-3.17212019E-03-8.13421594E-02-1.36635758E-02 2.46957214E-03-6.32096468E-03
12 15 7.43929572E-02 1.66974512E-02
13  1-2.14542063E-03 1.22548388E-02-4.48539155E-04-2.58769697E-04-2.99849708E-03
13  2-1.53341877E-02 9.51328236E-04 7.14842782E-04 5.59328545E-03-7.66959421E-03
13  3-1.40383909E-03-1.63608894E-03 2.72646473E-04 1.26907370E-02-1.31567818E-02
13  4-2.43093247E-03-1.05170883E-02 4.19043264E-03-1.55365394E-02 8.95067086E-03
13  5-5.03838315E-03-8.58696934E-03 3.75493359E-02-4.17839353E-02 2.43595366E-02
13  6-4.50735071E-02-1.33500235E-02-6.96890263E-02 3.08193486E-03 1.16451057E-02
13  7-1.47029066E-02 9.74896652E-02-8.93903942E-02-3.00163503E-02 2.83902380E-02
13  8 1.62475231E-02-3.09622734E-01-3.54021664E-02 2.79705278E-02 2.10125949E-02
13  9-4.37308209E-03 2.83536247E-03-4.66808138E-03-3.28438576E-04-2.79552411E-02
13 10 2.46661301E-02-6.59231911E-03 4.19061706E-03-8.26087499E-03 9.39475957E-02
13 11-3.58180908E-03 7.25849504E-03-6.40283688E-03-2.05193586E-01 1.91545501E-01
13 12-5.82784523E-02-4.11040021E-02-5.00870422E-02 6.35195357E-01-5.89698420E-02
13 13-4.70627932E-02-4.66351535E-02 1.07880998E-01 2.35924830E-02 9.55142097E-02
13 14 1.48500985E-02 1.35301895E-02 6.08889784E-03-1.10699679E-02 6.67799774E-03
13 15-1.70848499E-02 6.02034283E-03
14  1 6.37884175E-02-3.68031934E-01 8.48002097E-03 1.49093901E-02 4.55103760E-02
14  2 4.69568588E-01-1.73369643E-02-3.00611823E-02-9.22067546E-02 3.15404822E-01
14  3-1.06634582E-03-4.20868561E-03-8.26258388E-03-1.26275194E-01 1.08320496E-01
14  4 1.75752605E-02 2.50709990E-02 4.13081758E-02 3.86120394E-01 2.09093258E-02
14  5 2.42777626E-02 4.10325399E-02-3.43361691E-02 4.01910122E-02-6.00213817E-03
14  6-4.60919646E-02 5.38123095E-02 4.75524497E-02 4.99979487E-03-5.30033528E-03
14  7-9.56507616E-03 3.47418836E-02-3.15426265E-02-1.00140118E-02-1.29429155E-02
14  8 2.33331071E-02-1.18441190E-01-1.07710321E-02-3.30202864E-03 2.24104038E-02
14  9 5.21427709E-02-1.34538106E-02 5.27640566E-02-1.68356529E-02 2.11134177E-02
14 10-1.86567407E-02 1.11062372E-02-4.09311587E-03 1.16681199E-02-7.86020174E-02
14 11 9.82948096E-03-8.39581767E-03 3.97226463E-03-9.11616411E-03 8.49852326E-03
14 12-1.93960719E-03 2.44783084E-04-6.40622286E-03 3.17181773E-02-1.39147503E-03
14 13-5.92723867E-04-7.07361127E-03 6.76441759E-03 3.05424316E-03 1.15837752E-03
14 14-7.73352453E-03-1.48051788E-02-5.38857911E-03 1.98763096E-02-2.74218512E-03
14 15-2.41589782E-02-1.20682069E-02
15  1 4.73445807E-02-2.75832911E-01 9.34324421E-05-4.06323471E-04-1.30603742E-02
15  2 3.40650107E-01-9.76055201E-04-1.19306159E-03 2.40882406E-02 3.31204620E-01
15  3-3.69879746E-03-4.33294437E-03-1.28375864E-02 1.23720990E-01-1.26964329E-01
15  4-1.92659153E-02-1.91677934E-02 1.06995384E-01-3.32839032E-01-5.55818362E-03
15  5 1.02116428E-02 3.18834211E-02 1.14858616E-01-1.14899630E-01 7.67358718E-03
15  6 8.64283675E-02-7.05842013E-02-3.20487701E-01 2.37989685E-03 4.31218187E-02
15  7-3.19225295E-02-4.82508318E-02 4.17878669E-02 3.95417329E-03 5.97807754E-02
15  8-4.25914536E-02 1.89723942E-01 8.82780771E-03 3.25572733E-02-3.58570037E-02
15  9-6.97166480E-02-5.85763009E-03-7.33918549E-02-2.31374183E-04-4.71410692E-02
15 10 4.19718607E-02-4.78364911E-02-6.48166233E-03-7.31486555E-02 1.84882146E-01
15 11-4.18787079E-02 1.02496202E-03-4.64178078E-02 1.03414050E-02-9.21792742E-03
15 12 1.17822257E-03-5.11438928E-03 1.44827649E-02-4.05247785E-02-6.49833503E-04
15 13-2.09741235E-03 1.28457969E-02-1.22212032E-02-6.98619712E-03 5.89250755E-03
15 14 1.70151829E-02 5.33601901E-02 3.43645569E-02-6.52481707E-02 8.05202861E-04
15 15 5.08671718E-02 3.26739647E-02
16  1 1.79572147E-02-1.05489607E-01-1.42005322E-02-1.63942172E-02-2.59884407E-02
16  2 1.31493600E-01 2.83775624E-02 3.31401140E-02 5.04060083E-02 1.49614280E-01
16  3 1.37102076E-02 1.24801936E-02 1.24836810E-02 1.07177275E-01-9.52686240E-02
16  4 8.37821459E-02 7.47093156E-02-1.45190129E-02-4.01592203E-01 4.38768903E-02
16  5 2.26105854E-02 9.68128586E-03-1.20486256E-01 1.17390726E-01 1.28512480E-01
16  6 1.82269661E-02-5.82634313E-02 4.30512271E-01 8.64673704E-02-6.90492262E-03
16  7-1.51594768E-02 4.70570104E-02-4.24310849E-02 4.50698610E-02-6.74508051E-02
16  8 2.01613358E-02-1.90493509E-01 3.32082103E-02-4.90524785E-02 1.73953922E-02
16  9-1.10473527E-01-3.69746043E-02-8.49670057E-02-2.79730317E-02 1.67606172E-02
16 10-1.50796592E-02 1.44261150E-01 7.97967092E-02 1.15649406E-01-8.06141470E-02
16 11 1.25105964E-01 6.93687321E-02 8.99790418E-02 6.58411526E-04-1.69377376E-03
16 12 9.52077469E-03-1.83378111E-02 4.65799003E-03 2.85377256E-03 1.05921854E-02
16 13-1.81511014E-02 8.35762043E-03-9.26550262E-03-4.89592783E-03 1.57869121E-02
16 14 2.86099944E-03-1.14228183E-01-7.58511151E-02 1.35112865E-01 3.21994284E-02
16 15-3.99718598E-02-3.95290448E-02
17  1-5.18911157E-03 3.07134435E-02 1.97977278E-03 2.61074341E-02 1.11578649E-02
17  2-3.62883440E-02-3.95432136E-03-5.36127891E-02-2.19857578E-02-5.67715345E-02
17  3-1.50427450E-03-2.91689540E-02-1.71880118E-03-4.32788576E-02 3.34254078E-02
17  4 1.37071674E-02-1.58099985E-01 4.68962444E-02 2.14347971E-01 3.67783128E-02
17  5-9.03629220E-02 2.02858175E-02 3.89637859E-02-4.27678185E-02 1.49034068E-01
17  6-7.13965756E-02-1.10665934E-01-1.35844379E-01 1.19827518E-01-1.51618162E-03
17  7-1.08949801E-01-1.48934856E-03-1.34710382E-03 2.02866445E-02 1.96020789E-01
17  8-1.35796796E-01 1.87448448E-02 1.93740713E-02 1.66686668E-01-1.19729223E-01
17  9 2.23235836E-02 8.19174344E-03 1.07591431E-01 4.96182965E-02-1.28130104E-02
17 10 1.08351488E-02 1.54314763E-01 6.55886751E-02 3.75482063E-02 4.90737152E-02
17 11 1.40203361E-01 6.13504975E-02 3.08328586E-02 1.06364880E-02-1.22073885E-02
17 12 3.32648292E-02-1.07279564E-01 1.25710799E-01-3.77487924E-02 2.59071323E-02
17 13-9.55412751E-02 1.21803061E-01-1.02347895E-01-6.84239270E-02 7.63070422E-02
17 14 6.29445205E-02-9.90980886E-02-6.07014111E-02 3.64973978E-02 2.29714004E-02
17 15 1.38357236E-01 1.01463687E-01
18  1 3.29840162E-03-1.95453431E-02-1.60119937E-02 5.29179161E-03-1.54156623E-02
18  2 2.27158295E-02 3.34004046E-02-1.10854677E-02 3.16761092E-02 4.05065082E-02
18  3 1.70251498E-02-9.96938306E-03 1.01991179E-02 7.92903709E-03-5.09939884E-03
18  4 9.35943665E-02-7.01908530E-02-2.17048136E-02-5.66715001E-02 6.55979511E-02
18  5-7.16418921E-02-2.52741227E-02 4.03607376E-03-3.83512182E-03 8.83029425E-02
18  6-1.08760866E-01-3.71091168E-02-2.35908431E-03 4.55972469E-02-8.74163202E-02
18  7 1.30413894E-02-2.11330829E-02 1.82139751E-02-9.24362393E-03 1.46845559E-01
18  8-6.10524553E-02 9.10960267E-02-5.42873311E-03 1.30411556E-01-5.23354126E-02
18  9-5.75687256E-02-3.01898451E-02 5.33479090E-02 3.21785766E-02-8.46972914E-03
18 10 9.85524013E-03-2.56390632E-04-9.27262590E-02 1.09061573E-01 3.38746731E-02
18 11-2.79594882E-03-9.68710084E-02 1.11975293E-01-1.12993853E-03 2.16801053E-03
18 12-9.77182995E-02 2.76390614E-01-1.22224517E-01 1.65346853E-03-8.60922296E-02
18 13 2.54928846E-01-1.12518489E-01 1.66959022E-01 1.21734121E-01-1.86829466E-01
18 14-1.58683790E-01 1.22175654E-03-1.09109660E-03 3.54920899E-02 1.95197297E-02
18 15 7.18381898E-02 7.57481902E-02
19  1-7.38250936E-03 4.36230041E-02-2.78552705E-02 4.60438467E-03 4.53796205E-02
19  2-5.44632535E-02 5.78925275E-02-9.91055649E-03-9.51321476E-02-7.10310201E-02
19  3 4.01941332E-02 2.11937459E-04-5.09477741E-02-3.84729107E-03-1.56299665E-03
19  4 1.99127011E-01 1.05373118E-02 3.37529928E-02 2.70140622E-02 1.57670978E-01
19  5 1.07266837E-02 2.17647390E-02-5.13962727E-03 6.93697491E-03 1.73665405E-01
19  6 3.25554214E-02 2.21299105E-01 1.10614535E-02 1.53946065E-01 3.40385682E-02
19  7 1.50648398E-01-5.43967257E-03 4.09275560E-03 6.35777773E-02 6.80238736E-02
19  8 6.39484289E-02 2.54699705E-02 5.89458134E-02 5.98028117E-02 6.08755489E-02
19  9-1.17300040E-01-7.20136615E-02 4.37892075E-02 2.45813556E-02-6.35990615E-03
19 10 7.03011426E-03-1.08744443E-01-1.18655384E-01-2.18470616E-01 2.69592421E-02
19 11-9.87419325E-02-1.16966720E-01-2.10877309E-01-1.42311732E-03 2.42251950E-03
19 12 2.24436652E-02-4.99168523E-02 3.23263389E-02 6.08268803E-04 2.18992639E-02
19 13-4.14309645E-02 2.65102491E-02-3.59388120E-02-2.91911180E-02 3.18029046E-02
19 14 3.94028855E-02 1.20257617E-01 9.67768596E-02 1.20741598E-01 6.49314748E-02
19 15 1.28625009E-02 1.56957309E-02
20  1-9.91932578E-03 5.88319992E-02 4.07901399E-02 4.22405248E-02 6.18808329E-02
20  2-7.36898683E-02-8.60243295E-02-8.95080060E-02-1.29257577E-01-1.10935101E-01
20  3-4.91136854E-02-4.74102903E-02-6.86686823E-02-1.06990011E-02 1.16327940E-04
20  4-1.31525280E-01-9.96997176E-02 1.89379675E-01 9.37809871E-02-1.09982106E-01
20  5-4.16198647E-02 1.58424307E-01 1.48072264E-02-1.10375914E-02 1.28805198E-01
20  6 2.29262718E-01-6.00589154E-02-4.14194413E-02 1.41928261E-01 1.37212925E-01
20  7-4.54591540E-02 7.63093805E-04-4.30361999E-03 9.06368136E-02-9.50447269E-02
20  8 6.88176609E-02 1.90982450E-02 8.68772491E-02-1.00291301E-01 6.93328549E-02
20  9 8.21620450E-02 4.51368110E-02 2.31317121E-02 2.65672963E-02-4.16660382E-02
20 10 3.84507414E-02 1.23493112E-01 5.93607775E-02-1.16700904E-01 1.73986168E-01
20 11 1.21968183E-01 5.54631170E-02-1.17261995E-01 2.17861790E-02-1.60123074E-02
20 12-5.73478120E-02 1.00700687E-01-1.39821743E-01-1.04954014E-01-5.21033039E-02
20 13 1.01785373E-01-1.34853422E-01 1.09528939E-01 7.96134358E-02-4.10907441E-02
20 14 3.49658285E-03-4.61012751E-02-2.33208672E-02 6.90218133E-02 3.51949695E-02
20 15-6.89933215E-02-8.82407007E-02
21  1-3.02619700E-03 1.79554743E-02 5.09145474E-02-4.87433194E-02 3.88085145E-02
21  2-2.02312384E-02-1.07379255E-01 1.02596772E-01-8.28223173E-02-3.61599088E-02
21  3-7.01722193E-02 7.13771461E-02-4.80736293E-02-5.71510007E-03 1.48155234E-03
21  4-1.98385759E-01 2.51868424E-01 4.27014061E-04 3.49457136E-02-1.91931577E-01
21  5 2.26464721E-01-8.09789674E-03 2.55792021E-05-4.03314149E-04 1.08032507E-01
21  6-9.49341766E-02 8.40240733E-02-4.21926727E-03 1.23835832E-01-5.78466525E-02
21  7 5.59969828E-02 7.90678270E-03-6.33423888E-03 4.20550416E-03 1.82977448E-01
21  8-2.13035411E-02-3.37146711E-02 9.00584879E-05 1.75438602E-01-1.17468928E-02
21  9 1.33154103E-01 7.70251490E-02-2.04657504E-01-1.34870901E-01-1.66392006E-02
21 10 1.64736558E-02 4.72921703E-02-7.45337556E-02-2.99895937E-02 6.73893135E-02
21 11 4.80006881E-02-7.85124434E-02-3.01583778E-02-5.48977517E-03 5.07571645E-03
21 12-7.07362209E-03 4.98436294E-02 6.37861306E-02 2.03340325E-02-5.27492490E-03
21 13 5.41764005E-02 6.48935372E-02-1.17732078E-02-1.00049263E-02-2.78527813E-02
21 14-2.17877223E-02-2.85762716E-03 4.66511295E-03 7.05540191E-02 4.07302219E-02
21 15 8.86460499E-02 1.07275144E-01
22  1-2.60301918E-03 1.54769167E-02-1.25675199E-02-1.11558473E-02 3.78488371E-02
22  2-2.09044916E-02 2.74247931E-02 2.17757066E-02-7.88088498E-02-2.97381150E-02
22  3 1.64303908E-02 2.74062330E-02-5.30190975E-02-5.18544619E-03 4.70084788E-03
22  4 1.05961773E-01 6.50009005E-02-7.73551783E-03-1.26140719E-02 6.14150603E-02
22  5 8.72521115E-02 1.25756792E-02 4.36587841E-02-4.49443422E-02-7.53606266E-02
22  6-1.28647300E-01 5.84810525E-02-1.46814602E-01-5.17478617E-02-1.24319120E-01
22  7 6.73689406E-02-7.22218430E-02 6.17278683E-02-1.67333166E-01 6.13663460E-02
22  8 1.45274710E-01 3.28665080E-01-1.66634793E-01 5.89697213E-02 1.56082049E-01
22  9-7.03116507E-02-6.15681153E-02-5.63517135E-03 2.67959649E-02-6.12255456E-02
22 10 5.41446679E-02 2.62708647E-01-3.93082949E-02-2.92872848E-02 2.71183105E-01
22 11 2.75387336E-01-4.55660186E-02-3.08861995E-02 1.64547641E-02-7.69692451E-03
22 12 2.39181447E-03-6.79062701E-02-1.13249054E-01-9.49603946E-02 7.65958117E-03
22 13-5.84920987E-02-1.33358021E-01 3.02626631E-02 7.28750028E-03 4.97862726E-02
22 14 9.43280622E-02-1.36372834E-01-1.04737143E-01-9.19518979E-02-5.82500881E-02
22 15-7.19505992E-02-5.62451839E-02
23  1 1.13348985E-02-6.75884511E-02-6.97294454E-03-4.81335962E-02-1.82242495E-01
23  2 6.75060369E-02 1.58367859E-02 1.02238276E-01 3.89475918E-01 1.86995919E-01
23  3-1.09867764E-03 6.01274398E-02 2.19841014E-01 8.67316291E-03 8.03783295E-03
23  4-1.37577434E-01-1.49696434E-01-1.64261653E-01-1.05173446E-01-1.63579378E-01
23  5-1.37140143E-01-1.83591226E-01 6.22839662E-04-7.28991095E-03 1.02441513E-01
23  6 2.91647173E-02 5.06103090E-02 3.64414006E-02 1.09111517E-01-3.55836544E-03
23  7 8.86579497E-02-2.73685664E-02 2.24091580E-02 1.77023101E-02 2.00175417E-02
23  8 1.19040884E-01 1.30607715E-01 1.82717676E-02 1.79861722E-02 1.27476101E-01
23  9 1.09346508E-01 8.70943746E-02 6.47005302E-02 7.97408823E-02-9.10259416E-03
23 10 9.49379269E-03 5.24564898E-02-1.32518425E-01-6.70046120E-02 3.95760417E-02
23 11 6.07744302E-02-1.48786406E-01-6.82994049E-02-1.85888307E-03 4.63539460E-03
23 12 4.19395490E-02-5.42708148E-02-4.74162965E-02 3.63623864E-04 5.13272173E-02
23 13-5.00715290E-02-5.98358416E-02-5.21122168E-03-1.33666633E-02 2.43568203E-02
23 14 3.54830184E-02 6.52720287E-03 1.35623224E-02 7.17300214E-02 5.62328420E-02
23 15-4.83884256E-02-4.75495383E-02
24  1-1.91040080E-03 1.12288688E-02 2.17073858E-02 3.71015705E-02 2.72541980E-02
24  2-2.03104338E-02-4.60362031E-02-8.02765473E-02-5.73589446E-02-5.01288364E-03
24  3-3.82091543E-02-5.82096944E-02-5.20748616E-02 1.27771886E-02-2.12490773E-02
24  4 4.18386595E-03-4.32716421E-02 7.60927526E-02-2.67726298E-02-2.07533865E-02
24  5-1.46502143E-02 3.37616526E-02 1.23394231E-02-9.55002335E-03-3.75181644E-02
24  6 6.10353249E-02-2.56969674E-02-6.21677500E-02 1.82514639E-02 1.67640932E-02
24  7-2.76392855E-02-9.54074672E-03 1.09076632E-02 2.33931336E-02-8.64160306E-02
24  8 1.10459059E-01 3.54875189E-02 3.12060327E-02-1.10449672E-01 1.42536052E-01
24  9-2.59506060E-02-3.24693324E-02 1.42256231E-02 4.13775791E-02-2.82700179E-02
24 10 2.72579336E-02 7.50634802E-02-1.83169517E-01 8.77641673E-02 1.25941308E-01
24 11 7.98533132E-02-2.17732301E-01 1.05367141E-01-8.13159679E-02 7.29492108E-02
24 12 2.53796043E-01 1.45777170E-01 1.98128184E-01 3.58216423E-01 2.94001536E-01
24 13 1.70183629E-01 2.04552974E-01-1.20482402E-01-1.06651288E-01-8.45061404E-02
24 14-9.68824413E-02-2.59652883E-02-3.93287962E-02-4.18415743E-02-2.67865135E-02
24 15-4.35386176E-02 2.47193146E-02
25  1-2.37745091E-03 1.39557177E-02 8.14343457E-02 6.92603009E-02 3.15807278E-02
25  2-2.35556917E-02-1.74084803E-01-1.50026589E-01-6.74742850E-02-1.12179785E-02
25  3-1.42333995E-01-1.09976493E-01-5.76164225E-02 2.79501508E-02-2.88864526E-02
25  4-3.75492263E-02-3.70963497E-02 1.13037615E-01-1.61067050E-01-5.21194148E-02
25  5-5.80513662E-02 1.04737319E-01-3.70932419E-03-4.66182976E-03 1.45727037E-01
25  6-5.52477326E-02-9.89117174E-02 7.29705946E-02 2.62176182E-02-5.05430233E-02
25  7-4.14125181E-03-4.64610188E-02 4.03192400E-02-1.22990868E-01 1.03745048E-01
25  8 1.12121944E-01 2.06751618E-01-1.36448837E-01 1.27235545E-01 1.19107038E-01
25  9-2.14828259E-03 2.28095189E-02-2.56222339E-02-1.78904423E-02 4.13303832E-02
25 10-3.75833930E-02-1.83773311E-01-2.10562557E-02 2.09987225E-01-1.82871694E-01
25 11-1.91611332E-01-1.98619423E-02 2.41891347E-01-2.10957687E-03 1.25100324E-03
25 12 1.01140938E-01-1.51626996E-01-1.40539540E-01 2.40108925E-02 1.18538325E-01
25 13-1.75951477E-01-1.73152594E-01-1.19496037E-02-9.08109821E-03 4.44200849E-02
25 14-2.06176036E-02 7.99697386E-02 6.52173269E-02 9.77950340E-02 1.08622892E-01
25 15-6.87238743E-02-8.25020548E-02
26  1-1.93901996E-04 1.11347983E-03-1.19771074E-01-1.90030589E-01 7.70091321E-02
26  2-6.68365016E-03 2.58056640E-01 4.08444653E-01-1.64664443E-01 1.30450726E-02
26  3 2.15644551E-01 3.48955649E-01-1.51546617E-01-3.25061030E-03 2.64280396E-04
26  4-4.88871630E-02-8.89740019E-02 2.61929124E-02 3.28893816E-02-9.45071586E-03
26  5-4.73878094E-02-1.41191308E-02 2.31485229E-02-2.22924767E-02 6.28446477E-02
26  6 2.17529414E-02-9.35651819E-02-1.20187844E-01 2.07075546E-02 9.06164756E-02
26  7-3.52026495E-02-1.52961367E-02 1.59395013E-02-3.33826144E-02 5.86660128E-02
26  8 9.23223262E-02 4.97838979E-02-4.68804660E-02 7.19050501E-02 1.06148160E-01
26  9 4.47141010E-02 6.25621034E-02 4.88550344E-02 4.09572447E-02 7.35978185E-03
26 10-1.02624945E-02-7.23459067E-02 1.69923142E-01 4.08630480E-02-8.11831930E-03
26 11-7.59383346E-02 1.93913521E-01 6.65831261E-02-1.61173511E-02 1.54533021E-02
26 12 1.29162861E-01 6.10152423E-02-2.35792383E-02 6.78281412E-02 1.54366487E-01
26 13 6.77280443E-02-3.17402587E-02-1.40839630E-02-9.99175213E-03-1.99622610E-02
26 14-2.06140106E-02 1.91197351E-02 9.41174370E-03 2.08589719E-02 5.00939463E-02
26 15-3.78309612E-02-1.95950114E-02
27  1-2.41910719E-04 1.42320745E-03-2.19639692E-01 1.58511064E-01-1.11554484E-02
27  2-3.15264940E-03 4.73073669E-01-3.41525768E-01 2.42556288E-02 4.44784143E-04
27  3 4.05319565E-01-2.90563055E-01 1.87272299E-02 2.87709741E-03-1.61318350E-04
27  4-1.14478105E-01 6.71355757E-02-9.19552783E-05-3.38073007E-02-6.47765547E-02
27  5 3.13496775E-02 1.21539265E-02-1.38640996E-03-1.06988747E-03 3.52903047E-02
27  6-1.50731970E-02 4.67263523E-03 1.49995047E-02-1.95008355E-02-7.16247792E-03
27  7 1.05553561E-02-7.21037112E-03 9.24740771E-03-6.59542329E-02 2.37067766E-02
27  8-1.86281457E-04 1.78800210E-02-7.75256621E-02 3.46552202E-02-2.44050085E-03
27  9 9.44062420E-02 1.13233334E-01-9.31367262E-02-1.01273662E-01 1.01417371E-03
27 10 6.97203442E-04-4.46890208E-05 1.69187482E-02-1.57130690E-02-1.08157211E-02
27 11 6.15517309E-03 1.88440913E-02-1.92227257E-02-4.50570016E-03 4.71680874E-03
27 12 4.63810839E-02 1.58122614E-02-1.36666374E-02 1.67406654E-02 5.50621106E-02
27 13 1.92741825E-02-1.79034466E-02-4.89863550E-03-3.41616798E-03-5.38479565E-03
27 14 1.21466059E-03 5.63619776E-03 9.02011359E-03 3.94353492E-02 7.19177625E-02
27 15-7.63437580E-03-4.72067357E-03
28  1-6.25507311E-05 5.95316876E-04 7.49288661E-02 4.58995118E-02-7.30072417E-02
28  2 2.00054381E-03-1.61384202E-01-9.93546236E-02 1.58769438E-01-2.01926686E-02
28  3-1.36537907E-01-7.56369190E-02 1.43938309E-01-4.95832792E-03 1.59855011E-02
28  4 4.45757657E-02 3.96595594E-03-5.02585826E-02-2.92353590E-02 4.57500167E-02
28  5 8.54217091E-03 3.91334406E-02-9.94336170E-03 1.90962817E-03 5.57864301E-02
28  6-6.91985287E-02 5.10141886E-02 8.46871400E-02-4.28667336E-02-3.49997815E-02
28  7 3.55082688E-02-1.70258738E-02 2.19840816E-02-2.29063918E-01 2.88932254E-02
28  8 6.81898103E-02 2.78697470E-02-2.73881315E-01 3.68434098E-02 7.80185544E-02
28  9-1.84429342E-02 1.07475671E-02 2.15104250E-02 5.62488691E-03 4.47991463E-03
28 10-1.11885337E-03-3.44785060E-02 3.06464229E-01-1.68787689E-01-3.19272183E-02
28 11-2.99445641E-02 3.54465608E-01-2.03865371E-01-1.83619637E-02 1.98030805E-02
28 12 6.19960509E-02 1.86737297E-01 1.05633201E-01 6.00811896E-02 7.32979454E-02
28 13 2.15877711E-01 1.16328900E-01-1.73727768E-02-1.04357702E-02-4.16102598E-02
28 14 4.25476640E-03 1.27232394E-02 7.55787375E-03 6.44822485E-02 8.66788143E-02
28 15-3.69292520E-02 5.22581677E-02
29  1 7.50390881E-04-4.26335755E-03 2.67238017E-02-1.95515312E-04-1.51551990E-02
29  2 1.88167890E-02-5.86246247E-02 2.54951079E-03 3.02560656E-02-2.75531007E-02
29  3-4.64764850E-02-1.02096023E-02 5.38968020E-02-1.84456692E-02 1.94960385E-02
29  4 3.51033961E-02 6.89641586E-02-5.19603493E-02 1.06551259E-01 4.98992175E-02
29  5 5.05456905E-02-2.73224264E-02-9.80725918E-03 1.77709404E-02-4.15372766E-02
29  6-1.90203391E-02 3.62202491E-02 1.31264308E-02-1.37378030E-02-1.88890021E-02
29  7-1.82555405E-02 1.52241267E-02-1.68304810E-02 7.66380480E-02 1.92904307E-02
29  8-2.48364268E-01-3.54738736E-02 9.46842453E-02 2.98171806E-02-2.86527907E-01
29  9-8.49397269E-03-2.29537529E-02-1.83943695E-02-4.50120344E-02-1.77528759E-03
29 10 6.87573756E-03 2.98890825E-02 3.14548353E-02-1.04634548E-01-1.31628146E-02
29 11 2.52692448E-02 1.92198647E-02-1.25902300E-01-1.93220549E-03 3.94916994E-03
29 12 3.50886471E-01 2.27601045E-02-2.66725602E-01-1.40280264E-02 4.16854718E-01
29 13 3.77112263E-02-3.01899918E-01 6.43839710E-03 1.11275532E-02-1.72851367E-02
29 14 7.13724463E-02-6.47287270E-03-1.93909125E-02-1.94736977E-02-2.80123512E-02
29 15 5.48856876E-02-6.00860862E-02
30  1-4.36396667E-04 2.51220687E-03 8.05717191E-03 5.56195456E-02-3.30119087E-02
30  2-1.15364884E-02-1.66925394E-02-1.22132483E-01 7.27149836E-02 2.24678422E-02
30  3-2.32786354E-02-1.01126339E-01 4.54763668E-02-1.70226836E-02 1.71937019E-02
30  4 3.19303856E-02 5.89865810E-02-5.45511413E-02 1.15956925E-01 1.00760782E-02
30  5 1.35356251E-02-7.74421808E-02 3.57842480E-03 3.10022426E-03-1.01889070E-01
30  6-4.76972450E-02 2.37425011E-02-2.23158972E-02-1.03818841E-02 6.16969884E-02
30  7 8.69753944E-02 7.05164725E-03-1.94032299E-03 3.33954143E-01 1.96494336E-01
30  8 2.42801045E-01-5.64510087E-02 3.84562290E-01 2.35423071E-01 2.78198270E-01
30  9-1.46382344E-02-7.11064858E-02-1.55780223E-02-4.99766637E-02-1.28889861E-02
30 10 2.94185599E-03-3.01614422E-02 1.83654623E-01 5.15447385E-02 1.18307953E-01
30 11-3.94714281E-02 2.09425770E-01 8.65455510E-02 2.69837567E-03-1.09286004E-03
30 12 2.50494913E-02 1.92781567E-02-2.49801411E-02-1.80705943E-02 3.73316030E-02
30 13 2.35403994E-02-2.88753519E-02 9.36000199E-03 1.62339706E-03 6.32100983E-03
30 14 8.98384437E-03-1.95054879E-02-6.49730324E-02-1.23445748E-01-1.75657184E-01
30 15 1.86874944E-02 2.77215516E-02
 $END   
 $GRAD  
E=     -762.3137796583  GMAX=   0.0069047  GRMS=   0.0019039
CL          17.    2.0864722971E-05    4.0314384646E-05   -1.0379480160E-04
C            6.    1.0452126521E-04    9.4776916142E-04    7.3726346222E-04
C            6.    1.8560969634E-04   -7.0714316480E-04    6.4096825667E-04
O            8.   -6.6726311224E-04    9.8059701791E-05   -3.3759573041E-04
H            1.    3.2564999032E-05   -4.4719195081E-04   -3.9443797218E-04
H            1.   -1.1192191526E-04   -7.5393103679E-05   -5.5846301495E-05
O            8.    1.7454743916E-03    6.9046607455E-03   -4.3170450742E-03
O            8.   -4.4064443258E-04    1.3917295584E-04    1.3448870020E-04
H            1.    1.3270975366E-05   -7.4963037886E-05   -5.1617135192E-05
H            1.   -1.7117765920E-03   -6.7444015810E-03    4.3795845607E-03
H            1.    1.0248747947E-04   -1.6988844893E-04   -7.2542609784E-05
H            1.    6.4430448581E-05    1.7027855884E-04   -5.3606138549E-04
H            1.    6.6238229459E-04   -8.1274114583E-05   -2.3363869698E-05
 $END
-------------------- DATA FROM NSERCH=  13 --------------------
 COORDINATES OF SYMMETRY UNIQUE ATOMS (ANGS)
   ATOM   CHARGE       X              Y              Z
 ------------------------------------------------------------
 CL         17.0   3.1038427804   0.7098939294   0.4038122589
 C           6.0   2.7475364934   0.1235960043  -1.3481673605
 C           6.0   3.3554143049   1.0926041474  -2.3385038550
 O           8.0   2.6839370072   2.3197552734  -2.2873820706
 H           1.0   1.6638578522   0.1032106927  -1.4390646401
 H           1.0   3.1900071349  -0.8640301318  -1.4321991535
 O           8.0   3.2334464755   0.4787767111  -3.6842386624
 O           8.0   3.7599320348   2.8092300745  -4.5314061145
 H           1.0   3.1789359186   3.1489124108  -5.2487661893
 H           1.0   3.6618983711   1.7916978882  -4.4921167201
 H           1.0   2.2739869041   0.3100873526  -3.8650236419
 H           1.0   4.4378651905   1.1593016354  -2.2068131713
 H           1.0   3.0696165819   2.8438976601  -3.0884013553
--- CLOSED SHELL ORBITALS --- GENERATED AT 10:09:52 30-JUL-2026    
Chloroacetaldehyde hydrate and water                                            
E(R-WB97X-D)=     -762.3137872602, E(NUC)=  315.7816757504,    7 ITERS
 $VEC   
 1  1 9.85802691E-01 5.34288813E-02-2.07681071E-05-4.02608439E-05-1.72776109E-04
 1  2-1.87699358E-02 6.04252984E-05 1.23453014E-04 6.47166323E-04 1.02697591E-02
 1  3-2.40790837E-04-4.69044187E-04-1.79245536E-03-3.29889592E-05-4.19918597E-04
 1  4-5.39720917E-06-1.79667753E-05-1.44558069E-04 7.64392086E-04 2.02347026E-05
 1  5 3.36218390E-04-1.44523073E-03 7.81437922E-05 6.25839801E-04-2.34457161E-05
 1  6 1.81747831E-05 3.42264295E-04-1.93879377E-03 5.94750828E-04-2.51980774E-05
 1  7-1.80384292E-03-1.90060756E-05-1.35586982E-04-2.07328896E-05 1.36574994E-05
 1  8 2.66658789E-05 6.45501614E-04 1.60487760E-04-2.92228713E-04 1.10174196E-04
 1  9 1.53596520E-04-8.23904033E-04 2.06312822E-04-7.61711419E-04 1.28867083E-05
 1 10 1.27212516E-04 2.02267433E-05 1.30674018E-05 4.61279391E-05-4.94625582E-04
 1 11-1.11686660E-04-9.82589166E-05-2.37424724E-04-1.38175465E-06-7.61216361E-06
 1 12-1.25319897E-06-2.96844755E-06 2.58254145E-05 6.48067299E-05-3.79368264E-07
 1 13-1.16497948E-05-7.84474023E-05-3.35508811E-05 3.00093134E-05 4.20054644E-05
 1 14-2.38394768E-04-2.34420668E-05-4.23151553E-05 2.91513956E-04-2.80743332E-04
 1 15-4.13933548E-05 1.92916010E-05
 2  1-9.04495338E-06 6.11469801E-05 1.49381115E-05 3.53217329E-05-6.38160243E-05
 2  2-9.60839061E-04-8.45571356E-05-2.09344632E-04 4.40766749E-04 1.43526358E-03
 2  3 2.77449885E-04 7.33657115E-04-1.50809537E-03 2.61424178E-04 8.83653212E-04
 2  4-2.91903894E-04-2.51376479E-04 8.05070037E-04-7.85436716E-03-7.30597781E-04
 2  5-2.12227374E-03 3.76951302E-03-1.12883259E-03-4.82736111E-03-8.99131961E-05
 2  6-2.33545129E-05-1.46041703E-03 2.50250940E-02-4.48219267E-03-5.86306816E-03
 2  7-8.50517369E-03 5.41185722E-03 1.92566153E-03-1.10160659E-04-3.40902162E-04
 2  8-3.67914107E-04-5.04158988E-03-2.24685623E-04 3.39168874E-03 2.29581809E-03
 2  9 9.98555481E-04-7.81604885E-04 3.85514955E-04 5.39135032E-05 9.82599571E-01
 2 10 1.04942446E-01-2.00460539E-03 1.61276376E-03 2.10274462E-03-5.06605695E-02
 2 11 3.73613386E-03-5.39220077E-03-7.61561332E-03 5.68161284E-03 1.83525870E-03
 2 12 1.20788998E-04-5.54660377E-04 3.63960296E-05-3.97670033E-03-2.38024506E-04
 2 13 2.94771544E-03-2.81745137E-04 3.44997333E-04-1.29789998E-03 6.10314754E-04
 2 14 6.18376174E-03 3.38633562E-03 4.68863489E-03-1.54331349E-03-1.40735919E-03
 2 15 4.51561212E-04-9.97334108E-04
 3  1 6.38548567E-06-5.06296209E-05-2.24277325E-05 2.48771732E-05 3.98988026E-05
 3  2 4.67541457E-04 1.52071449E-04-1.24328435E-04-2.42120244E-04-5.77971285E-04
 3  3-6.78969081E-04 4.43581823E-04 3.53508953E-04 2.01066923E-04 7.17366776E-04
 3  4-5.36121262E-04-5.70214952E-04 4.53558181E-04-6.31339416E-03 3.24182977E-03
 3  5-3.85172763E-03 2.26024596E-03-9.19625532E-04-3.71488111E-03-3.15698576E-04
 3  6 2.02870851E-03-1.93934265E-04 2.32458378E-02-1.02140999E-02 8.59717076E-03
 3  7-5.96715908E-04 9.61086235E-01 1.03481979E-01 2.62638895E-03-1.78317062E-03
 3  8-2.19591114E-03-5.33598880E-02-7.41949291E-03 7.09624556E-03 5.87939003E-03
 3  9 9.03875767E-04 1.82701941E-03-4.89728048E-04-1.73619188E-04-6.06289616E-03
 3 10 9.30662280E-04-2.35379610E-04 5.20419960E-04 6.10794386E-05-4.82783801E-03
 3 11 1.43648464E-03-3.48480952E-03-1.89976180E-03 2.05040722E-01 2.26779357E-02
 3 12-6.16852596E-04-2.99159197E-04 5.00649401E-04-1.17989218E-02 1.76030898E-03
 3 13 9.01264516E-04-2.55489820E-03 7.94104254E-04 2.80387608E-04 9.34986331E-04
 3 14 1.33271932E-03 9.19987614E-04-1.46484703E-03-8.79035489E-04 1.76113334E-04
 3 15 3.15470538E-03 9.39556541E-03
 4  1-1.02202385E-06 8.51574712E-06 1.48339942E-05-9.83998619E-06-6.69842685E-06
 4  2-7.07967909E-05-8.33089869E-05 4.72059751E-05 4.39811909E-05 4.72959284E-05
 4  3 2.10055917E-04-8.74609760E-05-2.58796387E-05-3.53853790E-05-2.17104010E-05
 4  4 5.83817269E-05 2.25859551E-04-2.09635527E-04 1.29548324E-03-3.64549678E-04
 4  5 6.77969119E-04-3.79100271E-04 2.92463399E-04 1.43064822E-03 9.31850083E-05
 4  6-4.66929813E-04-2.79678876E-05-7.01290452E-03 2.54733584E-03-2.33960387E-03
 4  7 6.89697888E-04-2.04875350E-01-2.08117499E-02-4.85075221E-04 8.91943495E-04
 4  8 1.71096068E-04 7.52614620E-03 9.74097451E-04-3.85010385E-03 7.16099573E-04
 4  9-2.02123714E-04 1.28106913E-05 1.22079066E-04-1.94440742E-04-4.25024467E-03
 4 10 3.80305395E-04 3.90729021E-04 4.22211144E-04-5.80409066E-04-1.27555661E-03
 4 11-1.54530603E-03-1.58015151E-03 2.66942104E-03 9.60772311E-01 1.00769279E-01
 4 12-2.10079309E-03-1.71929339E-03-1.23725455E-03-4.32913857E-02 4.36603684E-03
 4 13 4.52882727E-03 2.19593415E-03 2.93645700E-03 5.69995655E-03 2.33963247E-03
 4 14 1.05789815E-02 2.97549397E-04-1.07841127E-03 5.58465649E-04-7.03939973E-04
 4 15-4.28246653E-04 4.90150982E-03
 5  1 7.55928810E-05-9.79412831E-05-6.17513254E-06 4.31868528E-05-2.11772587E-04
 5  2-2.17075783E-03 5.23701213E-05-2.85288458E-04 1.44448753E-03 2.82854175E-03
 5  3-6.01193077E-04-1.27445089E-04-2.18397909E-03-9.88352619E-03-4.18345442E-03
 5  4-2.04583409E-04-2.79953581E-04 7.39298252E-05 2.58640711E-02 6.73074441E-03
 5  5 9.99259105E-03-1.24561428E-02 9.86569998E-01 1.10662501E-01-1.63702573E-04
 5  6-8.00699298E-04 6.18811129E-05-8.58469933E-02 2.33879212E-03 1.00938555E-02
 5  7-6.11665478E-03-5.03241228E-05-4.37577692E-04 3.66607087E-04 1.37945922E-04
 5  8-2.45942029E-04 7.90866887E-03-3.79753035E-04-3.46388993E-03 1.32219521E-03
 5  9-1.53772008E-03 1.41726824E-03-1.60308495E-03 1.30571420E-03-1.95629403E-04
 5 10-9.45340091E-04-2.67593223E-05 3.34537978E-04 1.68763604E-04 9.87476331E-03
 5 11 4.63073730E-04 6.83570433E-04 5.03760680E-03 5.44080768E-05 4.47772594E-04
 5 12 1.08623389E-05 1.12067256E-04-9.09720496E-05-1.71601889E-03 1.51859756E-04
 5 13 2.84769666E-05-9.54575378E-05 4.85329875E-04-7.99683354E-04-4.12011140E-04
 5 14 2.45062679E-03-6.75158906E-04 3.24107443E-03-1.80361094E-04 1.67967607E-02
 5 15-5.76006086E-05 3.44231610E-03
 6  1-2.07485622E-05-1.78700558E-04 6.37557653E-05 1.04096991E-04 3.26201748E-04
 6  2-2.15438743E-03-3.80491654E-04-6.21899049E-04-1.88034729E-03 1.30864989E-02
 6  3-1.36083578E-03-2.25422290E-03-8.67487500E-03 9.86481229E-01 1.11917932E-01
 6  4 3.29546418E-04 5.70414072E-04 1.11549622E-03-8.98446728E-02-3.09261932E-03
 6  5-5.04551038E-03 2.41791485E-03 9.21275831E-03-1.80907478E-03 2.59052977E-04
 6  6 2.96344915E-04-1.35678080E-05 2.27856394E-02-5.49984651E-03-9.08928845E-03
 6  7 8.92790485E-03 3.61722880E-05-1.12321559E-05 6.23545863E-05 5.43592308E-04
 6  8-3.74639188E-04-1.29351175E-03-2.73463330E-04-6.23568768E-04 8.45774842E-04
 6  9-6.62155542E-05 1.55094408E-02-1.17079153E-04 1.55172305E-02 2.18998427E-05
 6 10-9.92757080E-05 2.02440153E-04 1.77649698E-04-4.43253084E-04-1.01225035E-03
 6 11-5.31412896E-04-5.02794818E-04 1.24362323E-04 2.32696472E-05 1.82785932E-04
 6 12-5.25504759E-05 4.16514270E-05-1.02189030E-04-7.83292903E-04 2.31087104E-04
 6 13 4.31954187E-05 2.63867096E-04 3.22111342E-04-3.31906965E-04-1.02758456E-04
 6 14 1.50228971E-03-5.23528166E-04 2.30323108E-04-1.31401568E-03 9.01462812E-04
 6 15 5.26116032E-04 1.34617062E-03
 7  1-3.05120770E-01 9.77064932E-01-1.69037410E-03-3.03915291E-03-8.47499049E-03
 7  2 1.54294670E-01-6.49263163E-04-1.25218694E-03-5.18966462E-03-6.77665129E-02
 7  3 1.73591054E-03 3.30992178E-03 1.20147969E-02 1.05732336E-05 1.68700046E-03
 7  4-4.66826316E-05-6.29051787E-06 4.24817422E-04-2.24676183E-03 2.82729425E-04
 7  5-1.39725930E-03 9.62281230E-03-4.49112247E-05-3.26363903E-03 1.46491080E-04
 7  6-1.25139521E-04-1.95232672E-03 1.03512952E-02-3.52941597E-03 2.59875042E-04
 7  7 1.04103418E-02 9.64967338E-05 6.53264384E-04 8.84175720E-05-8.13947928E-05
 7  8-1.26860724E-04-3.50824569E-03-8.40554002E-04 1.65435740E-03-6.36374684E-04
 7  9-9.82435948E-04 4.97490567E-03-1.28762496E-03 4.57536829E-03-7.50451124E-05
 7 10-6.88919601E-04-1.04555115E-04-5.38248741E-05-2.64118379E-04 2.97664617E-03
 7 11 6.38711382E-04 5.46380493E-04 1.56784132E-03 8.36210389E-06 4.99013276E-05
 7 12 7.40740194E-06 9.29077288E-06-1.26609974E-04-3.99015825E-04-3.64808161E-06
 7 13 1.00023718E-04 4.17351764E-04 1.81431902E-04-1.92818740E-04-2.27919589E-04
 7 14 1.43009592E-03 7.12019911E-05 4.13350853E-04-1.59365156E-03 1.91024794E-03
 7 15 1.86376000E-04-8.62815865E-05
 8  1-3.25767327E-03 1.10279382E-02 1.81385545E-01 2.98288048E-01 9.05728430E-01
 8  2-3.15936862E-03 1.66041775E-02 2.73672140E-02 8.43558402E-02 4.60769269E-03
 8  3-5.34656225E-03-8.99075164E-03-2.89595336E-02-7.13126892E-04-4.38179188E-03
 8  4-2.71689969E-05-1.00606545E-04-3.45224710E-04 9.14759043E-03 1.34555241E-03
 8  5 3.14185573E-03-2.96903639E-03 3.76867437E-04 2.73349011E-03 1.36209910E-05
 8  6 9.68662058E-05 9.24054026E-04-1.07146785E-02 2.06446919E-03 8.25272988E-04
 8  7-8.52306657E-03-6.66287212E-05-3.86125464E-04-1.12201513E-04-8.01846600E-05
 8  8 1.10423460E-04 2.42363680E-03 8.07137576E-04-8.06238493E-04 3.11479674E-04
 8  9-2.28008128E-04-3.86315787E-03-6.68022470E-05-3.58603914E-03 3.63375806E-05
 8 10 2.87664990E-04 7.67046338E-05 1.17344276E-04 1.11782450E-05-1.67879070E-03
 8 11-4.30133947E-04-6.70182904E-04-3.34907959E-04-6.19981014E-06-3.59603102E-05
 8 12 3.42770768E-06-2.31358138E-05 8.45131518E-05 2.96875280E-04-3.05871903E-05
 8 13 1.69748741E-06-2.76290722E-04-1.41330741E-04 1.39316934E-04 2.12179763E-04
 8 14-9.97844286E-04-3.13088812E-04 3.28364339E-04 1.19076699E-03-3.34691837E-04
 8 15-2.09003818E-04-2.28971519E-04
 9  1 3.10430790E-06-5.79120799E-05 7.20221719E-01 5.62661566E-01-3.29347060E-01
 9  2 4.53512493E-04 6.45876985E-02 5.04893838E-02-3.00382916E-02 2.24741605E-04
 9  3-2.02399340E-02-1.59389934E-02 9.23096774E-03 2.01187967E-05 1.33803455E-04
 9  4-4.44324211E-05 8.59925235E-05 5.21742772E-04-7.06213513E-04 9.77779199E-04
 9  5-9.25670863E-04-2.20095666E-03-9.99257463E-05-9.97444368E-04 9.55961813E-05
 9  6-1.29362337E-04-8.87204434E-04 9.03430369E-04-1.00320071E-03 2.07828756E-03
 9  7 5.07134844E-03 3.25327789E-05 1.66443934E-04 7.29427344E-05 2.13238888E-05
 9  8-8.36920588E-05-1.37674856E-03-5.72921160E-04 4.54032793E-04-2.15899132E-04
 9  9 6.55801475E-04-1.76981935E-03-4.37316374E-06-1.02476855E-03-5.44135440E-05
 9 10-3.94450664E-04-9.08387970E-05-9.97289376E-05-8.09797030E-05 2.07463346E-03
 9 11 5.04160650E-04 6.66114956E-04 9.67064565E-04-1.35642201E-06-1.73332795E-05
 9 12 1.37546325E-05 1.42588196E-05-3.97082338E-05-2.30979630E-05-4.20817268E-05
 9 13-2.36638611E-05 1.47450429E-04 3.45822750E-05-3.17082463E-05-6.55316158E-05
 9 14 3.45741258E-04-4.89245565E-06 5.29787837E-04-1.01252324E-03 2.28361031E-03
 9 15 1.50078317E-04-1.38155589E-04
10  1-5.14927473E-05 1.58943154E-04-6.26281827E-01 7.33622190E-01-1.16134310E-01
10  2 7.07290077E-05-5.60109183E-02 6.56712011E-02-1.05366443E-02 2.14011633E-04
10  3 1.70479787E-02-2.02770205E-02 3.14697583E-03-1.43126012E-06 1.39702995E-05
10  4 4.90720629E-05 1.47627389E-05 1.64955947E-04 2.76475463E-04-1.34604901E-03
10  5 1.08426659E-03-1.02462154E-03-4.89623326E-05-6.07156156E-04-1.83100992E-05
10  6-2.11669862E-04-2.07149398E-04 1.33624783E-03 1.18347173E-03 9.23933675E-04
10  7 9.10085819E-04-1.61977057E-06-1.14627036E-04 6.17879542E-05 1.15422921E-04
10  8-3.89638353E-04-2.07636644E-04-3.99888378E-04-3.00671231E-04 1.13642413E-03
10  9-5.96458279E-04 1.25129945E-03 7.60554911E-04-2.01295286E-03-1.55717706E-05
10 10-1.36577233E-04-1.39058047E-05 3.04862605E-05-4.95508932E-05 5.49272257E-04
10 11-1.50143409E-05-8.59788037E-05 2.74850602E-04 8.04310812E-06 6.98425977E-05
10 12-1.83517282E-06-5.78499797E-06 2.72187929E-05-2.13227852E-04 2.05371162E-05
10 13 5.19663377E-05-1.19944431E-04 1.54118265E-05-8.08271281E-05-2.65246134E-05
10 14 2.22799282E-04 4.96820012E-05-1.36843589E-04-6.90921871E-06-1.57733622E-03
10 15 2.93386303E-04 3.83485259E-04
11  1 1.84287874E-03-1.04580784E-02 3.22432407E-04 1.84901540E-04 3.42746140E-03
11  2 1.44999674E-02-5.55504165E-04-2.21261682E-04-7.09012673E-03 3.80402120E-03
11  3 8.84619566E-04-3.68224081E-04 2.48745426E-03-2.47157485E-02 2.19027575E-02
11  4 7.23445284E-03 1.54195156E-02-1.91781739E-02 5.10960252E-02-1.05363313E-02
11  5 7.78120494E-03-6.45542725E-03-9.82538874E-02 1.07138395E-01-3.58153510E-02
11  6 1.88327930E-02-4.84088843E-02 1.54340374E-01 1.34496906E-02-7.76780613E-03
11  7 4.67879114E-04-1.17843130E-01 1.05609371E-01 4.06890518E-02-3.94069437E-02
11  8-3.26419454E-02 3.59032199E-01 4.42404183E-02-4.14260800E-02-4.39203720E-02
11  9 5.75905506E-03-5.36861774E-03 7.70287155E-03-2.78064385E-04-1.65052603E-01
11 10 1.51052743E-01-5.00116045E-02 2.76471380E-02 4.54623582E-02 5.03925127E-01
11 11-5.39549362E-02 4.07489164E-02 4.95377672E-02-4.36097219E-02 3.81871841E-02
11 12-1.30334936E-02-1.38687238E-02-2.88498359E-03 1.34619996E-01-1.57944939E-02
11 13-1.69109512E-02 3.78789122E-03 1.74588969E-02 6.33963196E-03 3.46005894E-02
11 14 7.30614387E-03 7.47347227E-02 1.17994284E-02 2.67822414E-02-1.23175399E-02
11 15 4.84902616E-02 2.97747056E-03
12  1 1.45428388E-03-8.28038892E-03 3.88046406E-04-4.30704806E-05 1.76745598E-03
12  2 8.46497414E-03-9.02317478E-04-4.79384363E-04-2.07228603E-03 6.18871758E-03
12  3 2.11048215E-03 3.36437646E-03-2.02851027E-03-2.00185903E-03 1.41675188E-03
12  4-1.26763700E-03 8.91756721E-03 5.55419755E-03 4.58348381E-03-6.34413587E-03
12  5 1.73349699E-02 1.24093277E-02-1.75961815E-02 1.61034045E-02-2.65543537E-02
12  6 9.31208254E-02 5.09064617E-02 3.05430166E-02 6.49845242E-03 6.29544111E-03
12  7-2.35711589E-03-1.53118240E-01 1.40900357E-01 4.93284364E-02-2.46890973E-02
12  8-3.77173876E-02 4.80161762E-01 5.57765804E-02-3.16160699E-02-4.02580647E-02
12  9 7.16825152E-04-2.38971968E-03 4.05152176E-04 3.07726669E-03 1.49239547E-01
12 10-1.39846190E-01 5.32377451E-02-2.83973602E-03-2.44104065E-02-4.75155949E-01
12 11 4.81467067E-02-6.85312534E-03-3.83867718E-02-9.11246082E-02 8.30412957E-02
12 12-2.78408677E-02-1.36648743E-02-1.49788958E-02 2.86899979E-01-2.93118023E-02
12 13-1.85231932E-02-9.95450430E-03 4.59930392E-02 1.18684268E-02 2.69605854E-02
12 14-3.22277035E-03-8.14281936E-02-1.36952668E-02 2.47311517E-03-6.36634765E-03
12 15 7.43513443E-02 1.66979134E-02
13  1-2.13228117E-03 1.21797142E-02-4.43733593E-04-2.54096644E-04-2.98224450E-03
13  2-1.52417573E-02 9.41818315E-04 7.03861686E-04 5.56484685E-03-7.62318888E-03
13  3-1.40032583E-03-1.61895776E-03 2.67895444E-04 1.26438655E-02-1.31118857E-02
13  4-2.43675480E-03-1.04709137E-02 4.17941221E-03-1.54515266E-02 8.96645713E-03
13  5-5.02370053E-03-8.53413654E-03 3.74981375E-02-4.17420203E-02 2.42833832E-02
13  6-4.49267747E-02-1.32241566E-02-6.95090642E-02 3.06501579E-03 1.16967222E-02
13  7-1.46995559E-02 9.70862225E-02-8.90200981E-02-2.98035375E-02 2.84020825E-02
13  8 1.62000107E-02-3.08368497E-01-3.51433052E-02 2.79611717E-02 2.09685434E-02
13  9-4.36266591E-03 2.83721381E-03-4.65622045E-03-3.42483822E-04-2.76219930E-02
13 10 2.43528078E-02-6.48509786E-03 4.13431143E-03-8.30120670E-03 9.28895602E-02
13 11-3.48673854E-03 7.19468506E-03-6.48413026E-03-2.05427831E-01 1.91758383E-01
13 12-5.84165547E-02-4.12958294E-02-4.99623216E-02 6.35930624E-01-5.90997960E-02
13 13-4.72530348E-02-4.64962560E-02 1.07993924E-01 2.36187536E-02 9.55959543E-02
13 14 1.48414416E-02 1.33576552E-02 6.04262872E-03-1.10333094E-02 6.64268508E-03
13 15-1.68565952E-02 6.06472755E-03
14  1 6.38116010E-02-3.68168112E-01 8.45725176E-03 1.48524167E-02 4.54978596E-02
14  2 4.69707985E-01-1.72881202E-02-2.99458995E-02-9.21813766E-02 3.15678913E-01
14  3-1.07409526E-03-4.21686491E-03-8.30124941E-03-1.26202880E-01 1.08243474E-01
14  4 1.74686779E-02 2.49543981E-02 4.14051013E-02 3.85891513E-01 2.06973554E-02
14  5 2.42680328E-02 4.11119275E-02-3.42479853E-02 4.00958347E-02-6.03617248E-03
14  6-4.59982765E-02 5.37067899E-02 4.74819598E-02 5.00490182E-03-5.37695241E-03
14  7-9.51209295E-03 3.46590281E-02-3.14714452E-02-9.95194384E-03-1.29329961E-02
14  8 2.33410468E-02-1.18140651E-01-1.06915184E-02-3.32092396E-03 2.24176920E-02
14  9 5.21726472E-02-1.35301579E-02 5.27701341E-02-1.67495745E-02 2.11566564E-02
14 10-1.86950466E-02 1.11016442E-02-4.03240375E-03 1.16605429E-02-7.87514399E-02
14 11 9.82063527E-03-8.33314990E-03 3.96605210E-03-9.09944752E-03 8.48250979E-03
14 12-1.95072978E-03 2.38826077E-04-6.39575208E-03 3.16661616E-02-1.40278777E-03
14 13-6.00586631E-04-7.06285463E-03 6.75523393E-03 3.05247971E-03 1.14927727E-03
14 14-7.73544332E-03-1.48072040E-02-5.35569053E-03 1.99112853E-02-2.72181132E-03
14 15-2.41124770E-02-1.20484325E-02
15  1 4.73135953E-02-2.75653431E-01 9.01999528E-05-4.10609098E-04-1.30952237E-02
15  2 3.40424382E-01-9.68948203E-04-1.17830530E-03 2.41605964E-02 3.31016665E-01
15  3-3.68115100E-03-4.30394250E-03-1.27830004E-02 1.23747498E-01-1.26974017E-01
15  4-1.92848130E-02-1.91931161E-02 1.06736506E-01-3.32929437E-01-5.50265146E-03
15  5 1.01603887E-02 3.18053854E-02 1.14834420E-01-1.14858670E-01 7.67886931E-03
15  6 8.63445366E-02-7.05147287E-02-3.20535306E-01 2.45266180E-03 4.33015534E-02
15  7-3.19844559E-02-4.82750347E-02 4.18132080E-02 3.85945229E-03 5.98780089E-02
15  8-4.27151535E-02 1.89799853E-01 8.71212764E-03 3.26429567E-02-3.59646780E-02
15  9-6.97505396E-02-5.86125375E-03-7.34405655E-02-2.61362900E-04-4.72242032E-02
15 10 4.20435901E-02-4.78775391E-02-6.77327212E-03-7.31833354E-02 1.85220683E-01
15 11-4.19123978E-02 7.80799728E-04-4.64301754E-02 1.03523610E-02-9.22692067E-03
15 12 1.22113342E-03-5.10410661E-03 1.45153578E-02-4.05756481E-02-6.14793311E-04
15 13-2.08191682E-03 1.28800113E-02-1.22397644E-02-7.00138139E-03 5.89667040E-03
15 14 1.70546086E-02 5.33912755E-02 3.43704941E-02-6.53901166E-02 7.48723682E-04
15 15 5.09423508E-02 3.27177177E-02
16  1 1.79755693E-02-1.05596380E-01-1.41837781E-02-1.63360594E-02-2.60218954E-02
16  2 1.31618930E-01 2.83411741E-02 3.30200108E-02 5.04760028E-02 1.49728381E-01
16  3 1.37141201E-02 1.24620909E-02 1.25054396E-02 1.07238166E-01-9.53028552E-02
16  4 8.38145750E-02 7.45426183E-02-1.43957141E-02-4.01892649E-01 4.38832869E-02
16  5 2.23589248E-02 9.85740117E-03-1.20498712E-01 1.17429182E-01 1.28306796E-01
16  6 1.80178744E-02-5.81735106E-02 4.30442494E-01 8.61765443E-02-7.30952326E-03
16  7-1.48967277E-02 4.70266936E-02-4.24168036E-02 4.51347015E-02-6.75941875E-02
16  8 2.02785165E-02-1.90320169E-01 3.32958766E-02-4.92068530E-02 1.74567592E-02
16  9-1.10402849E-01-3.69425527E-02-8.50661126E-02-2.80556555E-02 1.66788292E-02
16 10-1.50080547E-02 1.44239529E-01 8.03886183E-02 1.15392660E-01-8.02889494E-02
16 11 1.25098564E-01 6.99240508E-02 8.97725742E-02 6.51073603E-04-1.68693973E-03
16 12 9.53484188E-03-1.83072749E-02 4.56091299E-03 2.87823658E-03 1.06062186E-02
16 13-1.81289696E-02 8.26646877E-03-9.21415948E-03-4.86534450E-03 1.57935593E-02
16 14 2.86092694E-03-1.14307849E-01-7.58010322E-02 1.34934133E-01 3.21400741E-02
16 15-4.01469530E-02-3.95943688E-02
17  1-5.17363213E-03 3.06223324E-02 1.99551677E-03 2.60469143E-02 1.11475628E-02
17  2-3.61495776E-02-3.98600110E-03-5.34878765E-02-2.19702007E-02-5.66884716E-02
17  3-1.54467772E-03-2.91094726E-02-1.68331040E-03-4.32645964E-02 3.34789944E-02
17  4 1.35604917E-02-1.57910255E-01 4.65804233E-02 2.13808561E-01 3.67327513E-02
17  5-9.04231975E-02 2.03530967E-02 3.88675814E-02-4.26982222E-02 1.48625697E-01
17  6-7.20085931E-02-1.11017461E-01-1.35260804E-01 1.19244830E-01-1.93728178E-03
17  7-1.08933298E-01-1.51223743E-03-1.33383241E-03 1.97667603E-02 1.96119961E-01
17  8-1.36219174E-01 1.88111616E-02 1.89228201E-02 1.66816694E-01-1.20176370E-01
17  9 2.21103395E-02 8.14322686E-03 1.07535721E-01 4.95440794E-02-1.27790632E-02
17 10 1.07991714E-02 1.54459909E-01 6.62551085E-02 3.79040422E-02 4.89632989E-02
17 11 1.40360777E-01 6.19882605E-02 3.11770045E-02 1.06352939E-02-1.22106648E-02
17 12 3.36121139E-02-1.06855214E-01 1.25617786E-01-3.77301507E-02 2.62358545E-02
17 13-9.51732814E-02 1.21744456E-01-1.02190112E-01-6.83265947E-02 7.61191273E-02
17 14 6.27677455E-02-9.94020102E-02-6.09162756E-02 3.62431144E-02 2.28763637E-02
17 15 1.38441707E-01 1.01571020E-01
18  1 3.29123627E-03-1.95032959E-02-1.60779809E-02 5.25264854E-03-1.53397053E-02
18  2 2.26671606E-02 3.35352488E-02-1.10019531E-02 3.15088911E-02 4.04514215E-02
18  3 1.71164435E-02-9.91586458E-03 1.01035420E-02 7.98391234E-03-5.15700176E-03
18  4 9.41787987E-02-6.99531394E-02-2.18158720E-02-5.67983214E-02 6.60358758E-02
18  5-7.14907585E-02-2.54636001E-02 3.89609473E-03-3.69954336E-03 8.87479176E-02
18  6-1.08886474E-01-3.61358799E-02-1.92358918E-03 4.60080497E-02-8.72766128E-02
18  7 1.36601633E-02-2.11047292E-02 1.81863783E-02-9.23640043E-03 1.47000494E-01
18  8-6.09548377E-02 9.09498777E-02-5.42759822E-03 1.30557811E-01-5.22576577E-02
18  9-5.80849090E-02-3.04458272E-02 5.32548905E-02 3.20909070E-02-8.27498677E-03
18 10 9.67813556E-03-8.46493594E-04-9.31506196E-02 1.08569003E-01 3.30964983E-02
18 11-3.33834352E-03-9.72870740E-02 1.11520456E-01-1.17427123E-03 2.20371724E-03
18 12-9.83596700E-02 2.75937737E-01-1.22000898E-01 1.84481351E-03-8.66774463E-02
18 13 2.54511739E-01-1.12313896E-01 1.66771059E-01 1.21605089E-01-1.86748809E-01
18 14-1.58604698E-01 2.01810608E-03-5.73496402E-04 3.60453360E-02 1.98095310E-02
18 15 7.19437798E-02 7.58370456E-02
19  1-7.36058362E-03 4.34927018E-02-2.77636545E-02 4.62770313E-03 4.51314880E-02
19  2-5.43255292E-02 5.76965673E-02-9.95965681E-03-9.46039610E-02-7.07203031E-02
19  3 4.00823811E-02 1.60906617E-04-5.07014534E-02-3.84421832E-03-1.58745413E-03
19  4 1.98236678E-01 9.56720825E-03 3.39774626E-02 2.71254304E-02 1.56922589E-01
19  5 1.01187442E-02 2.18697714E-02-5.15372964E-03 6.90495500E-03 1.74029394E-01
19  6 3.29234773E-02 2.21223068E-01 1.13881200E-02 1.54399999E-01 3.41745398E-02
19  7 1.50475517E-01-5.50682643E-03 4.14499634E-03 6.38222355E-02 6.76420486E-02
19  8 6.42206838E-02 2.57840176E-02 5.91501650E-02 5.94208721E-02 6.11248009E-02
19  9-1.16776665E-01-7.17403454E-02 4.38651736E-02 2.47212025E-02-6.32360120E-03
19 10 6.99117126E-03-1.08269265E-01-1.19340650E-01-2.18386065E-01 2.67825282E-02
19 11-9.83033088E-02-1.17572923E-01-2.10847269E-01-1.46791202E-03 2.46058131E-03
19 12 2.31836036E-02-5.12839006E-02 3.29324287E-02 8.01030972E-04 2.25798752E-02
19 13-4.27067075E-02 2.70507255E-02-3.68018706E-02-2.98611646E-02 3.27173082E-02
19 14 4.01607823E-02 1.20139030E-01 9.66718009E-02 1.21135455E-01 6.50701012E-02
19 15 1.25322926E-02 1.53669947E-02
20  1-9.90549597E-03 5.87506298E-02 4.06753203E-02 4.21829450E-02 6.18247730E-02
20  2-7.35825985E-02-8.57770067E-02-8.93870278E-02-1.29127851E-01-1.10830998E-01
20  3-4.89946644E-02-4.73485459E-02-6.85793500E-02-1.07364996E-02 2.08431988E-04
20  4-1.31290538E-01-1.00038431E-01 1.88973216E-01 9.36862471E-02-1.09706867E-01
20  5-4.19020440E-02 1.58363850E-01 1.49412251E-02-1.11112659E-02 1.28690454E-01
20  6 2.28725268E-01-6.01151515E-02-4.20762159E-02 1.41773685E-01 1.36683090E-01
20  7-4.54955563E-02 5.82472205E-04-4.14674349E-03 9.07388166E-02-9.46855183E-02
20  8 6.88532817E-02 1.99233742E-02 8.69524409E-02-9.99996787E-02 6.93732934E-02
20  9 8.18566540E-02 4.49173794E-02 2.35998443E-02 2.69148154E-02-4.19301790E-02
20 10 3.86847670E-02 1.24149625E-01 5.94315713E-02-1.16826231E-01 1.75127870E-01
20 11 1.22649084E-01 5.55529268E-02-1.17367008E-01 2.18458835E-02-1.60562444E-02
20 12-5.80211393E-02 1.00622526E-01-1.40062141E-01-1.05257092E-01-5.27693465E-02
20 13 1.01711478E-01-1.35103936E-01 1.09750220E-01 7.97768488E-02-4.11271236E-02
20 14 3.57335020E-03-4.66214097E-02-2.36065806E-02 6.83729868E-02 3.49128555E-02
20 15-6.90469192E-02-8.81853225E-02
21  1-3.05024671E-03 1.80986303E-02 5.08226327E-02-4.85889554E-02 3.89046750E-02
21  2-2.03927174E-02-1.07178298E-01 1.02270465E-01-8.30178152E-02-3.65115207E-02
21  3-7.00159475E-02 7.11523182E-02-4.80955153E-02-5.63800195E-03 1.35338292E-03
21  4-1.98445774E-01 2.52013032E-01 1.04585835E-03 3.48058125E-02-1.91680074E-01
21  5 2.26660420E-01-7.45865929E-03-7.21939408E-05-3.52455436E-04 1.08685914E-01
21  6-9.46401953E-02 8.36579284E-02-3.62734962E-03 1.24084873E-01-5.75801693E-02
21  7 5.56654437E-02 7.95813039E-03-6.39494522E-03 4.03981677E-03 1.82681344E-01
21  8-2.16764347E-02-3.39275426E-02-7.45924985E-05 1.75146652E-01-1.21751586E-02
21  9 1.33608672E-01 7.74216819E-02-2.04723923E-01-1.34843623E-01-1.64138969E-02
21 10 1.62792650E-02 4.67858731E-02-7.40407180E-02-2.99271921E-02 6.63554621E-02
21 11 4.74708448E-02-7.79340977E-02-3.01400199E-02-5.46851698E-03 5.04461954E-03
21 12-7.05882260E-03 4.98314972E-02 6.36777806E-02 2.02892137E-02-5.28117488E-03
21 13 5.41233359E-02 6.47943139E-02-1.17474172E-02-9.95792255E-03-2.78217350E-02
21 14-2.18438420E-02-2.43356501E-03 4.98892919E-03 7.11668267E-02 4.11210102E-02
21 15 8.85778485E-02 1.07114403E-01
22  1-2.61752092E-03 1.55639542E-02-1.26742101E-02-1.13610141E-02 3.81717174E-02
22  2-2.09571645E-02 2.76457665E-02 2.22094719E-02-7.95036140E-02-3.00600362E-02
22  3 1.66265169E-02 2.77400402E-02-5.33719597E-02-5.25773580E-03 4.76725233E-03
22  4 1.06360254E-01 6.59343764E-02-7.79710935E-03-1.22504194E-02 6.19800062E-02
22  5 8.81176232E-02 1.26904168E-02 4.36417680E-02-4.49954873E-02-7.56397644E-02
22  6-1.29653150E-01 5.86708461E-02-1.46697344E-01-5.21533520E-02-1.24560318E-01
22  7 6.74492934E-02-7.21583513E-02 6.17009796E-02-1.67777107E-01 6.24193888E-02
22  8 1.45202650E-01 3.28241487E-01-1.67199889E-01 6.01212647E-02 1.56044521E-01
22  9-7.04001517E-02-6.15847230E-02-6.23290338E-03 2.62606287E-02-6.09986746E-02
22 10 5.39376169E-02 2.61961852E-01-3.83130535E-02-2.91989797E-02 2.70248007E-01
22 11 2.74691340E-01-4.45820569E-02-3.08063253E-02 1.65222832E-02-7.76680517E-03
22 12 1.98185317E-03-6.78161485E-02-1.13221281E-01-9.52124115E-02 7.16887738E-03
22 13-5.84781729E-02-1.33370946E-01 3.03999245E-02 7.44509810E-03 4.96661365E-02
22 14 9.40273793E-02-1.35978632E-01-1.04550689E-01-9.19335138E-02-5.82832536E-02
22 15-7.14414319E-02-5.57176637E-02
23  1 1.13243997E-02-6.75259105E-02-6.54947947E-03-4.78952015E-02-1.82200194E-01
23  2 6.74382768E-02 1.49408385E-02 1.01718934E-01 3.89382727E-01 1.86771425E-01
23  3-1.75367804E-03 5.98818530E-02 2.19878805E-01 8.66766100E-03 8.03167659E-03
23  4-1.38099391E-01-1.49250450E-01-1.64201279E-01-1.05077141E-01-1.63851486E-01
23  5-1.36504119E-01-1.83652275E-01 7.83448491E-04-7.46632932E-03 1.02277100E-01
23  6 2.84582402E-02 4.99674066E-02 3.57900808E-02 1.08914497E-01-4.11976115E-03
23  7 8.81031356E-02-2.76478263E-02 2.26491742E-02 1.72076516E-02 2.05188408E-02
23  8 1.19366461E-01 1.31887459E-01 1.77433139E-02 1.84913910E-02 1.27866185E-01
23  9 1.09383182E-01 8.73309325E-02 6.45807886E-02 7.97625088E-02-9.10849151E-03
23 10 9.48611761E-03 5.35331512E-02-1.32632145E-01-6.56077299E-02 3.96331753E-02
23 11 6.19022674E-02-1.48914530E-01-6.67987603E-02-1.89116290E-03 4.67476455E-03
23 12 4.22124957E-02-5.46764700E-02-4.77279679E-02 4.99477574E-04 5.16190080E-02
23 13-5.04975254E-02-6.02639712E-02-5.29800670E-03-1.34878693E-02 2.45430871E-02
23 14 3.55410977E-02 6.11702098E-03 1.31063381E-02 7.12808377E-02 5.58626136E-02
23 15-4.86161528E-02-4.77125112E-02
24  1-1.91779039E-03 1.12735949E-02 2.18483200E-02 3.69480359E-02 2.75633945E-02
24  2-2.03381051E-02-4.63353420E-02-7.99493551E-02-5.80170904E-02-5.21258985E-03
24  3-3.84400057E-02-5.79314104E-02-5.24944657E-02 1.27427711E-02-2.12399105E-02
24  4 4.12448495E-03-4.30036276E-02 7.61105140E-02-2.64417108E-02-2.07987030E-02
24  5-1.40951290E-02 3.38293847E-02 1.24145194E-02-9.57837425E-03-3.75804980E-02
24  6 6.05794894E-02-2.58974700E-02-6.25836245E-02 1.86998859E-02 1.65167492E-02
24  7-2.77666612E-02-9.68820021E-03 1.10161613E-02 2.31492565E-02-8.59244545E-02
24  8 1.10653826E-01 3.62815639E-02 3.09743055E-02-1.10001163E-01 1.42766972E-01
24  9-2.60027958E-02-3.26069020E-02 1.40200226E-02 4.13045855E-02-2.82563427E-02
24 10 2.72335103E-02 7.60533120E-02-1.82491545E-01 8.82094766E-02 1.25935708E-01
24 11 8.09652509E-02-2.16977017E-01 1.05952594E-01-8.13226180E-02 7.29739949E-02
24 12 2.54200775E-01 1.46473205E-01 1.97169187E-01 3.58174985E-01 2.94421421E-01
24 13 1.70987517E-01 2.03423588E-01-1.20427786E-01-1.06674460E-01-8.45183915E-02
24 14-9.66988689E-02-2.60241389E-02-3.93333034E-02-4.21659509E-02-2.75845747E-02
24 15-4.36500113E-02 2.46549757E-02
25  1-2.38759837E-03 1.40158335E-02 8.15545579E-02 6.97146336E-02 3.20417233E-02
25  2-2.36044477E-02-1.74342436E-01-1.50989708E-01-6.84717220E-02-1.13939252E-02
25  3-1.42541630E-01-1.10812012E-01-5.83155820E-02 2.80179443E-02-2.90083237E-02
25  4-3.75015029E-02-3.70143991E-02 1.13453917E-01-1.60788414E-01-5.20218773E-02
25  5-5.81492135E-02 1.04840020E-01-3.72956080E-03-4.53564090E-03 1.44862926E-01
25  6-5.50259298E-02-9.92317678E-02 7.26649241E-02 2.59269280E-02-5.00579453E-02
25  7-4.63684277E-03-4.62772542E-02 4.01242397E-02-1.21552592E-01 1.03362841E-01
25  8 1.11617695E-01 2.06097039E-01-1.34833357E-01 1.26829555E-01 1.18493424E-01
25  9-2.42194514E-03 2.25136738E-02-2.57506933E-02-1.81339041E-02 4.13302338E-02
25 10-3.76085629E-02-1.83514296E-01-2.11571141E-02 2.10817181E-01-1.82756472E-01
25 11-1.91449485E-01-1.99501596E-02 2.42863127E-01-1.95975160E-03 1.10482084E-03
25 12 1.00574010E-01-1.52129486E-01-1.41129882E-01 2.34045646E-02 1.17851500E-01
25 13-1.76539294E-01-1.73750021E-01-1.17292681E-02-8.89240915E-03 4.46114175E-02
25 14-2.04858719E-02 7.98211790E-02 6.49746232E-02 9.71084382E-02 1.07777035E-01
25 15-6.84541612E-02-8.27602001E-02
26  1-1.95675593E-04 1.12279525E-03-1.19192230E-01-1.90447332E-01 7.68952145E-02
26  2-6.72398668E-03 2.56802401E-01 4.09331714E-01-1.64421839E-01 1.31620425E-02
26  3 2.14626288E-01 3.49760569E-01-1.51433499E-01-3.22207781E-03 2.25510606E-04
26  4-4.87902361E-02-8.92034637E-02 2.63345689E-02 3.29061839E-02-9.59335904E-03
26  5-4.78578007E-02-1.42564018E-02 2.31171710E-02-2.22026713E-02 6.28223587E-02
26  6 2.19213607E-02-9.38192750E-02-1.20039311E-01 2.10699051E-02 9.10448448E-02
26  7-3.51098014E-02-1.52349645E-02 1.58619595E-02-3.15368899E-02 5.91960830E-02
26  8 9.25910493E-02 4.96182964E-02-4.47703206E-02 7.25593679E-02 1.06416987E-01
26  9 4.43094157E-02 6.20063323E-02 4.91408301E-02 4.11283912E-02 7.38322277E-03
26 10-1.03127492E-02-7.33647804E-02 1.69436844E-01 4.16277073E-02-8.05006694E-03
26 11-7.71139440E-02 1.93401370E-01 6.75842598E-02-1.60050910E-02 1.53381463E-02
26 12 1.28977459E-01 6.03054821E-02-2.48136412E-02 6.74198956E-02 1.54152266E-01
26 13 6.68928066E-02-3.31346329E-02-1.39461566E-02-9.87429805E-03-1.97240824E-02
26 14-2.05729097E-02 1.91450386E-02 9.46866210E-03 2.05940769E-02 4.95763388E-02
26 15-3.77191213E-02-1.99329644E-02
27  1-2.43368142E-04 1.43208479E-03-2.19830126E-01 1.58130208E-01-1.11817213E-02
27  2-3.19869931E-03 4.73471336E-01-3.40698129E-01 2.43213269E-02 5.12194343E-04
27  3 4.05684948E-01-2.89858734E-01 1.87051239E-02 2.85549731E-03-1.33773569E-04
27  4-1.14420038E-01 6.66894709E-02-7.88950753E-05-3.36380267E-02-6.46604576E-02
27  5 3.09227582E-02 1.20744052E-02-1.29079019E-03-1.17694309E-03 3.55461165E-02
27  6-1.49943967E-02 4.30560640E-03 1.45936079E-02-1.95247714E-02-6.65664254E-03
27  7 1.03697001E-02-7.27451316E-03 9.32138340E-03-6.61735597E-02 2.38681762E-02
27  8 4.08784330E-04 1.80221770E-02-7.78201214E-02 3.48833205E-02-1.75309384E-03
27  9 9.45186147E-02 1.13428689E-01-9.26302361E-02-1.00829174E-01 1.02682644E-03
27 10 6.78831153E-04-4.55665188E-04 1.81318992E-02-1.58269385E-02-1.07852860E-02
27 11 5.71492317E-03 2.02221425E-02-1.92888800E-02-4.62194540E-03 4.83175417E-03
27 12 4.72251019E-02 1.64496564E-02-1.38773708E-02 1.71994647E-02 5.60620631E-02
27 13 2.00048857E-02-1.81761455E-02-5.00285776E-03-3.49144647E-03-5.55011184E-03
27 14 1.15476562E-03 5.69720531E-03 9.00303946E-03 3.95316022E-02 7.21548364E-02
27 15-7.83836073E-03-4.80645290E-03
28  1-6.88980750E-05 6.31053997E-04 7.52118567E-02 4.53677991E-02-7.27645775E-02
28  2 1.86071419E-03-1.61994347E-01-9.82196193E-02 1.58249427E-01-1.99434054E-02
28  3-1.37089151E-01-7.46094541E-02 1.43297975E-01-4.85657158E-03 1.59235709E-02
28  4 4.45856339E-02 3.17904387E-03-4.98314497E-02-3.00614615E-02 4.57133456E-02
28  5 7.45629498E-03 3.93438825E-02-9.91144713E-03 1.75718816E-03 5.61225630E-02
28  6-6.91255186E-02 5.07264275E-02 8.50960735E-02-4.32340003E-02-3.45023609E-02
28  7 3.59027484E-02-1.70510535E-02 2.20411198E-02-2.28570847E-01 2.95476303E-02
28  8 6.97075083E-02 2.77090390E-02-2.73318911E-01 3.77845955E-02 7.97406269E-02
28  9-1.84885613E-02 1.09861715E-02 2.19195178E-02 5.83520394E-03 4.47509197E-03
28 10-1.14623362E-03-3.66313380E-02 3.06966780E-01-1.68472692E-01-3.17090493E-02
28 11-3.23837143E-02 3.55040835E-01-2.03425918E-01-1.83695585E-02 1.98012799E-02
28 12 6.22773569E-02 1.86596757E-01 1.04887589E-01 6.01799474E-02 7.36049729E-02
28 13 2.15661476E-01 1.15428516E-01-1.74133204E-02-1.04325547E-02-4.15050918E-02
28 14 4.09756871E-03 1.26891315E-02 7.48897359E-03 6.48393371E-02 8.71600374E-02
28 15-3.70305658E-02 5.21101629E-02
29  1 7.52416069E-04-4.27447319E-03 2.68546279E-02-6.75524494E-04-1.50026762E-02
29  2 1.88988640E-02-5.89083634E-02 3.60473599E-03 2.99154146E-02-2.77526888E-02
29  3-4.66877360E-02-9.36658875E-03 5.37479667E-02-1.83422831E-02 1.93879408E-02
29  4 3.51899649E-02 6.85384068E-02-5.15655861E-02 1.05583040E-01 4.99769023E-02
29  5 5.05037916E-02-2.66222922E-02-9.88375907E-03 1.77528834E-02-4.07176083E-02
29  6-1.85820542E-02 3.61793431E-02 1.37457345E-02-1.36806620E-02-1.96050567E-02
29  7-1.87473927E-02 1.52013775E-02-1.68459924E-02 7.34119539E-02 1.74813255E-02
29  8-2.50536221E-01-3.51684686E-02 9.09488111E-02 2.77022915E-02-2.89078753E-01
29  9-8.44378303E-03-2.25205295E-02-1.82153393E-02-4.45137338E-02-1.68753221E-03
29 10 6.89037516E-03 3.00168308E-02 2.98292752E-02-1.05539719E-01-1.41584987E-02
29 11 2.54774593E-02 1.73181265E-02-1.27190981E-01-1.93184485E-03 3.94044276E-03
29 12 3.49803633E-01 2.30528077E-02-2.67269177E-01-1.40057582E-02 4.15528411E-01
29 13 3.80657800E-02-3.02551859E-01 6.38944253E-03 1.11606880E-02-1.73383517E-02
29 14 7.13491392E-02-6.37517832E-03-1.87983879E-02-1.82851866E-02-2.65574832E-02
29 15 5.47371259E-02-6.02161944E-02
30  1-4.23185242E-04 2.43581965E-03 8.50662017E-03 5.57376950E-02-3.31379325E-02
30  2-1.12491959E-02-1.76797366E-02-1.22351155E-01 7.29449457E-02 2.21469246E-02
30  3-2.40717836E-02-1.01551669E-01 4.60488878E-02-1.73279543E-02 1.74382998E-02
30  4 3.25545345E-02 6.02108224E-02-5.52710104E-02 1.18021412E-01 1.08341299E-02
30  5 1.46182272E-02-7.82158409E-02 3.48946398E-03 3.24428577E-03-1.02568081E-01
30  6-4.78705417E-02 2.44250202E-02-2.22090696E-02-1.00736542E-02 6.15319673E-02
30  7 8.69289168E-02 7.20326215E-03-2.11440040E-03 3.35759048E-01 1.96803576E-01
30  8 2.39308557E-01-5.67916126E-02 3.86738329E-01 2.35846843E-01 2.74110090E-01
30  9-1.47275151E-02-7.16062908E-02-1.60472111E-02-5.08077316E-02-1.29657937E-02
30 10 3.07010176E-03-2.99572104E-02 1.82743498E-01 5.02611883E-02 1.18351782E-01
30 11-3.93237457E-02 2.08239521E-01 8.50382418E-02 2.75142406E-03-1.13873538E-03
30 12 2.72094063E-02 1.92457697E-02-2.70980653E-02-1.84431506E-02 3.98855841E-02
30 13 2.36009876E-02-3.12206275E-02 9.49000779E-03 1.79094484E-03 6.19317184E-03
30 14 9.59536766E-03-1.98571764E-02-6.48729127E-02-1.23883460E-01-1.76628581E-01
30 15 1.91980635E-02 2.71677733E-02
 $END   
 $GRAD  
E=     -762.3137872602  GMAX=   0.0068654  GRMS=   0.0018632
CL          17.   -4.1404776818E-05    5.1273094907E-05   -3.9840784698E-05
C            6.    1.4636732882E-04    3.8599118728E-04    6.7223556210E-04
C            6.    4.5323768531E-04    1.1764949676E-04    1.9416424284E-04
O            8.   -5.3576157420E-04   -1.6697328408E-04   -2.6929800181E-04
H            1.    8.6570361211E-06   -2.7617205847E-04   -3.0994635246E-04
H            1.   -1.0001900573E-04   -3.1500963533E-05   -3.1655478604E-05
O            8.    1.5047496255E-03    6.8654170749E-03   -4.2023702660E-03
O            8.   -3.9253158217E-04    5.8249467326E-05    1.8324851492E-04
H            1.    3.2141861054E-06   -9.1693663383E-05   -3.3822120720E-05
H            1.   -1.6458558101E-03   -6.6998164983E-03    4.3176311227E-03
H            1.    7.0231371636E-05   -2.8044046915E-04   -1.1598601633E-04
H            1.    2.7327180898E-05   -1.3680213878E-05   -2.7842554941E-04
H            1.    5.0178886203E-04    8.1696917550E-05   -8.5934880188E-05
 $END
-------------------- DATA FROM NSERCH=  14 --------------------
 COORDINATES OF SYMMETRY UNIQUE ATOMS (ANGS)
   ATOM   CHARGE       X              Y              Z
 ------------------------------------------------------------
 CL         17.0   3.1028240012   0.7093605432   0.4040788577
 C           6.0   2.7472372765   0.1236731375  -1.3488433597
 C           6.0   3.3570666252   1.0931282330  -2.3381978652
 O           8.0   2.6868869517   2.3204788781  -2.2865066707
 H           1.0   1.6634561971   0.1067786896  -1.4389025761
 H           1.0   3.1883992206  -0.8644493324  -1.4329729739
 O           8.0   3.2345801425   0.4790421963  -3.6836440014
 O           8.0   3.7574117951   2.8089532296  -4.5333098179
 H           1.0   3.1739888543   3.1483100910  -5.2488954886
 H           1.0   3.6605117369   1.7913546689  -4.4938404290
 H           1.0   2.2749719634   0.3092114178  -3.8625225531
 H           1.0   4.4393760902   1.1574698447  -2.2042211796
 H           1.0   3.0698898120   2.8444467618  -3.0889920784
--- CLOSED SHELL ORBITALS --- GENERATED AT 10:10:00 30-JUL-2026    
Chloroacetaldehyde hydrate and water                                            
E(R-WB97X-D)=     -762.3137925784, E(NUC)=  315.7770432748,    6 ITERS
 $VEC   
 1  1 9.85802690E-01 5.34289132E-02-2.06733484E-05-4.01929848E-05-1.72799277E-04
 1  2-1.87701679E-02 6.01503372E-05 1.23252183E-04 6.47460957E-04 1.02695078E-02
 1  3-2.39432245E-04-4.68419079E-04-1.79273135E-03-3.28906255E-05-4.20078790E-04
 1  4-4.47195681E-06-1.86318430E-05-1.44974528E-04 7.64446882E-04 1.52004420E-05
 1  5 3.39112608E-04-1.44425387E-03 7.81503940E-05 6.25647438E-04-2.39666051E-05
 1  6 1.79828338E-05 3.41986766E-04-1.93710000E-03 5.98451420E-04-2.71818139E-05
 1  7-1.80083675E-03-1.90605266E-05-1.36034775E-04-2.07148834E-05 1.36593291E-05
 1  8 2.69776405E-05 6.47785686E-04 1.60288024E-04-2.92994379E-04 1.08986899E-04
 1  9 1.53172912E-04-8.29358190E-04 2.06860382E-04-7.58638158E-04 1.28646377E-05
 1 10 1.27060854E-04 2.03838605E-05 1.29295125E-05 4.61044939E-05-4.93899828E-04
 1 11-1.12458627E-04-9.75663642E-05-2.37095337E-04-1.38351072E-06-7.63440961E-06
 1 12-1.16375083E-06-2.96636694E-06 2.58057382E-05 6.48080859E-05-6.21819852E-07
 1 13-1.16267789E-05-7.83130999E-05-3.35178372E-05 2.99563282E-05 4.20753884E-05
 1 14-2.38001193E-04-2.38625092E-05-4.18840490E-05 2.92047465E-04-2.82725379E-04
 1 15-4.14555826E-05 1.90352319E-05
 2  1-9.03967276E-06 6.10605543E-05 1.49728074E-05 3.53613245E-05-6.36066362E-05
 2  2-9.61820903E-04-8.47235156E-05-2.09559676E-04 4.39753334E-04 1.44139711E-03
 2  3 2.76733648E-04 7.32810401E-04-1.51112984E-03 2.61367346E-04 8.81635997E-04
 2  4-2.93763735E-04-2.51838216E-04 8.08162303E-04-7.86251963E-03-7.37802454E-04
 2  5-2.13822078E-03 3.76176969E-03-1.12842111E-03-4.82438776E-03-8.83716094E-05
 2  6-2.21670385E-05-1.46309294E-03 2.50202741E-02-4.50630672E-03-5.87412581E-03
 2  7-8.49522562E-03 5.40571068E-03 1.92472782E-03-1.11172192E-04-3.40620460E-04
 2  8-3.68670275E-04-5.04026143E-03-2.16951770E-04 3.39076754E-03 2.29893649E-03
 2  9 9.99975061E-04-7.88330860E-04 3.83700400E-04 4.87614533E-05 9.82599738E-01
 2 10 1.04943211E-01-2.00527831E-03 1.61055170E-03 2.10608772E-03-5.06626576E-02
 2 11 3.74044694E-03-5.38654378E-03-7.62159996E-03 5.66943233E-03 1.83282624E-03
 2 12 1.21532213E-04-5.53215634E-04 3.52474545E-05-3.97420626E-03-2.41657210E-04
 2 13 2.94335740E-03-2.78874554E-04 3.45280126E-04-1.29669832E-03 6.09609355E-04
 2 14 6.18131372E-03 3.38913259E-03 4.68945333E-03-1.53822278E-03-1.39278739E-03
 2 15 4.53236325E-04-9.94671249E-04
 3  1 6.40873191E-06-5.08455780E-05-2.23727056E-05 2.49138700E-05 4.01582426E-05
 3  2 4.68104803E-04 1.51894967E-04-1.24559806E-04-2.43399776E-04-5.74705801E-04
 3  3-6.79990539E-04 4.43388532E-04 3.51388635E-04 2.01138095E-04 7.17861134E-04
 3  4-5.38375517E-04-5.68056481E-04 4.54825278E-04-6.31638976E-03 3.24744019E-03
 3  5-3.87131098E-03 2.25216303E-03-9.17974169E-04-3.70671228E-03-3.11090916E-04
 3  6 2.02943473E-03-1.94176860E-04 2.32315821E-02-1.02352849E-02 8.61225847E-03
 3  7-5.92279790E-04 9.60866344E-01 1.03463866E-01 2.61654893E-03-1.78628437E-03
 3  8-2.20130360E-03-5.33702760E-02-7.39117624E-03 7.10794562E-03 5.89394351E-03
 3  9 9.04094815E-04 1.83729514E-03-4.91868272E-04-1.83753310E-04-6.05906023E-03
 3 10 9.31338233E-04-2.35803473E-04 5.22373404E-04 5.99630396E-05-4.82546409E-03
 3 11 1.43810006E-03-3.49194634E-03-1.89345589E-03 2.06071137E-01 2.27858208E-02
 3 12-6.18260126E-04-3.00656395E-04 4.99754016E-04-1.18454447E-02 1.76022006E-03
 3 13 9.04951056E-04-2.55304160E-03 8.00408356E-04 2.84815825E-04 9.38211706E-04
 3 14 1.34688044E-03 9.21578100E-04-1.46998913E-03-8.71126661E-04 1.97735920E-04
 3 15 3.15200935E-03 9.39670776E-03
 4  1-1.03280110E-06 8.60919241E-06 1.48441396E-05-9.90244242E-06-6.78428746E-06
 4  2-7.13253367E-05-8.34469991E-05 4.75033279E-05 4.44514204E-05 4.71650589E-05
 4  3 2.11109731E-04-8.79405706E-05-2.56944279E-05-3.58028252E-05-2.34920353E-05
 4  4 6.02284009E-05 2.26732639E-04-2.10528369E-04 1.31027358E-03-3.68011417E-04
 4  5 6.86080140E-04-3.82024232E-04 2.93354025E-04 1.43408430E-03 9.38686398E-05
 4  6-4.69810526E-04-2.65994067E-05-7.04594298E-03 2.55774184E-03-2.34762928E-03
 4  7 6.83513262E-04-2.05906062E-01-2.09238137E-02-4.87318121E-04 8.94611940E-04
 4  8 1.74139933E-04 7.58722718E-03 9.83581491E-04-3.86012435E-03 7.10219942E-04
 4  9-2.03328555E-04 8.03087532E-06 1.22516178E-04-1.92904901E-04-4.23327187E-03
 4 10 3.79358718E-04 3.89491230E-04 4.20149659E-04-5.81354425E-04-1.26984968E-03
 4 11-1.54089908E-03-1.57211400E-03 2.67496433E-03 9.60551790E-01 1.00743918E-01
 4 12-2.10225275E-03-1.71968552E-03-1.23181735E-03-4.32752547E-02 4.36641024E-03
 4 13 4.52780360E-03 2.18588645E-03 2.93546826E-03 5.69940128E-03 2.33848468E-03
 4 14 1.05718956E-02 2.95875345E-04-1.07544294E-03 5.58766824E-04-6.98331087E-04
 4 15-4.30429553E-04 4.89082737E-03
 5  1 7.55242345E-05-9.77677157E-05-6.15730355E-06 4.31672671E-05-2.11757497E-04
 5  2-2.16678187E-03 5.21490754E-05-2.85261827E-04 1.44410759E-03 2.81641560E-03
 5  3-5.98868038E-04-1.23581919E-04-2.17704391E-03-9.86531183E-03-4.17887891E-03
 5  4-2.01534798E-04-2.76255652E-04 6.70259157E-05 2.58714741E-02 6.75142233E-03
 5  5 1.00004812E-02-1.24324038E-02 9.86570111E-01 1.10663502E-01-1.67139928E-04
 5  6-8.06234807E-04 6.64993756E-05-8.58359924E-02 2.35535782E-03 1.01297039E-02
 5  7-6.13748494E-03-4.94938869E-05-4.34439315E-04 3.64749900E-04 1.39608817E-04
 5  8-2.46925553E-04 7.89493312E-03-3.85107523E-04-3.45548209E-03 1.32723349E-03
 5  9-1.53720127E-03 1.41490033E-03-1.60199559E-03 1.30598467E-03-1.95297199E-04
 5 10-9.43149524E-04-2.84787290E-05 3.34291317E-04 1.69264677E-04 9.87141912E-03
 5 11 4.71531860E-04 6.82677638E-04 5.03395052E-03 5.44206641E-05 4.47922185E-04
 5 12 1.00223894E-05 1.11883617E-04-9.15296649E-05-1.71748771E-03 1.53487268E-04
 5 13 2.86027118E-05-9.43460760E-05 4.86426602E-04-8.00671858E-04-4.16811553E-04
 5 14 2.45665930E-03-6.68165251E-04 3.23405479E-03-1.79479325E-04 1.68019693E-02
 5 15-6.05686462E-05 3.44250011E-03
 6  1-2.10716482E-05-1.78001085E-04 6.39939250E-05 1.03922987E-04 3.26751129E-04
 6  2-2.15252928E-03-3.81966070E-04-6.20357559E-04-1.88229658E-03 1.30784658E-02
 6  3-1.35238092E-03-2.25089703E-03-8.67286671E-03 9.86480524E-01 1.11909594E-01
 6  4 3.27362906E-04 5.75410589E-04 1.11826371E-03-8.97922099E-02-3.07701331E-03
 6  5-5.07407779E-03 2.38671976E-03 9.19377505E-03-1.80573433E-03 2.56676938E-04
 6  6 2.91919893E-04-9.41186368E-06 2.27511409E-02-5.51124813E-03-9.06444539E-03
 6  7 8.91292238E-03 3.61988725E-05-1.10116056E-05 6.24199727E-05 5.43681984E-04
 6  8-3.74201216E-04-1.29763338E-03-2.72681577E-04-6.22262329E-04 8.45354753E-04
 6  9-6.50535170E-05 1.55131145E-02-1.27201288E-04 1.55014105E-02 2.16085876E-05
 6 10-1.02015592E-04 2.01930520E-04 1.77896918E-04-4.45563932E-04-1.00808992E-03
 6 11-5.29008976E-04-5.05168727E-04 1.35968528E-04 2.32307973E-05 1.82470104E-04
 6 12-5.29016424E-05 4.14584701E-05-1.01877863E-04-7.81523138E-04 2.31628822E-04
 6 13 4.34717427E-05 2.62626134E-04 3.21836392E-04-3.31844597E-04-1.02505271E-04
 6 14 1.49799062E-03-5.27583627E-04 2.44726572E-04-1.31461658E-03 9.04154767E-04
 6 15 5.25336952E-04 1.34278620E-03
 7  1-3.05120788E-01 9.77064988E-01-1.68234678E-03-3.03432358E-03-8.46840345E-03
 7  2 1.54295279E-01-6.46506734E-04-1.25005179E-03-5.19028781E-03-6.77631339E-02
 7  3 1.72706700E-03 3.30487585E-03 1.20152538E-02 8.55213380E-06 1.68848999E-03
 7  4-5.12637338E-05-2.19078118E-06 4.27561151E-04-2.24848980E-03 3.10519549E-04
 7  5-1.41442128E-03 9.61615261E-03-4.52075129E-05-3.26219776E-03 1.49242091E-04
 7  6-1.24201296E-04-1.95071227E-03 1.03396298E-02-3.54919303E-03 2.72392178E-04
 7  7 1.03931186E-02 9.67640129E-05 6.55352448E-04 8.83439440E-05-8.13848457E-05
 7  8-1.28400977E-04-3.52051190E-03-8.39595461E-04 1.65845241E-03-6.29914936E-04
 7  9-9.80424225E-04 5.00642213E-03-1.29046444E-03 4.55746949E-03-7.49528942E-05
 7 10-6.88316309E-04-1.05391895E-04-5.31972500E-05-2.64061534E-04 2.97323331E-03
 7 11 6.43074178E-04 5.42827621E-04 1.56651295E-03 8.36703905E-06 4.99810808E-05
 7 12 6.96979833E-06 9.27042595E-06-1.26515282E-04-3.98923605E-04-2.38380993E-06
 7 13 9.99012886E-05 4.16673630E-04 1.81254182E-04-1.92518260E-04-2.28321955E-04
 7 14 1.42780286E-03 7.32657097E-05 4.11710153E-04-1.59678005E-03 1.92163524E-03
 7 15 1.86693626E-04-8.49983912E-05
 8  1-3.25478004E-03 1.10184064E-02 1.80731975E-01 2.98032388E-01 9.05943533E-01
 8  2-3.16118561E-03 1.65439200E-02 2.73431528E-02 8.43754152E-02 4.60963663E-03
 8  3-5.32389396E-03-8.98421926E-03-2.89672449E-02-7.12367698E-04-4.38622935E-03
 8  4-2.39604219E-05-1.05151021E-04-3.51609916E-04 9.15555755E-03 1.31490065E-03
 8  5 3.15994617E-03-2.96580953E-03 3.77437934E-04 2.73649667E-03 1.13149684E-05
 8  6 9.60954227E-05 9.23615417E-04-1.07199402E-02 2.09057260E-03 8.20628992E-04
 8  7-8.51051406E-03-6.69522866E-05-3.88419444E-04-1.12072025E-04-8.00046118E-05
 8  8 1.11436631E-04 2.43659426E-03 8.06236245E-04-8.11850823E-04 3.06666124E-04
 8  9-2.36247203E-04-3.89069281E-03-6.16382127E-05-3.57172885E-03 3.61134858E-05
 8 10 2.86130586E-04 7.74377691E-05 1.16703897E-04 1.05309579E-05-1.67244226E-03
 8 11-4.34218343E-04-6.66346786E-04-3.29861912E-04-6.19122860E-06-3.59236382E-05
 8 12 3.70342573E-06-2.31467764E-05 8.44052036E-05 2.96429270E-04-3.13836822E-05
 8 13 1.99580410E-06-2.75683951E-04-1.41098414E-04 1.38926624E-04 2.12521145E-04
 8 14-9.95428006E-04-3.16376771E-04 3.34214252E-04 1.19226636E-03-3.44117620E-04
 8 15-2.09055337E-04-2.29590412E-04
 9  1 3.04132803E-06-5.76373026E-05 7.20695097E-01 5.62477756E-01-3.28624711E-01
 9  2 4.53217907E-04 6.46310343E-02 5.04730525E-02-2.99728399E-02 2.22612006E-04
 9  3-2.02538175E-02-1.59331902E-02 9.21183416E-03 1.98920362E-05 1.32030420E-04
 9  4-4.42687208E-05 8.56590081E-05 5.20820501E-04-6.95107969E-04 9.77140942E-04
 9  5-9.21141194E-04-2.19919670E-03-9.96321788E-05-9.94990801E-04 9.71094448E-05
 9  6-1.29197045E-04-8.87101806E-04 8.93139888E-04-1.00801809E-03 2.08026395E-03
 9  7 5.06644343E-03 3.25603569E-05 1.66584803E-04 7.30129249E-05 2.15954834E-05
 9  8-8.44536906E-05-1.37926929E-03-5.72425148E-04 4.53702935E-04-2.12910807E-04
 9  9 6.55022458E-04-1.77279380E-03-3.65819978E-06-1.02677760E-03-5.43635651E-05
 9 10-3.94035866E-04-9.14310691E-05-9.98502023E-05-8.07278683E-05 2.07358311E-03
 9 11 5.07113413E-04 6.66648629E-04 9.65981870E-04-1.32850069E-06-1.71334119E-05
 9 12 1.34322890E-05 1.43529387E-05-3.98598097E-05-2.39713664E-05-4.09351457E-05
 9 13-2.39876599E-05 1.47666393E-04 3.50218149E-05-3.19487988E-05-6.64340911E-05
 9 14 3.46569946E-04-3.86738411E-06 5.29096834E-04-1.01371634E-03 2.29129421E-03
 9 15 1.49825880E-04-1.35087291E-04
10  1-5.14927909E-05 1.58802646E-04-6.25926101E-01 7.33867373E-01-1.16502659E-01
10  2 7.24166241E-05-5.59793053E-02 6.56926227E-02-1.05704609E-02 2.11654620E-04
10  3 1.70378707E-02-2.02823993E-02 3.15829339E-03-7.34539465E-07 1.97138103E-05
10  4 4.73476049E-05 1.49436721E-05 1.64986478E-04 2.56654006E-04-1.33467746E-03
10  5 1.08552115E-03-1.02189265E-03-4.91781494E-05-6.08504750E-04-1.87777909E-05
10  6-2.11451437E-04-2.07146352E-04 1.34420232E-03 1.18273606E-03 9.20080205E-04
10  7 9.10792740E-04-1.56671062E-06-1.14276559E-04 6.20572142E-05 1.15772663E-04
10  8-3.90313499E-04-2.09325228E-04-4.00516223E-04-3.01393956E-04 1.13921696E-03
10  9-5.94827164E-04 1.26809178E-03 7.61653449E-04-2.00788297E-03-1.55580209E-05
10 10-1.36545953E-04-1.36822273E-05 3.06924141E-05-4.93925244E-05 5.48870267E-04
10 11-1.60006293E-05-8.68071116E-05 2.73426319E-04 8.05476519E-06 6.99507635E-05
10 12-1.73101265E-06-5.71555896E-06 2.72788325E-05-2.13460347E-04 2.01356759E-05
10 13 5.17538302E-05-1.20223729E-04 1.54434289E-05-8.09032454E-05-2.63600705E-05
10 14 2.22554034E-04 4.97219045E-05-1.39470709E-04-6.08221277E-06-1.58139474E-03
10 15 2.94998456E-04 3.84515975E-04
11  1 1.84009262E-03-1.04420641E-02 3.19757409E-04 1.82845646E-04 3.42330414E-03
11  2 1.44772576E-02-5.50275465E-04-2.17385095E-04-7.08046391E-03 3.79531759E-03
11  3 8.85412689E-04-3.68965837E-04 2.48654331E-03-2.47213837E-02 2.19158327E-02
11  4 7.26128631E-03 1.54213447E-02-1.91814770E-02 5.10625494E-02-1.05604071E-02
11  5 7.81562206E-03-6.44435800E-03-9.82805184E-02 1.07160590E-01-3.58681990E-02
11  6 1.88486036E-02-4.84067321E-02 1.54331737E-01 1.34454163E-02-7.88437584E-03
11  7 5.44974034E-04-1.17826062E-01 1.05591097E-01 4.05579670E-02-3.94882052E-02
11  8-3.26982927E-02 3.58995619E-01 4.40873508E-02-4.15080049E-02-4.40009474E-02
11  9 5.76240395E-03-5.37549368E-03 7.71163847E-03-2.52652886E-04-1.65085044E-01
11 10 1.51077456E-01-5.00240375E-02 2.75949775E-02 4.55674555E-02 5.04040903E-01
11 11-5.39953441E-02 4.07097570E-02 4.96524294E-02-4.35431802E-02 3.81252750E-02
11 12-1.30155269E-02-1.38566420E-02-2.83991330E-03 1.34416363E-01-1.57619244E-02
11 13-1.68941296E-02 3.83598100E-03 1.74248554E-02 6.33431780E-03 3.45533610E-02
11 14 7.30036251E-03 7.47589328E-02 1.17902435E-02 2.67335462E-02-1.23766652E-02
11 15 4.84363847E-02 2.97882766E-03
12  1 1.45824743E-03-8.30293048E-03 3.87631406E-04-4.37982016E-05 1.77415538E-03
12  2 8.49005452E-03-9.03700044E-04-4.80326806E-04-2.08385804E-03 6.20795155E-03
12  3 2.12293193E-03 3.37558328E-03-2.03402192E-03-2.02285365E-03 1.44791722E-03
12  4-1.26295040E-03 8.94734640E-03 5.56034794E-03 4.47997320E-03-6.41483345E-03
12  5 1.73453172E-02 1.24936296E-02-1.77907143E-02 1.63188045E-02-2.66208950E-02
12  6 9.34204622E-02 5.09544567E-02 3.08995021E-02 6.50827604E-03 6.12717491E-03
12  7-2.23409057E-03-1.53543682E-01 1.41286357E-01 4.93091545E-02-2.49250480E-02
12  8-3.78810727E-02 4.81531596E-01 5.57603073E-02-3.18602656E-02-4.04632172E-02
12  9 7.32461610E-04-2.41200709E-03 4.17840466E-04 3.09781348E-03 1.49283157E-01
12 10-1.39883281E-01 5.32443061E-02-2.79059195E-03-2.44856548E-02-4.75316491E-01
12 11 4.81491136E-02-6.78902160E-03-3.84613540E-02-9.03284319E-02 8.22984078E-02
12 12-2.76507699E-02-1.35176417E-02-1.47135181E-02 2.84432657E-01-2.91048836E-02
12 13-1.83521863E-02-9.70369839E-03 4.55723724E-02 1.17796558E-02 2.65902896E-02
12 14-3.27119313E-03-8.14580078E-02-1.36932652E-02 2.52762655E-03-6.43582986E-03
12 15 7.43881236E-02 1.66840540E-02
13  1-2.12087113E-03 1.21145049E-02-4.39059220E-04-2.51370752E-04-2.96850204E-03
13  2-1.51636196E-02 9.32256410E-04 6.96325149E-04 5.54269730E-03-7.58451805E-03
13  3-1.39267596E-03-1.60246489E-03 2.62626602E-04 1.26122438E-02-1.30816290E-02
13  4-2.44948414E-03-1.04257475E-02 4.18311435E-03-1.53954926E-02 8.96806365E-03
13  5-4.98318541E-03-8.47189758E-03 3.74300806E-02-4.16785864E-02 2.41551861E-02
13  6-4.46234141E-02-1.30383222E-02-6.93395826E-02 3.07705782E-03 1.17480293E-02
13  7-1.46841665E-02 9.64551465E-02-8.84418696E-02-2.95264805E-02 2.83709612E-02
13  8 1.60887712E-02-3.06388000E-01-3.48155953E-02 2.78961011E-02 2.08529747E-02
13  9-4.35421804E-03 2.84012499E-03-4.64901339E-03-3.47469009E-04-2.70721429E-02
13 10 2.38348128E-02-6.30539430E-03 4.11939748E-03-8.38237050E-03 9.11471607E-02
13 11-3.33164137E-03 7.16690450E-03-6.61796704E-03-2.05794162E-01 1.92092663E-01
13 12-5.86370448E-02-4.13962943E-02-4.98483096E-02 6.37080244E-01-5.93200161E-02
13 13-4.73591233E-02-4.63629879E-02 1.08165295E-01 2.36614652E-02 9.57116916E-02
13 14 1.48466687E-02 1.30527801E-02 5.99186731E-03-1.10051401E-02 6.58822036E-03
13 15-1.65248330E-02 6.13713674E-03
14  1 6.38108098E-02-3.68164991E-01 8.43090840E-03 1.48189224E-02 4.54668266E-02
14  2 4.69672462E-01-1.72309694E-02-2.98769686E-02-9.21140503E-02 3.15803660E-01
14  3-1.07886248E-03-4.22623857E-03-8.32374393E-03-1.26184341E-01 1.08217056E-01
14  4 1.73959049E-02 2.49194965E-02 4.14057381E-02 3.85833021E-01 2.05168390E-02
14  5 2.43476161E-02 4.11618718E-02-3.42365649E-02 4.00827248E-02-6.09377250E-03
14  6-4.59932557E-02 5.36738787E-02 4.75299012E-02 5.04519929E-03-5.45494954E-03
14  7-9.44750344E-03 3.46314540E-02-3.14498818E-02-9.91466040E-03-1.29498541E-02
14  8 2.33793661E-02-1.18032395E-01-1.06397159E-02-3.34845262E-03 2.24462292E-02
14  9 5.22316893E-02-1.36034037E-02 5.27925111E-02-1.66575706E-02 2.11944428E-02
14 10-1.87292047E-02 1.11091434E-02-4.02668810E-03 1.16649537E-02-7.88865956E-02
14 11 9.81481120E-03-8.32183401E-03 3.96562152E-03-9.09873611E-03 8.48255121E-03
14 12-1.96700309E-03 2.40227230E-04-6.39377704E-03 3.16633215E-02-1.41937221E-03
14 13-5.98866044E-04-7.06105774E-03 6.75774301E-03 3.05218953E-03 1.14378853E-03
14 14-7.73002750E-03-1.48136317E-02-5.34481557E-03 1.99660234E-02-2.72787784E-03
14 15-2.41096832E-02-1.20473822E-02
15  1 4.73200459E-02-2.75690569E-01 9.28833062E-05-4.10161085E-04-1.31096643E-02
15  2 3.40457772E-01-9.73643087E-04-1.17483520E-03 2.41952876E-02 3.31063074E-01
15  3-3.66550236E-03-4.29292602E-03-1.27602639E-02 1.23739609E-01-1.26973166E-01
15  4-1.93628173E-02-1.92514291E-02 1.06527158E-01-3.32818606E-01-5.49790731E-03
15  5 1.00987558E-02 3.17135745E-02 1.14802924E-01-1.14804767E-01 7.73788893E-03
15  6 8.63011567E-02-7.04846028E-02-3.20577091E-01 2.56081437E-03 4.34578462E-02
15  7-3.20453988E-02-4.82682926E-02 4.18070805E-02 3.79806701E-03 5.99484608E-02
15  8-4.27969709E-02 1.89779201E-01 8.62359938E-03 3.26966738E-02-3.60394961E-02
15  9-6.97155827E-02-5.87537964E-03-7.34574331E-02-2.90373607E-04-4.72707144E-02
15 10 4.20824246E-02-4.78780275E-02-6.81228770E-03-7.31525251E-02 1.85420478E-01
15 11-4.18964699E-02 7.56453901E-04-4.63834090E-02 1.03741283E-02-9.24807614E-03
15 12 1.27177356E-03-5.12221234E-03 1.45440790E-02-4.06534507E-02-5.70987137E-04
15 13-2.09579897E-03 1.29149227E-02-1.22687079E-02-7.01738005E-03 5.91680259E-03
15 14 1.70800763E-02 5.33404370E-02 3.43772222E-02-6.54724358E-02 7.07929329E-04
15 15 5.09885103E-02 3.27391983E-02
16  1 1.79832824E-02-1.05641271E-01-1.41843816E-02-1.63100448E-02-2.60372465E-02
16  2 1.31669886E-01 2.83393661E-02 3.29662334E-02 5.05061541E-02 1.49782474E-01
16  3 1.37398096E-02 1.24574919E-02 1.25137874E-02 1.07301450E-01-9.53435961E-02
16  4 8.39554777E-02 7.44531095E-02-1.43970800E-02-4.02257904E-01 4.39433640E-02
16  5 2.21185472E-02 9.91441480E-03-1.20549319E-01 1.17498377E-01 1.28191472E-01
16  6 1.78864420E-02-5.79131836E-02 4.30601342E-01 8.59734888E-02-7.63948309E-03
16  7-1.45511245E-02 4.69889228E-02-4.23890825E-02 4.52149191E-02-6.78026051E-02
16  8 2.04589035E-02-1.90158376E-01 3.33934702E-02-4.94020258E-02 1.75855067E-02
16  9-1.10425255E-01-3.69449438E-02-8.51536698E-02-2.81471038E-02 1.66235226E-02
16 10-1.49623514E-02 1.44229926E-01 8.04427141E-02 1.15146564E-01-8.00507785E-02
16 11 1.25068775E-01 6.99926532E-02 8.95705365E-02 6.07857378E-04-1.64387523E-03
16 12 9.52260171E-03-1.81931814E-02 4.38313654E-03 3.02934995E-03 1.06072546E-02
16 13-1.80339159E-02 8.09714088E-03-9.09048382E-03-4.79676655E-03 1.57042691E-02
16 14 2.80219746E-03-1.14257887E-01-7.57613441E-02 1.34838772E-01 3.21133829E-02
16 15-4.03496356E-02-3.96803157E-02
17  1-5.15214859E-03 3.04955759E-02 1.96883686E-03 2.59834581E-02 1.11025802E-02
17  2-3.59781201E-02-3.92993350E-03-5.33572063E-02-2.18817787E-02-5.65104600E-02
17  3-1.53479261E-03-2.90446794E-02-1.63963652E-03-4.32204719E-02 3.34913048E-02
17  4 1.36934197E-02-1.57756009E-01 4.63096078E-02 2.13266177E-01 3.68755010E-02
17  5-9.04381848E-02 2.03646163E-02 3.87058424E-02-4.25416421E-02 1.48605222E-01
17  6-7.25609843E-02-1.11111532E-01-1.34538829E-01 1.19116737E-01-2.34228350E-03
17  7-1.08780323E-01-1.54377512E-03-1.31772523E-03 1.95050357E-02 1.96332180E-01
17  8-1.36462933E-01 1.89474961E-02 1.87002556E-02 1.67015743E-01-1.20439329E-01
17  9 2.17895117E-02 8.04076735E-03 1.07529515E-01 4.95233458E-02-1.27801881E-02
17 10 1.07978095E-02 1.54756580E-01 6.63913137E-02 3.81494245E-02 4.89857496E-02
17 11 1.40624078E-01 6.21245004E-02 3.14050742E-02 1.06211911E-02-1.21984136E-02
17 12 3.39224945E-02-1.06479819E-01 1.25349018E-01-3.76735812E-02 2.65446384E-02
17 13-9.48433049E-02 1.21528169E-01-1.01968661E-01-6.81861115E-02 7.58549118E-02
17 14 6.25551257E-02-9.96730140E-02-6.11128359E-02 3.62526816E-02 2.28554793E-02
17 15 1.38536549E-01 1.01678351E-01
18  1 3.30137900E-03-1.95632867E-02-1.60740542E-02 5.18603635E-03-1.53439907E-02
18  2 2.27434586E-02 3.35245506E-02-1.08625899E-02 3.15105572E-02 4.05552768E-02
18  3 1.71103733E-02-9.84019360E-03 1.00891229E-02 8.03294152E-03-5.19773125E-03
18  4 9.43017187E-02-6.96841469E-02-2.19814557E-02-5.69677045E-02 6.61050575E-02
18  5-7.13256605E-02-2.56651683E-02 3.82866072E-03-3.64309675E-03 8.85780133E-02
18  6-1.08980514E-01-3.56270699E-02-1.70390889E-03 4.58928999E-02-8.72015776E-02
18  7 1.39801775E-02-2.10851158E-02 1.81720358E-02-9.31667683E-03 1.46872276E-01
18  8-6.08202125E-02 9.08262331E-02-5.50447747E-03 1.30453614E-01-5.21404846E-02
18  9-5.83098234E-02-3.05264838E-02 5.30534293E-02 3.19336090E-02-8.16039386E-03
18 10 9.57872378E-03-1.33478715E-03-9.34431902E-02 1.08397339E-01 3.26314226E-02
18 11-3.79225711E-03-9.75821493E-02 1.11371274E-01-1.20735336E-03 2.22908648E-03
18 12-9.89592787E-02 2.75875586E-01-1.21671638E-01 1.99676009E-03-8.72249391E-02
18 13 2.54436844E-01-1.12014832E-01 1.66775298E-01 1.21596819E-01-1.86805941E-01
18 14-1.58637791E-01 2.50790380E-03-2.72800346E-04 3.61470554E-02 1.98812780E-02
18 15 7.19144715E-02 7.57917837E-02
19  1-7.33392521E-03 4.33344343E-02-2.77693817E-02 4.65343385E-03 4.49012124E-02
19  2-5.41549634E-02 5.77042052E-02-1.00150548E-02-9.41158831E-02-7.03422211E-02
19  3 4.00913403E-02 1.07437178E-04-5.05098526E-02-3.81965015E-03-1.62207403E-03
19  4 1.97924222E-01 8.67813965E-03 3.40307903E-02 2.70395421E-02 1.56621231E-01
19  5 9.46971484E-03 2.18303629E-02-5.06611320E-03 6.79836880E-03 1.74075924E-01
19  6 3.29193445E-02 2.21289655E-01 1.12319575E-02 1.54545062E-01 3.40499262E-02
19  7 1.50645000E-01-5.65598572E-03 4.27247327E-03 6.38654912E-02 6.74229348E-02
19  8 6.45228257E-02 2.64359525E-02 5.91751561E-02 5.91933934E-02 6.13869032E-02
19  9-1.16609330E-01-7.16714176E-02 4.40962742E-02 2.49086600E-02-6.37944685E-03
19 10 7.03323182E-03-1.08256118E-01-1.19641660E-01-2.18361459E-01 2.70475695E-02
19 11-9.82808956E-02-1.17823598E-01-2.10826815E-01-1.47019077E-03 2.47173083E-03
19 12 2.35320470E-02-5.18506970E-02 3.29156202E-02 7.78954333E-04 2.28933056E-02
19 13-4.32273394E-02 2.69959117E-02-3.70612253E-02-3.00889714E-02 3.31194442E-02
19 14 4.05481045E-02 1.20025460E-01 9.66624428E-02 1.21268303E-01 6.50776557E-02
19 15 1.22313437E-02 1.51214878E-02
20  1-9.89567398E-03 5.86922798E-02 4.05924404E-02 4.20193487E-02 6.17276503E-02
20  2-7.35301752E-02-8.55939589E-02-8.90398455E-02-1.28908157E-01-1.10653964E-01
20  3-4.89168575E-02-4.71397032E-02-6.84893014E-02-1.07775831E-02 2.70497650E-04
20  4-1.31489544E-01-9.99383749E-02 1.88573556E-01 9.37405823E-02-1.09883269E-01
20  5-4.16869893E-02 1.58103033E-01 1.50672273E-02-1.11749940E-02 1.28856181E-01
20  6 2.28180000E-01-5.98266571E-02-4.27516762E-02 1.42086746E-01 1.36156473E-01
20  7-4.52827608E-02 4.25694934E-04-4.01439269E-03 9.08047228E-02-9.41999385E-02
20  8 6.89866521E-02 2.06700809E-02 8.69878434E-02-9.96133730E-02 6.95332995E-02
20  9 8.19271131E-02 4.48861764E-02 2.36795688E-02 2.70756705E-02-4.22279293E-02
20 10 3.89537338E-02 1.24926855E-01 5.91234404E-02-1.17027070E-01 1.76420095E-01
20 11 1.23416594E-01 5.52307136E-02-1.17527772E-01 2.18436137E-02-1.60424337E-02
20 12-5.85632295E-02 1.00763223E-01-1.39954791E-01-1.05302287E-01-5.32798702E-02
20 13 1.01867080E-01-1.35013081E-01 1.09858689E-01 7.98238982E-02-4.12140452E-02
20 14 3.61716886E-03-4.71186405E-02-2.38881234E-02 6.79773123E-02 3.47165160E-02
20 15-6.90103936E-02-8.79736711E-02
21  1-3.07256241E-03 1.82314923E-02 5.05557268E-02-4.84889736E-02 3.90672598E-02
21  2-2.05504758E-02-1.06604065E-01 1.02054018E-01-8.33490699E-02-3.68214715E-02
21  3-6.96223200E-02 7.10188104E-02-4.82367055E-02-5.55782811E-03 1.23731270E-03
21  4-1.97754232E-01 2.52599992E-01 1.20564901E-03 3.44687476E-02-1.90980529E-01
21  5 2.27240892E-01-7.18290144E-03-5.44430937E-05-4.02506348E-04 1.08737120E-01
21  6-9.51930344E-02 8.38705954E-02-3.52524812E-03 1.23985833E-01-5.79857484E-02
21  7 5.58673915E-02 7.80171501E-03-6.26820402E-03 3.42472346E-03 1.82810576E-01
21  8-2.15951029E-02-3.32353097E-02-6.77892187E-04 1.75266737E-01-1.21231045E-02
21  9 1.33517009E-01 7.73506164E-02-2.04862505E-01-1.34770895E-01-1.64026386E-02
21 10 1.62716751E-02 4.67904869E-02-7.40083160E-02-2.99926282E-02 6.62876566E-02
21 11 4.74816298E-02-7.78532470E-02-3.02317850E-02-5.44072393E-03 5.02542498E-03
21 12-6.87356584E-03 4.94154814E-02 6.35954872E-02 2.01524023E-02-5.10640551E-03
21 13 5.37074970E-02 6.46617530E-02-1.18372026E-02-1.00556475E-02-2.75824708E-02
21 14-2.15966341E-02-2.42264960E-03 5.02281938E-03 7.12929566E-02 4.11767216E-02
21 15 8.84649078E-02 1.07006358E-01
22  1-2.57353779E-03 1.53024566E-02-1.29107977E-02-1.14842552E-02 3.76944603E-02
22  2-2.06652768E-02 2.81452444E-02 2.24690445E-02-7.84872854E-02-2.94457970E-02
22  3 1.69413116E-02 2.78894015E-02-5.28332097E-02-5.24552989E-03 4.80329126E-03
22  4 1.06777638E-01 6.54930854E-02-8.46391865E-03-1.24099236E-02 6.23699785E-02
22  5 8.77418240E-02 1.20382494E-02 4.36172613E-02-4.50180031E-02-7.63199721E-02
22  6-1.29942800E-01 5.86611437E-02-1.46499734E-01-5.26143026E-02-1.24558991E-01
22  7 6.74393737E-02-7.21736888E-02 6.17282379E-02-1.67940790E-01 6.24112370E-02
22  8 1.45475792E-01 3.28240484E-01-1.67417425E-01 6.01384908E-02 1.56352169E-01
22  9-7.05335634E-02-6.16171766E-02-5.92903296E-03 2.64950637E-02-6.09039297E-02
22 10 5.38598123E-02 2.61628475E-01-3.83637030E-02-2.91917523E-02 2.69849308E-01
22 11 2.74344832E-01-4.47127732E-02-3.08010974E-02 1.64820236E-02-7.73210939E-03
22 12 1.86095333E-03-6.78295142E-02-1.13253554E-01-9.50164716E-02 7.00972337E-03
22 13-5.85192011E-02-1.33440377E-01 3.03680941E-02 7.44095838E-03 4.96170674E-02
22 14 9.38371076E-02-1.35894337E-01-1.04574656E-01-9.21761234E-02-5.85337190E-02
22 15-7.14397942E-02-5.57100212E-02
23  1 1.13192113E-02-6.74954502E-02-6.17788794E-03-4.78517477E-02-1.82273844E-01
23  2 6.74113768E-02 1.41523646E-02 1.01621465E-01 3.89527902E-01 1.86646262E-01
23  3-2.32541189E-03 5.98647700E-02 2.20102875E-01 8.65733167E-03 8.05194535E-03
23  4-1.38757409E-01-1.48980563E-01-1.64189723E-01-1.04966874E-01-1.64220502E-01
23  5-1.36239004E-01-1.83879986E-01 7.74847465E-04-7.46099603E-03 1.02196096E-01
23  6 2.82185460E-02 4.94458545E-02 3.57486478E-02 1.08842387E-01-4.30217347E-03
23  7 8.76087151E-02-2.76268555E-02 2.26353633E-02 1.74681062E-02 2.06526966E-02
23  8 1.19192141E-01 1.31782883E-01 1.80063987E-02 1.86092418E-02 1.27727695E-01
23  9 1.09542556E-01 8.76919130E-02 6.44492444E-02 7.96603109E-02-8.98409965E-03
23 10 9.37177656E-03 5.32771758E-02-1.32922937E-01-6.44523323E-02 3.90913848E-02
23 11 6.16103104E-02-1.49249754E-01-6.55587703E-02-2.05632655E-03 4.80814977E-03
23 12 4.25460346E-02-5.46458592E-02-4.74306381E-02 1.29079864E-03 5.19601617E-02
23 13-5.04880080E-02-5.99953382E-02-5.61077457E-03-1.37255885E-02 2.44501643E-02
23 14 3.51733635E-02 6.16014140E-03 1.30557194E-02 7.11111567E-02 5.56760254E-02
23 15-4.85234738E-02-4.75338249E-02
24  1-1.92366369E-03 1.13092403E-02 2.17971532E-02 3.67628517E-02 2.78557979E-02
24  2-2.03542021E-02-4.62270573E-02-7.95467225E-02-5.86399988E-02-5.38331190E-03
24  3-3.83387592E-02-5.76315942E-02-5.28966002E-02 1.26711297E-02-2.12082664E-02
24  4 4.23373409E-03-4.26506234E-02 7.60336536E-02-2.58181573E-02-2.05910649E-02
24  5-1.35713549E-02 3.37427416E-02 1.24341659E-02-9.54551662E-03-3.79222832E-02
24  6 6.05060058E-02-2.58568416E-02-6.29007802E-02 1.89300764E-02 1.65342611E-02
24  7-2.79252856E-02-9.59741211E-03 1.09237992E-02 2.35033958E-02-8.58486092E-02
24  8 1.10221350E-01 3.59725153E-02 3.13862676E-02-1.10009637E-01 1.42303093E-01
24  9-2.61020619E-02-3.28034957E-02 1.38682849E-02 4.11598309E-02-2.82740292E-02
24 10 2.72401109E-02 7.63870306E-02-1.82230428E-01 8.82201806E-02 1.26056350E-01
24 11 8.13075247E-02-2.16656990E-01 1.06003967E-01-8.13293930E-02 7.29831277E-02
24 12 2.54521005E-01 1.46956731E-01 1.96714169E-01 3.58177823E-01 2.94720175E-01
24 13 1.71547743E-01 2.02904050E-01-1.20419202E-01-1.06714416E-01-8.46182938E-02
24 14-9.66660812E-02-2.60592350E-02-3.93924283E-02-4.25657801E-02-2.84243353E-02
24 15-4.34262290E-02 2.48892680E-02
25  1-2.40242197E-03 1.41035042E-02 8.14521239E-02 6.98586802E-02 3.25118288E-02
25  2-2.37408907E-02-1.74115838E-01-1.51294314E-01-6.94734015E-02-1.14899700E-02
25  3-1.42371764E-01-1.11052512E-01-5.91243962E-02 2.80799159E-02-2.91263327E-02
25  4-3.75368344E-02-3.71520030E-02 1.13905381E-01-1.60642372E-01-5.20368148E-02
25  5-5.82795746E-02 1.04969707E-01-3.63551461E-03-4.56391500E-03 1.44368502E-01
25  6-5.48206192E-02-9.95621619E-02 7.20469159E-02 2.58455070E-02-4.96482402E-02
25  7-4.93646518E-03-4.62572439E-02 4.00919710E-02-1.20527241E-01 1.03252056E-01
25  8 1.11925200E-01 2.06089360E-01-1.33673712E-01 1.26695222E-01 1.18840742E-01
25  9-2.54049064E-03 2.23373364E-02-2.57421655E-02-1.81436304E-02 4.12367110E-02
25 10-3.75502171E-02-1.82991060E-01-2.11112860E-02 2.11559030E-01-1.82185462E-01
25 11-1.90930908E-01-1.99374644E-02 2.43755989E-01-2.01286998E-03 1.15605989E-03
25 12 1.00605886E-01-1.52002776E-01-1.41568043E-01 2.36327873E-02 1.17870290E-01
25 13-1.76381464E-01-1.74255550E-01-1.17650254E-02-8.92425531E-03 4.45819059E-02
25 14-2.05221495E-02 7.96308342E-02 6.46866638E-02 9.65425933E-02 1.07164590E-01
25 15-6.84585787E-02-8.29555137E-02
26  1-1.94866810E-04 1.11776357E-03-1.18648939E-01-1.90833650E-01 7.67100581E-02
26  2-6.72601584E-03 2.55623981E-01 4.10148922E-01-1.64020253E-01 1.32116029E-02
26  3 2.13661709E-01 3.50506269E-01-1.51139469E-01-3.26665824E-03 2.83784019E-04
26  4-4.85106115E-02-8.92754606E-02 2.61703539E-02 3.31967473E-02-9.52325293E-03
26  5-4.80315358E-02-1.44545963E-02 2.31027043E-02-2.21615477E-02 6.25709866E-02
26  6 2.18877927E-02-9.37395524E-02-1.19938183E-01 2.12165639E-02 9.12924326E-02
26  7-3.48935913E-02-1.51671977E-02 1.58026333E-02-3.03375151E-02 5.95585494E-02
26  8 9.29955686E-02 4.92851009E-02-4.34110464E-02 7.29912631E-02 1.06877280E-01
26  9 4.38932920E-02 6.14193335E-02 4.94529794E-02 4.13504658E-02 7.34549126E-03
26 10-1.03037133E-02-7.34852130E-02 1.69738874E-01 4.17720966E-02-7.72148945E-03
26 11-7.72711671E-02 1.93755503E-01 6.78126832E-02-1.59552606E-02 1.52921905E-02
26 12 1.28618752E-01 6.03675044E-02-2.52311676E-02 6.71993734E-02 1.53739877E-01
26 13 6.69581598E-02-3.35961443E-02-1.38580868E-02-9.81721199E-03-1.96847042E-02
26 14-2.05092679E-02 1.90764998E-02 9.33091171E-03 2.01920609E-02 4.89741224E-02
26 15-3.76057615E-02-1.98736825E-02
27  1-2.45201610E-04 1.44301502E-03-2.20150929E-01 1.57656391E-01-1.12476824E-02
27  2-3.25090029E-03 4.74147788E-01-3.39667375E-01 2.44704995E-02 6.04439739E-04
27  3 4.06289239E-01-2.89005051E-01 1.87434195E-02 2.82787651E-03-1.14314951E-04
27  4-1.14383738E-01 6.62324456E-02-6.70530618E-05-3.33965482E-02-6.46003545E-02
27  5 3.04943669E-02 1.18815119E-02-1.19696285E-03-1.26816637E-03 3.56554976E-02
27  6-1.48524905E-02 3.96311525E-03 1.41372183E-02-1.94868743E-02-6.21098633E-03
27  7 1.01926396E-02-7.32029857E-03 9.36635338E-03-6.61138421E-02 2.39500974E-02
27  8 7.79837086E-04 1.81803648E-02-7.77669579E-02 3.50056122E-02-1.32363736E-03
27  9 9.45881117E-02 1.13489182E-01-9.21514195E-02-1.00363808E-01 1.02670719E-03
27 10 6.71056354E-04-6.70009503E-04 1.87799602E-02-1.57677264E-02-1.07032121E-02
27 11 5.48843524E-03 2.09387703E-02-1.91517433E-02-4.70418674E-03 4.91232051E-03
27 12 4.79541056E-02 1.67841145E-02-1.42522952E-02 1.75317795E-02 5.69250958E-02
27 13 2.03938930E-02-1.86241099E-02-5.07348265E-03-3.54658750E-03-5.64767430E-03
27 14 1.12438966E-03 5.72264862E-03 8.98857917E-03 3.95171086E-02 7.22416329E-02
27 15-7.98024306E-03-4.97316975E-03
28  1-7.25723142E-05 6.51346617E-04 7.54211217E-02 4.54402125E-02-7.27727013E-02
28  2 1.77169634E-03-1.62442008E-01-9.83853686E-02 1.58263648E-01-1.97497640E-02
28  3-1.37498218E-01-7.46992113E-02 1.43169279E-01-4.77015142E-03 1.58764226E-02
28  4 4.45262069E-02 2.80926855E-03-4.95802784E-02-3.07664442E-02 4.55640445E-02
28  5 6.83446032E-03 3.94664949E-02-9.91572344E-03 1.67958172E-03 5.61832770E-02
28  6-6.91530392E-02 5.06505858E-02 8.55179001E-02-4.34673066E-02-3.43141004E-02
28  7 3.61511496E-02-1.70692116E-02 2.20768514E-02-2.28255814E-01 2.98879543E-02
28  8 7.07333550E-02 2.76429484E-02-2.72931633E-01 3.82822680E-02 8.09275763E-02
28  9-1.84821700E-02 1.11928545E-02 2.20362823E-02 5.88829533E-03 4.46269989E-03
28 10-1.14587310E-03-3.73982198E-02 3.07006230E-01-1.68169783E-01-3.15719288E-02
28 11-3.32354564E-02 3.55044749E-01-2.03044601E-01-1.83780877E-02 1.98043733E-02
28 12 6.26404060E-02 1.86470135E-01 1.04510527E-01 6.02580987E-02 7.40227781E-02
28 13 2.15488980E-01 1.14984625E-01-1.74242052E-02-1.04562583E-02-4.14573394E-02
28 14 4.01095838E-03 1.26746077E-02 7.42561109E-03 6.50055274E-02 8.73688134E-02
28 15-3.70709905E-02 5.20201456E-02
29  1 7.55509393E-04-4.29218011E-03 2.69547540E-02-1.14984655E-03-1.48378460E-02
29  2 1.89812532E-02-5.91247082E-02 4.64298899E-03 2.95479577E-02-2.78988780E-02
29  3-4.68524748E-02-8.51835878E-03 5.35467473E-02-1.82680545E-02 1.93042417E-02
29  4 3.52614607E-02 6.81767641E-02-5.12542980E-02 1.04932885E-01 5.00397442E-02
29  5 5.04473229E-02-2.61294784E-02-9.93305274E-03 1.77363406E-02-4.01277403E-02
29  6-1.82605094E-02 3.60573984E-02 1.41476080E-02-1.36208929E-02-1.99980759E-02
29  7-1.91508102E-02 1.51799994E-02-1.68489716E-02 7.12204706E-02 1.63070238E-02
29  8-2.51952040E-01-3.49450507E-02 8.84064145E-02 2.63392787E-02-2.90735517E-01
29  9-8.41588865E-03-2.22090596E-02-1.80521740E-02-4.41228161E-02-1.61637229E-03
29 10 6.89023486E-03 3.00088827E-02 2.88216623E-02-1.06114883E-01-1.48738875E-02
29 11 2.55143555E-02 1.61381210E-02-1.28002864E-01-1.93298154E-03 3.93742027E-03
29 12 3.48762511E-01 2.33806478E-02-2.68089728E-01-1.39888559E-02 4.14283944E-01
29 13 3.84537056E-02-3.03519350E-01 6.36028084E-03 1.12018318E-02-1.73716751E-02
29 14 7.13280311E-02-6.26125902E-03-1.84362398E-02-1.74415583E-02-2.55593508E-02
29 15 5.46147300E-02-6.03506162E-02
30  1-4.13886207E-04 2.38233448E-03 8.83293164E-03 5.58870361E-02-3.32797475E-02
30  2-1.10416169E-02-1.83966973E-02-1.22648172E-01 7.32228150E-02 2.18801137E-02
30  3-2.46420728E-02-1.01966946E-01 4.65827042E-02-1.75680328E-02 1.76479456E-02
30  4 3.30556481E-02 6.11596918E-02-5.58668186E-02 1.19615624E-01 1.14448718E-02
30  5 1.55045530E-02-7.87615972E-02 3.41543772E-03 3.35624419E-03-1.03195373E-01
30  6-4.80122415E-02 2.48838162E-02-2.20753435E-02-9.91927896E-03 6.13466756E-02
30  7 8.67533471E-02 7.29614258E-03-2.21531657E-03 3.37082963E-01 1.96786014E-01
30  8 2.36809004E-01-5.70033595E-02 3.88349909E-01 2.35885173E-01 2.71214071E-01
30  9-1.48068727E-02-7.19785651E-02-1.63957885E-02-5.14109728E-02-1.29956349E-02
30 10 3.13666120E-03-2.94367677E-02 1.82099308E-01 4.93320081E-02 1.18277692E-01
30 11-3.88498538E-02 2.07382610E-01 8.38966302E-02 2.79998463E-03-1.17779972E-03
30 12 2.84796206E-02 1.92943397E-02-2.84690036E-02-1.87642989E-02 4.14000498E-02
30 13 2.37314335E-02-3.27406579E-02 9.61255301E-03 1.90678846E-03 6.10469794E-03
30 14 1.00524905E-02-2.00480735E-02-6.49818191E-02-1.24283920E-01-1.77432116E-01
30 15 1.95416190E-02 2.68086725E-02
 $END   
 $GRAD  
E=     -762.3137925784  GMAX=   0.0068149  GRMS=   0.0018519
CL          17.   -1.1726513563E-04    1.1783997977E-04    1.4464001658E-05
C            6.    1.8024113860E-04   -8.1883016643E-05    4.3692859818E-04
C            6.    4.2554460906E-04    6.0832555136E-04   -1.2353537810E-04
O            8.   -3.6060349145E-04   -3.7480768164E-04   -2.2432555472E-04
H            1.   -1.8916572644E-06   -9.5995601600E-05   -1.5709042291E-04
H            1.   -4.8095363337E-05    5.4071636847E-06   -2.3472107062E-05
O            8.    1.4871052161E-03    6.8148638508E-03   -4.1950360624E-03
O            8.   -3.5117741350E-04   -3.3488707127E-05    2.2047294276E-04
H            1.   -1.9534491628E-05   -6.1020523172E-05   -2.4584641755E-05
H            1.   -1.6123927670E-03   -6.7168315714E-03    4.2593349026E-03
H            1.    6.1273763844E-05   -2.6498720950E-04   -1.1788807408E-05
H            1.    2.1767994174E-06   -1.2793997805E-04   -6.4270114107E-05
H            1.    3.5461876596E-04    2.1051781818E-04   -1.0709733333E-04
 $END
-------------------- DATA FROM NSERCH=  15 --------------------
 COORDINATES OF SYMMETRY UNIQUE ATOMS (ANGS)
   ATOM   CHARGE       X              Y              Z
 ------------------------------------------------------------
 CL         17.0   3.1020231969   0.7092257334   0.4041360305
 C           6.0   2.7466563181   0.1234786107  -1.3493799907
 C           6.0   3.3582913505   1.0928355306  -2.3377234191
 O           8.0   2.6894854603   2.3207647512  -2.2855520818
 H           1.0   1.6627844131   0.1094710669  -1.4382888502
 H           1.0   3.1867261076  -0.8651256331  -1.4331814717
 O           8.0   3.2358125026   0.4792861537  -3.6833456197
 O           8.0   3.7552130321   2.8089606394  -4.5348419532
 H           1.0   3.1695979885   3.1487912369  -5.2483953897
 H           1.0   3.6590716635   1.7913009409  -4.4954225131
 H           1.0   2.2756047136   0.3108196431  -3.8607071111
 H           1.0   4.4405010217   1.1554631885  -2.2019889572
 H           1.0   3.0705258317   2.8443542057  -3.0891757629
--- CLOSED SHELL ORBITALS --- GENERATED AT 10:10:07 30-JUL-2026    
Chloroacetaldehyde hydrate and water                                            
E(R-WB97X-D)=     -762.3137964806, E(NUC)=  315.7776653693,    6 ITERS
 $VEC   
 1  1 9.85802681E-01 5.34289962E-02-2.06183525E-05-4.01907761E-05-1.72858328E-04
 1  2-1.87708029E-02 5.99961537E-05 1.23266446E-04 6.47982377E-04 1.02695518E-02
 1  3-2.38464692E-04-4.68225288E-04-1.79309852E-03-3.28272589E-05-4.20524210E-04
 1  4-3.76921185E-06-1.93031958E-05-1.45519201E-04 7.66915334E-04 1.16360930E-05
 1  5 3.42217845E-04-1.44348787E-03 7.82474991E-05 6.26109983E-04-2.44267268E-05
 1  6 1.80005331E-05 3.41720979E-04-1.93813657E-03 6.02180289E-04-2.87878018E-05
 1  7-1.79974348E-03-1.91143383E-05-1.36386022E-04-2.07004206E-05 1.35923167E-05
 1  8 2.74567894E-05 6.49950455E-04 1.60171908E-04-2.93640366E-04 1.07377229E-04
 1  9 1.52806997E-04-8.33889795E-04 2.07304469E-04-7.56095330E-04 1.28585203E-05
 1 10 1.27055536E-04 2.05048652E-05 1.27895793E-05 4.61169483E-05-4.93733054E-04
 1 11-1.13060987E-04-9.68845191E-05-2.37015449E-04-1.38910973E-06-7.70367907E-06
 1 12-1.07331194E-06-2.97045206E-06 2.57382406E-05 6.48786000E-05-8.80080152E-07
 1 13-1.15805529E-05-7.80281184E-05-3.34702445E-05 2.99046599E-05 4.21101630E-05
 1 14-2.37458380E-04-2.40498974E-05-4.16678869E-05 2.92708525E-04-2.84694832E-04
 1 15-4.17201978E-05 1.85879128E-05
 2  1-9.04362159E-06 6.10590285E-05 1.50681476E-05 3.53647390E-05-6.35367328E-05
 2  2-9.63126537E-04-8.52476436E-05-2.09557689E-04 4.39513693E-04 1.44637861E-03
 2  3 2.77314910E-04 7.31739201E-04-1.51406772E-03 2.61252582E-04 8.80479905E-04
 2  4-2.95079927E-04-2.51617188E-04 8.09243143E-04-7.86213191E-03-7.42296179E-04
 2  5-2.14460107E-03 3.75544475E-03-1.12808460E-03-4.82069313E-03-8.85682932E-05
 2  6-2.19145544E-05-1.46517669E-03 2.50167813E-02-4.51089486E-03-5.86988981E-03
 2  7-8.49973099E-03 5.39156353E-03 1.92319567E-03-1.11440259E-04-3.40056101E-04
 2  8-3.69480088E-04-5.03819518E-03-2.13353491E-04 3.38812837E-03 2.30292853E-03
 2  9 1.00027117E-03-7.90480259E-04 3.82988403E-04 4.47517196E-05 9.82600080E-01
 2 10 1.04944213E-01-2.00640206E-03 1.61330647E-03 2.10955123E-03-5.06639700E-02
 2 11 3.74654718E-03-5.39065618E-03-7.62990829E-03 5.65109102E-03 1.83015551E-03
 2 12 1.22008675E-04-5.52134031E-04 3.38824064E-05-3.97249561E-03-2.44139923E-04
 2 13 2.94070047E-03-2.74898883E-04 3.45477078E-04-1.29570966E-03 6.10082597E-04
 2 14 6.18087916E-03 3.39677519E-03 4.68223982E-03-1.53591526E-03-1.38799821E-03
 2 15 4.55497276E-04-9.94572847E-04
 3  1 6.42071326E-06-5.09586742E-05-2.22801748E-05 2.50232665E-05 4.02780635E-05
 3  2 4.68457012E-04 1.51477456E-04-1.25091176E-04-2.44072178E-04-5.72099989E-04
 3  3-6.79980530E-04 4.42957846E-04 3.49590441E-04 2.01095196E-04 7.18170640E-04
 3  4-5.40076048E-04-5.66292570E-04 4.55351390E-04-6.31924079E-03 3.24891271E-03
 3  5-3.88509013E-03 2.24507501E-03-9.16581053E-04-3.69955829E-03-3.06592092E-04
 3  6 2.02818236E-03-1.94791231E-04 2.32055683E-02-1.02356312E-02 8.61947079E-03
 3  7-5.85924541E-04 9.60257165E-01 1.03404068E-01 2.60722686E-03-1.78661300E-03
 3  8-2.20583482E-03-5.33570601E-02-7.36488737E-03 7.10581904E-03 5.90897668E-03
 3  9 9.03776247E-04 1.84615167E-03-4.93074268E-04-1.91498536E-04-6.05386820E-03
 3 10 9.33940656E-04-2.34823229E-04 5.24746263E-04 5.80587620E-05-4.82638086E-03
 3 11 1.43402758E-03-3.50005102E-03-1.88406232E-03 2.08894139E-01 2.30824948E-02
 3 12-6.23812434E-04-3.05476999E-04 4.97209016E-04-1.19746397E-02 1.76893717E-03
 3 13 9.18246171E-04-2.54921880E-03 8.11769231E-04 2.99518462E-04 9.46220183E-04
 3 14 1.38136258E-03 9.22741829E-04-1.47730113E-03-8.65737396E-04 2.08002462E-04
 3 15 3.14896791E-03 9.41439491E-03
 4  1-1.05031971E-06 8.74702994E-06 1.49073193E-05-1.00407412E-05-6.87607149E-06
 4  2-7.26802147E-05-8.39216230E-05 4.81768828E-05 4.50575711E-05 4.87537864E-05
 4  3 2.13410149E-04-8.94522193E-05-2.65565562E-05-3.64950643E-05-2.61008506E-05
 4  4 6.30264173E-05 2.28747641E-04-2.11793814E-04 1.33270467E-03-3.78363737E-04
 4  5 6.98795909E-04-3.88811501E-04 2.96092290E-04 1.44534276E-03 9.54669705E-05
 4  6-4.74931452E-04-2.56852903E-05-7.11981825E-03 2.58126894E-03-2.37549430E-03
 4  7 6.82193068E-04-2.08729694E-01-2.12277845E-02-4.94105435E-04 9.00466516E-04
 4  8 1.81095558E-04 7.74394835E-03 1.00516553E-03-3.88239681E-03 6.93485819E-04
 4  9-2.06233686E-04-1.38580329E-07 1.23943818E-04-1.91865445E-04-4.20060325E-03
 4 10 3.77451598E-04 3.88431941E-04 4.17473388E-04-5.82239765E-04-1.25512410E-03
 4 11-1.53779302E-03-1.55860287E-03 2.68357506E-03 9.59941856E-01 1.00675947E-01
 4 12-2.10326584E-03-1.71777263E-03-1.22749119E-03-4.32383945E-02 4.36497321E-03
 4 13 4.52151657E-03 2.18051894E-03 2.93171125E-03 5.69962362E-03 2.33437245E-03
 4 14 1.05639525E-02 2.95981679E-04-1.07323950E-03 5.61748530E-04-6.91221253E-04
 4 15-4.38751773E-04 4.86425439E-03
 5  1 7.55167646E-05-9.77028202E-05-6.16536100E-06 4.30624374E-05-2.11840239E-04
 5  2-2.16677592E-03 5.20739092E-05-2.84737322E-04 1.44481503E-03 2.81153794E-03
 5  3-5.96697594E-04-1.19945501E-04-2.17553006E-03-9.86910787E-03-4.17899314E-03
 5  4-2.00588299E-04-2.74916424E-04 6.44763438E-05 2.58899505E-02 6.77288059E-03
 5  5 1.00070789E-02-1.24195622E-02 9.86570196E-01 1.10666807E-01-1.70696204E-04
 5  6-8.09190907E-04 6.97508817E-05-8.58457752E-02 2.37748183E-03 1.01461974E-02
 5  7-6.15635620E-03-4.92185202E-05-4.33021464E-04 3.63507269E-04 1.39781013E-04
 5  8-2.47673726E-04 7.89004404E-03-3.86556677E-04-3.45327453E-03 1.33088066E-03
 5  9-1.53598007E-03 1.41196034E-03-1.60122156E-03 1.30716550E-03-1.94793883E-04
 5 10-9.39168770E-04-3.09017576E-05 3.34332274E-04 1.69505591E-04 9.85970159E-03
 5 11 4.81638616E-04 6.78617151E-04 5.03242524E-03 5.44310102E-05 4.48361545E-04
 5 12 9.04437908E-06 1.11500057E-04-9.10419969E-05-1.71786225E-03 1.55618020E-04
 5 13 2.88654421E-05-9.63649131E-05 4.87032799E-04-8.01482943E-04-4.19744558E-04
 5 14 2.45551611E-03-6.58495728E-04 3.23755759E-03-1.78138393E-04 1.68034602E-02
 5 15-6.37362515E-05 3.44595745E-03
 6  1-2.14250412E-05-1.77288814E-04 6.42937095E-05 1.03917990E-04 3.27372842E-04
 6  2-2.15015852E-03-3.83780050E-04-6.19796588E-04-1.88485842E-03 1.30726090E-02
 6  3-1.34680802E-03-2.25198237E-03-8.67061822E-03 9.86479628E-01 1.11903245E-01
 6  4 3.27043892E-04 5.80528855E-04 1.12217456E-03-8.97594660E-02-3.07436018E-03
 6  5-5.10260523E-03 2.35791947E-03 9.19790843E-03-1.80312444E-03 2.56814639E-04
 6  6 2.90509569E-04-7.10610631E-06 2.27378774E-02-5.52849374E-03-9.04795106E-03
 6  7 8.90068398E-03 3.62465095E-05-1.06429375E-05 6.27507715E-05 5.44000285E-04
 6  8-3.74151010E-04-1.30156784E-03-2.72716684E-04-6.22240808E-04 8.47012996E-04
 6  9-6.52595764E-05 1.55130221E-02-1.34665119E-04 1.54867025E-02 2.14967818E-05
 6 10-1.03037644E-04 2.01314161E-04 1.77689079E-04-4.46347034E-04-1.00688483E-03
 6 11-5.25275732E-04-5.04440233E-04 1.40731637E-04 2.32002306E-05 1.82315434E-04
 6 12-5.32765986E-05 4.13623130E-05-1.01215741E-04-7.79817511E-04 2.32354063E-04
 6 13 4.31942060E-05 2.60097415E-04 3.21322517E-04-3.31510454E-04-1.02403563E-04
 6 14 1.49153351E-03-5.30194521E-04 2.54978088E-04-1.31452651E-03 9.07813169E-04
 6 15 5.25232380E-04 1.34173129E-03
 7  1-3.05120758E-01 9.77064734E-01-1.67716109E-03-3.03320859E-03-8.46070501E-03
 7  2 1.54298098E-01-6.44883398E-04-1.24977277E-03-5.19203285E-03-6.77612738E-02
 7  3 1.72090449E-03 3.30299218E-03 1.20158397E-02 6.56245700E-06 1.69134677E-03
 7  4-5.47726492E-05 1.79643953E-06 4.31199024E-04-2.26392352E-03 3.30344712E-04
 7  5-1.43256281E-03 9.61012003E-03-4.57269378E-05-3.26439336E-03 1.51697885E-04
 7  6-1.24369779E-04-1.94926340E-03 1.03435028E-02-3.56955564E-03 2.82420397E-04
 7  7 1.03872411E-02 9.70306510E-05 6.56983385E-04 8.82682641E-05-8.10536478E-05
 7  8-1.30812528E-04-3.53211503E-03-8.38979513E-04 1.66198787E-03-6.21048755E-04
 7  9-9.78733454E-04 5.03261354E-03-1.29284199E-03 4.54254620E-03-7.49376107E-05
 7 10-6.88389044E-04-1.06053962E-04-5.25301151E-05-2.64133258E-04 2.97288971E-03
 7 11 6.46555760E-04 5.39235401E-04 1.56642585E-03 8.38905856E-06 5.02674953E-05
 7 12 6.52183901E-06 9.28315618E-06-1.26187697E-04-3.99137857E-04-1.00717419E-06
 7 13 9.96296324E-05 4.15183834E-04 1.80994578E-04-1.92214746E-04-2.28527020E-04
 7 14 1.42454830E-03 7.42368234E-05 4.11027480E-04-1.60058311E-03 1.93322209E-03
 7 15 1.88077694E-04-8.25674047E-05
 8  1-3.25223286E-03 1.10101136E-02 1.80364933E-01 2.98106985E-01 9.05992213E-01
 8  2-3.16440523E-03 1.65101022E-02 2.73498131E-02 8.43809029E-02 4.61272825E-03
 8  3-5.31026194E-03-8.98715558E-03-2.89713069E-02-7.11790429E-04-4.39204405E-03
 8  4-2.17307975E-05-1.09327387E-04-3.57920823E-04 9.17391046E-03 1.29394695E-03
 8  5 3.17782746E-03-2.96522541E-03 3.78156356E-04 2.73992537E-03 9.43460742E-06
 8  6 9.61216727E-05 9.21732164E-04-1.07342876E-02 2.11467785E-03 8.18194043E-04
 8  7-8.50416808E-03-6.72085184E-05-3.90029366E-04-1.12024308E-04-8.01939947E-05
 8  8 1.12897078E-04 2.44717429E-03 8.05597906E-04-8.15722377E-04 3.00150227E-04
 8  9-2.43598050E-04-3.91317421E-03-5.80877156E-05-3.56065485E-03 3.59769406E-05
 8 10 2.85258927E-04 7.80449362E-05 1.16134009E-04 1.02609943E-05-1.66846368E-03
 8 11-4.37523542E-04-6.62935218E-04-3.26999801E-04-6.20773652E-06-3.61208402E-05
 8 12 3.98402275E-06-2.31541507E-05 8.40838402E-05 2.96466227E-04-3.22635247E-05
 8 13 2.25811776E-06-2.74273691E-04-1.40806824E-04 1.38602354E-04 2.12675781E-04
 8 14-9.92461246E-04-3.18078853E-04 3.37617282E-04 1.19368459E-03-3.52556816E-04
 8 15-2.09781381E-04-2.31467120E-04
 9  1 3.00078099E-06-5.74964018E-05 7.21465987E-01 5.61702020E-01-3.28259663E-01
 9  2 4.54006245E-04 6.47009406E-02 5.04037121E-02-2.99401128E-02 2.19416944E-04
 9  3-2.02761245E-02-1.59118257E-02 9.20395292E-03 1.96531742E-05 1.30412783E-04
 9  4-4.36869229E-05 8.57713894E-05 5.20042891E-04-6.86373100E-04 9.74111697E-04
 9  5-9.20434708E-04-2.19759464E-03-9.94492921E-05-9.92713958E-04 9.80995534E-05
 9  6-1.29428576E-04-8.86289258E-04 8.84906354E-04-1.01086659E-03 2.08113768E-03
 9  7 5.06458081E-03 3.25280264E-05 1.66181612E-04 7.29286252E-05 2.19084071E-05
 9  8-8.53923211E-05-1.37964412E-03-5.71415543E-04 4.52953979E-04-2.09198281E-04
 9  9 6.54492604E-04-1.77783503E-03-3.55508737E-06-1.02722024E-03-5.43841916E-05
 9 10-3.94147839E-04-9.17034247E-05-9.97753210E-05-8.06642245E-05 2.07431947E-03
 9 11 5.08335047E-04 6.66022386E-04 9.66274343E-04-1.30264438E-06-1.69308070E-05
 9 12 1.31358407E-05 1.44286388E-05-3.98879987E-05-2.46130919E-05-3.98759738E-05
 9 13-2.43035512E-05 1.47490355E-04 3.53195434E-05-3.20792559E-05-6.69872933E-05
 9 14 3.46315536E-04-3.78126238E-06 5.29003757E-04-1.01548356E-03 2.29953672E-03
 9 15 1.49879224E-04-1.32215511E-04
10  1-5.16024011E-05 1.59009612E-04-6.25143291E-01 7.34431160E-01-1.17151195E-01
10  2 7.42947410E-05-5.59093960E-02 6.57427252E-02-1.06296488E-02 2.09491694E-04
10  3 1.70156560E-02-2.02970084E-02 3.17756972E-03-1.60447341E-07 2.45820697E-05
10  4 4.56203538E-05 1.56454398E-05 1.65242015E-04 2.41350288E-04-1.32241240E-03
10  5 1.08455879E-03-1.02131664E-03-4.94361954E-05-6.10067701E-04-1.90444840E-05
10  6-2.11712605E-04-2.06948817E-04 1.35118613E-03 1.18127734E-03 9.18938561E-04
10  7 9.11818937E-04-1.53586254E-06-1.14342914E-04 6.23789809E-05 1.16308827E-04
10  8-3.91760126E-04-2.11160571E-04-4.01656545E-04-3.02438760E-04 1.14466036E-03
10  9-5.92707297E-04 1.28203821E-03 7.62319255E-04-2.00595394E-03-1.55372415E-05
10 10-1.36445881E-04-1.34901017E-05 3.08603482E-05-4.92950720E-05 5.48418383E-04
10 11-1.67025868E-05-8.76755256E-05 2.72466471E-04 8.07819395E-06 7.01666850E-05
10 12-1.65711261E-06-5.67629623E-06 2.74169662E-05-2.13939104E-04 1.98719707E-05
10 13 5.16649622E-05-1.20795821E-04 1.54758600E-05-8.10375386E-05-2.61304206E-05
10 14 2.22204550E-04 5.01023801E-05-1.41500457E-04-5.74991573E-06-1.58385506E-03
10 15 2.97033161E-04 3.86324536E-04
11  1 1.83799896E-03-1.04299875E-02 3.17551153E-04 1.81983359E-04 3.42063545E-03
11  2 1.44639310E-02-5.45062690E-04-2.15857528E-04-7.07553417E-03 3.78086007E-03
11  3 8.80828907E-04-3.66763313E-04 2.49233855E-03-2.47248395E-02 2.19277587E-02
11  4 7.29270796E-03 1.54243681E-02-1.91858210E-02 5.10065481E-02-1.05621139E-02
11  5 7.81652233E-03-6.41978375E-03-9.82714608E-02 1.07140335E-01-3.58457822E-02
11  6 1.88041680E-02-4.84518183E-02 1.54305042E-01 1.33661165E-02-7.96418392E-03
11  7 6.18942719E-04-1.17681731E-01 1.05458546E-01 4.03909457E-02-3.95187059E-02
11  8-3.27244670E-02 3.58540270E-01 4.39010871E-02-4.15279665E-02-4.40486902E-02
11  9 5.76285338E-03-5.38450136E-03 7.71242063E-03-2.42516625E-04-1.65215330E-01
11 10 1.51189847E-01-5.00961466E-02 2.76549772E-02 4.56734220E-02 5.04482536E-01
11 11-5.40964775E-02 4.07931730E-02 4.97793170E-02-4.34592976E-02 3.80473212E-02
11 12-1.29970723E-02-1.38343121E-02-2.79915405E-03 1.34158362E-01-1.57286659E-02
11 13-1.68722782E-02 3.88057627E-03 1.73840703E-02 6.32791288E-03 3.45105639E-02
11 14 7.29585980E-03 7.48315893E-02 1.17926284E-02 2.66995240E-02-1.23776905E-02
11 15 4.83571493E-02 2.96865835E-03
12  1 1.46539573E-03-8.34370324E-03 3.88095246E-04-4.34370600E-05 1.78515535E-03
12  2 8.53639340E-03-9.06256475E-04-4.82829838E-04-2.10357178E-03 6.24622483E-03
12  3 2.13198362E-03 3.38583432E-03-2.04382183E-03-2.07110665E-03 1.49922589E-03
12  4-1.25051757E-03 8.98476207E-03 5.54388943E-03 4.52000057E-03-6.45476392E-03
12  5 1.73717735E-02 1.25265876E-02-1.79551498E-02 1.65092396E-02-2.66504874E-02
12  6 9.35597089E-02 5.09824539E-02 3.11996742E-02 6.54102102E-03 6.03355456E-03
12  7-2.16644791E-03-1.53857253E-01 1.41569286E-01 4.92648501E-02-2.50982249E-02
12  8-3.80287180E-02 4.82528681E-01 5.57068173E-02-3.20507789E-02-4.06439570E-02
12  9 7.53654834E-04-2.42922454E-03 4.38334753E-04 3.11316829E-03 1.49168218E-01
12 10-1.39773811E-01 5.32196653E-02-2.84429669E-03-2.45213780E-02-4.74998019E-01
12 11 4.81425618E-02-6.81283006E-03-3.84902993E-02-8.99666153E-02 8.19606682E-02
12 12-2.75913083E-02-1.34335277E-02-1.45520253E-02 2.83304445E-01-2.90365459E-02
12 13-1.82563006E-02-9.54368467E-03 4.53809771E-02 1.17409932E-02 2.64253967E-02
12 14-3.27375652E-03-8.13846462E-02-1.36607152E-02 2.58228079E-03-6.49915769E-03
12 15 7.44561104E-02 1.66782686E-02
13  1-2.11740596E-03 1.20946726E-02-4.36677368E-04-2.50405426E-04-2.96486368E-03
13  2-1.51394347E-02 9.27284603E-04 6.93537890E-04 5.53754182E-03-7.57712992E-03
13  3-1.38842981E-03-1.59549474E-03 2.61897680E-04 1.26116860E-02-1.30792396E-02
13  4-2.46830470E-03-1.04143128E-02 4.18945070E-03-1.54123097E-02 8.97166129E-03
13  5-4.97930071E-03-8.43599628E-03 3.74136999E-02-4.16602624E-02 2.40661428E-02
13  6-4.44683963E-02-1.29482493E-02-6.93096494E-02 3.09497476E-03 1.17565873E-02
13  7-1.46509884E-02 9.61443705E-02-8.81584483E-02-2.93528288E-02 2.83748050E-02
13  8 1.60569946E-02-3.05399784E-01-3.46084102E-02 2.78820309E-02 2.08217163E-02
13  9-4.35367062E-03 2.84970520E-03-4.64953351E-03-3.51850900E-04-2.67835398E-02
13 10 2.35619633E-02-6.22303928E-03 4.12964739E-03-8.43398743E-03 9.02413779E-02
13 11-3.27037473E-03 7.17070248E-03-6.69129019E-03-2.05972926E-01 1.92257420E-01
13 12-5.88181197E-02-4.13993214E-02-4.97116450E-02 6.37633993E-01-5.94969387E-02
13 13-4.73637750E-02-4.62147146E-02 1.08252262E-01 2.36761667E-02 9.57626214E-02
13 14 1.48652030E-02 1.28852732E-02 5.97989319E-03-1.09977894E-02 6.54169864E-03
13 15-1.63644041E-02 6.18287719E-03
14  1 6.37922977E-02-3.68058509E-01 8.41514754E-03 1.48024575E-02 4.54317242E-02
14  2 4.69514889E-01-1.71954671E-02-2.98414069E-02-9.20361779E-02 3.15784772E-01
14  3-1.08124337E-03-4.23319727E-03-8.32922042E-03-1.26209287E-01 1.08234303E-01
14  4 1.73804186E-02 2.49374457E-02 4.13413409E-02 3.85910972E-01 2.04209199E-02
14  5 2.44442929E-02 4.11910664E-02-3.42833162E-02 4.01312388E-02-6.17700000E-03
14  6-4.60498974E-02 5.37006756E-02 4.76540305E-02 5.08747531E-03-5.51498454E-03
14  7-9.38580495E-03 3.46611524E-02-3.14783650E-02-9.90016677E-03-1.29777498E-02
14  8 2.34401953E-02-1.18125227E-01-1.06152844E-02-3.36570142E-03 2.24897797E-02
14  9 5.22961257E-02-1.36566312E-02 5.28236826E-02-1.65903485E-02 2.12177296E-02
14 10-1.87508974E-02 1.11143013E-02-4.05558148E-03 1.16742250E-02-7.89742967E-02
14 11 9.80871618E-03-8.34385538E-03 3.96848134E-03-9.10994463E-03 8.49378188E-03
14 12-1.98585946E-03 2.46028068E-04-6.39885962E-03 3.16982639E-02-1.43890814E-03
14 13-5.93217417E-04-7.06265670E-03 6.76950613E-03 3.05392332E-03 1.14098358E-03
14 14-7.71939267E-03-1.48140341E-02-5.34998239E-03 2.00212633E-02-2.74751202E-03
14 15-2.41460947E-02-1.20671503E-02
15  1 4.73521296E-02-2.75876049E-01 9.91703582E-05-4.05312003E-04-1.31057184E-02
15  2 3.40672291E-01-9.86428056E-04-1.18208137E-03 2.41939171E-02 3.31266300E-01
15  3-3.65846095E-03-4.29419128E-03-1.27657316E-02 1.23705692E-01-1.26963873E-01
15  4-1.94783774E-02-1.93238489E-02 1.06401398E-01-3.32572054E-01-5.52064287E-03
15  5 1.00489280E-02 3.16278636E-02 1.14780189E-01-1.14763084E-01 7.86707320E-03
15  6 8.62856181E-02-7.04886716E-02-3.20615550E-01 2.69719396E-03 4.35501002E-02
15  7-3.21030230E-02-4.82477902E-02 4.17863020E-02 3.77134212E-03 5.99760588E-02
15  8-4.28476143E-02 1.89713156E-01 8.56854750E-03 3.27043784E-02-3.60851803E-02
15  9-6.96386052E-02-5.88816137E-03-7.34327612E-02-3.08836568E-04-4.72814387E-02
15 10 4.20907122E-02-4.78181521E-02-6.68544189E-03-7.30879555E-02 1.85475635E-01
15 11-4.18358385E-02 8.69851813E-04-4.63177554E-02 1.04015154E-02-9.27519782E-03
15 12 1.32558469E-03-5.16105387E-03 1.45699807E-02-4.07436733E-02-5.21632080E-04
15 13-2.12886629E-03 1.29442087E-02-1.23053223E-02-7.03402458E-03 5.95085104E-03
15 14 1.70929634E-02 5.32307277E-02 3.43747914E-02-6.54913938E-02 6.91097084E-04
15 15 5.10111048E-02 3.27490705E-02
16  1 1.79831282E-02-1.05640406E-01-1.42029848E-02-1.63041469E-02-2.60366853E-02
16  2 1.31666729E-01 2.83741293E-02 3.29540936E-02 5.05018530E-02 1.49791889E-01
16  3 1.37789298E-02 1.24575711E-02 1.25086067E-02 1.07354153E-01-9.53802149E-02
16  4 8.41580941E-02 7.43981264E-02-1.44762252E-02-4.02603405E-01 4.40191890E-02
16  5 2.19185173E-02 9.88300914E-03-1.20611463E-01 1.17570699E-01 1.28178250E-01
16  6 1.78146417E-02-5.75995481E-02 4.30865135E-01 8.58505559E-02-7.86018555E-03
16  7-1.42047178E-02 4.69413633E-02-4.23469027E-02 4.52765040E-02-6.79921556E-02
16  8 2.06585212E-02-1.89985105E-01 3.34700031E-02-4.95667508E-02 1.77415888E-02
16  9-1.10494579E-01-3.69624873E-02-8.52217153E-02-2.82256722E-02 1.66069758E-02
16 10-1.49494381E-02 1.44194885E-01 8.01401562E-02 1.15039305E-01-7.99648969E-02
16 11 1.25017595E-01 6.97370470E-02 8.94875845E-02 5.38755279E-04-1.57578626E-03
16 12 9.48186348E-03-1.79977921E-02 4.15666347E-03 3.27440066E-03 1.05878557E-02
16 13-1.78698237E-02 7.88369153E-03-8.90898369E-03-4.69505078E-03 1.55308920E-02
16 14 2.68805227E-03-1.14137255E-01-7.57394610E-02 1.34819610E-01 3.21138529E-02
16 15-4.05254924E-02-3.97550877E-02
17  1-5.13284239E-03 3.03816155E-02 1.93848656E-03 2.59387109E-02 1.10494186E-02
17  2-3.58312558E-02-3.86672401E-03-5.32649869E-02-2.17743278E-02-5.63341492E-02
17  3-1.51108264E-03-2.89984128E-02-1.59726117E-03-4.31648414E-02 3.34722273E-02
17  4 1.38669384E-02-1.57689339E-01 4.61585988E-02 2.12846896E-01 3.70565574E-02
17  5-9.04578885E-02 2.03805550E-02 3.85219068E-02-4.23432613E-02 1.48761081E-01
17  6-7.29395800E-02-1.11051627E-01-1.33858135E-01 1.19261948E-01-2.67017477E-03
17  7-1.08600352E-01-1.55035765E-03-1.32019012E-03 1.94496685E-02 1.96420573E-01
17  8-1.36553740E-01 1.89917684E-02 1.86512629E-02 1.67082894E-01-1.20538551E-01
17  9 2.14896785E-02 7.94786663E-03 1.07563935E-01 4.95371380E-02-1.27863481E-02
17 10 1.08041442E-02 1.55097940E-01 6.62571753E-02 3.83504688E-02 4.90087854E-02
17 11 1.40912241E-01 6.20076879E-02 3.15769023E-02 1.05956615E-02-1.21745677E-02
17 12 3.42290039E-02-1.06289793E-01 1.25058121E-01-3.75766461E-02 2.68533949E-02
17 13-9.46773314E-02 1.21287670E-01-1.01804086E-01-6.80774500E-02 7.56620358E-02
17 14 6.24086826E-02-9.99026218E-02-6.12967863E-02 3.64062381E-02 2.28747938E-02
17 15 1.38567793E-01 1.01730496E-01
18  1 3.31738718E-03-1.96576216E-02-1.59981999E-02 5.15443315E-03-1.53945288E-02
18  2 2.28626679E-02 3.33650078E-02-1.07966643E-02 3.16126209E-02 4.06959849E-02
18  3 1.70064024E-02-9.81203509E-03 1.01354776E-02 8.03653632E-03-5.19614076E-03
18  4 9.39322942E-02-6.96409138E-02-2.20674112E-02-5.69666527E-02 6.57992322E-02
18  5-7.12945755E-02-2.57746692E-02 3.86354604E-03-3.68886462E-03 8.79714432E-02
18  6-1.09029403E-01-3.57398872E-02-1.82947686E-03 4.54062038E-02-8.71752247E-02
18  7 1.38701407E-02-2.10820391E-02 1.81750525E-02-9.46050103E-03 1.46556771E-01
18  8-6.07968622E-02 9.07789860E-02-5.63977717E-03 1.30176921E-01-5.21152746E-02
18  9-5.81970713E-02-3.04198884E-02 5.28842239E-02 3.18002547E-02-8.12120343E-03
18 10 9.54886915E-03-1.54673898E-03-9.35084870E-02 1.08584701E-01 3.24654559E-02
18 11-3.99124381E-03-9.76598366E-02 1.11564896E-01-1.21740773E-03 2.23450355E-03
18 12-9.95062822E-02 2.76049447E-01-1.21374808E-01 2.05866301E-03-8.77219430E-02
18 13 2.54565783E-01-1.11740283E-01 1.66924147E-01 1.21669868E-01-1.86946872E-01
18 14-1.58751092E-01 2.60782069E-03-2.34756861E-04 3.58564132E-02 1.97681157E-02
18 15 7.18071698E-02 7.56465488E-02
19  1-7.30735724E-03 4.31768473E-02-2.78598639E-02 4.69381030E-03 4.47200572E-02
19  2-5.39815530E-02 5.78900099E-02-1.01013509E-02-9.37336705E-02-6.99745192E-02
19  3 4.02061128E-02 3.54671841E-05-5.03834107E-02-3.77566997E-03-1.66228423E-03
19  4 1.98212934E-01 7.87711477E-03 3.39339157E-02 2.67835864E-02 1.56806289E-01
19  5 8.79928108E-03 2.16849786E-02-4.92878842E-03 6.66166129E-03 1.73924480E-01
19  6 3.24657881E-02 2.21416538E-01 1.08016502E-02 1.54460347E-01 3.36265972E-02
19  7 1.50990058E-01-5.86341577E-03 4.45594442E-03 6.37150889E-02 6.74758330E-02
19  8 6.46742970E-02 2.73162549E-02 5.90301504E-02 5.92290364E-02 6.15094409E-02
19  9-1.16807534E-01-7.18005087E-02 4.44433552E-02 2.51289933E-02-6.47771003E-03
19 10 7.11358932E-03-1.08410505E-01-1.19702045E-01-2.18295386E-01 2.75158875E-02
19 11-9.84144405E-02-1.17866533E-01-2.10739086E-01-1.44295893E-03 2.46091928E-03
19 12 2.35189989E-02-5.16641117E-02 3.24685844E-02 6.18759375E-04 2.28671164E-02
19 13-4.30434087E-02 2.65380259E-02-3.68168892E-02-2.99328618E-02 3.30340994E-02
19 14 4.05413324E-02 1.19898225E-01 9.66915272E-02 1.21204125E-01 6.50034634E-02
19 15 1.20695130E-02 1.50441479E-02
20  1-9.89471233E-03 5.86859087E-02 4.05638713E-02 4.17818906E-02 6.16427482E-02
20  2-7.35579531E-02-8.55248488E-02-8.85362286E-02-1.28713767E-01-1.10501260E-01
20  3-4.88952129E-02-4.68183484E-02-6.84380179E-02-1.08179085E-02 3.00171437E-04
20  4-1.31980619E-01-9.94704895E-02 1.88274669E-01 9.39329331E-02-1.10329863E-01
20  5-4.10856480E-02 1.57761072E-01 1.51860548E-02-1.12557699E-02 1.29275281E-01
20  6 2.27716851E-01-5.92684479E-02-4.33554120E-02 1.42682705E-01 1.35752539E-01
20  7-4.48882784E-02 2.82199562E-04-3.89377665E-03 9.07799660E-02-9.37091527E-02
20  8 6.92861812E-02 2.13422766E-02 8.69280537E-02-9.92103284E-02 6.98591743E-02
20  9 8.22301443E-02 4.49865905E-02 2.34868222E-02 2.70746556E-02-4.24911532E-02
20 10 3.91981699E-02 1.25640070E-01 5.86262170E-02-1.17264460E-01 1.77549292E-01
20 11 1.24108085E-01 5.46938245E-02-1.17724368E-01 2.17870708E-02-1.59793299E-02
20 12-5.88944443E-02 1.00885935E-01-1.39610134E-01-1.05113474E-01-5.35634583E-02
20 13 1.02011178E-01-1.34691387E-01 1.09808649E-01 7.97189069E-02-4.12595708E-02
20 14 3.68713256E-03-4.74754716E-02-2.40997086E-02 6.78527418E-02 3.46606269E-02
20 15-6.89794223E-02-8.77423588E-02
21  1-3.08829328E-03 1.83252468E-02 5.02006967E-02-4.84813141E-02 3.92444859E-02
21  2-2.06643263E-02-1.05844191E-01 1.02030015E-01-8.37116539E-02-3.70372621E-02
21  3-6.91158692E-02 7.10282880E-02-4.84336772E-02-5.50719279E-03 1.16923581E-03
21  4-1.96512570E-01 2.53416782E-01 1.00557629E-03 3.41273913E-02-1.89968787E-01
21  5 2.28036964E-01-7.21945762E-03 5.83839914E-05-5.28237516E-04 1.08377978E-01
21  6-9.62877436E-02 8.44582723E-02-3.87629501E-03 1.23704869E-01-5.88711199E-02
21  7 5.64033786E-02 7.51655658E-03-6.02142678E-03 2.55667916E-03 1.83249823E-01
21  8-2.12961485E-02-3.19790212E-02-1.52724701E-03 1.75688194E-01-1.18192868E-02
21  9 1.33043378E-01 7.69572027E-02-2.04979499E-01-1.34661907E-01-1.65466234E-02
21 10 1.64003693E-02 4.72367524E-02-7.43561995E-02-3.01417757E-02 6.69168925E-02
21 11 4.79577485E-02-7.81873294E-02-3.03959984E-02-5.41227050E-03 5.01706401E-03
21 12-6.61880655E-03 4.88204012E-02 6.35438592E-02 1.99713447E-02-4.85417965E-03
21 13 5.31432659E-02 6.45269233E-02-1.19829157E-02-1.02284275E-02-2.72519668E-02
21 14-2.11987854E-02-2.70697170E-03 4.84169104E-03 7.10784674E-02 4.10103487E-02
21 15 8.83563059E-02 1.06986936E-01
22  1-2.49964099E-03 1.48627978E-02-1.32072660E-02-1.15102372E-02 3.68092690E-02
22  2-2.01935093E-02 2.87736600E-02 2.25230327E-02-7.65993276E-02-2.83720831E-02
22  3 1.73085413E-02 2.78607611E-02-5.18276359E-02-5.18933389E-03 4.81635733E-03
22  4 1.07249548E-01 6.41810059E-02-9.40260025E-03-1.28016371E-02 6.27289999E-02
22  5 8.66186277E-02 1.10172965E-02 4.35935207E-02-4.50117395E-02-7.72946080E-02
22  6-1.29730730E-01 5.84283461E-02-1.46357832E-01-5.31729513E-02-1.24376030E-01
22  7 6.72528166E-02-7.22218439E-02 6.17729508E-02-1.67891803E-01 6.16930023E-02
22  8 1.45875043E-01 3.28440683E-01-1.67374914E-01 5.94028170E-02 1.56776593E-01
22  9-7.07386964E-02-6.16843029E-02-5.05927763E-03 2.71934700E-02-6.09006519E-02
22 10 5.38692562E-02 2.61628982E-01-3.89692615E-02-2.90918301E-02 2.69835870E-01
22 11 2.74307839E-01-4.54337630E-02-3.06909782E-02 1.63696133E-02-7.62971302E-03
22 12 1.95841442E-03-6.79105516E-02-1.13274452E-01-9.45132914E-02 7.09822449E-03
22 13-5.85930143E-02-1.33492284E-01 3.02110344E-02 7.32217170E-03 4.96057102E-02
22 14 9.37096956E-02-1.36038694E-01-1.04791756E-01-9.26465052E-02-5.89319056E-02
22 15-7.17763394E-02-5.60695883E-02
23  1 1.13171272E-02-6.74836819E-02-5.96053606E-03-4.79279567E-02-1.82395051E-01
23  2 6.74064667E-02 1.36901011E-02 1.01783310E-01 3.89772015E-01 1.86594770E-01
23  3-2.66645206E-03 5.99862793E-02 2.20384887E-01 8.64151686E-03 8.08950753E-03
23  4-1.39377166E-01-1.48820319E-01-1.64209665E-01-1.04863259E-01-1.64601152E-01
23  5-1.36177000E-01-1.84163267E-01 6.68009309E-04-7.35247958E-03 1.02207610E-01
23  6 2.82178753E-02 4.91188512E-02 3.60971449E-02 1.08867162E-01-4.28684560E-03
23  7 8.72703795E-02-2.74528658E-02 2.24922045E-02 1.80886741E-02 2.05885417E-02
23  8 1.18769955E-01 1.30962962E-01 1.86479683E-02 1.85242414E-02 1.27317278E-01
23  9 1.09716869E-01 8.80268511E-02 6.43439146E-02 7.95207405E-02-8.80027024E-03
23 10 9.21164683E-03 5.22888945E-02-1.33279869E-01-6.36721248E-02 3.82683889E-02
23 11 6.05436539E-02-1.49664374E-01-6.47237226E-02-2.28059475E-03 4.98183472E-03
23 12 4.28797907E-02-5.43754822E-02-4.68033079E-02 2.37457737E-03 5.22904086E-02
23 13-5.02331115E-02-5.93460295E-02-6.02870515E-03-1.40082864E-02 2.42133303E-02
23 14 3.46122604E-02 6.48671934E-03 1.32720591E-02 7.11627890E-02 5.56587769E-02
23 15-4.82767944E-02-4.71912627E-02
24  1-1.93067208E-03 1.13513135E-02 2.17193919E-02 3.66453795E-02 2.81249431E-02
24  2-2.03871692E-02-4.60634148E-02-7.92873022E-02-5.92144726E-02-5.53248422E-03
24  3-3.81905638E-02-5.74487032E-02-5.32788623E-02 1.26193213E-02-2.11974002E-02
24  4 4.35605096E-03-4.23528278E-02 7.60482872E-02-2.53177919E-02-2.03209181E-02
24  5-1.32305133E-02 3.37174934E-02 1.24076880E-02-9.48424284E-03-3.81823788E-02
24  6 6.06361817E-02-2.58205059E-02-6.29752423E-02 1.89824593E-02 1.66436693E-02
24  7-2.80687822E-02-9.43199507E-03 1.07720578E-02 2.40308530E-02-8.59335214E-02
24  8 1.09593143E-01 3.52773849E-02 3.19819176E-02-1.10152370E-01 1.41607464E-01
24  9-2.62017720E-02-3.29620302E-02 1.37579939E-02 4.09699416E-02-2.82372070E-02
24 10 2.72016094E-02 7.59770674E-02-1.82311504E-01 8.82224730E-02 1.25919318E-01
24 11 8.08325278E-02-2.16697852E-01 1.06010328E-01-8.13437368E-02 7.29853297E-02
24 12 2.54864437E-01 1.47084681E-01 1.96472927E-01 3.58274083E-01 2.95035473E-01
24 13 1.71698652E-01 2.02633619E-01-1.20473219E-01-1.06767959E-01-8.46932346E-02
24 14-9.67756416E-02-2.59333207E-02-3.93678641E-02-4.28187841E-02-2.90249574E-02
24 15-4.31313457E-02 2.51671096E-02
25  1-2.41666785E-03 1.41877252E-02 8.12346026E-02 6.96351014E-02 3.29202055E-02
25  2-2.38961693E-02-1.73640330E-01-1.50815425E-01-7.03358798E-02-1.15173544E-02
25  3-1.42001810E-01-1.10626402E-01-5.98807777E-02 2.81057286E-02-2.92030950E-02
25  4-3.76241208E-02-3.72963656E-02 1.14233330E-01-1.60529922E-01-5.21298828E-02
25  5-5.83128161E-02 1.05023345E-01-3.49319238E-03-4.67524691E-03 1.44168950E-01
25  6-5.47651947E-02-9.98203162E-02 7.13507913E-02 2.58813755E-02-4.94212986E-02
25  7-4.99701422E-03-4.63284198E-02 4.01461896E-02-1.19835903E-01 1.03452717E-01
25  8 1.12583928E-01 2.06462793E-01-1.32880957E-01 1.26899095E-01 1.19576803E-01
25  9-2.52552083E-03 2.22613109E-02-2.56736694E-02-1.80433850E-02 4.11382047E-02
25 10-3.74913027E-02-1.82539764E-01-2.09735475E-02 2.12083593E-01-1.81572814E-01
25 11-1.90448670E-01-1.98267687E-02 2.44407174E-01-2.08195923E-03 1.22757172E-03
25 12 1.00591141E-01-1.51821741E-01-1.42040020E-01 2.39089655E-02 1.17831175E-01
25 13-1.76146392E-01-1.74828293E-01-1.18361259E-02-8.97903941E-03 4.45658053E-02
25 14-2.05363701E-02 7.94653221E-02 6.44811787E-02 9.61263487E-02 1.06724319E-01
25 15-6.85709159E-02-8.31141597E-02
26  1-1.92839841E-04 1.10596871E-03-1.18356096E-01-1.91113208E-01 7.65600112E-02
26  2-6.70999617E-03 2.54986147E-01 4.10736896E-01-1.63692265E-01 1.32316195E-02
26  3 2.13133870E-01 3.51035448E-01-1.50879820E-01-3.35058690E-03 3.83056568E-04
26  4-4.82061177E-02-8.91877366E-02 2.58592064E-02 3.36426189E-02-9.35171274E-03
26  5-4.79685328E-02-1.47195608E-02 2.31108479E-02-2.21645249E-02 6.21932097E-02
26  6 2.17306280E-02-9.34671986E-02-1.19966974E-01 2.12396036E-02 9.13686598E-02
26  7-3.46056735E-02-1.50999571E-02 1.57548029E-02-2.96095388E-02 5.97869193E-02
26  8 9.33965704E-02 4.89018592E-02-4.25836000E-02 7.32477868E-02 1.07344637E-01
26  9 4.35475204E-02 6.09049773E-02 4.97014363E-02 4.15474072E-02 7.27666560E-03
26 10-1.02639149E-02-7.30791677E-02 1.70312876E-01 4.16161428E-02-7.27344427E-03
26 11-7.68429843E-02 1.94396270E-01 6.76582975E-02-1.59395868E-02 1.52829981E-02
26 12 1.28097762E-01 6.07858016E-02-2.51063489E-02 6.70878544E-02 1.53136027E-01
26 13 6.74447654E-02-3.34386776E-02-1.38110281E-02-9.80578574E-03-1.97370487E-02
26 14-2.04360755E-02 1.89549673E-02 9.10021114E-03 1.97326434E-02 4.83497735E-02
26 15-3.74895147E-02-1.95770345E-02
27  1-2.47114879E-04 1.45411849E-03-2.20451902E-01 1.57295406E-01-1.12454716E-02
27  2-3.29903773E-03 4.74783766E-01-3.38880509E-01 2.44690632E-02 7.01599543E-04
27  3 4.06853244E-01-2.88373600E-01 1.86632562E-02 2.81012189E-03-1.18855684E-04
27  4-1.14371156E-01 6.59190834E-02-1.10864592E-05-3.31802579E-02-6.46110323E-02
27  5 3.01955203E-02 1.16558896E-02-1.11491734E-03-1.33346783E-03 3.56438767E-02
27  6-1.46815710E-02 3.65541130E-03 1.36737494E-02-1.93901336E-02-5.88230075E-03
27  7 1.00420964E-02-7.34114661E-03 9.37549372E-03-6.57942590E-02 2.39945768E-02
27  8 9.16296872E-04 1.83320910E-02-7.73887039E-02 3.50682378E-02-1.16909207E-03
27  9 9.46247478E-02 1.13452806E-01-9.18086799E-02-9.99842071E-02 1.02530530E-03
27 10 6.61778138E-04-7.50532051E-04 1.87952541E-02-1.54624641E-02-1.06172808E-02
27 11 5.40382904E-03 2.09313499E-02-1.87315984E-02-4.73897207E-03 4.94431936E-03
27 12 4.84496488E-02 1.67319860E-02-1.47600019E-02 1.76906547E-02 5.75103738E-02
27 13 2.03405088E-02-1.92136292E-02-5.10288786E-03-3.57356510E-03-5.65040783E-03
27 14 1.10979294E-03 5.73665017E-03 8.98423193E-03 3.94174355E-02 7.21876649E-02
27 15-8.03960036E-03-5.19569453E-03
28  1-7.49354661E-05 6.64143185E-04 7.54255826E-02 4.59006435E-02-7.28946036E-02
28  2 1.71206983E-03-1.62447333E-01-9.93859422E-02 1.58520513E-01-1.95974248E-02
28  3-1.37520848E-01-7.55193365E-02 1.43287818E-01-4.70304339E-03 1.58360085E-02
28  4 4.43794802E-02 2.78199758E-03-4.94595611E-02-3.12834105E-02 4.53269126E-02
28  5 6.59326094E-03 3.94701433E-02-9.93159964E-03 1.66845767E-03 5.61019648E-02
28  6-6.92955131E-02 5.06558943E-02 8.57763061E-02-4.35653840E-02-3.42853850E-02
28  7 3.63206412E-02-1.71005046E-02 2.21160360E-02-2.28017079E-01 3.02393631E-02
28  8 7.14470866E-02 2.77257710E-02-2.72620625E-01 3.87421841E-02 8.17724070E-02
28  9-1.84055008E-02 1.13961950E-02 2.18857209E-02 5.75522979E-03 4.45533589E-03
28 10-1.14437298E-03-3.73200138E-02 3.06982007E-01-1.67748584E-01-3.14772686E-02
28 11-3.31130578E-02 3.54959066E-01-2.02520150E-01-1.83989257E-02 1.98250100E-02
28 12 6.32816635E-02 1.86401050E-01 1.04209185E-01 6.03583934E-02 7.47894904E-02
28 13 2.15410492E-01 1.14635805E-01-1.74223205E-02-1.05006831E-02-4.14489966E-02
28 14 3.98202211E-03 1.27039356E-02 7.35128490E-03 6.50313806E-02 8.73875087E-02
28 15-3.70936233E-02 5.19506441E-02
29  1 7.58733600E-04-4.31114588E-03 2.70014084E-02-1.55909635E-03-1.46577374E-02
29  2 1.90421734E-02-5.92243555E-02 5.53495531E-03 2.91500926E-02-2.79602773E-02
29  3-4.69300035E-02-7.77497173E-03 5.32612836E-02-1.82147005E-02 1.92367513E-02
29  4 3.52987325E-02 6.78684098E-02-5.10093079E-02 1.04590217E-01 5.00685880E-02
29  5 5.03194987E-02-2.58641326E-02-9.94960253E-03 1.77115337E-02-3.97823183E-02
29  6-1.80450293E-02 3.58698201E-02 1.43283390E-02-1.35303926E-02-2.00368769E-02
29  7-1.94642068E-02 1.51674994E-02-1.68510911E-02 7.01638249E-02 1.57635173E-02
29  8-2.52579952E-01-3.48148885E-02 8.71709723E-02 2.57229765E-02-2.91479670E-01
29  9-8.39407906E-03-2.20210088E-02-1.79393824E-02-4.38798491E-02-1.56867602E-03
29 10 6.87883233E-03 2.99083475E-02 2.83353426E-02-1.06257145E-01-1.52711120E-02
29 11 2.54352272E-02 1.55654098E-02-1.28218455E-01-1.93961992E-03 3.94233646E-03
29 12 3.47916302E-01 2.36218858E-02-2.69083696E-01-1.39507218E-02 4.13297199E-01
29 13 3.87371226E-02-3.04680582E-01 6.34957299E-03 1.12334924E-02-1.73814384E-02
29 14 7.13087693E-02-6.14930717E-03-1.82918396E-02-1.69743077E-02-2.50426933E-02
29 15 5.45421056E-02-6.05427912E-02
30  1-4.08184727E-04 2.34948127E-03 9.00764415E-03 5.60047161E-02-3.33608242E-02
30  2-1.09200918E-02-1.87809892E-02-1.22889428E-01 7.33825270E-02 2.17215954E-02
30  3-2.49482090E-02-1.02260223E-01 4.68992529E-02-1.77255908E-02 1.77896288E-02
30  4 3.33671970E-02 6.17807876E-02-5.62627522E-02 1.20705282E-01 1.18254558E-02
30  5 1.61119067E-02-7.91366351E-02 3.37410177E-03 3.42171082E-03-1.03686237E-01
30  6-4.80730698E-02 2.50833200E-02-2.20300952E-02-9.78507472E-03 6.12274119E-02
30  7 8.64651703E-02 7.32294637E-03-2.24413615E-03 3.38086854E-01 1.96593612E-01
30  8 2.35300330E-01-5.70165197E-02 3.89584304E-01 2.35706830E-01 2.69500593E-01
30  9-1.48353693E-02-7.22111847E-02-1.66537536E-02-5.17994150E-02-1.30012339E-02
30 10 3.16375908E-03-2.88078144E-02 1.81485521E-01 4.88838117E-02 1.18180414E-01
30 11-3.82712577E-02 2.06577879E-01 8.32999526E-02 2.84420740E-03-1.21488426E-03
30 12 2.88437128E-02 1.93022066E-02-2.91109866E-02-1.90103862E-02 4.18484208E-02
30 13 2.37857464E-02-3.34453627E-02 9.71940705E-03 1.97628415E-03 6.06500189E-03
30 14 1.03053507E-02-2.01297320E-02-6.51868478E-02-1.24604549E-01-1.78025654E-01
30 15 1.96924565E-02 2.65893893E-02
 $END   
 $GRAD  
E=     -762.3137964806  GMAX=   0.0067951  GRMS=   0.0018596
CL          17.   -1.7941916660E-04    1.9438338893E-04    4.8488598761E-05
C            6.    1.9416906142E-04   -3.4069467132E-04    1.2405924118E-04
C            6.    2.1908776752E-04    6.7316696452E-04   -2.3837248823E-04
O            8.   -2.1062047610E-04   -4.2344367302E-04   -1.9129729661E-04
H            1.   -2.4841120232E-06    4.5719787760E-05    8.2328844385E-06
H            1.    1.8082610806E-05    2.5893867703E-05   -9.0456131186E-06
O            8.    1.7049533798E-03    6.7950654158E-03   -4.2560627638E-03
O            8.   -3.4297574724E-04   -9.3148892446E-05    1.8842412750E-04
H            1.   -1.7664078290E-05   -1.2873843910E-05    9.0664108657E-06
H            1.   -1.6106805268E-03   -6.7638484446E-03    4.2304243555E-03
H            1.    1.9387959690E-06   -1.8544178297E-04    1.3742078133E-04
H            1.   -3.4384421057E-06   -1.7134101483E-04    4.9991401833E-05
H            1.    2.2905112423E-04    2.5656295932E-04   -1.0132963254E-04
 $END
-------------------- DATA FROM NSERCH=  16 --------------------
 COORDINATES OF SYMMETRY UNIQUE ATOMS (ANGS)
   ATOM   CHARGE       X              Y              Z
 ------------------------------------------------------------
 CL         17.0   3.1014668431   0.7091521591   0.4041887590
 C           6.0   2.7457274872   0.1234015713  -1.3496486647
 C           6.0   3.3591303714   1.0921252260  -2.3371160764
 O           8.0   2.6916272977   2.3209206552  -2.2847052525
 H           1.0   1.6617989964   0.1116326761  -1.4377221902
 H           1.0   3.1846606641  -0.8657567203  -1.4328651830
 O           8.0   3.2371772882   0.4795023168  -3.6832102285
 O           8.0   3.7533502141   2.8091960676  -4.5363155722
 H           1.0   3.1659061286   3.1494994989  -5.2481384181
 H           1.0   3.6577814902   1.7915147077  -4.4966692574
 H           1.0   2.2764822264   0.3130409589  -3.8601017425
 H           1.0   4.4412802320   1.1537139095  -2.2002908404
 H           1.0   3.0711869772   2.8437158316  -3.0894355824
--- CLOSED SHELL ORBITALS --- GENERATED AT 10:10:14 30-JUL-2026    
Chloroacetaldehyde hydrate and water                                            
E(R-WB97X-D)=     -762.3137994105, E(NUC)=  315.7708447424,    6 ITERS
 $VEC   
 1  1 9.85802672E-01 5.34290817E-02-2.06163810E-05-4.01921955E-05-1.72925092E-04
 1  2-1.87714822E-02 5.99872921E-05 1.23292534E-04 6.48488851E-04 1.02697795E-02
 1  3-2.38202659E-04-4.67976101E-04-1.79349602E-03-3.27974646E-05-4.20975183E-04
 1  4-3.47703793E-06-1.96748678E-05-1.45993816E-04 7.70128609E-04 1.06054766E-05
 1  5 3.44267411E-04-1.44306341E-03 7.83644628E-05 6.26794968E-04-2.47220594E-05
 1  6 1.81146096E-05 3.41526518E-04-1.94024595E-03 6.05012776E-04-2.96504511E-05
 1  7-1.79992565E-03-1.91545304E-05-1.36624542E-04-2.06761121E-05 1.35141988E-05
 1  8 2.78502253E-05 6.51404497E-04 1.59987359E-04-2.94033638E-04 1.06066287E-04
 1  9 1.52612928E-04-8.36244571E-04 2.07546659E-04-7.55090376E-04 1.28603968E-05
 1 10 1.27103420E-04 2.05650753E-05 1.27097379E-05 4.61518923E-05-4.93851541E-04
 1 11-1.13370445E-04-9.64772104E-05-2.37149347E-04-1.39974723E-06-7.82977706E-06
 1 12-9.87898775E-07-2.95724589E-06 2.56277979E-05 6.50599128E-05-1.12731747E-06
 1 13-1.15989113E-05-7.75954983E-05-3.34203398E-05 2.98995389E-05 4.20999906E-05
 1 14-2.36901882E-04-2.40562946E-05-4.17549783E-05 2.93295931E-04-2.86197379E-04
 1 15-4.19606344E-05 1.79639718E-05
 2  1-9.04918948E-06 6.10957221E-05 1.51823973E-05 3.53545555E-05-6.35645395E-05
 2  2-9.63823968E-04-8.59255679E-05-2.09486189E-04 4.39759315E-04 1.44785591E-03
 2  3 2.79285863E-04 7.31190027E-04-1.51510831E-03 2.61211693E-04 8.80768674E-04
 2  4-2.95797626E-04-2.51156004E-04 8.08285885E-04-7.85869739E-03-7.46473957E-04
 2  5-2.14205127E-03 3.75408939E-03-1.12791003E-03-4.81809000E-03-8.88410238E-05
 2  6-2.18637709E-05-1.46571701E-03 2.50143218E-02-4.50346032E-03-5.85761091E-03
 2  7-8.51194880E-03 5.37586493E-03 1.92175974E-03-1.11076504E-04-3.39508568E-04
 2  8-3.70437264E-04-5.03554011E-03-2.13015917E-04 3.38477790E-03 2.30708809E-03
 2  9 9.99829598E-04-7.89259589E-04 3.83570011E-04 4.35197230E-05 9.82600428E-01
 2 10 1.04945189E-01-2.00834514E-03 1.61708559E-03 2.11102694E-03-5.06649001E-02
 2 11 3.75440211E-03-5.39657096E-03-7.63427988E-03 5.63463470E-03 1.82818883E-03
 2 12 1.22263274E-04-5.51503081E-04 3.27930647E-05-3.97207647E-03-2.45851351E-04
 2 13 2.93961288E-03-2.71812692E-04 3.45813020E-04-1.29525137E-03 6.11169479E-04
 2 14 6.18268459E-03 3.40457815E-03 4.67384851E-03-1.53598901E-03-1.38893058E-03
 2 15 4.58171376E-04-9.96058251E-04
 3  1 6.42375681E-06-5.09788357E-05-2.21173610E-05 2.50651419E-05 4.02889920E-05
 3  2 4.68834150E-04 1.50597244E-04-1.25279226E-04-2.44208900E-04-5.71799189E-04
 3  3-6.77763135E-04 4.42362131E-04 3.49426876E-04 2.00827436E-04 7.17824028E-04
 3  4-5.40758153E-04-5.64598708E-04 4.54508195E-04-6.31805912E-03 3.24198590E-03
 3  5-3.88975031E-03 2.24133408E-03-9.14745984E-04-3.68994559E-03-3.02383197E-04
 3  6 2.02447345E-03-1.96288984E-04 2.31519919E-02-1.02117780E-02 8.61053800E-03
 3  7-5.76510352E-04 9.58871915E-01 1.03262981E-01 2.59712326E-03-1.78298554E-03
 3  8-2.20946995E-03-5.33042385E-02-7.33757736E-03 7.08381834E-03 5.92607279E-03
 3  9 9.01921567E-04 1.85137003E-03-4.92679864E-04-1.95576588E-04-6.06233747E-03
 3 10 9.38362888E-04-2.32093774E-04 5.28442571E-04 5.42614155E-05-4.83208258E-03
 3 11 1.42321113E-03-3.51190353E-03-1.86567489E-03 2.15166604E-01 2.37417345E-02
 3 12-6.37401352E-04-3.16840859E-04 4.91021974E-04-1.22608088E-02 1.79489631E-03
 3 13 9.49074213E-04-2.53998464E-03 8.32938283E-04 3.34756783E-04 9.63500795E-04
 3 14 1.45290086E-03 9.24996150E-04-1.48752882E-03-8.61492965E-04 2.07284573E-04
 3 15 3.14477843E-03 9.45692302E-03
 4  1-1.08597499E-06 9.01772434E-06 1.50475587E-05-1.02688888E-05-7.04456911E-06
 4  2-7.57178327E-05-8.49073056E-05 4.93129704E-05 4.62104156E-05 5.34022026E-05
 4  3 2.17868444E-04-9.28406204E-05-2.93231034E-05-3.77458952E-05-3.02831247E-05
 4  4 6.77242942E-05 2.32934903E-04-2.14251219E-04 1.37170225E-03-4.01557344E-04
 4  5 7.21975009E-04-4.03358857E-04 3.02329737E-04 1.47144179E-03 9.82938341E-05
 4  6-4.85779953E-04-2.53894570E-05-7.27482721E-03 2.63707495E-03-2.43882237E-03
 4  7 6.89624484E-04-2.15003775E-01-2.19022239E-02-5.10012223E-04 9.12581008E-04
 4  8 1.95479249E-04 8.08931714E-03 1.05227541E-03-3.92909982E-03 6.56574885E-04
 4  9-2.12192959E-04-1.47818031E-05 1.27321422E-04-1.91169284E-04-4.14831602E-03
 4 10 3.72306706E-04 3.88223153E-04 4.13555404E-04-5.83203316E-04-1.22252263E-03
 4 11-1.53950061E-03-1.53413502E-03 2.69877012E-03 9.58555531E-01 1.00523073E-01
 4 12-2.10179445E-03-1.71528203E-03-1.22506047E-03-4.31598724E-02 4.35678725E-03
 4 13 4.51390033E-03 2.18375410E-03 2.92451920E-03 5.69826584E-03 2.32645520E-03
 4 14 1.05547443E-02 2.94785474E-04-1.06802228E-03 5.68860905E-04-6.84152154E-04
 4 15-4.58822536E-04 4.80536709E-03
 5  1 7.55445466E-05-9.77151267E-05-6.15108838E-06 4.29639490E-05-2.11953690E-04
 5  2-2.16893484E-03 5.18843488E-05-2.84258363E-04 1.44592221E-03 2.81200481E-03
 5  3-5.95392631E-04-1.16886436E-04-2.17752967E-03-9.88357606E-03-4.18176379E-03
 5  4-2.01695122E-04-2.75361245E-04 6.54485229E-05 2.59086146E-02 6.79620575E-03
 5  5 1.00085993E-02-1.24149802E-02 9.86570268E-01 1.10669813E-01-1.73477994E-04
 5  6-8.09547658E-04 7.12240976E-05-8.58646370E-02 2.40149336E-03 1.01419766E-02
 5  7-6.16876062E-03-4.94333069E-05-4.33018347E-04 3.62908367E-04 1.38585823E-04
 5  8-2.48155055E-04 7.89192401E-03-3.84330357E-04-3.45623506E-03 1.33316603E-03
 5  9-1.53477963E-03 1.41125831E-03-1.60070554E-03 1.30821036E-03-1.94400119E-04
 5 10-9.35805943E-04-3.24055145E-05 3.34605231E-04 1.69630452E-04 9.84718150E-03
 5 11 4.85770032E-04 6.73235368E-04 5.03208509E-03 5.45027087E-05 4.49703045E-04
 5 12 8.00292201E-06 1.10670487E-04-8.95165747E-05-1.71934762E-03 1.58051362E-04
 5 13 3.06136580E-05-1.01768711E-04 4.87109537E-04-8.02695506E-04-4.20688966E-04
 5 14 2.45125904E-03-6.51802984E-04 3.24314503E-03-1.77667421E-04 1.68031367E-02
 5 15-6.72569120E-05 3.45340248E-03
 6  1-2.16936629E-05-1.76773003E-04 6.45574157E-05 1.03965859E-04 3.27867369E-04
 6  2-2.14829179E-03-3.85323687E-04-6.19725787E-04-1.88707022E-03 1.30698800E-02
 6  3-1.34579602E-03-2.25301107E-03-8.66941934E-03 9.86478799E-01 1.11899434E-01
 6  4 3.28448977E-04 5.83860316E-04 1.12586278E-03-8.97451363E-02-3.08440458E-03
 6  5-5.11902146E-03 2.33623974E-03 9.21337442E-03-1.80178863E-03 2.58066180E-04
 6  6 2.91051875E-04-6.43889758E-06 2.27397205E-02-5.54571515E-03-9.03885089E-03
 6  7 8.89051491E-03 3.62573166E-05-1.06358811E-05 6.32356396E-05 5.44484225E-04
 6  8-3.74626028E-04-1.30321064E-03-2.73143173E-04-6.23936141E-04 8.50920348E-04
 6  9-6.65749763E-05 1.55098307E-02-1.38246412E-04 1.54774874E-02 2.15642398E-05
 6 10-1.02323189E-04 2.00809150E-04 1.77133993E-04-4.45836201E-04-1.00884261E-03
 6 11-5.21416598E-04-5.01689859E-04 1.39493663E-04 2.32062109E-05 1.82602243E-04
 6 12-5.36462981E-05 4.11682429E-05-1.00181843E-04-7.79071637E-04 2.33146257E-04
 6 13 4.32841260E-05 2.56092830E-04 3.20581276E-04-3.31277776E-04-1.02204891E-04
 6 14 1.48450271E-03-5.30927813E-04 2.60642825E-04-1.31438776E-03 9.09689986E-04
 6 15 5.25551767E-04 1.34306651E-03
 7  1-3.05120713E-01 9.77064408E-01-1.67666316E-03-3.03207431E-03-8.45517878E-03
 7  2 1.54301306E-01-6.44806659E-04-1.24961947E-03-5.19404924E-03-6.77609562E-02
 7  3 1.71945352E-03 3.30099675E-03 1.20169084E-02 5.14578276E-06 1.69403830E-03
 7  4-5.62720076E-05 4.06094811E-06 4.34365094E-04-2.28340237E-03 3.36383676E-04
 7  5-1.44489562E-03 9.60635991E-03-4.62134038E-05-3.26794125E-03 1.53320534E-04
 7  6-1.25003234E-04-1.94826514E-03 1.03541404E-02-3.58556699E-03 2.87701985E-04
 7  7 1.03887869E-02 9.72315356E-05 6.58101960E-04 8.81319402E-05-8.06848147E-05
 7  8-1.32795807E-04-3.53991370E-03-8.37891474E-04 1.66421964E-03-6.13834090E-04
 7  9-9.77852702E-04 5.04624870E-03-1.29421442E-03 4.53653459E-03-7.49544523E-05
 7 10-6.88656394E-04-1.06392088E-04-5.21497427E-05-2.64280817E-04 2.97388216E-03
 7 11 6.48368242E-04 5.37092604E-04 1.56730292E-03 8.43470820E-06 5.08123126E-05
 7 12 6.09910503E-06 9.21439313E-06-1.25644285E-04-3.99902022E-04 3.17174857E-07
 7 13 9.96873126E-05 4.12862767E-04 1.80710603E-04-1.92162680E-04-2.28483448E-04
 7 14 1.42113519E-03 7.43199873E-05 4.11790149E-04-1.60391041E-03 1.94239223E-03
 7 15 1.89328131E-04-7.91082700E-05
 8  1-3.25061794E-03 1.10049158E-02 1.80419784E-01 2.98101989E-01 9.05982876E-01
 8  2-3.16741658E-03 1.65150034E-02 2.73493877E-02 8.43813445E-02 4.61549438E-03
 8  3-5.31042040E-03-8.98699231E-03-2.89735623E-02-7.11461491E-04-4.39691940E-03
 8  4-2.11333069E-05-1.11704040E-04-3.62481295E-04 9.19291984E-03 1.28939590E-03
 8  5 3.18714862E-03-2.96547667E-03 3.78713639E-04 2.74253609E-03 8.62857781E-06
 8  6 9.65413990E-05 9.19561182E-04-1.07487716E-02 2.12952379E-03 8.18356965E-04
 8  7-8.50271945E-03-6.73406833E-05-3.90746250E-04-1.12010150E-04-8.05544777E-05
 8  8 1.14169490E-04 2.45254555E-03 8.04746263E-04-8.17023886E-04 2.94448653E-04
 8  9-2.47668692E-04-3.92450470E-03-5.72679091E-05-3.55707424E-03 3.59333755E-05
 8 10 2.85044419E-04 7.83762562E-05 1.15828195E-04 1.03393636E-05-1.66705486E-03
 8 11-4.39213412E-04-6.61041954E-04-3.26577166E-04-6.25835720E-06-3.66218358E-05
 8 12 4.25151557E-06-2.30738696E-05 8.35616177E-05 2.97269542E-04-3.31426575E-05
 8 13 2.10729911E-06-2.72034438E-04-1.40509144E-04 1.38601105E-04 2.12614343E-04
 8 14-9.89671056E-04-3.18333075E-04 3.38181116E-04 1.19488910E-03-3.56942569E-04
 8 15-2.10367925E-04-2.34786487E-04
 9  1 3.01471262E-06-5.75733192E-05 7.22438965E-01 5.60535551E-01-3.28113495E-01
 9  2 4.55197118E-04 6.47886728E-02 5.02993361E-02-2.99273705E-02 2.16452688E-04
 9  3-2.03040586E-02-1.58798389E-02 9.20222031E-03 1.94948940E-05 1.29436955E-04
 9  4-4.31428820E-05 8.60493621E-05 5.19614354E-04-6.82593370E-04 9.70890138E-04
 9  5-9.22689109E-04-2.19615162E-03-9.93947504E-05-9.91313488E-04 9.86576923E-05
 9  6-1.29701845E-04-8.85360220E-04 8.80303591E-04-1.01242030E-03 2.08026102E-03
 9  7 5.06530137E-03 3.24870878E-05 1.65747820E-04 7.28157398E-05 2.21868370E-05
 9  8-8.60572740E-05-1.37893343E-03-5.70246856E-04 4.52131926E-04-2.06387743E-04
 9  9 6.54319771E-04-1.78162767E-03-3.71463079E-06-1.02716806E-03-5.44389807E-05
 9 10-3.94525311E-04-9.16742738E-05-9.96173492E-05-8.07509958E-05 2.07588743E-03
 9 11 5.07922674E-04 6.64922713E-04 9.67437599E-04-1.26978125E-06-1.66559404E-05
 9 12 1.28694739E-05 1.44463708E-05-3.98144849E-05-2.53188939E-05-3.89257351E-05
 9 13-2.43951242E-05 1.46964075E-04 3.55343059E-05-3.22459643E-05-6.72450636E-05
 9 14 3.45693994E-04-4.13376514E-06 5.28934781E-04-1.01718109E-03 2.30631644E-03
 9 15 1.49949214E-04-1.29464367E-04
10  1-5.17276901E-05 1.59333735E-04-6.24002595E-01 7.35323985E-01-1.17631100E-01
10  2 7.53788534E-05-5.58072835E-02 6.58224675E-02-1.06733484E-02 2.08415044E-04
10  3 1.69834709E-02-2.03210467E-02 3.19164838E-03 8.22906666E-08 2.67907556E-05
10  4 4.44095521E-05 1.65274087E-05 1.65432529E-04 2.35728181E-04-1.31261590E-03
10  5 1.08241162E-03-1.02211152E-03-4.96005031E-05-6.10966728E-04-1.92318899E-05
10  6-2.12201117E-04-2.06703508E-04 1.35466781E-03 1.18024705E-03 9.19883370E-04
10  7 9.12812287E-04-1.49934882E-06-1.14365227E-04 6.26244872E-05 1.16734813E-04
10  8-3.93154339E-04-2.13095119E-04-4.02654052E-04-3.03117607E-04 1.14989389E-03
10  9-5.91142525E-04 1.28951502E-03 7.62258134E-04-2.00806217E-03-1.55279079E-05
10 10-1.36406730E-04-1.33594388E-05 3.10002925E-05-4.93393476E-05 5.48236799E-04
10 11-1.70940895E-05-8.84273361E-05 2.72398255E-04 8.10502902E-06 7.04168844E-05
10 12-1.62438382E-06-5.67515280E-06 2.75913869E-05-2.14467448E-04 1.97460486E-05
10 13 5.17124892E-05-1.21482311E-04 1.55012971E-05-8.11793923E-05-2.58137892E-05
10 14 2.21775242E-04 5.03354615E-05-1.42123753E-04-5.76207059E-06-1.58475914E-03
10 15 2.98886772E-04 3.88157736E-04
11  1 1.83676440E-03-1.04228860E-02 3.16124499E-04 1.81638318E-04 3.41931870E-03
11  2 1.44584070E-02-5.40840135E-04-2.15209979E-04-7.07439213E-03 3.77048356E-03
11  3 8.71912402E-04-3.65858385E-04 2.49803652E-03-2.47269249E-02 2.19353970E-02
11  4 7.32798075E-03 1.54238544E-02-1.91883125E-02 5.09666449E-02-1.05378366E-02
11  5 7.79766269E-03-6.40713871E-03-9.82288548E-02 1.07088159E-01-3.57592894E-02
11  6 1.87169217E-02-4.85221126E-02 1.54261464E-01 1.32613694E-02-7.98828117E-03
11  7 6.65372638E-04-1.17465464E-01 1.05262075E-01 4.02070966E-02-3.95103575E-02
11  8-3.27304401E-02 3.57846526E-01 4.36987930E-02-4.15083159E-02-4.40698572E-02
11  9 5.76249335E-03-5.39174071E-03 7.70711406E-03-2.47332644E-04-1.65401745E-01
11 10 1.51356563E-01-5.02106539E-02 2.77370749E-02 4.57306412E-02 5.05100498E-01
11 11-5.42282857E-02 4.08996969E-02 4.98598810E-02-4.33905809E-02 3.79841713E-02
11 12-1.29817065E-02-1.38194716E-02-2.76576385E-03 1.33944382E-01-1.57006041E-02
11 13-1.68596162E-02 3.91900052E-03 1.73510158E-02 6.32300302E-03 3.44883221E-02
11 14 7.29924012E-03 7.49376851E-02 1.18036111E-02 2.66837844E-02-1.23457023E-02
11 15 4.82798387E-02 2.95322562E-03
12  1 1.47219615E-03-8.38252383E-03 3.88957084E-04-4.26955728E-05 1.79537922E-03
12  2 8.58250390E-03-9.09043581E-04-4.85168825E-04-2.12268755E-03 6.28097292E-03
12  3 2.13743915E-03 3.39037351E-03-2.05049477E-03-2.12675452E-03 1.55428339E-03
12  4-1.23534814E-03 9.01802480E-03 5.51180970E-03 4.64507038E-03-6.45387316E-03
12  5 1.74006099E-02 1.25165154E-02-1.80544771E-02 1.66287309E-02-2.66358680E-02
12  6 9.35310065E-02 5.09681326E-02 3.13907108E-02 6.57128693E-03 6.01503919E-03
12  7-2.15471276E-03-1.53983809E-01 1.41682021E-01 4.91673113E-02-2.51991996E-02
12  8-3.81473317E-02 4.82913171E-01 5.55888345E-02-3.21703247E-02-4.07814014E-02
12  9 7.75784267E-04-2.43409212E-03 4.58861695E-04 3.12047230E-03 1.48947414E-01
12 10-1.39569921E-01 5.31846280E-02-2.90497517E-03-2.44933882E-02-4.74341263E-01
12 11 4.81333593E-02-6.83904580E-03-3.84535531E-02-9.00891474E-02 8.20745327E-02
12 12-2.76646648E-02-1.34544397E-02-1.45091442E-02 2.83674842E-01-2.91075385E-02
12 13-1.82783712E-02-9.48799053E-03 4.54402727E-02 1.17574229E-02 2.64938981E-02
12 14-3.23581259E-03-8.12666771E-02-1.36147457E-02 2.62169729E-03-6.54316454E-03
12 15 7.45264186E-02 1.66831358E-02
13  1-2.12086396E-03 1.21143901E-02-4.36636004E-04-2.50290706E-04-2.96993426E-03
13  2-1.51623711E-02 9.27096465E-04 6.93612103E-04 5.54674426E-03-7.59554552E-03
13  3-1.38881145E-03-1.59592094E-03 2.64712046E-04 1.26367568E-02-1.31000196E-02
13  4-2.49127130E-03-1.04337155E-02 4.19560356E-03-1.54914310E-02 8.97882787E-03
13  5-5.01428604E-03-8.42534447E-03 3.74538248E-02-4.16953628E-02 2.40313353E-02
13  6-4.44975388E-02-1.29569807E-02-6.94117418E-02 3.10990806E-03 1.17208478E-02
13  7-1.46076477E-02 9.62070937E-02-8.82174160E-02-2.92981345E-02 2.84254449E-02
13  8 1.61186806E-02-3.05576892E-01-3.45393223E-02 2.79348409E-02 2.08922868E-02
13  9-4.36058248E-03 2.86340766E-03-4.65614645E-03-3.55949750E-04-2.67996114E-02
13 10 2.35760068E-02-6.25461299E-03 4.14445010E-03-8.45206320E-03 9.03055250E-02
13 11-3.31400003E-03 7.18790566E-03-6.70063708E-03-2.05936467E-01 1.92226425E-01
13 12-5.89183172E-02-4.13749760E-02-4.95465631E-02 6.37510827E-01-5.95902852E-02
13 13-4.73341844E-02-4.60500172E-02 1.08226907E-01 2.36639969E-02 9.57513408E-02
13 14 1.48859249E-02 1.28914786E-02 6.00581186E-03-1.10109344E-02 6.51039079E-03
13 15-1.63974746E-02 6.19752123E-03
14  1 6.37685181E-02-3.67920929E-01 8.41553220E-03 1.47895968E-02 4.54065021E-02
14  2 4.69329943E-01-1.71940741E-02-2.98127249E-02-9.19789795E-02 3.15686525E-01
14  3-1.08243809E-03-4.23483914E-03-8.32453625E-03-1.26251688E-01 1.08272576E-01
14  4 1.74189749E-02 2.49638031E-02 4.12608570E-02 3.86040186E-01 2.04258721E-02
14  5 2.44898079E-02 4.12090586E-02-3.43530022E-02 4.02041398E-02-6.27495070E-03
14  6-4.61257030E-02 5.37498227E-02 4.77934006E-02 5.10269411E-03-5.54485807E-03
14  7-9.33930270E-03 3.47234263E-02-3.15340564E-02-9.89889574E-03-1.29990960E-02
14  8 2.35053619E-02-1.18337102E-01-1.06086117E-02-3.36149806E-03 2.25360882E-02
14  9 5.23419943E-02-1.36791948E-02 5.28538155E-02-1.65668732E-02 2.12224653E-02
14 10-1.87561852E-02 1.11128712E-02-4.09022083E-03 1.16886331E-02-7.89965457E-02
14 11 9.80375948E-03-8.37380090E-03 3.97815890E-03-9.12578877E-03 8.50845822E-03
14 12-2.00374243E-03 2.50832477E-04-6.40600544E-03 3.17497106E-02-1.45828473E-03
14 13-5.90674114E-04-7.06139548E-03 6.78354781E-03 3.05756435E-03 1.14004553E-03
14 14-7.70765400E-03-1.48110319E-02-5.36107395E-03 2.00600602E-02-2.76382590E-03
14 15-2.41996249E-02-1.21003544E-02
15  1 4.73891612E-02-2.76090101E-01 1.06622960E-04-3.97145002E-04-1.30899987E-02
15  2 3.40926776E-01-1.00263651E-03-1.19711423E-03 2.41673093E-02 3.31490727E-01
15  3-3.66176465E-03-4.29792488E-03-1.27860553E-02 1.23658410E-01-1.26946730E-01
15  4-1.96011363E-02-1.93922640E-02 1.06357485E-01-3.32284984E-01-5.54542870E-03
15  5 1.00248651E-02 3.15676694E-02 1.14779202E-01-1.14753212E-01 8.04478303E-03
15  6 8.62845231E-02-7.04930903E-02-3.20663158E-01 2.83995439E-03 4.35710110E-02
15  7-3.21433964E-02-4.82363418E-02 4.17733093E-02 3.76892604E-03 5.99655530E-02
15  8-4.28864783E-02 1.89676937E-01 8.54174947E-03 3.26729016E-02-3.61158534E-02
15  9-6.95572628E-02-5.88934066E-03-7.33758586E-02-3.10788803E-04-4.72596665E-02
15 10 4.20721729E-02-4.77309935E-02-6.52423588E-03-7.30496209E-02 1.85395141E-01
15 11-4.17649704E-02 1.00737832E-03-4.62896793E-02 1.04286835E-02-9.30144513E-03
15 12 1.37545902E-03-5.20184632E-03 1.45924521E-02-4.08318889E-02-4.72917609E-04
15 13-2.16233219E-03 1.29633280E-02-1.23407973E-02-7.05000667E-03 5.98789660E-03
15 14 1.70964343E-02 5.31321974E-02 3.43633829E-02-6.54673496E-02 6.95551721E-04
15 15 5.10238410E-02 3.27603170E-02
16  1 1.79815325E-02-1.05631211E-01-1.42303222E-02-1.63003504E-02-2.60310623E-02
16  2 1.31654209E-01 2.84274864E-02 3.29465575E-02 5.04870525E-02 1.49796704E-01
16  3 1.38159093E-02 1.24528456E-02 1.24956799E-02 1.07396561E-01-9.54132803E-02
16  4 8.43465851E-02 7.43317648E-02-1.45504671E-02-4.02877216E-01 4.40639239E-02
16  5 2.17713382E-02 9.82571337E-03-1.20652809E-01 1.17615595E-01 1.28234621E-01
16  6 1.77734308E-02-5.73659485E-02 4.31079852E-01 8.57783985E-02-7.97532996E-03
16  7-1.39497436E-02 4.68921461E-02-4.23002889E-02 4.53036920E-02-6.81006798E-02
16  8 2.08280408E-02-1.89813412E-01 3.35108984E-02-4.96521702E-02 1.78784708E-02
16  9-1.10558964E-01-3.69773846E-02-8.52691130E-02-2.82731774E-02 1.66039626E-02
16 10-1.49465661E-02 1.44134124E-01 7.97464327E-02 1.15118559E-01-7.99387892E-02
16 11 1.24954344E-01 6.93925895E-02 8.95691738E-02 4.65066024E-04-1.50378757E-03
16 12 9.42312160E-03-1.77610951E-02 3.93338215E-03 3.53633012E-03 1.05511815E-02
16 13-1.76696873E-02 7.67756658E-03-8.70901050E-03-4.58238828E-03 1.53218514E-02
16 14 2.55325143E-03-1.14033215E-01-7.57247315E-02 1.34836570E-01 3.21226245E-02
16 15-4.06370970E-02-3.97978401E-02
17  1-5.11930224E-03 3.03017611E-02 1.93216909E-03 2.59199131E-02 1.10067913E-02
17  2-3.57307218E-02-3.85379846E-03-5.32259287E-02-2.16867647E-02-5.62119793E-02
17  3-1.50470160E-03-2.89817502E-02-1.56118606E-03-4.31128185E-02 3.34376148E-02
17  4 1.38978272E-02-1.57718561E-01 4.61160738E-02 2.12589093E-01 3.71524971E-02
17  5-9.05172126E-02 2.04184420E-02 3.83686666E-02-4.21682651E-02 1.48870011E-01
17  6-7.31605192E-02-1.10998168E-01-1.33370328E-01 1.19434826E-01-2.91512045E-03
17  7-1.08499165E-01-1.52557034E-03-1.34277760E-03 1.94789758E-02 1.96305511E-01
17  8-1.36603448E-01 1.88962209E-02 1.86663808E-02 1.66963255E-01-1.20582354E-01
17  9 2.13025870E-02 7.90737123E-03 1.07611932E-01 4.95584710E-02-1.27804781E-02
17 10 1.07996106E-02 1.55386983E-01 6.61115356E-02 3.86163037E-02 4.89714259E-02
17 11 1.41144837E-01 6.18804888E-02 3.18015245E-02 1.05705175E-02-1.21506291E-02
17 12 3.45199507E-02-1.06239511E-01 1.24850849E-01-3.74831031E-02 2.71461743E-02
17 13-9.46368053E-02 1.21120428E-01-1.01719966E-01-6.80258138E-02 7.55760061E-02
17 14 6.23432799E-02-1.00104084E-01-6.14616240E-02 3.65438054E-02 2.28870058E-02
17 15 1.38534980E-01 1.01731680E-01
18  1 3.33011427E-03-1.97323745E-02-1.58785764E-02 5.17917164E-03-1.54548936E-02
18  2 2.29583605E-02 3.31158302E-02-1.08478555E-02 3.17392411E-02 4.07888300E-02
18  3 1.68435856E-02-9.85098655E-03 1.02080040E-02 7.99584075E-03-5.15972028E-03
18  4 9.32355653E-02-6.98599835E-02-2.20299853E-02-5.67676698E-02 6.52484914E-02
18  5-7.14093246E-02-2.57689128E-02 3.97634968E-03-3.80689589E-03 8.71869509E-02
18  6-1.09033772E-01-3.63198823E-02-2.23644492E-03 4.47699251E-02-8.71720626E-02
18  7 1.34287628E-02-2.10984662E-02 1.81951482E-02-9.63706924E-03 1.46160403E-01
18  8-6.09169013E-02 9.08312960E-02-5.80550913E-03 1.29820938E-01-5.22125834E-02
18  9-5.78434410E-02-3.01921212E-02 5.28028634E-02 3.17375186E-02-8.13489008E-03
18 10 9.56560586E-03-1.47934039E-03-9.33782313E-02 1.09025205E-01 3.25121443E-02
18 11-3.92729423E-03-9.75481383E-02 1.12003954E-01-1.21744156E-03 2.23055516E-03
18 12-9.99891825E-02 2.76272315E-01-1.21252353E-01 2.08508146E-03-8.81610826E-02
18 13 2.54736463E-01-1.11627977E-01 1.67136292E-01 1.21793422E-01-1.87115227E-01
18 14-1.58905958E-01 2.40189556E-03-3.94588164E-04 3.53465671E-02 1.95544370E-02
18 15 7.16604259E-02 7.54498886E-02
19  1-7.28880939E-03 4.30668955E-02-2.79807216E-02 4.76095994E-03 4.46095906E-02
19  2-5.38593671E-02 5.81407880E-02-1.02426425E-02-9.35015279E-02-6.97205480E-02
19  3 4.03590363E-02-6.95623690E-05-5.03153028E-02-3.73274397E-03-1.69463302E-03
19  4 1.98844354E-01 7.11971546E-03 3.38189529E-02 2.65077357E-02 1.57290723E-01
19  5 8.12340082E-03 2.15483996E-02-4.81127202E-03 6.55434537E-03 1.73808443E-01
19  6 3.17520413E-02 2.21472184E-01 1.03876983E-02 1.54343370E-01 3.30540845E-02
19  7 1.51286619E-01-6.07137746E-03 4.64317415E-03 6.34961975E-02 6.77831942E-02
19  8 6.45868508E-02 2.81835078E-02 5.88290016E-02 5.95123495E-02 6.14208790E-02
19  9-1.17204745E-01-7.20241070E-02 4.48493745E-02 2.53611060E-02-6.55365103E-03
19 10 7.17865627E-03-1.08454553E-01-1.19660507E-01-2.18130635E-01 2.78759324E-02
19 11-9.84441889E-02-1.17833466E-01-2.10553186E-01-1.40150256E-03 2.43483370E-03
19 12 2.32839409E-02-5.10004421E-02 3.18911712E-02 4.08702535E-04 2.26340556E-02
19 13-4.24204557E-02 2.59715235E-02-3.63088992E-02-2.95645574E-02 3.26414128E-02
19 14 4.02462330E-02 1.19760465E-01 9.66799231E-02 1.21107110E-01 6.49333954E-02
19 15 1.20858545E-02 1.51347414E-02
20  1-9.89873807E-03 5.87089210E-02 4.05924722E-02 4.15379280E-02 6.15747745E-02
20  2-7.36234743E-02-8.55783335E-02-8.80195292E-02-1.28558228E-01-1.10391898E-01
20  3-4.89315809E-02-4.64832300E-02-6.84042030E-02-1.08540639E-02 3.10135842E-04
20  4-1.32603420E-01-9.89350953E-02 1.88093901E-01 9.42015384E-02-1.10851527E-01
20  5-4.04346214E-02 1.57435188E-01 1.52877728E-02-1.13545258E-02 1.29796727E-01
20  6 2.27420645E-01-5.87104239E-02-4.37990698E-02 1.43284010E-01 1.35549623E-01
20  7-4.45121840E-02 1.65075181E-04-3.79295325E-03 9.07004282E-02-9.33502370E-02
20  8 6.96733986E-02 2.18578692E-02 8.68107654E-02-9.88956176E-02 7.02571929E-02
20  9 8.26040163E-02 4.51548361E-02 2.32378298E-02 2.70014861E-02-4.26528434E-02
20 10 3.93546775E-02 1.26121379E-01 5.81805490E-02-1.17414935E-01 1.78223865E-01
20 11 1.24569098E-01 5.41986074E-02-1.17848007E-01 2.16970964E-02-1.58905518E-02
20 12-5.90275934E-02 1.00828923E-01-1.39204627E-01-1.04762689E-01-5.36498625E-02
20 13 1.01974127E-01-1.34312986E-01 1.09626248E-01 7.95138355E-02-4.12278177E-02
20 14 3.78603761E-03-4.76298820E-02-2.42007680E-02 6.79123303E-02 3.47255606E-02
20 15-6.90072987E-02-8.76038622E-02
21  1-3.09638089E-03 1.83735529E-02 4.98704664E-02-4.85605534E-02 3.93900898E-02
21  2-2.07225583E-02-1.05140531E-01 1.02190006E-01-8.40120100E-02-3.71497037E-02
21  3-6.86529544E-02 7.11666872E-02-4.86188895E-02-5.50221323E-03 1.16102281E-03
21  4-1.95147418E-01 2.54180197E-01 6.79927876E-04 3.39440953E-02-1.88921533E-01
21  5 2.28802444E-01-7.40042480E-03 2.10391170E-04-6.77226975E-04 1.07920804E-01
21  6-9.74260330E-02 8.51170050E-02-4.45801749E-03 1.23441817E-01-5.98479336E-02
21  7 5.69955654E-02 7.21673566E-03-5.75611618E-03 1.71906955E-03 1.83765042E-01
21  8-2.10219153E-02-3.06579188E-02-2.34678283E-03 1.76187303E-01-1.15131824E-02
21  9 1.32472104E-01 7.64847601E-02-2.05011759E-01-1.34539534E-01-1.67487407E-02
21 10 1.65810486E-02 4.78983429E-02-7.48562772E-02-3.03262460E-02 6.78042269E-02
21 11 4.86595196E-02-7.86968116E-02-3.05922664E-02-5.38629686E-03 5.01353883E-03
21 12-6.40281155E-03 4.83107993E-02 6.34924469E-02 1.97913446E-02-4.63586058E-03
21 13 5.26744883E-02 6.43935005E-02-1.21028483E-02-1.03838588E-02-2.69633241E-02
21 14-2.08277350E-02-3.09017849E-03 4.57979937E-03 7.07672892E-02 4.07959030E-02
21 15 8.82715786E-02 1.07030827E-01
22  1-2.43516961E-03 1.44792800E-02-1.34682356E-02-1.14418048E-02 3.60231703E-02
22  2-1.97812116E-02 2.93270521E-02 2.23779521E-02-7.49231942E-02-2.74461567E-02
22  3 1.76332864E-02 2.76974557E-02-5.09213282E-02-5.13233583E-03 4.80877967E-03
22  4 1.07753085E-01 6.27147052E-02-1.01320768E-02-1.31106702E-02 6.31404050E-02
22  5 8.54114204E-02 1.01728870E-02 4.35822266E-02-4.49929885E-02-7.82904895E-02
22  6-1.29272569E-01 5.80634679E-02-1.46358056E-01-5.37386912E-02-1.24068113E-01
22  7 6.69165277E-02-7.22571787E-02 6.18005663E-02-1.67713286E-01 6.07745757E-02
22  8 1.46220076E-01 3.28614454E-01-1.67184518E-01 5.84574696E-02 1.57134846E-01
22  9-7.10017708E-02-6.17931187E-02-4.10304383E-03 2.79501309E-02-6.09447056E-02
22 10 5.39180976E-02 2.61797588E-01-3.95827143E-02-2.88602269E-02 2.70039505E-01
22 11 2.74440805E-01-4.61592272E-02-3.04407000E-02 1.62415466E-02-7.51419310E-03
22 12 2.13588225E-03-6.80117128E-02-1.13237208E-01-9.39406526E-02 7.27637394E-03
22 13-5.86716757E-02-1.33478254E-01 3.00181866E-02 7.17597765E-03 4.95961646E-02
22 14 9.36063096E-02-1.36262382E-01-1.05072303E-01-9.31926316E-02-5.93402073E-02
22 15-7.22134657E-02-5.65637856E-02
23  1 1.13165386E-02-6.74807437E-02-5.93152227E-03-4.80124740E-02-1.82495372E-01
23  2 6.74103099E-02 1.36277732E-02 1.01964111E-01 3.89974887E-01 1.86585316E-01
23  3-2.72751731E-03 6.01104626E-02 2.20598648E-01 8.62177935E-03 8.12919148E-03
23  4-1.39788508E-01-1.48675842E-01-1.64266928E-01-1.04773401E-01-1.64887352E-01
23  5-1.36111971E-01-1.84427499E-01 5.59235723E-04-7.24309979E-03 1.02258835E-01
23  6 2.81879761E-02 4.89895542E-02 3.64899526E-02 1.08915801E-01-4.28204293E-03
23  7 8.71261187E-02-2.72976799E-02 2.23656075E-02 1.86214531E-02 2.05469138E-02
23  8 1.18406301E-01 1.30214999E-01 1.91997280E-02 1.84717599E-02 1.26954388E-01
23  9 1.09807552E-01 8.82059230E-02 6.42868783E-02 7.94287422E-02-8.64211207E-03
23 10 9.07669384E-03 5.13012693E-02-1.33597051E-01-6.32342214E-02 3.75544523E-02
23 11 5.94862628E-02-1.50035009E-01-6.42572038E-02-2.48310060E-03 5.13822498E-03
23 12 4.31613446E-02-5.41239288E-02-4.61765727E-02 3.35130736E-03 5.25613022E-02
23 13-4.99892752E-02-5.86945728E-02-6.42110930E-03-1.42670796E-02 2.39983998E-02
23 14 3.41173078E-02 6.84203628E-03 1.35322423E-02 7.12902995E-02 5.57196635E-02
23 15-4.80600449E-02-4.68791750E-02
24  1-1.93915484E-03 1.14018131E-02 2.17236253E-02 3.66257281E-02 2.83571899E-02
24  2-2.04399663E-02-4.60750014E-02-7.92400294E-02-5.97120194E-02-5.66485045E-03
24  3-3.81828681E-02-5.74158623E-02-5.36164163E-02 1.26125548E-02-2.12215714E-02
24  4 4.38245851E-03-4.21837189E-02 7.62120037E-02-2.51439256E-02-2.01356592E-02
24  5-1.31083526E-02 3.38394789E-02 1.23598880E-02-9.42589351E-03-3.81837384E-02
24  6 6.08002195E-02-2.59144165E-02-6.28236344E-02 1.89376435E-02 1.67201794E-02
24  7-2.81625932E-02-9.31355871E-03 1.06653478E-02 2.44222961E-02-8.59729363E-02
24  8 1.09113279E-01 3.47467679E-02 3.24243218E-02-1.10189165E-01 1.41059406E-01
24  9-2.62664355E-02-3.30287868E-02 1.36707282E-02 4.07762773E-02-2.81285611E-02
24 10 2.71008858E-02 7.50719768E-02-1.82540870E-01 8.84431008E-02 1.25454406E-01
24 11 7.98405857E-02-2.16898873E-01 1.06244707E-01-8.13681253E-02 7.29901474E-02
24 12 2.55245829E-01 1.46948617E-01 1.96211726E-01 3.58457772E-01 2.95398364E-01
24 13 1.71535961E-01 2.02329231E-01-1.20582191E-01-1.06844092E-01-8.46901224E-02
24 14-9.69677950E-02-2.56427008E-02-3.92185684E-02-4.28446890E-02-2.92879946E-02
24 15-4.29481816E-02 2.53248684E-02
25  1-2.42593952E-03 1.42425330E-02 8.10469156E-02 6.91701756E-02 3.32165192E-02
25  2-2.40069732E-02-1.73231252E-01-1.49821020E-01-7.09602995E-02-1.15022702E-02
25  3-1.41678882E-01-1.09785123E-01-6.04496562E-02 2.80884334E-02-2.92254112E-02
25  4-3.77149016E-02-3.73082572E-02 1.14352288E-01-1.60379523E-01-5.22469419E-02
25  5-5.82084456E-02 1.04948364E-01-3.37071572E-03-4.78686408E-03 1.44103325E-01
25  6-5.49013975E-02-9.99570803E-02 7.07999387E-02 2.59089714E-02-4.93804424E-02
25  7-4.87914374E-03-4.64078254E-02 4.02067678E-02-1.19354119E-01 1.03870787E-01
25  8 1.13171542E-01 2.06873532E-01-1.32320172E-01 1.27354131E-01 1.20199243E-01
25  9-2.45574325E-03 2.22286574E-02-2.56184868E-02-1.79574225E-02 4.10896810E-02
25 10-3.74791861E-02-1.82394844E-01-2.07806206E-02 2.12369610E-01-1.81194013E-01
25 11-1.90286188E-01-1.96205666E-02 2.44784975E-01-2.06332067E-03 1.21756293E-03
25 12 1.00218208E-01-1.51921667E-01-1.42537104E-01 2.38104265E-02 1.17365173E-01
25 13-1.76233334E-01-1.75415892E-01-1.18198354E-02-8.94916838E-03 4.46746910E-02
25 14-2.04572247E-02 7.93506051E-02 6.43855749E-02 9.58332659E-02 1.06375587E-01
25 15-6.86504060E-02-8.32382553E-02
26  1-1.90949004E-04 1.09497270E-03-1.18434248E-01-1.91203831E-01 7.64791226E-02
26  2-6.69468338E-03 2.55149775E-01 4.10922976E-01-1.63514447E-01 1.32509520E-02
26  3 2.13264710E-01 3.51194683E-01-1.50737253E-01-3.43355652E-03 4.69967377E-04
26  4-4.80255938E-02-8.89867063E-02 2.55572736E-02 3.40790715E-02-9.20131479E-03
26  5-4.77898034E-02-1.50060755E-02 2.31355459E-02-2.21928656E-02 6.18273450E-02
26  6 2.15404026E-02-9.31734712E-02-1.20110437E-01 2.12266595E-02 9.13303677E-02
26  7-3.43264833E-02-1.50474962E-02 1.57197921E-02-2.91463628E-02 5.99478635E-02
26  8 9.36806070E-02 4.86008355E-02-4.20437166E-02 7.34205630E-02 1.07669290E-01
26  9 4.33395478E-02 6.05613257E-02 4.98157527E-02 4.16365100E-02 7.21190430E-03
26 10-1.02249193E-02-7.25832560E-02 1.70760379E-01 4.14458283E-02-6.87092598E-03
26 11-7.63234793E-02 1.94888019E-01 6.74754804E-02-1.59356874E-02 1.52846837E-02
26 12 1.27560049E-01 6.11828631E-02-2.48337214E-02 6.70267550E-02 1.52507455E-01
26 13 6.79139518E-02-3.31144190E-02-1.37941056E-02-9.82215139E-03-1.97892154E-02
26 14-2.03626532E-02 1.88320756E-02 8.87710883E-03 1.93202261E-02 4.78032891E-02
26 15-3.73874680E-02-1.92515083E-02
27  1-2.48573484E-04 1.46232566E-03-2.20561335E-01 1.57240937E-01-1.11597542E-02
27  2-3.33092437E-03 4.75012311E-01-3.38757658E-01 2.42840443E-02 7.74014304E-04
27  3 4.07059749E-01-2.88304480E-01 1.84570502E-02 2.81088396E-03-1.44976585E-04
27  4-1.14342273E-01 6.58448457E-02 7.92408598E-05-3.30850206E-02-6.46520096E-02
27  5 3.00984752E-02 1.14972006E-02-1.06167577E-03-1.36586654E-03 3.55704622E-02
27  6-1.45544585E-02 3.43627774E-03 1.33308689E-02-1.92866559E-02-5.72227029E-03
27  7 9.95037118E-03-7.34133160E-03 9.35913195E-03-6.53977719E-02 2.40391957E-02
27  8 9.00162256E-04 1.84467423E-02-7.69063311E-02 3.51184105E-02-1.19679978E-03
27  9 9.46231931E-02 1.13366207E-01-9.16520908E-02-9.97623632E-02 1.02912226E-03
27 10 6.47481732E-04-7.77655489E-04 1.84190834E-02-1.50317918E-02-1.05681290E-02
27 11 5.37327018E-03 2.04874636E-02-1.81827379E-02-4.73547023E-03 4.93745956E-03
27 12 4.86696416E-02 1.64268966E-02-1.52593835E-02 1.77059460E-02 5.77673962E-02
27 13 1.99943400E-02-1.97885180E-02-5.10310481E-03-3.57894384E-03-5.58437153E-03
27 14 1.10054868E-03 5.75541328E-03 8.98477397E-03 3.92971786E-02 7.20606889E-02
27 15-8.03182848E-03-5.39976062E-03
28  1-7.68982612E-05 6.74782277E-04 7.52949641E-02 4.64138176E-02-7.30075139E-02
28  2 1.66425015E-03-1.62163267E-01-1.00498371E-01 1.58759471E-01-1.94733542E-02
28  3-1.37283650E-01-7.64564170E-02 1.43413312E-01-4.65987583E-03 1.58041886E-02
28  4 4.42243464E-02 2.90889141E-03-4.94129577E-02-3.15877601E-02 4.50745569E-02
28  5 6.54199095E-03 3.93813876E-02-9.94273987E-03 1.69800345E-03 5.59700260E-02
28  6-6.95025296E-02 5.06490342E-02 8.58361488E-02-4.35710914E-02-3.42866247E-02
28  7 3.64824752E-02-1.71415251E-02 2.21608242E-02-2.27716768E-01 3.07551839E-02
28  8 7.20308089E-02 2.78976390E-02-2.72239717E-01 3.93692922E-02 8.24719460E-02
28  9-1.83129656E-02 1.15417417E-02 2.16304182E-02 5.53234800E-03 4.45856526E-03
28 10-1.15842937E-03-3.69680486E-02 3.07137444E-01-1.67231684E-01-3.13858072E-02
28 11-3.26770549E-02 3.55086474E-01-2.01854319E-01-1.84279672E-02 1.98588791E-02
28 12 6.41061038E-02 1.86421053E-01 1.03802356E-01 6.04655669E-02 7.57889991E-02
28 13 2.15451886E-01 1.14157961E-01-1.74165623E-02-1.05509181E-02-4.14559230E-02
28 14 4.00014517E-03 1.27688025E-02 7.24617812E-03 6.49565701E-02 8.72707341E-02
28 15-3.71153260E-02 5.18945874E-02
29  1 7.61047367E-04-4.32512414E-03 2.69961878E-02-1.86886176E-03-1.44804663E-02
29  2 1.90702006E-02-5.92111507E-02 6.20758958E-03 2.87630360E-02-2.79509687E-02
29  3-4.69188825E-02-7.20507763E-03 5.29279336E-02-1.81673387E-02 1.91747203E-02
29  4 3.52975117E-02 6.75927281E-02-5.07951281E-02 1.04406956E-01 5.00644766E-02
29  5 5.01231271E-02-2.57370413E-02-9.94467584E-03 1.76759530E-02-3.95857056E-02
29  6-1.78975161E-02 3.56608103E-02 1.43790643E-02-1.34078669E-02-1.98682030E-02
29  7-1.97275159E-02 1.51613954E-02-1.68577121E-02 6.98072158E-02 1.55629993E-02
29  8-2.52717546E-01-3.47277463E-02 8.67443421E-02 2.55103109E-02-2.91666718E-01
29  9-8.36364166E-03-2.18966130E-02-1.78792741E-02-4.37499844E-02-1.53601886E-03
29 10 6.86015224E-03 2.98138861E-02 2.80874981E-02-1.06095553E-01-1.54722241E-02
29 11 2.53602023E-02 1.52701357E-02-1.28034826E-01-1.95526725E-03 3.95690942E-03
29 12 3.47308780E-01 2.36903718E-02-2.70063119E-01-1.38716517E-02 4.12602431E-01
29 13 3.88222965E-02-3.05820905E-01 6.34567024E-03 1.12407637E-02-1.73778066E-02
29 14 7.12979868E-02-6.03957741E-03-1.82692840E-02-1.67463832E-02-2.48099240E-02
29 15 5.45080596E-02-6.08027636E-02
30  1-4.04296632E-04 2.32676915E-03 9.07167008E-03 5.60494220E-02-3.33505554E-02
30  2-1.08496025E-02-1.89223751E-02-1.22981323E-01 7.33518290E-02 2.16542443E-02
30  3-2.50668340E-02-1.02382618E-01 4.69656802E-02-1.78207641E-02 1.78665665E-02
30  4 3.35232049E-02 6.21618559E-02-5.64803461E-02 1.21470790E-01 1.20290160E-02
30  5 1.64909879E-02-7.94345839E-02 3.36708666E-03 3.45031262E-03-1.04043401E-01
30  6-4.80519688E-02 2.51096003E-02-2.21414294E-02-9.59835075E-03 6.12191246E-02
30  7 8.61109512E-02 7.30935470E-03-2.23434974E-03 3.38980308E-01 1.96389790E-01
30  8 2.34368908E-01-5.68819458E-02 3.90685425E-01 2.35500119E-01 2.68471313E-01
30  9-1.48096935E-02-7.23471552E-02-1.68656519E-02-5.20615893E-02-1.30058501E-02
30 10 3.17900821E-03-2.82395480E-02 1.80781968E-01 4.87885157E-02 1.18130328E-01
30 11-3.77628253E-02 2.05684646E-01 8.31246496E-02 2.88413000E-03-1.25158947E-03
30 12 2.86963403E-02 1.92189037E-02-2.93446620E-02-1.91937414E-02 4.16899869E-02
30 13 2.37154908E-02-3.36879721E-02 9.80915700E-03 2.02354846E-03 6.05757642E-03
30 14 1.04143796E-02-2.01751927E-02-6.53722613E-02-1.24850710E-01-1.78441460E-01
30 15 1.97200469E-02 2.64203578E-02
 $END   
 $GRAD  
E=     -762.3137994105  GMAX=   0.0067916  GRMS=   0.0018705
CL          17.   -2.0510359165E-04    2.4048087623E-04    6.3193819622E-05
C            6.    1.7578810031E-04   -3.8093331514E-04   -1.5483691783E-04
C            6.   -4.3186035508E-06    4.3159887017E-04   -1.6728544606E-04
O            8.   -1.1575694505E-04   -3.2130725342E-04   -1.4899278169E-04
H            1.   -7.3664211475E-07    1.2100216906E-04    1.2621463399E-04
H            1.    7.2549990396E-05    3.2754824287E-05    2.1456689914E-05
O            8.    1.9459013635E-03    6.7834741303E-03   -4.3421725772E-03
O            8.   -3.2854424677E-04   -1.3397714776E-04    1.2575754845E-04
H            1.   -1.6954579588E-05    4.4588257095E-05    2.5747827721E-05
H            1.   -1.6380298923E-03   -6.7916137419E-03    4.2407291140E-03
H            1.   -2.3207217346E-05   -8.7401393141E-05    2.4216794032E-04
H            1.    3.9967002695E-06   -1.4954388469E-04    6.0524585463E-05
H            1.    1.3441602152E-04    2.1087768661E-04   -9.2504388396E-05
 $END
-------------------- DATA FROM NSERCH=  17 --------------------
 COORDINATES OF SYMMETRY UNIQUE ATOMS (ANGS)
   ATOM   CHARGE       X              Y              Z
 ------------------------------------------------------------
 CL         17.0   3.1010033139   0.7088054259   0.4044113725
 C           6.0   2.7444695413   0.1236972471  -1.3496935183
 C           6.0   3.3598691081   1.0914540717  -2.3363697624
 O           8.0   2.6936662925   2.3213022295  -2.2840254762
 H           1.0   1.6605297455   0.1138660673  -1.4375749274
 H           1.0   3.1820081503  -0.8661399125  -1.4323270817
 O           8.0   3.2387927132   0.4797184614  -3.6829770849
 O           8.0   3.7514815745   2.8095233869  -4.5382045290
 H           1.0   3.1623356730   3.1496593193  -5.2486733892
 H           1.0   3.6565368994   1.7918471547  -4.4977212702
 H           1.0   2.2779149963   0.3147212031  -3.8605284283
 H           1.0   4.4419668332   1.1524094929  -2.1988218420
 H           1.0   3.0717281676   2.8428179943  -3.0901621347
--- CLOSED SHELL ORBITALS --- GENERATED AT 10:10:21 30-JUL-2026    
Chloroacetaldehyde hydrate and water                                            
E(R-WB97X-D)=     -762.3138019072, E(NUC)=  315.7496521101,    6 ITERS
 $VEC   
 1  1 9.85802665E-01 5.34291398E-02-2.06521014E-05-4.01418695E-05-1.72981768E-04
 1  2-1.87719697E-02 6.00667780E-05 1.23146137E-04 6.48846731E-04 1.02700558E-02
 1  3-2.38553798E-04-4.67228387E-04-1.79392353E-03-3.27813108E-05-4.21228910E-04
 1  4-3.57328016E-06-1.96541031E-05-1.46305771E-04 7.72656571E-04 1.19967535E-05
 1  5 3.44878396E-04-1.44290149E-03 7.84507343E-05 6.27350932E-04-2.48626870E-05
 1  6 1.81967449E-05 3.41403819E-04-1.94195080E-03 6.06781856E-04-2.98549350E-05
 1  7-1.80037594E-03-1.91803973E-05-1.36819129E-04-2.06359847E-05 1.34803758E-05
 1  8 2.79922599E-05 6.52093637E-04 1.59614810E-04-2.94236058E-04 1.05511401E-04
 1  9 1.52618651E-04-8.36407606E-04 2.07594613E-04-7.55719627E-04 1.28628114E-05
 1 10 1.27131794E-04 2.05658370E-05 1.27053158E-05 4.61886817E-05-4.93990197E-04
 1 11-1.13392859E-04-9.63909892E-05-2.37374423E-04-1.41489773E-06-8.00346736E-06
 1 12-9.01332262E-07-2.91233876E-06 2.54872228E-05 6.53434042E-05-1.37440666E-06
 1 13-1.17310216E-05-7.70453609E-05-3.33749505E-05 2.99566058E-05 4.20562695E-05
 1 14-2.36388839E-04-2.39851235E-05-4.20470994E-05 2.93776411E-04-2.87176538E-04
 1 15-4.19973413E-05 1.72188471E-05
 2  1-9.05158506E-06 6.11262091E-05 1.52845078E-05 3.53577611E-05-6.36132431E-05
 2  2-9.63750294E-04-8.65875322E-05-2.09507920E-04 4.40061506E-04 1.44645589E-03
 2  3 2.82160151E-04 7.31353551E-04-1.51424463E-03 2.61246018E-04 8.81877919E-04
 2  4-2.96188830E-04-2.50786759E-04 8.06434658E-04-7.85619741E-03-7.52605432E-04
 2  5-2.13501719E-03 3.75640107E-03-1.12787524E-03-4.81708012E-03-8.79919591E-05
 2  6-2.15583321E-05-1.46493739E-03 2.50126344E-02-4.49395168E-03-5.84426408E-03
 2  7-8.52575687E-03 5.36205450E-03 1.92085375E-03-1.10411188E-04-3.39190928E-04
 2  8-3.71599378E-04-5.03310181E-03-2.13960875E-04 3.38197726E-03 2.31109596E-03
 2  9 9.99044782E-04-7.86974124E-04 3.84809973E-04 4.48157996E-05 9.82600710E-01
 2 10 1.04945929E-01-2.01108125E-03 1.61992500E-03 2.10982127E-03-5.06655264E-02
 2 11 3.76342604E-03-5.40081133E-03-7.63214505E-03 5.62239891E-03 1.82703611E-03
 2 12 1.22427178E-04-5.51207433E-04 3.21507249E-05-3.97267084E-03-2.47469791E-04
 2 13 2.93946294E-03-2.70540834E-04 3.46542095E-04-1.29555825E-03 6.12373260E-04
 2 14 6.18650512E-03 3.41029916E-03 4.66677363E-03-1.53710558E-03-1.39023083E-03
 2 15 4.61242457E-04-9.98220306E-04
 3  1 6.42453718E-06-5.09626601E-05-2.18691114E-05 2.49470334E-05 4.02755860E-05
 3  2 4.69441186E-04 1.49174238E-04-1.24703900E-04-2.44163241E-04-5.74005449E-04
 3  3-6.73125863E-04 4.41527998E-04 3.51214885E-04 2.00337106E-04 7.16920826E-04
 3  4-5.40508557E-04-5.62405657E-04 4.52217618E-04-6.31104695E-03 3.22625923E-03
 3  5-3.88670679E-03 2.24074508E-03-9.11915640E-04-3.67527098E-03-2.98103813E-04
 3  6 2.01849328E-03-1.98962492E-04 2.30652185E-02-1.01677269E-02 8.58502003E-03
 3  7-5.64605904E-04 9.56544521E-01 1.03024241E-01 2.58451872E-03-1.77585335E-03
 3  8-2.21250292E-03-5.32081747E-02-7.30449137E-03 7.04371175E-03 5.94599558E-03
 3  9 8.98292393E-04 1.85315955E-03-4.90712341E-04-1.96852164E-04-6.08960885E-03
 3 10 9.44346171E-04-2.27766147E-04 5.33914778E-04 4.80721579E-05-4.84258613E-03
 3 11 1.40628435E-03-3.52932048E-03-1.83555833E-03 2.25291833E-01 2.48055688E-02
 3 12-6.59845843E-04-3.35544717E-04 4.80637322E-04-1.27214607E-02 1.83947565E-03
 3 13 9.98999263E-04-2.52402354E-03 8.65336779E-04 3.93288755E-04 9.91082772E-04
 3 14 1.56571395E-03 9.29130937E-04-1.50093632E-03-8.56826583E-04 1.99713809E-04
 3 15 3.13864741E-03 9.52322344E-03
 4  1-1.14499976E-06 9.46496809E-06 1.52616691E-05-1.05739406E-05-7.33627232E-06
 4  2-8.07153111E-05-8.64027418E-05 5.08527401E-05 4.81479740E-05 6.13184432E-05
 4  3 2.24664023E-04-9.82286037E-05-3.41657562E-05-3.96505594E-05-3.63425099E-05
 4  4 7.46887190E-05 2.39506636E-04-2.18235351E-04 1.43052941E-03-4.38773116E-04
 4  5 7.57945660E-04-4.26625714E-04 3.12422213E-04 1.51381569E-03 1.02384161E-04
 4  6-5.03588131E-04-2.54688057E-05-7.52181629E-03 2.73068500E-03-2.54063359E-03
 4  7 7.05802500E-04-2.25131843E-01-2.29911053E-02-5.36123384E-04 9.31820738E-04
 4  8 2.18263908E-04 8.64767390E-03 1.12866123E-03-4.00348240E-03 5.97208611E-04
 4  9-2.21534047E-04-3.67659398E-05 1.32903787E-04-1.90517381E-04-4.07520440E-03
 4 10 3.63132954E-04 3.88872089E-04 4.07986270E-04-5.84371291E-04-1.16949336E-03
 4 11-1.54632876E-03-1.49638130E-03 2.72170698E-03 9.56226633E-01 1.00267432E-01
 4 12-2.09729279E-03-1.71333700E-03-1.22396824E-03-4.30311513E-02 4.34057169E-03
 4 13 4.50702963E-03 2.19533537E-03 2.91403831E-03 5.69480007E-03 2.31485240E-03
 4 14 1.05419709E-02 2.90865191E-04-1.05803554E-03 5.80216615E-04-6.77187465E-04
 4 15-4.91872155E-04 4.70894024E-03
 5  1 7.55762154E-05-9.77471268E-05-6.08707130E-06 4.29389646E-05-2.12050931E-04
 5  2-2.17112837E-03 5.14207424E-05-2.84235600E-04 1.44687585E-03 2.81391879E-03
 5  3-5.95001513E-04-1.14069694E-04-2.18013761E-03-9.89749791E-03-4.18497419E-03
 5  4-2.04075273E-04-2.76601679E-04 6.78462647E-05 2.59210207E-02 6.82357718E-03
 5  5 1.00054163E-02-1.24121492E-02 9.86570317E-01 1.10670954E-01-1.75473140E-04
 5  6-8.08298100E-04 7.13343005E-05-8.58817332E-02 2.42654645E-03 1.01240979E-02
 5  7-6.17454653E-03-4.98980318E-05-4.33661771E-04 3.62714500E-04 1.36676641E-04
 5  8-2.48544622E-04 7.89652985E-03-3.80418084E-04-3.46180808E-03 1.33515886E-03
 5  9-1.53404548E-03 1.41380513E-03-1.60034236E-03 1.30901179E-03-1.94202682E-04
 5 10-9.34058034E-04-3.25185125E-05 3.34935015E-04 1.69791886E-04 9.83871980E-03
 5 11 4.82055607E-04 6.68344688E-04 5.03147667E-03 5.46581906E-05 4.52094140E-04
 5 12 6.89311964E-06 1.09299157E-04-8.72210898E-05-1.72303396E-03 1.60697715E-04
 5 13 3.44046184E-05-1.09902202E-04 4.86841164E-04-8.04760044E-04-4.20501535E-04
 5 14 2.44765463E-03-6.49761421E-04 3.24447834E-03-1.78782049E-04 1.68028021E-02
 5 15-7.12617455E-05 3.46412946E-03
 6  1-2.18420529E-05-1.76496618E-04 6.47323945E-05 1.03943702E-04 3.28170042E-04
 6  2-2.14737677E-03-3.86282391E-04-6.19461005E-04-1.88849149E-03 1.30693289E-02
 6  3-1.34849623E-03-2.25047400E-03-8.66968238E-03 9.86478153E-01 1.11897363E-01
 6  4 3.30995394E-04 5.84726735E-04 1.12849547E-03-8.97402761E-02-3.10372641E-03
 6  5-5.11972476E-03 2.32151212E-03 9.22839292E-03-1.80160358E-03 2.59068509E-04
 6  6 2.91959444E-04-6.44060452E-06 2.27469917E-02-5.56060870E-03-9.03267947E-03
 6  7 8.87987109E-03 3.62227276E-05-1.10351511E-05 6.37720817E-05 5.44923293E-04
 6  8-3.75474965E-04-1.30252025E-03-2.73440418E-04-6.26440996E-04 8.56203359E-04
 6  9-6.87241752E-05 1.55049788E-02-1.38569307E-04 1.54746525E-02 2.17189437E-05
 6 10-1.00808290E-04 2.00611939E-04 1.76468870E-04-4.44785932E-04-1.01251415E-03
 6 11-5.18487428E-04-4.98672780E-04 1.35531665E-04 2.32579258E-05 1.83403279E-04
 6 12-5.40158494E-05 4.07198134E-05-9.88066674E-05-7.79547660E-04 2.33948999E-04
 6 13 4.44122449E-05 2.50683159E-04 3.19654019E-04-3.31414223E-04-1.01754415E-04
 6 14 1.47785370E-03-5.30325720E-04 2.63124157E-04-1.31465464E-03 9.08653308E-04
 6 15 5.25799743E-04 1.34578128E-03
 7  1-3.05120677E-01 9.77064164E-01-1.68023451E-03-3.02768195E-03-8.45317677E-03
 7  2 1.54303689E-01-6.45846923E-04-1.24800005E-03-5.19579728E-03-6.77616176E-02
 7  3 1.72205831E-03 3.29579569E-03 1.20188096E-02 4.36913694E-06 1.69555618E-03
 7  4-5.58446795E-05 4.21125181E-06 4.36409430E-04-2.29881193E-03 3.29200661E-04
 7  5-1.44957577E-03 9.60490096E-03-4.65278628E-05-3.27088655E-03 1.54164765E-04
 7  6-1.25409053E-04-1.94766687E-03 1.03631532E-02-3.59621893E-03 2.88832497E-04
 7  7 1.03917837E-02 9.73608354E-05 6.59034116E-04 8.79158230E-05-8.05398726E-05
 7  8-1.33495864E-04-3.54360346E-03-8.35720820E-04 1.66541521E-03-6.10859469E-04
 7  9-9.77891367E-04 5.04724737E-03-1.29458487E-03 4.54005133E-03-7.49682701E-05
 7 10-6.88791629E-04-1.06404226E-04-5.21488803E-05-2.64427091E-04 2.97477514E-03
 7 11 6.48498974E-04 5.36716508E-04 1.56853198E-03 8.50185591E-06 5.15767914E-05
 7 12 5.67489276E-06 8.99154143E-06-1.24944341E-04-4.01183933E-04 1.63011811E-06
 7 13 1.00348720E-04 4.09859307E-04 1.80439007E-04-1.92458026E-04-2.28258982E-04
 7 14 1.41792817E-03 7.39991352E-05 4.13542619E-04-1.60657539E-03 1.94877678E-03
 7 15 1.89496663E-04-7.49833244E-05
 8  1-3.24988783E-03 1.10025966E-02 1.80822331E-01 2.97709698E-01 9.06031530E-01
 8  2-3.16931010E-03 1.65516660E-02 2.73133633E-02 8.43867385E-02 4.61720936E-03
 8  3-5.32212958E-03-8.97447249E-03-2.89767050E-02-7.11292534E-04-4.39973269E-03
 8  4-2.20692071E-05-1.12036727E-04-3.65067542E-04 9.20599330E-03 1.30033434E-03
 8  5 3.18559527E-03-2.96490450E-03 3.79009783E-04 2.74408405E-03 8.91431895E-06
 8  6 9.68898430E-05 9.17914350E-04-1.07584518E-02 2.13436255E-03 8.20595016E-04
 8  7-8.50287551E-03-6.73723486E-05-3.90905872E-04-1.11974206E-04-8.08246188E-05
 8  8 1.14823180E-04 2.45313973E-03 8.03234078E-04-8.16502741E-04 2.91214826E-04
 8  9-2.48040511E-04-3.92483522E-03-5.88882452E-05-3.56113416E-03 3.59408363E-05
 8 10 2.85156422E-04 7.84356165E-05 1.15805860E-04 1.05709246E-05-1.66704611E-03
 8 11-4.39280028E-04-6.60687960E-04-3.27496152E-04-6.33896402E-06-3.73834822E-05
 8 12 4.52248200E-06-2.28645581E-05 8.28856315E-05 2.98762789E-04-3.40457028E-05
 8 13 1.39571602E-06-2.69099200E-04-1.40217870E-04 1.38976975E-04 2.12405677E-04
 8 14-9.87249567E-04-3.17789388E-04 3.36968049E-04 1.19610191E-03-3.56662996E-04
 8 15-2.10135326E-04-2.39293519E-04
 9  1 3.10653145E-06-5.79217469E-05 7.23514079E-01 5.59236167E-01-3.27961627E-01
 9  2 4.56284408E-04 6.48853573E-02 5.01830622E-02-2.99141836E-02 2.14297187E-04
 9  3-2.03348279E-02-1.58438752E-02 9.19966129E-03 1.94519928E-05 1.29234712E-04
 9  4-4.29073853E-05 8.61936307E-05 5.19529844E-04-6.83626725E-04 9.68857052E-04
 9  5-9.25864390E-04-2.19483200E-03-9.94381327E-05-9.90930800E-04 9.90467970E-05
 9  6-1.29716095E-04-8.84741159E-04 8.78892538E-04-1.01355914E-03 2.07775072E-03
 9  7 5.06731617E-03 3.24805800E-05 1.65698492E-04 7.27935602E-05 2.23919248E-05
 9  8-8.62147508E-05-1.37833974E-03-5.69183280E-04 4.51498814E-04-2.05392919E-04
 9  9 6.54416310E-04-1.78236806E-03-3.76708063E-06-1.02731370E-03-5.44906995E-05
 9 10-3.94890731E-04-9.14760947E-05-9.94776016E-05-8.08848233E-05 2.07740856E-03
 9 11 5.06558528E-04 6.63975823E-04 9.68716023E-04-1.22412158E-06-1.62726402E-05
 9 12 1.25963312E-05 1.43980844E-05-3.96993832E-05-2.63188157E-05-3.79589428E-05
 9 13-2.41867155E-05 1.46248181E-04 3.57697601E-05-3.25619941E-05-6.74017943E-05
 9 14 3.45343713E-04-4.43657196E-06 5.28431845E-04-1.01864161E-03 2.31107781E-03
 9 15 1.49781223E-04-1.26571490E-04
10  1-5.17804999E-05 1.59513829E-04-6.22638708E-01 7.36471676E-01-1.17678478E-01
10  2 7.52968416E-05-5.56850623E-02 6.59251923E-02-1.06776113E-02 2.08581906E-04
10  3 1.69452336E-02-2.03522336E-02 3.19293466E-03-1.47111497E-08 2.61899581E-05
10  4 4.38570330E-05 1.72362511E-05 1.65366756E-04 2.39429443E-04-1.30646752E-03
10  5 1.08054104E-03-1.02315250E-03-4.96252308E-05-6.10916415E-04-1.94806563E-05
10  6-2.12677768E-04-2.06525170E-04 1.35460442E-03 1.18036242E-03 9.21779845E-04
10  7 9.13656324E-04-1.42647572E-06-1.13918672E-04 6.27577845E-05 1.16868970E-04
10  8-3.93892962E-04-2.15411481E-04-4.03185536E-04-3.02951205E-04 1.15285583E-03
10  9-5.90659585E-04 1.29070186E-03 7.61581659E-04-2.01307132E-03-1.55386566E-05
10 10-1.36501717E-04-1.32855524E-05 3.11579057E-05-4.95414039E-05 5.48481154E-04
10 11-1.72942462E-05-8.90970752E-05 2.73210072E-04 8.12882130E-06 7.06427251E-05
10 12-1.61466841E-06-5.70572112E-06 2.77598524E-05-2.14903599E-04 1.96649177E-05
10 13 5.18700846E-05-1.22120266E-04 1.55162115E-05-8.12973912E-05-2.54120050E-05
10 14 2.21348203E-04 5.02184422E-05-1.41444335E-04-5.88020159E-06-1.58502977E-03
10 15 3.00248965E-04 3.89458276E-04
11  1 1.83593629E-03-1.04181907E-02 3.15188552E-04 1.80967527E-04 3.41844684E-03
11  2 1.44556319E-02-5.37457872E-04-2.13737923E-04-7.07446041E-03 3.76637111E-03
11  3 8.60933436E-04-3.68438399E-04 2.50039803E-03-2.47292377E-02 2.19403308E-02
11  4 7.36877983E-03 1.54176344E-02-1.91892805E-02 5.09577410E-02-1.04939017E-02
11  5 7.77396521E-03-6.41540335E-03-9.81695095E-02 1.07025314E-01-3.56365693E-02
11  6 1.86113534E-02-4.86028923E-02 1.54210407E-01 1.31684421E-02-7.97136660E-03
11  7 6.84118806E-04-1.17234571E-01 1.05052956E-01 4.00128261E-02-3.94923453E-02
11  8-3.27317507E-02 3.57103025E-01 4.34841987E-02-4.14861782E-02-4.40812851E-02
11  9 5.76350217E-03-5.39563084E-03 7.70029603E-03-2.61355596E-04-1.65598830E-01
11 10 1.51536846E-01-5.03340795E-02 2.77968024E-02 4.57290585E-02 5.05744964E-01
11 11-5.43623700E-02 4.09807407E-02 4.98746767E-02-4.33519968E-02 3.79497245E-02
11 12-1.29725126E-02-1.38198721E-02-2.73679857E-03 1.33820553E-01-1.56794350E-02
11 13-1.68626834E-02 3.95572576E-03 1.73350810E-02 6.32075962E-03 3.44885392E-02
11 14 7.31023802E-03 7.50385782E-02 1.18232271E-02 2.66813852E-02-1.23097147E-02
11 15 4.82183085E-02 2.93965896E-03
12  1 1.47487056E-03-8.39780722E-03 3.89347904E-04-4.25091849E-05 1.79955122E-03
12  2 8.60269609E-03-9.10651561E-04-4.85630345E-04-2.13154523E-03 6.29452031E-03
12  3 2.13988875E-03 3.38696025E-03-2.05112115E-03-2.16362504E-03 1.59004326E-03
12  4-1.22403001E-03 9.03373959E-03 5.48017320E-03 4.76471516E-03-6.41564634E-03
12  5 1.74149263E-02 1.24808063E-02-1.80668040E-02 1.66488181E-02-2.65704082E-02
12  6 9.33769223E-02 5.09051448E-02 3.14371753E-02 6.58010568E-03 6.04805202E-03
12  7-2.18114029E-03-1.53895413E-01 1.41599707E-01 4.89899431E-02-2.52427176E-02
12  8-3.82359034E-02 4.82602264E-01 5.53799039E-02-3.22289775E-02-4.08741776E-02
12  9 7.92264439E-04-2.42481053E-03 4.70005893E-04 3.11909498E-03 1.48673905E-01
12 10-1.39321565E-01 5.31406581E-02-2.92761037E-03-2.44187566E-02-4.73502079E-01
12 11 4.81225628E-02-6.82765737E-03-3.83668572E-02-9.06613870E-02 8.26081487E-02
12 12-2.78629136E-02-1.35896795E-02-1.45734808E-02 2.85436894E-01-2.93050217E-02
12 13-1.84274858E-02-9.52529452E-03 4.57379993E-02 1.18226513E-02 2.67752944E-02
12 14-3.16418651E-03-8.11281796E-02-1.35678425E-02 2.63801848E-03-6.56131703E-03
12 15 7.45708497E-02 1.67007017E-02
13  1-2.12831251E-03 1.21568841E-02-4.38094153E-04-2.49784186E-04-2.97999773E-03
13  2-1.52114683E-02 9.30126902E-04 6.93890565E-04 5.56335662E-03-7.62843936E-03
13  3-1.39404094E-03-1.60092319E-03 2.70287769E-04 1.26738929E-02-1.31311347E-02
13  4-2.51628444E-03-1.04747013E-02 4.19584284E-03-1.56041894E-02 8.99243511E-03
13  5-5.08474492E-03-8.43412487E-03 3.75439178E-02-4.17793767E-02 2.40499930E-02
13  6-4.47211638E-02-1.30531521E-02-6.96112918E-02 3.11567957E-03 1.16486273E-02
13  7-1.45559030E-02 9.66239594E-02-8.86007942E-02-2.93486883E-02 2.85324434E-02
13  8 1.62718103E-02-3.06862669E-01-3.45907560E-02 2.80630857E-02 2.10631499E-02
13  9-4.37150017E-03 2.87965683E-03-4.66519507E-03-3.61061880E-04-2.71147757E-02
13 10 2.38716962E-02-6.39849013E-03 4.15218847E-03-8.43515587E-03 9.13211951E-02
13 11-3.46058583E-03 7.20761742E-03-6.64802694E-03-2.05693569E-01 1.92007138E-01
13 12-5.89450529E-02-4.13690525E-02-4.93409813E-02 6.36737800E-01-5.96048898E-02
13 13-4.73177553E-02-4.58528994E-02 1.08103172E-01 2.36240347E-02 9.56784345E-02
13 14 1.49047924E-02 1.30712898E-02 6.06572276E-03-1.10395879E-02 6.49170819E-03
13 15-1.66084044E-02 6.18093569E-03
14  1 6.37488298E-02-3.67806766E-01 8.42895609E-03 1.47659093E-02 4.53966376E-02
14  2 4.69182550E-01-1.72206925E-02-2.97622775E-02-9.19549275E-02 3.15581442E-01
14  3-1.08409233E-03-4.23020740E-03-8.31977535E-03-1.26289580E-01 1.08310959E-01
14  4 1.74905527E-02 2.49626570E-02 4.12007265E-02 3.86149205E-01 2.05082894E-02
14  5 2.44543083E-02 4.12263173E-02-3.44161744E-02 4.02707918E-02-6.38447235E-03
14  6-4.61859147E-02 5.37908662E-02 4.79060617E-02 5.08066254E-03-5.54881031E-03
14  7-9.30712706E-03 3.47865324E-02-3.15888394E-02-9.89711531E-03-1.30034819E-02
14  8 2.35628386E-02-1.18558525E-01-1.06031569E-02-3.33569683E-03 2.25779129E-02
14  9 5.23632116E-02-1.36739560E-02 5.28783858E-02-1.65839772E-02 2.12177452E-02
14 10-1.87527261E-02 1.11035596E-02-4.11498117E-03 1.17092181E-02-7.89841401E-02
14 11 9.80064574E-03-8.39752162E-03 3.99642237E-03-9.13953768E-03 8.51996280E-03
14 12-2.02090507E-03 2.52533934E-04-6.41153162E-03 3.17968687E-02-1.47763191E-03
14 13-5.94389411E-04-7.05350491E-03 6.79589943E-03 3.06251540E-03 1.13730935E-03
14 14-7.69838913E-03-1.48074852E-02-5.37048881E-03 2.00790218E-02-2.76643270E-03
14 15-2.42480556E-02-1.21377370E-02
15  1 4.74173374E-02-2.76252793E-01 1.13946839E-04-3.86761385E-04-1.30706186E-02
15  2 3.41125361E-01-1.01948532E-03-1.21639538E-03 2.41305209E-02 3.31647346E-01
15  3-3.67245777E-03-4.29587907E-03-1.28060892E-02 1.23610712E-01-1.26925589E-01
15  4-1.97173171E-02-1.94510204E-02 1.06358780E-01-3.32029813E-01-5.55757927E-03
15  5 1.00262631E-02 3.15372396E-02 1.14795793E-01-1.14771469E-01 8.25643156E-03
15  6 8.62792674E-02-7.04786323E-02-3.20713807E-01 2.98707658E-03 4.35456432E-02
15  7-3.21670585E-02-4.82404580E-02 4.17751984E-02 3.77372685E-03 5.99316171E-02
15  8-4.29384036E-02 1.89690563E-01 8.52391996E-03 3.26181899E-02-3.61525322E-02
15  9-6.94981591E-02-5.87829256E-03-7.33060634E-02-2.96913133E-04-4.72256555E-02
15 10 4.20433452E-02-4.76364215E-02-6.40641932E-03-7.30710696E-02 1.85263397E-01
15 11-4.17033281E-02 1.10573714E-03-4.63247788E-02 1.04551443E-02-9.32584685E-03
15 12 1.42526464E-03-5.23781615E-03 1.46181359E-02-4.09204647E-02-4.22718599E-04
15 13-2.18805938E-03 1.29779484E-02-1.23770975E-02-7.06779982E-03 6.02820591E-03
15 14 1.71027256E-02 5.30754276E-02 3.43485815E-02-6.54252136E-02 7.10825127E-04
15 15 5.10400121E-02 3.27808502E-02
16  1 1.79821942E-02-1.05635178E-01-1.42584348E-02-1.62844339E-02-2.60293490E-02
16  2 1.31656402E-01 2.84835218E-02 3.29144322E-02 5.04813571E-02 1.49819065E-01
16  3 1.38437027E-02 1.24395378E-02 1.24806818E-02 1.07436423E-01-9.54464640E-02
16  4 8.44946224E-02 7.42322359E-02-1.45618080E-02-4.03098697E-01 4.40611595E-02
16  5 2.16605181E-02 9.79987018E-03-1.20668647E-01 1.17633741E-01 1.28315142E-01
16  6 1.77345973E-02-5.72337828E-02 4.31193805E-01 8.57094352E-02-8.03734038E-03
16  7-1.37802795E-02 4.68454726E-02-4.22549620E-02 4.53063600E-02-6.81439944E-02
16  8 2.09785302E-02-1.89649391E-01 3.35283540E-02-4.96757013E-02 1.79992264E-02
16  9-1.10595566E-01-3.69832118E-02-8.53063026E-02-2.82927472E-02 1.65984117E-02
16 10-1.49382917E-02 1.44037817E-01 7.94258358E-02 1.15346116E-01-7.99156690E-02
16 11 1.24876862E-01 6.91066310E-02 8.97856596E-02 3.91979127E-04-1.43302505E-03
16 12 9.35297709E-03-1.74946317E-02 3.71762937E-03 3.79650642E-03 1.05017565E-02
16 13-1.74429149E-02 7.48269071E-03-8.49678534E-03-4.46175158E-03 1.50956731E-02
16 14 2.40888092E-03-1.13971003E-01-7.57105754E-02 1.34854089E-01 3.21258335E-02
16 15-4.07077518E-02-3.98186726E-02
17  1-5.10947888E-03 3.02439620E-02 1.95459390E-03 2.59150888E-02 1.09794927E-02
17  2-3.56560713E-02-3.90080732E-03-5.32152283E-02-2.16305127E-02-5.61379218E-02
17  3-1.52550087E-03-2.89848723E-02-1.52966512E-03-4.30590269E-02 3.33930755E-02
17  4 1.37447349E-02-1.57791207E-01 4.61051203E-02 2.12390155E-01 3.71368171E-02
17  5-9.06184453E-02 2.04698875E-02 3.82455904E-02-4.20264467E-02 1.48834068E-01
17  6-7.33426576E-02-1.11035869E-01-1.33018170E-01 1.19489972E-01-3.13814663E-03
17  7-1.08491527E-01-1.47211880E-03-1.38315441E-03 1.94862043E-02 1.96017535E-01
17  8-1.36724513E-01 1.86585905E-02 1.86528305E-02 1.66697069E-01-1.20684322E-01
17  9 2.12136914E-02 7.91476108E-03 1.07638196E-01 4.95615005E-02-1.27468968E-02
17 10 1.07693598E-02 1.55603916E-01 6.60964269E-02 3.90327962E-02 4.88168926E-02
17 11 1.41315011E-01 6.18765419E-02 3.21660007E-02 1.05433778E-02-1.21264672E-02
17 12 3.48304978E-02-1.06217741E-01 1.24766800E-01-3.73773055E-02 2.74526540E-02
17 13-9.46226044E-02 1.21064038E-01-1.01697952E-01-6.80169249E-02 7.55617337E-02
17 14 6.23262387E-02-1.00307851E-01-6.16349695E-02 3.65921351E-02 2.28696748E-02
17 15 1.38473844E-01 1.01718891E-01
18  1 3.33796463E-03-1.97782345E-02-1.57336143E-02 5.25061959E-03-1.55118502E-02
18  2 2.30190949E-02 3.28153683E-02-1.09956012E-02 3.18612187E-02 4.08253413E-02
18  3 1.66464458E-02-9.94328319E-03 1.02886064E-02 7.93156794E-03-5.10844086E-03
18  4 9.23384612E-02-7.02586283E-02-2.18978869E-02-5.64386133E-02 6.45423004E-02
18  5-7.16097528E-02-2.56890305E-02 4.13802164E-03-3.96707445E-03 8.63358332E-02
18  6-1.09023982E-01-3.71686403E-02-2.83506964E-03 4.40861463E-02-8.71763260E-02
18  7 1.27936059E-02-2.11366991E-02 1.82326873E-02-9.85367160E-03 1.45727828E-01
18  8-6.11585420E-02 9.09930939E-02-6.00758770E-03 1.29427628E-01-5.24156447E-02
18  9-5.73490243E-02-2.99006834E-02 5.27807544E-02 3.17363365E-02-8.17611230E-03
18 10 9.60512973E-03-1.20336056E-03-9.31170159E-02 1.09641634E-01 3.26731659E-02
18 11-3.66314743E-03-9.73080813E-02 1.12618388E-01-1.21349673E-03 2.22400365E-03
18 12-1.00490418E-01 2.76418857E-01-1.21371294E-01 2.09623076E-03-8.86146760E-02
18 13 2.54837468E-01-1.11739335E-01 1.67373114E-01 1.21942066E-01-1.87286518E-01
18 14-1.59094409E-01 2.00895333E-03-6.71965523E-04 3.47276085E-02 1.92940647E-02
18 15 7.14867471E-02 7.52209338E-02
19  1-7.28031093E-03 4.30165075E-02-2.80928433E-02 4.86208446E-03 4.45531072E-02
19  2-5.38050073E-02 5.83745001E-02-1.04535823E-02-9.33828209E-02-6.95973951E-02
19  3 4.05012548E-02-2.18372799E-04-5.02780278E-02-3.70377382E-03-1.71453799E-03
19  4 1.99564764E-01 6.27061991E-03 3.37976593E-02 2.63107097E-02 1.57870717E-01
19  5 7.38313591E-03 2.14988237E-02-4.73817924E-03 6.49225539E-03 1.73888265E-01
19  6 3.09558832E-02 2.21394110E-01 1.01330277E-02 1.54352000E-01 3.24364584E-02
19  7 1.51430155E-01-6.26456680E-03 4.81785375E-03 6.33037156E-02 6.82861535E-02
19  8 6.42867033E-02 2.89845739E-02 5.86560466E-02 5.99811908E-02 6.11502139E-02
19  9-1.17645393E-01-7.22552035E-02 4.53051118E-02 2.56214573E-02-6.59420925E-03
19 10 7.21619972E-03-1.08234442E-01-1.19662756E-01-2.17847631E-01 2.80605991E-02
19 11-9.82340767E-02-1.17859921E-01-2.10262905E-01-1.35500995E-03 2.39981486E-03
19 12 2.29507919E-02-5.00704268E-02 3.13281223E-02 1.93494076E-04 2.23102938E-02
19 13-4.15561315E-02 2.54312335E-02-3.56894332E-02-2.90986127E-02 3.20878411E-02
19 14 3.97805546E-02 1.19598877E-01 9.65981141E-02 1.21107309E-01 6.49256879E-02
19 15 1.22415502E-02 1.53422827E-02
20  1-9.90138068E-03 5.87237860E-02 4.06631466E-02 4.13171913E-02 6.14945655E-02
20  2-7.36720524E-02-8.57230069E-02-8.75525671E-02-1.28380442E-01-1.10290413E-01
20  3-4.90123389E-02-4.61858273E-02-6.83371333E-02-1.08942520E-02 3.25190846E-04
20  4-1.33294541E-01-9.85778861E-02 1.87958398E-01 9.45185262E-02-1.11361471E-01
20  5-3.99829808E-02 1.57134162E-01 1.53797337E-02-1.14725744E-02 1.30313888E-01
20  6 2.27268722E-01-5.83458675E-02-4.41182192E-02 1.43739675E-01 1.35516198E-01
20  7-4.42948005E-02 7.02238898E-05-3.70701566E-03 9.06180215E-02-9.31429332E-02
20  8 7.00647202E-02 2.22329976E-02 8.66852424E-02-9.86852760E-02 7.06409885E-02
20  9 8.29703172E-02 4.53549109E-02 2.30964939E-02 2.69477281E-02-4.27099725E-02
20 10 3.94176170E-02 1.26386231E-01 5.79074346E-02-1.17408934E-01 1.78436797E-01
20 11 1.24821505E-01 5.38763904E-02-1.17828682E-01 2.15967220E-02-1.57974490E-02
20 12-5.90753175E-02 1.00527231E-01-1.38852955E-01-1.04345708E-01-5.36555117E-02
20 13 1.01685867E-01-1.33986298E-01 1.09366597E-01 7.92571453E-02-4.11189870E-02
20 14 3.90433451E-03-4.76302064E-02-2.42255797E-02 6.80233460E-02 3.48511568E-02
20 15-6.91034213E-02-8.75886291E-02
21  1-3.10037295E-03 1.83974444E-02 4.96071345E-02-4.87010255E-02 3.95002672E-02
21  2-2.07487920E-02-1.04582344E-01 1.02481039E-01-8.42427897E-02-3.72056914E-02
21  3-6.82871188E-02 7.13931559E-02-4.87718279E-02-5.53563487E-03 1.19744860E-03
21  4-1.93900074E-01 2.54785087E-01 4.31312514E-04 3.39485768E-02-1.87966876E-01
21  5 2.29446309E-01-7.55391336E-03 3.58987977E-04-8.15437034E-04 1.07576615E-01
21  6-9.83234379E-02 8.56812134E-02-5.06123945E-03 1.23299374E-01-6.06790031E-02
21  7 5.74972772E-02 6.95936042E-03-5.52546087E-03 1.02941639E-03 1.84190931E-01
21  8-2.08964575E-02-2.95228021E-02-3.02329150E-03 1.76605908E-01-1.13407843E-02
21  9 1.31988778E-01 7.60925489E-02-2.04958555E-01-1.34418879E-01-1.69442254E-02
21 10 1.67575064E-02 4.85997498E-02-7.53302904E-02-3.05272119E-02 6.86564333E-02
21 11 4.94022146E-02-7.91877640E-02-3.08090436E-02-5.36097059E-03 5.00831434E-03
21 12-6.26532952E-03 4.80052789E-02 6.33976100E-02 1.96225085E-02-4.49469318E-03
21 13 5.24063685E-02 6.42329115E-02-1.21518076E-02-1.04705535E-02-2.67700226E-02
21 14-2.05619489E-02-3.43798205E-03 4.33353490E-03 7.05395234E-02 4.06557669E-02
21 15 8.81940586E-02 1.07084440E-01
22  1-2.39948987E-03 1.42672520E-02-1.36557378E-02-1.13022635E-02 3.55884982E-02
22  2-1.95446229E-02 2.97236192E-02 2.20832831E-02-7.39984252E-02-2.69673660E-02
22  3 1.78829927E-02 2.74526649E-02-5.03962947E-02-5.09845809E-03 4.78554668E-03
22  4 1.08281019E-01 6.15122340E-02-1.04220705E-02-1.31732713E-02 6.36530768E-02
22  5 8.44980563E-02 9.77205110E-03 4.35863049E-02-4.49777740E-02-7.92002803E-02
22  6-1.28755709E-01 5.76407579E-02-1.46501057E-01-5.42861933E-02-1.23665236E-01
22  7 6.64754223E-02-7.22563616E-02 6.17956842E-02-1.67481221E-01 5.99770952E-02
22  8 1.46453547E-01 3.28634781E-01-1.66947380E-01 5.76469363E-02 1.57375893E-01
22  9-7.13034963E-02-6.19423901E-02-3.34073929E-03 2.85357496E-02-6.09953956E-02
22 10 5.39679251E-02 2.61991384E-01-3.99073672E-02-2.84991086E-02 2.70291545E-01
22 11 2.74621583E-01-4.65767243E-02-3.00549834E-02 1.61312960E-02-7.41791247E-03
22 12 2.28804970E-03-6.81349323E-02-1.13124218E-01-9.34359728E-02 7.42239376E-03
22 13-5.87760825E-02-1.33385407E-01 2.98414117E-02 7.04723788E-03 4.95736085E-02
22 14 9.34961802E-02-1.36464491E-01-1.05356304E-01-9.37332308E-02-5.97018160E-02
22 15-7.26005888E-02-5.70453483E-02
23  1 1.13175385E-02-6.74870371E-02-6.04625631E-03-4.80207626E-02-1.82551954E-01
23  2 6.74239621E-02 1.38713368E-02 1.01981287E-01 3.90088717E-01 1.86602098E-01
23  3-2.57606490E-03 6.01332242E-02 2.20703936E-01 8.60139439E-03 8.15883066E-03
23  4-1.39970627E-01-1.48454687E-01-1.64386982E-01-1.04687557E-01-1.65052136E-01
23  5-1.35888266E-01-1.84689506E-01 5.07831207E-04-7.19510820E-03 1.02279015E-01
23  6 2.79512248E-02 4.89838400E-02 3.66908177E-02 1.08922358E-01-4.42463279E-03
23  7 8.71190128E-02-2.72558425E-02 2.23364361E-02 1.88456439E-02 2.06712516E-02
23  8 1.18256152E-01 1.29973471E-01 1.94303151E-02 1.85999420E-02 1.26807497E-01
23  9 1.09783458E-01 8.82025325E-02 6.42698186E-02 7.94176980E-02-8.54895366E-03
23 10 8.99761585E-03 5.07291375E-02-1.33866764E-01-6.29310515E-02 3.71367562E-02
23 11 5.88757617E-02-1.50348838E-01-6.39342230E-02-2.63895745E-03 5.26169381E-03
23 12 4.34041090E-02-5.40441236E-02-4.56988864E-02 4.09487768E-03 5.27894518E-02
23 13-4.99121489E-02-5.82220143E-02-6.75436994E-03-1.44971722E-02 2.38916666E-02
23 14 3.37960711E-02 7.05955349E-03 1.36776273E-02 7.13583795E-02 5.57535146E-02
23 15-4.79634188E-02-4.66815664E-02
24  1-1.94911065E-03 1.14609056E-02 2.18374114E-02 3.66716104E-02 2.85751323E-02
24  2-2.05052112E-02-4.63201246E-02-7.93368262E-02-6.01812714E-02-5.80460345E-03
24  3-3.83612191E-02-5.74745183E-02-5.39298095E-02 1.26424899E-02-2.12715815E-02
24  4 4.28497265E-03-4.21189669E-02 7.64960988E-02-2.52510116E-02-2.00734299E-02
24  5-1.31245473E-02 3.40962974E-02 1.23115457E-02-9.38196310E-03-3.79436756E-02
24  6 6.09111406E-02-2.61521374E-02-6.25490358E-02 1.88741978E-02 1.67237577E-02
24  7-2.82026797E-02-9.27863492E-03 1.06335742E-02 2.46007026E-02-8.58746152E-02
24  8 1.08883119E-01 3.45621952E-02 3.26306750E-02-1.10032336E-01 1.40776522E-01
24  9-2.62916315E-02-3.30127268E-02 1.35781791E-02 4.05912858E-02-2.79695560E-02
24 10 2.69550096E-02 7.39600364E-02-1.82731240E-01 8.89099147E-02 1.24767851E-01
24 11 7.86534789E-02-2.17054783E-01 1.06756126E-01-8.14071056E-02 7.30068594E-02
24 12 2.55672075E-01 1.46770016E-01 1.95770050E-01 3.58724333E-01 2.95811633E-01
24 13 1.71308145E-01 2.01797982E-01-1.20729346E-01-1.06930891E-01-8.46232786E-02
24 14-9.71951254E-02-2.52429928E-02-3.89745153E-02-4.27002883E-02-2.93274987E-02
24 15-4.29188027E-02 2.53424921E-02
25  1-2.42964082E-03 1.42643902E-02 8.09739410E-02 6.86206696E-02 3.34308933E-02
25  2-2.40541632E-02-1.73072387E-01-1.48644775E-01-7.14160628E-02-1.14735322E-02
25  3-1.41549965E-01-1.08820393E-01-6.08537927E-02 2.80402478E-02-2.92076481E-02
25  4-3.77829078E-02-3.71573823E-02 1.14291481E-01-1.60146553E-01-5.23629740E-02
25  5-5.79964631E-02 1.04744810E-01-3.29382306E-03-4.85338096E-03 1.43998364E-01
25  6-5.51958249E-02-9.99826927E-02 7.04314410E-02 2.58560788E-02-4.94431091E-02
25  7-4.67420305E-03-4.64436317E-02 4.02243912E-02-1.18860709E-01 1.04406145E-01
25  8 1.13516030E-01 2.07105045E-01-1.31746901E-01 1.27953668E-01 1.20511962E-01
25  9-2.40830170E-03 2.21696910E-02-2.56165242E-02-1.79544848E-02 4.10931066E-02
25 10-3.75164620E-02-1.82575948E-01-2.05552607E-02 2.12521617E-01-1.81057538E-01
25 11-1.90493030E-01-1.93392805E-02 2.45011881E-01-1.94224257E-03 1.10844603E-03
25 12 9.94712632E-02-1.52380405E-01-1.43026096E-01 2.32884623E-02 1.16449898E-01
25 13-1.76741611E-01-1.75966081E-01-1.16980566E-02-8.81959188E-03 4.49145926E-02
25 14-2.02913552E-02 7.92671269E-02 6.43727092E-02 9.55622752E-02 1.05994097E-01
25 15-6.86270492E-02-8.33368852E-02
26  1-1.89859815E-04 1.08848141E-03-1.18874339E-01-1.91083687E-01 7.64297772E-02
26  2-6.68926366E-03 2.56094618E-01 4.10660369E-01-1.63407041E-01 1.32840741E-02
26  3 2.14046824E-01 3.50952955E-01-1.50656783E-01-3.49701253E-03 5.24566879E-04
26  4-4.80236028E-02-8.87126111E-02 2.53238716E-02 3.44324637E-02-9.13599653E-03
26  5-4.75954019E-02-1.52901248E-02 2.31678214E-02-2.22262200E-02 6.15454712E-02
26  6 2.13553163E-02-9.29509081E-02-1.20317958E-01 2.12440261E-02 9.12475148E-02
26  7-3.40827558E-02-1.50163172E-02 1.56982424E-02-2.87085682E-02 6.01468415E-02
26  8 9.38350748E-02 4.84383065E-02-4.15190998E-02 7.36437434E-02 1.07827564E-01
26  9 4.32663191E-02 6.03890384E-02 4.97880099E-02 4.15806588E-02 7.16876433E-03
26 10-1.02043233E-02-7.22644727E-02 1.70955062E-01 4.14018743E-02-6.57893222E-03
26 11-7.60121177E-02 1.95098386E-01 6.74472988E-02-1.59293455E-02 1.52823968E-02
26 12 1.27120275E-01 6.13803548E-02-2.47488714E-02 6.69696063E-02 1.51989220E-01
26 13 6.81585288E-02-3.30082833E-02-1.37905039E-02-9.84574039E-03-1.97928352E-02
26 14-2.02813308E-02 1.87381708E-02 8.71065144E-03 1.89849236E-02 4.73486169E-02
26 15-3.73044958E-02-1.90258494E-02
27  1-2.49354422E-04 1.46648141E-03-2.20392525E-01 1.57568599E-01-1.10357656E-02
27  2-3.34362801E-03 4.74645756E-01-3.39461621E-01 2.40142788E-02 8.08706283E-04
27  3 4.06752357E-01-2.88926501E-01 1.82130390E-02 2.82868043E-03-1.80583822E-04
27  4-1.14245773E-01 6.60042995E-02 1.72252779E-04-3.31394576E-02-6.46676873E-02
27  5 3.01834516E-02 1.14495250E-02-1.04257753E-03-1.36944082E-03 3.54835274E-02
27  6-1.45214760E-02 3.33080764E-03 1.31806541E-02-1.92264702E-02-5.72280683E-03
27  7 9.92845531E-03-7.33098260E-03 9.33342156E-03-6.50854572E-02 2.41131239E-02
27  8 8.49850495E-04 1.85149029E-02-7.65160583E-02 3.51974027E-02-1.27005891E-03
27  9 9.45756545E-02 1.13258420E-01-9.16437301E-02-9.96859799E-02 1.03890819E-03
27 10 6.29804190E-04-8.12950177E-04 1.79746023E-02-1.46190314E-02-1.05647121E-02
27 11 5.33206212E-03 1.99790473E-02-1.76778216E-02-4.71512371E-03 4.91398573E-03
27 12 4.86863936E-02 1.60648270E-02-1.56662940E-02 1.76535527E-02 5.77814015E-02
27 13 1.95796131E-02-2.02586355E-02-5.09432482E-03-3.57558702E-03-5.49428698E-03
27 14 1.09081313E-03 5.78522508E-03 8.98157334E-03 3.92019976E-02 7.19233961E-02
27 15-7.99059624E-03-5.53658410E-03
28  1-7.90804978E-05 6.86795846E-04 7.51852725E-02 4.67565644E-02-7.30520965E-02
28  2 1.61222406E-03-1.61927080E-01-1.01242255E-01 1.58854576E-01-1.93529809E-02
28  3-1.37075431E-01-7.70949956E-02 1.43414942E-01-4.63594794E-03 1.57825538E-02
28  4 4.41435470E-02 3.00718633E-03-4.93842812E-02-3.17505249E-02 4.48525165E-02
28  5 6.47179459E-03 3.92518335E-02-9.94460071E-03 1.73855126E-03 5.58229707E-02
28  6-6.97331388E-02 5.05911497E-02 8.57860835E-02-4.35513705E-02-3.42480936E-02
28  7 3.67040243E-02-1.71836949E-02 2.22072860E-02-2.27245116E-01 3.14999017E-02
28  8 7.26867347E-02 2.80812741E-02-2.71663321E-01 4.02638044E-02 8.32525186E-02
28  9-1.82668227E-02 1.15801619E-02 2.14277865E-02 5.32672273E-03 4.47276141E-03
28 10-1.19456930E-03-3.67222961E-02 3.07545229E-01-1.66659313E-01-3.12699294E-02
28 11-3.23680492E-02 3.55515510E-01-2.01087538E-01-1.84553488E-02 1.98959125E-02
28 12 6.49863140E-02 1.86528158E-01 1.03168145E-01 6.05437866E-02 7.68643260E-02
28 13 2.15602362E-01 1.13405139E-01-1.74041845E-02-1.05891306E-02-4.14513419E-02
28 14 4.05479488E-03 1.28519209E-02 7.09709451E-03 6.48134070E-02 8.70541331E-02
28 15-3.71377094E-02 5.18469608E-02
29  1 7.62060913E-04-4.33159649E-03 2.69615401E-02-2.10774048E-03-1.43141561E-02
29  2 1.90692327E-02-5.91337664E-02 6.72556773E-03 2.84043044E-02-2.79079196E-02
29  3-4.68556371E-02-6.76400204E-03 5.25826444E-02-1.81085822E-02 1.91032029E-02
29  4 3.52728067E-02 6.73053419E-02-5.05576359E-02 1.04189985E-01 5.00448033E-02
29  5 4.98828684E-02-2.56141609E-02-9.93675018E-03 1.76304111E-02-3.93940994E-02
29  6-1.77510732E-02 3.54606652E-02 1.44329485E-02-1.32568072E-02-1.96795410E-02
29  7-2.00193054E-02 1.51572253E-02-1.68719133E-02 6.95086841E-02 1.53136487E-02
29  8-2.52799003E-01-3.46231616E-02 8.63882470E-02 2.52378128E-02-2.91803467E-01
29  9-8.31716580E-03-2.17530631E-02-1.78449990E-02-4.36471283E-02-1.50175815E-03
29 10 6.83760937E-03 2.98003958E-02 2.77404495E-02-1.05846485E-01-1.56749352E-02
29 11 2.53846885E-02 1.48601162E-02-1.27760036E-01-1.97980723E-03 3.97971892E-03
29 12 3.46786007E-01 2.35819791E-02-2.70998058E-01-1.37493077E-02 4.12005192E-01
29 13 3.87090280E-02-3.06910315E-01 6.33862183E-03 1.12229124E-02-1.73738115E-02
29 14 7.12962361E-02-5.91795371E-03-1.82535822E-02-1.65393555E-02-2.45800162E-02
29 15 5.44872906E-02-6.11277976E-02
30  1-3.99580866E-04 2.29898070E-03 9.10994623E-03 5.60162996E-02-3.32636234E-02
30  2-1.07705256E-02-1.90071353E-02-1.22905672E-01 7.31536746E-02 2.16096372E-02
30  3-2.51490969E-02-1.02364733E-01 4.68773391E-02-1.79060274E-02 1.79171554E-02
30  4 3.36398691E-02 6.25056889E-02-5.66325492E-02 1.22278741E-01 1.22120371E-02
30  5 1.68204990E-02-7.97818224E-02 3.38035510E-03 3.47064517E-03-1.04371815E-01
30  6-4.79816793E-02 2.51003491E-02-2.24226846E-02-9.32589673E-03 6.13228344E-02
30  7 8.57060863E-02 7.29152270E-03-2.22633812E-03 3.40031595E-01 1.96266065E-01
30  8 2.33374797E-01-5.66988580E-02 3.91973372E-01 2.35379917E-01 2.67370310E-01
30  9-1.47534674E-02-7.24704651E-02-1.70943172E-02-5.23377352E-02-1.30250102E-02
30 10 3.20667390E-03-2.77482061E-02 1.79901680E-01 4.87632434E-02 1.18147514E-01
30 11-3.73424014E-02 2.04589680E-01 8.30467301E-02 2.92575196E-03-1.29216006E-03
30 12 2.85076979E-02 1.90533421E-02-2.95876702E-02-1.93723018E-02 4.14796152E-02
30 13 2.35504068E-02-3.39328358E-02 9.89858486E-03 2.07804828E-03 6.05577505E-03
30 14 1.05010410E-02-2.02502345E-02-6.54976440E-02-1.25085399E-01-1.78813191E-01
30 15 1.97317544E-02 2.62070300E-02
 $END   
 $GRAD  
E=     -762.3138019072  GMAX=   0.0067897  GRMS=   0.0018781
CL          17.   -1.9094211579E-04    2.4190839828E-04    6.9120856854E-05
C            6.    1.1460639841E-04   -2.8864013014E-04   -3.5257263266E-04
C            6.   -1.4530699966E-04    6.6585975298E-05    1.2054053211E-06
O            8.   -5.2856883878E-05   -1.3265730426E-04   -9.0343890688E-05
H            1.    1.4992458466E-06    1.3902648808E-04    1.7852129764E-04
H            1.    1.0734990103E-04    3.2810640062E-05    6.6745546882E-05
O            8.    2.1437960810E-03    6.7708878583E-03   -4.3821598236E-03
O            8.   -3.0679315755E-04   -1.3438455401E-04    3.0285585535E-05
H            1.   -2.0208408926E-06    7.8583697574E-05    4.6392385935E-05
H            1.   -1.6954932641E-03   -6.7897406606E-03    4.2763605978E-03
H            1.   -4.4634652149E-05   -1.0011884965E-05    2.4638765581E-04
H            1.    1.4281927307E-05   -7.9188092345E-05    8.6406096920E-06
H            1.    5.6514602894E-05    1.0481962648E-04   -9.8583529590E-05
 $END
----- RESULTS FROM SUCCESSFUL RHF      GEOMETRY SEARCH -----
----- COORDS, ORBS, GRADIENT, AND APPROX. HESSIAN -----
 COORDINATES OF SYMMETRY UNIQUE ATOMS (ANGS)
   ATOM   CHARGE       X              Y              Z
 ------------------------------------------------------------
 CL         17.0   3.1010033139   0.7088054259   0.4044113725
 C           6.0   2.7444695413   0.1236972471  -1.3496935183
 C           6.0   3.3598691081   1.0914540717  -2.3363697624
 O           8.0   2.6936662925   2.3213022295  -2.2840254762
 H           1.0   1.6605297455   0.1138660673  -1.4375749274
 H           1.0   3.1820081503  -0.8661399125  -1.4323270817
 O           8.0   3.2387927132   0.4797184614  -3.6829770849
 O           8.0   3.7514815745   2.8095233869  -4.5382045290
 H           1.0   3.1623356730   3.1496593193  -5.2486733892
 H           1.0   3.6565368994   1.7918471547  -4.4977212702
 H           1.0   2.2779149963   0.3147212031  -3.8605284283
 H           1.0   4.4419668332   1.1524094929  -2.1988218420
 H           1.0   3.0717281676   2.8428179943  -3.0901621347
--- OPTIMIZED RHF      MO-S --- GENERATED AT 10:10:23 30-JUL-2026    
E=     -762.3138019072, E(NUC)=  315.7496521101
 $VEC   
 1  1-9.85802665E-01-5.34291398E-02 2.06521014E-05 4.01418695E-05 1.72981768E-04
 1  2 1.87719697E-02-6.00667780E-05-1.23146137E-04-6.48846731E-04-1.02700558E-02
 1  3 2.38553798E-04 4.67228387E-04 1.79392353E-03 3.27813108E-05 4.21228910E-04
 1  4 3.57328016E-06 1.96541031E-05 1.46305771E-04-7.72656571E-04-1.19967535E-05
 1  5-3.44878396E-04 1.44290149E-03-7.84507343E-05-6.27350932E-04 2.48626870E-05
 1  6-1.81967449E-05-3.41403819E-04 1.94195080E-03-6.06781856E-04 2.98549350E-05
 1  7 1.80037594E-03 1.91803973E-05 1.36819129E-04 2.06359847E-05-1.34803758E-05
 1  8-2.79922599E-05-6.52093637E-04-1.59614810E-04 2.94236058E-04-1.05511401E-04
 1  9-1.52618651E-04 8.36407606E-04-2.07594613E-04 7.55719627E-04-1.28628114E-05
 1 10-1.27131794E-04-2.05658370E-05-1.27053158E-05-4.61886817E-05 4.93990197E-04
 1 11 1.13392859E-04 9.63909892E-05 2.37374423E-04 1.41489773E-06 8.00346736E-06
 1 12 9.01332262E-07 2.91233876E-06-2.54872228E-05-6.53434042E-05 1.37440666E-06
 1 13 1.17310216E-05 7.70453609E-05 3.33749505E-05-2.99566058E-05-4.20562695E-05
 1 14 2.36388839E-04 2.39851235E-05 4.20470994E-05-2.93776411E-04 2.87176538E-04
 1 15 4.19973413E-05-1.72188471E-05
 2  1 9.05158506E-06-6.11262091E-05-1.52845078E-05-3.53577611E-05 6.36132431E-05
 2  2 9.63750294E-04 8.65875322E-05 2.09507920E-04-4.40061506E-04-1.44645589E-03
 2  3-2.82160151E-04-7.31353551E-04 1.51424463E-03-2.61246018E-04-8.81877919E-04
 2  4 2.96188830E-04 2.50786759E-04-8.06434658E-04 7.85619741E-03 7.52605432E-04
 2  5 2.13501719E-03-3.75640107E-03 1.12787524E-03 4.81708012E-03 8.79919591E-05
 2  6 2.15583321E-05 1.46493739E-03-2.50126344E-02 4.49395168E-03 5.84426408E-03
 2  7 8.52575687E-03-5.36205450E-03-1.92085375E-03 1.10411188E-04 3.39190928E-04
 2  8 3.71599378E-04 5.03310181E-03 2.13960875E-04-3.38197726E-03-2.31109596E-03
 2  9-9.99044782E-04 7.86974124E-04-3.84809973E-04-4.48157996E-05-9.82600710E-01
 2 10-1.04945929E-01 2.01108125E-03-1.61992500E-03-2.10982127E-03 5.06655264E-02
 2 11-3.76342604E-03 5.40081133E-03 7.63214505E-03-5.62239891E-03-1.82703611E-03
 2 12-1.22427178E-04 5.51207433E-04-3.21507249E-05 3.97267084E-03 2.47469791E-04
 2 13-2.93946294E-03 2.70540834E-04-3.46542095E-04 1.29555825E-03-6.12373260E-04
 2 14-6.18650512E-03-3.41029916E-03-4.66677363E-03 1.53710558E-03 1.39023083E-03
 2 15-4.61242457E-04 9.98220306E-04
 3  1 6.42453718E-06-5.09626601E-05-2.18691114E-05 2.49470334E-05 4.02755860E-05
 3  2 4.69441186E-04 1.49174238E-04-1.24703900E-04-2.44163241E-04-5.74005449E-04
 3  3-6.73125863E-04 4.41527998E-04 3.51214885E-04 2.00337106E-04 7.16920826E-04
 3  4-5.40508557E-04-5.62405657E-04 4.52217618E-04-6.31104695E-03 3.22625923E-03
 3  5-3.88670679E-03 2.24074508E-03-9.11915640E-04-3.67527098E-03-2.98103813E-04
 3  6 2.01849328E-03-1.98962492E-04 2.30652185E-02-1.01677269E-02 8.58502003E-03
 3  7-5.64605904E-04 9.56544521E-01 1.03024241E-01 2.58451872E-03-1.77585335E-03
 3  8-2.21250292E-03-5.32081747E-02-7.30449137E-03 7.04371175E-03 5.94599558E-03
 3  9 8.98292393E-04 1.85315955E-03-4.90712341E-04-1.96852164E-04-6.08960885E-03
 3 10 9.44346171E-04-2.27766147E-04 5.33914778E-04 4.80721579E-05-4.84258613E-03
 3 11 1.40628435E-03-3.52932048E-03-1.83555833E-03 2.25291833E-01 2.48055688E-02
 3 12-6.59845843E-04-3.35544717E-04 4.80637322E-04-1.27214607E-02 1.83947565E-03
 3 13 9.98999263E-04-2.52402354E-03 8.65336779E-04 3.93288755E-04 9.91082772E-04
 3 14 1.56571395E-03 9.29130937E-04-1.50093632E-03-8.56826583E-04 1.99713809E-04
 3 15 3.13864741E-03 9.52322344E-03
 4  1 1.14499976E-06-9.46496809E-06-1.52616691E-05 1.05739406E-05 7.33627232E-06
 4  2 8.07153111E-05 8.64027418E-05-5.08527401E-05-4.81479740E-05-6.13184432E-05
 4  3-2.24664023E-04 9.82286037E-05 3.41657562E-05 3.96505594E-05 3.63425099E-05
 4  4-7.46887190E-05-2.39506636E-04 2.18235351E-04-1.43052941E-03 4.38773116E-04
 4  5-7.57945660E-04 4.26625714E-04-3.12422213E-04-1.51381569E-03-1.02384161E-04
 4  6 5.03588131E-04 2.54688057E-05 7.52181629E-03-2.73068500E-03 2.54063359E-03
 4  7-7.05802500E-04 2.25131843E-01 2.29911053E-02 5.36123384E-04-9.31820738E-04
 4  8-2.18263908E-04-8.64767390E-03-1.12866123E-03 4.00348240E-03-5.97208611E-04
 4  9 2.21534047E-04 3.67659398E-05-1.32903787E-04 1.90517381E-04 4.07520440E-03
 4 10-3.63132954E-04-3.88872089E-04-4.07986270E-04 5.84371291E-04 1.16949336E-03
 4 11 1.54632876E-03 1.49638130E-03-2.72170698E-03-9.56226633E-01-1.00267432E-01
 4 12 2.09729279E-03 1.71333700E-03 1.22396824E-03 4.30311513E-02-4.34057169E-03
 4 13-4.50702963E-03-2.19533537E-03-2.91403831E-03-5.69480007E-03-2.31485240E-03
 4 14-1.05419709E-02-2.90865191E-04 1.05803554E-03-5.80216615E-04 6.77187465E-04
 4 15 4.91872155E-04-4.70894024E-03
 5  1-7.55762154E-05 9.77471268E-05 6.08707130E-06-4.29389646E-05 2.12050931E-04
 5  2 2.17112837E-03-5.14207424E-05 2.84235600E-04-1.44687585E-03-2.81391879E-03
 5  3 5.95001513E-04 1.14069694E-04 2.18013761E-03 9.89749791E-03 4.18497419E-03
 5  4 2.04075273E-04 2.76601679E-04-6.78462647E-05-2.59210207E-02-6.82357718E-03
 5  5-1.00054163E-02 1.24121492E-02-9.86570317E-01-1.10670954E-01 1.75473140E-04
 5  6 8.08298100E-04-7.13343005E-05 8.58817332E-02-2.42654645E-03-1.01240979E-02
 5  7 6.17454653E-03 4.98980318E-05 4.33661771E-04-3.62714500E-04-1.36676641E-04
 5  8 2.48544622E-04-7.89652985E-03 3.80418084E-04 3.46180808E-03-1.33515886E-03
 5  9 1.53404548E-03-1.41380513E-03 1.60034236E-03-1.30901179E-03 1.94202682E-04
 5 10 9.34058034E-04 3.25185125E-05-3.34935015E-04-1.69791886E-04-9.83871980E-03
 5 11-4.82055607E-04-6.68344688E-04-5.03147667E-03-5.46581906E-05-4.52094140E-04
 5 12-6.89311964E-06-1.09299157E-04 8.72210898E-05 1.72303396E-03-1.60697715E-04
 5 13-3.44046184E-05 1.09902202E-04-4.86841164E-04 8.04760044E-04 4.20501535E-04
 5 14-2.44765463E-03 6.49761421E-04-3.24447834E-03 1.78782049E-04-1.68028021E-02
 5 15 7.12617455E-05-3.46412946E-03
 6  1 2.18420529E-05 1.76496618E-04-6.47323945E-05-1.03943702E-04-3.28170042E-04
 6  2 2.14737677E-03 3.86282391E-04 6.19461005E-04 1.88849149E-03-1.30693289E-02
 6  3 1.34849623E-03 2.25047400E-03 8.66968238E-03-9.86478153E-01-1.11897363E-01
 6  4-3.30995394E-04-5.84726735E-04-1.12849547E-03 8.97402761E-02 3.10372641E-03
 6  5 5.11972476E-03-2.32151212E-03-9.22839292E-03 1.80160358E-03-2.59068509E-04
 6  6-2.91959444E-04 6.44060452E-06-2.27469917E-02 5.56060870E-03 9.03267947E-03
 6  7-8.87987109E-03-3.62227276E-05 1.10351511E-05-6.37720817E-05-5.44923293E-04
 6  8 3.75474965E-04 1.30252025E-03 2.73440418E-04 6.26440996E-04-8.56203359E-04
 6  9 6.87241752E-05-1.55049788E-02 1.38569307E-04-1.54746525E-02-2.17189437E-05
 6 10 1.00808290E-04-2.00611939E-04-1.76468870E-04 4.44785932E-04 1.01251415E-03
 6 11 5.18487428E-04 4.98672780E-04-1.35531665E-04-2.32579258E-05-1.83403279E-04
 6 12 5.40158494E-05-4.07198134E-05 9.88066674E-05 7.79547660E-04-2.33948999E-04
 6 13-4.44122449E-05-2.50683159E-04-3.19654019E-04 3.31414223E-04 1.01754415E-04
 6 14-1.47785370E-03 5.30325720E-04-2.63124157E-04 1.31465464E-03-9.08653308E-04
 6 15-5.25799743E-04-1.34578128E-03
 7  1 3.05120677E-01-9.77064164E-01 1.68023451E-03 3.02768195E-03 8.45317677E-03
 7  2-1.54303689E-01 6.45846923E-04 1.24800005E-03 5.19579728E-03 6.77616176E-02
 7  3-1.72205831E-03-3.29579569E-03-1.20188096E-02-4.36913694E-06-1.69555618E-03
 7  4 5.58446795E-05-4.21125181E-06-4.36409430E-04 2.29881193E-03-3.29200661E-04
 7  5 1.44957577E-03-9.60490096E-03 4.65278628E-05 3.27088655E-03-1.54164765E-04
 7  6 1.25409053E-04 1.94766687E-03-1.03631532E-02 3.59621893E-03-2.88832497E-04
 7  7-1.03917837E-02-9.73608354E-05-6.59034116E-04-8.79158230E-05 8.05398726E-05
 7  8 1.33495864E-04 3.54360346E-03 8.35720820E-04-1.66541521E-03 6.10859469E-04
 7  9 9.77891367E-04-5.04724737E-03 1.29458487E-03-4.54005133E-03 7.49682701E-05
 7 10 6.88791629E-04 1.06404226E-04 5.21488803E-05 2.64427091E-04-2.97477514E-03
 7 11-6.48498974E-04-5.36716508E-04-1.56853198E-03-8.50185591E-06-5.15767914E-05
 7 12-5.67489276E-06-8.99154143E-06 1.24944341E-04 4.01183933E-04-1.63011811E-06
 7 13-1.00348720E-04-4.09859307E-04-1.80439007E-04 1.92458026E-04 2.28258982E-04
 7 14-1.41792817E-03-7.39991352E-05-4.13542619E-04 1.60657539E-03-1.94877678E-03
 7 15-1.89496663E-04 7.49833244E-05
 8  1 3.24988783E-03-1.10025966E-02-1.80822331E-01-2.97709698E-01-9.06031530E-01
 8  2 3.16931010E-03-1.65516660E-02-2.73133633E-02-8.43867385E-02-4.61720936E-03
 8  3 5.32212958E-03 8.97447249E-03 2.89767050E-02 7.11292534E-04 4.39973269E-03
 8  4 2.20692071E-05 1.12036727E-04 3.65067542E-04-9.20599330E-03-1.30033434E-03
 8  5-3.18559527E-03 2.96490450E-03-3.79009783E-04-2.74408405E-03-8.91431895E-06
 8  6-9.68898430E-05-9.17914350E-04 1.07584518E-02-2.13436255E-03-8.20595016E-04
 8  7 8.50287551E-03 6.73723486E-05 3.90905872E-04 1.11974206E-04 8.08246188E-05
 8  8-1.14823180E-04-2.45313973E-03-8.03234078E-04 8.16502741E-04-2.91214826E-04
 8  9 2.48040511E-04 3.92483522E-03 5.88882452E-05 3.56113416E-03-3.59408363E-05
 8 10-2.85156422E-04-7.84356165E-05-1.15805860E-04-1.05709246E-05 1.66704611E-03
 8 11 4.39280028E-04 6.60687960E-04 3.27496152E-04 6.33896402E-06 3.73834822E-05
 8 12-4.52248200E-06 2.28645581E-05-8.28856315E-05-2.98762789E-04 3.40457028E-05
 8 13-1.39571602E-06 2.69099200E-04 1.40217870E-04-1.38976975E-04-2.12405677E-04
 8 14 9.87249567E-04 3.17789388E-04-3.36968049E-04-1.19610191E-03 3.56662996E-04
 8 15 2.10135326E-04 2.39293519E-04
 9  1 3.10653145E-06-5.79217469E-05 7.23514079E-01 5.59236167E-01-3.27961627E-01
 9  2 4.56284408E-04 6.48853573E-02 5.01830622E-02-2.99141836E-02 2.14297187E-04
 9  3-2.03348279E-02-1.58438752E-02 9.19966129E-03 1.94519928E-05 1.29234712E-04
 9  4-4.29073853E-05 8.61936307E-05 5.19529844E-04-6.83626725E-04 9.68857052E-04
 9  5-9.25864390E-04-2.19483200E-03-9.94381327E-05-9.90930800E-04 9.90467970E-05
 9  6-1.29716095E-04-8.84741159E-04 8.78892538E-04-1.01355914E-03 2.07775072E-03
 9  7 5.06731617E-03 3.24805800E-05 1.65698492E-04 7.27935602E-05 2.23919248E-05
 9  8-8.62147508E-05-1.37833974E-03-5.69183280E-04 4.51498814E-04-2.05392919E-04
 9  9 6.54416310E-04-1.78236806E-03-3.76708063E-06-1.02731370E-03-5.44906995E-05
 9 10-3.94890731E-04-9.14760947E-05-9.94776016E-05-8.08848233E-05 2.07740856E-03
 9 11 5.06558528E-04 6.63975823E-04 9.68716023E-04-1.22412158E-06-1.62726402E-05
 9 12 1.25963312E-05 1.43980844E-05-3.96993832E-05-2.63188157E-05-3.79589428E-05
 9 13-2.41867155E-05 1.46248181E-04 3.57697601E-05-3.25619941E-05-6.74017943E-05
 9 14 3.45343713E-04-4.43657196E-06 5.28431845E-04-1.01864161E-03 2.31107781E-03
 9 15 1.49781223E-04-1.26571490E-04
10  1 5.17804999E-05-1.59513829E-04 6.22638708E-01-7.36471676E-01 1.17678478E-01
10  2-7.52968416E-05 5.56850623E-02-6.59251923E-02 1.06776113E-02-2.08581906E-04
10  3-1.69452336E-02 2.03522336E-02-3.19293466E-03 1.47111497E-08-2.61899581E-05
10  4-4.38570330E-05-1.72362511E-05-1.65366756E-04-2.39429443E-04 1.30646752E-03
10  5-1.08054104E-03 1.02315250E-03 4.96252308E-05 6.10916415E-04 1.94806563E-05
10  6 2.12677768E-04 2.06525170E-04-1.35460442E-03-1.18036242E-03-9.21779845E-04
10  7-9.13656324E-04 1.42647572E-06 1.13918672E-04-6.27577845E-05-1.16868970E-04
10  8 3.93892962E-04 2.15411481E-04 4.03185536E-04 3.02951205E-04-1.15285583E-03
10  9 5.90659585E-04-1.29070186E-03-7.61581659E-04 2.01307132E-03 1.55386566E-05
10 10 1.36501717E-04 1.32855524E-05-3.11579057E-05 4.95414039E-05-5.48481154E-04
10 11 1.72942462E-05 8.90970752E-05-2.73210072E-04-8.12882130E-06-7.06427251E-05
10 12 1.61466841E-06 5.70572112E-06-2.77598524E-05 2.14903599E-04-1.96649177E-05
10 13-5.18700846E-05 1.22120266E-04-1.55162115E-05 8.12973912E-05 2.54120050E-05
10 14-2.21348203E-04-5.02184422E-05 1.41444335E-04 5.88020159E-06 1.58502977E-03
10 15-3.00248965E-04-3.89458276E-04
11  1-1.83593629E-03 1.04181907E-02-3.15188552E-04-1.80967527E-04-3.41844684E-03
11  2-1.44556319E-02 5.37457872E-04 2.13737923E-04 7.07446041E-03-3.76637111E-03
11  3-8.60933436E-04 3.68438399E-04-2.50039803E-03 2.47292377E-02-2.19403308E-02
11  4-7.36877983E-03-1.54176344E-02 1.91892805E-02-5.09577410E-02 1.04939017E-02
11  5-7.77396521E-03 6.41540335E-03 9.81695095E-02-1.07025314E-01 3.56365693E-02
11  6-1.86113534E-02 4.86028923E-02-1.54210407E-01-1.31684421E-02 7.97136660E-03
11  7-6.84118806E-04 1.17234571E-01-1.05052956E-01-4.00128261E-02 3.94923453E-02
11  8 3.27317507E-02-3.57103025E-01-4.34841987E-02 4.14861782E-02 4.40812851E-02
11  9-5.76350217E-03 5.39563084E-03-7.70029603E-03 2.61355596E-04 1.65598830E-01
11 10-1.51536846E-01 5.03340795E-02-2.77968024E-02-4.57290585E-02-5.05744964E-01
11 11 5.43623700E-02-4.09807407E-02-4.98746767E-02 4.33519968E-02-3.79497245E-02
11 12 1.29725126E-02 1.38198721E-02 2.73679857E-03-1.33820553E-01 1.56794350E-02
11 13 1.68626834E-02-3.95572576E-03-1.73350810E-02-6.32075962E-03-3.44885392E-02
11 14-7.31023802E-03-7.50385782E-02-1.18232271E-02-2.66813852E-02 1.23097147E-02
11 15-4.82183085E-02-2.93965896E-03
12  1 1.47487056E-03-8.39780722E-03 3.89347904E-04-4.25091849E-05 1.79955122E-03
12  2 8.60269609E-03-9.10651561E-04-4.85630345E-04-2.13154523E-03 6.29452031E-03
12  3 2.13988875E-03 3.38696025E-03-2.05112115E-03-2.16362504E-03 1.59004326E-03
12  4-1.22403001E-03 9.03373959E-03 5.48017320E-03 4.76471516E-03-6.41564634E-03
12  5 1.74149263E-02 1.24808063E-02-1.80668040E-02 1.66488181E-02-2.65704082E-02
12  6 9.33769223E-02 5.09051448E-02 3.14371753E-02 6.58010568E-03 6.04805202E-03
12  7-2.18114029E-03-1.53895413E-01 1.41599707E-01 4.89899431E-02-2.52427176E-02
12  8-3.82359034E-02 4.82602264E-01 5.53799039E-02-3.22289775E-02-4.08741776E-02
12  9 7.92264439E-04-2.42481053E-03 4.70005893E-04 3.11909498E-03 1.48673905E-01
12 10-1.39321565E-01 5.31406581E-02-2.92761037E-03-2.44187566E-02-4.73502079E-01
12 11 4.81225628E-02-6.82765737E-03-3.83668572E-02-9.06613870E-02 8.26081487E-02
12 12-2.78629136E-02-1.35896795E-02-1.45734808E-02 2.85436894E-01-2.93050217E-02
12 13-1.84274858E-02-9.52529452E-03 4.57379993E-02 1.18226513E-02 2.67752944E-02
12 14-3.16418651E-03-8.11281796E-02-1.35678425E-02 2.63801848E-03-6.56131703E-03
12 15 7.45708497E-02 1.67007017E-02
13  1-2.12831251E-03 1.21568841E-02-4.38094153E-04-2.49784186E-04-2.97999773E-03
13  2-1.52114683E-02 9.30126902E-04 6.93890565E-04 5.56335662E-03-7.62843936E-03
13  3-1.39404094E-03-1.60092319E-03 2.70287769E-04 1.26738929E-02-1.31311347E-02
13  4-2.51628444E-03-1.04747013E-02 4.19584284E-03-1.56041894E-02 8.99243511E-03
13  5-5.08474492E-03-8.43412487E-03 3.75439178E-02-4.17793767E-02 2.40499930E-02
13  6-4.47211638E-02-1.30531521E-02-6.96112918E-02 3.11567957E-03 1.16486273E-02
13  7-1.45559030E-02 9.66239594E-02-8.86007942E-02-2.93486883E-02 2.85324434E-02
13  8 1.62718103E-02-3.06862669E-01-3.45907560E-02 2.80630857E-02 2.10631499E-02
13  9-4.37150017E-03 2.87965683E-03-4.66519507E-03-3.61061880E-04-2.71147757E-02
13 10 2.38716962E-02-6.39849013E-03 4.15218847E-03-8.43515587E-03 9.13211951E-02
13 11-3.46058583E-03 7.20761742E-03-6.64802694E-03-2.05693569E-01 1.92007138E-01
13 12-5.89450529E-02-4.13690525E-02-4.93409813E-02 6.36737800E-01-5.96048898E-02
13 13-4.73177553E-02-4.58528994E-02 1.08103172E-01 2.36240347E-02 9.56784345E-02
13 14 1.49047924E-02 1.30712898E-02 6.06572276E-03-1.10395879E-02 6.49170819E-03
13 15-1.66084044E-02 6.18093569E-03
14  1-6.37488298E-02 3.67806766E-01-8.42895609E-03-1.47659093E-02-4.53966376E-02
14  2-4.69182550E-01 1.72206925E-02 2.97622775E-02 9.19549275E-02-3.15581442E-01
14  3 1.08409233E-03 4.23020740E-03 8.31977535E-03 1.26289580E-01-1.08310959E-01
14  4-1.74905527E-02-2.49626570E-02-4.12007265E-02-3.86149205E-01-2.05082894E-02
14  5-2.44543083E-02-4.12263173E-02 3.44161744E-02-4.02707918E-02 6.38447235E-03
14  6 4.61859147E-02-5.37908662E-02-4.79060617E-02-5.08066254E-03 5.54881031E-03
14  7 9.30712706E-03-3.47865324E-02 3.15888394E-02 9.89711531E-03 1.30034819E-02
14  8-2.35628386E-02 1.18558525E-01 1.06031569E-02 3.33569683E-03-2.25779129E-02
14  9-5.23632116E-02 1.36739560E-02-5.28783858E-02 1.65839772E-02-2.12177452E-02
14 10 1.87527261E-02-1.11035596E-02 4.11498117E-03-1.17092181E-02 7.89841401E-02
14 11-9.80064574E-03 8.39752162E-03-3.99642237E-03 9.13953768E-03-8.51996280E-03
14 12 2.02090507E-03-2.52533934E-04 6.41153162E-03-3.17968687E-02 1.47763191E-03
14 13 5.94389411E-04 7.05350491E-03-6.79589943E-03-3.06251540E-03-1.13730935E-03
14 14 7.69838913E-03 1.48074852E-02 5.37048881E-03-2.00790218E-02 2.76643270E-03
14 15 2.42480556E-02 1.21377370E-02
15  1 4.74173374E-02-2.76252793E-01 1.13946839E-04-3.86761385E-04-1.30706186E-02
15  2 3.41125361E-01-1.01948532E-03-1.21639538E-03 2.41305209E-02 3.31647346E-01
15  3-3.67245777E-03-4.29587907E-03-1.28060892E-02 1.23610712E-01-1.26925589E-01
15  4-1.97173171E-02-1.94510204E-02 1.06358780E-01-3.32029813E-01-5.55757927E-03
15  5 1.00262631E-02 3.15372396E-02 1.14795793E-01-1.14771469E-01 8.25643156E-03
15  6 8.62792674E-02-7.04786323E-02-3.20713807E-01 2.98707658E-03 4.35456432E-02
15  7-3.21670585E-02-4.82404580E-02 4.17751984E-02 3.77372685E-03 5.99316171E-02
15  8-4.29384036E-02 1.89690563E-01 8.52391996E-03 3.26181899E-02-3.61525322E-02
15  9-6.94981591E-02-5.87829256E-03-7.33060634E-02-2.96913133E-04-4.72256555E-02
15 10 4.20433452E-02-4.76364215E-02-6.40641932E-03-7.30710696E-02 1.85263397E-01
15 11-4.17033281E-02 1.10573714E-03-4.63247788E-02 1.04551443E-02-9.32584685E-03
15 12 1.42526464E-03-5.23781615E-03 1.46181359E-02-4.09204647E-02-4.22718599E-04
15 13-2.18805938E-03 1.29779484E-02-1.23770975E-02-7.06779982E-03 6.02820591E-03
15 14 1.71027256E-02 5.30754276E-02 3.43485815E-02-6.54252136E-02 7.10825127E-04
15 15 5.10400121E-02 3.27808502E-02
16  1-1.79821942E-02 1.05635178E-01 1.42584348E-02 1.62844339E-02 2.60293490E-02
16  2-1.31656402E-01-2.84835218E-02-3.29144322E-02-5.04813571E-02-1.49819065E-01
16  3-1.38437027E-02-1.24395378E-02-1.24806818E-02-1.07436423E-01 9.54464640E-02
16  4-8.44946224E-02-7.42322359E-02 1.45618080E-02 4.03098697E-01-4.40611595E-02
16  5-2.16605181E-02-9.79987018E-03 1.20668647E-01-1.17633741E-01-1.28315142E-01
16  6-1.77345973E-02 5.72337828E-02-4.31193805E-01-8.57094352E-02 8.03734038E-03
16  7 1.37802795E-02-4.68454726E-02 4.22549620E-02-4.53063600E-02 6.81439944E-02
16  8-2.09785302E-02 1.89649391E-01-3.35283540E-02 4.96757013E-02-1.79992264E-02
16  9 1.10595566E-01 3.69832118E-02 8.53063026E-02 2.82927472E-02-1.65984117E-02
16 10 1.49382917E-02-1.44037817E-01-7.94258358E-02-1.15346116E-01 7.99156690E-02
16 11-1.24876862E-01-6.91066310E-02-8.97856596E-02-3.91979127E-04 1.43302505E-03
16 12-9.35297709E-03 1.74946317E-02-3.71762937E-03-3.79650642E-03-1.05017565E-02
16 13 1.74429149E-02-7.48269071E-03 8.49678534E-03 4.46175158E-03-1.50956731E-02
16 14-2.40888092E-03 1.13971003E-01 7.57105754E-02-1.34854089E-01-3.21258335E-02
16 15 4.07077518E-02 3.98186726E-02
17  1-5.10947888E-03 3.02439620E-02 1.95459390E-03 2.59150888E-02 1.09794927E-02
17  2-3.56560713E-02-3.90080732E-03-5.32152283E-02-2.16305127E-02-5.61379218E-02
17  3-1.52550087E-03-2.89848723E-02-1.52966512E-03-4.30590269E-02 3.33930755E-02
17  4 1.37447349E-02-1.57791207E-01 4.61051203E-02 2.12390155E-01 3.71368171E-02
17  5-9.06184453E-02 2.04698875E-02 3.82455904E-02-4.20264467E-02 1.48834068E-01
17  6-7.33426576E-02-1.11035869E-01-1.33018170E-01 1.19489972E-01-3.13814663E-03
17  7-1.08491527E-01-1.47211880E-03-1.38315441E-03 1.94862043E-02 1.96017535E-01
17  8-1.36724513E-01 1.86585905E-02 1.86528305E-02 1.66697069E-01-1.20684322E-01
17  9 2.12136914E-02 7.91476108E-03 1.07638196E-01 4.95615005E-02-1.27468968E-02
17 10 1.07693598E-02 1.55603916E-01 6.60964269E-02 3.90327962E-02 4.88168926E-02
17 11 1.41315011E-01 6.18765419E-02 3.21660007E-02 1.05433778E-02-1.21264672E-02
17 12 3.48304978E-02-1.06217741E-01 1.24766800E-01-3.73773055E-02 2.74526540E-02
17 13-9.46226044E-02 1.21064038E-01-1.01697952E-01-6.80169249E-02 7.55617337E-02
17 14 6.23262387E-02-1.00307851E-01-6.16349695E-02 3.65921351E-02 2.28696748E-02
17 15 1.38473844E-01 1.01718891E-01
18  1-3.33796463E-03 1.97782345E-02 1.57336143E-02-5.25061959E-03 1.55118502E-02
18  2-2.30190949E-02-3.28153683E-02 1.09956012E-02-3.18612187E-02-4.08253413E-02
18  3-1.66464458E-02 9.94328319E-03-1.02886064E-02-7.93156794E-03 5.10844086E-03
18  4-9.23384612E-02 7.02586283E-02 2.18978869E-02 5.64386133E-02-6.45423004E-02
18  5 7.16097528E-02 2.56890305E-02-4.13802164E-03 3.96707445E-03-8.63358332E-02
18  6 1.09023982E-01 3.71686403E-02 2.83506964E-03-4.40861463E-02 8.71763260E-02
18  7-1.27936059E-02 2.11366991E-02-1.82326873E-02 9.85367160E-03-1.45727828E-01
18  8 6.11585420E-02-9.09930939E-02 6.00758770E-03-1.29427628E-01 5.24156447E-02
18  9 5.73490243E-02 2.99006834E-02-5.27807544E-02-3.17363365E-02 8.17611230E-03
18 10-9.60512973E-03 1.20336056E-03 9.31170159E-02-1.09641634E-01-3.26731659E-02
18 11 3.66314743E-03 9.73080813E-02-1.12618388E-01 1.21349673E-03-2.22400365E-03
18 12 1.00490418E-01-2.76418857E-01 1.21371294E-01-2.09623076E-03 8.86146760E-02
18 13-2.54837468E-01 1.11739335E-01-1.67373114E-01-1.21942066E-01 1.87286518E-01
18 14 1.59094409E-01-2.00895333E-03 6.71965523E-04-3.47276085E-02-1.92940647E-02
18 15-7.14867471E-02-7.52209338E-02
19  1-7.28031093E-03 4.30165075E-02-2.80928433E-02 4.86208446E-03 4.45531072E-02
19  2-5.38050073E-02 5.83745001E-02-1.04535823E-02-9.33828209E-02-6.95973951E-02
19  3 4.05012548E-02-2.18372799E-04-5.02780278E-02-3.70377382E-03-1.71453799E-03
19  4 1.99564764E-01 6.27061991E-03 3.37976593E-02 2.63107097E-02 1.57870717E-01
19  5 7.38313591E-03 2.14988237E-02-4.73817924E-03 6.49225539E-03 1.73888265E-01
19  6 3.09558832E-02 2.21394110E-01 1.01330277E-02 1.54352000E-01 3.24364584E-02
19  7 1.51430155E-01-6.26456680E-03 4.81785375E-03 6.33037156E-02 6.82861535E-02
19  8 6.42867033E-02 2.89845739E-02 5.86560466E-02 5.99811908E-02 6.11502139E-02
19  9-1.17645393E-01-7.22552035E-02 4.53051118E-02 2.56214573E-02-6.59420925E-03
19 10 7.21619972E-03-1.08234442E-01-1.19662756E-01-2.17847631E-01 2.80605991E-02
19 11-9.82340767E-02-1.17859921E-01-2.10262905E-01-1.35500995E-03 2.39981486E-03
19 12 2.29507919E-02-5.00704268E-02 3.13281223E-02 1.93494076E-04 2.23102938E-02
19 13-4.15561315E-02 2.54312335E-02-3.56894332E-02-2.90986127E-02 3.20878411E-02
19 14 3.97805546E-02 1.19598877E-01 9.65981141E-02 1.21107309E-01 6.49256879E-02
19 15 1.22415502E-02 1.53422827E-02
20  1-9.90138068E-03 5.87237860E-02 4.06631466E-02 4.13171913E-02 6.14945655E-02
20  2-7.36720524E-02-8.57230069E-02-8.75525671E-02-1.28380442E-01-1.10290413E-01
20  3-4.90123389E-02-4.61858273E-02-6.83371333E-02-1.08942520E-02 3.25190846E-04
20  4-1.33294541E-01-9.85778861E-02 1.87958398E-01 9.45185262E-02-1.11361471E-01
20  5-3.99829808E-02 1.57134162E-01 1.53797337E-02-1.14725744E-02 1.30313888E-01
20  6 2.27268722E-01-5.83458675E-02-4.41182192E-02 1.43739675E-01 1.35516198E-01
20  7-4.42948005E-02 7.02238898E-05-3.70701566E-03 9.06180215E-02-9.31429332E-02
20  8 7.00647202E-02 2.22329976E-02 8.66852424E-02-9.86852760E-02 7.06409885E-02
20  9 8.29703172E-02 4.53549109E-02 2.30964939E-02 2.69477281E-02-4.27099725E-02
20 10 3.94176170E-02 1.26386231E-01 5.79074346E-02-1.17408934E-01 1.78436797E-01
20 11 1.24821505E-01 5.38763904E-02-1.17828682E-01 2.15967220E-02-1.57974490E-02
20 12-5.90753175E-02 1.00527231E-01-1.38852955E-01-1.04345708E-01-5.36555117E-02
20 13 1.01685867E-01-1.33986298E-01 1.09366597E-01 7.92571453E-02-4.11189870E-02
20 14 3.90433451E-03-4.76302064E-02-2.42255797E-02 6.80233460E-02 3.48511568E-02
20 15-6.91034213E-02-8.75886291E-02
21  1 3.10037295E-03-1.83974444E-02-4.96071345E-02 4.87010255E-02-3.95002672E-02
21  2 2.07487920E-02 1.04582344E-01-1.02481039E-01 8.42427897E-02 3.72056914E-02
21  3 6.82871188E-02-7.13931559E-02 4.87718279E-02 5.53563487E-03-1.19744860E-03
21  4 1.93900074E-01-2.54785087E-01-4.31312514E-04-3.39485768E-02 1.87966876E-01
21  5-2.29446309E-01 7.55391336E-03-3.58987977E-04 8.15437034E-04-1.07576615E-01
21  6 9.83234379E-02-8.56812134E-02 5.06123945E-03-1.23299374E-01 6.06790031E-02
21  7-5.74972772E-02-6.95936042E-03 5.52546087E-03-1.02941639E-03-1.84190931E-01
21  8 2.08964575E-02 2.95228021E-02 3.02329150E-03-1.76605908E-01 1.13407843E-02
21  9-1.31988778E-01-7.60925489E-02 2.04958555E-01 1.34418879E-01 1.69442254E-02
21 10-1.67575064E-02-4.85997498E-02 7.53302904E-02 3.05272119E-02-6.86564333E-02
21 11-4.94022146E-02 7.91877640E-02 3.08090436E-02 5.36097059E-03-5.00831434E-03
21 12 6.26532952E-03-4.80052789E-02-6.33976100E-02-1.96225085E-02 4.49469318E-03
21 13-5.24063685E-02-6.42329115E-02 1.21518076E-02 1.04705535E-02 2.67700226E-02
21 14 2.05619489E-02 3.43798205E-03-4.33353490E-03-7.05395234E-02-4.06557669E-02
21 15-8.81940586E-02-1.07084440E-01
22  1-2.39948987E-03 1.42672520E-02-1.36557378E-02-1.13022635E-02 3.55884982E-02
22  2-1.95446229E-02 2.97236192E-02 2.20832831E-02-7.39984252E-02-2.69673660E-02
22  3 1.78829927E-02 2.74526649E-02-5.03962947E-02-5.09845809E-03 4.78554668E-03
22  4 1.08281019E-01 6.15122340E-02-1.04220705E-02-1.31732713E-02 6.36530768E-02
22  5 8.44980563E-02 9.77205110E-03 4.35863049E-02-4.49777740E-02-7.92002803E-02
22  6-1.28755709E-01 5.76407579E-02-1.46501057E-01-5.42861933E-02-1.23665236E-01
22  7 6.64754223E-02-7.22563616E-02 6.17956842E-02-1.67481221E-01 5.99770952E-02
22  8 1.46453547E-01 3.28634781E-01-1.66947380E-01 5.76469363E-02 1.57375893E-01
22  9-7.13034963E-02-6.19423901E-02-3.34073929E-03 2.85357496E-02-6.09953956E-02
22 10 5.39679251E-02 2.61991384E-01-3.99073672E-02-2.84991086E-02 2.70291545E-01
22 11 2.74621583E-01-4.65767243E-02-3.00549834E-02 1.61312960E-02-7.41791247E-03
22 12 2.28804970E-03-6.81349323E-02-1.13124218E-01-9.34359728E-02 7.42239376E-03
22 13-5.87760825E-02-1.33385407E-01 2.98414117E-02 7.04723788E-03 4.95736085E-02
22 14 9.34961802E-02-1.36464491E-01-1.05356304E-01-9.37332308E-02-5.97018160E-02
22 15-7.26005888E-02-5.70453483E-02
23  1-1.13175385E-02 6.74870371E-02 6.04625631E-03 4.80207626E-02 1.82551954E-01
23  2-6.74239621E-02-1.38713368E-02-1.01981287E-01-3.90088717E-01-1.86602098E-01
23  3 2.57606490E-03-6.01332242E-02-2.20703936E-01-8.60139439E-03-8.15883066E-03
23  4 1.39970627E-01 1.48454687E-01 1.64386982E-01 1.04687557E-01 1.65052136E-01
23  5 1.35888266E-01 1.84689506E-01-5.07831207E-04 7.19510820E-03-1.02279015E-01
23  6-2.79512248E-02-4.89838400E-02-3.66908177E-02-1.08922358E-01 4.42463279E-03
23  7-8.71190128E-02 2.72558425E-02-2.23364361E-02-1.88456439E-02-2.06712516E-02
23  8-1.18256152E-01-1.29973471E-01-1.94303151E-02-1.85999420E-02-1.26807497E-01
23  9-1.09783458E-01-8.82025325E-02-6.42698186E-02-7.94176980E-02 8.54895366E-03
23 10-8.99761585E-03-5.07291375E-02 1.33866764E-01 6.29310515E-02-3.71367562E-02
23 11-5.88757617E-02 1.50348838E-01 6.39342230E-02 2.63895745E-03-5.26169381E-03
23 12-4.34041090E-02 5.40441236E-02 4.56988864E-02-4.09487768E-03-5.27894518E-02
23 13 4.99121489E-02 5.82220143E-02 6.75436994E-03 1.44971722E-02-2.38916666E-02
23 14-3.37960711E-02-7.05955349E-03-1.36776273E-02-7.13583795E-02-5.57535146E-02
23 15 4.79634188E-02 4.66815664E-02
24  1 1.94911065E-03-1.14609056E-02-2.18374114E-02-3.66716104E-02-2.85751323E-02
24  2 2.05052112E-02 4.63201246E-02 7.93368262E-02 6.01812714E-02 5.80460345E-03
24  3 3.83612191E-02 5.74745183E-02 5.39298095E-02-1.26424899E-02 2.12715815E-02
24  4-4.28497265E-03 4.21189669E-02-7.64960988E-02 2.52510116E-02 2.00734299E-02
24  5 1.31245473E-02-3.40962974E-02-1.23115457E-02 9.38196310E-03 3.79436756E-02
24  6-6.09111406E-02 2.61521374E-02 6.25490358E-02-1.88741978E-02-1.67237577E-02
24  7 2.82026797E-02 9.27863492E-03-1.06335742E-02-2.46007026E-02 8.58746152E-02
24  8-1.08883119E-01-3.45621952E-02-3.26306750E-02 1.10032336E-01-1.40776522E-01
24  9 2.62916315E-02 3.30127268E-02-1.35781791E-02-4.05912858E-02 2.79695560E-02
24 10-2.69550096E-02-7.39600364E-02 1.82731240E-01-8.89099147E-02-1.24767851E-01
24 11-7.86534789E-02 2.17054783E-01-1.06756126E-01 8.14071056E-02-7.30068594E-02
24 12-2.55672075E-01-1.46770016E-01-1.95770050E-01-3.58724333E-01-2.95811633E-01
24 13-1.71308145E-01-2.01797982E-01 1.20729346E-01 1.06930891E-01 8.46232786E-02
24 14 9.71951254E-02 2.52429928E-02 3.89745153E-02 4.27002883E-02 2.93274987E-02
24 15 4.29188027E-02-2.53424921E-02
25  1 2.42964082E-03-1.42643902E-02-8.09739410E-02-6.86206696E-02-3.34308933E-02
25  2 2.40541632E-02 1.73072387E-01 1.48644775E-01 7.14160628E-02 1.14735322E-02
25  3 1.41549965E-01 1.08820393E-01 6.08537927E-02-2.80402478E-02 2.92076481E-02
25  4 3.77829078E-02 3.71573823E-02-1.14291481E-01 1.60146553E-01 5.23629740E-02
25  5 5.79964631E-02-1.04744810E-01 3.29382306E-03 4.85338096E-03-1.43998364E-01
25  6 5.51958249E-02 9.99826927E-02-7.04314410E-02-2.58560788E-02 4.94431091E-02
25  7 4.67420305E-03 4.64436317E-02-4.02243912E-02 1.18860709E-01-1.04406145E-01
25  8-1.13516030E-01-2.07105045E-01 1.31746901E-01-1.27953668E-01-1.20511962E-01
25  9 2.40830170E-03-2.21696910E-02 2.56165242E-02 1.79544848E-02-4.10931066E-02
25 10 3.75164620E-02 1.82575948E-01 2.05552607E-02-2.12521617E-01 1.81057538E-01
25 11 1.90493030E-01 1.93392805E-02-2.45011881E-01 1.94224257E-03-1.10844603E-03
25 12-9.94712632E-02 1.52380405E-01 1.43026096E-01-2.32884623E-02-1.16449898E-01
25 13 1.76741611E-01 1.75966081E-01 1.16980566E-02 8.81959188E-03-4.49145926E-02
25 14 2.02913552E-02-7.92671269E-02-6.43727092E-02-9.55622752E-02-1.05994097E-01
25 15 6.86270492E-02 8.33368852E-02
26  1 1.89859815E-04-1.08848141E-03 1.18874339E-01 1.91083687E-01-7.64297772E-02
26  2 6.68926366E-03-2.56094618E-01-4.10660369E-01 1.63407041E-01-1.32840741E-02
26  3-2.14046824E-01-3.50952955E-01 1.50656783E-01 3.49701253E-03-5.24566879E-04
26  4 4.80236028E-02 8.87126111E-02-2.53238716E-02-3.44324637E-02 9.13599653E-03
26  5 4.75954019E-02 1.52901248E-02-2.31678214E-02 2.22262200E-02-6.15454712E-02
26  6-2.13553163E-02 9.29509081E-02 1.20317958E-01-2.12440261E-02-9.12475148E-02
26  7 3.40827558E-02 1.50163172E-02-1.56982424E-02 2.87085682E-02-6.01468415E-02
26  8-9.38350748E-02-4.84383065E-02 4.15190998E-02-7.36437434E-02-1.07827564E-01
26  9-4.32663191E-02-6.03890384E-02-4.97880099E-02-4.15806588E-02-7.16876433E-03
26 10 1.02043233E-02 7.22644727E-02-1.70955062E-01-4.14018743E-02 6.57893222E-03
26 11 7.60121177E-02-1.95098386E-01-6.74472988E-02 1.59293455E-02-1.52823968E-02
26 12-1.27120275E-01-6.13803548E-02 2.47488714E-02-6.69696063E-02-1.51989220E-01
26 13-6.81585288E-02 3.30082833E-02 1.37905039E-02 9.84574039E-03 1.97928352E-02
26 14 2.02813308E-02-1.87381708E-02-8.71065144E-03-1.89849236E-02-4.73486169E-02
26 15 3.73044958E-02 1.90258494E-02
27  1 2.49354422E-04-1.46648141E-03 2.20392525E-01-1.57568599E-01 1.10357656E-02
27  2 3.34362801E-03-4.74645756E-01 3.39461621E-01-2.40142788E-02-8.08706283E-04
27  3-4.06752357E-01 2.88926501E-01-1.82130390E-02-2.82868043E-03 1.80583822E-04
27  4 1.14245773E-01-6.60042995E-02-1.72252779E-04 3.31394576E-02 6.46676873E-02
27  5-3.01834516E-02-1.14495250E-02 1.04257753E-03 1.36944082E-03-3.54835274E-02
27  6 1.45214760E-02-3.33080764E-03-1.31806541E-02 1.92264702E-02 5.72280683E-03
27  7-9.92845531E-03 7.33098260E-03-9.33342156E-03 6.50854572E-02-2.41131239E-02
27  8-8.49850495E-04-1.85149029E-02 7.65160583E-02-3.51974027E-02 1.27005891E-03
27  9-9.45756545E-02-1.13258420E-01 9.16437301E-02 9.96859799E-02-1.03890819E-03
27 10-6.29804190E-04 8.12950177E-04-1.79746023E-02 1.46190314E-02 1.05647121E-02
27 11-5.33206212E-03-1.99790473E-02 1.76778216E-02 4.71512371E-03-4.91398573E-03
27 12-4.86863936E-02-1.60648270E-02 1.56662940E-02-1.76535527E-02-5.77814015E-02
27 13-1.95796131E-02 2.02586355E-02 5.09432482E-03 3.57558702E-03 5.49428698E-03
27 14-1.09081313E-03-5.78522508E-03-8.98157334E-03-3.92019976E-02-7.19233961E-02
27 15 7.99059624E-03 5.53658410E-03
28  1-7.90804978E-05 6.86795846E-04 7.51852725E-02 4.67565644E-02-7.30520965E-02
28  2 1.61222406E-03-1.61927080E-01-1.01242255E-01 1.58854576E-01-1.93529809E-02
28  3-1.37075431E-01-7.70949956E-02 1.43414942E-01-4.63594794E-03 1.57825538E-02
28  4 4.41435470E-02 3.00718633E-03-4.93842812E-02-3.17505249E-02 4.48525165E-02
28  5 6.47179459E-03 3.92518335E-02-9.94460071E-03 1.73855126E-03 5.58229707E-02
28  6-6.97331388E-02 5.05911497E-02 8.57860835E-02-4.35513705E-02-3.42480936E-02
28  7 3.67040243E-02-1.71836949E-02 2.22072860E-02-2.27245116E-01 3.14999017E-02
28  8 7.26867347E-02 2.80812741E-02-2.71663321E-01 4.02638044E-02 8.32525186E-02
28  9-1.82668227E-02 1.15801619E-02 2.14277865E-02 5.32672273E-03 4.47276141E-03
28 10-1.19456930E-03-3.67222961E-02 3.07545229E-01-1.66659313E-01-3.12699294E-02
28 11-3.23680492E-02 3.55515510E-01-2.01087538E-01-1.84553488E-02 1.98959125E-02
28 12 6.49863140E-02 1.86528158E-01 1.03168145E-01 6.05437866E-02 7.68643260E-02
28 13 2.15602362E-01 1.13405139E-01-1.74041845E-02-1.05891306E-02-4.14513419E-02
28 14 4.05479488E-03 1.28519209E-02 7.09709451E-03 6.48134070E-02 8.70541331E-02
28 15-3.71377094E-02 5.18469608E-02
29  1 7.62060913E-04-4.33159649E-03 2.69615401E-02-2.10774048E-03-1.43141561E-02
29  2 1.90692327E-02-5.91337664E-02 6.72556773E-03 2.84043044E-02-2.79079196E-02
29  3-4.68556371E-02-6.76400204E-03 5.25826444E-02-1.81085822E-02 1.91032029E-02
29  4 3.52728067E-02 6.73053419E-02-5.05576359E-02 1.04189985E-01 5.00448033E-02
29  5 4.98828684E-02-2.56141609E-02-9.93675018E-03 1.76304111E-02-3.93940994E-02
29  6-1.77510732E-02 3.54606652E-02 1.44329485E-02-1.32568072E-02-1.96795410E-02
29  7-2.00193054E-02 1.51572253E-02-1.68719133E-02 6.95086841E-02 1.53136487E-02
29  8-2.52799003E-01-3.46231616E-02 8.63882470E-02 2.52378128E-02-2.91803467E-01
29  9-8.31716580E-03-2.17530631E-02-1.78449990E-02-4.36471283E-02-1.50175815E-03
29 10 6.83760937E-03 2.98003958E-02 2.77404495E-02-1.05846485E-01-1.56749352E-02
29 11 2.53846885E-02 1.48601162E-02-1.27760036E-01-1.97980723E-03 3.97971892E-03
29 12 3.46786007E-01 2.35819791E-02-2.70998058E-01-1.37493077E-02 4.12005192E-01
29 13 3.87090280E-02-3.06910315E-01 6.33862183E-03 1.12229124E-02-1.73738115E-02
29 14 7.12962361E-02-5.91795371E-03-1.82535822E-02-1.65393555E-02-2.45800162E-02
29 15 5.44872906E-02-6.11277976E-02
30  1 3.99580866E-04-2.29898070E-03-9.10994623E-03-5.60162996E-02 3.32636234E-02
30  2 1.07705256E-02 1.90071353E-02 1.22905672E-01-7.31536746E-02-2.16096372E-02
30  3 2.51490969E-02 1.02364733E-01-4.68773391E-02 1.79060274E-02-1.79171554E-02
30  4-3.36398691E-02-6.25056889E-02 5.66325492E-02-1.22278741E-01-1.22120371E-02
30  5-1.68204990E-02 7.97818224E-02-3.38035510E-03-3.47064517E-03 1.04371815E-01
30  6 4.79816793E-02-2.51003491E-02 2.24226846E-02 9.32589673E-03-6.13228344E-02
30  7-8.57060863E-02-7.29152270E-03 2.22633812E-03-3.40031595E-01-1.96266065E-01
30  8-2.33374797E-01 5.66988580E-02-3.91973372E-01-2.35379917E-01-2.67370310E-01
30  9 1.47534674E-02 7.24704651E-02 1.70943172E-02 5.23377352E-02 1.30250102E-02
30 10-3.20667390E-03 2.77482061E-02-1.79901680E-01-4.87632434E-02-1.18147514E-01
30 11 3.73424014E-02-2.04589680E-01-8.30467301E-02-2.92575196E-03 1.29216006E-03
30 12-2.85076979E-02-1.90533421E-02 2.95876702E-02 1.93723018E-02-4.14796152E-02
30 13-2.35504068E-02 3.39328358E-02-9.89858486E-03-2.07804828E-03-6.05577505E-03
30 14-1.05010410E-02 2.02502345E-02 6.54976440E-02 1.25085399E-01 1.78813191E-01
30 15-1.97317544E-02-2.62070300E-02
31  1 2.12483380E-02-1.31086876E-01 3.45653532E-02 5.48814380E-02 1.66927435E-01
31  2 1.67242530E-01-7.68929373E-02-1.21945219E-01-3.69179811E-01 4.67021866E-01
31  3-1.42341247E-01-2.31047101E-01-7.03294428E-01 9.24426983E-02-6.46850588E-02
31  4-6.40162910E-02-1.13174724E-01-3.58239836E-01-7.02785435E-01-1.29914021E-01
31  5-2.13402601E-01-7.36848989E-01-1.05350801E-02 1.52823828E-02-3.69943345E-02
31  6-6.26899303E-02-6.34750684E-02-1.82414359E-02-3.58445306E-02-4.74852881E-02
31  7-9.02314968E-02-3.48414322E-03 6.06267483E-04 3.01150694E-02 1.93992486E-03
31  8 3.28911565E-02 2.99192275E-02 4.52309491E-02 6.55442397E-04 4.84890255E-02
31  9-4.57582479E-03 5.74840476E-02 1.22119266E-03 5.19599838E-02 3.80296944E-02
31 10-3.03859474E-02 5.00773440E-02 1.19104485E-02-1.14346239E-01-2.54332637E-01
31 11 7.97423129E-02-3.65901062E-03-1.56044052E-01 7.98457913E-03-4.33975984E-03
31 12 3.78249958E-03 3.06744491E-02 9.08178211E-03-6.33972201E-02 9.43182869E-03
31 13 4.99354346E-02 1.32781598E-02 6.52039020E-03 2.27710140E-02 1.45542354E-02
31 14 7.89986864E-02 1.20595250E-02 1.49777209E-01 2.07408870E-02 1.05737145E-01
31 15-1.10745507E-02-1.66507100E-02
32  1-5.61668276E-03 3.48912281E-02-8.21248734E-03-1.07617337E-02-3.06987125E-02
32  2-4.76663402E-02 2.03145716E-02 2.35455119E-02 6.50385908E-02-1.36246030E-01
32  3 1.84801008E-02 4.85110861E-02 2.04462409E-01-1.27766616E-02-4.35216390E-03
32  4 9.86233792E-02 7.98402092E-02 1.16297046E-01 1.39663441E-01 2.69091126E-01
32  5 3.31372142E-01 1.28594719E-01 5.67097777E-03 8.00940712E-03-9.96480283E-03
32  6-1.53028178E-02-1.38994200E-01-2.16849034E-01 7.72844589E-02 3.03451700E-02
32  7-3.28040550E-01 9.87163145E-03-1.61768498E-02 2.55375230E-02 4.25532453E-03
32  8 8.58507117E-02-3.13662515E-02 2.09165527E-02-2.89654105E-02 1.44769582E-01
32  9-2.04297746E-02 2.70705220E-01-5.53620941E-03 1.45921751E-01 9.08067125E-02
32 10-6.22886910E-02 1.88084475E-01-3.72913736E-02 4.06889319E-02-7.39693555E-01
32 11 3.61028583E-01-5.28567722E-02 5.70601974E-02 6.12039032E-02-4.22574316E-02
32 12 8.62083250E-02 4.11629040E-02 6.81513634E-02-4.83714981E-01 1.63593719E-01
32 13 5.09420172E-02 1.31434591E-01 6.64715626E-02 4.98575862E-01 4.90224368E-02
32 14 2.31483647E-01 1.43535229E-01 9.14051774E-01-4.73771844E-02-3.37948094E-02
32 15 5.75215830E-03 9.17638976E-02
33  1 3.12252163E-03-1.77564372E-02-1.12961796E-02-1.35952477E-02 6.15504032E-03
33  2 1.00958906E-01 3.13205857E-02 2.84016950E-02-2.59343204E-02-1.76569522E-01
33  3-2.70768498E-03 8.69915134E-02 1.21276165E-01-5.83893803E-02 2.89061818E-02
33  4 8.86769012E-02-9.52658197E-02 2.14221419E-02 7.38166758E-01 2.81766875E-01
33  5-3.06049032E-01 8.87393297E-02-3.88085394E-02 3.75550721E-02 1.42769957E-01
33  6-1.16314885E-01-1.50844831E-01 4.19679933E-01 4.29789000E-01-1.98206846E-01
33  7-3.06917319E-01-5.73964057E-02 3.67888386E-02 6.10805218E-02 1.41742664E-03
33  8-2.08123631E-02 4.62647557E-01 1.00997105E-01-3.64425430E-02-5.57646811E-02
33  9 2.20920921E-02 1.09704517E-01-9.16144873E-02-8.92106097E-01 4.65667632E-02
33 10-2.19054707E-02 6.89955322E-02 1.27364924E-02-1.03806549E-01-4.29842230E-01
33 11 1.00629922E-01 7.94042195E-03-1.96577026E-01-6.77604848E-02 4.70285810E-02
33 12-1.07940262E-01 3.86791122E-02-3.82421345E-02 5.35787731E-01-2.04566102E-01
33 13 5.55478969E-02-8.99348083E-02-7.84224319E-02-5.72892286E-01-2.69310324E-02
33 14-1.49368464E-01 8.37985856E-02 3.61847116E-01-3.12937440E-02-6.73481537E-01
33 15-9.19098481E-02-4.10034485E-01
34  1-4.91999402E-03 2.87257696E-02 5.78534043E-03 1.92625433E-03-8.48466890E-03
34  2-1.23982050E-01-8.15165533E-03 1.96772680E-03 2.88360557E-02 1.47604694E-01
34  3-7.96784986E-02-6.79816574E-02-7.23836594E-02 1.20368731E-01-5.67399802E-02
34  4 1.53959359E-01 1.04545597E-01 2.30230563E-02-1.61236609E+00 5.58775808E-01
34  5 2.81878171E-01 4.68323733E-02 2.50755808E-02-3.31682382E-02 4.57508898E-02
34  6 1.70780293E-02 1.46612744E-01-1.34371970E-01 1.49828090E-02-4.75605344E-02
34  7 3.39671347E-01-2.15609047E-03-2.98934762E-03 3.81671134E-02-2.28513806E-02
34  8-6.08017307E-02 4.10920683E-02 4.30488223E-02-5.72683656E-02-9.96567014E-02
34  9 1.00440665E-01 1.37242167E+00 3.92746642E-02 7.29213771E-01-2.10736974E-02
34 10 1.81019238E-02 6.64808351E-02 9.48890220E-02 8.65620189E-02 1.36067287E-01
34 11 1.27262143E-01 1.69793375E-01 1.78942042E-01-4.08131811E-02 2.61928590E-02
34 12-5.35805946E-02-1.71824922E-03-7.02577640E-02 3.35967452E-01-1.15621154E-01
34 13 1.37612123E-03-1.33280225E-01-6.44356372E-02-4.14155214E-01-2.71773232E-02
34 14-1.27499422E-01 1.85921253E-02 2.39755160E-01-4.40900541E-02-9.83768456E-02
34 15 1.76116886E-02 2.13224986E-02
35  1 3.01536947E-03-1.88290685E-02-3.18983318E-03 1.22867214E-03 1.44730920E-02
35  2 2.75533149E-02 1.78064626E-02-5.72445117E-03-3.03548444E-02 7.44274140E-02
35  3-8.71693055E-02 2.72270483E-02-1.18418817E-01 2.57370436E-02-1.10298305E-02
35  4 1.33499266E-01-1.78002683E-01-2.89502438E-02-3.08778818E-01 4.57537573E-01
35  5-6.76144456E-01 1.03783892E-02-2.61725629E-02-2.32493656E-03 1.61047476E-01
35  6-5.24254733E-02 1.54768200E-01 5.70470763E-01 3.43141134E-01-1.29661338E-01
35  7 4.09570489E-01-1.74797853E-02 1.33322792E-02-1.51948043E-02-9.12925538E-02
35  8-1.47582832E-02 1.18945874E-01-2.70005815E-02-1.46534239E-01-5.74124949E-02
35  9 9.22129117E-02 7.92428935E-01-7.51535398E-02-8.81411470E-01-3.26637117E-02
35 10 2.03890720E-02-8.08740183E-02 2.00361107E-03 4.96858464E-02 2.84189453E-01
35 11-1.58834908E-01 3.75845342E-02 7.38997336E-02 5.14913522E-02-3.02668161E-02
35 12 9.93560321E-02-3.27054650E-02 1.26699528E-01-4.57007091E-01 1.77095337E-01
35 13-6.03324551E-02 2.23666601E-01 7.67850694E-02 6.61940825E-01 3.92990612E-02
35 14 1.21207794E-01-5.87732914E-02-2.80745654E-01-5.74423767E-02-7.61265971E-01
35 15 1.14388985E-03 2.42584374E-02
36  1-3.59802428E-03 2.23658115E-02 1.60801759E-02-7.22373006E-03-1.38685381E-02
36  2-4.68709525E-02-4.17452030E-02 1.27437832E-02 3.42330052E-02-5.95939463E-02
36  3-3.48371960E-02 7.09039559E-02 9.83214264E-02-2.47464257E-02 1.21186169E-02
36  4 1.31968680E-01-3.83335944E-02 2.46344966E-02 2.19318184E-01 7.02116638E-01
36  5-1.25896930E-01 7.03224157E-02 1.21149494E-01-8.72759363E-02-1.92611810E-01
36  6-1.51451698E-01-9.69569302E-02-1.42041008E+00-7.19221991E-01-3.17875174E-01
36  7-3.33687689E-01-4.95944216E-02 3.41620758E-02 1.38943304E-01-9.00853654E-02
36  8 1.35648091E-02 3.98360736E-01 2.83261587E-01-1.64753112E-01 2.57602401E-02
36  9 5.73719290E-02 6.29923572E-01-7.22288212E-02-6.13110014E-01-7.44053415E-03
36 10 6.91799283E-03-5.65744215E-02 2.21653898E-03-9.34452920E-03 5.89723177E-02
36 11-7.32139906E-02-1.22738070E-02-3.52363105E-02 4.10694855E-03-2.28656076E-04
36 12-1.66284916E-02 2.65339533E-02 3.15127256E-02-5.30294219E-02-8.65521478E-03
36 13 4.96056699E-02 5.59956826E-02 1.61691699E-02 2.38721239E-02 1.14944518E-02
36 14 1.42328097E-01-3.58160133E-02-2.74582078E-01 6.39186093E-02 1.54252222E+00
36 15-3.21074999E-02-1.59556277E-01
37  1-8.26579030E-04 3.93959285E-03 2.11484441E-02 1.69417059E-02-8.92589481E-03
37  2-5.20608371E-02-5.85240310E-02-5.07911918E-02 3.08633462E-02 1.74970787E-01
37  3-1.99219378E-02 2.98233466E-02-1.55271575E-01-3.05604140E-02 2.46077525E-02
37  4-1.39958072E-02-1.98103192E-01-1.34038436E-02 4.18920527E-01-8.28240234E-02
37  5-8.77955491E-01-1.26404721E-01 4.87862043E-02-5.22328338E-02-7.91653224E-02
37  6 1.14732977E-01 2.92364061E-01-3.32727103E-01-4.06168789E-01 3.00710913E-01
37  7 8.47905387E-01 3.75427345E-02-1.43340813E-02-5.18966180E-02-4.02620831E-02
37  8-2.10125611E-02-3.88210626E-01-1.05287766E-01 1.82723571E-03-5.07185697E-02
37  9-5.09398876E-02-3.32578654E-01-4.22288960E-02-9.98163847E-01-2.46717575E-02
37 10 1.16486708E-02 1.73132241E-01 9.17187236E-02 2.04057032E-01 2.25842684E-01
37 11 3.34741072E-01 2.08563671E-01 4.44510880E-01-5.44924092E-03 4.67941853E-04
37 12-1.17890568E-02 1.55866864E-02-8.70550022E-02 6.34634708E-02-3.93694524E-02
37 13 4.90917385E-02-1.59312477E-01-5.40393718E-02-2.78103438E-01-3.93967457E-03
37 14 7.15872051E-02 5.25985821E-02 5.75734093E-01 3.26696952E-03 4.83905335E-01
37 15 5.69022222E-02 3.44783285E-01
38  1 4.03046468E-03-2.44697723E-02 1.72882557E-02 3.38248301E-02-7.70237046E-03
38  2 7.21070308E-02-3.93128926E-02-8.81329100E-02 1.66760228E-02 2.48268445E-02
38  3-1.15963126E-01-1.04992239E-01 1.96773970E-04-1.01615080E-01 1.83818412E-02
38  4 1.78979673E-01 9.34442920E-02-1.86868363E-01 1.53995928E+00 8.43986440E-01
38  5 7.15601370E-01-1.06581098E+00 9.81269026E-02-4.40683602E-02 1.48768955E-01
38  6 3.37902532E-01-1.11261178E-01-1.43768873E+00 4.91453341E-01 1.29751754E+00
38  7-7.37232163E-01 1.33941944E-02-1.50359086E-03-9.17213376E-02 3.47613522E-02
38  8-3.04239164E-03-1.76347268E-01-2.03311988E-01 8.59434226E-02 3.68343904E-02
38  9 3.84680422E-02 2.99840604E-01 4.12688660E-02-3.04249043E-01-3.49953386E-02
38 10 2.62778319E-02-4.44335406E-03-5.62074385E-03 6.18881288E-02 2.86709087E-01
38 11-1.94251921E-02-4.02649169E-02 1.75370605E-01-1.14112085E-02 2.07133795E-03
38 12-4.03069796E-03-6.00809363E-02-5.99692240E-03 1.38167670E-01 1.54272521E-02
38 13-1.48918160E-01 4.08302871E-02 4.79095839E-02 1.06971886E-01-5.24253037E-02
38 14-3.83546753E-01-1.07509608E-03-5.53745969E-02-1.78246805E-02-7.37435147E-02
38 15-3.48802551E-02-1.66882820E-01
39  1-3.23769996E-03 1.96334127E-02-8.80981046E-03-6.71284453E-03-1.82272183E-03
39  2-6.12240951E-02 2.96455616E-02 1.15468906E-02 5.55487034E-03 3.55811386E-03
39  3-4.45303158E-02 8.74993113E-02 2.21054775E-02 3.27036460E-02-6.65527642E-03
39  4 1.61752756E-01-1.22461392E-01 6.36776628E-02-4.31102509E-01 4.93282982E-01
39  5-5.04818590E-01 3.20627102E-01-1.15239521E-01 1.00782423E-01-2.04325142E-01
39  6 6.28744187E-02-2.04470277E-01 9.65225983E-01-6.50283567E-01 1.80149803E-01
39  7-2.07683020E-01 1.00392344E-01-6.26958543E-02-9.58665583E-02 9.31463286E-02
39  8 1.58682163E-01-9.05786538E-01-2.09804490E-01 2.50235561E-01 3.02493373E-01
39  9-9.72445995E-03 7.28834027E-01-7.49500785E-04-5.34774796E-01 2.03976568E-02
39 10-1.60005522E-02-4.43420109E-03-1.25904541E-01-1.89592605E-01-1.51662510E-01
39 11-1.15302344E-02-2.02397851E-01-3.27704462E-01-2.21946830E-04-9.47675069E-03
39 12 1.16655728E-02-6.38943134E-02-1.34743580E-01 7.85891801E-02 1.83908227E-02
39 13-9.68042879E-02-2.22296208E-01-2.62784205E-02-1.75529550E-01-5.13007976E-02
39 14-2.79571696E-01-5.30415386E-02-2.27345854E-01 3.63201892E-03 1.51371830E-01
39 15 8.95602424E-02 6.93364640E-01
40  1 1.24308194E-04-5.15703145E-04 4.41013920E-03-6.42165599E-03 4.46209271E-03
40  2 9.08028148E-03-1.62497264E-02 1.74941314E-02-1.16653908E-02-3.70418564E-02
40  3 3.70770739E-02 1.97118266E-02 1.78581158E-02 9.86512503E-03 2.81421372E-03
40  4-4.86262772E-02-1.82244816E-02 9.50732186E-03-1.32951159E-01-1.39407779E-01
40  5-1.00919610E-01 1.84063755E-01-8.75113333E-03 1.33550371E-03-6.99850961E-02
40  6-8.52798059E-02 2.12928345E-02 9.84611917E-02-1.89295717E-01-1.62733643E-01
40  7 3.37551745E-02-1.30931611E-02 1.42312519E-02 4.42186735E-02 8.93117322E-03
40  8-3.37079845E-02 8.28054487E-02 7.09270948E-02 1.85018686E-02-5.84046289E-02
40  9-2.03960518E-02-1.35381723E-01-8.71576902E-04 3.18704684E-02-2.45555414E-02
40 10 3.72313678E-02 1.35217708E-01 1.45463861E-01-1.24030596E-01 8.35451227E-02
40 11 2.26821661E-01 2.54659206E-01-1.74791195E-01-4.94629879E-02 4.00606514E-02
40 12 6.34188102E-02-3.16906463E-01 1.00560793E-01 3.99031304E-01 1.14859209E-01
40 13-6.33080224E-01 2.31329751E-01 9.14129603E-02 6.32091551E-01-2.07810975E-01
40 14-1.34126591E+00 6.77602268E-02 3.07583959E-01 2.78175434E-02 2.53078001E-01
40 15-1.24882936E-02-7.05529279E-02
41  1 4.48897288E-03-2.64129856E-02-1.07685174E-02 8.61292122E-03 5.81151927E-03
41  2 1.11698933E-01 3.10813672E-02-2.56656315E-02-1.72339293E-02-1.37136472E-01
41  3 1.26528728E-02-9.87956571E-03 6.39911566E-02-3.22401254E-02-5.94513893E-03
41  4-4.72803871E-02 5.86988387E-03-3.32476981E-02 4.55282105E-01-1.76590000E-01
41  5 5.20813964E-01-1.41596865E-01 8.12143933E-02-5.66200871E-02 2.15354778E-01
41  6-1.60968228E-01-3.32696281E-02-8.32746031E-01 7.21914556E-01-5.76145530E-01
41  7-2.40624772E-01-3.64303686E-03-1.42161260E-02 2.01289971E-02-3.40024983E-01
41  8 1.62623979E-01 1.29488998E-01 6.22112338E-02-7.40282260E-01 3.46581014E-01
41  9 2.33396030E-02-2.96711760E-01-8.71075641E-03 2.23018246E-01-4.12463702E-03
41 10 1.07523148E-02-3.61387388E-02 7.58063104E-02-9.33160204E-03-5.53830053E-03
41 11-7.51566397E-02 1.14354104E-01-3.50796214E-02 1.16979095E-02-2.33394363E-02
41 12 3.56008482E-02-7.28196125E-02-1.74821533E-01-6.12933573E-03 4.20066480E-02
41 13-1.00739167E-01-2.80813425E-01-4.66273757E-02-1.78387517E-01-5.16194771E-02
41 14-2.57327360E-01 3.98509406E-02-1.67907099E-03-8.76007337E-03-3.13792047E-01
41 15 1.89740591E-01 1.14330282E+00
42  1-6.34006866E-02 3.79780236E-01 3.70282367E-02 5.57950278E-02 1.12159371E-01
42  2-1.70261287E+00-1.20068420E-01-1.80888707E-01-3.64199096E-01 1.80135811E+00
42  3 5.97965768E-02 8.87601594E-02 1.23489766E-01 9.84954595E-04 2.51493704E-03
42  4-3.10018842E-02 1.33556348E-02-1.14981936E-01-8.11568867E-02-1.19654591E-01
42  5-2.02035989E-01-2.97771381E-01 9.46747133E-03-5.62316673E-02 8.64997195E-02
42  6-7.38288989E-02-2.18752481E-01 5.65600965E-02 1.14774021E-01 1.14937280E-01
42  7 2.49820888E-01-4.48933604E-03 6.37370002E-03-4.14506531E-03-4.72372189E-02
42  8-3.05351590E-02-6.15371753E-03-1.31010000E-02-3.54230283E-02-2.96785515E-02
42  9-7.14183537E-02-1.24676675E-01-1.02399224E-01-6.70112104E-02 1.21273268E-03
42 10-1.82423279E-02-1.11475857E-02-3.58088816E-03-5.13162967E-02 9.44420893E-02
42 11-1.49300616E-02 1.36595624E-02 1.87274324E-02-7.54830393E-04 2.78215114E-03
42 12-6.65252419E-04-4.70610162E-03 5.83404703E-03-5.80255362E-03-8.28743137E-04
42 13-3.24361039E-04 2.38848250E-03-1.74461831E-03 1.88471724E-03-9.24568455E-03
42 14 2.38278721E-02-2.83326552E-02 1.13567461E-02-7.73573774E-02-1.13989293E-01
42 15-7.67271821E-03 1.26768083E-03
43  1 1.59458441E-03-6.17727059E-03-1.57851918E-01-7.83157694E-02 2.51977541E-01
43  2 1.53418615E-01 5.39851241E-01 2.65120462E-01-8.76533652E-01-4.82185284E-01
43  3-4.39760882E-01-1.48170661E-01 1.17952918E+00-1.30192909E-03-7.17491526E-02
43  4 4.15022916E-02-9.39381000E-02-1.90650209E-01 4.77971758E-01 1.53282183E-01
43  5 4.02538125E-01 4.88408631E-01 3.00728404E-03 3.24745926E-02-5.98956802E-02
43  6 1.51494998E-01 3.81619043E-01-1.49047954E-01-9.93185354E-02-1.23308959E-01
43  7-4.78707946E-01 2.04396430E-03-5.89239670E-04 9.53470190E-03 4.65759468E-02
43  8 4.35523941E-02 2.98679339E-02 1.46079513E-02 2.82309706E-02 6.44536334E-02
43  9-4.72190141E-02 1.21390885E-01 8.61531350E-02 7.93320118E-02-5.81478036E-03
43 10 3.85764385E-02 1.41312222E-02 1.99596986E-02 9.65117158E-02-1.42975305E-01
43 11 1.77111895E-02-2.77752056E-02-1.75699693E-02 1.10234113E-03-5.09772790E-03
43 12 8.08933359E-04 5.27465060E-03-1.39976701E-02 1.47992672E-02 3.51603896E-03
43 13-7.34319946E-03 1.19204243E-03 1.45344514E-02-6.05876143E-03 5.72821558E-03
43 14-5.03538552E-02 6.50873485E-02-4.10379377E-02 1.48982501E-01 1.21485700E-01
43 15 1.91188976E-02-1.02920313E-02
44  1-1.43397245E-03 7.65567609E-03-2.50521682E-01 2.15151719E-01-7.07298018E-02
44  2-6.90593808E-02 8.66442250E-01-7.43127052E-01 2.46637024E-01 1.62017068E-01
44  3-8.56324336E-01 6.91561084E-01-3.35172798E-01 2.36019513E-03 1.28614360E-02
44  4 6.97272017E-02-1.77704138E-02 7.02348039E-02-7.63182850E-02-9.95638579E-02
44  5-6.61068880E-02-1.58630574E-01 1.16832732E-02-5.06061389E-02 4.33441585E-02
44  6-1.77636555E-01-5.29222173E-02-2.44580843E-02-7.69136953E-02 1.76369867E-01
44  7 4.47680825E-02 1.39824935E-04-1.71387645E-03 3.87720644E-02-1.64366897E-02
44  8-7.65403091E-02-3.16828657E-02 2.72094942E-03 1.44172615E-03-9.78963489E-03
44  9-1.55869589E-01-2.08174751E-02 1.32186167E-01-2.31856861E-02 7.95712738E-05
44 10-5.46194521E-03-6.39299403E-04 2.37591022E-03-2.29000188E-02 3.92262838E-02
44 11 8.98354893E-03-1.27331899E-02 1.37357964E-02-1.73305468E-03 1.83842604E-03
44 12-2.23030337E-03 3.12773045E-03 9.57517567E-03 1.23504490E-02-3.34843890E-03
44 13-1.33573854E-04 2.25988331E-02 1.46521740E-02 2.66139302E-03-7.27476600E-03
44 14 1.83925006E-02-1.03912740E-02-4.38055249E-03 5.48004650E-02 5.68301845E-02
44 15 4.46267554E-02-1.29916273E-01
45  1-1.48770925E-02 8.53341435E-02-1.59517484E-01-2.46242602E-01-1.24971573E-01
45  2-5.64092273E-01 5.61089403E-01 8.66537003E-01 4.57773646E-01 9.81424936E-01
45  3-6.50962585E-01-1.01196572E+00-9.08059226E-01-1.90469337E-02 1.31561350E-01
45  4 9.25716473E-02 1.56082546E-01 3.52912286E-02-3.94783865E-01-2.13622938E-01
45  5-3.65947164E-01-6.55916357E-01 2.23176770E-02-7.32481409E-02 5.50137342E-02
45  6-9.43225821E-03-1.09767482E-01-2.80483920E-02 5.17207914E-02 1.65699888E-01
45  7 1.95974542E-01-3.82565664E-03 1.44200381E-02-1.93422791E-03-3.88559738E-02
45  8 2.55540931E-03-4.05723587E-02-2.19349188E-02-8.87584483E-03-2.12776198E-02
45  9-1.53807818E-01-1.60492580E-01-1.52393016E-01-1.57918076E-01-3.83252350E-03
45 10-5.97829737E-03 9.39645147E-05 1.64553788E-02-2.57621298E-02 9.77728303E-02
45 11-7.67844665E-03 1.66816385E-02 2.89421710E-02-5.48123720E-04 2.11888776E-03
45 12-1.84037526E-03-6.32356069E-03 9.44563399E-04-3.06196706E-03 1.15559220E-03
45 13-3.67991718E-03-1.37830041E-03 1.52935866E-03-2.42859732E-03-1.20605726E-02
45 14 9.58897550E-03-4.21575350E-02 3.46980849E-04 2.47270537E-03-1.48531034E-02
45 15-2.04029383E-02 1.91595404E-02
46  1 4.71635328E-03-2.84095232E-02 6.79429964E-02-3.97424647E-02 3.34321794E-02
46  2 1.49696193E-01-2.58155739E-01 1.43904968E-01-1.27894594E-01-1.52160734E-01
46  3 3.82140241E-01-1.76617839E-01 1.51986496E-01 1.02955765E-03-2.81750364E-02
46  4 3.79171107E-01 2.85135074E-02 1.31936522E-02 4.43838691E-01-4.74530983E-01
46  5 7.53787125E-02-9.69601106E-02 2.83646010E-02-1.26423935E-01 3.33530308E-01
46  6-7.53686148E-01 9.98531274E-02 3.83068178E-02-4.56431240E-01 1.14694684E+00
46  7-1.66108887E-01-1.23155928E-03 5.22700597E-02 1.06937849E-01-1.10016183E-01
46  8-9.80421054E-03-4.02563507E-01-6.43687558E-02 1.23846303E-01 8.40892237E-04
46  9-2.79018188E-01-1.92262412E-02 2.45134706E-01-4.00492578E-02-1.48569741E-02
46 10 2.48912553E-02 2.17454659E-02-6.37954353E-02 2.41596584E-03 1.27864581E-01
46 11 2.85853775E-02-1.08769814E-01 8.38234278E-02 6.70642381E-04-1.20063075E-02
46 12 5.01033484E-03 3.12228004E-02-2.02864865E-02 4.68693305E-02-8.90479679E-04
46 13-1.89979851E-02 7.09441106E-02 1.02288877E-01-4.69606173E-02-3.46022478E-02
46 14 2.30400985E-02-9.81310844E-02 6.68310388E-03 2.25836647E-01 6.39388231E-02
46 15 1.25982539E-01-3.80323170E-01
47  1-7.02247244E-03 4.14266895E-02-1.76332410E-02-5.38290179E-02-1.35251176E-02
47  2-2.49337821E-01 7.74600242E-02 2.20366939E-01 5.32518922E-02 3.57890327E-01
47  3-2.25424395E-01-4.96760155E-01-9.29895018E-02 2.85096610E-02-7.07302605E-02
47  4-4.36165405E-01-7.69643339E-01 3.85285197E-01 9.03276133E-02 7.72262508E-01
47  5 1.36032306E+00-8.40229374E-01-2.33468126E-02 1.02688465E-01 2.14925074E-02
47  6-2.21626512E-01 1.29062014E-02-9.15120666E-01 1.44935580E-01 5.16791575E-01
47  7-3.07350147E-01 1.09559264E-02-3.47207274E-02 2.80087325E-02 6.90244617E-02
47  8-4.97640447E-02-3.43718585E-03-1.11944548E-02-1.95016767E-02 5.69349582E-03
47  9 1.93981755E-01 1.88067927E-01 2.93858019E-01 1.92113428E-01 3.14318648E-03
47 10-2.47415371E-02 4.75521719E-03-1.31532590E-02-5.69972049E-02 6.67263324E-02
47 11 1.12639392E-03-8.59367531E-03 5.49982214E-02 6.44414788E-04-7.85208728E-03
47 12 5.14797669E-03 1.89421290E-02-4.64321509E-03 3.18495252E-02-2.69667439E-03
47 13-4.40830948E-03 4.75509506E-02 6.20977147E-02-2.08718793E-02 8.96071810E-03
47 14-7.78799137E-04-1.72672609E-02 1.96379651E-02-4.10773268E-02-1.73878693E-02
47 15 1.61825922E-01-2.59750428E-01
48  1-8.27344536E-04 1.34844691E-03 2.90736374E-02 2.37982113E-02 2.75214114E-02
48  2-8.04952215E-02-1.16297536E-01-9.38758716E-02-1.22846759E-01 4.06783501E-01
48  3 1.15459772E-01-3.62988855E-03-1.16313930E-01-2.21835043E-02-3.76871889E-02
48  4 1.38261853E-01-3.31298956E-03 6.85197321E-01-2.72977439E-02-3.00853243E-01
48  5-4.87062979E-03-8.42050414E-01 1.37517593E-02-2.40713620E-02 2.70620598E-01
48  6 4.27463514E-01 1.52066190E-01-3.05939725E-01-3.49505917E-01-5.42145544E-01
48  7-1.37497132E-01 2.64887032E-03-2.17196371E-02 8.32095414E-02 7.05577383E-02
48  8 3.27336275E-02 1.30585150E-01 7.47525490E-02-3.28226042E-02 2.25988599E-02
48  9-3.12077744E-01-1.32247479E-02-1.39283755E-01 4.95226894E-02-1.53067367E-02
48 10 2.22861411E-02-4.91153504E-02 1.08699892E-01-6.83381350E-02-4.48096676E-02
48 11-8.61181337E-02 9.09795520E-03-8.69559767E-02-4.21396816E-03 1.03373806E-02
48 12 2.31119762E-02-1.41326968E-02 1.73383733E-02 3.58958469E-03-2.74524907E-02
48 13 2.50253414E-02-4.04801002E-02-1.26150615E-01 8.85421613E-02 7.15195987E-02
48 14-7.92451904E-02-4.56524256E-01 9.54340292E-02 3.21228000E-01-2.49307712E-03
48 15 3.23531241E-02 8.40195686E-02
49  1 4.79881691E-03-2.59624487E-02-1.75479172E-03-1.84543469E-02-3.91679430E-04
49  2 2.20045798E-01 5.69066069E-03 7.98690015E-02-4.86908999E-04-5.21743619E-01
49  3 7.56615758E-02-5.40378559E-02 2.77568321E-01-4.46774432E-03 1.09612675E-01
49  4 2.49770631E-02-1.69883523E-01-4.15247647E-01-8.85410044E-01-2.00552004E-01
49  5 1.31579479E-01 9.51861576E-01 1.52421707E-02 2.92667994E-02 3.34369876E-01
49  6 2.97730382E-01-6.11623732E-01 1.76807097E-01-9.31005471E-01-8.62311388E-01
49  7 1.06944162E+00 2.35111741E-03-3.62560010E-03 1.37617788E-01 1.03663350E-02
49  8-2.34784376E-02 1.55894533E-02 1.02715195E-01 1.91184712E-02-1.10805615E-01
49  9-2.48321307E-02 3.86180794E-02 3.17526717E-01-1.25625628E-02-1.73945556E-02
49 10 1.95994679E-02 6.92000925E-02-8.13677640E-02 4.45207528E-02 2.14424705E-01
49 11 9.62567226E-02 1.79378949E-01 1.65011013E-02-6.51610579E-03 2.25904356E-02
49 12 1.70089584E-02-3.11391649E-03 6.23762351E-02-5.57214939E-02-6.58412181E-02
49 13 1.09935873E-01-1.21256688E-01-3.90225110E-01 2.48590368E-01 2.21097650E-01
49 14-2.92915476E-02-4.16678167E-02 1.21400669E-01 3.85104844E-01 2.14247792E-01
49 15-1.00895060E-02 2.20446571E-01
50  1 1.57524309E-02-9.58281819E-02-4.27579497E-02-1.52045626E-02 1.18144616E-01
50  2 5.01534885E-01 1.73357250E-01 4.68191096E-02-4.71304413E-01-4.46228301E-01
50  3-3.90347004E-01-1.92024833E-02 5.69109577E-01-2.27108764E-03-6.98686499E-02
50  4-3.85895397E-01 4.09346624E-01 2.95544814E-01 3.84983805E-01 9.63405095E-01
50  5-8.41867967E-01-4.47817408E-01 9.27449323E-03 6.60771575E-02 1.60833736E-02
50  6-3.35187122E-01-4.07495601E-01-3.72762963E-01-2.07816396E-01 9.30304140E-01
50  7 9.85684011E-01-3.57368503E-03 4.20077858E-02-1.94843069E-02-1.03239615E-01
50  8-3.32160596E-03-3.47279444E-01-6.42041965E-02 1.18226021E-01-1.73044452E-01
50  9 2.30447736E-01 2.36381510E-01-8.61972696E-02-4.98760781E-01-3.05496627E-02
50 10-8.33974289E-03 5.01771007E-03-2.89829928E-02-8.17224197E-02 4.95970815E-01
50 11-2.33357086E-02 6.69198694E-02 2.55164999E-01-4.45847692E-03 1.83950331E-02
50 12-2.18860926E-02-4.05619865E-03 1.69854668E-02-3.98212310E-02-1.46116822E-02
50 13 3.05730202E-02-8.11277796E-02-1.83421296E-01 9.10740481E-02 2.53185709E-02
50 14 7.56678348E-03-4.33558172E-01 4.25955616E-01-4.85529041E-02 1.32582004E-01
50 15-3.16620047E-01 2.21631075E-01
51  1-3.90809527E-03 2.63510862E-02 8.14960313E-04 1.21292583E-02-5.64438293E-02
51  2-7.09632641E-02 8.59206912E-03-5.77068723E-02 2.27566026E-01-2.00083809E-01
51  3-8.56054517E-02 2.84663512E-01-5.94447339E-02-4.92098471E-03 5.78166061E-02
51  4-6.03903345E-01 9.47228626E-02-3.24315606E-01-3.62654909E-01 1.34825208E+00
51  5-4.82940537E-01 8.09430539E-01-1.32804170E-02-1.22437448E-01 6.85305357E-01
51  6 1.72863162E-02 3.96507024E-01 2.41090141E-01-1.68784115E+00-1.23212357E-02
51  7-8.01722075E-01 1.08241090E-02 3.88352941E-03 1.22862132E-01 1.45329877E-02
51  8 6.47846960E-02-3.66085545E-01 4.95342925E-02 2.26335731E-01 6.71469218E-02
51  9-1.41233371E-01 8.03258229E-01-1.11498052E-01-3.68342470E-01 6.32171745E-03
51 10 3.29367190E-02-7.12351702E-03-8.00175891E-02 3.85529314E-02-3.57361690E-01
51 11 6.44929770E-02-1.20083044E-01-2.00474187E-01-3.04093998E-03 6.24329596E-03
51 12 1.65259243E-02-6.17762035E-03-6.28976609E-03 2.82758438E-02 8.51955169E-03
51 13-5.56791364E-02 2.94956596E-03 8.09293820E-02-5.98844616E-02-1.13094933E-01
51 14-5.10035247E-02-1.58428334E-01-6.49143838E-02-1.74658943E-01 9.41699297E-01
51 15-2.06729023E-01 6.04735816E-02
52  1 4.28422410E-03-2.45666036E-02-5.24438038E-03-1.50795447E-03 1.41360997E-02
52  2 1.80041948E-01 2.40162356E-02 2.73200029E-03-6.21314952E-02-3.12999166E-01
52  3-4.67284109E-02 6.76905478E-02 2.08158248E-01-8.18617247E-03-1.75571865E-02
52  4-1.32995293E-01 9.23836786E-02-1.28970586E-01-8.77194809E-02 2.60144083E-01
52  5-3.15635556E-01 3.11947117E-01 1.37202648E-03-2.41180831E-02-2.18861753E-03
52  6 1.13132202E-01-2.68296933E-01 2.31836427E-01-1.54237244E-01-3.19003230E-02
52  7 5.03607038E-01 1.34707110E-02-3.11881226E-02-1.21114320E-01 1.45440787E-02
52  8 2.10972185E-01 1.29943991E-01 7.22959949E-03-1.63141753E-02-7.15961511E-02
52  9-1.60990337E-02 1.63325232E-01-5.59490357E-02-1.54979667E-01-5.67036066E-03
52 10 2.61000134E-02-6.44610511E-02 7.07268112E-02 3.96377746E-02-2.37464879E-02
52 11-4.83511052E-02-1.02059999E-01 8.71897236E-02-6.46558645E-03-6.95535034E-03
52 12 7.53079828E-02-5.15012330E-02 7.41219998E-02 1.84772228E-02-3.37623386E-02
52 13-8.30416828E-02 1.83468948E-01 4.91965241E-01-4.31182980E-01-6.80286027E-01
52 14 8.93802268E-01-3.26945625E-01 2.76714108E-01 1.31197424E-01-9.64059218E-02
52 15 8.30211108E-01-9.03360795E-01
53  1 3.49957342E-04-8.33083975E-04-3.97025230E-03-8.89699069E-04-8.45291766E-03
53  2 4.07790834E-02 8.09913223E-03 8.67261090E-03 3.33192357E-02-1.61186642E-01
53  3 9.15109411E-02-2.91888752E-02 7.23159858E-02 2.99070425E-04-8.95885000E-03
53  4 2.51683227E-01-2.76604856E-01-1.27234074E-01 4.30603348E-02-6.01134267E-01
53  5 5.65550969E-01 2.28256052E-01-5.84782427E-04 6.77696326E-03-2.36844955E-02
53  6-3.74614818E-02 4.83011413E-02-4.34461770E-02 3.75215806E-01-1.50927948E-01
53  7-2.21528114E-02-1.07287039E-02-3.01774931E-03 2.92413809E-02 7.39074877E-02
53  8-7.26368721E-02 1.41345947E-01 1.62493865E-02-6.07654140E-02-3.15985017E-02
53  9 4.85231787E-02-3.79850133E-01-8.19120042E-02 4.94736223E-01-1.06574735E-03
53 10 3.44007711E-02-1.31703050E-01 1.06228010E-01 3.41899615E-03-1.69417291E-01
53 11-1.00029394E-01-1.68198631E-01 4.56417142E-02-3.89802583E-02 8.31764448E-02
53 12-1.91159456E-01-1.17623702E-01-2.64341318E-02-1.26024568E-01-3.13318648E-02
53 13-3.06544653E-02-1.55140815E-01-6.78613725E-01 3.51871471E-01-8.73533832E-01
53 14 7.32134345E-01-3.49410646E-01 2.46029155E-01-2.46205840E-01 5.80885487E-03
53 15-2.86086014E-01 1.08926016E-01
54  1-1.31112367E-02 7.73471555E-02 1.90590387E-02 3.49346004E-03-5.47750540E-02
54  2-5.01301551E-01-6.19300891E-02-1.27839228E-02 2.35579599E-01 7.20780451E-01
54  3-4.86010072E-02 5.19469481E-03-5.31263502E-01 2.96228965E-02 2.37822936E-02
54  4-3.15399142E-01 3.78167266E-01 9.83572978E-03 1.71422194E-01 8.13814019E-01
54  5-4.25875935E-01-3.32854636E-01 1.85503526E-02-4.76501208E-02-3.32124843E-01
54  6-8.72804249E-02 3.04901424E-01 1.69371725E-01 2.88140963E-01 3.64936430E-01
54  7-7.74398033E-01-8.38531514E-03 4.16448886E-02-3.58289783E-03 2.23388859E-03
54  8 1.61383960E-01 3.64306553E-02-6.37273576E-02 2.35262158E-03 3.95633400E-02
54  9 1.54364748E-01 3.69670176E-01 4.71794701E-01-8.46064367E-01 7.19246404E-04
54 10 3.62642350E-02 8.03808048E-02-9.72497749E-03 6.66256583E-02-1.99855916E-01
54 11-6.78318962E-02-7.74636509E-02-1.11317265E-01-2.30643993E-02 2.54341869E-02
54 12-5.32621230E-02 3.07371741E-02-1.35719006E-01 5.47146993E-02-8.88379312E-02
54 13-8.01193153E-03 1.67642481E-02-6.06813396E-01 5.02953460E-01-9.48144379E-02
54 14-8.92672787E-02 3.02405682E-02-6.38443093E-02 6.41220098E-01-7.61750865E-01
54 15 2.75769311E-01-4.33292330E-01
55  1 5.14666563E-03-3.32442213E-02-4.85512848E-03-9.79411535E-03 4.75923339E-02
55  2 1.22765032E-01 1.77182054E-02 3.35766235E-02-1.91216513E-01 6.40870743E-02
55  3-7.40613987E-02-7.07849869E-02 6.59102950E-02 6.49883386E-03-7.71148687E-02
55  4-2.03724491E-02 2.49450169E-01 2.96162015E-01-3.29427494E-02 5.19711262E-02
55  5-6.02094960E-01-3.67663780E-01-3.66836956E-02 1.73677217E-01 4.24531297E-01
55  6 7.87596800E-02-9.15418653E-02-2.96383769E-01-8.69949968E-01 1.56370988E-02
55  7 3.22591128E-01 9.10968493E-03-1.29324021E-02-1.01292149E-01 1.02698073E-02
55  8 4.45897389E-02-4.05185093E-02 7.69072193E-02 6.20424577E-02-2.60325340E-02
55  9-1.30891914E-01 1.34331750E-01 1.82572547E-01-5.07934845E-01 2.09615537E-02
55 10-5.89298528E-02 1.71286257E-01 3.49212526E-02-1.34515404E-01 1.67411289E-01
55 11 1.22615088E-01 8.01175783E-04 1.56191726E-01-1.32740636E-02 1.34602779E-02
55 12-1.07756363E-01 9.42925480E-03-1.99855329E-02-5.24456561E-02-2.68880586E-02
55 13 3.43349377E-02 4.37389549E-03-3.93098755E-01 2.85832941E-01-2.33688773E-01
55 14 4.14908941E-01 7.99530206E-01-7.77780802E-01-4.94071025E-01 9.89753595E-01
55 15 3.83659174E-01-4.77163588E-01
56  1-8.17414391E-03 4.67495103E-02-8.90182227E-03-8.72539872E-03-1.15690427E-02
56  2-3.63699475E-01 3.61296717E-02 4.20445431E-02 6.74481132E-02 6.35712324E-01
56  3-6.18881163E-02-1.31005871E-01-3.89040728E-01 7.20409593E-02-1.24801306E-01
56  4 2.72766351E-01 2.74370094E-01 1.43863994E-01-3.46297432E-01-5.38873711E-01
56  5-4.79197787E-01-5.98019516E-02-1.04897321E-02 1.16412011E-01 2.15975188E-01
56  6 1.96669954E-01 3.68632812E-02 7.64524027E-02-5.69345881E-01-7.71322277E-01
56  7 2.70703087E-01-7.59755828E-03 7.44380410E-03 9.36776524E-02-2.24707582E-02
56  8-2.04463494E-02 2.48941518E-02 7.26214504E-02 1.38475029E-02-2.62501438E-02
56  9 6.75100190E-01-8.65609539E-01 7.13702576E-01-6.98579320E-01 1.18886027E-02
56 10-1.84424887E-02 2.72491349E-02 9.51901707E-03 1.79430821E-02-1.16224071E-01
56 11 9.01066102E-03 1.53648984E-03-4.93093784E-02 1.36665097E-02-8.51847647E-03
56 12 4.00920445E-02-9.14299610E-02 1.46333808E-01-1.12884697E-01 6.34411380E-02
56 13-5.38970431E-03-9.66314874E-02 4.83001153E-01-5.13092253E-01-3.18582627E-01
56 14 4.58585513E-01 8.39415752E-03-6.76653638E-02 2.77435631E-03 3.55090643E-01
56 15-4.29942576E-01 6.00718956E-01
57  1-2.97085470E-03 1.78159342E-02-3.04367681E-02 1.36562425E-02-1.14282187E-02
57  2-1.14048116E-01 1.28044694E-01-5.88003678E-02 5.42969028E-02 1.35391748E-01
57  3-2.18265938E-01 1.25034320E-01-1.09674874E-01 1.86330870E-02-4.40700766E-02
57  4 3.69522324E-01-9.75472757E-02-3.52868612E-02 8.46190863E-02-1.40861632E-02
57  5-1.31544547E-01 8.56828121E-02-1.10841030E-02 2.00490977E-02 3.13098091E-01
57  6-9.72204753E-02 1.40357929E-01-4.83742393E-03-9.46613358E-01 3.96265605E-01
57  7-3.16432528E-01 1.49433182E-02-8.99561766E-03-3.54828279E-02 1.53653723E-02
57  8 1.46332303E-01-2.09868423E-01 1.57003725E-02 1.46865115E-01-3.28747049E-02
57  9 9.53687271E-01-1.01523836E+00-5.78040613E-01 5.73737543E-01-3.15293733E-03
57 10 1.07778478E-03 9.41899601E-02-7.01140563E-02-1.95610781E-03-3.30378003E-02
57 11 1.46563496E-02 1.45858459E-02-6.22400458E-02-1.14683668E-02 7.89194724E-03
57 12 4.72988691E-02 7.20477506E-02-8.22310492E-02 1.24934097E-01-8.92240445E-02
57 13-1.25496183E-02 9.49741510E-02-2.49930700E-01 3.00440045E-01 2.52313559E-01
57 14-3.72539211E-01-1.01584836E-01 6.84144628E-02 3.12263698E-02 5.74131428E-01
57 15 3.88240707E-01-5.66079797E-01
58  1 2.33405447E-03-1.48007485E-02 4.62239572E-03 1.36262414E-02 9.94233272E-03
58  2 7.51895965E-02-9.05570062E-03-5.73648550E-02-4.92899009E-02-2.72130999E-02
58  3-8.40076032E-02 7.15703633E-02 3.94555485E-02-2.21953386E-02 1.37787571E-01
58  4-9.40367451E-02-1.51319374E-01 1.30743329E-01-4.20972477E-01 4.97622212E-01
58  5-6.77010853E-02-1.96036021E-01 2.79293959E-02-1.93066569E-01-1.92225632E-02
58  6-5.39016036E-02-1.03371621E-01 2.54801243E-01-4.62658370E-01 2.70302917E-01
58  7 2.22677631E-01 9.44098132E-03 4.13346356E-03 1.78108547E-01-3.87597698E-02
58  8-4.11788635E-02-3.14050565E-01-1.11371396E-01 1.74307960E-01-2.77627863E-02
58  9 8.07864014E-02 2.60520744E-01-5.59843272E-01 4.74824832E-01 1.03017236E-02
58 10-1.60098837E-02 3.48676480E-01-7.74034342E-03-5.14403619E-03 1.12212643E-01
58 11-9.92325853E-02-6.60193181E-02 1.10744527E-01 8.00903037E-03-1.17535557E-02
58 12-5.22975519E-02-2.95143698E-02 1.27432997E-01-1.60910477E-01 6.12665278E-02
58 13-9.74096429E-03-1.29059601E-01 1.81149124E-01-2.99654054E-01-4.91981805E-01
58 14 7.35690036E-01 6.14108837E-01-7.02446740E-01 6.87184736E-01-5.11812839E-01
58 15-3.39924213E-01 3.18003665E-01
59  1-3.84945641E-04 3.30312053E-03 3.36854214E-03-5.57186715E-03-6.49594003E-03
59  2 7.14094342E-03-8.69484489E-03 1.60063934E-02 2.85972874E-02-1.01480144E-01
59  3-1.48466293E-02 6.04453612E-02 4.42598554E-02 5.05874195E-03-7.57104293E-02
59  4-6.95084305E-02 4.06247947E-02-6.02796152E-02 1.12157234E-01 4.33696030E-01
59  5-2.09489330E-01 2.36252152E-01-1.23469703E-02-5.47172303E-02 7.08394693E-02
59  6 1.44964359E-02 7.01478153E-03 4.36646646E-01-6.09616882E-01 2.27659711E-01
59  7-3.72139611E-01 3.47698821E-02-7.98425577E-02-2.36370523E-02-2.59634856E-01
59  8-2.90161588E-01-2.95043660E-01-3.57433377E-02 3.87669605E-01 4.10771178E-01
59  9 1.40843026E-01 7.93727494E-02-4.65328116E-02-1.78852076E-01 1.95298702E-02
59 10-4.71543347E-02-1.75641099E-01 3.97415416E-01 5.51622669E-02-1.73468974E-01
59 11 2.40315532E-01-4.90936544E-01-1.61933061E-01 2.77475010E-02-8.12694840E-02
59 12-7.53776052E-01-1.69700663E-01 1.15156260E-01-5.99260288E-02 7.73792313E-01
59 13 2.33874629E-01-6.39052902E-02 1.22975594E-01 7.22256636E-02 2.64750267E-01
59 14-7.73869061E-02 2.02119859E-02-1.14199375E-02 1.56171815E-01 8.20530437E-02
59 15 2.31583754E-01-7.25882448E-02
60  1 4.23496810E-04-1.31275846E-03 3.18583549E-03-8.56522335E-03-2.95486924E-03
60  2 4.62025743E-02-1.00183098E-02 2.91229916E-02 1.15491639E-02-1.66796234E-01
60  3 7.80061580E-03 3.80497648E-02 9.75865125E-02 5.09681652E-03-1.50179488E-01
60  4-5.44094363E-02 2.28746390E-02-5.48327946E-02 2.65302739E-01 3.24275830E-01
60  5-1.49101867E-01 2.32012405E-01-1.45295135E-02-2.41063054E-01 2.35143163E-04
60  6 1.79582106E-02 2.11795604E-02 7.34667932E-01-3.96647752E-01 3.02311571E-01
60  7-3.89700899E-01 3.94824578E-02-1.31113893E-01 4.58652314E-02-2.93802137E-01
60  8-2.94471833E-01-2.71153420E-01-1.27973006E-01 4.81451983E-01 3.73847386E-01
60  9 8.47120562E-02 5.52152412E-02-6.20383864E-03-2.02904892E-01 2.36117897E-02
60 10-7.00034739E-02-1.81315026E-01 4.82333171E-01-5.67705973E-02-1.61960011E-01
60 11 2.39865647E-01-5.99318611E-01-6.84334968E-02-2.80387958E-02 9.07955766E-02
60 12 4.85371483E-01 4.52384584E-01 3.00895878E-01 8.16499113E-02-5.46443965E-01
60 13-4.64717607E-01-3.69569548E-01-2.18162131E-01 1.37400329E-02-7.20302984E-02
60 14-1.15856473E-01 1.12728714E-01-1.16910581E-01 3.63395168E-02 7.12789019E-03
60 15 8.14205432E-02-8.11791269E-02
61  1 2.00407689E-03-7.55021871E-03-4.68110454E-03-1.78944296E-02-7.08949295E-03
61  2 2.17149204E-01 1.75697379E-02 6.51591925E-02 7.57712957E-03-5.90709579E-01
61  3 4.99933244E-02 6.88258690E-02 3.89301053E-01 3.64494518E-03-1.10877604E+00
61  4-3.03672889E-02 5.98822281E-02-8.46857683E-02 1.81689645E+00-4.90519043E-02
61  5-3.26626506E-01 3.50842160E-01 9.42646660E-03-9.48768343E-01-1.46255201E-02
61  6 7.08160455E-02-1.16698006E-01 1.19860509E+00 3.08173620E-01 6.58478101E-02
61  7 1.58100383E-01 9.10115568E-03-1.98403004E-02 2.35814372E-01 3.59966918E-01
61  8-1.32786480E-01-1.27713403E-01-3.10287177E-01-3.21491163E-01 1.21600164E-01
61  9 2.11582076E-02-4.83535083E-01-1.38765255E-02-6.18646015E-01 1.19611350E-02
61 10-5.03072772E-02-7.55362136E-03 9.74680381E-02-2.73107337E-01-5.28856453E-02
61 11-1.12007562E-02-1.28998796E-01 2.34322464E-01 1.36836659E-02-4.44332210E-02
61 12-2.45652935E-02 1.55380414E-02-3.98291224E-01-5.76804879E-02 6.16360952E-02
61 13-2.07013005E-02 4.61458721E-01 8.27111759E-02 1.19229938E-01 3.06317771E-02
61 14 2.96760826E-02 4.96572841E-02-4.58553451E-02-1.25530974E-02-5.46878748E-01
61 15 5.64051762E-02-8.64243578E-02
62  1 1.34267219E-03-1.04967697E-02 2.02329268E-03-1.30047088E-03 1.94319571E-02
62  2-2.00890357E-02-1.55176939E-03 2.18246085E-03-7.38581704E-02 2.17228472E-01
62  3-9.08066505E-02-3.04803281E-02-1.04570651E-01 1.46160823E-03 2.53265422E-01
62  4-4.53445336E-02 8.84891099E-02 1.36266747E-01-4.72742713E-01 3.00586778E-01
62  5-4.02082365E-01-2.68832150E-01-2.17170615E-02 1.11045338E-01 5.17751619E-02
62  6-8.59674678E-02-1.15974533E-01 2.83874777E-01-4.63702230E-01 2.83505347E-01
62  7-6.68863856E-03 1.19588855E-02-3.14362508E-03 2.43019311E-01 6.91911481E-02
62  8-2.24755395E-01-1.97716557E-01-2.88045247E-01 6.91660367E-02 2.44935464E-01
62  9 9.36640749E-02 1.60436266E-01-1.01173211E-01-8.24316183E-02 3.53287781E-02
62 10-1.47062097E-01-3.32576580E-01 1.21511918E-01 4.98180764E-01 6.12959405E-03
62 11 4.51454805E-01-1.98083655E-01-5.55465704E-01-3.46105502E-03 3.57538414E-02
62 12 3.31054692E-01-5.27715841E-01-3.07726482E-01-5.42711841E-02-3.67837025E-01
62 13 6.23881376E-01 3.07065878E-01-5.13381050E-02-6.87934714E-02 1.32237585E-02
62 14 2.49606186E-01 2.68242867E-01-2.13573662E-01 3.10891892E-02 1.51924565E-01
62 15 1.03086299E-01-2.41360176E-01
63  1-7.45207079E-04 6.25778593E-03 3.66253268E-03-4.52409481E-03-1.28142158E-02
63  2 1.66922636E-02-1.70619640E-02 1.38480672E-02 5.24155271E-02-1.76741335E-01
63  3 6.22115987E-02 5.30091280E-02 8.20043419E-02 1.19661214E-03-1.93224013E-01
63  4-2.32609785E-02-3.87339700E-02-5.81985551E-02 1.82420370E-01 1.54213450E-01
63  5 1.27562293E-01 3.09346215E-01 1.00935896E-02-4.21972493E-02 1.49749780E-01
63  6-1.22587122E-02 1.42190491E-02-2.33816882E-01-4.94049214E-01-4.07143548E-01
63  7-3.50342671E-01-2.61626256E-02 1.04995866E-01-7.89654000E-01-1.30593073E-03
63  8-4.18561983E-01 6.30467704E-02 9.57503774E-01-2.38222280E-02 4.57130711E-01
63  9-2.13701881E-02 8.25791002E-02 1.56408232E-02-3.75508109E-02 7.29755095E-03
63 10-3.94866805E-02 3.08417507E-01 6.47144250E-02 3.99719886E-02-8.75500028E-02
63 11-3.93544537E-01-1.37231348E-01-1.35967931E-01 8.15773061E-03-2.56911069E-02
63 12 1.67921929E-01-1.70521059E-01-2.07519792E-01-6.54622099E-02-1.69969402E-01
63 13 2.22621335E-01 1.99893196E-01 1.82226383E-02-6.80856636E-02-4.21305872E-02
63 14 2.52942569E-01-1.29335402E-01-1.73585566E-01 2.04211048E-01 1.95235782E-01
63 15-1.34500777E-01 6.63486632E-02
64  1-9.50794354E-04 5.67195295E-03-1.09187914E-03 9.03922769E-03-7.16812816E-03
64  2-3.57872489E-02 3.88586806E-03-3.22525672E-02 2.98519245E-02 4.26340799E-02
64  3-2.80296571E-03 1.75194446E-02-4.73992097E-02-1.40190553E-03 1.84550612E-01
64  4 1.50572726E-02-5.01278453E-02-6.07016892E-02-2.75162181E-01-1.19228052E-04
64  5 1.41509171E-01 2.41684568E-02-1.89092696E-03 2.52389570E-01 8.18204539E-02
64  6-1.81995868E-01-1.27709306E-01-4.12357503E-01-6.66478676E-02 1.43439371E-01
64  7 1.24073032E-01-2.94004958E-02 1.44166474E-01-1.00615342E-01 3.59689905E-01
64  8 4.81768639E-01-7.89753198E-02 1.56325847E-01-4.06391974E-01-6.00529862E-01
64  9-3.56192541E-02 1.29390246E-01 3.29206072E-02 1.28271090E-01 2.02847030E-03
64 10-7.81504633E-02 1.53880859E-01 7.31169391E-01 1.35140641E-01 2.56061089E-01
64 11-2.18816218E-01-8.27043127E-01-1.07869523E-01 2.17838182E-02-8.84504450E-02
64 12-6.64803086E-03 8.63691127E-02-1.10853153E-01-4.22772238E-02 3.98798479E-02
64 13-2.63065205E-02 1.09110514E-01 8.33606658E-02-4.29955774E-02 1.61886449E-01
64 14 7.09672106E-02 5.74509347E-03-2.38121472E-01 2.29150828E-03 1.42857192E-01
64 15-3.14338171E-01 2.14148809E-01
65  1 1.98370872E-04-3.11027003E-03 3.05036319E-03 3.21503463E-03 9.07627001E-03
65  2-5.68954646E-02-9.82832909E-03-1.24912804E-02-2.68031394E-02 2.02031963E-01
65  3-2.85441898E-02-2.47790096E-02-1.29213131E-01-4.10357535E-04 5.39647207E-01
65  4 1.33651667E-02 5.14996777E-02-1.99533715E-02-8.52924723E-01 7.27182850E-02
65  5-3.77810350E-02-4.88100207E-02 4.13320686E-03 7.15496745E-01 2.94522630E-02
65  6 9.97385676E-02-3.39969867E-02-9.50451884E-01-2.27084432E-01-1.25200813E-01
65  7 1.84506034E-01-1.17737430E-02 4.72581081E-02 1.77994663E-01-1.05689963E-01
65  8-2.82464059E-01 1.49472450E-01-1.37216256E-01 7.97794720E-02 2.76896420E-01
65  9 5.58354584E-02 1.91759896E-01 1.29444321E-02 1.66638458E-01-2.45905499E-02
65 10 1.20399014E-01 1.18902298E-02 2.81898271E-02-1.07931897E-01 6.95182317E-02
65 11 3.10404576E-02 5.07377629E-02 2.30920659E-01 6.14986177E-03 1.30853606E-02
65 12-1.13923926E-01 4.84954925E-01-6.72361697E-01-1.36479536E-01 2.27784195E-01
65 13-7.09721217E-01 9.02435402E-01 2.48168108E-01 3.29998586E-01-2.23660581E-01
65 14-3.79421724E-02-6.51209347E-02 1.69329167E-01 7.68642718E-02 3.38752646E-01
65 15-7.88953056E-03-6.37194212E-02
66  1-1.85837662E-04 2.00227136E-03-2.75573195E-03-3.15542803E-03-3.87741062E-03
66  2 2.65261291E-02 5.29526474E-03 1.32889927E-02 8.74800141E-03-7.85611651E-02
66  3 5.30956002E-02-1.80290842E-02 5.77714979E-02 1.40422832E-03-5.18400724E-01
66  4 2.63175520E-02-4.99445547E-02 1.16132973E-01 7.09714822E-01-3.77410703E-01
66  5 1.18372821E-01-8.74318451E-02-3.96885016E-02-3.20819819E-01-6.71737997E-02
66  6 6.69400271E-02-1.51091515E-01 1.12659152E+00 4.89571391E-01-3.21140111E-01
66  7-3.04220449E-01 1.40797843E-02-9.27512825E-02 1.09803163E-01-1.95051554E-01
66  8 2.74786312E-02 1.01045021E-01-1.73671776E-01 2.70774320E-01-1.51887051E-02
66  9-1.27133395E-01-2.76021498E-01 3.54200997E-02-1.02863635E-01 1.63331891E-02
66 10-1.12457707E-01 4.40844833E-01-6.67592094E-02 7.50956045E-01-1.91391726E-02
66 11-7.46598351E-01 2.09010789E-02-1.21218845E+00-2.53101335E-02 1.53263138E-01
66 12-1.28540737E-01 2.86553545E-01-6.03803723E-02 2.57770213E-03 1.71355147E-01
66 13-4.85653675E-01 1.39979010E-01 9.58554539E-03 2.92872491E-01-3.40657130E-02
66 14-5.36374835E-01-2.22766899E-01-3.34923194E-01-3.24950881E-01-1.96826031E-01
66 15 3.91894046E-02-1.09116550E-01
67  1 1.70114032E-03-1.24998233E-02-1.36503648E-03 2.61949287E-03 1.90359807E-02
67  2 5.24967194E-03 8.85906227E-03-9.64930201E-03-7.59768258E-02 1.55538960E-01
67  3-6.19534515E-02-1.75897659E-02-7.58026274E-02 2.00462217E-02 2.25719326E-01
67  4-1.01998812E-02-5.61422562E-03 1.65987459E-01-1.18700192E+00-6.30142399E-02
67  5-4.88133919E-01 9.70634038E-02-1.04602002E-02-5.81326647E-01 1.53423452E-01
67  6-4.80968104E-02-1.22939192E-01 1.05889274E+00-8.67548957E-01-5.33291086E-01
67  7 5.73482506E-01-3.53173641E-03 3.73061479E-02-3.84157770E-01 2.45913941E-01
67  8 1.04631105E-01-2.32639443E-01 5.49799900E-01-1.97519004E-01-1.87544932E-01
67  9 1.21604003E-01 4.27557573E-03 7.24848387E-04-2.85880466E-02 2.06723712E-02
67 10-6.15143810E-02-5.97196044E-01-2.22510584E-01 2.67708724E-01-6.48052301E-02
67 11 9.93802017E-01 3.88490876E-01-4.26318072E-01-2.03653329E-02 1.27207619E-01
67 12-1.77991866E-01 4.03524317E-01-2.74811848E-02-1.34090520E-02 2.67906300E-01
67 13-6.92274600E-01 7.30938579E-02 6.86846759E-02 2.53319817E-01-1.37569790E-01
67 14-5.52093076E-01 3.72354353E-01 4.91966208E-02 2.15007653E-01 1.27522870E-02
67 15-2.33126855E-01 3.86777524E-01
68  1-2.84204150E-03 1.83698169E-02 3.51927834E-03-7.56795579E-03-1.72537751E-02
68  2-8.33026750E-02-1.25488791E-02 2.19703220E-02 7.42010883E-02 5.55366658E-02
68  3-7.23611559E-03 2.06762267E-02-4.86000792E-02-3.26518149E-02-4.09425335E-01
68  4-3.16243681E-02 1.83744026E-01-6.34046324E-02 1.75036528E+00 3.92664124E-01
68  5 7.48345287E-02-4.88384879E-01 4.67095549E-02 8.97166074E-01 1.98463588E-02
68  6-1.88320093E-01 1.81316652E-02-2.53514529E+00 5.98169194E-01 2.75054249E-01
68  7-6.10514480E-01-1.06555049E-02 5.22867639E-02 1.06405722E-01 6.57523252E-01
68  8-4.32147435E-01 1.07095160E-01-1.26037010E-01-1.29890483E+00 7.96012236E-01
68  9-6.01531768E-02-5.78964900E-02-1.50646862E-01-3.11755190E-01-3.01769003E-02
68 10 1.57247500E-01 5.18310642E-02-6.00686910E-02 1.76041453E-01 8.93024585E-02
68 11-1.01894139E-01 1.38174287E-01-7.17767830E-02 1.24636249E-02-1.34655054E-01
68 12-5.05110864E-02 1.66883612E-01 3.77643418E-01 1.70256957E-01 6.78122331E-02
68 13-2.52665439E-01-6.08883924E-01-4.90273291E-02-1.62665292E-01-7.11299847E-03
68 14-3.13793517E-01-7.15903039E-02 1.34325643E-01 1.04698374E-01 1.70875977E-01
68 15 2.31816099E-01 8.45055886E-01
69  1 4.74907605E-03-3.50044381E-02 8.62450385E-03 2.42913929E-03 5.30432176E-02
69  2-2.30666699E-02-3.29651905E-02-5.10077578E-03-1.91082045E-01 4.22880956E-01
69  3-2.05389830E-03-9.35510021E-02-2.37662091E-01 5.64711330E-02 1.49963413E+00
69  4 2.52176928E-02 9.69396380E-02 6.44416326E-02-3.50842696E+00-4.40679970E-01
69  5-5.41192393E-01 4.79382487E-01-5.90061495E-02-1.14055720E+00-4.31317442E-02
69  6 2.80793003E-03 5.08289584E-02 3.06852973E+00 1.62874407E-01-8.35784064E-01
69  7 2.99938574E-01 2.83363626E-02-1.36940149E-01 7.11257416E-02 3.13067126E-01
69  8-2.43854100E-01-1.12646672E-01-1.77527992E-01-3.57339413E-01 3.90390808E-01
69  9 2.31145295E-01 3.48242625E-01 2.91065423E-01 2.99092767E-01 2.49024410E-02
69 10-1.25724223E-01 2.83323403E-01 3.35845708E-02-2.87433523E-02-2.28798181E-01
69 11-5.41370091E-01-1.29190570E-01-3.01504624E-01 4.48883478E-03-4.61639164E-02
69 12-3.47163915E-02 2.17407338E-02 8.62049410E-02 6.17017277E-02 4.22365879E-02
69 13-2.70034382E-02-1.27327273E-01-1.24863666E-02-2.16357705E-02 6.31367702E-02
69 14-1.06138640E-01-2.18865643E-01-1.42660593E-01-3.42824105E-01-4.40040840E-01
69 15 2.29956330E-01 1.26005535E-01
70  1 1.19711322E-04-1.43679205E-03-1.22928700E-03 2.12569225E-03 2.76949100E-03
70  2-1.49690057E-02 5.04685462E-03-8.54404685E-03-9.29258440E-03 5.85942328E-02
70  3-6.47163487E-03 1.12094852E-02-4.59500959E-02 1.71675451E-02 5.26741927E-02
70  4-5.37787973E-03-3.95356002E-02 8.23403623E-02-5.56316060E-01-1.09816519E-01
70  5-1.58019960E-01 1.60083177E-01-5.87589504E-02-4.40832236E-01-6.07756671E-03
70  6 4.52648037E-02-6.91675864E-02 1.59394672E+00-3.15645794E-01-1.81883394E-01
70  7-1.63541421E-01-2.06794247E-03 1.16969151E-01-9.48575526E-03-1.39831383E-01
70  8 2.26426973E-02-2.27074783E-01-8.03143031E-03 4.73706548E-01-8.10377012E-02
70  9 5.67765340E-02-5.86931756E-02 2.74841527E-02 2.53984643E-02-2.55924552E-02
70 10 6.69125549E-01-7.26819758E-02-1.48775155E-02 1.72384046E-01-1.00192014E+00
70 11 2.04840477E-01-1.62777931E-02-5.33523918E-01 7.21677360E-02-1.47418568E+00
70 12 9.75599718E-02 7.75725073E-02-3.42064674E-03 1.83918203E+00-2.87737064E-01
70 13-2.31873852E-01-5.64659353E-02-2.61757288E-01-2.03862653E-01-1.98695952E-01
70 14-4.44902035E-01 1.19244390E-01 8.70636367E-02-1.30077245E-01-4.42088744E-02
70 15 5.37104546E-03-4.62792148E-01
71  1 1.32588468E-03-7.74764627E-03-2.57460374E-03-2.38567746E-04 5.15933288E-03
71  2 7.08814457E-02 1.30320820E-02 2.52944233E-03-2.89636854E-02-1.09298008E-01
71  3-3.96141671E-02-5.38260735E-03 9.12198841E-02-4.44717541E-03-2.19702763E-02
71  4-1.11701858E-02-2.49780972E-02-2.41349749E-02 1.23123809E-01 1.64051414E-01
71  5-3.50840624E-02-4.79501856E-02 3.37981554E-03 5.57695754E-02-3.23410582E-02
71  6 1.36149271E-01 8.07384470E-02-3.64956270E-02-1.84465562E-01 5.72632406E-01
71  7 2.35177620E-01-5.36105534E-02 1.15657899E+00 1.21521406E-01-8.93783497E-02
71  8-6.08263531E-02-1.53179155E+00-3.36253223E-01 2.31818147E-01 1.50954988E-01
71  9-5.15768697E-03 8.84900704E-02-5.37847280E-02 1.36383474E-02 5.30164501E-02
71 10-1.13920387E+00-7.56526145E-03-9.02568612E-02-6.06654566E-02 1.45574108E+00
71 11-3.54518108E-02 1.74984034E-01 1.77112689E-01 1.62475343E-02-4.12695004E-01
71 12-1.00763605E-02 9.28354911E-02 7.73836541E-02 5.89224779E-01-1.01769909E-02
71 13-2.62110902E-01-1.76629390E-01-8.54414767E-02-2.77646636E-02-8.21322749E-02
71 14-4.58839738E-01-1.77859680E-01-1.10860710E-01 7.96061867E-03 6.67552740E-02
71 15 1.93477466E-01 2.21542620E-01
72  1 6.84418045E-04-5.15090520E-03 1.63044998E-04 2.69377189E-03 5.66020401E-03
72  2 2.77341365E-04 1.57018175E-03-1.19884109E-02-2.04637668E-02 4.08809057E-02
72  3-2.19257168E-02 3.94252534E-02-4.16746803E-02 3.04840807E-02 1.67671691E-01
72  4-4.23175406E-02-4.14470205E-02 8.06686157E-02-9.56347738E-01 6.46239186E-02
72  5-3.56522193E-01 3.30827748E-01-1.04672588E-01-6.34223834E-01-2.58116792E-02
72  6 1.24003379E-01-7.90838633E-02 2.61782134E+00-6.23648108E-01 3.80993838E-02
72  7-2.88232820E-01-2.63311890E-02 1.27786803E+00 8.88194995E-02-8.25571119E-02
72  8-1.03523905E-01-2.12641342E+00-3.70146520E-01 4.81722658E-01 3.83055524E-01
72  9 1.25624147E-01 6.27337839E-02 1.87693305E-02-5.84558305E-03-2.01997144E-02
72 10 1.07170804E+00-1.60314433E-02 1.24308834E-01 7.26751048E-02-1.74499233E+00
72 11 1.25593600E-01-4.46742377E-01-4.43439722E-01-1.74284079E-02 6.25449841E-01
72 12-2.23511060E-02-6.68261465E-02 6.76957097E-02-8.81792735E-01 9.71971526E-02
72 13 2.37462608E-01-1.42042562E-01 9.60973559E-02-1.68428056E-02 1.39967295E-01
72 14 3.50461053E-01 2.17646680E-01-4.41817169E-02-1.72699688E-01-1.45669835E-01
72 15 2.40973425E-01 3.11796792E-01
 $END   
 POPULATION ANALYSIS
CL          17.07917  -0.07917  17.12068  -0.12068
C            6.60302  -0.60302   6.21091  -0.21091
C            5.76199   0.23801   5.83906   0.16094
O            8.64984  -0.64984   8.40755  -0.40755
H            0.69547   0.30453   0.85923   0.14077
H            0.68962   0.31038   0.85591   0.14409
O            8.59007  -0.59007   8.33712  -0.33712
O            8.74062  -0.74062   8.47577  -0.47577
H            0.61400   0.38600   0.73921   0.26079
H            0.60988   0.39012   0.75821   0.24179
H            0.60184   0.39816   0.72886   0.27114
H            0.74179   0.25821   0.90995   0.09005
H            0.62270   0.37730   0.75754   0.24246
 --- SOLUTE ELECTROSTATIC MOMENTS ---
 MOMENTS AT POINT    1 X,Y,Z=  5.937370  2.281988 -3.647516
 DIPOLE      -2.288068 -2.346931 -5.106209
 --- SYSTEM ELECTROSTATIC MOMENTS ---
 MOMENTS AT POINT    1 X,Y,Z=  5.937370  2.281988 -3.647516
 DIPOLE      -2.288068 -2.346931 -5.106209
 $GRAD  
E=     -762.3138019072  GMAX=   0.0004417  GRMS=   0.0001430
CL          17.   -9.5916017448E-05    1.0160792806E-04    4.0812055374E-05
C            6.    8.1650086364E-05   -2.8404305393E-04   -3.6655368150E-04
C            6.   -1.5966108193E-04    6.5943056466E-05   -6.3127706024E-06
O            8.   -2.4628567520E-07   -9.7015782110E-05   -4.4809732894E-05
H            1.   -1.4744817769E-06    1.4346496111E-04    1.7943308241E-04
H            1.    1.0086515691E-04    3.1772959776E-05    6.2945451623E-05
O            8.   -9.1783317141E-05    9.3315256502E-05   -2.3197738081E-04
O            8.   -2.2760317717E-04   -9.8186502138E-05   -8.8071377878E-05
H            1.   -1.4831583759E-06    8.4466998546E-05    4.9838782599E-05
H            1.    4.4170956053E-04   -6.4999240456E-05    1.0250941004E-04
H            1.   -5.1589000727E-05   -3.4425287668E-06    2.4646179437E-04
H            1.    1.3562352571E-05   -8.3377005997E-05    6.0185459513E-06
H            1.   -8.0306361270E-06    1.1049295293E-04    4.9705821312E-05
 $END
 CAUTION, APPROXIMATE HESSIAN!
 $HESS
ENERGY IS     -762.3138019072 E(NUC) IS      315.7496521101
 1  1 8.14240391E-02-1.34521834E-02 4.49327484E-02-1.11190820E-01 1.66366173E-02
 1  2-3.55130233E-02 3.80233136E-02 1.15683450E-02-1.21432638E-02-2.92582241E-02
 1  3-1.91958154E-02-2.02632179E-02 2.07390224E-03-6.53354922E-03-2.80093736E-02
 1  4 5.22202856E-03 1.92986805E-03 1.48744864E-02 8.89440035E-03-1.89961106E-02
 1  5 1.41640646E-02-2.37228177E-03 4.76086272E-04 1.63953439E-03-5.08896087E-04
 1  6-1.90546607E-03-7.92587641E-04 1.71531762E-03-7.86648229E-04-2.00462080E-03
 1  7 1.19606467E-03 4.75921497E-03-6.84044631E-03-4.90736593E-03 2.01922805E-02
 1  8 2.46644967E-02 9.68852137E-03 5.30736078E-03 5.29120275E-03
 2  1-1.34521834E-02 7.35289930E-02 6.94245738E-02 2.78266014E-02-7.55600766E-02
 2  2-6.53390907E-02-2.43319589E-02-2.36519161E-03 1.80003929E-02 2.02729562E-02
 2  3 5.50301770E-03 1.39237315E-02 6.42570048E-04-2.83700209E-03 1.28941585E-03
 2  4-8.01878375E-03-2.48794520E-03-2.81613192E-02-8.93812886E-03 2.21010454E-02
 2  5-6.74643769E-03-3.60079410E-03 5.72112707E-04-3.00469850E-03 3.80843026E-04
 2  6 2.51192099E-03 6.91909558E-04 1.06835508E-02-2.82181281E-03 4.22359660E-03
 2  7-1.13272447E-03-5.55315794E-03 1.26297202E-02 3.06291057E-03-1.02356911E-02
 2  8-1.62767928E-02-3.39485868E-03-2.35621258E-03-6.55001581E-04
 3  1 4.49327484E-02 6.94245738E-02 2.42730011E-01-3.84945519E-02-5.11115365E-02
 3  2-2.27544002E-01 1.79361724E-03-2.79712658E-02-6.21797826E-03-6.77043892E-03
 3  3 8.51287917E-03 3.29787551E-04-1.63079137E-04-6.00728185E-03-1.85077499E-03
 3  4-2.95227457E-04-9.90128876E-04 4.04025401E-03-1.92124667E-02 9.70558171E-03
 3  5-1.77143472E-02-6.38748352E-03 1.46595701E-03-5.13561375E-04 5.87258524E-05
 3  6-1.29698266E-03-6.55200248E-04 1.57752347E-02-1.48773831E-03 3.54975324E-03
 3  7 1.01502545E-03-9.10210503E-03-6.02793470E-04 5.19925134E-04 8.47751618E-03
 3  8 9.10121545E-04 7.22797084E-03 3.80531088E-04 3.53873005E-03
 4  1-1.11190820E-01 2.78266014E-02-3.84945519E-02 1.00067463E+00-4.87134054E-02
 4  2 9.86850452E-02-3.79228335E-01-1.39356590E-03 2.12994651E-02 5.53841349E-02
 4  3 2.33943104E-02-3.13144965E-03-3.48300834E-01 1.11311212E-02-1.15204758E-04
 4  4-2.63940048E-01 4.68584008E-02-1.04760419E-01 8.07239989E-02-4.77621336E-02
 4  5 1.51994176E-02 2.99537261E-02-5.86545945E-03 4.69845131E-03-7.79693156E-06
 4  6 6.00335615E-03 3.43454729E-03-1.57470476E-02 5.54680353E-04-4.95733998E-03
 4  7-3.74569591E-03 2.63066560E-02-1.20166656E-02-2.82202526E-03-3.27744108E-02
 4  8 4.00151475E-02-4.17538843E-02-5.56615114E-03-1.98564434E-02
 5  1 1.66366173E-02-7.55600766E-02-5.11115365E-02-4.87134054E-02 8.33004822E-01
 5  2 9.77029136E-02 3.67481840E-02-1.65945901E-01 3.96645959E-02-1.60889432E-02
 5  3-5.50118651E-02 3.14930220E-02 4.73553939E-03-1.86346188E-01-7.88732197E-02
 5  4 4.95119022E-02-3.18970336E-01-5.20053562E-02 2.94334263E-02-2.51691305E-02
 5  5 1.72340535E-02 2.71586795E-02-1.27967352E-02 1.74533484E-02-3.21084853E-03
 5  6 1.31679578E-03 1.66581152E-03-7.78983186E-02 1.42487688E-02-2.93947351E-02
 5  7 1.67207889E-03 1.50752428E-02-1.91968649E-02-3.27059546E-03-3.89617731E-02
 5  8 3.57789581E-02-1.67143164E-02 1.51163756E-02-1.04109905E-02
 6  1-3.55130233E-02-6.53390907E-02-2.27544002E-01 9.86850452E-02 9.77029136E-02
 6  2 8.90381184E-01 8.32641510E-03 1.58103586E-01-2.66866776E-01 3.40210443E-02
 6  3-1.30240130E-03 1.66180111E-02-1.41864881E-02-7.86038725E-02-1.75738682E-01
 6  4-1.01997302E-01-5.25185836E-02-2.04806629E-01 1.41879830E-01-8.35510309E-02
 6  5 1.58324807E-02 6.51793333E-02-1.12240395E-02 1.69292288E-02 5.22311896E-06
 6  6 1.84665044E-03 2.43807509E-03-1.41589567E-01 2.67986932E-02-3.48512654E-02
 6  7-8.34055543E-03 4.89709539E-02-3.76778645E-02-2.28478452E-03-3.22730763E-02
 6  8 3.35029864E-02-4.41851704E-02-8.61070203E-03-2.82167481E-02
 7  1 3.80233136E-02-2.43319589E-02 1.79361724E-03-3.79228335E-01 3.67481840E-02
 7  2 8.32641510E-03 1.23592914E+00-1.64935545E-01 6.59455886E-02-3.49750444E-01
 7  3 1.20281660E-01-5.34841306E-02-4.66363454E-03-4.25454431E-02 1.50249033E-02
 7  4 3.10476821E-02 1.51789270E-02 6.53436452E-03-2.91838265E-01 4.81271475E-02
 7  5-4.23223610E-02-8.49630639E-02-2.47926660E-03-4.51509141E-02 2.85605559E-03
 7  6-5.21899691E-04 2.48431591E-03 7.57800194E-02 1.03452558E-02 4.13752136E-02
 7  7-3.28430433E-03-2.70392260E-02-3.23682054E-02-3.50143118E-01 6.53396898E-02
 7  8 8.40102851E-03 8.02349522E-02-3.41675249E-02 2.34401642E-02
 8  1 1.15683450E-02-2.36519161E-03-2.79712658E-02-1.39356590E-03-1.65945901E-01
 8  2 1.58103586E-01-1.64935545E-01 7.56230599E-01-2.43034918E-01 9.13243699E-02
 8  3-2.31445403E-01 5.48045063E-02 1.00101646E-03-3.45578212E-02-3.01950064E-02
 8  4-1.64056378E-02-1.53117589E-02 2.57783476E-02 9.36468430E-02-9.87363993E-02
 8  5 5.45989821E-02 2.49801233E-02 1.24586161E-02 8.45038725E-03 5.73102427E-03
 8  6-5.85010059E-03-3.44821432E-03-8.00164738E-02 1.32336469E-02-2.27057594E-02
 8  7-6.56400897E-03 1.42342185E-03-1.67882047E-02-1.14930402E-02-1.65351354E-01
 8  8 3.53110291E-02 5.25565495E-02-6.37823548E-02 7.09653023E-03
 9  1-1.21432638E-02 1.80003929E-02-6.21797826E-03 2.12994651E-02 3.96645959E-02
 9  2-2.66866776E-01 6.59455886E-02-2.43034918E-01 5.62171321E-01-4.15279113E-02
 9  3 4.36690951E-02-1.35841713E-01-5.47483368E-03 2.82276362E-02 3.85595677E-02
 9  4 3.21642530E-02 1.02549616E-02 4.81701100E-02-9.58033624E-02 1.07733834E-01
 9  5-1.02784231E-01-1.96645664E-02-7.21415476E-03 3.22503170E-02-5.56626234E-03
 9  6-5.74064986E-03-3.28515611E-03 4.72962230E-03-1.25902316E-02-6.60900429E-02
 9  7 2.43000338E-02-5.33963907E-02-3.27597995E-02-2.43843749E-02 4.38304624E-02
 9  8-1.00627704E-01 5.61256122E-02 3.05953666E-02 3.33220843E-02
10  1-2.92582241E-02 2.02729562E-02-6.77043892E-03 5.53841349E-02-1.60889432E-02
10  2 3.40210443E-02-3.49750444E-01 9.13243699E-02-4.15279113E-02 8.74193468E-01
10  3-7.02785330E-02 2.22517959E-01 6.62728897E-03-5.46801175E-02-5.49901693E-02
10  4 3.64967347E-02 1.18125896E-02 3.47638744E-02-4.87953867E-03-1.19186510E-01
10  5 6.88857856E-02 3.09642354E-01-1.29754560E-01 1.71868721E-01 4.83443705E-02
10  6 9.63698628E-02 3.29755014E-03-5.21390097E-02-5.26497087E-03-3.10227991E-02
10  7-5.45017982E-03 1.21258763E-01-4.61700207E-02 3.63365198E-03 4.01541960E-02
10  8-6.09214627E-02-8.92844606E-01 1.40608966E-02-2.93952132E-01
11  1-1.91958154E-02 5.50301770E-03 8.51287917E-03 2.33943104E-02-5.50118651E-02
11  2-1.30240130E-03 1.20281660E-01-2.31445403E-01 4.36690951E-02-7.02785330E-02
11  3 4.78910860E-01-4.06835936E-02 1.62831112E-04-1.21434170E-02-1.73715739E-02
11  4 1.58033573E-02 8.32136902E-03 1.98134273E-02-3.35405257E-02-3.78173616E-02
11  5-6.04797334E-02-1.75254289E-02 2.67829471E-02 2.18019521E-03-1.65440391E-03
11  6-8.08982905E-03-3.71713835E-03 4.47980565E-02-1.93198328E-03 1.72383642E-02
11  7 5.34464795E-03 9.13937429E-03-8.39117753E-03 6.20142962E-03-2.82391674E-02
11  8-3.05190795E-02-7.37915855E-02-1.53978542E-01 7.10507366E-02
12  1-2.02632179E-02 1.39237315E-02 3.29787551E-04-3.13144965E-03 3.14930220E-02
12  2 1.66180111E-02-5.34841306E-02 5.48045063E-02-1.35841713E-01 2.22517959E-01
12  3-4.06835936E-02 5.47704638E-01 3.47916731E-03-5.05065422E-02-4.72591345E-02
12  4 2.93643998E-02 1.15576925E-02 2.62892557E-02-1.25437117E-02-1.16809696E-01
12  5 1.57400555E-02 1.55906337E-01-4.87410479E-02 7.72254855E-02 2.39743604E-02
12  6 4.59937602E-02 3.04989507E-03 1.60920058E-02-4.43278979E-03 3.75368558E-03
12  7-1.42525782E-02 8.19192131E-02-2.18336637E-02 6.14043876E-03-1.91214341E-02
12  8-3.78896412E-02-3.53799580E-01 4.06031785E-02-4.47886662E-01
13  1 2.07390224E-03 6.42570048E-04-1.63079137E-04-3.48300834E-01 4.73553939E-03
13  2-1.41864881E-02-4.66363454E-03 1.00101646E-03-5.47483368E-03 6.62728897E-03
13  3 1.62831112E-04 3.47916731E-03 3.47899287E-01-4.58262784E-03 1.51530687E-02
13  4-3.08822411E-04-2.77554351E-04-7.61897151E-05-6.69275767E-04 1.30200074E-03
13  5 1.10139275E-03 1.15991584E-03 5.76334375E-05 3.49039591E-04-1.74894888E-04
13  6 7.69731180E-04 1.62440606E-04-1.42943440E-03-1.10458170E-03-5.49723808E-04
13  7 9.70296586E-04 5.17535959E-04 2.34782393E-03 9.08675009E-05-3.58641644E-03
13  8-6.37441575E-04-3.27466254E-03 3.62321998E-04-1.50517687E-03
14  1-6.53354922E-03-2.83700209E-03-6.00728185E-03 1.11311212E-02-1.86346188E-01
14  2-7.86038725E-02-4.25454431E-02-3.45578212E-02 2.82276362E-02-5.46801175E-02
14  3-1.21434170E-02-5.05065422E-02-4.58262784E-03 1.59619883E-01 7.49747477E-02
14  4 3.89315985E-02 1.51267595E-02 2.05016215E-04-5.98373078E-03 5.14091659E-03
14  5-2.17510859E-02-2.96812131E-02 5.78936918E-03-1.23797786E-02 1.38281881E-03
14  6-1.85260434E-03-1.44093957E-03 5.52507725E-02-7.23904053E-03 1.96747342E-02
14  7-2.16324070E-03-8.69200868E-03 1.46386143E-02-3.19460073E-03 6.12524345E-02
14  8 5.29263966E-03 4.26682120E-02 6.73871924E-03 2.76761121E-02
15  1-2.80093736E-02 1.28941585E-03-1.85077499E-03-1.15204758E-04-7.88732197E-02
15  2-1.75738682E-01 1.50249033E-02-3.01950064E-02 3.85595677E-02-5.49901693E-02
15  3-1.73715739E-02-4.72591345E-02 1.51530687E-02 7.49747477E-02 1.55756705E-01
15  4 2.17908026E-03-7.85684762E-04-3.85156819E-03-1.57734046E-02 8.45122976E-03
15  5-2.11969023E-02-3.07115460E-02 4.68932349E-03-1.13571300E-02 6.34178992E-04
15  6-7.28223849E-04-1.04954108E-03 6.05208933E-02-9.14790421E-03 1.95300107E-02
15  7 1.65904587E-05-1.08871545E-02 1.56796118E-02-2.64720847E-03 4.86646122E-02
15  8 6.30420873E-03 3.87181917E-02 9.91943837E-03 2.64736290E-02
16  1 5.22202856E-03-8.01878375E-03-2.95227457E-04-2.63940048E-01 4.95119022E-02
16  2-1.01997302E-01 3.10476821E-02-1.64056378E-02 3.21642530E-02 3.64967347E-02
16  3 1.58033573E-02 2.93643998E-02-3.08822411E-04 3.89315985E-02 2.17908026E-03
16  4 2.19103429E-01-6.57359285E-02 8.03489303E-02-4.12030524E-02 4.07633010E-02
16  5-2.39614742E-02-4.00769634E-03-5.46132971E-04-2.33871971E-03-7.64646976E-05
16  6 2.24546011E-03 9.49655223E-04 2.02099700E-02-2.82578521E-03 7.05486560E-03
16  7 1.26825812E-03-1.84209619E-02 1.31677749E-02 6.71315905E-03-3.44989577E-02
16  8-3.21941873E-02-1.05251774E-02-8.03431204E-04-4.44204796E-03
17  1 1.92986805E-03-2.48794520E-03-9.90128876E-04 4.68584008E-02-3.18970336E-01
17  2-5.25185836E-02 1.51789270E-02-1.53117589E-02 1.02549616E-02 1.18125896E-02
17  3 8.32136902E-03 1.15576925E-02-2.77554351E-04 1.51267595E-02-7.85684762E-04
17  4-6.57359285E-02 3.16999520E-01 5.02009368E-02-1.40338381E-02 1.64554733E-02
17  5-7.74200900E-03-9.10747263E-04-6.65202178E-05-8.91308752E-04 2.40293589E-04
17  6 4.65379208E-05 1.96759689E-04 5.96858690E-03 4.37373307E-04 2.45494504E-03
17  7-6.66211839E-04-7.74151021E-03 2.23796807E-03 2.52771762E-03-1.07843798E-02
17  8-1.23010952E-02-2.89210347E-03-2.02458354E-03-1.67445340E-03
18  1 1.48744864E-02-2.81613192E-02 4.04025401E-03-1.04760419E-01-5.20053562E-02
18  2-2.04806629E-01 6.53436452E-03 2.57783476E-02 4.81701100E-02 3.47638744E-02
18  3 1.98134273E-02 2.62892557E-02-7.61897151E-05 2.05016215E-04-3.85156819E-03
18  4 8.03489303E-02 5.02009368E-02 1.72871640E-01-4.24237142E-02 3.74448148E-02
18  5-2.06429314E-02-1.83537836E-03-1.32078320E-03-2.14685432E-03-5.36716224E-05
18  6 8.76175759E-04 8.08023543E-04 1.59666077E-02-6.46306552E-04 6.85984150E-03
18  7 1.71258843E-03-1.86422201E-02 8.46950424E-03 5.81145188E-03-3.36708336E-02
18  8-3.14181100E-02-1.08629310E-02 1.28100422E-04-4.64253583E-03
19  1 8.89440035E-03-8.93812886E-03-1.92124667E-02 8.07239989E-02 2.94334263E-02
19  2 1.41879830E-01-2.91838265E-01 9.36468430E-02-9.58033624E-02-4.87953867E-03
19  3-3.35405257E-02-1.25437117E-02-6.69275767E-04-5.98373078E-03-1.57734046E-02
19  4-4.12030524E-02-1.40338381E-02-4.24237142E-02 8.29603911E-01 7.94291311E-02
19  5 2.04136186E-01 4.11831325E-01-2.99292690E-02 2.76944641E-01 6.15583667E-02
19  6-1.71789208E-02-5.92703565E-02-7.61872132E-01 3.81217219E-02-3.04845937E-01
19  7-3.10038116E-01-1.09667816E-01-5.15773676E-02 6.06821512E-03-6.46333207E-02
19  8-3.90625312E-02 1.18201631E-02 4.32744274E-02 1.75521952E-02
20  1-1.89961106E-02 2.21010454E-02 9.70558171E-03-4.77621336E-02-2.51691305E-02
20  2-8.35510309E-02 4.81271475E-02-9.87363993E-02 1.07733834E-01-1.19186510E-01
20  3-3.78173616E-02-1.16809696E-01 1.30200074E-03 5.14091659E-03 8.45122976E-03
20  4 4.07633010E-02 1.64554733E-02 3.74448148E-02 7.94291311E-02 3.02721706E-01
20  5 2.37695403E-02-7.75343031E-03 8.20362908E-03 1.22392006E-02-6.13100135E-04
20  6-1.05540252E-02-3.66335083E-03-1.13673557E-01-8.46987442E-02-4.35745665E-02
20  7-4.88365983E-02-9.22526337E-02 8.50249613E-04 2.29743367E-03-1.69527518E-02
20  8-4.03454170E-02 1.84902425E-01 1.15582762E-02 8.77496108E-02
21  1 1.41640646E-02-6.74643769E-03-1.77143472E-02 1.51994176E-02 1.72340535E-02
21  2 1.58324807E-02-4.23223610E-02 5.45989821E-02-1.02784231E-01 6.88857856E-02
21  3-6.04797334E-02 1.57400555E-02 1.10139275E-03-2.17510859E-02-2.11969023E-02
21  4-2.39614742E-02-7.74200900E-03-2.06429314E-02 2.04136186E-01 2.37695403E-02
21  5 4.38475936E-01 2.93458255E-01-2.60993407E-02 1.60303707E-01 2.60222320E-02
21  6 4.36848366E-03-1.47118036E-02-4.27491300E-01 5.79855753E-02-2.46350946E-01
21  7-3.61453526E-02-4.61656607E-02-1.36485764E-01-7.36974533E-03 1.21250940E-03
21  8-3.57496719E-02-8.56771004E-02 9.81512312E-03-3.47155817E-02
22  1-2.37228177E-03-3.60079410E-03-6.38748352E-03 2.99537261E-02 2.71586795E-02
22  2 6.51793333E-02-8.49630639E-02 2.49801233E-02-1.96645664E-02 3.09642354E-01
22  3-1.75254289E-02 1.55906337E-01 1.15991584E-03-2.96812131E-02-3.07115460E-02
22  4-4.00769634E-03-9.10747263E-04-1.83537836E-03 4.11831325E-01-7.75343031E-03
22  5 2.93458255E-01 1.30133222E+00-1.00915868E-01 5.76465446E-01-1.41925982E-01
22  6 4.80696403E-02-1.44418090E-01-1.23879399E+00 5.66237433E-02-5.00916419E-01
22  7 3.08186025E-02-5.28099828E-02-1.15384061E-01 3.61079880E-03 1.77807882E-02
22  8-4.21803425E-02-6.16285925E-01 3.85844897E-02-2.29511485E-01
23  1 4.76086272E-04 5.72112707E-04 1.46595701E-03-5.86545945E-03-1.27967352E-02
23  2-1.12240395E-02-2.47926660E-03 1.24586161E-02-7.21415476E-03-1.29754560E-01
23  3 2.67829471E-02-4.87410479E-02 5.76334375E-05 5.78936918E-03 4.68932349E-03
23  4-5.46132971E-04-6.65202178E-05-1.32078320E-03-2.99292690E-02 8.20362908E-03
23  5-2.60993407E-02-1.00915868E-01 5.51771586E-01-1.04386686E-01 3.52936585E-02
23  6-1.78229916E-01 4.91457915E-02 5.75542018E-03-3.15361827E-01 2.76594583E-02
23  7 2.92635241E-03-6.41250991E-03 1.76448866E-02-1.82111847E-03-5.17167437E-03
23  8 1.11536286E-02 2.26802523E-01-8.75390782E-02 8.72270066E-02
24  1 1.63953439E-03-3.00469850E-03-5.13561375E-04 4.69845131E-03 1.74533484E-02
24  2 1.69292288E-02-4.51509141E-02 8.45038725E-03 3.22503170E-02 1.71868721E-01
24  3 2.18019521E-03 7.72254855E-02 3.49039591E-04-1.23797786E-02-1.13571300E-02
24  4-2.33871971E-03-8.91308752E-04-2.14685432E-03 2.76944641E-01 1.22392006E-02
24  5 1.60303707E-01 5.76465446E-01-1.04386686E-01 7.37741475E-01-5.70584526E-02
24  6 3.79362768E-02-2.78155192E-01-7.03806452E-01 4.13224566E-02-4.50960913E-01
24  7 1.14584015E-02-2.76031326E-02-4.06487692E-02 4.57744314E-03-7.80192295E-04
24  8-2.67631359E-02-2.39647140E-01 2.94639319E-02-2.13904658E-01
25  1-5.08896087E-04 3.80843026E-04 5.87258524E-05-7.79693156E-06-3.21084853E-03
25  2 5.22311896E-06 2.85605559E-03 5.73102427E-03-5.56626234E-03 4.83443705E-02
25  3-1.65440391E-03 2.39743604E-02-1.74894888E-04 1.38281881E-03 6.34178992E-04
25  4-7.64646976E-05 2.40293589E-04-5.36716224E-05 6.15583667E-02-6.13100135E-04
25  5 2.60222320E-02-1.41925982E-01 3.52936585E-02-5.70584526E-02 2.08774924E-01
25  6-3.90994549E-02 9.36118353E-02-1.23683937E-01 9.60637976E-03-5.79996292E-02
25  7-1.85510058E-04-3.72490979E-03 2.18946303E-04-2.77816262E-04-3.23760035E-03
25  8 2.11751422E-03-5.46924179E-02-1.09470043E-03-2.59650005E-02
26  1-1.90546607E-03 2.51192099E-03-1.29698266E-03 6.00335615E-03 1.31679578E-03
26  2 1.84665044E-03-5.21899691E-04-5.85010059E-03-5.74064986E-03 9.63698628E-02
26  3-8.08982905E-03 4.59937602E-02 7.69731180E-04-1.85260434E-03-7.28223849E-04
26  4 2.24546011E-03 4.65379208E-05 8.76175759E-04-1.71789208E-02-1.05540252E-02
26  5 4.36848366E-03 4.80696403E-02-1.78229916E-01 3.79362768E-02-3.90994549E-02
26  6 1.63613401E-01-5.48357960E-02 6.23518118E-02-7.51608882E-03 4.80391475E-02
26  7 2.46547728E-04 1.39877045E-02-9.72630381E-05 4.55207003E-04 5.83792449E-03
26  8-5.58655393E-03-1.57805876E-01 2.47782793E-02-7.07750250E-02
27  1-7.92587641E-04 6.91909558E-04-6.55200248E-04 3.43454729E-03 1.66581152E-03
27  2 2.43807509E-03 2.48431591E-03-3.44821432E-03-3.28515611E-03 3.29755014E-03
27  3-3.71713835E-03 3.04989507E-03 1.62440606E-04-1.44093957E-03-1.04954108E-03
27  4 9.49655223E-04 1.96759689E-04 8.08023543E-04-5.92703565E-02-3.66335083E-03
27  5-1.47118036E-02-1.44418090E-01 4.91457915E-02-2.78155192E-01 9.36118353E-02
27  6-5.48357960E-02 2.40331217E-01 1.31798730E-01-9.81233728E-03 7.02994325E-02
27  7-1.83366324E-03 9.01066376E-03-3.33540398E-03 2.00575064E-04 3.51252303E-03
27  8-3.50137972E-03-2.96249525E-02 1.26943173E-02-1.22329660E-02
28  1 1.71531762E-03 1.06835508E-02 1.57752347E-02-1.57470476E-02-7.78983186E-02
28  2-1.41589567E-01 7.57800194E-02-8.00164738E-02 4.72962230E-03-5.21390097E-02
28  3 4.47980565E-02 1.60920058E-02-1.42943440E-03 5.52507725E-02 6.05208933E-02
28  4 2.02099700E-02 5.96858690E-03 1.59666077E-02-7.61872132E-01-1.13673557E-01
28  5-4.27491300E-01-1.23879399E+00 5.75542018E-03-7.03806452E-01-1.23683937E-01
28  6 6.23518118E-02 1.31798730E-01 1.97248017E+00-9.82256174E-02 7.81668088E-01
28  7-6.01081940E-02 1.85496736E-01 1.47734065E-01-5.07540156E-03 4.33406338E-02
28  8 3.08528220E-02 1.88663678E-01-4.38316020E-02 6.77492507E-02
29  1-7.86648229E-04-2.82181281E-03-1.48773831E-03 5.54680353E-04 1.42487688E-02
29  2 2.67986932E-02 1.03452558E-02 1.32336469E-02-1.25902316E-02-5.26497087E-03
29  3-1.93198328E-03-4.43278979E-03-1.10458170E-03-7.23904053E-03-9.14790421E-03
29  4-2.82578521E-03 4.37373307E-04-6.46306552E-04 3.81217219E-02-8.46987442E-02
29  5 5.79855753E-02 5.66237433E-02-3.15361827E-01 4.13224566E-02 9.60637976E-03
29  6-7.51608882E-03-9.81233728E-03-9.82256174E-02 4.10907855E-01-7.54321905E-02
29  7-2.43909488E-03-1.32639871E-02-1.63835965E-02 5.66898775E-04-1.02054322E-02
29  8 1.98689948E-03-5.17198158E-03 4.21127153E-03 1.83947014E-03
30  1-2.00462080E-03 4.22359660E-03 3.54975324E-03-4.95733998E-03-2.93947351E-02
30  2-3.48512654E-02 4.13752136E-02-2.27057594E-02-6.60900429E-02-3.10227991E-02
30  3 1.72383642E-02 3.75368558E-03-5.49723808E-04 1.96747342E-02 1.95300107E-02
30  4 7.05486560E-03 2.45494504E-03 6.85984150E-03-3.04845937E-01-4.35745665E-02
30  5-2.46350946E-01-5.00916419E-01 2.76594583E-02-4.50960913E-01-5.79996292E-02
30  6 4.80391475E-02 7.02994325E-02 7.81668088E-01-7.54321905E-02 5.55323961E-01
30  7-2.29470511E-02 7.62378447E-02 6.27397384E-02-5.94811291E-03 1.61974908E-02
30  8 3.41950794E-02 1.01093466E-01-4.06183299E-02 4.20016648E-02
31  1 1.19606467E-03-1.13272447E-03 1.01502545E-03-3.74569591E-03 1.67207889E-03
31  2-8.34055543E-03-3.28430433E-03-6.56400897E-03 2.43000338E-02-5.45017982E-03
31  3 5.34464795E-03-1.42525782E-02 9.70296586E-04-2.16324070E-03 1.65904587E-05
31  4 1.26825812E-03-6.66211839E-04 1.71258843E-03-3.10038116E-01-4.88365983E-02
31  5-3.61453526E-02 3.08186025E-02 2.92635241E-03 1.14584015E-02-1.85510058E-04
31  6 2.46547728E-04-1.83366324E-03-6.01081940E-02-2.43909488E-03-2.29470511E-02
31  7 3.31550230E-01 4.36359316E-02 4.09464087E-02 2.43392720E-04 6.37702919E-03
31  8-5.47470005E-03 1.67651555E-02 1.59929132E-03 9.54485238E-03
32  1 4.75921497E-03-5.55315794E-03-9.10210503E-03 2.63066560E-02 1.50752428E-02
32  2 4.89709539E-02-2.70392260E-02 1.42342185E-03-5.33963907E-02 1.21258763E-01
32  3 9.13937429E-03 8.19192131E-02 5.17535959E-04-8.69200868E-03-1.08871545E-02
32  4-1.84209619E-02-7.74151021E-03-1.86422201E-02-1.09667816E-01-9.22526337E-02
32  5-4.61656607E-02-5.28099828E-02-6.41250991E-03-2.76031326E-02-3.72490979E-03
32  6 1.39877045E-02 9.01066376E-03 1.85496736E-01-1.32639871E-02 7.62378447E-02
32  7 4.36359316E-02 8.86215033E-02 2.59162599E-02-2.48077931E-03 1.56000335E-02
32  8 9.99159372E-03-1.67831162E-01-9.93147270E-03-8.62498652E-02
33  1-6.84044631E-03 1.26297202E-02-6.02793470E-04-1.20166656E-02-1.91968649E-02
33  2-3.76778645E-02-3.23682054E-02-1.67882047E-02-3.27597995E-02-4.61700207E-02
33  3-8.39117753E-03-2.18336637E-02 2.34782393E-03 1.46386143E-02 1.56796118E-02
33  4 1.31677749E-02 2.23796807E-03 8.46950424E-03-5.15773676E-02 8.50249613E-04
33  5-1.36485764E-01-1.15384061E-01 1.76448866E-02-4.06487692E-02 2.18946303E-04
33  6-9.72630381E-05-3.33540398E-03 1.47734065E-01-1.63835965E-02 6.27397384E-02
33  7 4.09464087E-02 2.59162599E-02 1.42040967E-01-1.04389511E-03-1.82309094E-02
33  8 9.41590320E-03 6.09856431E-02 5.17031736E-03 3.49983335E-02
34  1-4.90736593E-03 3.06291057E-03 5.19925134E-04-2.82202526E-03-3.27059546E-03
34  2-2.28478452E-03-3.50143118E-01-1.14930402E-02-2.43843749E-02 3.63365198E-03
34  3 6.20142962E-03 6.14043876E-03 9.08675009E-05-3.19460073E-03-2.64720847E-03
34  4 6.71315905E-03 2.52771762E-03 5.81145188E-03 6.06821512E-03 2.29743367E-03
34  5-7.36974533E-03 3.61079880E-03-1.82111847E-03 4.57744314E-03-2.77816262E-04
34  6 4.55207003E-04 2.00575064E-04-5.07540156E-03 5.66898775E-04-5.94811291E-03
34  7 2.43392720E-04-2.48077931E-03-1.04389511E-03 3.44821433E-01 7.17953489E-03
34  8 2.86486685E-02-1.95579156E-03-3.09979420E-05-2.22038128E-03
35  1 2.01922805E-02-1.02356911E-02 8.47751618E-03-3.27744108E-02-3.89617731E-02
35  2-3.22730763E-02 6.53396898E-02-1.65351354E-01 4.38304624E-02 4.01541960E-02
35  3-2.82391674E-02-1.91214341E-02-3.58641644E-03 6.12524345E-02 4.86646122E-02
35  4-3.44989577E-02-1.07843798E-02-3.36708336E-02-6.46333207E-02-1.69527518E-02
35  5 1.21250940E-03 1.77807882E-02-5.17167437E-03-7.80192295E-04-3.23760035E-03
35  6 5.83792449E-03 3.51252303E-03 4.33406338E-02-1.02054322E-02 1.61974908E-02
35  7 6.37702919E-03 1.56000335E-02-1.82309094E-02 7.17953489E-03 1.91246187E-01
35  8 7.18626399E-03-6.16334465E-02 1.19656437E-02-2.50049322E-02
36  1 2.46644967E-02-1.62767928E-02 9.10121545E-04 4.00151475E-02 3.57789581E-02
36  2 3.35029864E-02 8.40102851E-03 3.53110291E-02-1.00627704E-01-6.09214627E-02
36  3-3.05190795E-02-3.78896412E-02-6.37441575E-04 5.29263966E-03 6.30420873E-03
36  4-3.21941873E-02-1.23010952E-02-3.14181100E-02-3.90625312E-02-4.03454170E-02
36  5-3.57496719E-02-4.21803425E-02 1.11536286E-02-2.67631359E-02 2.11751422E-03
36  6-5.58655393E-03-3.50137972E-03 3.08528220E-02 1.98689948E-03 3.41950794E-02
36  7-5.47470005E-03 9.99159372E-03 9.41590320E-03 2.86486685E-02 7.18626399E-03
36  8 1.27387864E-01 4.57709879E-02-1.67207418E-03 2.42334789E-02
37  1 9.68852137E-03-3.39485868E-03 7.22797084E-03-4.17538843E-02-1.67143164E-02
37  2-4.41851704E-02 8.02349522E-02 5.25565495E-02 5.61256122E-02-8.92844606E-01
37  3-7.37915855E-02-3.53799580E-01-3.27466254E-03 4.26682120E-02 3.87181917E-02
37  4-1.05251774E-02-2.89210347E-03-1.08629310E-02 1.18201631E-02 1.84902425E-01
37  5-8.56771004E-02-6.16285925E-01 2.26802523E-01-2.39647140E-01-5.46924179E-02
37  6-1.57805876E-01-2.96249525E-02 1.88663678E-01-5.17198158E-03 1.01093466E-01
37  7 1.67651555E-02-1.67831162E-01 6.09856431E-02-1.95579156E-03-6.16334465E-02
37  8 4.57709879E-02 1.31416000E+00-1.76943803E-02 4.53875002E-01
38  1 5.30736078E-03-2.35621258E-03 3.80531088E-04-5.56615114E-03 1.51163756E-02
38  2-8.61070203E-03-3.41675249E-02-6.37823548E-02 3.05953666E-02 1.40608966E-02
38  3-1.53978542E-01 4.06031785E-02 3.62321998E-04 6.73871924E-03 9.91943837E-03
38  4-8.03431204E-04-2.02458354E-03 1.28100422E-04 4.32744274E-02 1.15582762E-02
38  5 9.81512312E-03 3.85844897E-02-8.75390782E-02 2.94639319E-02-1.09470043E-03
38  6 2.47782793E-02 1.26943173E-02-4.38316020E-02 4.21127153E-03-4.06183299E-02
38  7 1.59929132E-03-9.93147270E-03 5.17031736E-03-3.09979420E-05 1.19656437E-02
38  8-1.67207418E-03-1.76943803E-02 2.45243678E-01-8.78691985E-02
39  1 5.29120275E-03-6.55001581E-04 3.53873005E-03-1.98564434E-02-1.04109905E-02
39  2-2.82167481E-02 2.34401642E-02 7.09653023E-03 3.33220843E-02-2.93952132E-01
39  3 7.10507366E-02-4.47886662E-01-1.50517687E-03 2.76761121E-02 2.64736290E-02
39  4-4.44204796E-03-1.67445340E-03-4.64253583E-03 1.75521952E-02 8.77496108E-02
39  5-3.47155817E-02-2.29511485E-01 8.72270066E-02-2.13904658E-01-2.59650005E-02
39  6-7.07750250E-02-1.22329660E-02 6.77492507E-02 1.83947014E-03 4.20016648E-02
39  7 9.54485238E-03-8.62498652E-02 3.49983335E-02-2.22038128E-03-2.50049322E-02
39  8 2.42334789E-02 4.53875002E-01-8.78691985E-02 5.77031231E-01
 $END
 $VIB   
         IVIB=   0 IATOM=   0 ICOORD=   0 E=     -762.3138019072
-9.591601745E-05 1.016079281E-04 4.081205537E-05 8.165008636E-05-2.840430539E-04
-3.665536815E-04-1.596610819E-04 6.594305647E-05-6.312770602E-06-2.462856752E-07
-9.701578211E-05-4.480973289E-05-1.474481777E-06 1.434649611E-04 1.794330824E-04
 1.008651569E-04 3.177295978E-05 6.294545162E-05-9.178331714E-05 9.331525650E-05
-2.319773808E-04-2.276031772E-04-9.818650214E-05-8.807137788E-05-1.483158376E-06
 8.446699855E-05 4.983878260E-05 4.417095605E-04-6.499924046E-05 1.025094100E-04
-5.158900073E-05-3.442528767E-06 2.464617944E-04 1.356235257E-05-8.337700600E-05
 6.018545951E-06-8.030636127E-06 1.104929529E-04 4.970582131E-05
-2.288068026E+00-2.346930517E+00-5.106208525E+00
 $END
 --- SOLUTE ELECTROSTATIC MOMENTS ---
 MOMENTS AT POINT    1 X,Y,Z=  5.940437  2.281988 -3.647516
 DIPOLE      -2.295331 -2.347687 -5.108264
 --- SOLUTE ELECTROSTATIC MOMENTS ---
 MOMENTS AT POINT    1 X,Y,Z=  5.937370  2.285055 -3.647516
 DIPOLE      -2.288771 -2.354524 -5.110022
 --- SOLUTE ELECTROSTATIC MOMENTS ---
 MOMENTS AT POINT    1 X,Y,Z=  5.937370  2.281988 -3.644449
 DIPOLE      -2.289192 -2.348936 -5.125875
 --- SOLUTE ELECTROSTATIC MOMENTS ---
 MOMENTS AT POINT    1 X,Y,Z=  5.938422  2.281988 -3.647516
 DIPOLE      -2.284967 -2.347757 -5.101014
 --- SOLUTE ELECTROSTATIC MOMENTS ---
 MOMENTS AT POINT    1 X,Y,Z=  5.937370  2.283040 -3.647516
 DIPOLE      -2.288484 -2.344585 -5.097659
 --- SOLUTE ELECTROSTATIC MOMENTS ---
 MOMENTS AT POINT    1 X,Y,Z=  5.937370  2.281988 -3.646463
 DIPOLE      -2.284971 -2.341352 -5.083794
 --- SOLUTE ELECTROSTATIC MOMENTS ---
 MOMENTS AT POINT    1 X,Y,Z=  5.938422  2.281988 -3.647516
 DIPOLE      -2.270632 -2.350736 -5.105899
 --- SOLUTE ELECTROSTATIC MOMENTS ---
 MOMENTS AT POINT    1 X,Y,Z=  5.937370  2.283040 -3.647516
 DIPOLE      -2.292476 -2.317641 -5.110889
 --- SOLUTE ELECTROSTATIC MOMENTS ---
 MOMENTS AT POINT    1 X,Y,Z=  5.937370  2.281988 -3.646463
 DIPOLE      -2.284481 -2.346110 -5.079203
 --- SOLUTE ELECTROSTATIC MOMENTS ---
 MOMENTS AT POINT    1 X,Y,Z=  5.938773  2.281988 -3.647516
 DIPOLE      -2.305523 -2.344241 -5.105403
 --- SOLUTE ELECTROSTATIC MOMENTS ---
 MOMENTS AT POINT    1 X,Y,Z=  5.937370  2.283391 -3.647516
 DIPOLE      -2.286282 -2.376727 -5.101876
 --- SOLUTE ELECTROSTATIC MOMENTS ---
 MOMENTS AT POINT    1 X,Y,Z=  5.937370  2.281988 -3.646113
 DIPOLE      -2.290406 -2.342229 -5.132066
 --- SOLUTE ELECTROSTATIC MOMENTS ---
 MOMENTS AT POINT    1 X,Y,Z=  5.937458  2.281988 -3.647516
 DIPOLE      -2.287872 -2.347531 -5.106831
 --- SOLUTE ELECTROSTATIC MOMENTS ---
 MOMENTS AT POINT    1 X,Y,Z=  5.937370  2.282076 -3.647516
 DIPOLE      -2.287477 -2.343612 -5.107279
 --- SOLUTE ELECTROSTATIC MOMENTS ---
 MOMENTS AT POINT    1 X,Y,Z=  5.937370  2.281988 -3.647428
 DIPOLE      -2.289627 -2.348035 -5.107004
 --- SOLUTE ELECTROSTATIC MOMENTS ---
 MOMENTS AT POINT    1 X,Y,Z=  5.937458  2.281988 -3.647516
 DIPOLE      -2.285376 -2.345631 -5.106921
 --- SOLUTE ELECTROSTATIC MOMENTS ---
 MOMENTS AT POINT    1 X,Y,Z=  5.937370  2.282076 -3.647516
 DIPOLE      -2.287408 -2.345868 -5.106639
 --- SOLUTE ELECTROSTATIC MOMENTS ---
 MOMENTS AT POINT    1 X,Y,Z=  5.937370  2.281988 -3.647428
 DIPOLE      -2.288415 -2.348216 -5.106879
 --- SOLUTE ELECTROSTATIC MOMENTS ---
 MOMENTS AT POINT    1 X,Y,Z=  5.938773  2.281988 -3.647516
 DIPOLE      -2.296744 -2.348180 -5.105563
 --- SOLUTE ELECTROSTATIC MOMENTS ---
 MOMENTS AT POINT    1 X,Y,Z=  5.937370  2.283391 -3.647516
 DIPOLE      -2.288709 -2.374019 -5.101468
 --- SOLUTE ELECTROSTATIC MOMENTS ---
 MOMENTS AT POINT    1 X,Y,Z=  5.937370  2.281988 -3.646113
 DIPOLE      -2.288942 -2.347085 -5.139496
 --- SOLUTE ELECTROSTATIC MOMENTS ---
 MOMENTS AT POINT    1 X,Y,Z=  5.938773  2.281988 -3.647516
 DIPOLE      -2.305204 -2.350828 -5.095610
 --- SOLUTE ELECTROSTATIC MOMENTS ---
 MOMENTS AT POINT    1 X,Y,Z=  5.937370  2.283391 -3.647516
 DIPOLE      -2.289291 -2.369421 -5.099192
 --- SOLUTE ELECTROSTATIC MOMENTS ---
 MOMENTS AT POINT    1 X,Y,Z=  5.937370  2.281988 -3.646113
 DIPOLE      -2.280981 -2.340621 -5.131524
 --- SOLUTE ELECTROSTATIC MOMENTS ---
 MOMENTS AT POINT    1 X,Y,Z=  5.937458  2.281988 -3.647516
 DIPOLE      -2.280461 -2.345396 -5.110416
 --- SOLUTE ELECTROSTATIC MOMENTS ---
 MOMENTS AT POINT    1 X,Y,Z=  5.937370  2.282076 -3.647516
 DIPOLE      -2.287850 -2.337270 -5.106935
 --- SOLUTE ELECTROSTATIC MOMENTS ---
 MOMENTS AT POINT    1 X,Y,Z=  5.937370  2.281988 -3.647428
 DIPOLE      -2.291579 -2.345984 -5.099267
 --- SOLUTE ELECTROSTATIC MOMENTS ---
 MOMENTS AT POINT    1 X,Y,Z=  5.937458  2.281988 -3.647516
 DIPOLE      -2.277955 -2.345068 -5.111758
 --- SOLUTE ELECTROSTATIC MOMENTS ---
 MOMENTS AT POINT    1 X,Y,Z=  5.937370  2.282076 -3.647516
 DIPOLE      -2.286302 -2.328579 -5.117480
 --- SOLUTE ELECTROSTATIC MOMENTS ---
 MOMENTS AT POINT    1 X,Y,Z=  5.937370  2.281988 -3.647428
 DIPOLE      -2.291583 -2.353655 -5.091417
 --- SOLUTE ELECTROSTATIC MOMENTS ---
 MOMENTS AT POINT    1 X,Y,Z=  5.937458  2.281988 -3.647516
 DIPOLE      -2.284218 -2.347467 -5.105579
 --- SOLUTE ELECTROSTATIC MOMENTS ---
 MOMENTS AT POINT    1 X,Y,Z=  5.937370  2.282076 -3.647516
 DIPOLE      -2.287502 -2.335335 -5.106399
 --- SOLUTE ELECTROSTATIC MOMENTS ---
 MOMENTS AT POINT    1 X,Y,Z=  5.937370  2.281988 -3.647428
 DIPOLE      -2.286778 -2.347122 -5.096359
 --- SOLUTE ELECTROSTATIC MOMENTS ---
 MOMENTS AT POINT    1 X,Y,Z=  5.937458  2.281988 -3.647516
 DIPOLE      -2.292192 -2.346416 -5.106599
 --- SOLUTE ELECTROSTATIC MOMENTS ---
 MOMENTS AT POINT    1 X,Y,Z=  5.937370  2.282076 -3.647516
 DIPOLE      -2.287907 -2.347409 -5.105637
 --- SOLUTE ELECTROSTATIC MOMENTS ---
 MOMENTS AT POINT    1 X,Y,Z=  5.937370  2.281988 -3.647428
 DIPOLE      -2.288363 -2.347359 -5.106150
 --- SOLUTE ELECTROSTATIC MOMENTS ---
 MOMENTS AT POINT    1 X,Y,Z=  5.937458  2.281988 -3.647516
 DIPOLE      -2.278371 -2.343022 -5.110847
 --- SOLUTE ELECTROSTATIC MOMENTS ---
 MOMENTS AT POINT    1 X,Y,Z=  5.937370  2.282076 -3.647516
 DIPOLE      -2.286460 -2.334862 -5.109218
 --- SOLUTE ELECTROSTATIC MOMENTS ---
 MOMENTS AT POINT    1 X,Y,Z=  5.937370  2.281988 -3.647428
 DIPOLE      -2.289511 -2.353358 -5.081992
 --- SOLUTE ELECTROSTATIC MOMENTS ---
 MOMENTS AT POINT    1 X,Y,Z=  5.934302  2.281988 -3.647516
 DIPOLE      -2.280832 -2.346174 -5.104192
 --- SOLUTE ELECTROSTATIC MOMENTS ---
 MOMENTS AT POINT    1 X,Y,Z=  5.937370  2.278921 -3.647516
 DIPOLE      -2.287378 -2.339340 -5.102413
 --- SOLUTE ELECTROSTATIC MOMENTS ---
 MOMENTS AT POINT    1 X,Y,Z=  5.937370  2.281988 -3.650583
 DIPOLE      -2.286958 -2.344932 -5.086667
 --- SOLUTE ELECTROSTATIC MOMENTS ---
 MOMENTS AT POINT    1 X,Y,Z=  5.936317  2.281988 -3.647516
 DIPOLE      -2.291089 -2.346052 -5.111386
 --- SOLUTE ELECTROSTATIC MOMENTS ---
 MOMENTS AT POINT    1 X,Y,Z=  5.937370  2.280935 -3.647516
 DIPOLE      -2.287663 -2.349156 -5.114748
 --- SOLUTE ELECTROSTATIC MOMENTS ---
 MOMENTS AT POINT    1 X,Y,Z=  5.937370  2.281988 -3.648569
 DIPOLE      -2.291157 -2.352486 -5.128955
 --- SOLUTE ELECTROSTATIC MOMENTS ---
 MOMENTS AT POINT    1 X,Y,Z=  5.936317  2.281988 -3.647516
 DIPOLE      -2.305803 -2.343042 -5.106562
 --- SOLUTE ELECTROSTATIC MOMENTS ---
 MOMENTS AT POINT    1 X,Y,Z=  5.937370  2.280935 -3.647516
 DIPOLE      -2.283651 -2.376000 -5.101552
 --- SOLUTE ELECTROSTATIC MOMENTS ---
 MOMENTS AT POINT    1 X,Y,Z=  5.937370  2.281988 -3.648569
 DIPOLE      -2.291679 -2.347701 -5.133337
 --- SOLUTE ELECTROSTATIC MOMENTS ---
 MOMENTS AT POINT    1 X,Y,Z=  5.935967  2.281988 -3.647516
 DIPOLE      -2.270671 -2.349574 -5.107085
 --- SOLUTE ELECTROSTATIC MOMENTS ---
 MOMENTS AT POINT    1 X,Y,Z=  5.937370  2.280585 -3.647516
 DIPOLE      -2.289909 -2.316926 -5.110584
 --- SOLUTE ELECTROSTATIC MOMENTS ---
 MOMENTS AT POINT    1 X,Y,Z=  5.937370  2.281988 -3.648919
 DIPOLE      -2.285687 -2.351689 -5.080309
 --- SOLUTE ELECTROSTATIC MOMENTS ---
 MOMENTS AT POINT    1 X,Y,Z=  5.937281  2.281988 -3.647516
 DIPOLE      -2.288235 -2.346327 -5.105578
 --- SOLUTE ELECTROSTATIC MOMENTS ---
 MOMENTS AT POINT    1 X,Y,Z=  5.937370  2.281899 -3.647516
 DIPOLE      -2.288629 -2.350247 -5.105152
 --- SOLUTE ELECTROSTATIC MOMENTS ---
 MOMENTS AT POINT    1 X,Y,Z=  5.937370  2.281988 -3.647604
 DIPOLE      -2.286476 -2.345816 -5.105395
 --- SOLUTE ELECTROSTATIC MOMENTS ---
 MOMENTS AT POINT    1 X,Y,Z=  5.937281  2.281988 -3.647516
 DIPOLE      -2.290774 -2.348231 -5.105495
 --- SOLUTE ELECTROSTATIC MOMENTS ---
 MOMENTS AT POINT    1 X,Y,Z=  5.937370  2.281899 -3.647516
 DIPOLE      -2.288738 -2.347945 -5.105779
 --- SOLUTE ELECTROSTATIC MOMENTS ---
 MOMENTS AT POINT    1 X,Y,Z=  5.937370  2.281988 -3.647604
 DIPOLE      -2.287717 -2.345628 -5.105532
 --- SOLUTE ELECTROSTATIC MOMENTS ---
 MOMENTS AT POINT    1 X,Y,Z=  5.935967  2.281988 -3.647516
 DIPOLE      -2.279254 -2.345582 -5.106740
 --- SOLUTE ELECTROSTATIC MOMENTS ---
 MOMENTS AT POINT    1 X,Y,Z=  5.937370  2.280585 -3.647516
 DIPOLE      -2.287383 -2.319841 -5.110961
 --- SOLUTE ELECTROSTATIC MOMENTS ---
 MOMENTS AT POINT    1 X,Y,Z=  5.937370  2.281988 -3.648919
 DIPOLE      -2.287210 -2.346739 -5.073081
 --- SOLUTE ELECTROSTATIC MOMENTS ---
 MOMENTS AT POINT    1 X,Y,Z=  5.935967  2.281988 -3.647516
 DIPOLE      -2.270792 -2.343073 -5.116719
 --- SOLUTE ELECTROSTATIC MOMENTS ---
 MOMENTS AT POINT    1 X,Y,Z=  5.937370  2.280585 -3.647516
 DIPOLE      -2.286874 -2.324411 -5.113194
 --- SOLUTE ELECTROSTATIC MOMENTS ---
 MOMENTS AT POINT    1 X,Y,Z=  5.937370  2.281988 -3.648919
 DIPOLE      -2.295161 -2.353288 -5.080731
 --- SOLUTE ELECTROSTATIC MOMENTS ---
 MOMENTS AT POINT    1 X,Y,Z=  5.937281  2.281988 -3.647516
 DIPOLE      -2.295597 -2.348469 -5.101993
 --- SOLUTE ELECTROSTATIC MOMENTS ---
 MOMENTS AT POINT    1 X,Y,Z=  5.937370  2.281899 -3.647516
 DIPOLE      -2.288270 -2.356600 -5.105465
 --- SOLUTE ELECTROSTATIC MOMENTS ---
 MOMENTS AT POINT    1 X,Y,Z=  5.937370  2.281988 -3.647604
 DIPOLE      -2.284550 -2.347913 -5.113057
 --- SOLUTE ELECTROSTATIC MOMENTS ---
 MOMENTS AT POINT    1 X,Y,Z=  5.937281  2.281988 -3.647516
 DIPOLE      -2.298129 -2.348771 -5.100689
 --- SOLUTE ELECTROSTATIC MOMENTS ---
 MOMENTS AT POINT    1 X,Y,Z=  5.937370  2.281899 -3.647516
 DIPOLE      -2.289872 -2.365450 -5.094808
 --- SOLUTE ELECTROSTATIC MOMENTS ---
 MOMENTS AT POINT    1 X,Y,Z=  5.937370  2.281988 -3.647604
 DIPOLE      -2.284547 -2.340222 -5.121015
 --- SOLUTE ELECTROSTATIC MOMENTS ---
 MOMENTS AT POINT    1 X,Y,Z=  5.937281  2.281988 -3.647516
 DIPOLE      -2.291853 -2.346381 -5.106808
 --- SOLUTE ELECTROSTATIC MOMENTS ---
 MOMENTS AT POINT    1 X,Y,Z=  5.937370  2.281899 -3.647516
 DIPOLE      -2.288596 -2.358524 -5.106036
 --- SOLUTE ELECTROSTATIC MOMENTS ---
 MOMENTS AT POINT    1 X,Y,Z=  5.937370  2.281988 -3.647604
 DIPOLE      -2.289328 -2.346733 -5.116060
 --- SOLUTE ELECTROSTATIC MOMENTS ---
 MOMENTS AT POINT    1 X,Y,Z=  5.937281  2.281988 -3.647516
 DIPOLE      -2.284037 -2.347433 -5.105836
 --- SOLUTE ELECTROSTATIC MOMENTS ---
 MOMENTS AT POINT    1 X,Y,Z=  5.937370  2.281899 -3.647516
 DIPOLE      -2.288259 -2.346438 -5.106784
 --- SOLUTE ELECTROSTATIC MOMENTS ---
 MOMENTS AT POINT    1 X,Y,Z=  5.937370  2.281988 -3.647604
 DIPOLE      -2.287810 -2.346513 -5.106275
 --- SOLUTE ELECTROSTATIC MOMENTS ---
 MOMENTS AT POINT    1 X,Y,Z=  5.937281  2.281988 -3.647516
 DIPOLE      -2.297779 -2.350833 -5.101606
 --- SOLUTE ELECTROSTATIC MOMENTS ---
 MOMENTS AT POINT    1 X,Y,Z=  5.937370  2.281899 -3.647516
 DIPOLE      -2.289683 -2.358974 -5.103195
 --- SOLUTE ELECTROSTATIC MOMENTS ---
 MOMENTS AT POINT    1 X,Y,Z=  5.937370  2.281988 -3.647604
 DIPOLE      -2.286554 -2.340411 -5.130608
 $GRAD  
E=     -762.3138019072  GMAX=   0.0004417  GRMS=   0.0001430
CL          17.   -9.5916017448E-05    1.0160792806E-04    4.0812055374E-05
C            6.    8.1650086364E-05   -2.8404305393E-04   -3.6655368150E-04
C            6.   -1.5966108193E-04    6.5943056466E-05   -6.3127706024E-06
O            8.   -2.4628567520E-07   -9.7015782110E-05   -4.4809732894E-05
H            1.   -1.4744817769E-06    1.4346496111E-04    1.7943308241E-04
H            1.    1.0086515691E-04    3.1772959776E-05    6.2945451623E-05
O            8.   -9.1783317141E-05    9.3315256502E-05   -2.3197738081E-04
O            8.   -2.2760317717E-04   -9.8186502138E-05   -8.8071377878E-05
H            1.   -1.4831583759E-06    8.4466998546E-05    4.9838782599E-05
H            1.    4.4170956053E-04   -6.4999240456E-05    1.0250941004E-04
H            1.   -5.1589000727E-05   -3.4425287668E-06    2.4646179437E-04
H            1.    1.3562352571E-05   -8.3377005997E-05    6.0185459513E-06
H            1.   -8.0306361270E-06    1.1049295293E-04    4.9705821312E-05
 $END
 $HESS
ENERGY IS     -762.3138019072 E(NUC) IS      315.7496521101
 1  1 2.76894814E-02 8.95028682E-03 2.62930272E-02-3.26108389E-02-5.86864863E-03
 1  2-1.49655066E-02 4.81564449E-04 2.71017779E-03 6.87016819E-03 1.50451137E-04
 1  3 1.83372683E-03-1.14032361E-03 1.04949702E-03-8.30356103E-03-2.48760974E-02
 1  4 2.00489352E-03 5.20768386E-04 5.06005430E-03 7.11359567E-04-4.40039188E-04
 1  5 1.91143403E-03 5.09812937E-05 1.71792164E-05-1.67744956E-04-4.40492481E-06
 1  6-1.14229415E-05-2.25240982E-06 3.65992596E-05 7.37920288E-05 8.24946830E-05
 1  7-6.00262728E-05-1.97093404E-04 7.74272469E-04 5.70249154E-04 8.19404582E-04
 1  8-3.59847861E-05-7.95510814E-05-1.07122108E-04 1.97236468E-04
 2  1 8.95028682E-03 4.53289931E-02 4.15700886E-02-5.74404860E-03-3.88181492E-02
 2  2-2.69703326E-02 2.37041847E-03 9.32878747E-04 8.78056517E-03 1.60351537E-03
 2  3-5.80347785E-03 5.20350404E-03 2.52490528E-04-1.56377644E-03-6.04513774E-03
 2  4-7.76236325E-03-1.75790083E-03-2.48543821E-02-4.75605219E-05 1.00443414E-03
 2  5 1.84976608E-03-2.10348302E-05 7.44471668E-05 9.67685495E-05-5.67516345E-06
 2  6 2.05068662E-05 2.39022368E-05-5.33882551E-05-6.25225740E-05 1.13233020E-04
 2  7 1.75222917E-05-2.23911323E-04 4.92948691E-04 5.29493679E-04 5.26814162E-04
 2  8-1.60778783E-04-9.17598958E-05 3.34147850E-04-1.00625491E-04
 3  1 2.62930272E-02 4.15700886E-02 1.63874625E-01-1.38150064E-02-2.44504334E-02
 3  2-9.19830543E-02-1.32841383E-02-2.01020283E-02-3.01854962E-02-3.79484806E-04
 3  3 4.64595652E-03-6.35507530E-04 9.37514312E-04-5.59562390E-03-1.86707141E-02
 3  4-4.87465670E-03-1.09468561E-03-1.77372845E-02 3.62158737E-03 6.61652600E-03
 3  5-9.19369694E-03 4.39728472E-04 1.94962412E-03-5.98629944E-04-5.13697179E-05
 3  6-4.16174368E-05 1.19594319E-04-1.02023530E-03-3.02548080E-03 1.46402974E-03
 3  7 1.24417677E-03 3.64857914E-04 1.78723322E-03 7.69452489E-04-3.15883400E-04
 3  8 1.43253541E-03 1.26444174E-04-5.21226185E-04 3.15799915E-04
 4  1-3.26108389E-02-5.74404860E-03-1.38150064E-02 6.02876473E-01-6.74526977E-02
 4  2-1.98201228E-02-1.18642877E-01-3.98627924E-02 3.94468994E-02 8.73175143E-03
 4  3 1.85077648E-02-1.50255436E-02-3.43930951E-01 1.85784653E-03-2.41974141E-02
 4  4-1.05871678E-01 1.10836761E-01 1.37770248E-02 1.81463033E-03 9.89087554E-04
 4  5-4.46717042E-03 6.76708914E-04-2.95916985E-04-6.76656965E-04 6.11396827E-05
 4  6-1.02857641E-06 7.52551569E-05-1.95139304E-04-1.75331219E-04-7.12725010E-04
 4  7 2.06100209E-03 1.61596531E-03-2.49609863E-03-1.31125592E-02-2.43896177E-02
 4  8 2.64461159E-02-1.86060081E-03 4.12686475E-03 1.46876509E-03
 5  1-5.86864863E-03-3.88181492E-02-2.44504334E-02-6.74526977E-02 5.55259670E-01
 5  2-3.25409919E-02-3.33878011E-02-1.17718868E-01 5.46374768E-02-8.67216092E-03
 5  3-4.29122048E-02 2.99200577E-02-1.16594866E-03-5.29408532E-02 4.57662598E-03
 5  4 1.13644244E-01-3.01528431E-01-1.93083294E-02 1.91159956E-03 3.64544944E-03
 5  5-1.28540028E-02-1.75434708E-03 1.39852543E-03 2.73236264E-03 2.16830335E-04
 5  6-1.83477401E-06-1.34154316E-04-2.01259444E-04-2.14452170E-03-5.00247584E-05
 5  7 9.65264516E-04 8.74902401E-04-1.22438767E-03-2.39394841E-03-1.97707462E-03
 5  8 4.61120972E-03 4.16971527E-03-3.11890062E-03-5.92635616E-03
 6  1-1.49655066E-02-2.69703326E-02-9.19830543E-02-1.98201228E-02-3.25409919E-02
 6  2 3.22304114E-01 3.64992851E-02 6.26572480E-02-1.06562011E-01-6.12470332E-04
 6  3 7.72354154E-04 7.75356856E-04-2.10423324E-02 4.65543646E-03-4.47692963E-02
 6  4 1.19634760E-02-1.38905565E-02-4.30875191E-02 9.90331649E-03 5.17661756E-03
 6  5-3.76764704E-02-6.35581090E-04-7.69468232E-04 1.99535255E-03 1.13586764E-05
 6  6-4.25173102E-05-1.97068981E-04 3.44103514E-04-4.18119180E-06-1.56266619E-03
 6  7-1.03148395E-03 1.88650406E-03-1.21618476E-03-2.31709353E-03-1.29526756E-03
 6  8 2.18808022E-03 1.70160024E-03 3.73623841E-04-1.94542700E-04
 7  1 4.81564449E-04 2.37041847E-03-1.32841383E-02-1.18642877E-01-3.33878011E-02
 7  2 3.64992851E-02 6.68762373E-01 1.74488242E-02 2.07030474E-02-1.33215787E-01
 7  3 7.90410849E-02 5.49681514E-04-1.59741370E-02-2.64634330E-02 2.84153148E-02
 7  4 6.18672336E-03 1.12179896E-02-1.16282343E-02-9.68773299E-02-7.39994823E-03
 7  5 6.37540508E-03-6.42031834E-03-1.20982232E-03 7.70713836E-03-5.05920408E-05
 7  6 5.47250441E-04-4.64220402E-04 5.40918266E-03 2.47425728E-03 1.09538704E-03
 7  7-6.68400151E-03-2.06052009E-02-4.57232777E-02-3.13164362E-01-2.00977218E-02
 7  8-2.49219450E-02 1.01893584E-02-3.93696411E-03-5.33494158E-03
 8  1 2.71017779E-03 9.32878747E-04-2.01020283E-02-3.98627924E-02-1.17718868E-01
 8  2 6.26572480E-02 1.74488242E-02 4.98805614E-01-8.47509414E-02 5.48039726E-02
 8  3-1.93598484E-01 2.72536534E-02 1.24170390E-03-1.77935412E-03 1.76811280E-03
 8  4-1.58658296E-02-1.71473448E-02 1.98952454E-02-1.90696588E-02-6.58701854E-02
 8  5-1.36260560E-02 7.00431087E-03-5.64757795E-03-1.51973623E-02-1.82965915E-04
 8  6-1.22409133E-03-9.14509002E-04 1.36724199E-03 1.69650505E-02 4.17384946E-03
 8  7 2.10844462E-03-3.54757811E-03-7.86753881E-03-2.22821717E-02-5.66486327E-02
 8  8 7.32765446E-03 1.05939791E-02-5.35330340E-02 1.93729595E-02
 9  1 6.87016819E-03 8.78056517E-03-3.01854962E-02 3.94468994E-02 5.46374768E-02
 9  2-1.06562011E-01 2.07030474E-02-8.47509414E-02 4.25001261E-01 1.10778034E-02
 9  3 1.42214391E-02-8.62665300E-02-1.84548644E-03-9.48378376E-04 2.29400873E-03
 9  4-8.18833323E-04-3.98059346E-03 4.51013995E-03-3.61531445E-02-1.91388034E-02
 9  5-1.26131206E-01 1.58823073E-03-1.23622664E-02-2.61616629E-03 6.51201423E-05
 9  6-4.01992779E-04-8.62214461E-05 7.82178585E-03 1.70774389E-02-2.33671222E-02
 9  7 3.87362097E-03-1.12202922E-02-1.44612292E-02-3.11190361E-02 3.80549464E-03
 9  8-5.27722704E-02-2.15052469E-02 3.42843673E-02 1.06106758E-02
10  1 1.50451137E-04 1.60351537E-03-3.79484806E-04 8.73175143E-03-8.67216092E-03
10  2-6.12470332E-04-1.33215787E-01 5.48039726E-02 1.10778034E-02 2.02839920E-01
10  3-6.63020278E-02-1.18603788E-01 2.23034631E-03 1.19091162E-03-1.80013910E-03
10  4-3.46188711E-04-2.26739250E-03 2.44862936E-03 9.75510648E-03 8.99442317E-03
10  5 7.67222803E-03 3.11177492E-03-4.18224446E-03 1.63036525E-02-2.17960177E-03
10  6 1.35055702E-03 3.15943664E-03-1.00447834E-03-1.16648937E-03 5.24415527E-04
10  7 7.19164320E-04 2.13246223E-03 3.13521300E-03-1.32918693E-02 4.12136449E-02
10  8 3.24796996E-03-7.74911009E-02-2.86931625E-02 7.38123292E-02
11  1 1.83372683E-03-5.80347785E-03 4.64595652E-03 1.85077648E-02-4.29122048E-02
11  2 7.72354154E-04 7.90410849E-02-1.93598484E-01 1.42214391E-02-6.63020278E-02
11  3 3.86685511E-01-1.20396089E-01 1.54876923E-03 3.17606335E-03-2.26923107E-03
11  4-2.05464099E-03-2.80477670E-03 5.06900888E-03 1.68187955E-02-3.56228784E-02
11  5-3.71572474E-02-1.06498563E-02 8.65296463E-03 2.40463659E-02-4.82063971E-04
11  6 1.90510103E-03 4.25912568E-04-1.44709616E-03-1.15633095E-02 3.83741452E-03
11  7 5.50163936E-04 1.98331209E-03 2.50061619E-03 1.16340724E-02-1.11959331E-02
11  8-2.81599479E-03-4.90250736E-02-9.89253557E-02 1.07155021E-01
12  1-1.14032361E-03 5.20350404E-03-6.35507530E-04-1.50255436E-02 2.99200577E-02
12  2 7.75356856E-04 5.49681514E-04 2.72536534E-02-8.62665300E-02-1.18603788E-01
12  3-1.20396089E-01 3.13155092E-01-1.02755790E-03-1.73945979E-03 7.97277730E-04
12  4 2.61331341E-03 3.68266268E-03-4.31660207E-03 2.08044957E-02-4.43552667E-02
12  5-1.07477007E-02 2.23430715E-02 5.79228364E-03-4.14065247E-02 1.86118215E-03
12  6-2.82917064E-03-7.79382201E-04-3.30009749E-03 6.54203458E-03 1.64906689E-03
12  7 1.42027235E-03 4.47225343E-03 2.97195309E-03-1.30113406E-03 3.63170509E-03
12  8 6.08891581E-03 9.08070441E-02 8.28215967E-02-1.81283346E-01
13  1 1.04949702E-03 2.52490528E-04 9.37514312E-04-3.43930951E-01-1.16594866E-03
13  2-2.10423324E-02-1.59741370E-02 1.24170390E-03-1.84548644E-03 2.23034631E-03
13  3 1.54876923E-03-1.02755790E-03 3.61334918E-01 1.40254819E-03 1.95694589E-02
13  4-7.73504116E-03-2.52067983E-03 3.98881861E-05 1.79800566E-03 2.43149613E-04
13  5 3.68353884E-04 9.18333009E-05 1.30995473E-05-2.77588680E-04 5.14935462E-06
13  6-1.43461960E-06-1.83786754E-05-3.78793840E-06 5.80182485E-05-1.06518146E-05
13  7 5.00994208E-04 2.81588971E-04 1.51255518E-03 4.76129270E-04-1.37307353E-03
13  8 1.50271215E-03 1.61255254E-04 1.11171982E-05 2.93967330E-04
14  1-8.30356103E-03-1.56377644E-03-5.59562390E-03 1.85784653E-03-5.29408532E-02
14  2 4.65543646E-03-2.64634330E-02-1.77935412E-03-9.48378376E-04 1.19091162E-03
14  3 3.17606335E-03-1.73945979E-03 1.40254819E-03 5.01372394E-02-1.97114607E-03
14  4 2.93613648E-02 4.54476276E-03 3.42333426E-03 1.16847309E-03-9.53479580E-05
14  5-1.08814790E-03 2.63496558E-04-2.80486209E-05-3.36239850E-04-1.42030447E-05
14  6-1.04217341E-05 1.19784128E-05-7.38375009E-06 1.57143946E-05-1.13408570E-04
14  7 5.26940618E-04 6.01910036E-04 3.36416148E-04-1.08698583E-03-2.13895233E-03
14  8 2.72255029E-03 9.93527868E-05 7.74486561E-05 6.46750960E-04
15  1-2.48760974E-02-6.04513774E-03-1.86707141E-02-2.41974141E-02 4.57662598E-03
15  2-4.47692963E-02 2.84153148E-02 1.76811280E-03 2.29400873E-03-1.80013910E-03
15  3-2.26923107E-03 7.97277730E-04 1.95694589E-02-1.97114607E-03 5.91676495E-02
15  4 2.50559079E-03 1.37337805E-03 2.21775686E-03-4.43166580E-04 6.14731443E-05
15  5 2.52006996E-03-1.57706557E-04-1.09747997E-05 6.13585745E-05 3.33590903E-06
15  6 7.95348251E-06-1.79002682E-05 2.44815490E-05 1.29084390E-04 1.64105800E-04
15  7 1.14203943E-04-2.75127928E-04-9.56096865E-04 7.95204317E-04 2.98007884E-03
15  8-2.51894698E-03 4.70493362E-05-3.26067833E-04-2.93035983E-04
16  1 2.00489352E-03-7.76236325E-03-4.87465670E-03-1.05871678E-01 1.13644244E-01
16  2 1.19634760E-02 6.18672336E-03-1.58658296E-02-8.18833323E-04-3.46188711E-04
16  3-2.05464099E-03 2.61331341E-03-7.73504116E-03 2.93613648E-02 2.50559079E-03
16  4 1.04985698E-01-1.17981191E-01-9.34954213E-03-7.48898629E-05 5.97356124E-04
16  5-1.24538216E-03-1.19334728E-04 1.45194773E-04 2.30213280E-04-1.65259850E-07
16  6 5.63335603E-06-1.04980503E-05-7.88220550E-05-2.31769810E-04-4.94315173E-05
16  7 3.49723854E-05 1.63608485E-04 1.43822451E-04 2.05929694E-04 3.70705232E-04
16  8-8.49678676E-04 8.09216127E-04-3.95078070E-04-2.57321273E-04
17  1 5.20768386E-04-1.75790083E-03-1.09468561E-03 1.10836761E-01-3.01528431E-01
17  2-1.38905565E-02 1.12179896E-02-1.71473448E-02-3.98059346E-03-2.26739250E-03
17  3-2.80477670E-03 3.68266268E-03-2.52067983E-03 4.54476276E-03 1.37337805E-03
17  4-1.17981191E-01 3.16370755E-01 1.60022306E-02 1.75242821E-04 2.53795727E-03
17  5-1.40494100E-03-2.65546061E-04 3.29107131E-04 4.91021984E-04 1.27957971E-05
17  6 3.96922443E-05 7.23119193E-06-1.31305095E-04-4.52378934E-04 9.95289455E-05
17  7 6.93777111E-05-2.46635833E-04 2.54018973E-04-5.25678315E-04 3.95303118E-04
17  8-3.19654692E-04 8.54001325E-04-2.87311272E-04-1.21253004E-03
18  1 5.06005430E-03-2.48543821E-02-1.77372845E-02 1.37770248E-02-1.93083294E-02
18  2-4.30875191E-02-1.16282343E-02 1.98952454E-02 4.51013995E-03 2.44862936E-03
18  3 5.06900888E-03-4.31660207E-03 3.98881861E-05 3.42333426E-03 2.21775686E-03
18  4-9.34954213E-03 1.60022306E-02 5.69601291E-02-8.79840251E-05-2.75715976E-04
18  5 6.15734596E-04 4.29009828E-04-1.26861312E-04-8.21571791E-04-2.24576246E-05
18  6-5.80231778E-05 4.35254957E-05-1.86064084E-05 2.40643456E-04 1.30663414E-04
18  7-1.41388752E-04 1.53923125E-04-1.02702183E-05 3.70671334E-04-5.58940466E-04
18  8 1.40552886E-04-8.73902464E-04 3.93390349E-04 1.35111637E-03
19  1 7.11359567E-04-4.75605219E-05 3.62158737E-03 1.81463033E-03 1.91159956E-03
19  2 9.90331649E-03-9.68773299E-02-1.90696588E-02-3.61531445E-02 9.75510648E-03
19  3 1.68187955E-02 2.08044957E-02 1.79800566E-03 1.16847309E-03-4.43166580E-04
19  4-7.48898629E-05 1.75242821E-04-8.79840251E-05 5.20988692E-01 8.39041112E-02
19  5 7.39439668E-02 7.94106786E-03-9.61941534E-03 4.29795240E-03-6.85129862E-04
19  6-2.93218718E-03-1.24020838E-04-1.38892749E-02-7.37329217E-04-2.29036596E-03
19  7-4.26163956E-01-5.36206879E-02-3.84807903E-02-3.41181145E-03-1.48128661E-02
19  8-3.66810623E-02-1.90684870E-03-3.13804722E-03 1.68672657E-03
20  1-4.40039188E-04 1.00443414E-03 6.61652600E-03 9.89087554E-04 3.64544944E-03
20  2 5.17661756E-03-7.39994823E-03-6.58701854E-02-1.91388034E-02 8.99442317E-03
20  3-3.56228784E-02-4.43552667E-02 2.43149613E-04-9.53479580E-05 6.14731443E-05
20  4 5.97356124E-04 2.53795727E-03-2.75715976E-04 8.39041112E-02 1.50410852E-01
20  5 7.40740141E-02-7.85651317E-03-3.65533571E-02 1.64838871E-02-7.15916330E-04
20  6-2.95246725E-03-1.65378339E-03 3.49135788E-03 6.86900632E-04-1.04991081E-02
20  7-8.01956361E-02-2.23505610E-02-1.57835390E-02-2.29798342E-03-1.80002471E-03
20  8-1.24758631E-02 6.92957830E-04 6.97196292E-03 1.76910826E-03
21  1 1.91143403E-03 1.84976608E-03-9.19369694E-03-4.46717042E-03-1.28540028E-02
21  2-3.76764704E-02 6.37540508E-03-1.36260560E-02-1.26131206E-01 7.67222803E-03
21  3-3.71572474E-02-1.07477007E-02 3.68353884E-04-1.08814790E-03 2.52006996E-03
21  4-1.24538216E-03-1.40494100E-03 6.15734596E-04 7.39439668E-02 7.40740141E-02
21  5 2.61363109E-01 2.42122408E-03 2.66186741E-02 2.79066183E-03 1.79071851E-04
21  6 7.93858049E-04 1.68693718E-03-9.18802640E-03-1.68788698E-02-1.09630636E-03
21  7-8.15188829E-02-1.79177695E-02-5.33476511E-02-2.56217596E-03-7.81377961E-03
21  8-1.93564774E-02 6.11395447E-03 5.41929441E-03-1.14572767E-02
22  1 5.09812937E-05-2.10348302E-05 4.39728472E-04 6.76708914E-04-1.75434708E-03
22  2-6.35581090E-04-6.42031834E-03 7.00431087E-03 1.58823073E-03 3.11177492E-03
22  3-1.06498563E-02 2.23430715E-02 9.18333009E-05 2.63496558E-04-1.57706557E-04
22  4-1.19334728E-04-2.65546061E-04 4.29009828E-04 7.94106786E-03-7.85651317E-03
22  5 2.42122408E-03 2.10360234E-01-5.27753211E-02 2.06810918E-01-1.67885945E-01
22  6 6.99553352E-02-1.95750279E-01-3.80556307E-02-1.04397309E-02-1.84939662E-02
22  7 1.76234897E-03 3.06526087E-03-1.04337323E-03 1.18562508E-03-1.25319819E-03
22  8 5.17944530E-04-1.27046025E-02 4.72681535E-03-1.84677289E-02
23  1 1.71792164E-05 7.44471668E-05 1.94962412E-03-2.95916985E-04 1.39852543E-03
23  2-7.69468232E-04-1.20982232E-03-5.64757795E-03-1.23622664E-02-4.18224446E-03
23  3 8.65296463E-03 5.79228364E-03 1.30995473E-05-2.80486209E-05-1.09747997E-05
23  4 1.45194773E-04 3.29107131E-04-1.26861312E-04-9.61941534E-03-3.65533571E-02
23  5 2.66186741E-02-5.27753211E-02 4.59867221E-01-1.35077653E-01 1.09275773E-01
23  6-9.44230554E-02 1.25009905E-01-4.68199212E-02-3.15192869E-01-1.91464658E-02
23  7 9.94692767E-04 8.83540839E-04 2.38441117E-03 6.96681738E-05 5.05128439E-04
23  8 4.11032684E-04 4.38245090E-03-1.98653612E-02 5.31888585E-03
24  1-1.67744956E-04 9.67685495E-05-5.98629944E-04-6.76656965E-04 2.73236264E-03
24  2 1.99535255E-03 7.70713836E-03-1.51973623E-02-2.61616629E-03 1.63036525E-02
24  3 2.40463659E-02-4.14065247E-02-2.77588680E-04-3.36239850E-04 6.13585745E-05
24  4 2.30213280E-04 4.91021984E-04-8.21571791E-04 4.29795240E-03 1.64838871E-02
24  5 2.79066183E-03 2.06810918E-01-1.35077653E-01 3.28269970E-01-2.07961680E-01
24  6 8.37405949E-02-2.51974136E-01-1.87053335E-02 2.55232774E-02-4.71021698E-02
24  7 4.49121920E-05-1.32667612E-04-1.41171266E-03-1.19609158E-03 6.79824017E-04
24  8 4.65357613E-04-6.39874265E-03-3.04707369E-03 1.23481671E-02
25  1-4.40492481E-06-5.67516345E-06-5.13697179E-05 6.11396827E-05 2.16830335E-04
25  2 1.13586764E-05-5.05920408E-05-1.82965915E-04 6.51201423E-05-2.17960177E-03
25  3-4.82063971E-04 1.86118215E-03 5.14935462E-06-1.42030447E-05 3.33590903E-06
25  4-1.65259850E-07 1.27957971E-05-2.24576246E-05-6.85129862E-04-7.15916330E-04
25  5 1.79071851E-04-1.67885945E-01 1.09275773E-01-2.07961680E-01 1.69148422E-01
25  6-9.78637168E-02 2.02824627E-01-9.93545674E-04-7.87230615E-03 9.91118682E-04
25  7-1.88182213E-04-7.49363733E-04 3.60995315E-04 3.36362934E-05-5.54370553E-05
25  8 9.68599317E-06 2.74021415E-03-1.56250146E-03 1.72730605E-03
26  1-1.14229415E-05 2.05068662E-05-4.16174368E-05-1.02857641E-06-1.83477401E-06
26  2-4.25173102E-05 5.47250441E-04-1.22409133E-03-4.01992779E-04 1.35055702E-03
26  3 1.90510103E-03-2.82917064E-03-1.43461960E-06-1.04217341E-05 7.95348251E-06
26  4 5.63335603E-06 3.96922443E-05-5.80231778E-05-2.93218718E-03-2.95246725E-03
26  5 7.93858049E-04 6.99553352E-02-9.44230554E-02 8.37405949E-02-9.78637168E-02
26  6 1.08329243E-01-1.21579881E-01 3.33709778E-02-1.02894591E-02 3.57930270E-02
26  7-2.38739152E-04-1.54703192E-03 1.08658920E-03-8.86639335E-05-6.43461450E-06
26  8 7.86710628E-05-4.09446880E-03 1.57146504E-04 3.45436422E-03
27  1-2.25240982E-06 2.39022368E-05 1.19594319E-04 7.52551569E-05-1.34154316E-04
27  2-1.97068981E-04-4.64220402E-04-9.14509002E-04-8.62214461E-05 3.15943664E-03
27  3 4.25912568E-04-7.79382201E-04-1.83786754E-05 1.19784128E-05-1.79002682E-05
27  4-1.04980503E-05 7.23119193E-06 4.35254957E-05-1.24020838E-04-1.65378339E-03
27  5 1.68693718E-03-1.95750279E-01 1.25009905E-01-2.51974136E-01 2.02824627E-01
27  6-1.21579881E-01 2.59004492E-01-2.41120083E-03-4.38012190E-03-2.81469165E-03
27  7 1.86069504E-05 6.90597616E-04-1.16219295E-04 7.52308715E-05-7.83755954E-05
27  8 1.18553559E-04-7.36987640E-03 2.57405972E-03-4.99019998E-03
28  1 3.65992596E-05-5.33882551E-05-1.02023530E-03-1.95139304E-04-2.01259444E-04
28  2 3.44103514E-04 5.40918266E-03 1.36724199E-03 7.82178585E-03-1.00447834E-03
28  3-1.44709616E-03-3.30009749E-03-3.78793840E-06-7.38375009E-06 2.44815490E-05
28  4-7.88220550E-05-1.31305095E-04-1.86064084E-05-1.38892749E-02 3.49135788E-03
28  5-9.18802640E-03-3.80556307E-02-4.68199212E-02-1.87053335E-02-9.93545674E-04
28  6 3.33709778E-02-2.41120083E-03 5.25951770E-02 1.18659867E-02 1.72173429E-02
28  7-4.07846159E-03-7.89469458E-03 5.02254855E-03-8.85052649E-04 3.68286390E-04
28  8-1.02190918E-03 1.14754876E-03 6.09267101E-03 5.23412576E-03
29  1 7.37920288E-05-6.25225740E-05-3.02548080E-03-1.75331219E-04-2.14452170E-03
29  2-4.18119180E-06 2.47425728E-03 1.69650505E-02 1.70774389E-02-1.16648937E-03
29  3-1.15633095E-02 6.54203458E-03 5.80182485E-05 1.57143946E-05 1.29084390E-04
29  4-2.31769810E-04-4.52378934E-04 2.40643456E-04-7.37329217E-04 6.86900632E-04
29  5-1.68788698E-02-1.04397309E-02-3.15192869E-01 2.55232774E-02-7.87230615E-03
29  6-1.02894591E-02-4.38012190E-03 1.18659867E-02 3.24359605E-01-6.91782505E-04
29  7-5.75105540E-04-1.88052031E-03-2.99287001E-03-1.86474149E-04-4.33133126E-04
29  8-1.33973071E-03 6.92384513E-03 9.30934376E-06-2.02061792E-02
30  1 8.24946830E-05 1.13233020E-04 1.46402974E-03-7.12725010E-04-5.00247584E-05
30  2-1.56266619E-03 1.09538704E-03 4.17384946E-03-2.33671222E-02 5.24415527E-04
30  3 3.83741452E-03 1.64906689E-03-1.06518146E-05-1.13408570E-04 1.64105800E-04
30  4-4.94315173E-05 9.95289455E-05 1.30663414E-04-2.29036596E-03-1.04991081E-02
30  5-1.09630636E-03-1.84939662E-02-1.91464658E-02-4.71021698E-02 9.91118682E-04
30  6 3.57930270E-02-2.81469165E-03 1.72173429E-02-6.91782505E-04 7.12523203E-02
30  7 5.72582513E-04 5.81043996E-04 3.87823304E-03-1.57857274E-04 4.04893400E-04
30  8 2.26254255E-04 1.22110011E-03-1.45146038E-02-2.81283496E-03
31  1-6.00262728E-05 1.75222917E-05 1.24417677E-03 2.06100209E-03 9.65264516E-04
31  2-1.03148395E-03-6.68400151E-03 2.10844462E-03 3.87362097E-03 7.19164320E-04
31  3 5.50163936E-04 1.42027235E-03 5.00994208E-04 5.26940618E-04 1.14203943E-04
31  4 3.49723854E-05 6.93777111E-05-1.41388752E-04-4.26163956E-01-8.01956361E-02
31  5-8.15188829E-02 1.76234897E-03 9.94692767E-04 4.49121920E-05-1.88182213E-04
31  6-2.38739152E-04 1.86069504E-05-4.07846159E-03-5.75105540E-04 5.72582513E-04
31  7 4.29779683E-01 7.68442670E-02 7.66300912E-02 2.53259979E-03-4.25929904E-04
31  8-9.96672837E-04-2.18052393E-04-6.45249898E-04-2.18949527E-04
32  1-1.97093404E-04-2.23911323E-04 3.64857914E-04 1.61596531E-03 8.74902401E-04
32  2 1.88650406E-03-2.06052009E-02-3.54757811E-03-1.12202922E-02 2.13246223E-03
32  3 1.98331209E-03 4.47225343E-03 2.81588971E-04 6.01910036E-04-2.75127928E-04
32  4 1.63608485E-04-2.46635833E-04 1.53923125E-04-5.36206879E-02-2.23505610E-02
32  5-1.79177695E-02 3.06526087E-03 8.83540839E-04-1.32667612E-04-7.49363733E-04
32  6-1.54703192E-03 6.90597616E-04-7.89469458E-03-1.88052031E-03 5.81043996E-04
32  7 7.68442670E-02 2.76235203E-02 2.40331236E-02 1.86801475E-04 2.67240685E-04
32  8-2.00345687E-03-1.23508298E-03-2.44673187E-03-6.41521556E-04
33  1 7.74272469E-04 4.92948691E-04 1.78723322E-03-2.49609863E-03-1.22438767E-03
33  2-1.21618476E-03-4.57232777E-02-7.86753881E-03-1.44612292E-02 3.13521300E-03
33  3 2.50061619E-03 2.97195309E-03 1.51255518E-03 3.36416148E-04-9.56096865E-04
33  4 1.43822451E-04 2.54018973E-04-1.02702183E-05-3.84807903E-02-1.57835390E-02
33  5-5.33476511E-02-1.04337323E-03 2.38441117E-03-1.41171266E-03 3.60995315E-04
33  6 1.08658920E-03-1.16219295E-04 5.02254855E-03-2.99287001E-03 3.87823304E-03
33  7 7.66300912E-02 2.40331236E-02 6.86784303E-02 1.98347079E-04-2.68843767E-03
33  8-6.10101036E-03-3.68968501E-05-5.34985783E-04 3.23827817E-04
34  1 5.70249154E-04 5.29493679E-04 7.69452489E-04-1.31125592E-02-2.39394841E-03
34  2-2.31709353E-03-3.13164362E-01-2.22821717E-02-3.11190361E-02-1.32918693E-02
34  3 1.16340724E-02-1.30113406E-03 4.76129270E-04-1.08698583E-03 7.95204317E-04
34  4 2.05929694E-04-5.25678315E-04 3.70671334E-04-3.41181145E-03-2.29798342E-03
34  5-2.56217596E-03 1.18562508E-03 6.96681738E-05-1.19609158E-03 3.36362934E-05
34  6-8.86639335E-05 7.52308715E-05-8.85052649E-04-1.86474149E-04-1.57857274E-04
34  7 2.53259979E-03 1.86801475E-04 1.98347079E-04 3.39345480E-01 1.75240231E-02
34  8 3.35192472E-02-4.94489940E-04-1.09264113E-03 2.93576043E-03
35  1 8.19404582E-04 5.26814162E-04-3.15883400E-04-2.43896177E-02-1.97707462E-03
35  2-1.29526756E-03-2.00977218E-02-5.66486327E-02 3.80549464E-03 4.12136449E-02
35  3-1.11959331E-02 3.63170509E-03-1.37307353E-03-2.13895233E-03 2.98007884E-03
35  4 3.70705232E-04 3.95303118E-04-5.58940466E-04-1.48128661E-02-1.80002471E-03
35  5-7.81377961E-03-1.25319819E-03 5.05128439E-04 6.79824017E-04-5.54370553E-05
35  6-6.43461450E-06-7.83755954E-05 3.68286390E-04-4.33133126E-04 4.04893400E-04
35  7-4.25929904E-04 2.67240685E-04-2.68843767E-03 1.75240231E-02 7.04245111E-02
35  8 4.40457669E-03 2.11298043E-03 2.08053435E-03-3.15429346E-03
36  1-3.59847861E-05-1.60778783E-04 1.43253541E-03 2.64461159E-02 4.61120972E-03
36  2 2.18808022E-03-2.49219450E-02 7.32765446E-03-5.27722704E-02 3.24796996E-03
36  3-2.81599479E-03 6.08891581E-03 1.50271215E-03 2.72255029E-03-2.51894698E-03
36  4-8.49678676E-04-3.19654692E-04 1.40552886E-04-3.66810623E-02-1.24758631E-02
36  5-1.93564774E-02 5.17944530E-04 4.11032684E-04 4.65357613E-04 9.68599317E-06
36  6 7.86710628E-05 1.18553559E-04-1.02190918E-03-1.33973071E-03 2.26254255E-04
36  7-9.96672837E-04-2.00345687E-03-6.10101036E-03 3.35192472E-02 4.40457669E-03
36  8 7.03484820E-02-7.45241601E-04-4.43790555E-04-2.54276600E-04
37  1-7.95510814E-05-9.17598958E-05 1.26444174E-04-1.86060081E-03 4.16971527E-03
37  2 1.70160024E-03 1.01893584E-02 1.05939791E-02-2.15052469E-02-7.74911009E-02
37  3-4.90250736E-02 9.08070441E-02 1.61255254E-04 9.93527868E-05 4.70493362E-05
37  4 8.09216127E-04 8.54001325E-04-8.73902464E-04-1.90684870E-03 6.92957830E-04
37  5 6.11395447E-03-1.27046025E-02 4.38245090E-03-6.39874265E-03 2.74021415E-03
37  6-4.09446880E-03-7.36987640E-03 1.14754876E-03 6.92384513E-03 1.22110011E-03
37  7-2.18052393E-04-1.23508298E-03-3.68968501E-05-4.94489940E-04 2.11298043E-03
37  8-7.45241601E-04 7.97182648E-02 2.46248842E-02-6.30871007E-02
38  1-1.07122108E-04 3.34147850E-04-5.21226185E-04 4.12686475E-03-3.11890062E-03
38  2 3.73623841E-04-3.93696411E-03-5.35330340E-02 3.42843673E-02-2.86931625E-02
38  3-9.89253557E-02 8.28215967E-02 1.11171982E-05 7.74486561E-05-3.26067833E-04
38  4-3.95078070E-04-2.87311272E-04 3.93390349E-04-3.13804722E-03 6.97196292E-03
38  5 5.41929441E-03 4.72681535E-03-1.98653612E-02-3.04707369E-03-1.56250146E-03
38  6 1.57146504E-04 2.57405972E-03 6.09267101E-03 9.30934376E-06-1.45146038E-02
38  7-6.45249898E-04-2.44673187E-03-5.34985783E-04-1.09264113E-03 2.08053435E-03
38  8-4.43790555E-04 2.46248842E-02 1.68562882E-01-1.06482998E-01
39  1 1.97236468E-04-1.00625491E-04 3.15799915E-04 1.46876509E-03-5.92635616E-03
39  2-1.94542700E-04-5.33494158E-03 1.93729595E-02 1.06106758E-02 7.38123292E-02
39  3 1.07155021E-01-1.81283346E-01 2.93967330E-04 6.46750960E-04-2.93035983E-04
39  4-2.57321273E-04-1.21253004E-03 1.35111637E-03 1.68672657E-03 1.76910826E-03
39  5-1.14572767E-02-1.84677289E-02 5.31888585E-03 1.23481671E-02 1.72730605E-03
39  6 3.45436422E-03-4.99019998E-03 5.23412576E-03-2.02061792E-02-2.81283496E-03
39  7-2.18949527E-04-6.41521556E-04 3.23827817E-04 2.93576043E-03-3.15429346E-03
39  8-2.54276600E-04-6.30871007E-02-1.06482998E-01 1.76368990E-01
 $END
 $DIPDR
 -1.36992029E+00-1.42944680E-01-3.84788071E-01
 -1.31591346E-01-1.43467421E+00-7.18907346E-01
 -2.11103225E-01-3.78296212E-01-3.70467628E+00
  5.78417551E-01-1.61087906E-01 9.80015838E-01
 -7.75666915E-02 4.31914392E-01 1.61469022E+00
  5.84556223E-01 1.05206438E+00 4.26707956E+00
  3.32318390E+00-7.26997479E-01 6.26282748E-02
 -8.33846906E-01 5.51410484E+00-8.82246582E-01
  6.80066300E-01 1.50310812E-01 5.11496538E+00
 -3.29302522E+00 5.03901485E-01 1.58937217E-01
  3.42640468E-01-5.65044392E+00 8.22743897E-01
 -4.45892420E-01 8.93842689E-01-4.89033545E+00
  3.42948992E-02-1.13807263E-01-1.18404387E-01
  1.08813142E-01 6.26884551E-01-2.01031667E-01
 -2.97670939E-01-2.09660075E-01-1.52036441E-01
  5.10039355E-01 2.45727929E-01-1.34691437E-01
  1.25636479E-01 1.96222811E-01-8.12640128E-02
 -6.59616687E-02-2.44506138E-01-1.27285725E-01
 -1.65258127E+00-2.45463512E-01 1.11221180E-01
 -1.25304103E-01-5.11912060E+00 8.96959379E-01
 -1.63689443E-01-3.26220996E-02-6.27535090E+00
 -3.25151556E+00-7.32667795E-01 1.99458444E+00
 -2.28368124E-01-4.25285368E+00 1.32296367E+00
  1.33982030E+00 1.19688907E+00-4.79928759E+00
  1.43010100E+00 2.90373587E-01-7.95862504E-01
  3.97276955E-02 1.82643236E+00-1.38911620E-01
 -6.64094207E-01 1.82255857E-01 1.30295248E+00
  1.90617568E+00 3.49885258E-01-1.04586727E+00
  3.37305819E-01 3.48381444E+00-2.14216001E+00
 -6.64772457E-01-1.26928209E+00 2.79657672E+00
  7.21383722E-01-1.02631135E-01 1.16174841E-01
  1.03364744E-01 2.19103908E+00-3.42516656E-02
  2.40916521E-01-3.67249434E-02 1.86143529E+00
 -7.70535385E-01 9.61341093E-02-7.20712861E-02
  3.32335109E-02-9.17434924E-02 1.08341184E-01
 -5.22615928E-02-7.99698594E-02 1.18266415E-02
  1.83382177E+00 7.37988966E-01-8.73174588E-01
  3.04489585E-01 2.27820918E+00-5.69032240E-01
 -2.79458512E-01-1.22327445E+00 4.59355436E+00
 $END
----- START OF NORMAL MODES FOR -MOLPLT- PROGRAM -----
ATOMIC MASSES
    34.96885    12.00000    12.00000    15.99491     1.00782
     1.00782    15.99491    15.99491     1.00782     1.00782
     1.00782     1.00782     1.00782
MODE     1   FREQUENCY=  47.01354 (CM**-1)
 -3.808157954E-02 -1.617547904E-02 -1.416057508E-02
 -7.201810810E-02  8.509790900E-03 -1.691318112E-02
 -2.829228114E-02 -1.257840889E-02 -8.773151000E-03
  3.811022114E-02  2.224651327E-02  5.064597582E-03
 -7.271208293E-02  5.597603489E-02 -1.256880583E-02
 -1.158774298E-01 -1.019992498E-02 -2.413047092E-02
 -6.947974256E-02  1.485145573E-02 -1.820972461E-02
  1.804520281E-01 -1.017673621E-02  6.344801809E-02
  2.581423537E-01  5.024598830E-02  2.818914000E-02
  9.989714526E-02 -3.509688480E-03  3.530689156E-02
 -8.699079569E-02  1.361280640E-01 -3.658394859E-02
 -2.460242555E-02 -7.149282634E-02 -1.397405572E-02
  9.917277238E-02  1.910651886E-02  3.269344317E-02
MODE     2   FREQUENCY=   0.90798 (CM**-1)
  8.424645105E-02  5.935775482E-02  2.922757873E-02
  6.809359484E-02  5.605570299E-02  3.344222210E-02
  6.753560559E-02  4.841650024E-02  2.558670119E-02
  7.765998451E-02  5.390451976E-02  2.624775456E-02
  6.743264999E-02  6.281987082E-02  4.137547225E-02
  6.094618060E-02  5.289251387E-02  3.363412514E-02
  5.141530886E-02  4.512285446E-02  2.862011542E-02
  7.024089864E-02  3.703404226E-02  1.832701877E-02
  6.969836415E-02  4.085711268E-02  2.057218400E-02
  6.074629091E-02  3.806809151E-02  2.147771511E-02
  4.805074621E-02  5.653692164E-02  3.601453298E-02
  6.908601236E-02  4.051325854E-02  1.661000714E-02
  7.738132834E-02  4.804949607E-02  2.243131448E-02
MODE     3   FREQUENCY=   0.23937 (CM**-1)
 -5.441040202E-02  4.116537867E-02  6.551019615E-02
 -5.353893872E-02  4.085862209E-02  6.543320500E-02
 -5.316706763E-02  4.070650632E-02  6.550029119E-02
 -5.350201793E-02  4.055809934E-02  6.464400759E-02
 -5.349692886E-02  4.072107795E-02  6.491440097E-02
 -5.339152087E-02  4.088904985E-02  6.583142558E-02
 -5.215802273E-02  4.016808782E-02  6.565231458E-02
 -5.293847337E-02  4.002096990E-02  6.482256482E-02
 -5.276746395E-02  3.944044476E-02  6.440853069E-02
 -5.244954166E-02  3.999102810E-02  6.519622800E-02
 -5.196475627E-02  3.954441984E-02  6.519585876E-02
 -5.326617332E-02  4.101166071E-02  6.614634066E-02
 -5.338454120E-02  4.027930681E-02  6.449436270E-02
MODE     4   FREQUENCY=   0.10238 (CM**-1)
 -2.442133488E-02  6.662227839E-02 -6.129121420E-02
 -2.429895027E-02  6.654989955E-02 -6.128970163E-02
 -2.428061519E-02  6.654445121E-02 -6.128395310E-02
 -2.432936556E-02  6.652858063E-02 -6.136673768E-02
 -2.429106981E-02  6.649984080E-02 -6.135594050E-02
 -2.424122420E-02  6.657279001E-02 -6.123278603E-02
 -2.416367803E-02  6.647798429E-02 -6.126908749E-02
 -2.392871322E-02  6.640506227E-02 -6.121028276E-02
 -2.374458168E-02  6.641364800E-02 -6.135813847E-02
 -2.400016834E-02  6.640721517E-02 -6.118802891E-02
 -2.414463008E-02  6.644415494E-02 -6.132557339E-02
 -2.428951652E-02  6.659709918E-02 -6.121373702E-02
 -2.421289789E-02  6.651939041E-02 -6.130633139E-02
MODE     5   FREQUENCY=   5.78666 (CM**-1)
 -6.788155626E-02 -4.275106160E-02 -8.854270478E-03
  3.695360060E-02 -2.228835501E-02 -3.590547517E-02
  4.094978178E-02  2.649334057E-02  1.451277681E-02
 -2.510016201E-02 -9.176761245E-03  8.457329885E-03
  4.125506536E-02 -6.596437764E-02 -8.752152582E-02
  8.317025292E-02 -1.878855682E-03 -3.647472023E-02
  1.463950788E-01  4.638417937E-02 -4.583033451E-03
  2.371666614E-02  9.782381998E-02  5.949713144E-02
  2.777505524E-02  7.178262035E-02  4.390065015E-02
  8.586820642E-02  9.108551041E-02  4.033731062E-02
  1.682649523E-01 -2.745258901E-02 -5.298342712E-02
  3.081368765E-02  7.813021982E-02  7.336620806E-02
 -2.337880732E-02  2.774795182E-02  3.250147444E-02
MODE     6   FREQUENCY=  22.15637 (CM**-1)
  6.951181439E-02 -6.849687883E-02 -2.524333870E-02
  1.793703929E-02 -3.076425065E-02 -2.755831889E-02
 -1.734975286E-02  1.640095761E-04 -1.773587495E-02
 -2.260962410E-03  3.966449295E-03  6.521155294E-02
  1.529870305E-02 -3.214342662E-02  7.443420592E-03
  1.868537014E-02 -2.719579753E-02 -6.605188275E-02
 -8.807867376E-02  6.071352068E-02 -3.954777754E-02
 -4.987901439E-02  9.299324332E-02  6.404365455E-02
 -6.323682938E-02  1.434251616E-01  9.889492646E-02
 -7.581756633E-02  9.353635477E-02  1.762780844E-02
 -1.019874280E-01  1.092352193E-01 -1.111622344E-02
 -1.040991554E-02 -1.661806732E-02 -6.616725676E-02
 -1.626917902E-02  4.142468180E-02  8.353526602E-02
MODE     7   FREQUENCY=  75.46663 (CM**-1)
 -5.670295110E-02 -3.498838771E-02  9.292470923E-03
 -2.189063735E-02  1.590059256E-02 -1.215146861E-02
  6.203156936E-02 -1.036860510E-02  1.224399555E-02
  1.714847861E-01  4.615214881E-02  4.888942655E-02
 -1.980160463E-02  7.929607202E-02 -4.886728664E-02
 -7.909937939E-02 -9.454329930E-03 -1.207992877E-02
 -1.436527692E-02  2.226293169E-02  2.662734706E-03
 -5.290284579E-02  3.221897954E-03 -7.192562291E-02
 -1.880745053E-01  5.701165313E-05  3.708356059E-02
 -6.003356383E-02  4.343567263E-03 -4.143275265E-02
 -2.519830012E-02  3.947022664E-02  4.546467412E-02
  6.841873094E-02 -1.108623739E-01  1.881307138E-03
  1.421031292E-01  1.427682095E-02  1.339598086E-02
MODE     8   FREQUENCY= 135.24980 (CM**-1)
 -4.928872921E-02  7.927547996E-02 -2.168875362E-02
  1.197784095E-01 -7.400198655E-02 -3.330013000E-03
  3.896183766E-02 -4.671868485E-02 -2.631905145E-02
  3.475203871E-02 -5.208428850E-02  4.382005935E-02
  1.249189176E-01 -2.166041321E-01 -4.820707503E-02
  2.448677560E-01 -2.501341032E-02  7.067696259E-02
 -5.969067358E-02 -2.062834189E-02 -3.110816177E-02
 -6.415804791E-03  2.385475717E-03  5.322693092E-02
  1.135628708E-02  6.215740370E-02  6.724995601E-02
 -4.520555080E-02  4.257604053E-03  4.385937517E-03
 -7.974480841E-02  3.951278246E-02  1.894019191E-02
  4.860031666E-02 -3.938883748E-02 -1.056691816E-01
  1.532919003E-02 -2.344560976E-02  5.347999485E-02
MODE     9   FREQUENCY= 195.84121 (CM**-1)
 -2.559574077E-02 -5.675609093E-02  4.541005677E-02
  1.297823159E-01  1.170642265E-02 -6.955828362E-03
  1.344920463E-02  8.440959134E-02 -8.552369134E-03
 -4.267757796E-02  5.334546736E-02 -2.248029876E-02
  1.333501123E-01 -1.387982272E-01 -3.416319574E-02
  2.603844209E-01  7.214846497E-02 -4.075520868E-02
 -6.388083662E-02  3.825321694E-02  1.525389455E-02
  3.109862782E-02 -4.737196358E-02 -6.046929962E-02
  1.283005520E-01 -5.045446955E-02 -1.410729383E-01
 -9.231517746E-03 -4.163043731E-02 -2.945438986E-02
 -8.424137241E-02  1.027172559E-01  6.249757403E-02
  1.951215103E-02  1.452249851E-01 -8.609610251E-02
 -6.785662813E-02  3.215791027E-02 -4.740467696E-02
MODE    10   FREQUENCY= 284.41556 (CM**-1)
 -9.132503210E-04  3.642433401E-03  7.456026349E-02
 -4.210937625E-03 -2.952668941E-02  4.669548557E-02
 -1.305494633E-02 -6.455866778E-02 -2.298654335E-02
 -1.569904599E-02 -6.112272357E-02 -4.254619662E-02
 -5.956000886E-03 -3.546506057E-02  7.228128991E-02
 -7.174780861E-03 -3.465140882E-02  8.588777224E-02
 -2.124755717E-02 -1.038414378E-02 -3.763169831E-02
  5.988204075E-02  1.248748245E-01 -1.057280688E-01
 -1.610011467E-01  1.000689722E-01  5.930302155E-02
  5.797557726E-02  1.329083688E-01 -8.641301775E-02
 -3.202584598E-02  6.975453862E-02 -5.575777961E-02
 -1.326669063E-02 -6.381742572E-02 -2.289056937E-02
  3.496480436E-02 -2.069029943E-02  2.742122268E-02
MODE    11   FREQUENCY= 315.11164 (CM**-1)
 -6.384015521E-03 -1.158786542E-02  5.526455806E-02
  6.461329351E-03  6.148668182E-02 -3.501817619E-03
  3.599504889E-02  3.943093059E-03 -5.539534980E-02
  4.685683230E-02 -4.804244078E-03 -9.633495171E-02
  5.940392753E-03  1.363356387E-01 -2.525615397E-03
 -6.542373644E-02  2.904194214E-02  1.032683215E-02
 -9.052944616E-03 -6.716754442E-02 -4.705220711E-02
 -6.947580360E-02  2.779890595E-02  9.720960413E-02
  3.521689246E-01  1.705862091E-01 -1.744086461E-01
 -8.388010501E-02  2.520203529E-02 -6.178765171E-02
 -2.730573843E-02 -4.513680566E-03 -1.448736873E-02
  4.286580749E-02 -2.076678827E-02 -9.387633351E-02
 -4.863681230E-03 -1.154657465E-02 -1.479827059E-01
MODE    12   FREQUENCY= 374.23164 (CM**-1)
 -3.936247246E-03 -1.039412376E-02  1.345559583E-02
  2.900007065E-02  5.042947823E-02 -1.612798092E-02
 -4.697028686E-03  3.853447697E-02 -3.613274517E-02
 -7.143150314E-03  2.855518148E-02 -6.095902024E-02
  2.898851808E-02  3.317073809E-02 -1.521371261E-02
  3.792483280E-02  5.597469006E-02 -3.182814552E-02
 -1.109062224E-02 -4.466621069E-02 -2.022494751E-02
  3.165555334E-02 -2.708441652E-02  5.601885703E-02
 -5.538890977E-01  2.960824464E-02  5.554460983E-01
 -5.010773195E-02 -3.415051907E-02  5.617814010E-02
  7.290944113E-03 -2.066978636E-01  3.118949633E-02
 -1.267202936E-03  5.687268697E-02 -7.326417141E-02
  1.661462707E-01  5.244470038E-02  3.339896480E-02
MODE    13   FREQUENCY= 423.27456 (CM**-1)
 -3.151229104E-03 -1.166212262E-02 -5.417654397E-02
  1.777553849E-02  9.296865670E-03  8.640753383E-03
 -3.600251586E-03  1.486353615E-02  2.812551698E-02
  5.613769132E-03  2.966590614E-02 -1.321406509E-02
  1.981791024E-02 -3.771626267E-02 -2.049982585E-02
  5.652921079E-02  2.975232881E-02 -2.942834036E-02
 -3.528810537E-02 -1.178772465E-01  1.285609883E-01
  2.208468288E-02  8.655464019E-02 -2.871710006E-02
  1.047030241E-01  2.200599737E-01 -3.316612175E-02
 -1.113729623E-01  1.087012048E-01 -9.585150678E-02
 -2.868314267E-02 -2.407939885E-01  2.111720423E-01
 -4.343604584E-03  3.350281617E-02  2.514073891E-02
  2.473469400E-02  3.037352151E-02  9.983718830E-03
MODE    14   FREQUENCY= 452.68213 (CM**-1)
 -6.836802441E-04 -3.387034491E-03 -2.488010598E-02
  7.483878100E-03  1.037660709E-02  4.787813654E-05
  4.454615745E-02  4.663879776E-03  4.070445839E-02
 -8.918684701E-04 -2.446961723E-02 -7.076086618E-02
  1.073378049E-02  3.667439273E-02 -3.478935977E-02
 -1.106730625E-02  4.355797863E-03 -1.341193378E-02
 -1.559589947E-02 -3.415502220E-02  6.768408405E-02
 -2.342771391E-02  2.532747493E-02  2.654042401E-02
 -1.900278323E-01 -2.476235297E-01  2.983820857E-02
  2.888991111E-01 -4.567016023E-04  8.794801415E-02
 -1.248001548E-01  6.999168469E-01 -4.965156087E-02
  4.449007719E-02 -2.347828421E-03  5.184560982E-02
  1.858745658E-02 -2.418273958E-02 -6.791138121E-02
MODE    15   FREQUENCY= 493.26086 (CM**-1)
 -1.041420519E-02 -2.986071463E-03 -6.216098510E-03
  2.636749312E-02  1.116425884E-01 -2.844101386E-02
  1.148469411E-01 -2.095236381E-03 -3.010677321E-02
 -6.426254516E-02 -9.309796875E-02  7.671969279E-02
  2.897522477E-02  4.102923712E-01 -9.326603122E-02
 -2.400593503E-01 -3.895465411E-03 -1.712334259E-02
 -1.931491446E-02 -8.768777256E-03  2.736905975E-03
  2.246988485E-02 -8.952380407E-03 -2.515779650E-02
 -7.996120980E-03  3.436948600E-02  1.930102278E-02
 -6.467332652E-02  6.780096442E-03 -2.115179214E-02
 -4.616005369E-02  1.401948793E-02  1.237361842E-01
  1.147886115E-01  8.195765135E-02 -1.034883323E-01
 -1.354353640E-01  1.447395889E-02  1.435620467E-01
MODE    16   FREQUENCY= 555.81804 (CM**-1)
 -3.497946327E-04 -1.120087898E-04 -1.616302096E-02
 -7.553980367E-03 -3.041250278E-02  3.170722868E-02
  4.804807951E-02 -1.774109779E-02  6.296146683E-02
 -3.002195808E-03 -6.020504469E-02 -1.007868350E-01
 -6.120342582E-03  2.043424676E-02  2.857368275E-03
 -4.874910769E-02 -5.002404966E-02  3.567214440E-02
 -1.311906925E-02  1.230521083E-01  4.343090643E-02
 -1.439522094E-03 -4.051711870E-02  3.657073858E-03
  4.740574134E-02  3.702975548E-01  1.640288275E-01
 -3.075278789E-01 -2.147836111E-02 -1.252218766E-01
 -2.083217744E-02  1.909650856E-02  1.870186388E-01
  4.233024559E-02 -1.865851820E-02  1.139597923E-01
  1.022320977E-01 -9.662370154E-02 -9.281128724E-02
MODE    17   FREQUENCY= 646.11699 (CM**-1)
  5.682650035E-03  7.089328331E-03  1.577517513E-02
 -2.290103938E-02 -1.857035689E-02 -4.515421971E-02
 -1.658724615E-02  2.590344402E-02  4.607968559E-03
 -2.641770716E-02  3.375807651E-02  5.366491726E-02
 -2.361814464E-02 -6.935072911E-02 -2.686023655E-02
  3.577289882E-02  8.003155268E-03 -4.368463517E-02
  5.456838752E-02 -7.199027553E-02 -1.920286425E-02
 -2.716044242E-03 -4.431682238E-02 -2.749744297E-02
  6.523861051E-02  4.763209040E-01  1.733432160E-01
 -2.438563808E-01 -9.344623812E-03 -2.580543108E-01
 -2.205478092E-02  4.809896384E-01 -1.648041962E-01
 -2.438538375E-02  3.966907707E-02  3.035543580E-02
  8.192139825E-02  5.028004597E-02  1.143427697E-01
MODE    18   FREQUENCY= 726.76249 (CM**-1)
 -1.643991799E-02 -2.788514022E-02 -5.609031255E-02
  4.742618469E-02  9.120094209E-02  2.059694157E-01
 -3.343508107E-02 -1.502660762E-02  1.353115869E-02
  1.540861818E-03  5.203865280E-03  1.123338660E-02
  5.043621026E-02  1.554155303E-02  1.970499410E-01
  3.922286914E-02  8.980803278E-02  1.826529909E-01
  2.095686948E-02 -9.521872329E-03 -6.050553552E-02
 -2.756917384E-03 -8.116742988E-03 -5.161621976E-03
  2.102436620E-02  7.310941480E-02  1.633480586E-02
 -3.567670649E-02 -7.088787682E-03 -2.620273582E-02
  1.591936312E-02  9.881499633E-02 -1.456557832E-01
 -2.478687205E-02 -7.705389678E-03 -4.095081618E-02
  2.438856705E-02 -4.530681009E-03  1.333543514E-02
MODE    19   FREQUENCY= 888.56650 (CM**-1)
  6.279597734E-03 -6.610337271E-03  5.229224271E-03
 -3.513295636E-02  1.399839383E-01 -5.022762399E-02
 -6.577969273E-02 -2.588199232E-02 -5.602436164E-02
  3.666087997E-02 -9.308948837E-02  1.062102640E-02
 -2.507676225E-02 -3.038281873E-01 -9.934205544E-02
  3.496420197E-01  3.059121041E-01  3.161262369E-02
  7.780856060E-03  3.631914075E-02  6.395296775E-02
 -7.040978679E-03 -9.702735303E-03  9.318345132E-04
  1.983644494E-02  3.867203711E-02  4.962230349E-03
  3.823060592E-02  5.485431914E-04 -5.830730243E-02
  4.520408617E-02  1.252133264E-02 -9.567505499E-02
 -6.599888961E-02 -1.165756349E-01  2.037930430E-02
  2.842488527E-02 -1.135240248E-02  8.159673252E-02
MODE    20   FREQUENCY= 903.81977 (CM**-1)
  5.841517468E-03  1.090934472E-03 -3.215528503E-04
 -4.232194260E-02  2.521328589E-02 -1.517613714E-02
  3.273427146E-02  5.822622515E-02  1.290757169E-01
 -1.976708781E-03 -4.368805738E-02 -1.930039699E-02
 -3.349685115E-02 -1.565447727E-01 -8.927238085E-02
  1.554160047E-01  1.151239101E-01 -2.886406345E-02
 -1.174367914E-02 -3.856668780E-02 -8.818714899E-02
  6.903501406E-03  1.662320015E-02 -1.576407153E-02
  4.452295552E-02 -1.459731333E-01 -1.262059344E-01
 -3.157798742E-01  2.323366446E-02  3.729186767E-01
 -6.234117369E-02 -5.710112252E-03  1.111936370E-01
  3.213182937E-02 -1.179198802E-03  1.406357654E-01
  1.991290757E-01  1.811852650E-01  2.309495963E-01
MODE    21   FREQUENCY= 954.05568 (CM**-1)
 -4.935221651E-03  5.954080899E-05  1.795753868E-03
  3.791865376E-02 -2.782225408E-02  1.181639858E-02
 -2.914830599E-02 -4.662321586E-02 -1.075147205E-01
 -9.463205011E-03  1.269054112E-02 -2.918897910E-02
  2.833139084E-02  1.165793979E-01  1.018721120E-01
 -1.303202782E-01 -1.021599077E-01 -9.438042989E-03
  2.143340193E-02  2.509264485E-02  7.128261434E-02
 -1.209950153E-02 -6.054260224E-03 -3.653923874E-03
  7.255508400E-02 -9.203003216E-02 -1.092745674E-01
 -2.710639707E-01  3.442737273E-02  3.019171315E-01
  4.572240881E-02  9.184375760E-02 -1.147145244E-01
 -3.522553650E-02  6.603081483E-03 -9.987676342E-02
  3.588183178E-01  3.256259842E-01  3.969945625E-01
MODE    22   FREQUENCY=1023.82503 (CM**-1)
  8.326292264E-03 -7.779922203E-03 -2.670653513E-03
 -1.047017584E-01 -1.792303125E-02  5.168681857E-02
  1.269772215E-01 -2.486768811E-02 -1.021403092E-01
 -3.970111179E-02  6.121452412E-02  2.152132433E-03
 -8.901062102E-02 -3.128529797E-01 -1.713939766E-01
  1.211771290E-01  5.132468199E-02  4.010671341E-01
  5.699744005E-03  8.823710835E-04  1.685231944E-03
  2.760364474E-03 -4.441813836E-03  8.342017383E-03
 -2.323404999E-02 -3.866614783E-02  1.106739723E-02
 -3.018143981E-02  9.667242390E-03  1.739144753E-02
 -4.386288347E-02  4.462857366E-02  2.319033413E-01
  1.128074731E-01  2.792039257E-03 -1.728904987E-02
 -1.060829954E-01  1.074029151E-01  2.758331452E-02
MODE    23   FREQUENCY=1151.95479 (CM**-1)
 -2.119465295E-03  1.797526496E-03 -4.491615747E-03
 -5.579722838E-02 -6.284700105E-02  5.715217932E-02
 -2.756989985E-03  1.722238632E-01 -6.029289194E-02
  4.704617584E-02 -9.280428450E-02  3.364546621E-03
 -7.214595260E-02 -8.628302644E-02  2.084060036E-01
 -4.276265770E-02 -4.894863750E-02 -9.273432790E-02
  4.761055854E-04 -1.922651430E-03  3.993346773E-03
 -8.115656592E-03 -5.768216440E-03  1.619995784E-03
  1.103104940E-02  1.568320341E-03 -7.461737009E-03
  1.932217802E-01 -1.618605568E-02 -1.890583558E-01
 -1.646902302E-02 -1.617345904E-02  1.176279883E-01
  5.287274154E-03  2.817519152E-01 -1.410486008E-01
  6.734483408E-02  1.145838347E-01  1.550468943E-01
MODE    24   FREQUENCY=1167.58128 (CM**-1)
  2.387083264E-04 -9.810476992E-04  2.054242750E-04
  2.083364934E-02  2.243641967E-02 -1.764750049E-02
  9.657315903E-03 -4.722277713E-02  3.070133173E-02
 -4.516827854E-02  2.537186685E-02 -2.724049909E-03
  2.247886709E-02  2.410604508E-02 -2.726023465E-02
  7.810207550E-03  1.299617893E-02  4.775638467E-02
 -1.000129950E-02  7.153708605E-03 -3.416629701E-02
 -3.387766267E-02 -9.286586236E-03  8.909897147E-03
  7.866670507E-02  3.398948078E-03 -6.491189824E-02
  4.503302702E-01 -2.198222478E-02 -3.947691756E-01
 -4.143372458E-02 -8.784073068E-02  2.410089049E-01
 -1.349264673E-02 -2.859133691E-02  1.959447477E-01
  5.376879259E-01  5.839417758E-02  2.839954500E-01
MODE    25   FREQUENCY=1207.55616 (CM**-1)
 -8.621622616E-03  2.932652490E-03  3.333634473E-04
  4.195269094E-03  2.173471136E-02 -9.176237240E-03
  1.605542368E-02 -3.821177372E-02 -5.434960049E-02
 -7.479442713E-03  1.511338338E-02  7.154060702E-03
 -3.432609198E-02 -8.866814008E-02  5.895087344E-01
  6.677972437E-02  7.442420775E-02 -4.343461810E-01
  2.437246172E-02 -2.743747894E-03 -1.938044166E-02
  7.357711440E-03 -1.172422346E-03  4.731131958E-03
 -2.601593211E-02 -3.635602827E-02  1.065816123E-02
 -7.162248196E-02  1.329075042E-02  3.487320427E-02
 -8.837294610E-02  1.116776668E-01  4.333037404E-01
 -1.217906047E-02 -1.879963354E-01  2.634347111E-01
 -1.612689643E-01  3.031123532E-02 -3.349504822E-02
MODE    26   FREQUENCY=1301.78959 (CM**-1)
 -7.491674918E-04 -6.844912698E-03 -2.926074111E-03
  4.270369409E-02  6.242507862E-03 -7.378240658E-02
 -8.922109655E-02  1.701132971E-02 -1.961073226E-02
  3.555298272E-02 -1.863137638E-02  6.863670692E-03
  2.528342307E-02  1.314442434E-01  1.354017595E-01
 -6.640662234E-02 -8.632809736E-02  6.440523396E-01
  2.050274685E-02 -6.968574206E-03 -1.641478025E-02
  7.785639146E-03  3.902830578E-03 -3.678269781E-04
 -1.931476886E-02 -4.170342085E-02 -5.424808876E-03
 -9.171368237E-02  8.100665278E-03  6.100472762E-02
 -7.926861862E-02  1.156160803E-01  3.442647187E-01
 -1.443977170E-01  2.216316351E-01  2.574616657E-01
 -5.754097174E-02 -4.387621665E-02 -6.578808506E-02
MODE    27   FREQUENCY=1349.78875 (CM**-1)
 -4.970818026E-03 -4.710508243E-03 -6.720414470E-03
 -1.030346357E-02 -1.377551150E-03 -7.761088319E-02
  7.495133134E-02  4.242143403E-02  3.853205120E-02
 -2.511386235E-02  1.959002247E-03 -5.921825537E-03
 -5.081015201E-02  5.245678831E-03  6.043595580E-01
  7.900744194E-02  9.995774611E-03  3.619260276E-01
 -2.906836952E-02 -1.395461414E-03  1.970287915E-02
 -3.963612422E-03 -1.197112545E-03 -2.987101298E-03
  1.304384320E-02  3.922991467E-02  6.286393164E-03
  5.719183195E-02 -1.163494952E-02 -2.435434361E-02
  7.941365426E-02 -1.228321436E-01 -3.914858281E-01
  1.151353387E-01 -2.702647959E-01 -6.369183416E-02
  3.261376586E-02  3.503814359E-02  3.397080085E-02
MODE    28   FREQUENCY=1422.92637 (CM**-1)
  5.824160151E-04  3.088356898E-04  3.817328994E-04
  2.220968884E-02 -1.758833303E-02  3.551071364E-02
  3.009508047E-02  4.863537493E-02 -6.286167394E-02
  9.525465891E-03 -1.236428203E-02 -4.537616403E-03
  3.847596876E-02  8.378992691E-02 -1.704160059E-01
 -1.554937679E-02 -3.260311388E-02 -3.123878009E-02
 -4.194561196E-02 -8.527679565E-03  2.259530134E-03
 -2.781376429E-04 -6.446337959E-03  2.642842329E-05
 -3.490830982E-03  3.666608586E-02  2.576528529E-02
  2.806757273E-02  1.611199136E-03 -1.961155210E-02
  3.900804599E-02 -8.529115922E-02 -3.150514376E-01
 -5.998522994E-02 -1.037490282E-01  7.949927020E-01
 -1.506315472E-01  1.530723230E-01  6.374527622E-02
MODE    29   FREQUENCY=1447.36183 (CM**-1)
 -1.313915277E-03  4.167874043E-04  4.039141518E-05
 -2.666153921E-02  2.189842064E-02 -1.740700575E-02
  5.144740663E-02 -9.046667148E-02  7.154071723E-03
  1.167038085E-02  1.183055470E-02  3.640128076E-03
 -3.920002415E-02 -1.190260378E-01  2.179114127E-01
  3.138477149E-02  5.226351370E-02 -1.021413118E-01
 -2.914607916E-02  4.290842074E-04  1.660688405E-03
 -1.974745873E-03  3.150623716E-03  1.335223544E-03
  4.956071720E-03 -7.445700677E-03 -9.158270494E-03
 -2.823567113E-02  4.376097953E-03  3.665688724E-02
  3.099773650E-02 -4.815749170E-02 -2.415705773E-01
 -2.126644442E-02  7.982931246E-01  1.552473460E-01
  8.051253254E-02 -1.229057192E-01 -4.162765963E-02
MODE    30   FREQUENCY=1504.18564 (CM**-1)
 -8.067512865E-04 -1.359536967E-03 -1.944170733E-03
 -4.904033044E-02 -6.865606114E-02  1.622777816E-02
 -4.271566440E-03 -1.719423644E-02 -9.680243047E-03
  2.358417086E-03  4.106170622E-03 -9.296157554E-04
 -4.351960114E-02  6.486943564E-01  6.369625993E-04
  6.388359460E-01  2.478511712E-01 -3.228204686E-03
  3.263971271E-03  1.898802410E-03 -1.195882514E-03
 -1.917281784E-04 -7.801735432E-04  6.087307712E-04
 -6.849625039E-04 -1.442572737E-03  8.346771159E-04
  1.073118889E-03  2.726693168E-03 -4.211505024E-03
 -6.793406736E-03  1.248390592E-02  3.564334298E-02
 -8.963456713E-03  6.142385769E-02 -2.637087765E-02
 -3.417994985E-03  1.463822901E-02  1.034689558E-02
MODE    31   FREQUENCY=1656.17749 (CM**-1)
  1.113035716E-04  6.413263399E-05 -1.118927740E-04
  7.731121804E-03  5.301244222E-03 -1.601610381E-02
 -1.737377534E-02 -6.272096130E-02  6.800997886E-02
  3.518420197E-02  6.493780290E-03 -4.469876839E-02
  8.013995646E-03 -1.041879564E-02  9.526368942E-03
 -1.912932401E-02 -7.641007126E-03  2.616912895E-02
 -1.516878055E-03  7.232434478E-03 -8.737847254E-03
 -1.052959339E-02 -2.418560893E-02 -5.371802553E-03
  2.099056857E-02  1.824166728E-01  9.128347681E-02
  2.506463928E-01  4.456492903E-03 -8.890811493E-03
 -7.291820003E-04 -3.099915540E-02  3.937249549E-02
 -1.195168542E-02  1.134213243E-01 -1.101520944E-01
 -5.040883761E-01  5.962803683E-01  2.708676197E-01
MODE    32   FREQUENCY=1757.98509 (CM**-1)
 -1.102633532E-06  2.484318629E-06  2.651751288E-04
 -2.859979539E-03 -1.214558191E-03  3.150013388E-03
  3.677957991E-03  1.428977141E-02 -2.589646640E-02
 -8.777914034E-03 -2.777461067E-03  1.358095151E-02
 -4.014688431E-03 -3.755487184E-04 -2.714644941E-04
  4.157473236E-03  1.538690011E-03 -5.869808060E-03
 -3.781388923E-03 -5.319975368E-03 -2.427566243E-03
 -3.117664885E-02 -1.864237575E-02 -4.380064434E-02
  1.383267473E-01  4.692751666E-01  1.262005890E-01
  4.340848534E-01 -2.855435476E-02  6.547094559E-01
 -1.556296816E-02 -2.575765298E-02  8.100664580E-02
  3.291390215E-03 -9.911952661E-03  2.089918175E-02
  1.240906591E-01 -1.376908755E-01 -9.685072330E-02
MODE    33   FREQUENCY=2837.38602 (CM**-1)
  3.339155389E-05 -6.101064813E-05 -9.424801071E-05
  5.014059042E-04 -2.687250713E-03  4.135466356E-05
  2.445668564E-03  1.374870331E-02  1.097859425E-03
  1.797314657E-02  2.943290882E-02 -4.067293765E-02
 -2.177491458E-03  2.064876127E-03 -5.316186468E-04
 -4.088630763E-03 -1.090676394E-03  6.522177327E-03
  5.457816530E-04 -4.690593879E-04 -4.249537607E-03
 -5.993002534E-03 -2.365604930E-02  1.904441436E-03
  2.917425780E-02 -1.887323742E-02  3.020071625E-02
  2.098305129E-02  3.966290349E-01  2.622562419E-02
  2.559755299E-04  8.819700992E-04 -1.739641141E-03
 -2.905698833E-02 -2.076684522E-02 -6.518164265E-03
 -2.501700010E-01 -5.727050961E-01  6.183413647E-01
MODE    34   FREQUENCY=3038.95547 (CM**-1)
 -1.557191294E-06  2.158372678E-05 -2.433457917E-04
  1.471680529E-04  1.695671926E-04 -8.982219130E-05
 -7.506511665E-03 -4.692505845E-04  3.437552837E-03
 -7.493071254E-03 -1.393997861E-02  1.756865912E-02
 -2.953169775E-03 -6.178336508E-04  1.065947750E-04
 -1.026965352E-03  1.719704947E-03 -7.433314722E-04
 -1.128065952E-03  4.454974137E-04 -2.249957637E-03
 -4.108985986E-03 -5.177477294E-02 -7.160472873E-04
  2.924032818E-02 -6.209177103E-02  5.668400357E-02
  3.414926865E-02  8.730232764E-01 -1.280770616E-02
  9.506694031E-03 -4.741064723E-03 -6.692901195E-03
  9.858500955E-02  1.136419533E-02  8.007958379E-03
  1.222634386E-01  2.200964340E-01 -3.077726760E-01
MODE    35   FREQUENCY=3121.37780 (CM**-1)
  3.442105293E-05  1.039948530E-05  2.040933459E-04
  7.218655271E-03 -1.955339607E-04 -5.958040313E-04
 -7.950370262E-02 -6.021524613E-03 -9.296889206E-03
  1.331509686E-03  3.023566108E-03 -2.834527893E-03
 -8.227436334E-02  3.730342752E-03 -1.103610628E-02
 -2.139874046E-03  1.452077556E-03  4.258539807E-03
  2.497415136E-03 -4.331472177E-05 -2.401688485E-04
  6.115967754E-04  4.386953676E-03  3.785327022E-06
 -3.420607192E-03  5.699653648E-03 -6.116227367E-03
 -6.843119374E-03 -7.611438453E-02  1.406179204E-03
 -3.136909944E-02 -1.410066479E-03  2.480024515E-03
  9.373947820E-01  6.123591293E-02  1.137455162E-01
 -2.236680834E-02 -3.788396535E-02  5.474657159E-02
MODE    36   FREQUENCY=3174.97871 (CM**-1)
  1.115094880E-04  1.627538744E-04  1.783184964E-04
 -4.779774610E-02 -4.366438326E-02 -6.562173250E-03
 -5.444306345E-03  4.668009702E-04 -2.244561136E-03
  1.854560588E-04  3.712522522E-04 -1.680198051E-04
  7.918636309E-01 -3.632351279E-03  5.167018730E-02
 -2.345433789E-01  5.011390348E-01  3.327320736E-02
  7.441707666E-04  2.413758128E-04  2.447988370E-04
  3.084331486E-05  2.406296154E-04 -3.603426188E-05
 -1.353782218E-04  3.694330655E-04 -3.120161121E-04
 -4.175425596E-04 -3.918214303E-03  6.402885382E-04
 -6.656489425E-03 -1.129347847E-03  3.459631631E-03
  6.509655623E-02  5.223070297E-03  6.477571050E-03
 -3.769880816E-04 -2.926303205E-03  2.833589723E-03
MODE    37   FREQUENCY=3268.28435 (CM**-1)
 -1.152806430E-04  1.433654635E-04  3.941858834E-05
  7.045078849E-02 -5.942120817E-02 -4.985078542E-04
  5.347028158E-03 -4.007870274E-04  3.341191067E-06
 -3.643588380E-04  1.626760378E-04  1.041468233E-04
 -5.276249125E-01 -9.253932144E-03 -3.405671387E-02
 -3.140605754E-01  7.126303929E-01  4.638051482E-02
 -6.115853003E-04  1.469840353E-04 -8.563571287E-05
  7.507192085E-06  8.625895282E-06  3.913020808E-05
 -1.788281306E-04  1.265088690E-04 -3.838368645E-05
 -6.227106624E-05 -4.083530082E-04  3.263423173E-05
  6.331721384E-03  1.600595745E-04 -1.315170530E-03
 -4.861111042E-02 -5.180729214E-03 -2.567402302E-03
  1.048944560E-03  4.191988587E-03 -4.813483984E-03
MODE    38   FREQUENCY=3577.29696 (CM**-1)
  1.234254603E-06  2.807547897E-06  9.097580821E-05
 -1.042901682E-04  2.302211643E-04 -2.483235779E-04
 -4.257165274E-03  2.207884803E-04  2.451060871E-04
  2.130838209E-04  2.833019543E-04  1.353019691E-04
  6.388782230E-03  1.601444950E-03 -2.194771198E-04
  6.031970623E-04 -1.033328216E-03 -1.232060480E-04
 -5.747328865E-02 -1.152740034E-02 -1.259161161E-02
  5.333843213E-04  5.331359164E-04  2.231641516E-04
 -4.870529898E-03  2.723222881E-03 -5.456001976E-03
 -7.811443908E-03 -9.040174595E-03  3.908740128E-03
  9.319018960E-01  1.734696726E-01  1.879866424E-01
  2.789678385E-02  1.596896905E-03  2.744382195E-03
 -1.935227309E-03 -4.808806906E-03  2.217325881E-03
MODE    39   FREQUENCY=3680.54380 (CM**-1)
 -2.679094638E-07  5.839729431E-07  1.988647544E-05
  3.863838436E-05  3.405249209E-05 -3.506623536E-05
 -3.132897803E-04 -3.063401080E-04 -1.666549752E-04
 -9.989699474E-05 -1.774306686E-04  4.806613977E-04
 -6.822406542E-05  3.585493789E-05 -7.477550715E-05
 -1.886613256E-05  1.687300688E-04  6.010537568E-05
 -3.182891641E-04 -2.929583541E-04  3.096097577E-04
 -3.288999810E-02  2.761108311E-02 -4.220713597E-02
  5.592638221E-01 -3.648971229E-01  6.941839677E-01
 -3.244058538E-02 -6.958000084E-02 -2.901827357E-02
  6.368864271E-03  2.989601550E-03  8.708136655E-04
  1.589248231E-03  5.689621564E-05  4.924247545E-04
 -2.786114661E-03  3.710777973E-03 -7.494134591E-03
----- END OF NORMAL MODES FOR -MOLPLT- PROGRAM -----
