 $DATA  
Acetaldehyde hydrate and water -- forward IRC endpoint, unconstrained opt       
C1       0
H           1.0      3.1699626804      0.6353905231     -0.2505676751
   N21     6
   P       1
     1              1.1000000000  1.00000000
        
C           6.0      2.9242219615      0.1716395096     -1.2092523877
   N21     6
   L       1
     1              0.0438000000  1.00000000  1.00000000
        
C           6.0      3.3950983560      1.0625415556     -2.3435054944
   N21     6
   L       1
     1              0.0438000000  1.00000000  1.00000000
        
O           8.0      2.6806877172      2.3248415596     -2.2557948014
   N21     6
   L       1
     1              0.0845000000  1.00000000  1.00000000
        
H           1.0      1.8399006646      0.0329094812     -1.2629729716
   N21     6
   P       1
     1              1.1000000000  1.00000000
        
H           1.0      3.4192745731     -0.8006529639     -1.2701011297
   N21     6
   P       1
     1              1.1000000000  1.00000000
        
O           8.0      3.1609182304      0.4457602371     -3.6653652872
   N21     6
   L       1
     1              0.0845000000  1.00000000  1.00000000
        
O           8.0      3.7513576298      2.9106932315     -4.7377757276
   N21     6
   L       1
     1              0.0845000000  1.00000000  1.00000000
        
H           1.0      3.5137874322      3.3401650852     -5.5638750036
   N21     6
   P       1
     1              1.1000000000  1.00000000
        
H           1.0      3.5705646430      1.9560646791     -4.8124714492
   N21     6
   P       1
     1              1.1000000000  1.00000000
        
H           1.0      2.2573577217      0.1067556026     -3.7118086679
   N21     6
   P       1
     1              1.1000000000  1.00000000
        
H           1.0      4.4713937814      1.2307693858     -2.3343633404
   N21     6
   P       1
     1              1.1000000000  1.00000000
        
H           1.0      2.9745226167      2.8751054089     -3.0076897780
   N21     6
   P       1
     1              1.1000000000  1.00000000
        
 $END      
 $ZMAT   IZMAT(1)=
         1,   1,   2,
         1,   2,   6,
         1,   2,   5,
         1,   2,   3,
         1,   3,   4,
         1,   3,   7,
         1,   3,   7,
         1,   3,  12,
         1,   4,  13,
         1,   7,  10,
         1,   7,  11,
         1,   8,   9,
         1,   8,  13,
         1,   8,  10,
         1,   8,  10,
         2,   1,   2,   5,
         2,   1,   2,   6,
         2,   1,   2,   3,
         2,   2,   3,   7,
         2,   2,   3,   7,
         2,   2,   3,   4,
         2,   2,   3,  12,
         2,   3,   4,  13,
         2,   3,   2,   5,
         2,   3,   7,  11,
         2,   3,   7,  10,
         2,   3,   7,  11,
         2,   3,   7,  10,
         2,   3,   2,   6,
         2,   4,   3,  12,
         2,   4,   3,   7,
         2,   4,   3,   7,
         2,   4,  13,   8,
         2,   5,   2,   6,
         2,   7,   3,  12,
         2,   7,  10,   8,
         2,   7,  10,   8,
         2,   7,   3,  12,
         2,   9,   8,  10,
         2,   9,   8,  10,
         2,   9,   8,  13,
         2,  10,   8,  13,
         2,  10,   8,  13,
         2,  10,   7,  11,
         3,   1,   2,   3,   4,
         3,   1,   2,   3,   7,
         3,   1,   2,   3,  12,
         3,   2,   3,   7,  11,
         3,   2,   3,   4,  13,
         3,   2,   3,   7,  10,
         3,   3,   4,  13,   8,
         3,   3,   7,  10,   8,
         3,   4,  13,   8,  10,
         3,   4,  13,   8,   9,
         3,   4,   3,   7,  10,
         3,   4,   3,   2,   5,
         3,   4,   3,   2,   6,
         3,   4,   3,   7,  11,
         3,   5,   2,   3,   7,
         3,   5,   2,   3,  12,
         3,   6,   2,   3,   7,
         3,   6,   2,   3,  12,
         3,   7,   3,   4,  13,
         3,   7,  10,   8,  13,
         3,   7,  10,   8,   9,
         3,   8,  10,   7,  11,
         3,  10,   7,   3,  12,
         3,  11,   7,   3,  12,
         3,  12,   3,   4,  13,
 $END
-------------------- DATA FROM NSERCH=   0 --------------------
 COORDINATES OF SYMMETRY UNIQUE ATOMS (ANGS)
   ATOM   CHARGE       X              Y              Z
 ------------------------------------------------------------
 H           1.0   3.1699626804   0.6353905231  -0.2505676751
 C           6.0   2.9242219615   0.1716395096  -1.2092523877
 C           6.0   3.3950983560   1.0625415556  -2.3435054944
 O           8.0   2.6806877172   2.3248415596  -2.2557948014
 H           1.0   1.8399006646   0.0329094812  -1.2629729716
 H           1.0   3.4192745731  -0.8006529639  -1.2701011297
 O           8.0   3.1609182304   0.4457602371  -3.6653652872
 O           8.0   3.7513576298   2.9106932315  -4.7377757276
 H           1.0   3.5137874322   3.3401650852  -5.5638750036
 H           1.0   3.5705646430   1.9560646791  -4.8124714492
 H           1.0   2.2573577217   0.1067556026  -3.7118086679
 H           1.0   4.4713937814   1.2307693858  -2.3343633404
 H           1.0   2.9745226167   2.8751054089  -3.0076897780
--- CLOSED SHELL ORBITALS --- GENERATED AT 23:53:30 11-SEP-2026    
Acetaldehyde hydrate and water -- forward IRC endpoint, unconstrained opt       
E(R-WB97X-D)=     -306.3400952900, E(NUC)=  199.1880116486,   15 ITERS
 $VEC   
 1  1-2.45316359E-05-9.10056602E-05 5.06908908E-06 3.62935950E-05-2.52390713E-05
 1  2 2.73752126E-05 9.08349995E-05-2.68593735E-05-3.36905448E-05 4.45936926E-05
 1  3-6.65722222E-04 9.89536306E-05-3.68111308E-05 5.57108141E-04 3.16460866E-03
 1  4 3.48301340E-05 3.22661151E-04-8.63950805E-04-8.70237079E-05-2.36113263E-04
 1  5 4.68861482E-06-7.56462964E-05-2.38592603E-04 1.72959547E-03-4.16559937E-04
 1  6-3.75974006E-04-5.28876780E-04-4.65374096E-03 9.22044341E-04 1.07311613E-03
 1  7 1.76681405E-04 6.81967483E-05 1.53199740E-04-1.08361857E-05-3.37294957E-05
 1  8-2.83281891E-05-5.40110956E-04-2.36291988E-05 3.25076464E-04 2.34002480E-04
 1  9 1.89664112E-04-5.32457630E-05 4.35615923E-05-4.06375730E-05 1.00626856E-04
 1 10-1.40244269E-05 1.29565109E-05-1.42321363E-05 1.32273106E-06 6.76245850E-05
 1 11-7.71063768E-05-2.49033008E-05-4.11198603E-06-8.84592545E-06 9.93872305E-01
 1 12 2.67662092E-02-1.07062731E-03 1.71914603E-04 1.13466673E-03-5.85336469E-03
 1 13 3.93552519E-04-4.05157532E-04-1.12215051E-03 3.37282187E-03-9.83949640E-05
 1 14 3.55869087E-04 5.88227157E-04-3.89272527E-05 8.21082625E-06-8.90574380E-06
 1 15-1.97520445E-05 1.46655667E-05 2.27444611E-05 3.25338602E-05 1.06192912E-04
 1 16-8.01911828E-05 2.47317159E-05-7.41605190E-05 9.64344454E-05-1.37843758E-04
 1 17-1.01541661E-05-1.59425002E-04-1.62295466E-05-6.35379575E-06-2.30075232E-05
 1 18-1.77362897E-05-4.20783280E-05 2.66192787E-06 1.16285011E-05 6.01621979E-06
 1 19 3.22945535E-04-1.23992151E-04-2.70794537E-04-7.65479587E-05 5.75877997E-05
 1 20-1.11771830E-04-3.49633185E-04 9.58788100E-05 6.00757049E-05 1.09522669E-04
 1 21 6.15808563E-05-1.20271525E-04-2.25839094E-05 2.36968743E-06 2.23322925E-05
 2  1 6.08540806E-05-9.49805165E-05-3.07783577E-05 1.33304494E-05-7.97068882E-07
 2  2 2.25714556E-05 8.28339213E-05-2.92502115E-05-1.31274366E-05 2.47216042E-05
 2  3-4.47950210E-04 2.51814385E-04-4.55702049E-04 2.01988685E-04 3.51318713E-03
 2  4 9.99539955E-05 6.91783538E-04-5.52868730E-04-8.24054180E-05-1.94244891E-04
 2  5-9.09672243E-05 2.40656729E-04 4.76821890E-06 1.74061021E-03-4.41212541E-04
 2  6 7.64577108E-04-1.16524283E-04-4.29497608E-03 1.05576366E-03 2.02777113E-04
 2  7-1.23882811E-03 9.93878524E-01 2.68347428E-02 1.12524305E-03-5.15268130E-04
 2  8-1.10104526E-03-6.12975575E-03-9.33386093E-04 7.90688264E-04 7.67240704E-04
 2  9 2.37048961E-03 2.49430986E-04-5.38532955E-04-3.21992689E-05 9.38726498E-05
 2 10-1.16408924E-05 9.79596257E-06 9.50330949E-06 2.29165453E-05-3.45302448E-05
 2 11-1.45803777E-04 1.01322137E-05 6.47975873E-06-3.86467192E-05-2.60377972E-05
 2 12 1.49974977E-04-9.63082713E-06 4.04108187E-05 1.83937153E-05-5.20965734E-04
 2 13 6.68589229E-05-3.35903793E-04-2.43416678E-04 3.60489967E-04-2.44665253E-04
 2 14 3.98392061E-06 1.61358094E-04-1.67926767E-03-3.74064302E-05-2.82223144E-05
 2 15-2.01530680E-05 5.29206410E-05 1.02159426E-04 9.95538813E-05 1.34375682E-04
 2 16-2.13914241E-04-6.37576971E-04 2.68458490E-05 2.31913972E-04-4.04970096E-04
 2 17-4.60592494E-05-1.68257077E-04-5.27203785E-05 1.46915315E-05-1.96026545E-05
 2 18 3.25573734E-05 2.00397377E-04 7.80613448E-06 1.71771928E-05 2.81203189E-06
 2 19 8.95448698E-05-3.72555419E-04 3.54978172E-06 1.40960439E-06-1.93181942E-05
 2 20-1.46309388E-04-4.21580464E-04 1.40229820E-04-1.20585108E-04 1.90879347E-05
 2 21 3.18702028E-04 6.59373735E-04 1.09628216E-04 2.49843175E-05-1.74308080E-04
 3  1-7.08106378E-07 9.58634985E-05-9.29813704E-08 3.75591036E-06-1.28384680E-05
 3  2 1.20119680E-05 6.84071804E-05 6.07270560E-06 1.28233259E-05-1.76180909E-05
 3  3-4.10188324E-04-3.82418733E-05-1.24562888E-04 1.81902963E-04-1.06369021E-02
 3  4-9.08972247E-04-1.55553482E-03 2.09553354E-03-1.11337623E-05-5.23592502E-05
 3  5 1.85464352E-05 1.70427423E-05-4.88959746E-06 5.50932004E-04-1.71759578E-04
 3  6-1.53811222E-04 2.63474523E-05 1.00806692E-02-1.26313907E-03-2.66986839E-03
 3  7 3.20999705E-03 1.68049478E-03 5.84289910E-05 7.70441881E-07-2.96689996E-06
 3  8-1.10231008E-05-3.14463797E-05 3.35108408E-06 4.11759431E-05 3.38521578E-05
 3  9-1.97247889E-04-1.39898652E-04-6.22774737E-05 3.63767104E-05 4.07178529E-06
 3 10 1.42073476E-04 1.31313103E-05 2.35035830E-06-9.91134442E-06-1.93309457E-06
 3 11 1.27624437E-04-5.87785640E-06 1.03284741E-05-8.74832757E-06 4.14901880E-05
 3 12 1.53610510E-05-3.00088661E-06 3.23916663E-05-1.06122404E-05 3.53658995E-05
 3 13 4.93397495E-05-1.08607792E-04 2.30721497E-07-1.31295774E-03-6.14414832E-06
 3 14-4.70122922E-04-8.55383614E-05 9.93832636E-01 2.66092628E-02-6.06753363E-04
 3 15-6.38219562E-04-1.18268481E-03-5.17389573E-03 3.02363098E-04 4.47880334E-04
 3 16 4.85406518E-04 1.99978872E-03-4.36297359E-06-6.32093911E-04 9.14167368E-04
 3 17 1.58956030E-04 7.86399155E-04-7.45555432E-05 9.60971946E-05-2.74055496E-04
 3 18 2.09742011E-04 6.51367167E-04-6.54931672E-05-2.10431808E-04-3.15820606E-05
 3 19-5.61386313E-06 2.64683094E-04 1.21978785E-06 4.69791787E-05-1.75430271E-05
 3 20 2.45154586E-05 3.61786353E-06 1.08748254E-05 1.66261971E-06-1.06323489E-05
 3 21-6.04750630E-05-1.41462940E-05-6.65687121E-07-1.84196999E-05-1.73880191E-05
 4  1-1.30587695E-04-2.41061685E-04 1.04105594E-05-1.20922841E-05 3.01361554E-05
 4  2 8.68963490E-04-3.02035448E-04-2.22384905E-05 2.87238639E-05-4.47521742E-05
 4  3 3.20977305E-03 5.04619329E-04 9.63540213E-04-1.26043116E-03 3.90067613E-03
 4  4 4.43394562E-04 5.16927577E-04-4.79357677E-04 9.94549612E-01 3.07997213E-02
 4  5-5.70959954E-04 2.63771773E-04-6.08989590E-04-1.51563084E-02 1.21002769E-03
 4  6 2.68128033E-04 7.70596001E-05-6.43347607E-03 3.22667328E-04 5.14711019E-04
 4  7-6.99439249E-04-1.12671334E-05 1.96252958E-04 7.85302646E-05-9.58320795E-05
 4  8 2.96232705E-06 4.64500760E-04 4.95057506E-05-5.24702462E-04 6.90880394E-05
 4  9 3.84102254E-03 1.10380766E-03-1.19907671E-03-3.15075746E-04-1.79815718E-04
 4 10-1.68427536E-04-2.02503308E-05-1.26596718E-06 4.89339333E-06-1.39604591E-04
 4 11-2.43379995E-04 1.58893025E-05-2.48544165E-05 2.91797964E-05-1.60549192E-05
 4 12 1.62957172E-04 7.44632152E-05 7.35227139E-05 1.06664044E-04 5.42453575E-04
 4 13-1.62671926E-04 9.38039739E-05 4.89527165E-04 4.05206040E-03 2.10172754E-04
 4 14 7.52924826E-04 1.43168446E-03 1.35190865E-09-3.30190924E-06-7.64414962E-06
 4 15-2.47649153E-06 1.69642540E-05 6.95383742E-05 3.07315167E-05 8.38990950E-05
 4 16-1.23779739E-04-3.77486260E-04 7.81813363E-05 3.14656401E-04-4.68998771E-04
 4 17 1.21363068E-06-2.53670125E-04-3.36636899E-05-4.21018270E-06-1.51694390E-05
 4 18-4.37179160E-05-5.51828886E-05 2.46343018E-05 4.71380554E-05-3.56507666E-05
 4 19-5.98148368E-05-3.73971736E-04 4.02217706E-05 5.94508859E-05 1.37087281E-04
 4 20 5.13216186E-05 1.49640491E-03 3.60512385E-04 2.25002121E-05 5.24476094E-05
 4 21 5.09007842E-05-1.41682817E-04 5.44574082E-05-1.78594397E-04 7.57164498E-05
 5  1-1.60730477E-04 2.19928853E-03 1.65045254E-04 3.37436179E-04 4.44953007E-04
 5  2 9.94284423E-01 3.11293999E-02 2.99900282E-05 1.15352221E-04-1.53177814E-04
 5  3-1.33126819E-02-2.47356574E-04-9.66820139E-04 1.18901899E-03-1.87985907E-03
 5  4 6.53849981E-05-3.32830187E-04 3.13756445E-04-9.62706157E-04-1.78075543E-04
 5  5-3.27365570E-06 2.46713504E-05-4.97749420E-05 2.54807812E-03-5.07665909E-04
 5  6-1.16614464E-03 1.65782438E-03 5.22716174E-04 9.70202966E-05 1.02824624E-04
 5  7 1.38313970E-04 1.36233517E-05 2.46398249E-05-3.29269906E-06 7.75228993E-05
 5  8-4.56051972E-05-3.90424882E-04-3.63207128E-05-2.18520293E-04 1.86313545E-04
 5  9-8.00562704E-05-2.22148387E-04-4.78854409E-04 7.62557535E-04-1.48601564E-04
 5 10 2.38413974E-03-5.55116160E-04 5.73202948E-07-1.17747915E-04-1.58314190E-04
 5 11 2.07884247E-03 3.13341133E-04-4.86595003E-04-1.24264279E-04 5.16534841E-06
 5 12-3.55548828E-06 2.27595378E-05 5.32252502E-06-6.77861420E-05-1.78819682E-04
 5 13-7.57529105E-05 5.68123330E-05 4.69032086E-05 1.54341136E-03-3.49222588E-04
 5 14-7.08115888E-05 7.72462935E-04 8.11747512E-06 5.67663935E-05-7.83009085E-06
 5 15 2.43899757E-06 6.90239874E-06-2.13115309E-04 4.43469339E-05 3.90079508E-05
 5 16-3.31670941E-05 2.57962957E-04-4.73444228E-05-5.39096486E-05 1.00201524E-04
 5 17 1.77412684E-05-2.98482410E-05-3.93867891E-06-1.19848322E-06 1.20726968E-05
 5 18-2.22979342E-05 1.98385945E-04 9.87010715E-06 2.74011097E-05 1.68578706E-05
 5 19-6.49906499E-05-3.67835934E-04 9.63460006E-06-2.34926653E-05-2.69148624E-05
 5 20-1.62742524E-04 2.09650161E-04-2.24806399E-05 1.47800203E-05-1.07981667E-05
 5 21 3.55280196E-05 8.70426624E-04-2.26938140E-05-7.66973471E-05 9.40207966E-05
 6  1 5.26000633E-03 6.67776082E-03-4.69913906E-05-7.25542299E-04-1.03176519E-03
 6  2-1.96844740E-02 1.87518498E-02 3.53228609E-03 1.21810567E-02-1.70306900E-02
 6  3 3.28502323E-02-9.49294829E-03 2.93718546E-03-1.28998143E-02-1.30369159E-01
 6  4-8.25312900E-03-1.91581957E-02 2.41713678E-02-9.46480901E-02 1.07487568E-01
 6  5-3.82084066E-02 1.86870107E-02-4.54630427E-02 1.77396474E-01-3.69344889E-03
 6  6 1.46755014E-03-5.25433937E-03 1.79108610E-01-2.71808350E-02-2.58778094E-02
 6  7 2.52282244E-02-1.35666435E-01 1.41004153E-01 4.00623569E-02-2.99284976E-02
 6  8-3.87082228E-02 3.96922388E-01 4.19814233E-02-3.80249538E-02-4.06588932E-02
 6  9-4.34697466E-02-1.43501601E-02 2.18781847E-02 1.14749125E-03 4.39886175E-03
 6 10-8.81930603E-04 4.54335190E-04 3.98516471E-04-2.00892537E-04 5.12181892E-03
 6 11 3.57499761E-03-1.52874911E-04 1.01121648E-03 3.05700675E-04-1.60811640E-01
 6 12 1.68376501E-01-4.03506723E-02 1.37763816E-02 5.24335738E-02 4.69618722E-01
 6 13-3.03420464E-02 2.70233711E-02 5.97820533E-02-5.66626516E-02-9.71880199E-05
 6 14-1.05998984E-02-2.82899355E-02-3.45857271E-02 3.78922442E-02-6.01711854E-03
 6 15-8.16897220E-03-7.11574526E-03 9.15416676E-02-7.50292845E-03-1.14946865E-02
 6 16 2.21132514E-03 1.19377492E-02 1.29409587E-03-7.10130068E-03 1.24765885E-02
 6 17 1.77709229E-02 1.12594031E-02 1.73604149E-03-2.10666712E-03 3.98710152E-03
 6 18 2.38640987E-02 4.48320477E-03-7.28120464E-05 2.04319225E-03 1.58529115E-03
 6 19 7.92672590E-02 2.40165612E-02 1.46807857E-02 5.03090682E-03 5.30223271E-04
 6 20 2.69218407E-02 3.06298478E-03-5.95974464E-03 8.97354200E-05-1.99722981E-03
 6 21 6.39983758E-02 7.78823979E-03-3.41114882E-03-6.34404931E-03 8.22776259E-03
 7  1-1.45783692E-03-4.29331500E-03 5.43509147E-05 1.22324783E-04 5.39663603E-04
 7  2 4.06088334E-03-5.61309603E-03-9.37796024E-04-2.14334564E-03 4.02702917E-03
 7  3 3.95229076E-03 3.16322191E-03 5.00916820E-03-6.54673300E-04 2.29071108E-01
 7  4 1.86746369E-02 3.22750941E-02-4.62292366E-02 1.65480077E-02-1.82128913E-02
 7  5 5.47636744E-03 4.71450859E-03 1.19189906E-02-4.45303275E-02 7.65472733E-03
 7  6 7.86229753E-03-3.91682376E-03-2.29239224E-01 3.02931021E-02 5.92390111E-02
 7  7-6.19800037E-02 7.31393020E-03-6.78802618E-03-1.69522852E-03 6.68535764E-03
 7  8-1.02866290E-03-2.55539019E-02-3.08526014E-03 3.90141079E-03 2.43953315E-03
 7  9 9.22923042E-04 3.57232099E-03-1.79124537E-03 2.16685709E-03-1.27227658E-03
 7 10-2.82002213E-03-3.19646148E-04-2.25010295E-04 1.58529452E-04-1.20405378E-03
 7 11-3.10874194E-03 3.53447978E-06-4.22596333E-04 1.27124024E-04 4.05576524E-02
 7 12-4.30292983E-02 1.26448172E-02 1.54815702E-03-1.48265922E-02-1.23835827E-01
 7 13 7.50063687E-03 4.56003414E-04-1.74211439E-02 4.89066008E-02-2.17329586E-03
 7 14 1.49447317E-02 1.14987009E-02-2.27110175E-01 2.49993642E-01-3.55024307E-02
 7 15-3.72238067E-02-7.07556278E-02 6.43641906E-01-2.89902890E-02-3.14771824E-02
 7 16-5.01651964E-02 3.05942264E-03-8.63208395E-04 1.12476566E-02-2.21630572E-02
 7 17 1.28301373E-01 1.22725742E-02 6.15915272E-03-1.39733995E-02 2.25062438E-02
 7 18 1.17849418E-01 1.31435555E-02 4.26380117E-03 2.55139456E-02-9.18938228E-04
 7 19-2.22813827E-02-1.59008204E-02-4.23218644E-03-2.13522649E-03-1.20546763E-05
 7 20-4.92824149E-03-4.60506201E-03 1.12086229E-03 5.44569882E-05 9.91688018E-04
 7 21 8.53888139E-03 1.27426647E-02 9.06673286E-04-3.80428956E-04-2.02248957E-03
 8  1 2.85689359E-04-5.05664268E-03 7.08092466E-04 2.92887544E-04 3.30906769E-04
 8  2-2.52086997E-03 2.24939495E-03-5.51725860E-04 8.26665511E-03 2.30744740E-03
 8  3 8.00603543E-03-5.09593802E-03 2.15366739E-02 1.08598113E-02-6.80633079E-02
 8  4-7.66646414E-03-1.34011114E-02 8.00439648E-03-1.38718151E-02 1.55738370E-02
 8  5-2.22880602E-02 8.95332126E-02 5.25213454E-02 2.75905130E-02 6.65884085E-03
 8  6 3.69953055E-03-4.24508790E-03 6.19762096E-02-7.76605557E-03-4.94177303E-03
 8  7 3.84411343E-02-1.77802546E-01 1.89096522E-01 4.75350290E-02-1.31307334E-02
 8  8-4.54114810E-02 5.33159965E-01 5.36701674E-02-3.34978678E-02-3.71501619E-02
 8  9-7.99464439E-03-7.26411358E-03 1.94069816E-02-1.67499594E-03 2.52614151E-04
 8 10 2.24460504E-04 1.25177884E-04-5.07660078E-04-6.02374268E-04 9.37606376E-04
 8 11 6.98383541E-03-8.39473000E-04 4.68351193E-04 3.11782045E-04 1.53505922E-01
 8 12-1.64609034E-01 4.49259278E-02 6.74642207E-03-3.15012385E-02-4.59019333E-01
 8 13 2.68766712E-02-4.96289647E-03-4.68610598E-02 6.43896127E-03-9.31872678E-04
 8 14 5.62909010E-03 7.28692652E-03 2.08302546E-02-2.33345608E-02 2.71574539E-03
 8 15 5.52840160E-03 9.49648750E-03-5.97309339E-02 2.00392820E-04 2.37377969E-03
 8 16 1.07779924E-02 1.51114186E-02-1.01227720E-03-7.46582108E-03 7.69195875E-03
 8 17-1.19831960E-02 6.37813803E-04-1.25227455E-04 1.12383373E-03-1.87149690E-03
 8 18-1.77115402E-02-1.20759598E-02-6.38407262E-05-1.44948679E-03-1.27618225E-03
 8 19-8.87219636E-02-1.89630728E-02-1.68608680E-02-5.75879580E-03 4.72692027E-05
 8 20 3.10157240E-03-5.52893142E-03-1.09584804E-03 3.33806422E-03 2.39276448E-03
 8 21 9.22868419E-02 6.41127305E-03-6.29406011E-03-8.69079001E-03 1.47966336E-02
 9  1 8.71611803E-02 9.10664885E-03-2.46630403E-03-4.45418425E-03-9.91378314E-03
 9  2-1.70576610E-01 1.84198196E-01 2.25810532E-02 3.46471828E-02-4.19304052E-02
 9  3 4.20923771E-01 8.46141994E-03 9.68294709E-03-1.58252646E-02 5.00768073E-02
 9  4-3.21834968E-04 7.54636975E-03-1.20006935E-02-1.21793043E-01 1.30764361E-01
 9  5-5.22191314E-03-6.73932953E-02 9.26804833E-02 3.37856154E-01-1.12715607E-02
 9  6-2.00717842E-02 2.28844985E-02 1.47533765E-02-1.05814194E-03 4.70532915E-03
 9  7-7.29596769E-03 4.88893643E-02-5.42729575E-02 4.20887225E-03-7.32271321E-02
 9  8 5.06708390E-02-1.64127807E-01-2.48765177E-03-3.73739126E-02 3.82753445E-02
 9  9-5.76349568E-02-7.23078280E-03 1.79957626E-02-8.31062655E-03 8.43678697E-02
 9 10 7.10059935E-03 1.10223262E-02 1.58552995E-03 2.99204461E-04 8.64578905E-02
 9 11 6.13535719E-03-4.82350078E-03 9.81894250E-03 4.40215642E-04 4.90469962E-02
 9 12-5.43671693E-02 4.45958342E-02 1.70986775E-02 5.32300102E-02-1.65563313E-01
 9 13 3.53478695E-02 4.64093539E-03 2.83498273E-02-8.12058506E-02 6.78638252E-03
 9 14-4.25942816E-03-2.36639550E-02-4.46358049E-03 5.01037310E-03 1.48682502E-03
 9 15 3.26919101E-03-8.64483453E-03 1.48378535E-02 1.84211534E-03 1.70550956E-03
 9 16-6.16965100E-03-5.51002553E-03 1.42721159E-03-1.80465701E-03 2.83591259E-03
 9 17 6.60792334E-03 7.84952195E-03 3.89890143E-04-6.78315496E-04 1.15054907E-03
 9 18-2.54433380E-03-1.18583114E-03 2.65975011E-04 5.61699949E-04-2.29807643E-04
 9 19-5.29805463E-02-7.55654034E-03-9.98101113E-03-3.46680467E-03 1.92446212E-03
 9 20 6.40434909E-02 1.06971550E-02-7.53015531E-03-2.15308081E-03 1.05794779E-03
 9 21-6.57745862E-02-3.25347444E-02 4.41252866E-03 7.36391093E-03-1.07914915E-02
10  1-8.07628427E-02-2.53551152E-02 3.02937391E-03 5.73752431E-03 6.95462528E-03
10  2 1.10513498E-01-1.13124605E-01 3.88172867E-02 4.26689169E-02-5.50993721E-02
10  3-3.54105404E-01 1.49128401E-02 8.28208674E-03-6.50657915E-03-1.23665892E-01
10  4-9.52908073E-03-1.49779145E-02 1.72931075E-02-1.29092108E-01 1.39127810E-01
10  5 9.13092049E-02 3.93288418E-02-8.84281518E-02 4.54732845E-01 5.35483627E-02
10  6 1.51261850E-02-3.90347362E-02 1.42923683E-01-2.23347518E-03-1.57167294E-02
10  7 1.86646761E-02 4.23542673E-02-4.89726807E-02 5.08647902E-02-1.00436951E-01
10  8 1.80657507E-02-1.50421767E-01 3.97080957E-02-7.20183283E-02 1.04094902E-02
10  9-6.19481566E-02-1.32047799E-02 2.61788582E-03 8.27217296E-03-9.14499382E-02
10 10-2.64234468E-02-9.19824845E-03 1.52631955E-04-2.01986314E-03-7.89821356E-02
10 11-2.23099980E-02 5.32522615E-03-7.30312497E-03-2.52635279E-03 2.24845460E-02
10 12-2.91976728E-02 1.47982872E-01 1.08283138E-01 1.11629458E-01-7.47360949E-02
10 13 1.15289625E-01 8.67973318E-02 8.61002821E-02-6.37791631E-02-2.79392043E-04
10 14-8.29794920E-03-1.41776964E-02 8.23825350E-04-8.48486263E-04 4.28635193E-03
10 15-1.27950216E-02 4.17227717E-03-3.93955838E-03 4.08108993E-03-1.25553636E-02
10 16 6.03459627E-03 7.50265817E-03 3.22826820E-04-5.71979243E-03 1.04964979E-02
10 17-6.73401501E-03 1.80738655E-03 6.98144384E-05 1.88646686E-04-6.02109230E-04
10 18 8.87878754E-03 6.66874645E-03 8.04770981E-04 8.02616085E-04 1.50246179E-03
10 19-1.27314358E-01-6.56558581E-02-2.02194007E-02-6.88437412E-03-9.07886330E-04
10 20 1.28491983E-01 4.27849542E-02-1.16370694E-02-1.51596447E-03-2.53740986E-03
10 21-6.00818889E-02-2.81946946E-02 6.27295581E-03 4.49525083E-03-1.08331560E-02
11  1-3.17063116E-02-1.09683488E-02 9.79883096E-04 3.59669619E-03 1.88595609E-03
11  2 3.79105703E-02-3.50885935E-02-1.83818951E-02 7.64150365E-02-4.29959553E-02
11  3-1.65138969E-01-2.55196829E-02 3.43001003E-02-4.50095088E-03-5.72653923E-02
11  4-2.35204974E-03-1.36095411E-03 4.82796028E-03-2.64457268E-02 2.99607826E-02
11  5-1.17884373E-01 7.63131711E-02 8.36719807E-02 1.04344723E-01-1.07101232E-01
11  6 9.41617084E-03 8.55511033E-02 5.22451806E-02-1.56389908E-02-1.41672125E-02
11  7 1.42547711E-02-1.26734722E-02 8.43049838E-03-6.42911624E-03-1.90100000E-01
11  8 1.28286904E-01 6.35259047E-02 3.53977900E-03-1.56968280E-01 9.73377694E-02
11  9-5.75091214E-03-3.67589844E-03 8.40668552E-03 5.51010873E-03-1.95295742E-02
11 10-5.78577940E-03-3.09282958E-03 1.63797251E-03-2.02768980E-03-6.55651247E-02
11 11-3.01844078E-02 2.33269401E-03-3.91399797E-03-1.05356972E-03 1.22641822E-02
11 12-9.99882872E-03-1.34141153E-01-6.81780947E-02-1.38087342E-02-5.30289125E-02
11 13-1.07566312E-01-5.99071402E-02-1.15271128E-02-2.27642573E-02-3.71185966E-03
11 14-3.00749701E-03-8.85130210E-04-2.16406086E-03 3.92705646E-03-3.23513130E-03
11 15 2.15956006E-01-1.61562379E-01 4.60091389E-03-2.33905933E-04 1.67959133E-01
11 16-1.34145111E-01 8.04890861E-03 1.52379665E-03 8.57431634E-03-1.03839027E-02
11 17 1.57639591E-01 1.00880672E-01 7.13243165E-03-7.84900100E-03 2.14236016E-02
11 18-1.34770552E-01-9.98823681E-02-4.98520070E-03-1.89432551E-02-7.65287096E-03
11 19 8.86804574E-02 6.39628404E-02 1.23167404E-02 5.52807246E-03 2.52749432E-03
11 20-3.51661392E-02-2.37897882E-03-1.19505909E-03 2.10760190E-03 1.10489894E-03
11 21-1.37208571E-01-1.05356828E-01 5.60085233E-03 1.40117212E-02-1.63266394E-02
12  1 7.65733322E-05 1.81750665E-03 5.47935089E-05-2.09229653E-03-3.38284316E-04
12  2-1.37853690E-02 1.29748890E-02 3.13428792E-02-7.17154708E-02 4.64314779E-03
12  3 5.24336988E-02 2.20223560E-02-5.05851508E-02-9.76629183E-03 1.39570041E-02
12  4 2.48164400E-03-2.67139186E-03-3.17685686E-03 1.00091580E-02-1.05526710E-02
12  5 1.07139239E-01-1.09629919E-01-8.80233014E-02-3.36667216E-02 8.16173064E-02
12  6-6.44280953E-02-5.30169921E-02-6.26034364E-03 2.10176924E-03 7.36278160E-04
12  7-4.82846897E-03-3.51016926E-03 8.11367984E-03-9.51526894E-03 1.93559644E-01
12  8-1.06216237E-01 3.15201200E-03-1.33636140E-02 1.63054123E-01-8.14312624E-02
12  9 2.31570470E-02 3.94355919E-03-1.66734389E-03-6.98781630E-03-3.39262411E-03
12 10-5.39894326E-03 7.72022685E-04-1.41712542E-03 9.32872113E-04 5.32281193E-02
12 11 2.88834933E-02-9.45140872E-04 3.00122365E-03-1.84257112E-04-1.15740377E-02
12 12 1.04746900E-02 1.04691794E-01 4.70103377E-04 9.37757567E-02 5.36869344E-02
12 13 8.50100464E-02-6.82913718E-03 9.16323315E-02-1.98519858E-02 1.03162934E-02
12 14-1.17480406E-02-6.94818951E-03 1.24463980E-03-2.03913646E-03-1.58273525E-02
12 15 2.85913974E-01-1.25997641E-01-4.56047943E-03-1.33826080E-02 2.24941099E-01
12 16-9.68418267E-02 2.00483816E-03-2.07359339E-03 2.16140821E-02-6.05176880E-03
12 17 1.65221524E-01 1.11549980E-01 7.34969736E-03-5.52929219E-03 2.40409674E-02
12 18-1.77326012E-01-1.26888087E-01-6.43181543E-03-2.73723018E-02-5.16586634E-03
12 19-6.29039909E-02-3.86566295E-02-8.48384171E-03-5.49976254E-03 5.74800605E-04
12 20 3.78269512E-02 1.41767219E-02-4.56652911E-04-2.16530648E-03-1.69298192E-03
12 21 1.16482474E-01 8.17505629E-02-7.19106319E-03-9.76328480E-03 1.75467310E-02
13  1 5.72363849E-02 3.85495153E-02 2.23683187E-03 1.78661831E-05-3.11565190E-03
13  2 7.97913117E-03-9.87278829E-03 1.42209986E-01 4.91914864E-02 5.83514713E-02
13  3-2.01862062E-02 9.42338484E-02 3.47050489E-02 3.77783401E-02 1.30291229E-01
13  4 1.38806843E-02 2.02693979E-02-2.05488803E-02-1.57747768E-02 1.68756086E-02
13  5 2.44391911E-01 7.51483236E-02 1.75017962E-01 6.09610343E-02 2.03795475E-01
13  6 5.44872268E-02 1.12868288E-01-1.27931617E-01 3.53806220E-02 3.81269072E-02
13  7-3.88640227E-02 5.32255936E-03-5.23470031E-03 1.03601785E-01 8.39651767E-02
13  8 5.17807917E-02-2.23680698E-02 9.38106791E-02 7.31743482E-02 5.21808863E-02
13  9 1.35781061E-02 1.43442206E-02 2.60681581E-03 7.67917403E-03-9.72612223E-02
13 10-6.81225921E-02-5.85528628E-03-1.15104877E-03 1.64485190E-03 4.94853007E-03
13 11 3.54865452E-03 2.62973060E-03 7.80776630E-04 8.55270836E-04-9.67613349E-03
13 12 1.69687404E-02-8.88169604E-02-1.48994191E-01-1.92395742E-01 1.62233545E-02
13 13-6.66481603E-02-1.36050585E-01-1.82172946E-01 2.39777060E-02-7.69405410E-03
13 14-1.87187562E-02-7.30754310E-03-5.80844723E-04 7.79262307E-04 4.08937531E-03
13 15 1.13215583E-02 4.23463282E-03 1.42408559E-03 5.50169581E-03 1.27887874E-02
13 16 4.40435051E-03-1.32516670E-02 1.10662880E-04 4.30326229E-03-2.07413560E-03
13 17 1.40945878E-03 1.55837328E-03 1.00051638E-04 1.63814328E-04 3.74307338E-04
13 18-6.68378492E-03 5.61460829E-03-3.99176871E-05-1.28816876E-03-5.21513828E-04
13 19 1.14519052E-01 8.94412182E-02 2.10836036E-02 4.44363327E-03-4.52126214E-03
13 20 1.65219908E-01 8.71810316E-02-9.96242056E-03 1.89292844E-04 3.65005488E-03
13 21 2.37281643E-02 1.82278985E-02 2.76250229E-03 4.76587763E-04 6.01728492E-03
14  1 1.40886013E-01 9.80679792E-02-3.62868866E-03-5.68110954E-03-7.17592784E-03
14  2-2.20305037E-02 1.88079675E-02-6.75301199E-02-1.99962286E-02 2.43425448E-01
14  3 1.20597716E-01-4.00947863E-02 2.97699625E-02 1.60994053E-01 3.03343452E-02
14  4-8.04990145E-03 2.34752204E-03 1.19753482E-02 4.53919735E-02-4.59598225E-02
14  5 3.35725123E-02 2.01438370E-01-1.02978659E-01-1.80020119E-01 6.99728474E-02
14  6 1.58710211E-01-8.01873699E-02-5.70895230E-02 2.36942401E-02 1.00596698E-02
14  7 3.52497329E-03-4.92768374E-03 6.81730907E-04 5.23237174E-02-1.09628497E-01
14  8 5.42882810E-02 3.89214569E-02 5.08005712E-02-1.09896879E-01 4.54219256E-02
14  9 8.76015491E-03-2.72794164E-03-2.53069562E-03 1.03693086E-02 5.21432811E-02
14 10 4.23071562E-02 4.62488059E-03-8.80190565E-05 4.73008049E-03 1.58089898E-03
14 11 1.52449961E-02-2.65810463E-03 1.20003197E-03 5.12372514E-03-5.53200356E-02
14 12 5.63924856E-02 1.67854278E-01 1.39343541E-01-1.38179412E-01 2.29336836E-01
14 13 1.47767175E-01 1.36089136E-01-1.20758138E-01 1.29043734E-01 1.05703827E-02
14 14 2.73767986E-02-1.70424073E-02 1.77552477E-02-1.84598557E-02-9.55400989E-03
14 15 4.82867438E-02-9.50470122E-02-7.36350678E-02-6.09619881E-03 3.73919063E-02
14 16-8.16331226E-02-2.97519603E-02-2.11687437E-04 1.13419906E-02-1.59918215E-02
14 17 6.39185324E-02 4.81349196E-02 2.45233358E-03-4.43514871E-03 6.88304154E-03
14 18-1.15294307E-02 4.48853792E-03-1.93435116E-03-8.44086806E-03-1.19991683E-03
14 19-1.00707811E-01-9.38797573E-02-1.07750241E-02-2.45147616E-03-9.61717031E-03
14 20-3.76871279E-03-1.97052603E-02 2.85846568E-03 1.91740512E-03-2.79512810E-03
14 21-6.97331168E-02-6.48797618E-02 4.91499831E-03 4.68382469E-03-7.60883687E-03
15  1-1.85225415E-02-1.72581838E-02 2.49147182E-03 1.46055347E-03 6.71543425E-04
15  2 6.82058144E-03-5.47458804E-03 7.79543897E-02 3.96971438E-02-6.34574713E-02
15  3-5.90505214E-02 2.79464113E-02 3.87623890E-02-2.61140929E-02 1.92834438E-01
15  4 1.72690841E-02 3.34080420E-02-3.88897648E-02 2.47754095E-02-2.42978848E-02
15  5 8.28598946E-04-1.51711310E-01 7.82036746E-02-9.02489122E-02 1.40096468E-02
15  6-1.45270580E-01 9.98575495E-02-2.40822803E-01 3.25610999E-02 4.33750912E-02
15  7-5.73872525E-02-6.99638330E-02 7.45521262E-02-1.78802688E-01 8.60262685E-02
15  8 2.14686423E-01 2.87041083E-01-1.62418194E-01 7.38432336E-02 2.01575638E-01
15  9 1.56804132E-01-2.10911896E-02 9.02646722E-03 2.57194701E-02-6.09078729E-02
15 10-6.07281385E-02-4.99366713E-03-3.30375058E-04-1.00840689E-03-1.28199369E-03
15 11 1.72550420E-02 1.78741586E-03 1.47851188E-03-1.63594886E-03-4.10942424E-02
15 12 4.09666123E-02 2.10569711E-01-7.69417302E-02-1.83245352E-02 1.79653455E-01
15 13 2.01631191E-01-7.05716153E-02-1.02152904E-02 6.90197681E-02 4.13161600E-02
15 14-2.89209183E-02-2.09457292E-03 2.34359291E-02-2.13210973E-02-7.21330852E-03
15 15-1.14742823E-01-1.40160065E-01-1.01624131E-01 5.69303058E-04-9.57427326E-02
15 16-1.42345322E-01-6.86684294E-02 2.89226393E-03-1.30301275E-02-4.56806758E-02
15 17 2.80371803E-02 2.04321868E-02-7.28570994E-05-8.11034061E-03-1.95647193E-03
15 18 6.93871700E-02 7.94921935E-02 3.19432469E-03 9.77816788E-03-6.01466166E-03
15 19-9.36300420E-02-7.65404580E-02-7.12177724E-03-1.01657405E-02-3.91913707E-03
15 20-3.79626859E-02-3.03428020E-02 4.72028349E-03-2.93149073E-03-2.55730779E-03
15 21-8.01985489E-02-7.99147327E-02-6.25565016E-03 1.14319216E-02 2.12154743E-03
16  1 1.09087407E-01 9.07433095E-02-4.11134819E-03 1.31748728E-03-7.68324296E-03
16  2-1.04426346E-03 2.30428937E-03-1.00985452E-01 2.86080326E-01 5.54238402E-02
16  3-4.33285667E-03-8.93944994E-02 2.20333797E-01 5.24314716E-02-1.54455007E-01
16  4-2.08988993E-02-6.39268480E-04 3.27785620E-02-2.72871699E-03 1.86350187E-03
16  5-2.05800898E-02-9.38349686E-02 6.15241862E-02 1.41979986E-02-2.05911450E-02
16  6-4.56035062E-02 5.94535064E-02 1.47399904E-01-3.08633972E-02-3.35436249E-02
16  7 5.81870242E-02 7.57926432E-03-3.12490018E-03-5.14697140E-02 9.48318287E-02
16  8 2.45880615E-02-5.23342654E-02-6.12966362E-02 9.79104198E-02 3.65495582E-02
16  9-6.02974302E-02-1.22503582E-02 1.90767878E-02 1.30017430E-02 4.49099471E-02
16 10 3.11027864E-02 1.71888228E-03 5.95009679E-03 1.61368936E-03-2.20402210E-01
16 11-1.88383371E-01 7.32022010E-03-1.30439801E-02 4.08037558E-04-1.91905611E-02
16 12 1.95017646E-02 7.91209490E-02-2.74577116E-02 2.12859113E-02 8.36959462E-02
16 13 7.82158239E-02-2.57378946E-02 2.91207749E-02 5.38229283E-02 2.16503532E-02
16 14 7.31450261E-03 3.18256250E-03-3.98090352E-02 4.04958679E-02 6.26876154E-02
16 15 1.13649525E-01 1.97654571E-01 1.66034411E-01 5.63907999E-02 1.05759779E-01
16 16 1.87786109E-01 7.03584361E-02 1.75122677E-02 2.41718931E-02 5.48378808E-02
16 17-6.56560443E-02-4.96326766E-02 2.90099527E-04 1.19616319E-02-1.48298890E-03
16 18-6.65010921E-02-7.03102907E-02 1.16844828E-03-9.27254820E-03 8.39713231E-03
16 19-3.62780955E-02-3.44825204E-02-2.80102309E-03-3.40985665E-03-6.58560070E-04
16 20-1.76969085E-02-1.53051284E-02 1.44259340E-03-1.87201098E-03-9.45451878E-04
16 21 4.28960226E-02 6.79877487E-02-1.44547464E-03-7.16935112E-04 3.74108627E-03
17  1 1.70584867E-01 1.40092297E-01 1.84219575E-03-4.84966185E-03-1.10962253E-02
17  2-2.73285335E-03 5.90412611E-03 2.84079361E-01 1.02991073E-01 1.33759846E-01
17  3-1.80648160E-03 2.43640460E-01 7.56633953E-02 1.29825569E-01-4.12627623E-02
17  4 2.31574175E-02 5.41873917E-03 2.45305091E-02-2.33291825E-03 3.79378286E-03
17  5-1.10475509E-01-6.32966040E-02-2.43946584E-02 4.67729148E-03-1.12962770E-01
17  6-3.95846596E-02-5.67785754E-03 1.59948595E-02-6.08802706E-03-1.59322273E-02
17  7 1.49105391E-02 4.79288559E-03-4.05466195E-03-8.32882674E-02-3.17601185E-02
17  8-8.76130355E-02-2.57973155E-02-8.44060642E-02-2.67648333E-02-9.14415888E-02
17  9-2.45715986E-02-2.31722253E-02 3.68497626E-04-1.27966946E-02-2.21547504E-01
17 10-1.90649967E-01-1.48322393E-02-6.58182983E-05 1.85449312E-03 2.30911048E-02
17 11 1.49301808E-02 4.36619206E-03 3.71063267E-03 2.72619544E-03 1.11599235E-02
17 12-1.49668548E-02-8.30374607E-02 1.14376895E-01 9.71773178E-02-3.47627101E-02
17 13-8.76038431E-02 1.20700145E-01 1.00959205E-01 2.66820514E-02-3.27467394E-02
17 14 3.67912294E-02 2.12570853E-02 5.39372531E-03-6.46598776E-03-4.30767028E-02
17 15-9.52994065E-03-1.20363732E-02-1.91749209E-02-4.47758116E-02-1.27981052E-02
17 16-1.13622224E-02 9.04220829E-03-1.57368618E-02-5.63499885E-03-1.87236073E-03
17 17 7.63556107E-03 3.31649071E-03-1.48853248E-03-9.97097168E-04 5.19599840E-04
17 18 7.76675724E-03-1.20448389E-02-2.48711605E-03 1.27030898E-03-3.69066138E-04
17 19 1.12383463E-04-2.73789598E-02-4.10724243E-03 4.81992012E-03 1.91548281E-03
17 20-8.72325790E-02-6.97215588E-02 7.21157734E-03-1.38947139E-03 1.51731657E-03
17 21 1.39943367E-02 1.39978826E-02-4.71968607E-03-3.52907870E-03-2.06102504E-03
18  1-3.78964198E-02-3.03913670E-02 3.48581046E-03-1.76342411E-03 3.06285172E-03
18  2 3.19396459E-03-5.67023246E-03 1.19308251E-01-1.59842569E-01-5.54921869E-03
18  3-6.91980811E-03 8.44107456E-02-1.12925466E-01-8.94680936E-03-2.20233713E-01
18  4-7.51992895E-03-5.08745980E-02 4.09981956E-02 2.31183565E-02-2.31812315E-02
18  5-4.45849045E-02 4.61107452E-02-1.49479568E-02-9.79052749E-02-6.03582750E-03
18  6 1.63877107E-02-8.06738511E-03 1.67660904E-01-3.08187760E-02-5.76666288E-02
18  7 7.59016214E-02-2.62350881E-02 2.35824854E-02-2.43310279E-02-1.15975051E-01
18  8 1.31762144E-01 1.22043235E-01-1.25201875E-02-1.23979401E-01 1.22376862E-01
18  9 4.02402951E-02-8.72572679E-03-2.20454027E-02 3.40159199E-02-7.85657021E-02
18 10-7.43297508E-02-5.46278218E-03-4.12255064E-03-3.38524296E-04 1.46653569E-01
18 11 1.43042994E-01-4.03410464E-03 9.86227181E-03 6.25738674E-04-2.22153426E-02
18 12 2.36891783E-02 9.12198058E-02-4.31101575E-02-2.09250198E-02 9.28818186E-02
18 13 8.54948462E-02-4.51154232E-02-1.48771670E-02 5.48074522E-02 2.81381491E-02
18 14-5.83426941E-03-7.01494765E-03-6.17022363E-02 6.40792702E-02 1.70529387E-01
18 15 1.45187353E-01 2.59101115E-01 2.56171356E-01 1.63709589E-01 1.38028691E-01
18 16 2.46020178E-01 1.11678456E-01 4.90372233E-02 3.42271052E-02 7.57002277E-02
18 17-9.79563124E-02-7.98502108E-02 3.89171625E-03 1.67787875E-02-3.50767388E-03
18 18-8.76852555E-02-8.69355540E-02 5.40700215E-03-1.22784928E-02 1.12976054E-02
18 19-3.77761315E-02-3.58774971E-02-1.98888838E-03-4.97626178E-03-2.11876829E-03
18 20-5.00987364E-02-5.43505687E-02 5.32061568E-03 1.00208842E-03-7.21000980E-04
18 21-8.31628115E-02-5.19675460E-02 6.85642287E-03 1.00890155E-02-1.32172561E-02
19  1 8.28732764E-02 1.00166702E-01-3.09499205E-03-4.07007121E-03-4.55941951E-03
19  2 1.98227216E-02-2.23816442E-02-6.18088317E-02-5.63690088E-02 1.82211769E-01
19  3-1.03930605E-01-5.80926937E-02-5.77512173E-02 1.34416836E-01-5.10046260E-02
19  4-8.11735588E-04-5.62372300E-03 3.12461310E-02 1.03426147E-02-1.31723414E-02
19  5 1.23333589E-01 2.57998956E-02-1.76428865E-01-3.32155935E-02 6.04532069E-02
19  6 5.73284090E-03-7.74611486E-02 8.27533019E-02-1.98816822E-02-1.79141958E-02
19  7-2.11961355E-02-2.97541465E-02 3.16437855E-02-3.93413419E-02 6.85292291E-02
19  8 1.45534383E-01 1.22979895E-01-3.46733620E-02 7.41689100E-02 1.39616825E-01
19  9 9.19372388E-02 7.57182222E-03 1.21734533E-02 2.70969430E-02 3.17511188E-02
19 10 3.92429178E-02 1.78277364E-03 7.37506515E-05 3.44092496E-03-1.10716020E-02
19 11-6.96428704E-03 1.57248742E-04-1.65401681E-03 2.79289350E-03 3.34168369E-02
19 12-3.79185343E-02-1.44315562E-01-4.53738383E-02 2.64560026E-01-1.24192424E-01
19 13-1.30861279E-01-4.30018772E-02 2.83362269E-01-1.43957113E-01-2.02560257E-02
19 14-3.35194874E-02 6.32495559E-02-1.13440226E-02 1.29854530E-02 2.19661216E-01
19 15-8.68484987E-02-6.31701227E-02 5.17874860E-02 2.26270965E-01-8.09691350E-02
19 16-7.30419132E-02 8.44824483E-03 7.87738018E-02-2.63774998E-02-3.40964147E-02
19 17-2.47519265E-02-2.55820544E-02 8.72521215E-03-1.54715605E-03-6.96056725E-03
19 18 1.23341963E-02 1.51439180E-04 1.17767273E-02 7.96346850E-03-4.61062591E-03
19 19 7.50122581E-02 9.73560463E-02 6.98539840E-03 2.92474748E-03 1.07885124E-02
19 20 8.20141285E-02 9.92390014E-02-6.81251501E-03-4.26185561E-04-2.78740462E-03
19 21-6.36901034E-02-7.51510234E-02 2.10637960E-03 7.50821115E-03 1.15712656E-03
20  1 2.59569872E-02 3.52810486E-02 7.56489746E-05-6.56026818E-04-2.88341491E-03
20  2-1.04630690E-02 9.55174020E-03 3.84447710E-02 6.56935648E-02-1.78343305E-02
20  3 6.48042174E-02 2.45987710E-02 4.51355166E-02-3.72759089E-02-3.04277628E-02
20  4 1.28163813E-02-5.04737691E-03 8.95851300E-03-1.28887774E-04 2.19235810E-03
20  5-1.44606920E-01 1.28536820E-02 4.62350501E-02 6.59367841E-03-6.30851573E-02
20  6 7.94169246E-03 3.16513644E-03 5.90676168E-02-5.41056218E-02 2.26526977E-02
20  7 1.49492622E-03 2.55735188E-02-2.90353611E-02 2.58221572E-01-2.73891586E-02
20  8-1.53104586E-01-8.56773664E-02 2.65132797E-01-4.00251218E-02-1.41905378E-01
20  9-9.16429303E-02 7.92882245E-02 5.60330062E-03-4.59626056E-02-3.73970468E-02
20 10-5.29816512E-02-3.47740073E-03 3.27369602E-04 3.36734442E-04-2.05466803E-02
20 11-2.74957748E-02 1.69216021E-03-7.96230010E-04 2.70127636E-04-1.74476581E-02
20 12 1.76552775E-02 1.31681091E-01-1.87325773E-01 3.26656818E-02 8.06087330E-02
20 13 1.25455448E-01-2.00621758E-01 3.52124804E-02-3.27182716E-02 5.68775017E-02
20 14-8.82586372E-02 3.94901599E-03 6.30126917E-03-4.97417912E-03 2.55463858E-01
20 15-7.88506045E-02-1.34754667E-01-3.32181187E-02 2.66383077E-01-7.43631468E-02
20 16-1.36342868E-01-3.79641153E-02 9.85923430E-02-2.60522178E-02-5.25510777E-02
20 17 8.37923010E-03 1.45771916E-02 1.25231846E-02-5.09211989E-03-4.75746191E-03
20 18 1.00515265E-02 3.70217382E-02 1.32520286E-02 2.95192002E-03-6.90300288E-03
20 19-4.15721961E-02-2.38905308E-02-7.25256860E-04-1.11969000E-02 1.31995326E-03
20 20-1.21961515E-01-1.48845505E-01 1.00261677E-02 4.04420656E-03 6.62015671E-04
20 21 7.07483710E-02 6.56890193E-02 4.65951704E-03-1.09954714E-02 1.29375551E-02
21  1-5.03976549E-02-7.43424708E-02 1.12475017E-03 2.83554906E-03 3.36586064E-03
21  2-1.16803561E-02 1.44185839E-02 8.06975789E-03 3.07635650E-02-9.78537764E-02
21  3 5.57926105E-02 2.94576174E-02 3.86371748E-02-5.84710390E-02-1.59572237E-01
21  4-1.05467847E-02-1.59747745E-02 1.27321040E-02-1.30209004E-02 1.25296845E-02
21  5 3.76917384E-02-5.02368083E-02 6.83380040E-02 4.92735594E-02-7.55951777E-03
21  6-1.58993237E-02 1.99089027E-02 1.78370916E-01-2.24528934E-02-5.85201710E-02
21  7 7.41102162E-02 2.78361640E-03 1.82989380E-03-1.68313911E-01 3.56324334E-02
21  8-1.04023442E-01-3.34046081E-02-1.84947970E-01 4.40901220E-02-1.03020126E-01
21  9-5.53665823E-05-4.92088446E-02 1.77742645E-02-5.37153749E-02 1.20395203E-02
21 10 2.37395027E-02 2.33942870E-03 7.13609336E-04-2.41596844E-03-7.37954878E-03
21 11-1.21198723E-02-1.63626871E-04-2.65220666E-04-1.97468879E-03 1.96710609E-03
21 12 1.40700853E-03-7.44199264E-02 2.41604319E-01-1.98749806E-01-2.77981771E-02
21 13-7.56841791E-02 2.50208108E-01-2.19295029E-01 2.46737850E-02-1.80007870E-02
21 14 1.13407191E-01-7.46776410E-02 1.13848505E-03-1.57659954E-03 3.28766731E-01
21 15 2.34009246E-02-9.06287988E-02-8.91729885E-03 3.40321084E-01 1.57713478E-02
21 16-9.18231880E-02-2.43943934E-02 1.29012620E-01 1.64862332E-02-4.00654921E-02
21 17 9.83809085E-03 1.26871080E-02 1.61369216E-02 3.93570383E-04-2.37300629E-03
21 18-1.62155694E-02-3.21611504E-03 1.10903580E-02-1.20044380E-02-8.03490949E-04
21 19 3.38576392E-03 2.16015990E-03-2.79240855E-03 1.21195264E-02-7.45446025E-03
21 20 5.14249233E-02 7.12467389E-02-4.57324345E-03-3.30025480E-03 2.02337245E-03
21 21 1.65212720E-02 8.35430292E-03-8.56476217E-03-4.87664913E-03 4.79281695E-03
22  1-3.01363061E-02-2.59288314E-02 9.64456669E-04 1.81970274E-03 2.00954836E-04
22  2-1.26576226E-02 1.42568147E-02 2.97491267E-02 1.48582417E-02-7.89427356E-02
22  3 6.05499697E-02 1.72522110E-02 5.80142787E-04-7.93280824E-02-6.93450464E-03
22  4 7.85597296E-03-2.32633225E-04-5.88267101E-03 3.17453408E-03-1.86671287E-03
22  5-8.58413747E-02-5.52593453E-02 2.48273672E-02-1.25322950E-02-4.88782361E-02
22  6 1.91975500E-02 5.60077459E-02 2.47192418E-02-3.67266375E-02-1.46803485E-02
22  7-1.75532975E-02 5.18137218E-03-2.03850589E-03 2.86921409E-01 2.05931733E-01
22  8 2.52956313E-01-4.33947852E-02 2.92088266E-01 2.25031244E-01 2.61855545E-01
22  9-3.40855807E-02 1.13878093E-01 7.90460836E-02 9.10825692E-02-1.79724379E-02
22 10-3.36721957E-02-1.41653679E-03-5.36454032E-04-9.17606212E-04 1.26551712E-02
22 11 5.47339547E-03-9.42560038E-05 1.32190194E-03-3.52711355E-04-1.13522467E-02
22 12 5.78960200E-03-7.62373424E-02 2.65238829E-01 1.04919316E-02 8.63274624E-02
22 13-8.01590222E-02 2.78426961E-01 2.97128739E-02 2.52020797E-03-1.49254811E-02
22 14 1.07572909E-01-1.04033148E-02 2.36822982E-03-2.45323821E-03 1.69176578E-03
22 15 2.30408208E-02 1.89433256E-03-1.21376358E-02 2.88597593E-03 2.23178661E-02
22 16 3.10165292E-03-3.69815231E-02 6.48787338E-03 2.15956009E-02-5.05781587E-04
22 17 6.03305564E-03 1.31798113E-02 3.31366545E-04 4.16238889E-04 1.28761217E-03
22 18 7.55560866E-04 1.06128251E-02-1.88242888E-03-3.61032771E-03 2.13853260E-03
22 19-2.50396435E-02-1.86408772E-02-8.02945179E-03 9.58329800E-03-6.96012373E-04
22 20-9.65303486E-02-1.33468310E-01 8.47216673E-03 3.52079510E-03 3.88122679E-05
22 21 1.02620274E-02 1.73800552E-02 1.23578305E-02 6.93470641E-03 1.21968641E-02
23  1 2.57060502E-02-9.59328038E-04 1.63394820E-03 1.33623510E-03 4.33452732E-03
23  2 3.51145749E-02-4.60077217E-02 2.14398985E-02 2.70820449E-02-2.08543827E-02
23  3-1.67320311E-01 1.65538817E-02 7.07424439E-02-8.68665462E-02 2.66564121E+00
23  4 4.32111758E-01 1.93393746E-01-1.66530951E-01-3.40632871E-03-1.63557186E-02
23  5-9.72906749E-02-1.26645000E-02-4.03347777E-02 9.62837513E-02-1.06069480E-01
23  6 6.94228314E-02-1.89189126E-01 4.95568456E-01-2.44489371E-01 1.08417781E+00
23  7-1.86361076E+00 2.94458225E-02-3.51939331E-02 2.40800275E-02-9.72313134E-03
23  8 4.19628778E-02-1.50749875E-01-6.30416261E-04-6.05266989E-03 7.24034853E-02
23  9-1.20554509E+00-5.33372039E-02 1.21292347E-01 2.05458882E-01-2.19882253E-02
23 10-1.46765239E-01-1.02917502E-02 9.60823816E-05-3.63075017E-03 1.17898795E-02
23 11-6.18640424E-02 3.65998581E-03-5.83198897E-03-4.20334294E-04 4.13496043E-02
23 12-5.21071425E-02 5.97173594E-02-4.90390234E-04 1.45351484E-02-2.04779456E-01
23 13 6.66997161E-02-1.20298147E-02-1.55370863E-02-1.13283832E+00-3.70594473E-02
23 14-1.31232639E-01-1.20007357E-01 4.35190040E-02-5.53006866E-02 1.80297814E-02
23 15 2.19960825E-02 2.69110107E-02-2.16999652E-01 2.23924747E-02 3.11586119E-02
23 16 5.06476424E-02-4.97460766E-01 6.21276667E-03 3.08761680E-01-3.77960726E-01
23 17 3.63658571E-02-7.27033956E-02-2.69491027E-03 4.88212381E-03-8.41441295E-03
23 18 2.56649450E-02 2.06035287E-01-6.83493550E-04-8.58441734E-03-1.74497628E-04
23 19 2.84353874E-02 7.02480847E-02-1.44782429E-02-4.80186468E-03 1.84701412E-03
23 20-9.84369275E-03-1.50726832E-01 8.44286413E-03 9.55920728E-04-1.52916791E-03
23 21 1.86658608E-02 2.44294871E-01 3.96561809E-03 2.36924468E-03-2.08391059E-03
24  1-5.77285458E-03 6.66845399E-04 7.27250087E-04 1.10569202E-03 7.71537890E-03
24  2 4.78356641E-02-5.36947603E-02 4.52064057E-02 3.41347961E-02-2.19776270E-02
24  3-3.27354704E-01 4.69758061E-02 2.16971643E-02-1.27309634E-02-1.30096757E+01
24  4-1.47333866E+00-2.59424901E+00 3.27862813E+00-2.60784227E-02 3.19007185E-02
24  5 3.80200206E-02-3.02249179E-02 3.85856912E-02 2.12591291E-01 3.19055052E-02
24  6-4.63421557E-02 2.34203272E-02 1.36384835E+01-2.14805474E+00-3.30463589E+00
24  7 3.75550733E+00-3.63175050E-03-9.67638199E-04 2.77943784E-02 2.44266082E-02
24  8-1.95516843E-02 5.35249009E-02 2.32196023E-02 2.96991185E-02-2.92566985E-02
24  9-3.01498607E-01 1.32526788E-01 1.92051463E-01-1.01124966E-01 1.32593571E-03
24 10-4.84301944E-02-1.08050327E-02-3.60581265E-03 2.07659129E-03-1.30044065E-02
24 11-4.15249600E-02 3.22171519E-03-8.82789644E-03 1.39942255E-03 1.73983794E-03
24 12-5.10002334E-03 3.09305414E-02 3.33098819E-02-3.01344726E-02 3.31210485E-03
24 13 3.49156763E-02 3.36672423E-02-3.52660907E-02-5.85618821E-01 1.75945581E-01
24 14 9.81532393E-02-2.68882014E-01-2.64028788E-02 3.67312343E-02 1.58417379E-02
24 15 5.26079260E-03-2.06865619E-02 1.13956015E-01 1.27717106E-02 3.32816910E-03
24 16-4.17735501E-02 4.92429771E-01 5.04164576E-02-2.30251203E-01 3.02024040E-01
24 17-2.79007506E-02 4.90610008E-02 3.15551311E-03-2.82025079E-03 6.01655761E-03
24 18-1.27477832E-02-1.32714033E-01-1.69702175E-04 2.62598532E-03 5.42265714E-04
24 19 4.16714486E-03 9.45196463E-02-5.65714411E-03-1.03671316E-03-1.75023141E-03
24 20-1.83707105E-02-8.11625436E-02-4.41120169E-03-4.15206330E-03 2.65049724E-03
24 21 2.42152358E-03-9.09524657E-02-1.90802645E-03-1.60292785E-03 2.36556763E-03
25  1-2.73839676E-02-1.47003492E-01 3.73115704E-03 4.90406106E-03 1.04793785E-02
25  2 2.78610883E-02-2.84289551E-02-5.44030113E-02-3.41099973E-03-6.98834654E-02
25  3-1.95210295E-01-5.11027441E-02 1.15662052E-02-6.34504790E-02 2.00927722E-01
25  4-1.05645055E-01-4.44538944E-01 4.68656828E-01 2.27053918E-02-2.41046545E-02
25  5-8.31779766E-02-7.19403009E-03 6.49647974E-02-1.79497172E-01-1.00684249E-01
25  6 6.61639894E-02 1.48995522E-01-3.39349967E-01 1.12387159E+00 8.19175944E-01
25  7 7.41306593E-01 6.91323755E-03-3.83466326E-03-2.88242621E-02-2.34357894E-02
25  8-3.95511153E-02-5.63850101E-02-2.13540772E-02-1.54978867E-02-3.39057773E-02
25  9-1.09008452E-01-3.49922267E-01-7.67940182E-02-2.00147737E-02 1.17048637E-02
25 10 1.22245630E-01 1.82921689E-03-5.06823271E-04 1.74515188E-03 4.62979628E-03
25 11 1.57416587E-02 1.36694298E-03-4.77285578E-03 1.95590695E-03-3.38654734E-02
25 12 4.15038976E-02-5.24702785E-02-9.81817217E-03 1.91714548E-03 1.76000620E-01
25 13-7.57127199E-02-1.68347497E-03 1.92058469E-02 1.22753173E+00-2.48958068E-01
25 14-5.31948525E-02 3.12055795E-01-2.62669285E-03 3.11672514E-03-2.31196107E-02
25 15-2.74982137E-02-2.33245452E-02 1.98740162E-02-2.65185677E-02-2.82551825E-02
25 16-2.59028772E-02-7.67040143E-03-1.58139591E-02-1.02640807E-02 1.17357002E-02
25 17 2.82033120E-03 5.78766084E-03-1.40146911E-04-2.30807261E-03 7.78462081E-04
25 18-8.70040628E-03 2.71433153E-02 5.28986251E-04 4.53812182E-03 2.22775503E-04
25 19-4.64107296E-02-2.70248670E-01 9.04320858E-03 3.56152181E-03 2.08051813E-03
25 20 2.31625312E-02-1.69714652E-02 8.26837805E-03 2.51324703E-03 6.67258470E-03
25 21 1.32646128E-02 1.18092218E-01-1.15211620E-03-1.30459269E-03 1.31274784E-03
26  1 1.97304132E-02 1.08204553E-01-1.95988870E-03-3.37943392E-03-2.87133186E-03
26  2 4.37279180E-03-2.65354766E-03-4.78602775E-02 7.36108383E-02 1.86854196E-02
26  3-3.58970971E-02-4.30317223E-02 6.66134945E-02 2.32044532E-03 7.45720136E-01
26  4 4.39191676E-02 1.38079327E-01-3.02766128E-02 1.94372929E-02-1.79067999E-02
26  5-2.77024873E-02-7.61323912E-02-3.16367608E-02-1.67197713E-01 2.07329652E-02
26  6-2.44332261E-01-1.41380572E-01-1.26593192E+00 1.12999121E+00-1.43127826E+00
26  7-8.77555173E-01-3.64927187E-02 4.99326497E-02 2.77842146E-02 2.50008081E-02
26  8 1.35649163E-02 1.57998535E-01 6.35808223E-02-6.20916433E-03-3.11320908E-03
26  9 1.60045675E+00 1.12787818E-01-3.10185564E-01 1.65998883E-01 9.17579095E-03
26 10 8.32996490E-02 3.44830343E-03 1.49361359E-03 3.70155236E-04-2.98743814E-02
26 11-1.78887112E-01 7.21515555E-03-7.39736209E-03-2.00762017E-03 2.05080006E-02
26 12-2.60183820E-02-3.30170813E-02 5.79588329E-02-5.37816788E-03-9.66002856E-02
26 13-1.57389614E-02 5.33135008E-02-3.08493959E-02-7.85760545E-01-2.67879344E-01
26 14 7.74512983E-02-2.56326200E-01-1.04765315E-02 1.29567216E-02-3.05152958E-02
26 15 3.78686163E-02 1.87037360E-02 5.13279508E-02-3.54416561E-02 4.54295967E-02
26 16 2.03004169E-02 4.94969370E-02-2.18862818E-02-4.42428299E-02 1.27496777E-01
26 17-7.48076743E-03 3.25184227E-02-4.67960577E-04 8.41052795E-05 4.09995572E-03
26 18-9.95832881E-04-1.15387105E-02-5.15070609E-04-2.53339316E-03 9.48785457E-04
26 19 1.82325778E-02 7.59943128E-02-1.30773302E-03 1.22569585E-03-2.01137883E-04
26 20 1.16720867E-02-2.00707122E-03 6.63181218E-03-6.47400184E-03-2.39855148E-03
26 21-2.05406655E-02-9.59324628E-02-5.34065169E-04-4.73327256E-03 5.73969917E-03
27  1 9.43038190E-03-1.08676726E-01-2.91985951E-03-2.96729759E-03 1.20511996E-02
27  2-5.21372548E-03 4.95812976E-03-3.92665090E-03-1.08598477E-01-6.71915678E-02
27  3 5.04247410E-02-2.00295408E-02-1.18607437E-01-4.22295083E-02-3.87517043E-01
27  4-2.18255582E-01 1.47966439E+00 1.62769059E+00-1.52254921E-02 1.74953032E-02
27  5 1.50918095E-02-9.49420714E-02-6.64892774E-02 1.02770636E-01 4.83891521E-02
27  6-2.46507058E-01-1.35300964E-01 1.79574208E-01 2.37121801E-01-1.53730049E+00
27  7-1.40395009E+00-2.27026743E-02 2.07963938E-02 4.41279656E-02-6.31618717E-03
27  8 9.68929444E-03 1.56272261E-01 6.73645177E-02-4.51678358E-02 8.09215732E-03
27  9 6.43708284E-01 2.18201010E-01 8.31661446E-02 4.64056350E-03-7.98144494E-03
27 10 3.10495166E-02 1.92974127E-03 5.36510645E-04 2.41547592E-03-2.12031375E-02
27 11 1.33633398E-01-1.30216863E-03 9.74833560E-03-2.77957508E-03 2.53260978E-02
27 12-2.35286107E-02-3.13958172E-02-2.81204506E-02-3.86529776E-02-1.68110519E-01
27 13-4.70964154E-02-4.79217177E-02-9.89372460E-02-3.07177562E-01-2.58562684E-01
27 14-8.28044271E-02 1.21441898E-01 4.95223465E-03-5.77688903E-03-3.61789229E-03
27 15 3.56106875E-02 4.23178115E-02-3.43317853E-02-9.28503529E-03 4.78799335E-02
27 16 5.43739071E-02 5.79120783E-02 2.68259375E-03 7.40714432E-03-1.02631840E-01
27 17 2.34672524E-03-5.02998354E-02-1.15276469E-03 3.01235929E-03-2.00486565E-03
27 18 9.37526851E-03 9.82835896E-03-5.98886151E-04-4.48309982E-03-1.01320506E-03
27 19 1.97235472E-02-9.29059444E-02-3.76702687E-04 1.46419747E-03-5.58211730E-03
27 20 1.87771108E-03 1.95449889E-02-1.63284116E-03-4.10010602E-03-3.64962063E-03
27 21-1.45450140E-02-1.00756610E-01 1.55492481E-03-3.61936832E-03-6.85379665E-05
28  1 2.84285313E-02-7.10720679E-02 4.96058919E-03 6.51349722E-03 1.04102378E-04
28  2 1.83370657E-02-1.80985276E-02 6.98234661E-02-1.04403548E-02-4.42254422E-02
28  3-1.46605630E-01 1.00863504E-01 5.00476902E-02-1.25668088E-01 1.67450202E-01
28  4-5.95308760E-01 1.25789533E+00-8.95736768E-01 4.47603898E-02-5.14756349E-02
28  5-2.73440207E-02-3.91251604E-03-4.09643189E-02-3.41842464E-01 7.16074716E-03
28  6 6.96749690E-02-1.63810417E-01 3.54514693E-01 4.49602958E-01-1.22246687E+00
28  7 1.16847002E+00-4.12959055E-03-4.03681920E-03 5.10334398E-02-1.77649626E-02
28  8-4.25911359E-02 8.22834607E-02 6.79194649E-02-2.29779693E-02-4.53661188E-02
28  9-2.47795694E-01 1.63218026E-04 3.20016532E-01-3.40827702E-01 2.73302284E-02
28 10-1.21965558E-01-7.56173420E-03 1.65509353E-03-5.40113549E-03 1.67475173E-02
28 11-2.10395339E-02 5.01709066E-03 4.65983374E-03-7.74941521E-03 5.85041102E-03
28 12-6.79268403E-03 4.50537898E-02 5.99233977E-02-1.27692383E-02-3.37017101E-02
28 13 6.15073250E-02 5.64318439E-02-1.08751517E-02-3.25560466E-01-1.16942379E-01
28 14 7.93976517E-02-2.26941326E-01-3.48295801E-02 4.03774376E-02-2.21060235E-02
28 15 1.24832439E-02-5.95908414E-02 1.99497655E-01-2.32828600E-02 1.69372677E-02
28 16-7.01001359E-02-6.68474053E-02 5.26780880E-02-2.78083486E-01 4.22168493E-01
28 17-2.95126296E-02 2.00503898E-01 3.46036528E-03-7.87777329E-03 1.30773727E-02
28 18-2.65759196E-02-7.36638426E-02 3.80872586E-04 3.87267037E-03 5.28161916E-04
28 19 1.74662391E-02 3.51810299E-02-8.26458390E-03-1.18671388E-03 2.16276232E-03
28 20-6.40237640E-03-1.15468995E-01 1.15665317E-02-1.83296029E-03 3.43436684E-03
28 21-2.03567934E-04-1.92792251E-01 3.52675661E-03-4.07117447E-03 8.10285180E-05
29  1 9.67733935E-03-8.60126783E-02 3.55149366E-03 2.50235045E-03 4.58286041E-03
29  2 9.87391836E-03-6.98729770E-03-1.10869861E-01 2.17410559E-03-3.58825268E-02
29  3-9.64020342E-02-1.11103076E-01-3.98362755E-03-5.48611915E-02-2.44903010E+00
29  4 1.92200251E+00-2.75276712E-01 7.07106629E-01-1.21262633E-02 1.16210005E-02
29  5 1.30217865E-02 3.86256202E-02-5.09102404E-02 8.41206554E-02-1.08662975E-01
29  6 9.58169772E-02-1.37917272E-01 3.35898939E+00-2.53481951E+00-4.05382133E-01
29  7 3.07787157E-01 1.34184786E-02-1.89311678E-02 1.25929832E-02 2.14196642E-02
29  8 5.90610567E-03-5.42688123E-02-2.98520561E-03 5.35102546E-02 5.67863727E-03
29  9-9.25756141E-01 7.25531303E-02 1.59751279E-01 8.65386191E-02 1.89979649E-02
29 10 1.73836436E-01 1.03373737E-02 6.00351145E-03-7.00874718E-03 7.06095732E-03
29 11-1.05729984E-01 4.38617623E-03-4.75340118E-03 2.49694224E-04 1.27312333E-02
29 12-1.49584169E-02 4.00018886E-02-4.25066636E-03-2.13154064E-02-7.11117415E-02
29 13 5.19840083E-02-1.03196497E-02-4.26529060E-02-7.76498256E-01 2.36302684E-01
29 14-1.13664109E-01-1.27130926E-01-1.78201978E-02 2.05599112E-02 4.49434022E-02
29 15 5.23575694E-03-2.46792294E-02 9.87410640E-02 6.23061470E-02 1.10322646E-02
29 16-3.38607081E-02-1.29197247E-01 1.11583736E-02-1.33713445E-01 2.13406346E-01
29 17-2.62212739E-02 8.99136554E-02 2.29746806E-03-2.92813368E-03 4.10951253E-03
29 18-1.07954437E-02-2.09479073E-02-7.94961599E-04 1.69924032E-03-4.77242497E-04
29 19 7.38324116E-03 1.23363641E-01-4.89158859E-03-4.07814047E-04-2.48569676E-03
29 20 4.19963953E-03 1.22427823E-01-7.98329949E-03-2.60640695E-03 2.17027461E-03
29 21-2.89195216E-03-9.55769414E-03-1.23286176E-03 2.18644282E-03-1.84985272E-03
30  1 1.80564382E-02 3.13868049E-01-6.30317127E-03-8.22616252E-03-7.64579107E-03
30  2-4.36350892E-02 4.43465119E-02-3.60333421E-02-2.00496780E-02 5.63361480E-03
30  3 4.15308463E-01-1.66171059E-01-6.89356133E-02-1.08406862E-02-9.28412839E+00
30  4-8.91122491E-01-2.09193784E+00 2.48391562E+00-4.73313671E-02 2.13209610E-02
30  5-1.27460772E-01 4.13048778E-03-1.21972148E-01 5.77975443E-01-2.78670431E-01
30  6 5.04764821E-02-2.55807395E-01 9.92491057E+00-8.06659977E-01-6.94377791E-01
30  7 1.13981988E+00 2.13835932E-02-2.43262344E-02-3.86260159E-02 5.33419247E-02
30  8 2.00002130E-02-1.20791914E-01-5.89413398E-02 1.09421550E-01 1.73826297E-02
30  9-8.23560031E-01-2.68624117E-01 9.18064500E-02 4.69705905E-01-8.52352256E-02
30 10-1.75051190E-01 2.40612086E-03 2.64301827E-04-1.46402589E-03-7.64721048E-03
30 11 1.80185529E-01-8.25982221E-03 5.68198718E-03 2.40331580E-03 3.72741214E-02
30 12-3.60728081E-02 2.05123359E-02-2.67719794E-02-8.15330831E-02-2.40916800E-01
30 13 3.43063990E-02-3.93271464E-02-1.50474681E-01-5.69164036E-01-2.50114560E-01
30 14-5.58647505E-01-4.24669532E-02-3.16326577E-02 3.74287733E-02-4.14455744E-02
30 15 2.73408825E-02-1.18375983E-01 1.86920992E-01-4.06950915E-02 5.28028353E-02
30 16-1.49998421E-01-5.79011985E-01 7.81265754E-02-3.56199501E-01 6.85863615E-01
30 17-4.04690007E-02 2.99602911E-01 2.18484585E-03-1.30889471E-02 1.86328472E-02
30 18-3.43753622E-02 6.33248330E-02 6.00382788E-04 4.65834081E-03-1.68059611E-03
30 19 3.16815706E-02 4.87405412E-03-2.52021979E-03-3.58583420E-03-6.72803580E-03
30 20 2.06674819E-02 1.35919800E-01-3.85153982E-04 8.04286850E-03-1.19797344E-02
30 21-1.62215110E-02 3.74299384E-02 3.44166742E-03 5.92584849E-03 1.45584281E-03
31  1-9.43274956E-02-4.33390951E-01 1.80821004E-03 8.76182546E-04 1.86226562E-04
31  2-2.63473480E-02 3.82861317E-02 2.29411462E-02 2.11819339E-02 7.75652872E-02
31  3 8.57576981E-02 7.32487109E-02 9.93364150E-02 3.69048497E-01-1.65652008E+01
31  4-1.26594375E+00-2.30125500E+00 4.12269950E+00 4.45569985E-02-7.36901503E-02
31  5-7.70528011E-03 9.37719313E-02 1.78934547E-01-1.31610388E-01-7.03014052E-02
31  6 7.05135502E-02 3.88355714E-01 1.85754818E+01-2.19200311E+00-3.82445833E+00
31  7 2.57438476E+00 1.43589177E-02-1.51908621E-02 6.39878912E-02-2.42660605E-02
31  8 7.37530703E-03-7.89702369E-02 9.18976880E-02-1.39013345E-02 1.21080513E-02
31  9-1.03031161E+00-3.13557865E-01 2.83315064E-01-3.30128047E-02 3.07868592E-02
31 10 3.25209342E-01 8.52676744E-03 5.68007781E-03 4.24568098E-03 2.60755312E-02
31 11 2.94549927E-01 2.30784429E-04 1.16551831E-02 5.74287989E-03-5.76682233E-02
31 12 4.23236766E-02-1.82671448E-02 1.00420008E-02 1.31275519E-01 4.82234205E-01
31 13-1.31696060E-02 5.87760991E-03 1.79235238E-01-2.11824257E+00 3.66067677E-01
31 14 3.96018029E-01 9.98243509E-02-1.42373484E-02 1.06500371E-02 4.57343371E-02
31 15-2.59436194E-02-2.87113376E-02 1.18342318E-01 7.25736377E-02-4.31125499E-02
31 16-6.42623961E-02 5.90016973E-02-1.77054951E-01 7.61121116E-03 3.83773363E-02
31 17-1.62782544E-02-7.54541493E-02-1.67869846E-03-1.41105176E-03-1.34608136E-03
31 18-3.38467966E-02-2.13817116E-01 1.18128544E-03-1.50951672E-05-2.20904082E-04
31 19-3.78273848E-02 1.56569408E-01 1.05791628E-03 1.39900738E-02 7.58862627E-03
31 20 8.92075673E-03-2.18562617E-01 1.24820305E-02 2.03950306E-04 5.35682043E-03
31 21 2.58276960E-02 1.09374121E-02-4.49373344E-03 2.95867718E-03-9.29136978E-04
32  1 1.72206870E-02 2.54449450E-01 4.74921314E-03-6.36985498E-03-7.90170144E-03
32  2-2.31100341E-02 3.40634586E-02 4.27973558E-02-7.20105784E-02 4.46199296E-03
32  3 9.16205307E-02 1.87859609E-01-3.53695734E-01 3.37675799E-02-1.45114469E+01
32  4-1.03848805E+00-3.20923123E+00 2.87150260E+00 5.23394021E-02-6.05374326E-02
32  5 6.46489494E-02-1.73600537E-01-4.08650806E-03-3.81330769E-01 1.90000508E-01
32  6-3.41946379E-01 1.00966279E-01 1.54928151E+01-1.76864701E+00-1.31547205E+00
32  7 3.89580892E+00-6.55759789E-02 5.09615995E-02 6.55892699E-02-6.76698908E-02
32  8-1.86235989E-02 5.16378503E-01 8.11942821E-02-9.83622076E-02-3.54602399E-03
32  9-1.43024198E+00 1.74371318E-01-4.72669239E-01-9.76242512E-02 3.42915475E-02
32 10 3.57331766E-01 1.04948105E-02-4.85022201E-03-2.49079911E-03-8.86900081E-02
32 11-4.50024352E-01 1.58532571E-03-1.15650426E-03-2.38271990E-05 6.95735031E-03
32 12-3.74890314E-03 1.00728853E-01 2.42470699E-02 3.21052701E-02-7.50639736E-02
32 13 1.35722023E-01 2.26702039E-02 4.94812509E-02 3.08037496E-02-4.91442241E-01
32 14 2.20419893E-02-1.77718594E-01-7.81596496E-03 5.03626422E-03 2.20932318E-02
32 15 3.01015904E-02 5.45380063E-02 6.83332767E-02 2.72319940E-02 4.98028426E-02
32 16 6.20068644E-02 1.22786446E-01-2.44841651E-02-5.19043103E-02-3.29772058E-01
32 17-7.74147239E-03-1.29042485E-01-1.54258968E-03 3.86294949E-03-4.57187529E-03
32 18 1.37740530E-02-6.25265598E-02-5.22969775E-03-1.61136997E-03-5.58797508E-04
32 19 2.96661941E-02-1.64306456E-01-1.43184337E-02-3.82438306E-04-3.64985485E-03
32 20-3.75626384E-03-2.43096280E-01 1.20724909E-02-3.81825105E-03 6.01733093E-03
32 21-7.11416210E-02 2.04035033E-02 3.21373698E-03-1.04945421E-02-5.58075436E-04
33  1 1.98145853E-02-4.79776152E-03 8.19065007E-04-2.91345260E-03 4.40734865E-03
33  2 5.86919403E-03-3.27632570E-03 4.90093269E-02 2.82281482E-02-5.41683183E-02
33  3-6.26188705E-02 2.10578927E-01 6.89443938E-02-1.04051454E-01 1.16374601E+01
33  4 1.82061127E+00 1.80721410E+00-1.53550137E+00 5.12316048E-02-3.45193904E-02
33  5 8.87417766E-02-6.05241746E-02 5.10270985E-02-6.56114810E-01 2.19149190E-01
33  6-9.21851661E-03 5.54909455E-02-1.02586202E+01 3.83319995E-01 2.99485954E+00
33  7-5.07899836E+00-3.23926841E-02 2.98758894E-02 5.52930143E-02-4.51475213E-02
33  8 5.05572871E-03 2.32283921E-01 8.15260535E-02-6.99931266E-02 3.03234919E-02
33  9-5.39299501E-01-1.93391377E-02-4.15979830E-01 2.80816458E-01 1.78912763E-02
33 10 2.19190451E-01 1.20086861E-03 2.41557522E-03-6.64455960E-03-1.71341193E-02
33 11-1.76776330E-01 4.35422580E-03-2.76991007E-03-1.59839603E-03-7.92474007E-03
33 12 1.39854406E-02 6.91102175E-02 5.22148837E-02-2.70626941E-02 1.63252655E-02
33 13 1.39992224E-01 7.15805031E-02-6.46236268E-02-3.63647960E-01 1.10284726E-02
33 14 1.79815755E-01 9.63931180E-01-6.80023281E-03 5.62870302E-03-9.78138935E-02
33 15-7.53089622E-02-9.10354138E-02 7.52064329E-02-1.36658057E-01-6.94914324E-02
33 16-1.07219137E-01-1.81241960E+00 5.02251519E-01 8.92556139E-01 2.33598206E-01
33 17-1.20289891E-02 1.99311336E-01 1.30542431E-03-2.20736782E-03 8.69157708E-03
33 18-2.12260835E-02 6.65574651E-01 2.73881192E-03 1.71185605E-02 7.47426171E-03
33 19 6.10915422E-02 2.90189392E-01-7.12913000E-04 5.47343591E-03 5.18439717E-03
33 20-5.24440798E-03-1.46024292E-02 1.92412436E-03-4.05339542E-03-5.93100631E-03
33 21-1.93422227E-02 1.24829450E-01 5.62335019E-03-5.30597420E-03 3.14953683E-03
34  1-2.39480817E-02-1.10522108E-01 7.74582237E-04 9.33509614E-03-7.66994463E-04
34  2 3.66318663E-03-2.72446324E-04 5.08331265E-03 8.46693552E-02-5.67318059E-02
34  3-5.72938179E-02 1.48646008E-03 2.18093952E-01-1.70518349E-01 6.53903261E+00
34  4 1.10046282E+00 5.92234336E-01-1.15113179E+00 5.01769060E-02-3.41883338E-02
34  5 3.02340660E-02 8.61802090E-02 8.65579339E-02-6.26714665E-01 7.65163678E-02
34  6 2.11327687E-01 8.00616160E-02-6.11960655E+00-8.37323088E-02 2.50487748E+00
34  7-2.21480227E+00 9.67996528E-03-1.98095223E-04-2.70847819E-02 5.29164866E-02
34  8-3.93740711E-02-1.17944660E-01-5.56848136E-02 9.09483537E-02-2.72346551E-02
34  9-5.58612142E-01-1.65917751E-02-8.19054374E-01 5.16432907E-01-9.92368204E-03
34 10-7.54520159E-02-3.15450970E-03 6.62879877E-03-3.48194980E-03 6.63050230E-02
34 11 3.39536888E-01-3.02638157E-03 7.31050490E-04 3.12783025E-03-2.30018468E-02
34 12 1.90790622E-02 2.70141423E-02-8.63659056E-03 9.89635729E-02 1.77784669E-01
34 13 6.23814230E-02 6.53065240E-03 1.61762382E-01-1.86510243E-01 1.03602626E-01
34 14-1.54928234E-01 3.00706453E-01-5.95829955E-03-2.25600263E-03-7.45620286E-02
34 15 9.75267436E-02 3.95718353E-02 8.04564634E-02-1.26762071E-01 1.11326020E-01
34 16 8.04001135E-02-3.48152944E-02 2.22858428E-01-1.11687706E+00-6.45068042E-02
34 17 1.14134184E-02 2.46998986E-01-1.14541622E-04-1.02810558E-02 4.05000045E-03
34 18-3.37250752E-02-6.28520215E-01-2.18329031E-03-1.73521247E-02-1.25435153E-03
34 19 1.00566531E-02 9.69776492E-02 2.48918406E-03 3.07766658E-03 8.84918785E-03
34 20 5.06533140E-03 1.52447298E-01-1.24299179E-03 1.15173722E-02-3.45380547E-03
34 21 6.12710833E-03 4.32046104E-01 5.72418142E-04-1.47312721E-02 5.48100649E-03
35  1-5.68717413E-02-5.70331947E-01 5.15376154E-03-6.41821824E-04 1.07811929E-02
35  2 2.38167816E-02-1.84196870E-02 5.44813716E-02-4.50224563E-02 9.06344384E-02
35  3-2.24831995E-01 2.78893940E-01-2.20184272E-01 4.27776615E-01 1.83474293E+01
35  4 1.85753422E+00 3.00543316E+00-3.92252404E+00-7.17304393E-02 3.19184228E-02
35  5 7.88115635E-02-4.44444503E-02 9.79437701E-02 1.22163789E+00 1.14160613E-01
35  6-2.33886954E-01 2.40189268E-01-1.73529673E+01 2.14421678E+00 4.15422368E+00
35  7-4.90726533E+00-2.16608546E-02 1.54874294E-02 1.95413581E-02-8.58165722E-04
35  8-5.46154075E-02 1.94744665E-01 4.69578740E-02 7.50979180E-03-8.70824403E-02
35  9 1.34327953E-01-2.18231711E-01 5.14937682E-03-1.92187391E-01 8.13279583E-02
35 10 4.21707580E-01 2.75218027E-03-3.94537024E-03 9.23734652E-03-3.37960696E-02
35 11-4.32577810E-01 4.88685671E-03-7.55382853E-03 7.67656735E-03-2.77949516E-02
35 12 1.51469095E-02-4.52598529E-02 1.31816900E-02 6.32259956E-02 2.92136317E-01
35 13-7.77352132E-02 1.66236432E-02 9.72813038E-02-3.75830558E-01-3.35538236E-01
35 14-4.01576134E-01-6.40730702E-01-4.50219016E-02 3.21166114E-02-5.09156558E-02
35 15 5.78273858E-02-6.60860941E-02 3.91840418E-01-7.92090929E-02 1.42458260E-01
35 16-1.47832227E-01-9.08706797E-01 4.04531446E-02 5.68752912E-02-1.27058860E-01
35 17-1.14222973E-01-4.57968812E-01-3.59564507E-03-2.21782844E-03 1.19005349E-03
35 18-4.13425779E-03 1.26677313E-01-2.60345434E-03 4.33001799E-03-1.18573021E-02
35 19-5.13725228E-02-2.91707709E-01-1.87652879E-03-9.48861166E-05-6.84433775E-03
35 20-5.76925887E-02-2.85314131E-01-1.08985320E-03-1.91409269E-03 1.07056469E-02
35 21-3.93196866E-02-1.75997476E-01-5.51722114E-03 4.09161932E-03 1.10396719E-03
36  1-5.92498497E-02-1.77560983E-01 3.13302936E-03 8.58878668E-03 1.50106298E-03
36  2-3.31591678E-03 2.34856008E-03-1.62218747E-02-9.54042520E-04-1.72021488E-02
36  3 3.36944553E-02-9.37299734E-02 7.99271270E-02-2.48193446E-02 9.74447117E-03
36  4-3.80705096E-01 7.86880091E-01 6.85483457E-01 2.02536336E-02-9.82735573E-03
36  5 2.94241711E-02 2.16909250E-01 1.91326405E-01-2.77098077E-01 1.88856156E-01
36  6 3.52722138E-01 3.53282983E-01-8.27780668E-01 7.57039772E-01-9.85434994E-01
36  7-6.09220454E-01 3.54140506E-02-2.01186626E-02-1.70649291E-01 3.70086005E-02
36  8 1.86428274E-02-3.52746462E-01-2.85796253E-01 8.26410039E-02 1.25904249E-02
36  9 1.54107831E+00 7.39114994E-01-3.50117125E-01-4.07104311E-01-1.92177114E-03
36 10-6.86322327E-02 8.57046336E-04-2.86328629E-03 9.46990857E-04 5.64629324E-02
36 11 3.26408084E-01-7.95933269E-03 4.51919823E-03 6.78356683E-04-3.23275888E-02
36 12 1.27294089E-02 1.02415752E-01 8.80063455E-02 1.72807720E-01 3.34948938E-01
36 13 1.55650642E-01 1.74337732E-01 3.03593883E-01 1.12166518E-01-9.18301319E-01
36 14-7.85335401E-01-7.07671244E-02 1.17929964E-02-5.51992259E-03 3.38794419E-02
36 15-5.08071662E-02-5.24040358E-02-1.18206535E-01 5.14806068E-02-5.55138241E-02
36 16-7.25100067E-02-1.21294499E-04-4.93562423E-02 2.25227432E-01 2.00049259E-01
36 17 8.73125502E-03 4.47373886E-02 2.57881549E-03-2.77046070E-03-7.29632534E-04
36 18-1.11411341E-02 2.61513488E-01-2.61865576E-03 7.32783832E-03 2.18880327E-03
36 19 5.13987338E-03-4.30020175E-01-1.40368522E-02-9.80038923E-03 2.87701762E-03
36 20-2.36085849E-02-1.57262679E-01-1.46119325E-03 1.66180260E-02 1.13082652E-02
36 21 6.78356917E-02-1.18456015E-01-6.67273208E-03 7.49301056E-03-1.14193632E-03
37  1-6.71022693E-02-5.83234155E-01 3.47239993E-03 1.71515628E-03 2.64896577E-04
37  2-3.82181395E-02 2.31105397E-02 2.77761295E-02 3.54539083E-02 6.42523349E-02
37  3 5.34266128E-01 2.17647159E-01 2.16595236E-01 1.81345088E-01-1.68163297E+01
37  4-1.21272861E+00-2.67929362E+00 3.53245349E+00-4.06828259E-02 3.17702675E-02
37  5-3.59758545E-02 1.22738791E-01-6.81513334E-02 4.34437414E-01-3.96279791E-02
37  6 3.48037386E-01-3.53749246E-01 1.75335035E+01-2.28930930E+00-3.55851373E+00
37  7 4.65162799E+00 1.72549377E-02-3.97720714E-03-2.30276278E-02 1.15713347E-01
37  8-6.83424509E-02-1.89472903E-01-7.07460697E-02 1.66247922E-01-4.28102105E-02
37  9-8.78457163E-01-1.90643464E-01 2.40444601E-01-2.55309167E-02 2.07612669E-02
37 10 2.60872530E-01 6.77915545E-03 6.38632075E-03 5.81926079E-04 2.15711888E-02
37 11 1.12231922E-01 1.53718534E-03 6.35608783E-03 7.22618316E-03 1.24337928E-02
37 12-6.68768218E-03 3.25566963E-02-9.97314351E-03 3.98741935E-03-1.18910841E-01
37 13 5.19654979E-02-2.83990947E-02-1.41483268E-03-5.79490502E-01 1.14100613E-01
37 14 1.44003279E-01-6.20316286E-01-4.67041117E-03 5.67030796E-03-1.54624286E-01
37 15-4.04117407E-02 8.39196201E-02 3.64936845E-02-2.84856668E-01-5.42961096E-02
37 16 1.63969529E-01 8.82453579E-03 9.86150491E-01 5.85983547E-01-4.99202697E-01
37 17 1.13128784E-02-5.86012617E-02 8.35389896E-03 6.28746389E-03-4.35789409E-03
37 18 3.59867838E-03 3.42314495E-01 1.82519234E-03 8.80417593E-03 6.64099943E-03
37 19 3.89694299E-02 1.98618649E-01-1.33934815E-03-2.65885739E-03-3.99051074E-03
37 20-2.93107265E-02-3.05379118E-01-3.22685836E-04 3.33315942E-04 6.03088228E-03
37 21-4.92158077E-02 3.40495542E-01-8.13078429E-04-8.97892396E-03 8.26725556E-03
38  1-1.60869387E-02-8.17479285E-02-5.17223058E-03 7.44139621E-03 7.73931867E-05
38  2 1.00107531E-02 1.97595495E-03-6.22475269E-02 3.28543424E-02 8.59869438E-03
38  3-2.68115746E-01-2.05710640E-01 1.33869234E-01 8.53255409E-02-8.44358843E+00
38  4-1.26217959E-01-1.57113213E+00 1.64932709E+00 7.19796539E-02-7.97328567E-02
38  5 4.76111473E-02-1.74410678E-01 3.02963870E-02-6.82723025E-01-9.27147609E-02
38  6-6.32197516E-01-8.53772971E-02 9.68015051E+00-2.83243917E+00-1.12015207E+00
38  7 1.88973297E+00-2.97482106E-02 2.43623188E-02 2.20841745E-02-1.21299792E-01
38  8-7.34048482E-02 2.38032016E-01 4.77648209E-02-2.15401429E-01-1.29211862E-01
38  9-2.58966662E-01 8.12226611E-01-7.54540441E-01 4.37284818E-02 9.44719008E-03
38 10-1.58556980E-01-3.66891101E-04 6.78859674E-03 6.76653653E-03 3.25780970E-02
38 11 4.72156441E-01-4.26126668E-04 4.37060845E-03-3.17120555E-03-1.47123917E-02
38 12 7.95668209E-03-1.72141208E-01 3.41872661E-02 8.89604235E-02 1.69887435E-01
38 13-3.23673800E-01 5.10937630E-02 1.13216843E-01-1.46380468E+00 1.04373189E+00
38 14-3.60458999E-01-9.95282148E-01 1.44831338E-02-7.39869070E-03-2.50326912E-02
38 15 3.82315208E-02-4.46293351E-02-1.31347753E-01-2.45100199E-02 1.06387156E-01
38 16-8.28578858E-02-4.45576241E-01 2.28569607E-01 5.96473351E-01 1.75225054E-01
38 17-1.29231372E-02-5.53965870E-02 9.71553700E-04 5.26951610E-03 5.35238275E-03
38 18 6.61753589E-02 6.42520528E-01 3.60242692E-03 7.38567020E-03-4.63704766E-03
38 19-8.48586887E-02-1.61962868E-01 3.21845302E-03 5.60723423E-03 2.24128921E-03
38 20 5.65533694E-02 3.49840568E-01 1.93609979E-03-1.74962109E-03 5.04761900E-03
38 21 1.82033781E-02 3.76378798E-02 6.99050141E-03-7.25314731E-03 3.78771739E-03
39  1 7.77367410E-02 8.50425348E-01-2.22954290E-03-8.82231701E-04-6.92522656E-03
39  2-7.60273571E-03 1.42562964E-02-8.96728469E-02-8.67227469E-02-1.08509435E-01
39  3 6.28536257E-02-3.30991191E-01-4.88262806E-01-4.33518644E-01-2.09072832E-01
39  4 1.74084142E-01-1.27679822E-01 1.42505929E-01 9.69544442E-03-2.27018760E-02
39  5 2.99231557E-02 6.19871707E-02 1.10409729E-01 4.30762691E-02 2.11921294E-03
39  6 3.05524784E-01 2.48049587E-01 2.16359566E+00-8.74970300E-01 4.56768680E-01
39  7-9.29502062E-01-2.50063933E-02 3.20135739E-02-1.33154448E-02 1.61341509E-02
39  8-1.12015900E-01 1.46185533E-01-6.89541905E-02 7.46930438E-02-1.66272601E-01
39  9-7.20288117E-01 2.82081252E-01 3.28191792E-01-2.92150367E-01-3.08074148E-02
39 10-6.13724562E-01-8.01859360E-04-9.65363371E-03-4.01099506E-03-4.23196022E-02
39 11-4.86260627E-01-6.82565414E-03-9.19459719E-03-9.20082718E-03-5.46009516E-02
39 12 3.99308719E-02-6.98532464E-02 1.36959939E-01-2.90580211E-02 4.94190221E-01
39 13-1.43020075E-01 2.12981277E-01-2.92559289E-02-1.11043549E+00 3.51882228E-01
39 14-5.73655423E-01 3.59348173E-01-5.39362631E-02 4.60542832E-02-6.13595641E-02
39 15-1.01035621E-01 8.22903338E-02 4.40180939E-01-8.83991191E-02-1.41052100E-01
39 16 1.36179079E-01-4.67256914E-01 6.11176734E-02 1.36870357E-02-7.69245050E-01
39 17-2.34806144E-02-2.56471852E-01-6.04514936E-03-4.15899705E-03-8.69911451E-03
39 18-1.03200157E-01-3.00980430E-01 2.64378640E-03 7.59428813E-03 4.17810996E-03
39 19-7.24472633E-02-2.76934272E-01-1.06029650E-03 8.01081879E-04 5.88703639E-03
39 20 3.44565781E-02-1.42649781E-01 2.72899811E-03 1.43917500E-03 8.77949674E-03
39 21-8.10655101E-02-3.39629190E-01-3.99607560E-03-5.26071066E-04 1.04322944E-03
40  1-2.62305374E-02-3.04725617E-01-1.24139033E-02 1.04631938E-02 7.99630753E-04
40  2-1.51857400E-02 7.10707794E-03-1.14334035E-01 1.48177866E-01 3.34139779E-04
40  3 3.00425672E-01-5.55246979E-01 7.24478664E-01 1.96345264E-02 4.48739219E+00
40  4-1.67587400E-01 5.22215970E-01-5.31299918E-01 6.16317765E-04-2.92685178E-03
40  5 1.73159487E-01-4.21712649E-02-3.26436699E-02 1.57012588E-01 8.25843779E-01
40  6 8.13973364E-02-2.58076413E-01-4.21610548E+00 1.95631231E+00 1.80187800E+00
40  7-2.10166941E+00-3.17864484E-02 1.90057935E-02 7.18572016E-02-2.50187900E-03
40  8-1.24847001E-01 3.36234789E-01 1.03748145E-01-8.85324650E-02-1.69942901E-01
40  9-1.07768026E+00-7.84694172E-01-2.41465918E-01 1.36828149E+00-4.54090357E-02
40 10-6.38191456E-01-5.30671530E-03 5.96881674E-03 6.91894094E-03 8.06906486E-02
40 11 1.07065244E+00-5.80022634E-03 7.46474728E-03-7.59938910E-03 1.92659455E-03
40 12 6.71768366E-03 2.78755371E-02 4.88319892E-02-2.04849761E-03-7.85441193E-02
40 13-1.58175683E-02 5.01898260E-02-2.35107677E-02 1.33662124E+00-1.04121415E+00
40 14 4.34123039E-02 6.12100146E-01-3.11425374E-02 2.77119501E-02 5.24605137E-02
40 15-4.36038279E-02 3.12688373E-02 2.48827502E-01 1.09514329E-01-7.08641892E-02
40 16 3.58870039E-02-3.14674468E-01-5.64455989E-01 3.96083771E-01-1.30548131E-01
40 17-2.97687629E-02-2.28065989E-01-6.53808851E-03 4.81471486E-03-2.06484232E-03
40 18-1.59710710E-02 5.33204431E-02-4.03737769E-03 7.71182886E-03 1.44981211E-03
40 19 5.02368338E-02-4.77785415E-01-8.91461415E-03-4.81845823E-03-1.40881288E-02
40 20-3.52651986E-02-7.41819753E-01 9.62443916E-03-6.72606268E-03-7.21218002E-04
40 21-5.34958956E-02 4.49873308E-01-4.49634368E-03-1.85080825E-02 7.50711101E-03
41  1 1.96682464E-03-1.68678885E-01-2.31641292E-03-2.56230444E-03 7.90388544E-03
41  2 3.99704689E-02-1.81669722E-02-5.50886739E-02 2.21263157E-03 5.20214995E-02
41  3-5.15245309E-01-2.36599083E-01-4.83466948E-02 3.36906314E-01 6.79536168E+00
41  4 5.66041044E-01 1.31238256E+00-1.72440247E+00-5.99416523E-02 6.24982200E-02
41  5-2.46729408E-01-5.19669599E-02-8.72210452E-02 4.29796229E-01-6.71823025E-01
41  6-3.99270259E-01-1.80681543E-01-5.64635251E+00 2.99038405E-01 1.52632737E+00
41  7-1.70400208E+00 1.28663981E-02-2.83904861E-03 1.64002132E-02 1.85375752E-01
41  8 5.47920032E-02-1.42759775E-01 2.53330030E-02 3.42243348E-01 1.38418599E-01
41  9 2.12045495E-01 3.26459845E-01-9.24849016E-01-7.04101036E-01-5.75297688E-02
41 10-4.12827059E-01-1.14868308E-02 8.62220232E-03-2.71938098E-03 7.13366850E-02
41 11 4.22175149E-01-1.93030743E-03-3.28849784E-04 1.12404377E-02-1.24891200E-02
41 12 7.93472767E-03 1.98136933E-02-9.00515534E-02-1.35125218E-01 1.39253358E-01
41 13 4.57617340E-02-1.86646926E-01-2.48000512E-01-1.69637848E+00 1.50632872E-01
41 14-1.22416670E-01-8.60979310E-01-3.23279491E-02 2.45214309E-02 1.59416079E-02
41 15-1.17039064E-01 1.69351140E-02 2.94510843E-01 3.94727512E-02-1.89197447E-01
41 16 4.40798168E-02-8.57706649E-01-5.18082982E-02 4.25274610E-01-2.98070977E-01
41 17-1.09582207E-03 6.10030996E-02-1.48299521E-03-1.85909511E-03-3.33125761E-03
41 18-7.16266827E-02-1.52182068E-01-1.81991355E-03 7.78545261E-03 2.45641634E-03
41 19-7.32009338E-02 1.77736344E-02-2.16138329E-03 6.94460900E-03-6.73291378E-03
41 20 8.77689076E-02 7.82554311E-01-9.72513906E-03 5.29395961E-03 2.11397714E-03
41 21 1.12731973E-02 8.71166505E-03-1.91763000E-03 1.55181306E-03 9.99734818E-03
42  1-2.90824281E-02-4.34268661E-01 6.51062929E-03 8.77556687E-04 1.40084390E-03
42  2-3.09565535E-02 9.86115720E-03 1.90877013E-01 6.89509193E-02-4.67378347E-02
42  3 4.97593414E-01 8.49853925E-01 3.92158174E-01-2.13387422E-01 2.35178159E+00
42  4 6.94073230E-01-6.55197477E-02-5.57926167E-02 2.50366965E-04-1.32521254E-03
42  5 1.01719830E-01-6.91076988E-03-1.96355250E-01-5.66990732E-02 3.17399411E-01
42  6 9.35910512E-02-8.97559242E-01-1.59921369E+00-6.54443367E-02 1.56391078E+00
42  7-1.37952657E+00-2.30294912E-03 6.15926222E-03-2.93842452E-02-2.85536112E-02
42  8 3.99687721E-02-2.66168915E-02-3.74911114E-02-3.63397574E-02 6.49238436E-02
42  9 5.33485162E-01 1.47328418E-01-8.73454620E-01 1.16512393E-02 9.39309289E-02
42 10 1.03163009E+00 7.73023758E-03 6.95167584E-03 6.73284337E-05-2.10994322E-02
42 11-2.50091388E-01 9.89549085E-03 5.28744375E-03-1.40013739E-03 2.02188982E-03
42 12 2.00816851E-03-8.10696411E-02 1.40919009E-02-7.62217509E-02-1.48728638E-02
42 13-1.34573110E-01 2.08985013E-02-1.91612718E-01-1.59606881E+00 4.05483513E-01
42 14-1.15194312E+00-3.01405661E-01-1.06215642E-03 7.25365475E-03 4.53275772E-02
42 15-1.58284963E-01 5.63413665E-02-3.42885128E-02 1.14481478E-01-3.14889170E-01
42 16 1.76572518E-01-4.20942449E-01-3.38154720E-01-3.96342966E-01 3.26150528E-01
42 17 1.07287759E-01 8.51535718E-01-5.91112505E-03-1.30810090E-02 3.96135828E-03
42 18-1.18209349E-01-4.75008921E-01 4.29700740E-03-1.30478634E-04 1.08115849E-02
42 19-7.57288565E-03 2.24322145E-01 1.14082035E-02-1.72482960E-03-7.09409769E-03
42 20-6.62066916E-02-5.20084799E-01 3.72346890E-03 2.28711195E-03-2.03478058E-03
42 21-5.36168219E-03-7.87375205E-02 1.15306543E-02-3.28937337E-03-5.06282350E-03
43  1-5.68373180E-02-7.59299752E-01-4.86098923E-03-2.31825815E-03 1.33137497E-02
43  2 2.81911363E-02-1.45263384E-02-5.41729260E-02-6.35829014E-03 1.55938120E-01
43  3-3.86987920E-01-2.28744419E-01 1.29641663E-01 8.82612795E-01 1.00651660E+00
43  4 3.21038551E-01 8.02553036E-01-7.81612768E-03-6.94715381E-03-2.26079728E-03
43  5-3.49831892E-02-2.41253034E-01 7.37028628E-02 2.09885149E-01-2.25820361E-01
43  6-8.21866122E-01 2.10082140E-01-8.21019445E-01-4.59750799E-01-8.68750601E-01
43  7-7.98647356E-01 4.00305799E-03-9.48545825E-03-2.09131938E-02-1.90932902E-01
43  8 5.06027689E-03 7.11203249E-03-4.91341640E-02-4.14971333E-01 2.98988603E-02
43  9-1.59187291E-01 7.34362437E-01 8.39228013E-01 4.51000965E-01-3.15572047E-03
43 10-5.54023195E-02-4.65267510E-04-4.04814237E-03 7.34416216E-03 1.32243483E-03
43 11 3.06812892E-01 1.51575526E-03 1.18985985E-03 1.69907422E-03-5.24346175E-03
43 12 1.80603858E-02 5.51730498E-02 7.54279535E-02-8.43572005E-02-4.32041357E-02
43 13 1.11695082E-01 1.05810085E-01-1.87899094E-01-2.84218936E-01-4.09822995E-01
43 14 4.01447425E-01 3.06433307E-01-1.25316115E-02 3.64595608E-03-3.30594927E-02
43 15-1.21318306E-01 1.08711290E-02 1.48773676E-01-7.61762262E-02-2.44965397E-01
43 16 5.07237605E-02 2.07610450E-01 2.35045220E-01-5.13855203E-01-8.95858906E-02
43 17 4.11558512E-02 3.02344412E-01 2.92505486E-03-1.44227803E-02-7.55448298E-03
43 18-1.11323517E-01-8.68351735E-01-8.03198921E-04-6.30596447E-03-7.32959618E-04
43 19 4.67200445E-02 3.26014453E-02-4.28728290E-03 3.37350489E-03-1.20092248E-02
43 20 1.93424473E-02 3.18302020E-01-6.03380912E-04-1.24800745E-02 2.49295771E-03
43 21 1.02198615E-01 5.43547617E-01 4.65965060E-03 1.56656075E-03 4.50724609E-03
44  1-2.57642189E-02-2.40503839E-01 5.41356385E-03 2.43164768E-03 2.87272572E-04
44  2 4.49229559E-04 6.71760114E-03 8.94583361E-02 1.59488920E-02-8.84936330E-03
44  3-3.51678717E-02 4.77120471E-01-1.38262300E-01 4.72076454E-02 8.82721647E+00
44  4 1.27915925E+00 1.61226822E+00-1.45039492E+00-2.55084412E-03-1.60893579E-03
44  5-1.40659987E-01 1.22288682E-01 5.91334633E-02-3.50736614E-02-6.75904560E-01
44  6 3.67332445E-01 9.74997441E-02-7.48326709E+00 1.06649526E-02 1.32120785E+00
44  7-3.82917458E+00-1.87625373E-02 1.79980123E-02-9.28228015E-02 1.11830123E-01
44  8-1.58023092E-01 1.69784266E-01-2.19577893E-01 2.54970694E-01-2.97644196E-01
44  9-1.17731737E+00 5.87944651E-01 7.99891859E-01 1.13033831E+00 3.31797791E-02
44 10 4.86388015E-01 3.11598842E-03-1.92895697E-03-3.97834523E-03-2.18205919E-03
44 11-3.86891069E-01 2.63146532E-03-4.85693564E-03 9.92090861E-03-6.89546398E-04
44 12 1.08374295E-02 4.81675775E-02-4.75191684E-02 5.80968249E-02-5.11802661E-02
44 13 1.34258237E-01-1.03176518E-01 9.75705684E-02-3.43654669E-01 3.01950228E-01
44 14 1.07414441E+00 2.87626738E-01-6.92640641E-03 1.25943847E-02 4.43117182E-02
44 15 2.38280218E-02 8.87010481E-02 3.06315893E-02 1.41251569E-01 2.79281634E-02
44 16 1.83149131E-01-1.61296676E+00-3.18871679E-01 4.98068753E-01 1.74952559E-01
44 17 4.40667686E-02 5.97909742E-01-8.29240302E-03 6.50929455E-03 1.21488500E-02
44 18 6.33441262E-02 4.17626051E-01 6.23745365E-03 5.90036922E-03 1.14787024E-03
44 19 3.60693322E-02 4.49243500E-01 5.62356112E-03 2.74852775E-03 8.08193935E-03
44 20 3.26340971E-02 5.65707429E-01-3.30253882E-03 3.25016081E-03 8.43425207E-04
44 21-1.05943681E-01-3.92242324E-01 9.95305542E-04 2.45558506E-05 5.20740831E-03
45  1-4.33188161E-02-6.43606384E-01-3.77037519E-03-4.63195967E-03 7.86017619E-03
45  2 2.39584883E-02-1.16223145E-02-6.57037404E-02 2.62516859E-02 1.56993514E-01
45  3-3.00743610E-01-3.20175215E-01-1.18224280E-01 6.72880308E-01 7.62211229E+00
45  4 7.96970804E-01 1.15092772E+00-1.77164911E+00-3.39505011E-02 2.34576570E-02
45  5-2.20283799E-02-7.59202522E-02 1.81892233E-01 4.59162833E-01-1.33872540E-01
45  6-1.61786755E-01 6.17764938E-01-7.53059030E+00 3.80240336E-01 3.10870956E+00
45  7-8.83931840E-01-2.31463590E-02 1.93953480E-02 3.53470062E-02 6.33302431E-02
45  8-8.79791181E-03 2.00792763E-01 5.49682541E-02 1.48795817E-01 5.82641700E-04
45  9-3.63254977E-01-1.21682064E-01-3.51948048E-01-1.22213716E+00-3.29246307E-02
45 10-2.59017961E-01-3.65034652E-03-7.41410192E-04 7.60323900E-03-7.38637856E-03
45 11 2.24936579E-01-9.03549534E-04-6.23898433E-03 4.57904326E-03 5.30937711E-02
45 12-3.90046070E-02 4.48154362E-02 1.29475920E-01 3.63050471E-02-5.06388438E-01
45 13 1.15756129E-01 2.98465950E-01 7.61843794E-02 8.07084130E-01 1.21311761E+00
45 14-8.32802427E-01 2.89767814E-01 1.44120336E-02-3.36043596E-03 2.98955767E-02
45 15 2.23729157E-02 1.03948596E-01-1.77667231E-01 9.43486773E-02 5.51342141E-02
45 16 2.29275687E-01-1.32357366E+00 1.20539015E-02-1.83538038E-01 4.40181146E-02
45 17 8.76996020E-02 8.73879203E-01-1.75432764E-03 5.47404971E-04 6.40618977E-03
45 18 3.80298136E-02 4.95270513E-01 9.87507225E-03 6.72838096E-04 8.43092305E-03
45 19 1.06604296E-01 1.01049813E+00 2.16967947E-03 2.14061030E-03 8.76382461E-03
45 20-2.26713472E-02-2.28179699E-01-1.55755026E-04-8.21039290E-03-1.01782077E-03
45 21-2.38889069E-02-4.00743789E-01-3.18316278E-03 6.09039660E-04 1.81432893E-03
46  1-1.00564857E-02 1.80336531E-01-1.42957795E-03 5.97226807E-04 3.53521848E-03
46  2-3.19201902E-02 1.29091237E-02-8.74418055E-02-2.00067163E-01-2.70388633E-02
46  3 5.99312749E-01-4.50724289E-01-8.22895904E-01-7.13919131E-02 2.45978250E+00
46  4 3.53521711E-01 1.45732331E-01-9.95559510E-01-4.29336902E-02 1.32144135E-02
46  5 9.16032819E-02-5.25740131E-02 1.40579465E-01 8.58725140E-01 3.81551150E-01
46  6 4.31274003E-03 1.71508985E-01-6.98113861E-01 1.03024166E-01 6.97799412E-02
46  7-6.33396207E-01 1.97991255E-02-1.25570812E-02-1.37743125E-02-3.67719505E-02
46  8 2.65428577E-03-1.91027223E-01-2.59309062E-02-4.97066941E-02 1.73683396E-02
46  9-8.47660064E-01-5.06032606E-01-4.46709820E-01 7.79816080E-01-5.62430867E-02
46 10-1.08394311E+00-4.48205554E-03-8.87546792E-03 4.85341718E-03-4.94756743E-02
46 11-1.08600501E+00-7.94567504E-03-8.45972503E-03 7.44336287E-03-2.33770222E-02
46 12 1.14967478E-02-1.43812579E-02-3.88517347E-02 4.63352927E-02 2.67378123E-01
46 13-1.17602711E-02-9.12710128E-02 9.45140474E-02-1.41591047E+00 3.11140883E-03
46 14 6.43691164E-01-7.83675954E-01 4.30004697E-02-3.06949277E-02 3.27611142E-02
46 15-6.83961124E-02 7.12544083E-02-3.99982938E-01 8.01099619E-02-1.62308212E-01
46 16 2.17609371E-01-1.11817328E+00 2.38241481E-01 1.38414876E-02 9.63005588E-01
46 17 1.53110968E-01 1.55193728E+00 3.62135618E-03-2.75648455E-03 1.04243714E-02
46 18 1.17555824E-02 1.49272149E-01 3.89362273E-03-2.15955861E-04 8.50699704E-03
46 19-1.54953116E-02 1.05411286E-01 1.53522426E-03 3.26240530E-03-1.59541681E-03
46 20-5.63199747E-02-7.43544321E-01 3.23107843E-03 1.93950097E-03 5.11008672E-03
46 21 6.67931074E-02 7.41191368E-01 4.98112721E-03-1.14541593E-02-7.57429556E-04
47  1-5.03215152E-02-1.29827956E+00-8.60306350E-04-6.92610099E-03 3.08300557E-03
47  2-1.39453199E-01 6.92416814E-02-8.72530286E-03 9.16586158E-02-1.56422922E-02
47  3 2.14390140E+00 1.14574841E-01 4.22023973E-01-8.07337401E-02 1.03786138E+01
47  4 9.09083090E-01 1.91476073E+00-2.14257608E+00 8.89536271E-02-9.12508308E-02
47  5-5.47176106E-02 1.27313576E-02-4.31208535E-02-7.80188643E-01-3.34565243E-01
47  6 4.24853875E-01-5.88259678E-01-9.97639132E+00 5.07188528E-01 1.54248105E+00
47  7-1.43209826E+00-5.14293747E-02 3.90438249E-02 5.30917136E-02-4.57642520E-02
47  8 2.46258230E-02 5.00435356E-01 7.14715083E-02-4.99074185E-02 8.67818613E-02
47  9-1.13690854E+00-3.32548580E-01 6.25416497E-01-2.94832545E-01-3.91032913E-02
47 10-1.06008240E+00 3.00304891E-03 7.62429823E-04 1.36067499E-03-4.06823533E-02
47 11-7.76734162E-01-1.12587581E-05 9.24501632E-04 2.36774002E-03-2.85070844E-02
47 12 2.55290083E-02-3.92117229E-03 3.38850901E-02 6.79922041E-02 2.61789291E-01
47 13 1.47587187E-02 4.06842306E-02 7.80275584E-02 1.58095132E-01-3.56975729E-01
47 14-5.46651368E-01-1.58645011E-01 2.34625708E-02-8.07474845E-03 4.60215788E-04
47 15-4.92835238E-03 2.69100207E-02-2.89569240E-01 5.52993807E-03-1.52192369E-02
47 16 3.08000859E-02 6.60794673E-01 1.47839036E-02-4.37297838E-01 4.84628307E-01
47 17 9.41729456E-03 2.70478368E-01-4.23561360E-03-2.40180455E-03 1.12692371E-03
47 18 6.36323418E-03-3.01374705E-03 3.23111082E-04 3.61131031E-04-4.42963869E-04
47 19-8.51334847E-03-2.87103243E-01 4.28719676E-03-1.14862776E-02 3.97797796E-04
47 20 7.31385397E-02 1.44993064E+00 4.27162677E-03-3.02365101E-03-1.15777754E-03
47 21-1.93004324E-02-1.21243799E-01 3.90002387E-03-4.73953273E-03 2.21579081E-03
48  1 2.12791247E-03-5.38479854E-01-2.83550003E-03 1.37287736E-03-9.55591047E-05
48  2-3.95303828E-02 4.12132113E-02-1.11416119E-01 1.34252288E-01-1.12236252E-02
48  3 4.79986630E-01-5.48188882E-01 4.95248841E-01 2.72877239E-02-4.37320365E+00
48  4-6.20177630E-01 2.30163555E-01 7.89691318E-01-4.02235419E-02 4.15417970E-02
48  5 1.35549058E-01 2.41187405E-02-1.28114645E-01 4.40899317E-01 6.09665228E-01
48  6-5.61494704E-02-3.40344307E-01 7.19027257E+00-1.26808733E+00-2.19112201E+00
48  7 1.31186804E+00-3.16052893E-02 1.02153841E-02-1.04322388E-01 2.81802449E-02
48  8 3.72036882E-02 3.68338509E-01-1.83064332E-01 5.46327083E-02 5.98864139E-02
48  9-2.54539732E-01 1.24123501E+00 8.55132464E-01-1.63848674E+00-4.68178630E-04
48 10-9.10101275E-01-4.41279972E-04-2.44323466E-03 6.77177432E-03 1.92784190E-02
48 11 3.77274823E-01 5.23419321E-03 2.32358073E-03-7.37642207E-03 3.35056527E-04
48 12-4.12322172E-03-8.24518416E-02-1.33309595E-01-5.90124300E-02 4.97888909E-02
48 13-1.43240965E-01-2.75645347E-01-1.59962784E-01-2.13627587E+00 2.74879836E-01
48 14 5.99739633E-01-2.46862683E-01 1.26059688E-02-1.54422077E-02-2.14259004E-02
48 15 6.61741345E-02 6.23264029E-04-7.88186918E-02-2.32363897E-02 1.13550196E-01
48 16 1.05652073E-02-6.91762280E-01 3.21237079E-01-4.05411023E-03-1.38973459E-01
48 17 2.39731656E-02 1.94682291E-01 2.08863304E-03 3.05267668E-04 4.67874053E-03
48 18 4.17385618E-02 1.86025931E-01-8.38673964E-04-3.26193371E-03 2.12757520E-03
48 19-1.48081116E-02-3.13176333E-02 6.49005496E-03 4.19265116E-03-5.38824762E-03
48 20-7.43494243E-02-1.56974161E+00 4.43955156E-03 8.75248546E-03-9.46642440E-03
48 21-7.44528994E-02-1.19492619E+00 5.96649067E-03 8.92969090E-03-1.06010342E-02
49  1 3.42082907E-02 2.83537944E-01-2.23188161E-03-5.07281935E-03 2.75702813E-03
49  2 6.23893788E-02-3.95421222E-02 1.45009699E-02 6.58591887E-02 5.49149079E-02
49  3-8.81443708E-01 1.49948882E-01 2.52041204E-01 2.40085962E-01-1.60778407E+00
49  4-2.35546336E-01 1.16110749E-01 9.66783762E-01-8.30799982E-04 1.19573544E-03
49  5-4.31526938E-02-4.51742586E-02 5.29332716E-02-7.66290052E-02-3.66968886E-02
49  6-8.21976201E-02 2.01538337E-01 1.57438045E-01 7.38316635E-01-4.52617321E-01
49  7-6.52545057E-01-5.79784184E-03-2.12767409E-03 7.98107393E-02 2.53663341E-02
49  8-3.16521981E-02 9.18225000E-02 1.63299156E-01 3.12644785E-02-8.83789646E-02
49  9 4.84963856E-01-3.65443956E-01 6.47122003E-01 1.66872737E-01 4.62909287E-02
49 10 7.20521772E-01-1.60004844E-03 2.09696260E-03-6.88371722E-04 2.56650911E-03
49 11 7.16424964E-01 3.85948081E-03-2.54089635E-03-7.80907353E-03-2.86970460E-02
49 12 1.16659398E-02-9.12620340E-02-5.17351320E-02-1.29596278E-02 3.08265359E-01
49 13-2.83969443E-01-1.11597719E-01-6.48949263E-02 2.39856906E+00-1.97124261E+00
49 14-5.03711174E-01 9.65131536E-01 4.06179251E-02-1.94803326E-02 1.27861872E-02
49 15 2.82618604E-02 1.41020780E-01-4.61789000E-01 3.27680520E-02 5.44355880E-02
49 16 3.02674981E-01-1.02020296E+00 4.71448988E-01-2.73340113E-01 6.54866896E-01
49 17 1.16674907E-01 1.37766056E+00 4.71048659E-03 1.13215214E-03 5.63001185E-03
49 18 7.19641647E-02 7.02473522E-01-8.74672839E-03 5.56843814E-03 6.67743327E-03
49 19-1.69869256E-01-2.27969572E+00-1.90773809E-02-1.02732464E-02-2.74303311E-03
49 20 2.40253193E-02 4.55875145E-01-3.08404719E-04-6.09940076E-04 9.86539971E-03
49 21-7.44494865E-02-4.68232389E-01 5.21587992E-03 4.21036394E-05-4.02153143E-03
50  1-5.34920458E-02-1.14087781E+00-2.54413462E-03-4.66274091E-03 1.50032902E-03
50  2-2.06979168E-02 1.91889643E-02 5.44962103E-02-1.03692204E-01 2.08268122E-01
50  3 4.95034872E-01 1.77698689E-01-5.02563847E-01 8.83185662E-01 2.01792528E+00
50  4 7.22580372E-01 2.68864865E-01 1.18374771E-01-5.50680992E-02 7.42041818E-02
50  5-6.97920653E-02-5.41467955E-03 4.57304832E-03 1.95536076E-01-1.00783704E-01
50  6 7.09849536E-02 5.87832283E-02-9.54294867E-01-3.23556861E-01 7.84586885E-01
50  7-1.49676122E+00 2.52654778E-02-2.34110573E-02-4.73586929E-02 1.20062408E-01
50  8-1.87376178E-02-2.19878917E-01-1.03040089E-01 2.48744162E-01-8.04118705E-02
50  9-9.96567605E-01 1.32623022E-01-7.19651361E-01 1.17414456E+00-3.61992435E-02
50 10-3.09807678E-01-3.89638015E-03 2.65667133E-04 5.70240555E-04-6.71971596E-02
50 11-1.02736430E+00-3.40849991E-04-1.85822443E-03 2.59736765E-04 3.81989982E-03
50 12-1.17583453E-02-6.85916833E-02-3.25960608E-02-1.43398736E-01-6.24174130E-03
50 13-1.95275132E-01-3.92402502E-02-3.17347552E-01 6.38477415E-01-4.83770148E-01
50 14-5.54065170E-01 1.55376018E+00 1.21491109E-02-8.23081304E-03 9.58550001E-03
50 15 7.63994897E-02-5.77010523E-02-1.34661399E-01 1.23175087E-02 1.69582111E-01
50 16-1.49704107E-01 8.56925140E-01-3.70219915E-01-9.17277233E-02 1.87047758E-02
50 17-6.78489194E-02-6.84967696E-01-6.34836520E-03 1.05201121E-03-8.88548832E-04
50 18 3.89761211E-02 3.12906667E-01-5.71411753E-03 1.59862047E-04-1.87829741E-03
50 19-8.06407661E-02-1.03741416E+00-7.65182245E-03-9.65512047E-03 8.34830285E-03
50 20-8.56365966E-03-4.71395082E-01-4.06979682E-03 4.25461003E-05 4.90311543E-03
50 21 6.62683286E-03 3.40382662E-01 1.91802188E-03-4.78296955E-03 1.23309240E-03
51  1 5.06954216E-02 7.45642839E-01 5.03976753E-03-6.63353775E-04 2.49254172E-03
51  2 6.29094965E-02-5.24349804E-02-2.28347010E-02-2.94200923E-03 1.20685291E-02
51  3-9.21687848E-01 5.80471589E-02 9.80770762E-02-1.09039383E-01-2.03304836E+01
51  4-1.19268009E+00-3.58558016E+00 4.12938581E+00-7.31223388E-02 2.41400686E-02
51  5-4.64021663E-02 7.65783901E-02 2.39015693E-02 1.50554436E+00-2.79826029E-01
51  6 5.75593349E-01 5.73767364E-03 2.30113078E+01-3.35900832E+00-2.37356676E+00
51  7 4.44855324E+00-3.38707953E-02 1.83555587E-02-1.08121376E-01 3.19014576E-02
51  8 9.04441931E-02 4.45959636E-01-3.02453995E-01 4.58250761E-02 2.99490078E-01
51  9-7.14269528E+00-1.05155686E+00 5.51114368E-01 1.41177641E+00 6.54113766E-02
51 10 7.41781639E-01 3.98436653E-05-6.77869598E-03-2.57369931E-03 3.32254826E-02
51 11 7.40876287E-01 9.21021460E-04-3.42116283E-03-1.85002884E-03-1.54369406E-02
51 12 1.14739198E-02-5.13719649E-02 2.31629675E-02-2.51844889E-02 1.81315062E-01
51 13-4.63662320E-02 4.25144705E-02-6.62273762E-02-9.57053036E-01-1.19390645E-02
51 14-1.14056190E-01 2.95605207E-01 3.18039664E-02-2.36290330E-02 2.17227650E-04
51 15-5.61476743E-03-1.86943305E-02-3.16626223E-01 6.27219774E-03 1.84666677E-02
51 16-6.17246746E-02 8.94259776E-01 4.23371108E-04-3.24088651E-01 5.19677043E-01
51 17 2.88584337E-03 1.03264235E-01-4.40616800E-03-4.18017230E-03-4.33464455E-03
51 18 1.35649835E-02 9.56258869E-02 5.28266790E-03-4.20820606E-04-4.42127968E-03
51 19 7.11485325E-03-9.70494361E-02 8.33225268E-03-8.11273729E-03-2.44943563E-03
51 20-1.81171686E-02-1.51707193E-01 1.74268681E-03-1.25732459E-02-1.21129535E-03
51 21 1.19031508E-01 2.09791904E+00-1.00130609E-02-7.55298021E-03 1.99005122E-02
52  1 7.93952059E-03-3.52278368E-01 3.28023648E-04-7.42128285E-03-5.82132661E-04
52  2-4.06551577E-02 1.35533969E-02 6.54357585E-02 8.27088138E-03 2.76717618E-03
52  3 6.90821657E-01 1.61824205E-01 2.19558189E-01-1.33569473E-01 1.48331127E+01
52  4 1.55775798E+00 1.97993936E+00-2.50242503E+00 2.78141270E-02-1.47736138E-02
52  5 5.86373430E-02 7.41111014E-02-5.77446940E-02-5.27955127E-01 1.25261374E-01
52  6 2.60083315E-01-2.79951746E-01-1.25033663E+01 1.45078113E+00 4.60644826E+00
52  7-5.43612871E+00 3.66669930E-02-1.42420065E-02-4.30042024E-02-1.01388027E-01
52  8 1.37320720E-01-4.55376304E-01-1.45670375E-01-2.90924050E-01 4.05813940E-01
52  9-1.79576756E+00-1.49531098E-01-2.74967651E-01 4.18513252E-01-2.58544504E-02
52 10-1.65836647E-01-2.09293656E-03 4.52005485E-04-5.77094861E-03-1.31088262E-02
52 11-3.29752072E-01-1.48847197E-03 5.41392617E-03-2.30569257E-03 7.03885994E-04
52 12 9.29583930E-05-4.86157513E-02-2.88723103E-02 1.44196588E-02-1.21308049E-02
52 13-1.17143804E-01-4.89597441E-02-1.88205630E-02 9.26493667E-01-2.77731674E-01
52 14 4.95290802E-02 7.25255767E-01-4.14059512E-02 2.03846102E-02 7.36411818E-02
52 15 1.09735292E-01-5.36245818E-03 5.21625297E-01 1.30640598E-01 3.02345624E-01
52 16 1.93070716E-01-4.44394378E+00 2.65792538E-01 1.19088272E+00-1.43725637E+00
52 17 1.04821053E-02 1.46889000E-01 2.92819898E-02-4.35824065E-03 3.47700967E-03
52 18 6.74244872E-02 1.83949188E+00-4.09850630E-04 1.22123568E-02 3.64787504E-03
52 19-3.47267213E-02-5.75683024E-01-6.60131852E-04-3.97490302E-03 8.70868129E-03
52 20 5.59334053E-02 2.66253858E-02-1.71418735E-03-3.43649395E-03-6.41703625E-04
52 21 1.48824602E-01 2.33804300E+00-1.80721789E-03-1.14622811E-02 1.26397872E-02
53  1 1.04953609E-02-2.83938298E-01 3.62655967E-03-2.53150868E-04-7.94213022E-03
53  2-1.54133930E-02 1.69363531E-02 3.50322366E-03 3.85603891E-02 3.69220334E-02
53  3 1.94456295E-01-7.49360100E-03-6.64092455E-02 9.90112998E-02 3.66349743E+00
53  4 1.43100172E-01 3.85503541E-01-1.14433869E+00 2.31486343E-02 1.01118294E-02
53  5-7.29420956E-03 1.15485568E-01 5.16674747E-02-6.91452793E-01 9.28314249E-02
53  6 4.93777398E-01 6.55912128E-01-4.97536158E+00 6.15594027E-01 1.07076541E+00
53  7 5.87376973E-01-5.14439408E-03-1.11142813E-02-2.58357860E-02 5.12373170E-02
53  8 7.10784483E-02 1.57204536E-01-8.60767917E-02 7.36357945E-02 1.10199676E-01
53  9-2.51649602E+00-4.37780974E-01 7.92424786E-01 7.00070347E-01 8.54136081E-03
53 10-2.52036839E-01 5.06718841E-04-1.03695650E-02 5.48964807E-04-5.47265409E-02
53 11-2.86280164E-01-1.65685047E-03-3.99631039E-03-7.87557527E-03 3.76267745E-02
53 12-1.09224136E-02-9.28416603E-02-1.80133533E-02 6.85030151E-02-5.73561961E-01
53 13-3.21038910E-01-1.21266965E-01 2.68795350E-01 6.82697855E+00-6.45335545E-01
53 14 1.72973638E+00 6.88248410E-01-3.79556326E-02 7.95410418E-03-2.19054250E-02
53 15-1.38394374E-01-7.11381902E-02 5.43008137E-01-8.80240307E-02-4.46280204E-01
53 16-9.29210846E-02 7.38421660E-01 8.00517273E-02-5.03829990E-02 4.24009775E-02
53 17 4.36809181E-02-5.90805470E-02 8.81150255E-03 1.54968651E-03 4.69581111E-03
53 18-1.47467044E-01-2.08973391E+00-1.17182378E-02-1.87537067E-02 1.35616859E-02
53 19-8.95428925E-02-1.99334996E+00-1.97344087E-02 1.44908454E-02-8.88315852E-03
53 20-2.72426063E-03-2.06364987E-01 2.68979078E-03-6.77460470E-03-1.30427297E-02
53 21 2.76086130E-03 5.24828372E-01-3.80488232E-03-7.62607670E-03-9.87191654E-03
54  1 2.32137084E-01 7.52786884E-02-3.10011502E-02-2.31558101E-02-2.83232418E-02
54  2 3.62810621E-03 1.27936862E-02 5.98662971E-01 2.25499673E-01 1.08803005E-01
54  3 2.11162170E-01-9.00537738E-01-3.29116521E-01-3.59559734E-01-8.64732404E+00
54  4-3.78344761E-01-1.08967296E+00 1.59717196E+00 2.97514744E-03-5.16162245E-02
54  5 3.96168524E-01-3.06036314E-01 3.54551748E-01 5.25204010E-01-6.53335416E-01
54  6 6.12539768E-01-5.20193882E-01 9.39863102E+00-1.34336474E+00-2.29808551E+00
54  7 2.68064193E+00-8.25689279E-03 5.67734105E-02 4.68935256E-02-5.82371442E-02
54  8-2.52707122E-04-1.65059797E-01-8.45141058E-02 1.47565836E-01 8.06704366E-02
54  9-9.10910250E-01 3.13858214E-02 4.62811789E-01-2.00278211E-01-3.44079321E-01
54 10 1.10172151E-02-9.41477669E-02-8.51852888E-03-2.56645329E-02 1.75385969E-01
54 11-9.07076732E-02-3.56838048E-02-1.53767019E-02 1.47737554E-02-9.37056103E-03
54 12 3.99938270E-02 1.19256998E-02 2.12263707E-03 3.44116062E-02-4.99870878E-02
54 13 5.66726799E-02-1.16132152E-01-3.69784664E-02-1.08995631E+00 2.96482733E-01
54 14 1.48872581E-01-4.82261506E-01 1.41010593E-03-1.76780398E-03-1.96257072E-02
54 15-1.04658148E-02-2.68240075E-02-3.67294375E-02-1.41644620E-02-2.86277367E-02
54 16-3.95755585E-03 6.35276599E-01 2.56880056E-02-2.53759427E-02 4.56038979E-02
54 17-2.36445418E-02-1.11696301E-01 1.62347975E-03-4.50915775E-03 7.28080118E-03
54 18-4.78415400E-02-1.08726652E-01 4.30301588E-03 2.15495138E-03 4.18870855E-03
54 19-6.01706898E-02 2.75819214E-01 1.13488629E-02 1.56744679E-02 4.38260765E-02
54 20 2.74387853E-01-1.53601529E-01-3.51773920E-02 2.26084696E-02-2.95260099E-02
54 21 2.47601584E-02-1.74176692E-01 1.70296505E-02-3.13811792E-02 3.57194339E-03
55  1 2.15100276E-01 3.81666811E-01 6.62668726E-03-1.34574053E-02-6.19060973E-02
55  2 1.48108316E-02-3.91164551E-02-3.25447205E-01-2.56623973E-01 8.45627799E-01
55  3 4.58645652E-01 6.81910784E-01 4.20776536E-01-1.85500500E+00 3.95021522E+00
55  4 1.17257831E-01 5.33634314E-01-4.65564230E-01-1.24036569E-02 1.16194897E-01
55  5-1.67954579E-02-4.43194559E-01 5.71746374E-02-9.04720200E-01 7.77493819E-02
55  6 1.25631404E+00-2.05039415E-01-3.86255832E+00 6.26325978E-01 6.46028426E-01
55  7-1.10320252E+00 2.79836105E-03 1.58295701E-02 1.04895952E-02-2.67704115E-02
55  8-1.66333238E-02-1.80360947E-01-9.22358828E-02 5.42282169E-02 1.70682350E-02
55  9 5.54454248E-02-1.71747105E-01 2.32762774E-01-9.90029524E-02 1.54199439E-01
55 10 1.43530282E-01 2.41515153E-02-1.18658430E-02-1.29805005E-02 1.31944550E-01
55 11-1.46403875E-01-7.61149571E-03-2.77174338E-02 1.42043147E-02-5.80175571E-03
55 12-3.66407059E-02 2.52305257E-02-4.56621082E-03-6.80304409E-02 2.45453493E-01
55 13 7.94678978E-03-4.65493233E-02 2.14580668E-01 6.04582911E-02 2.15755510E-01
55 14 2.02936468E-01-1.45745114E-01-8.34739297E-03 1.62369261E-02 3.44305859E-03
55 15-1.34580806E-03-2.14168904E-02 7.36611891E-02 7.99887725E-03-3.19752136E-02
55 16 4.33387384E-02-3.60857979E-01-4.65532275E-02 1.75491888E-01-1.00400842E-01
55 17 3.28213850E-02-3.10952581E-02 2.06310889E-03-2.11778870E-03 1.36608642E-02
55 18-5.14113456E-02 5.03274566E-02 6.96077023E-03 1.35023334E-03 9.29220079E-03
55 19-7.47862767E-02 3.22995108E-01-1.03814584E-02-1.51137684E-02 8.21173606E-04
55 20 9.71401625E-04 1.07581827E-01-1.83762576E-02-4.79070946E-03 3.08235017E-02
55 21 2.73580980E-02-1.45420168E-01 9.08965792E-03-2.27442117E-02 8.51799352E-04
56  1 3.55345897E-02-4.51877738E-01-3.13404304E-02 3.01872754E-03 7.53914567E-02
56  2 7.61236818E-03-8.14176090E-03 1.19177558E-01-7.42974385E-01-8.52364290E-03
56  3 3.63367037E-01-2.68489155E-01 1.84458676E+00 1.11434962E-01 6.72423413E-01
56  4 1.35285290E-02-7.45315915E-02-2.06125947E-01-7.15802409E-03 7.86383639E-02
56  5-1.34839917E-01 3.14752122E-01 5.54812038E-01-4.68741097E-01 5.10051954E-01
56  6-9.77638479E-01-1.51682569E+00-4.72295480E-01 9.25430895E-02 1.21461780E-01
56  7 1.94549830E-01-9.00557979E-03-3.17181327E-02 4.42735948E-03 1.44251338E-01
56  8-4.55323199E-02 4.15733201E-01 1.15210457E-01-2.38549673E-01 1.42243202E-01
56  9 8.99783652E-01 4.38515533E-01 4.38131733E-02-5.91541084E-01 5.84967415E-03
56 10-4.78003147E-02-2.43810123E-02 2.99646914E-02 2.63700807E-02 2.48549493E-01
56 11 5.38351099E-01-1.42171613E-02 9.99304235E-02-1.94105475E-02 9.40433527E-03
56 12 3.84240871E-02-2.73368906E-03 1.96484033E-02 9.02797758E-02-3.99493397E-01
56 13-7.48177553E-02-7.38116519E-02-2.54475674E-01-6.64714234E-01-2.46635626E-01
56 14-3.06024588E-01-3.33407549E-01-3.21240915E-03 5.55366508E-03-9.56165316E-03
56 15 2.36855042E-02 2.03019004E-03 2.70968525E-02 3.73351619E-03-1.50767062E-02
56 16 7.07026277E-03-1.24961441E-01 6.22152180E-02-5.23008525E-02-1.75190161E-01
56 17 7.42236687E-03-3.82199335E-02 5.70049234E-03-8.13749630E-03 1.52298235E-03
56 18-2.18839683E-02 5.26242546E-02-8.91976801E-03-5.79921761E-03 1.26864262E-02
56 19 9.20531486E-02-1.89086158E-01 6.78863525E-03 9.07924214E-03 7.59792487E-03
56 20 7.07637209E-02-1.71911216E-01-1.66019177E-03-2.17581364E-02-1.36484345E-02
56 21-3.33291255E-02-3.45779622E-01-1.42880594E-02-7.56869145E-03 3.58343418E-02
57  1-9.43485155E-02-8.69136598E-02 2.13942140E-02-4.14919720E-03 7.04351044E-02
57  2 8.19995066E-03-9.68957937E-02-1.40085547E-01 1.46761645E-01-3.26728106E-01
57  3 1.18250419E+00 5.51298179E-01 7.18161846E-02 1.59730083E-01-6.60682065E-01
57  4-1.41390752E-01-1.16462128E-01 1.33582697E-01-1.12274196E-02-2.43281426E-02
57  5-3.30345238E-01-5.98432700E-01 5.75244848E-01 2.19742801E-01 6.84229021E-01
57  6 1.38593420E+00-1.37821020E+00 8.66704283E-01 2.27420660E-01 1.74624344E-01
57  7-1.24036510E-01 4.81750511E-03 2.03122909E-02-3.79954155E-02-4.67980088E-02
57  8 5.60802074E-02-2.60387970E-01-1.59860386E-01 8.75019796E-02 1.46471172E-01
57  9-7.87691454E-01-4.13446610E-01-1.53288179E-02 4.40334595E-01 2.29370586E-01
57 10-1.54025771E-02-1.98352053E-04-2.33602016E-02 3.33586938E-02-6.71728270E-02
57 11-9.29834610E-02 2.29377435E-02-5.18237149E-02 3.23932357E-02 9.45093792E-03
57 12 8.99334762E-03-4.09478958E-02-5.25415479E-02 6.97790677E-02-1.86181158E-01
57 13-7.30047963E-02-1.54462851E-01-7.04340335E-02 3.89445636E-01-4.70125404E-01
57 14-2.91231333E-01 3.77605858E-01-1.25881886E-02 2.11354789E-02 9.81754751E-03
57 15 7.60080050E-02-1.15426519E-01 8.82919004E-02 4.58744705E-03-6.80045858E-02
57 16 1.08844027E-01-2.07723260E-01-6.86934255E-02 3.11175526E-01-3.70595487E-01
57 17-5.38862455E-02-2.20707017E-01 2.61309735E-02-2.10875986E-02 4.39735178E-02
57 18-9.19773916E-02 3.79317890E-01-1.14216023E-02-7.73351727E-03 2.82429182E-02
57 19 9.53516922E-02-4.49647888E-01 1.61888477E-02-2.16875200E-02-3.19609642E-02
57 20-2.08146692E-01-2.54624622E-01 5.65361230E-02 2.42973655E-02-1.89136345E-02
57 21-5.09871199E-02 4.20916053E-01 4.99099390E-02-7.64140308E-02-3.39193291E-02
58  1-9.56756645E-02 4.15796082E-01-2.68618059E-02 4.32691305E-02-4.56057952E-02
58  2-3.40994302E-03-7.09569302E-03 6.19269708E-01-9.91481527E-02 1.27400427E-01
58  3 1.35906343E-01-1.62835250E+00 2.28549447E-01-5.05616102E-01 1.50319950E+00
58  4 1.81901776E-01 2.44087666E-01-3.09787912E-01 5.53405031E-03 4.79243808E-02
58  5-6.60591283E-01-2.00572223E-01-3.69827946E-01-5.26775427E-02 1.98844588E+00
58  6 4.10722006E-01 9.61746606E-01-1.58340499E+00 3.47557667E-01 2.87703753E-01
58  7-2.67286542E-01-7.43663047E-03-1.25029151E-02-4.87900144E-02 1.46394615E-02
58  8-4.38527242E-02 2.30168570E-01-7.52987120E-02-2.02980151E-01-4.59616114E-02
58  9-2.03845723E-01-2.51627643E-01 1.65369878E-01-2.34311494E-01 7.24113708E-03
58 10-8.38889904E-01-8.65447833E-02-4.93927118E-02 5.51974001E-02 8.26144372E-02
58 11 2.93048352E-01-4.82090182E-02 3.53477009E-02-3.53287655E-02-2.35627469E-03
58 12-4.76194261E-02-5.55846765E-02-1.20696608E-02-4.62829189E-02 3.36624458E-01
58 13-1.14773986E-01 1.09834203E-01 2.74438230E-01 1.17503049E+00-2.48212096E-01
58 14 3.78993450E-01 3.09492089E-01-1.16556522E-03-1.66613457E-05-6.92003672E-03
58 15 2.33894986E-03 1.79515632E-02 5.32052307E-02-1.27222913E-03-6.74138644E-03
58 16 1.59702733E-03-3.05433121E-01 1.31916346E-01 7.61251987E-02-8.03915154E-02
58 17 4.63025379E-02 3.74074399E-02 9.64412405E-03 9.85292574E-03-3.63529032E-03
58 18 3.16669650E-02-8.50210211E-02-4.57690167E-03-2.03065650E-03 8.74902810E-03
58 19 6.13760265E-02-2.59797186E-01-1.66441123E-03-2.71043168E-02-7.15091821E-02
58 20-1.44860666E-01-1.02852347E+00 9.46263449E-02 2.84347194E-02-1.98209373E-02
58 21 3.00653589E-03 4.88473859E-02-2.15154694E-02-1.88693792E-03 6.80944658E-03
59  1-3.91215951E-01-5.85018596E-02 2.49142395E-02 5.93669232E-02 4.64191128E-02
59  2 7.66791006E-04 1.15195221E-02-5.59028423E-02-4.07029494E-01-3.27288484E-01
59  3-1.67943792E-01 2.69324628E-01 7.18653119E-01 7.77976540E-01 3.07852093E-02
59  4-1.95367277E-02-1.18327080E-01-8.93699773E-02 2.69651771E-03-1.08264031E-02
59  5 3.59717721E-01-5.18103256E-01-3.96257499E-01-7.75680789E-02-9.80801755E-01
59  6 1.13505049E+00 8.81806382E-01-2.54811739E-01 1.37394918E-02 2.23285529E-01
59  7 1.90029226E-01-4.71975518E-03 5.59249592E-02 6.85182718E-02-3.24489763E-02
59  8-2.52874636E-02-2.05900263E-01-1.38939988E-01 1.83158003E-01 3.54293762E-02
59  9-2.08367530E+00-3.38366193E-01 1.06836297E+00 1.49138353E-01-8.44744314E-03
59 10 2.51951790E-01 1.56795287E-02 4.38985760E-02 7.18626845E-05 3.94371519E-01
59 11-1.60129374E-01-2.88162985E-02 5.16077577E-02 5.48258354E-02 7.75277651E-03
59 12-2.93607345E-02-5.26084644E-02-8.29092808E-02-2.07031356E-02 2.27394311E-02
59 13 6.81062703E-02 3.43395157E-02 1.35203714E-01 2.61749672E+00-2.24562367E-01
59 14 3.64694827E-01 1.08846342E+00-2.54437863E-03-7.26810989E-04-7.19126100E-03
59 15 1.42647498E-02 2.11262304E-02 5.15066601E-02-1.28934636E-02-3.81796803E-02
59 16-6.04637104E-03 2.20567465E-01 8.98416824E-03-1.40576208E-01-7.49247075E-03
59 17 2.47896431E-02-3.29577888E-02-4.22875720E-04 4.45683686E-03-1.76649081E-03
59 18 1.06648056E-02-2.80000739E-01-2.03424479E-03-1.14802128E-02 1.20025497E-02
59 19-9.57865903E-02-5.02173788E-01 8.42772816E-03 2.60370175E-03-9.23535505E-04
59 20 9.20238567E-02 3.47497453E-01-3.63948172E-02-1.54177029E-02-1.68263677E-04
59 21 1.01429588E-01 1.94457205E-02-1.54733779E-02-2.41036398E-02 1.95394797E-02
60  1-3.45924204E-01 6.63808253E-01-1.86448855E-02-2.63085904E-02 3.83434896E-03
60  2-1.92632019E-02-8.05937198E-02 2.23383465E-01-1.12609662E-01 1.87615132E-01
60  3 4.23066853E-02-3.84198413E-01 2.67289666E-01-3.82410527E-01 1.93638921E-02
60  4 2.98660145E-02 6.88560353E-03-6.98562933E-02-3.20436759E-02 1.15694879E-01
60  5 4.36555717E-01 3.84825793E-02 7.56714241E-02-5.05420980E-01-6.48652083E-01
60  6-5.99591562E-04-2.47422698E-01-7.45948823E-01-2.33632093E-01 6.62117290E-02
60  7 1.39462103E-02-1.79765168E-03-1.48107207E-02-6.33614880E-02 3.37344941E-02
60  8-5.60465640E-02 1.87485796E-02 8.58486144E-02-2.28662776E-02 6.44091693E-02
60  9-3.56312506E-01-1.98858650E-01 1.59696248E-01 4.20894676E-02-5.31150442E-02
60 10-1.93254909E-01-4.89798062E-03 8.65476371E-03-5.28060326E-03-3.34592014E-01
60 11 7.09474779E-01-2.02267049E-02 7.14688213E-03 2.47516005E-02 2.85882540E-03
60 12-7.46342081E-03-1.28750757E-01-1.74874741E-02-5.97582496E-02-1.75925190E-03
60 13 1.61901862E-01 1.32015128E-02 4.40220821E-02-1.95758583E-01-7.00294538E-02
60 14-1.18028430E-01-2.93150388E-01-8.23750578E-03 3.22097903E-02-2.22349950E-02
60 15 4.46067357E-03-3.11274886E-02-6.39060646E-02 2.17590936E-02 2.89176362E-02
60 16 7.93427633E-03-3.17755572E-01 9.21601233E-02 3.59480757E-02 6.65317783E-02
60 17-2.60532137E-01 4.20474795E-01 1.17541261E-02-1.40015193E-02 7.15023596E-03
60 18-5.57238480E-02 2.78855435E-01-1.69956641E-03 2.26030093E-02-2.75563098E-02
60 19-5.42570955E-02 1.68383334E-01 5.37887863E-02 1.13782664E-02 7.39654433E-03
60 20-1.11632421E+00 2.14966456E+00-2.20303546E-02 6.09959965E-03-2.60857823E-02
60 21-1.70965309E-01 4.66112185E-01-7.69298621E-04-1.01618641E-03 1.89584819E-02
61  1-9.31908985E-01 1.60495521E+00 6.42213380E-03 2.72905096E-03 8.93828570E-03
61  2 5.04192109E-03 1.25595514E-02 1.44107459E-01 4.26947903E-01 3.55624320E-01
61  3-1.88189009E-02-1.47053324E-01-5.88252018E-01-4.10566202E-01-7.04697071E-01
61  4-2.79841551E-01-5.59762057E-01-3.51323421E-01 3.52239554E-03 8.81761780E-03
61  5 2.04588300E-02 2.02561198E-01 1.66593249E-01 2.41111351E-02-1.29933008E-01
61  6-5.76097991E-01-4.04407041E-01 9.09007002E-01 7.99004520E-03-9.48251871E-02
61  7 4.50445198E-01-3.80568396E-03 7.68304245E-04 5.51618353E-02 1.15999634E-02
61  8 3.40668515E-02 7.89079190E-02 4.25050965E-02-5.49168661E-02 5.46411431E-03
61  9 4.89323318E-01 1.04610365E-01-2.23115976E-01-1.24760155E-02 5.40630476E-01
61 10-8.63503559E-01-1.17045493E-03 6.33603252E-02 4.27634931E-02 5.66504603E-01
61 11-1.03366058E+00 6.53002712E-02 2.58825861E-02 4.07308033E-02 5.94839084E-03
61 12-1.59798739E-03 2.19689541E-02-4.61464117E-04-2.59021886E-02-1.30321344E-01
61 13-1.13527386E-02-1.40942974E-02-1.16196123E-01-7.14977798E-01 8.89274408E-02
61 14 7.09528567E-03-3.05340408E-01 7.30365502E-04-2.92767072E-03 4.61898126E-03
61 15-9.83511405E-03-7.33196311E-04-9.29469714E-03-3.95400919E-03 9.68119743E-03
61 16-1.00400484E-02 3.07067272E-02-5.46890641E-03 6.77120964E-04-6.86669914E-03
61 17-3.14113172E-03-1.41971075E-02-4.53440008E-04-3.17320988E-03-4.59640945E-03
61 18-2.17311400E-02 3.85878697E-02-4.59440776E-04 1.09726531E-03-4.33320472E-04
61 19 2.47929413E-02 3.62461102E-02-3.49926544E-03 5.99967163E-03 3.81940562E-02
61 20 1.77189903E-01-7.13656654E-02-2.53851395E-03-3.23341889E-02-3.11533313E-02
61 21-3.48262714E-02 1.20183128E-02-3.20351264E-03 1.07255729E-02-2.53648986E-03
62  1-7.61423451E-02 1.75940823E-01-9.27916887E-02 3.83648236E-02-7.10336347E-04
62  2-8.24811211E-03-4.95577389E-02-4.33065242E-01 2.49827568E-01 3.46800173E-02
62  3 1.60213674E-01 4.64636596E-01-2.58335157E-01-1.55948081E-01 1.11610733E+00
62  4 7.02661509E-01-2.19793996E-01-1.16271531E-01-4.80641160E-03-1.84524721E-02
62  5-1.93559174E-01 7.41415542E-02 3.76698720E-02 1.14156414E-03 6.96139812E-01
62  6-1.27181387E-01-1.64910090E-01-1.34602186E+00-2.05053871E-02 6.37965814E-01
62  7-6.46144607E-01-7.66257212E-03 2.82940020E-03-3.79200717E-02-3.12955686E-03
62  8-4.54167902E-02 1.16722694E-01 2.21771710E-02-1.23738160E-01 4.43707417E-02
62  9 1.16073951E-01-1.55658243E-01-1.96283031E-01 2.61681325E-01-9.56432726E-01
62 10 1.49542725E+00-2.06091446E-02 2.45905554E-02 3.14880585E-02 7.46510716E-01
62 11-1.25728579E+00-5.00018456E-02-1.25750644E-02-2.90510599E-02 1.80682597E-03
62 12 1.12754418E-02-1.41667231E-01 8.89893541E-03 1.44319269E-03-5.04997724E-02
62 13 6.68873763E-02 3.05523441E-02-1.93873131E-03-1.28153066E-02-1.48950471E-01
62 14-1.25378195E-01 6.21240060E-02-1.55506984E-03 5.59905014E-03 6.18032387E-03
62 15 3.80726335E-03-7.44003401E-03 2.03101154E-03 5.90042586E-03-2.23328102E-02
62 16 2.23326414E-02-2.59230102E-01 1.86842273E-02 9.60870647E-02-6.97081271E-02
62 17 4.67542073E-02-4.80119892E-02 5.48920199E-03-1.39079527E-02 1.45163617E-03
62 18-8.74479631E-02 2.47544969E-01-3.92985028E-04-4.44566652E-03 6.39057012E-03
62 19-2.41549595E-02 6.14431006E-02 5.08387796E-02-6.84623607E-03-8.92329740E-03
62 20-3.13729821E-01-2.47915312E-02 2.88223729E-02-2.96011577E-02-4.93381529E-03
62 21-1.20185714E-01 3.68799887E-01 2.40326421E-03-7.97149961E-03 4.21741156E-03
63  1-2.75194588E-01 4.98149276E-01-3.81428176E-04-2.18600305E-02-3.65280424E-03
63  2-2.13465172E-02-3.91289478E-04 1.56604140E-02-5.86107973E-02 5.95234305E-02
63  3-1.63700529E-01 5.81989168E-02 1.20624624E-01-1.47840278E-01-5.07367451E+00
63  4-4.46696038E-01-8.26645495E-01 1.16699039E+00 5.03113721E-04-1.54825095E-01
63  5 2.96168133E-02-4.21848959E-02 3.11085783E-02 3.73868957E-01-7.99480885E-02
63  6 1.74287135E-01-3.28376014E-01 5.58653381E+00-4.94205799E-01-6.17608922E-01
63  7 5.77769764E-01-7.13003744E-03 3.62438400E-02 3.25364455E-02 6.18845238E-02
63  8-4.93801204E-02-1.04375928E-01-4.82057598E-02-1.17676726E-03 3.91089214E-02
63  9-6.52722281E-01-1.03075495E-01-1.52357749E-01 2.06366853E-01-1.74341872E-01
63 10 3.57697582E-01 1.54876898E-02 7.39143560E-04 6.54317925E-03-3.51017687E-01
63 11 6.12617232E-01-1.77433349E-03 9.08458175E-03 1.43276868E-02 3.56294602E-03
63 12-2.57821396E-02 6.47822564E-02-6.13533609E-02 1.53307206E-02 9.07586675E-02
63 13-5.77720427E-02 1.18555149E-03-5.18751772E-02-1.12215273E+00 2.21997125E-02
63 14-3.58555970E-01 2.01050577E-02 2.55381682E-03-1.81963022E-02 6.29877454E-02
63 15-1.41340577E-01 1.83556397E-01 6.53336678E-02-2.44919314E-02-6.30879022E-02
63 16-2.56182166E-02-1.07649213E-01-7.13574818E-02 8.88324277E-01-6.91670260E-01
63 17 9.90164461E-01-1.87886753E+00-1.56140350E-02-6.47509181E-02-5.40056834E-02
63 18-8.25217856E-01 1.80043159E+00 2.30754364E-02-3.57854624E-02 5.68617699E-02
63 19 7.57204506E-02 8.11114173E-02-8.98016737E-03-4.55105120E-02 3.25990748E-02
63 20 2.98199248E-02 2.58597216E-02 1.41969062E-02 8.80402181E-04 2.56539883E-02
63 21-2.61971550E-01 6.97437103E-01-7.00875265E-03-4.64066158E-02-2.00618026E-03
64  1-6.47565628E-01 1.26387141E+00-4.80573192E-03-3.47593643E-02-3.39323079E-02
64  2-5.45807548E-02 1.98145960E-01-8.70529613E-02-1.53191051E-01 1.96041955E-01
64  3-7.21062073E-01 1.93480812E-01 4.49970178E-01-5.83202779E-01-1.01573169E+01
64  4-9.41681685E-01-1.61267769E+00 1.97498074E+00 1.68979422E-02-2.79179648E-01
64  5-1.92673575E-01-5.82608163E-02 7.29552729E-02 7.32611378E-01 5.05250739E-01
64  6 3.14791507E-01-4.76173382E-01 1.02735583E+01-8.18007548E-01-1.69971378E+00
64  7 2.18458133E+00-3.34497471E-03 2.89039297E-02 2.39616398E-02-1.97477815E-03
64  8-1.73398384E-03 2.41217291E-03-1.04888619E-01-1.89940172E-02 8.82474599E-02
64  9-4.90070173E-01-1.34990650E-01 1.65916653E-01-1.47568637E-01-5.62501481E-01
64 10 1.17890289E+00 5.30561281E-02-1.19916298E-02 3.09693380E-02-6.36574221E-01
64 11 1.26918630E+00-1.01848709E-02 4.36266140E-02 2.65575751E-02-1.28070212E-02
64 12 5.78106633E-02-4.01412062E-02 7.94357327E-03 5.15479308E-02-1.02934322E-01
64 13-4.93523504E-02-9.99303333E-02-6.24010585E-02-1.36536227E+00 2.96740531E-01
64 14 2.37277766E-02-3.22916884E-01-5.94015896E-03 2.72576891E-02-6.16739878E-02
64 15 5.06393210E-02-1.15518013E-01-1.47806576E-01 3.76825023E-02-1.11602929E-03
64 16 6.56333103E-02-3.40362866E-01 8.08272832E-02-1.41128470E-01 2.81367422E-01
64 17-4.93921613E-01 9.46839727E-01 5.04425261E-03-1.95479807E-02 3.43251629E-02
64 18-1.30181628E-02 6.39007372E-02 2.60572981E-03 2.11552193E-02-3.53216474E-02
64 19-3.76029805E-01 9.02175229E-01 1.24772326E-02-2.38365662E-03-1.46171979E-02
64 20 4.78557610E-01-1.21152567E+00 1.88528186E-02 2.37111115E-02-2.93737981E-02
64 21 7.54365536E-02-1.19991320E-01 1.99709137E-02-3.40207541E-02 1.34150576E-02
65  1 3.04071724E-01-6.24550571E-01 4.57506908E-04 2.48969359E-02 1.24654395E-02
65  2 2.37067091E-02-1.14532904E-01 4.77314333E-02 2.52274588E-02-1.00126006E-01
65  3 2.67820874E-01-2.33249909E-01-1.64827249E-01 2.86572523E-01 5.37212027E+00
65  4 5.87108980E-01 8.17863576E-01-9.66077041E-01 3.13311227E-03-1.94347492E-02
65  5-6.51087806E-02 9.06656112E-02-1.10211166E-01 2.35248477E-01 2.03068878E-01
65  6-4.03169188E-01 3.27799270E-01-4.40503951E+00 2.78101935E-01 1.18458290E+00
65  7-1.69010815E+00-7.01705954E-03 6.93512818E-03-6.16948639E-03 6.85976278E-03
65  8-2.29644019E-02 3.17601157E-02 4.64630015E-02-3.81364291E-02-8.64290550E-02
65  9 3.44253157E-01 7.73476670E-02-4.06604963E-01-1.17176000E-01 2.94215359E-01
65 10-6.30160711E-01-1.54766774E-02 1.03139205E-02-6.51608784E-03 2.18709984E-01
65 11-3.85577029E-01 2.39766591E-02-1.11964804E-02-3.72825409E-03-9.86952682E-03
65 12 2.49673049E-02-1.60637771E-01-7.68982561E-02 5.86747090E-02-4.85373237E-02
65 13 4.85014010E-02 4.27781639E-02-1.41292990E-02-1.68810803E+00 6.95825723E-01
65 14-6.15154968E-02-3.90750085E-02-2.78972917E-02 8.79988788E-02-4.03996595E-02
65 15-7.80108077E-02-4.32610094E-02-2.96522875E-01 2.56518094E-02 4.22856771E-02
65 16 2.62225353E-04-1.99219595E+00 1.78097138E-01 5.22701703E-01 2.31488316E-01
65 17-5.44200766E-01 1.07541749E+00-2.26224030E-02-1.17645968E-01-9.61815516E-03
65 18-9.69377233E-01 2.12777808E+00 1.25164419E-02 3.60181536E-02-8.66858207E-02
65 19-7.03344014E-01 1.69041612E+00 3.33402024E-02-2.23462402E-02 6.39027585E-03
65 20 6.10412098E-02-2.63842075E-01 4.72250638E-03-1.69761756E-02 3.61231587E-02
65 21-2.12217658E-01 3.66721043E-01 4.80616245E-03 9.51455319E-03-5.34189928E-03
66  1 4.77277787E-02-9.73408851E-02 8.71647351E-03 6.34084668E-03 4.97447311E-03
66  2 1.56288129E-03-5.35667921E-02 3.56511165E-02 1.66466733E-02-2.55224693E-02
66  3 3.08509336E-01-7.60029386E-02-4.98743479E-03-7.12160800E-02-9.02347432E-01
66  4-1.22022492E-01-3.24222649E-01-3.78340378E-02 5.35888663E-03-1.06860611E-03
66  5-4.71434733E-02 1.54722011E-02 9.50959179E-02 1.15433692E-01 1.92917544E-01
66  6-7.39387940E-02-2.66619036E-01 9.55506551E-01-2.00538939E-01-6.16363279E-03
66  7 6.80596829E-01-9.70329837E-03 3.50262291E-02 1.01031448E-02-2.31558539E-03
66  8-1.02175851E-01-5.59220945E-02-6.71348845E-03-2.50353924E-02 6.50802692E-02
66  9-2.90971154E-02-4.55603858E-02-4.44738547E-01 4.24963231E-02 1.30095208E-01
66 10-2.52042886E-01 4.80796960E-03-2.30789487E-03-4.32368646E-03-3.23849549E-02
66 11 6.26393710E-02 2.22163679E-02-1.01965193E-02 2.85918727E-02-2.85928921E-02
66 12 1.17328870E-01-2.89327720E-01-1.78525879E-02 2.85074879E-02-2.60835859E-01
66 13 1.99251631E-01 5.05850786E-02-7.01457303E-02-1.74216426E+00 1.03448463E+00
66 14 1.03027466E-01-3.56311049E-01 2.65847022E-02-7.96631731E-02 5.64732765E-02
66 15 5.44616770E-02 2.70889390E-02 2.05010577E-01-1.17914976E-02-1.63582967E-02
66 16-2.48661565E-02 1.27443441E+00-2.96473281E-01-1.98485920E-01-4.71061593E-01
66 17 5.55374934E-01-1.22002257E+00 7.13700625E-03 6.22678413E-02 7.20670269E-04
66 18 6.18211495E-01-1.11780204E+00 4.64709468E-02-4.84274585E-02 7.00998693E-02
66 19-1.04536848E+00 2.53301143E+00 8.34796358E-02 1.15185367E-02-3.58972113E-02
66 20-2.78128677E-03-1.82398451E-01 8.72295004E-04-3.40530570E-05-2.60680369E-02
66 21-3.68010374E-01 7.31548751E-01-1.39025245E-02 2.17209516E-02 3.06082222E-02
67  1-3.42672659E-02 7.65457256E-02-1.50035639E-02-1.66209630E-02 1.31407680E-02
67  2-6.96235713E-03 2.32743828E-02 1.70042252E-02 1.52403558E-02 7.19156490E-03
67  3 2.37030576E-01-3.86281606E-02 1.94499171E-01-1.83723737E-01 1.16487797E+00
67  4-1.85663983E-01 5.05366668E-01-3.18035759E-01-8.26512533E-03 4.96071288E-02
67  5-3.62173476E-02 5.98932069E-02 1.10887460E-01-2.19441789E-01 2.50325840E-01
67  6-1.51890567E-01-5.26813010E-01-2.23593360E+00 4.70911397E-01-7.20803612E-01
67  7 2.05999752E-01 2.89639244E-02-1.17513181E-01-1.53848315E-01-1.18921122E-01
67  8 2.13428135E-01 2.95922384E-01 1.30134590E-01 3.03303612E-03-9.95999705E-02
67  9 3.26183737E+00 5.71048450E-01 2.94455754E-01-1.18961949E+00-8.27843124E-03
67 10-1.12058417E-02 2.75923305E-03 1.00507865E-03 1.84201323E-02 3.95555070E-03
67 11 9.25540543E-02 1.94677523E-02 8.88394151E-03-2.32741458E-03-1.36466130E-03
67 12 3.63454632E-02-1.46594192E-01 1.70574179E-02 2.35056210E-02-1.92520613E-01
67 13 1.26881939E-01-9.39881892E-02-6.35603723E-02-1.20630087E+00 2.93116915E-01
67 14-1.71380685E-01-3.57794218E-01-1.38232859E-02 4.23612441E-02-1.09999543E-01
67 15-2.00165952E-02 2.57701909E-01 2.20799561E-02 5.57026624E-02 2.21914607E-04
67 16-1.32636290E-01 7.45967963E-01-1.82888970E-01 1.23358249E-01-1.50180502E-02
67 17 2.46014386E-01-7.10765935E-01-8.06067306E-02 2.19048323E-02-1.77771820E-03
67 18-1.62560960E-01 2.58280180E-01 4.28616449E-02 2.07109202E-03-2.94284714E-02
67 19-3.39307518E-01 9.93630862E-01 4.37340314E-02 1.46059444E-02-1.84336601E-02
67 20-1.83169488E-01 8.38097410E-02-3.72685480E-03 2.00471312E-02-5.16873737E-02
67 21 1.28019834E+00-3.15560056E+00 3.40083438E-02-1.63699839E-03-4.58941569E-02
68  1-1.35684018E-02 1.72691894E-02 1.25206850E-02 1.71833684E-03-5.04761685E-03
68  2 2.25523096E-03 1.43383539E-01-3.61807656E-02-2.73431173E-02-3.47438462E-02
68  3-2.12448320E-01 1.11046102E-01 7.40255647E-02 4.41230833E-02-1.43542207E+00
68  4-6.43718114E-02-3.32681221E-01 2.62449428E-01 5.25261485E-03-1.70724870E-02
68  5-6.89742709E-02-1.10383224E-01 1.10057594E-01 1.36964649E-02 1.06691523E-01
68  6 2.48759915E-01-9.84118968E-02 1.60055287E+00-1.88891699E-01-4.26328503E-02
68  7 3.72198523E-01 3.88847791E-03-2.16531135E-02-9.25294942E-02-1.29811734E-01
68  8 8.62197948E-03-1.07450700E-01 7.21185349E-02 1.65180317E-01 1.02139680E-02
68  9-7.73068980E-01-1.56652642E-01-1.79502137E-01 2.61387151E-01-7.81645299E-03
68 10 1.39198183E-01 9.32773650E-03 1.68290793E-02 7.38648399E-03-2.48787977E-03
68 11 7.97724831E-02 6.31313847E-03 1.34435508E-02 2.86766501E-02 9.09186338E-03
68 12-2.09956465E-02-5.96039954E-02 1.21386550E-01-9.19935637E-02-8.22350379E-02
68 13 3.80643531E-02-2.11179672E-01 1.21410161E-01 3.55113132E-01-4.97330573E-02
68 14 1.65130738E-01 1.99315714E-01-4.21549508E-03-6.19670161E-02 2.50814786E-01
68 15-5.35603885E-01 4.94226576E-01 1.93063686E-01-3.19598411E-01 1.08764802E+00
68 16-9.29983043E-01 3.59509346E-02 1.06143413E-01-1.43329245E-01 7.39246748E-02
68 17-3.34366248E-01-5.00273226E-01-4.40638025E-02 1.96039982E-01-2.66014273E-01
68 18 1.69864442E-01 3.22260237E-01-4.36556304E-02 2.31867544E-01-1.66681006E-01
68 19 1.83162763E-02-1.32955277E-01-3.21380696E-03 1.04318591E-02 3.65442217E-02
68 20 6.87106590E-02-2.98988182E-01-5.86663961E-03 7.43681661E-02-8.79646883E-02
68 21-2.64731117E-01 7.03014469E-01-3.72646611E-02 8.45653031E-02 4.08530320E-02
69  1 2.47329120E-02-1.34234985E-03 1.14769164E-01-7.45689226E-02-4.54438910E-03
69  2-1.76438618E-03-3.87293910E-02-2.28139793E-02 5.86924722E-02 3.50820786E-02
69  3 1.19278895E-01 1.40760049E-01-1.44942486E-01-9.52170939E-02-1.09902146E+00
69  4-2.93643217E-01 7.70101189E-02 2.59164426E-01 2.55798601E-03 1.66026793E-01
69  5-4.42476242E-02 3.09401947E-02-1.52333384E-02-3.15348148E-01-2.54395543E-01
69  6 1.18583029E-01 3.87721177E-02 9.28538517E-01 1.35331025E-01-5.91334003E-01
69  7 4.65814936E-01 3.00561617E-02-1.84674844E-02 3.45291647E-01 3.04153470E-02
69  8-4.35394039E-01-2.99880684E-01-4.60894281E-01-1.74580277E-01 7.29332634E-01
69  9 2.47382138E-01 2.57809455E-01 7.38777133E-02-3.79383255E-01 5.89566524E-02
69 10-6.31817183E-02 2.55971346E-02-7.50316489E-02-1.13833361E-01-9.72773817E-02
69 11 1.61712333E-02-3.90045366E-04-3.79375924E-02 4.65609202E-02 2.40943091E-02
69 12 4.15956674E-02-5.95125373E-01-5.01059044E-02 7.97036398E-02-2.74667654E-01
69 13 1.15028231E+00 2.12917756E-01-2.85328145E-02 1.50347879E-02-3.90042880E-01
69 14-2.35347521E-02-4.15738703E-02-8.39201369E-03-2.24713545E-03 1.17262719E-01
69 15 4.60271680E-02 6.17812456E-02 8.30575286E-02-1.51284065E-01-1.15634120E-01
69 16-1.60371814E-01 1.34884260E-01 9.10485359E-02-4.72565597E-02 3.73245983E-04
69 17-8.93867899E-02 9.83848064E-03-3.38507524E-05-4.42381121E-02-4.86110261E-02
69 18-8.49819287E-02-1.41874381E-01-3.46250497E-02-5.80616986E-02 5.87511023E-02
69 19 5.28513806E-01 4.27432717E-03 2.48542627E-01 7.67470235E-02 7.14554869E-03
69 20 1.77268185E-01-6.31970150E-03-3.58260174E-02-3.41572682E-02-1.52602734E-01
69 21 2.91427678E-01 8.72381772E-02-1.29123218E-01-2.45674963E-02 1.65356240E-01
70  1 1.75435379E-02-9.76176411E-02 1.54664686E-03 4.30380494E-03-1.20344025E-03
70  2-3.14235723E-04-3.48948097E-02-1.89630260E-02-3.07763672E-03-8.90466374E-03
70  3 1.07524586E-01 6.30155222E-02 2.17749017E-02 2.53123635E-02 3.03247213E+00
70  4 2.82676143E-01 4.32361685E-01-4.20620240E-01 1.23764516E-03 1.94699947E-02
70  5-2.67617620E-02 1.90655109E-02 3.59954099E-02-4.36030177E-02 7.85755379E-02
70  6-4.15842013E-03-4.57334604E-02-2.74290417E+00 4.28383584E-01 1.02142052E+00
70  7-1.26531375E+00 4.88600565E-03-2.01160345E-02 2.16850897E-01 4.25710916E-03
70  8 6.70711831E-02-2.40198182E-02-2.49414608E-01-5.19339837E-02-7.23726645E-02
70  9 1.51763482E-01 1.06532496E-01-2.27730492E-01 5.86405045E-02-1.89276275E-03
70 10 3.79878735E-02 4.64654080E-03-1.50246881E-02 4.10294483E-03-1.46612100E-02
70 11-2.81634746E-03-3.15724251E-03-7.54492757E-03-1.80400755E-02 3.86058979E-03
70 12 7.60321758E-03-7.38716840E-02-2.76824717E-01 1.67154590E-02-1.21438219E-02
70 13 1.89050751E-01 3.71592152E-01-1.07397542E-02-6.70799130E-01-4.26393605E-02
70 14-5.59001876E-01 2.65339148E-01 2.33581908E-02 6.55278123E-02-6.11191221E-01
70 15-5.42616459E-01-2.29288684E-01-4.15412466E-01 7.60312245E-01 9.34947031E-01
70 16 3.39657470E-01-6.24369635E-01-3.48043799E-01-1.29031527E-01-2.46734410E-01
70 17 1.10753390E-01-3.75376355E-02 1.12286952E-01 1.65215681E-01 1.10364148E-01
70 18 1.32077796E-01 9.64243913E-01 1.65609545E-01 2.02569625E-01 1.28024237E-01
70 19 8.31798410E-02 2.52778420E-01 7.22846230E-02-2.12852013E-02 4.25146063E-02
70 20-1.47209706E-02 2.02228952E-02 7.31539393E-03-3.28068664E-02 2.00809437E-02
70 21-3.39959745E-03 1.91949701E-01-4.10701767E-02 5.23899065E-02 3.47464502E-02
71  1 2.66719148E-03 9.72636879E-02-3.45169244E-02 1.32248095E-02-8.75986118E-03
71  2 3.98865742E-04 9.39584739E-02 2.35754363E-02-3.45976882E-03 1.48229296E-02
71  3-2.72456081E-01-9.41119887E-02 4.50416250E-02-3.55476136E-02-9.86142665E-01
71  4 2.14997387E-02-4.95871014E-02 2.93437502E-01 1.03436726E-03 6.60165068E-02
71  5 2.73568538E-02 2.86566928E-02-4.75532133E-03-1.62830676E-01 3.84985414E-02
71  6-2.45631129E-01 8.31270048E-02 8.09585427E-01-3.78653692E-01-3.71384922E-01
71  7 1.56283770E-01-1.08598273E-02 2.26385707E-02 1.41476345E-01 2.15211077E-01
71  8 2.15193510E-01 1.83102346E-01-1.08037374E-01-2.63921618E-01-3.30554332E-01
71  9 1.15020021E+00 3.54503451E-01 2.37631988E-01-4.30778860E-01-3.45222956E-02
71 10 1.28758350E-01 5.22917621E-03-2.13091742E-02 1.71222338E-02-4.53643450E-03
71 11 1.41024435E-01-1.58675972E-02 1.59813284E-03-4.67832296E-02-8.75806370E-03
71 12 5.04229499E-02-6.98838435E-03-3.24874933E-01 8.96296713E-02 1.21935590E-02
71 13 6.91424833E-02 4.66296882E-01-8.51887733E-02-9.60718832E-01 2.57121398E-01
71 14-4.12528008E-01-4.67930932E-02 2.21740577E-03 2.88701642E-02 6.79416334E-01
71 15-3.08027676E-01-3.72647946E-01-1.20406644E-01-7.61317218E-01 4.23340447E-01
71 16 4.73119153E-01 2.81227749E-02 3.59809449E-01-1.95872863E-01-2.07253467E-01
71 17 1.76889655E-02-7.00826615E-03-1.08366124E-01 7.36814446E-02 8.52681846E-02
71 18 4.07930579E-02 2.66184280E-01-5.01357840E-02 5.88583271E-02 9.04322029E-02
71 19-5.84825136E-02 5.70969519E-01 4.13997325E-02 2.47592711E-03-1.54066177E-02
71 20-6.56985991E-02 1.57200052E-01 8.83531169E-03-5.94956699E-02 5.66264420E-02
71 21 2.50200064E-01-9.60275673E-01 1.56677688E-02-8.89439502E-02-1.36769906E-01
72  1-4.21809498E-02-2.63658742E-01 2.55489286E-02-5.43691892E-02 6.94467323E-02
72  2-1.40787292E-02-5.12085970E-01 4.57110006E-03-1.45574968E-02-1.06412251E-02
72  3 1.25617088E+00-1.57044168E-02 1.29610751E-01-8.70755092E-03 1.30350156E+00
72  4-9.87993562E-02 3.13291729E-01-3.76130552E-01-7.19133572E-04-2.37107720E-01
72  5 2.74144476E-02 1.92952903E-02-9.08434815E-02 2.66710203E-01 9.31568749E-03
72  6 7.05486412E-02-3.42698196E-01-9.69505767E-01 3.82944661E-01-1.16302963E-02
72  7-3.59086254E-02 8.84490005E-03 1.04034662E-02-3.55207587E-01 4.12489791E-02
72  8-4.17638971E-01-8.72662019E-02 3.51799664E-01-6.51479196E-02 6.34375566E-01
72  9 3.91616942E-01-1.03258477E-01 3.33341122E-01-7.04085056E-01 2.07353882E-02
72 10-3.99587490E-01-3.32796845E-02 4.98341090E-02-3.78027914E-03 2.27009063E-03
72 11-2.68815365E-01 7.26282196E-02 4.54948575E-03 4.56683581E-02 5.26568488E-03
72 12-4.40500960E-02-3.47574676E-02 5.04614427E-01-1.27369270E-01 3.63856502E-02
72 13-5.43529869E-02-7.05260542E-01 7.42156559E-02-3.15854482E-01-1.59285467E-01
72 14 2.03454691E-01-2.19448912E-01 1.99805076E-02 1.57264343E-02 8.37842752E-02
72 15-2.49570072E-01-3.93162357E-01-2.92741595E-01-3.03017782E-02 4.03297491E-01
72 16 6.12867569E-01-7.55422114E-01 1.87718179E-01 9.95661398E-02-2.61597944E-01
72 17 1.53187871E-01 1.80394768E-01 3.95316596E-02 7.63150266E-02 1.27062425E-01
72 18-4.80434668E-02 7.71368025E-01 2.73167655E-02 1.20732436E-01 1.84354522E-02
72 19-3.20299929E-02-1.88252936E-01-2.20154500E-02-1.15106015E-01 6.82169853E-02
72 20 6.06375471E-02-1.16089507E-01 1.33936071E-03 5.99309508E-02-4.56113537E-02
72 21 2.65375694E-01-4.43680818E-01 1.34860675E-01-1.53722613E-01 2.45923516E-02
73  1 1.31996380E-02-5.13212142E-01 3.85158872E-02 9.80042684E-02-4.88609628E-03
73  2-2.14118144E-02-7.95646791E-01-1.72748097E-02-1.11784342E-02-7.91135738E-04
73  3 1.92520581E+00-4.00468534E-02 3.85160672E-02-1.20791684E-01 6.39587547E-01
73  4 3.62404603E-02 2.21923661E-01-1.33449034E-01 1.15454537E-02-5.44984549E-01
73  5 5.34212968E-02-2.30330745E-03 3.16524375E-02 4.52840809E-01 3.63626202E-01
73  6 3.49216046E-01-2.08487731E-01 2.20266778E-02-8.91549182E-02-3.12467432E-01
73  7-2.02828298E-01 9.93805564E-03 1.10711027E-02 3.80269738E-01 5.08736478E-01
73  8 2.82297994E-01-1.69671506E-01-5.73563267E-01-6.87850963E-01-1.51415880E-01
73  9-4.53556460E-01 1.97502273E-01 5.18771657E-01 1.26767217E-01-5.08764549E-02
73 10-4.24749537E-01-3.44983196E-02-1.06232093E-01 5.86035494E-02-2.83545620E-02
73 11-4.54609323E-01-3.58854095E-03-5.65654223E-02-1.11503874E-02-9.47301435E-03
73 12 5.89895872E-02-3.83115720E-02 2.02864652E-01-3.59106869E-01-4.20983087E-02
73 13 1.83798248E-02-2.60685588E-01 4.72336929E-01-4.03148360E-01 7.48700795E-02
73 14 4.49516259E-01-4.13865224E-01-2.19723201E-04-2.28501132E-02-5.00621047E-02
73 15 7.79939897E-02 1.32518298E-01 8.38781733E-02 3.74862902E-02-2.57381562E-02
73 16-1.69537971E-01-3.68308893E-01 4.50722294E-02 1.52603995E-01 9.07551591E-03
73 17-4.53898272E-02 5.83774181E-02 2.93868882E-02 1.26529433E-02-5.43731533E-02
73 18 5.84394369E-02-2.95739361E-02 4.92541400E-02 3.62305828E-02-1.48805509E-01
73 19-4.86618868E-02 2.56586921E-01 4.61085773E-02-8.01493530E-02 3.15902113E-02
73 20-3.18236945E-02-3.95168498E-01 2.46839826E-02 2.39085533E-02-3.03582648E-02
73 21 8.93024718E-02 2.57356388E-01-6.77604642E-02-2.07305737E-01-2.04111885E-02
74  1-4.90402170E-02-2.82623863E-01 1.07085786E-02-4.06650729E-02 5.25566661E-02
74  2-1.76617899E-02-7.02565626E-01-3.47511837E-02 7.49751564E-02 5.96374019E-02
74  3 1.68952014E+00 4.23556112E-02-9.92967183E-02-1.16166301E-01 6.46665277E-01
74  4 7.79824052E-02-1.59662800E-02-1.78274190E-01 8.61681847E-03-3.50739986E-01
74  5 6.24897872E-02-7.40903740E-02-2.59935932E-02 2.11535269E-01 2.60982405E-01
74  6 6.72789025E-02-3.60821184E-01-2.68251975E-01-5.97984944E-02 4.58457857E-01
74  7 8.76308114E-02 1.28928845E-02 3.79523521E-02-2.47969998E-01 3.06592208E-01
74  8-3.48028015E-01-2.25041607E-01 1.66182740E-01-6.43306628E-01 7.18433702E-01
74  9-4.93157839E-01-2.27456529E-01 5.36851057E-02-2.42377945E-01-3.85235388E-02
74 10-3.73450028E-01-3.02518746E-02-6.37758566E-02 6.74248173E-03 4.06760477E-03
74 11-5.94804541E-01 4.13820668E-02-2.50879272E-02-1.08528324E-01-1.99482549E-03
74 12-1.21090917E-02 2.88110026E-01-4.82947186E-01 2.39496769E-01 1.22081153E-03
74 13-4.53274926E-01 5.18670279E-01-3.29547756E-01-2.78985707E-01 2.64787867E-01
74 14-4.13349644E-01-1.43208637E-02-1.03952424E-02 4.89126725E-03-3.48644998E-02
74 15-2.87117317E-02 2.13694035E-01 1.57477585E-01 1.27502814E-02 1.00049610E-01
74 16-3.98427854E-01 1.54124294E-01-2.90947749E-02-2.17131243E-01-3.30838262E-02
74 17-1.53747791E-01-9.27874286E-02 6.58653227E-02 2.87906907E-03-1.17299382E-01
74 18 1.48706514E-01-3.60849283E-01-7.65385751E-02 6.31290000E-04 4.25312095E-02
74 19-1.21298239E-01 1.14656700E-01-7.64828878E-02 9.62254764E-02-9.85398093E-02
74 20-1.34864567E-02-1.94651100E-01 3.38492600E-02-5.66383199E-02-6.68597712E-02
74 21 2.33583704E-01 5.38650291E-01 5.38588350E-02-9.98171946E-02 2.38841615E-01
75  1 2.60344556E-02-2.26299546E-01 1.97456378E-02 7.44857186E-02-2.11394378E-02
75  2-6.89296331E-03-2.77720966E-01 3.38904517E-03-8.06339271E-02-1.51999138E-02
75  3 5.47794704E-01-5.55137814E-02 1.23490390E-01 5.92813405E-03-1.85604042E-01
75  4-1.68355961E-01-9.55720955E-02-1.15135216E-01 8.39584111E-03-4.07424203E-01
75  5-4.80150314E-02 1.31240767E-01 1.55134372E-01 4.71215630E-01 9.00599636E-02
75  6 9.02197565E-02 6.35485545E-02-3.21108012E-01 2.85642714E-01 1.04762000E-01
75  7 7.09442510E-01-7.46668136E-03 1.30121238E-02-1.53248259E-01-3.20596032E-01
75  8-8.52157702E-02 1.03371082E-01 2.07766641E-01 4.68026158E-01 6.27229338E-03
75  9 2.35256051E-01-2.53533057E-01-1.12096696E-01-2.99236173E-01-1.85689200E-02
75 10-1.00849211E-01-1.55538769E-02 6.34348602E-03 5.43935529E-02-5.44477931E-02
75 11 8.40138953E-02-1.13741652E-02-2.61823675E-02 3.20092501E-02 7.30332232E-05
75 12 6.98161870E-02-4.86688708E-02-4.09897142E-01-6.86248750E-01-2.13645506E-01
75 13 2.71792750E-01 5.66938559E-01 8.53296642E-01 2.27160358E-01 5.55518199E-02
75 14-2.96196618E-01-6.16227014E-01-2.46791593E-03 2.20820919E-02 8.22332292E-02
75 15 9.50098916E-02-5.05871226E-02-3.91785439E-02-9.63257541E-02-2.00781615E-01
75 16 9.35376188E-02 3.19077911E-01 3.07800690E-02-6.06237502E-02 1.59710494E-01
75 17-2.41171382E-04 1.45781517E-01-7.47349552E-02-1.18852068E-02 5.47832623E-02
75 18-2.49223651E-02-2.26534174E-01 3.20937185E-02-2.56527665E-02 5.06013997E-02
75 19 9.61892639E-02 3.08693147E-01 4.68411899E-02 2.05675989E-01 3.22361684E-01
75 20 8.29827153E-02-1.46808844E-01 3.49482268E-02-3.65730684E-03-1.03321830E-02
75 21 3.76924134E-03-3.62706801E-01 3.51347415E-03 8.75013670E-02-9.96054242E-03
76  1-3.83284876E-02-4.02589808E-01-4.78931280E-02 5.87157615E-02 2.16572034E-02
76  2-1.81305750E-02-5.47175183E-01-1.96589459E-02-3.31690483E-02-3.45878405E-03
76  3 1.43632826E+00-1.81301887E-02 1.59726982E-01-3.26402331E-02-1.94054319E+00
76  4 6.41252503E-02-3.11459267E-01 3.86235163E-01-2.05217347E-02-1.42615880E-02
76  5-7.16743085E-02 1.10300876E-01 2.11140450E-02 3.51479412E-01 3.14573933E-01
76  6 3.99101785E-01-5.25409061E-01 3.16776443E+00-9.48481990E-01-2.33320242E-01
76  7 4.43312068E-01 1.35550426E-02-4.15000994E-02 5.42364124E-01-4.34239496E-01
76  8-2.26045466E-01 3.39049328E-02-7.90419196E-01 5.55982197E-01 4.06665416E-01
76  9-1.21056296E+00 2.90284307E-01 2.60315138E-02-1.74419068E-01-7.72101375E-02
76 10-3.04653379E-01-3.91195856E-02-2.86601055E-02 1.44643362E-01-1.40903247E-02
76 11-3.25580400E-01 5.66876986E-02 1.19832558E-02-1.05252171E-01-6.15189839E-03
76 12-6.72763013E-02 3.76183506E-01 8.58262820E-02 6.24399093E-02 1.47597532E-01
76 13-8.45301385E-01-3.28461700E-01-1.65027570E-01-5.01154879E-01 2.79695562E-01
76 14 9.20070958E-02-8.73240725E-03-2.37467738E-03 5.07944565E-02 1.20926138E-01
76 15-2.94687588E-03-4.29230064E-02-8.98010968E-02-1.25694316E-01 1.57907685E-02
76 16 5.17575992E-02-2.18191660E-01 1.08914315E-01 1.00781449E-01-7.49526353E-02
76 17 2.06375503E-03 2.19542733E-02-4.83622225E-02 2.86497716E-02 5.79459132E-02
76 18-5.61821990E-02 1.78812687E-01-4.23455719E-02 3.18133515E-02 6.12763321E-02
76 19-3.20152665E-01-2.15246043E-01-1.46929308E-01-8.78389089E-02-6.38485748E-02
76 20-2.07112013E-01-2.83048248E-01-5.42973866E-02 2.06999558E-01-1.34107578E-01
76 21 1.99339422E-01-7.78858662E-02-2.00360884E-01 1.38916298E-01 6.31428867E-02
77  1-7.80498717E-02-5.21391236E-01-1.43695687E-02-8.57016590E-03 4.72088817E-02
77  2-1.58097133E-02-1.06123461E+00 2.77519367E-02-1.22823064E-01 1.53059406E-01
77  3 1.86516173E+00-1.66673973E-01-6.61786454E-02 1.10999517E-01 1.13930284E-01
77  4-8.59660900E-02 7.54520468E-02-1.23893518E-03-2.73636865E-02-7.01589562E-01
77  5-3.79565021E-03 5.01978522E-02-8.84956343E-02 1.46862138E+00-2.65093369E-01
77  6 4.22160278E-02-1.94441443E-01 5.11040694E-01 5.51883665E-02-2.09797213E-01
77  7-8.67424893E-02-2.41950419E-03-5.08471673E-02-9.72175054E-02-2.84556759E-01
77  8 3.06916151E-01 6.94000266E-02 1.32992495E-01 7.04774613E-01-5.96992243E-01
77  9-2.80689251E-01-5.83746649E-02 5.53207912E-02 1.06990108E-01-2.60217714E-02
77 10-7.36474295E-01-6.23822671E-02 1.90932687E-01-2.29983998E-01-8.22959214E-02
77 11-4.69653083E-01 1.71221823E-02-3.19284648E-02 6.67002686E-02 2.50866539E-02
77 12-5.45536343E-02-2.12587587E-01-7.18092481E-04 3.45682586E-01-1.47539594E-01
77 13 4.57499113E-01 9.65879744E-03-6.07814598E-01-8.65810189E-01-1.90519348E-01
77 14-1.08770596E-01-8.27390636E-02-7.99541485E-03 5.03488849E-02 4.65861476E-02
77 15 1.54107002E-02 4.54171654E-02-1.06756261E-02-5.54007171E-02-5.70782372E-02
77 16-8.73714664E-02 4.80967626E-01-6.42416419E-02-1.64778944E-01 1.39838367E-01
77 17-4.41017449E-02-2.88804527E-02-2.12910394E-01 3.31138545E-02 8.38520515E-02
77 18 7.68055558E-02-3.27355988E-01 1.09633288E-01-4.69500962E-02 7.38287413E-02
77 19 3.11323854E-01-9.02835117E-02 1.24756012E-01-3.89303165E-02-9.23577566E-02
77 20 6.93049578E-02-3.12465031E-01 1.09933211E-02-1.09620417E-02 1.19151989E-01
77 21-2.52979592E-01-3.88997672E-01 5.35619861E-02 1.39045228E-01-5.48244170E-02
78  1 2.33396402E-02 1.52820074E-01-6.49574143E-02-1.38579366E-01 6.82655366E-02
78  2 1.30587834E-02 3.13332589E-01-1.21541031E-02 2.54908776E-02-2.31660818E-02
78  3-7.04902833E-01 2.03363249E-02-2.92091871E-02 8.12854394E-02 1.16357437E-01
78  4-4.78165009E-03-2.46500258E-02-3.59507809E-02-5.38953074E-03-1.01543664E-01
78  5 1.17343854E-02-8.46087889E-02-1.11205172E-02 2.69658821E-01 1.64431860E-02
78  6 1.16884647E-01 1.25185656E-01-2.00386026E-01 1.47153272E-01 2.15670750E-01
78  7 6.22519129E-03 1.03757211E-02-5.16247334E-02 4.58404453E-02 1.27653105E-01
78  8-1.59520739E-01-1.00422934E-01-1.03827832E-01-1.84306675E-01 2.89024299E-01
78  9-7.30209021E-01-1.49947336E-01 1.08769188E-01 1.46860698E-01 3.81728189E-02
78 10 1.60627409E-01 6.70704072E-03-8.33522184E-03 7.17742158E-02 6.51278230E-02
78 11 8.04477099E-02 7.78219713E-02 5.97829738E-02-1.45643491E-01 4.96839137E-03
78 12 5.91810120E-03 2.76038960E-02 1.57406527E-02 4.47467536E-03-6.53260075E-02
78 13-1.16522854E-02-1.12690571E-01 1.34447927E-02 1.01307768E+00-3.56949595E-01
78 14 1.23115221E-01 2.50569399E-01 3.35011301E-04-1.63860638E-02-6.14022131E-03
78 15-3.20045045E-03-1.62065670E-05 5.81684070E-02 1.23785132E-03 2.28746291E-02
78 16-5.91959329E-04-3.01428274E-01 9.95547733E-02 9.07039268E-02-1.36719338E-01
78 17 3.29829663E-03 5.09628101E-03-5.24563432E-01 8.54094843E-02 1.75341995E-01
78 18-1.59368495E-03 9.23889263E-02 6.00495341E-01-8.93257960E-02-2.95081996E-01
78 19 8.13806369E-02-5.18250289E-01-8.87322083E-02 3.00592558E-01-1.11508408E-01
78 20-4.47582622E-02-8.71635300E-03 1.98045191E-03 7.80214622E-02-2.10038843E-02
78 21-7.73745529E-02 6.99765202E-01 3.79280779E-03-2.59904470E-02 8.96665231E-03
79  1-3.11348676E-02-1.10406164E-01 3.46132061E-01 3.98242520E-01-2.77893606E-01
79  2-7.76852855E-04-1.83905461E-03-8.11523182E-05-2.49583262E-02-2.70136683E-02
79  3 5.70313672E-02 5.35899881E-04 1.74550082E-01 1.25770246E-01 3.32857837E-01
79  4 2.50389253E-02 1.85821146E-01 5.23286068E-02-2.72756225E-03 3.78647226E-02
79  5-2.16016106E-03 7.08033520E-02 5.43866912E-02-4.95708741E-02 3.97933064E-02
79  6-5.64766204E-02-1.72519084E-01-2.39519204E-01 1.86344964E-02 1.22138460E-02
79  7-2.21918894E-01 5.21016759E-03-4.64316769E-02-4.51078441E-03-4.00593335E-02
79  8-4.23439603E-02 5.34285534E-02-3.17509012E-02 5.87811976E-02 5.13891437E-02
79  9 1.35569026E-01 9.86429295E-02 1.84627744E-02-1.93196657E-01-3.40167232E-04
79 10-8.20451034E-03 2.48381403E-02-2.20449125E-01-6.26473978E-02 2.28199660E-02
79 11 6.58065185E-02-3.91997888E-01-2.10315080E-01 2.99943630E-01-2.41572645E-03
79 12-2.17558830E-02 1.46449272E-01 5.10292255E-02 7.49699959E-02 5.92972472E-02
79 13-2.92633958E-01-1.16736982E-01-1.22925156E-01 4.98880490E-02-1.36058470E-01
79 14-1.35410915E-01 1.63275586E-01 8.96066185E-04 1.41279966E-02 9.40966785E-03
79 15-3.11293800E-02-3.01680334E-02-4.93962129E-02 1.79370077E-02 5.79207791E-02
79 16 6.72467012E-02-2.21185310E-01 5.27762691E-02 5.27416117E-02-1.02470491E-01
79 17 3.21850916E-02-1.28253539E-02-1.89139554E-01 4.19281593E-02 9.09383779E-02
79 18-3.83399373E-02 2.60505908E-01 1.12375672E-01-2.75532253E-03-6.91160431E-02
79 19-5.65406765E-02-3.28082586E-01-3.05023944E-02-3.42234107E-02-7.33308603E-02
79 20-4.45120047E-02 2.85291846E-02 5.14492962E-02-3.31781688E-01-2.44981661E-01
79 21 5.98598355E-03-1.01813710E-01 1.48909755E-01 6.05101086E-02 8.81553416E-02
80  1 2.83154946E-02-7.43506674E-03 1.17966882E-01-2.82880243E-01 8.79059066E-02
80  2 2.74297655E-03 7.67100336E-02-4.11059303E-03-1.27325595E-03-1.62171337E-02
80  3-1.08485327E-01-1.50823010E-01 8.30929345E-02-1.93831790E-02 9.27237270E-01
80  4 2.78735637E-02 1.78199625E-01-2.24317760E-01-5.87143422E-03-1.29572144E-01
80  5-1.25441210E-01 6.72836184E-02 1.82350128E-02 3.35106965E-01 4.89491177E-01
80  6 1.54421773E-02 1.50300951E-02-8.02905250E-01 9.27198935E-02 2.42289828E-01
80  7-1.58650656E-01-9.02482713E-04 2.50800509E-02 8.79529625E-02-3.28447353E-02
80  8-8.36004997E-02 2.89171281E-02-1.21345062E-01 3.88185915E-02 1.92464406E-01
80  9 5.74168614E-02 1.12625149E-01 6.46695830E-02-2.06285827E-01-2.69659069E-02
80 10-5.93794492E-03-6.73033904E-02 3.79371874E-01-4.29933841E-01 5.72469845E-02
80 11 3.10150128E-02-1.91121673E-01-8.64685866E-02 3.30187729E-01-9.64877930E-03
80 12 6.34345661E-02 1.58529984E-01-5.16847524E-02-1.26874952E-01-4.76116080E-02
80 13-3.22719844E-01-1.42775724E-02 2.28078318E-01 1.69132063E-02 1.50024857E-01
80 14-7.39723272E-02-2.03341868E-03 7.66817048E-03-6.58311080E-02-1.68773248E-02
80 15-1.70536561E-02-5.28180583E-02 3.24726424E-02-5.16587464E-03 5.25696663E-02
80 16 1.29010969E-01-2.83705388E-01 1.58311686E-02 6.82713945E-02-5.91170156E-02
80 17 4.92760466E-02 1.01664116E-02 1.51076803E-01 1.60650943E-02-5.18520537E-02
80 18-3.66818782E-02 2.42658631E-01-1.65247339E-02 3.74871521E-02-1.42583318E-01
80 19-1.41019508E-01 8.82073929E-02-1.13572044E-01 2.45119609E-01-2.43926356E-01
80 20-8.94483231E-02-3.67065907E-01 1.58525757E-02-3.51137521E-02-6.42490700E-02
80 21 1.08977634E-01-1.55699967E-01-2.80715559E-01-2.05654722E-01-2.47191450E-01
81  1-5.71803125E-03-7.55946146E-03 4.82873097E-01-2.42400090E-01-5.71435132E-03
81  2-1.84633560E-03-4.25646495E-02-1.58003208E-03 1.09172095E-03 4.86726048E-03
81  3 8.66161610E-02 3.01652481E-02-2.35447414E-02-1.45675969E-02-2.98544549E-01
81  4-1.64090000E-02-3.05180061E-02 6.91789005E-02 3.33621864E-03 4.03371881E-02
81  5 2.43766091E-02-9.31551919E-03-2.95019027E-03-1.23373883E-01-9.89693024E-02
81  6-7.71937436E-03 4.27425488E-03 2.99403957E-01-4.75652652E-02-1.77651331E-01
81  7 2.47255156E-02-1.34501868E-03 3.84315897E-03-5.71294543E-03 1.36361859E-02
81  8 3.98890303E-02-1.13400894E-03 1.10268345E-02-2.29765517E-02-7.79967308E-02
81  9 2.73393742E-02 2.39141326E-02 3.03628205E-02 8.72246221E-02 2.16291007E-03
81 10-1.16717512E-02-7.25274991E-02 4.29327418E-01 4.11092686E-01-1.78044501E-02
81 11-2.19065824E-02-3.90160439E-01-1.78239925E-01-4.04772105E-01-2.14857622E-04
81 12 4.13775684E-04-6.34842794E-02 1.40787918E-02 1.29299362E-02 1.03925080E-03
81 13 1.10470771E-01-2.29614830E-03-1.41944554E-02-1.23504897E-01 6.36778023E-03
81 14 1.05518434E-01-2.41569932E-02-1.31567751E-03 1.14002961E-02 4.45375881E-03
81 15 8.19268701E-03 1.21968806E-02-4.29277559E-03-2.64417072E-03-1.78836412E-02
81 16-2.64351085E-02 7.62349513E-02-1.12864896E-02-2.64582969E-03 2.05843022E-02
81 17-6.83578978E-03-9.33566624E-03-3.85893179E-03-9.25188152E-03-3.54580029E-04
81 18 8.70080298E-03-6.90685529E-02-1.56675293E-02-3.02693492E-03 3.01559275E-02
81 19-1.82743117E-03 1.18075412E-01 2.00140024E-02-5.51786919E-02 2.62450814E-02
81 20 3.04501217E-02 6.10155419E-02-1.05384670E-02 2.74687881E-02 2.54202424E-02
81 21-2.25815632E-02 3.86620702E-03 3.97187578E-02 3.21997443E-02 3.45120276E-02
82  1 5.61127673E-02 2.73376268E-01-8.74447068E-02-2.80251058E-01 1.27773992E-01
82  2 1.40413799E-02 4.74322194E-01 1.54629801E-02 2.94460346E-02-4.58627847E-02
82  3-1.01870473E+00-1.07760861E-01-1.66706762E-02-1.22590665E-02-3.27446876E+00
82  4-2.66379871E-01-5.58921668E-01 5.58585546E-01-5.18298366E-03-3.28294292E-01
82  5-3.09701955E-02-4.81452524E-02 3.39656976E-02 6.91999613E-01 3.57174175E-01
82  6 1.26249508E-01 1.41294509E-01 3.32443934E+00-4.25348151E-01-5.55116531E-01
82  7 1.00681803E+00 1.81374247E-02-6.17513033E-02 3.32536478E-02 9.96526895E-02
82  8-9.38118903E-02-1.13734680E-01-1.56547624E-01-2.69041363E-01 2.67430424E-01
82  9-8.18870758E-01-1.02126862E-01 1.00976749E-01 1.30238868E-01 3.90039311E-02
82 10 2.24488379E-01-2.21219240E-02 7.33138265E-02-1.70064660E-01 5.91440633E-02
82 11 2.66881257E-01-3.90750440E-02-3.92259317E-02 7.93187246E-02-1.97713052E-03
82 12-1.26077134E-02 1.89391479E-01-4.59664469E-02-1.48465571E-01-3.96573150E-03
82 13-4.49628045E-01 1.39735718E-01 1.87017054E-01 5.37503138E-01 1.24279980E-02
82 14 2.58578099E-01-9.76937804E-02-1.33658567E-02 1.10066287E-01 6.30087239E-02
82 15 1.16436997E-01 1.76701221E-01-5.76394138E-02-9.79753133E-02-1.85653602E-01
82 16-4.22846337E-01 2.67302104E-01 8.21484195E-02-8.41895932E-02 1.34112218E-01
82 17-1.87685724E-01 1.20756734E-01-1.59341301E-01 2.06860295E-01 1.45623943E-01
82 18-4.20047862E-03-4.30108687E-01 1.30467329E-01 7.32066886E-03 2.35850091E-01
82 19-1.12716668E-01-2.22090739E-01 1.88664418E-01-6.23696504E-01 1.05931397E-01
82 20-8.92672090E-02-4.02899083E-01 5.10924497E-02-2.55811555E-01 7.92311111E-02
82 21 8.40291982E-02 4.44550757E-01-1.12129976E-01 9.79669566E-02 1.92808521E-01
83  1 8.31840842E-02 2.66241418E-01-9.24960891E-02-9.44652963E-02 7.40423550E-02
83  2 2.94843545E-02 5.22450697E-01 2.16780617E-02-2.86894383E-02 2.35468702E-02
83  3-1.45374055E+00-1.42265965E-01-5.26882099E-02 1.31377249E-01-5.90073237E-01
83  4-4.08541168E-02-5.68866074E-02 7.11452520E-02-5.99289709E-02-9.46777027E-01
83  5-5.97749856E-02 5.66796066E-02 1.34183758E-02 2.70215005E+00 3.94437464E-02
83  6 2.00792748E-01-5.00021679E-02 1.33462599E+00-1.72640706E-01 7.41592783E-02
83  7-1.06517459E-02 2.45343182E-02-1.15331539E-01 3.19575812E-01-6.93259266E-02
83  8-6.99372761E-02-9.49718323E-02-7.48357569E-01 3.26494288E-01 1.00215546E-01
83  9-1.21344247E+00-5.45629191E-02 2.77725866E-01 3.15171116E-02 1.20336252E-01
83 10 1.77556104E-01-2.17370297E-02 3.07279734E-02-2.70051568E-02 1.02791024E-01
83 11 2.91789611E-01-9.02920284E-02-3.66562608E-02 8.05481029E-02 2.15558094E-02
83 12-1.05109249E-01-1.63642664E-02 2.18058746E-02-2.26919075E-02-1.43105882E-01
83 13-5.47422237E-02-1.90294751E-01-1.90671731E-01-5.62285217E-01 4.70902753E-02
83 14-3.95752266E-03-1.85486236E-02 1.08219761E-02-6.26065885E-02-4.58182931E-02
83 15-7.35692885E-02-9.41370823E-02 4.68292899E-02 1.65893754E-01 1.75821580E-01
83 16 2.56321216E-01-2.83513142E-02-1.07738859E-01-3.90315153E-03-1.06444991E-01
83 17 1.58878380E-01-1.67495038E-01-6.21463831E-02-2.08623179E-01-9.81104784E-02
83 18 1.36334823E-01 2.27056858E-02-2.59071083E-01 6.89949619E-02-1.99992162E-01
83 19-4.49803519E-02 9.25777976E-02-5.16577990E-02 1.00366112E-01-4.60135868E-02
83 20-2.29918437E-01-4.65598616E-01-4.08305005E-03-3.40891375E-02 2.92542441E-01
83 21 1.33520082E-01-2.20136331E-02 5.72841921E-01 4.90464261E-02 2.47524446E-01
84  1 8.60093868E-02 1.49279039E-01-2.90310914E-02-2.73741038E-02-2.20737917E-03
84  2 3.25682621E-02 3.73914032E-01 1.32754559E-02-9.02578289E-02 6.57677287E-02
84  3-1.41099800E+00-8.88193025E-02-1.27214210E-01 2.68241632E-01-1.35273737E-01
84  4 6.38236639E-02 2.38494915E-02 5.65786665E-02-7.21495882E-02-9.82799811E-01
84  5 3.73148512E-02-2.22896303E-02-7.19906470E-02 2.93006386E+00-4.94342189E-01
84  6-1.07010300E-02-1.57166319E-03 1.04217452E+00-1.78030845E-01 1.80926894E-01
84  7-3.18397399E-01 2.68321728E-02-1.95062346E-01-5.59219628E-02-1.54295142E-01
84  8-9.86867640E-02-4.66078412E-02 4.43424087E-02 6.59087585E-01 1.58233205E-01
84  9-9.77898845E-01-1.28184521E-01 9.37251045E-02-1.29147451E-03 1.27177671E-01
84 10 1.08884227E-01 1.77252844E-02-1.67414045E-01 1.63734641E-01 8.27990140E-02
84 11 2.32485215E-01 1.02674597E-02-4.71565002E-02-1.35923454E-01 2.16851127E-02
84 12-1.08932957E-01-2.81791672E-02 8.41034079E-03 2.67968242E-01-9.23193297E-02
84 13 4.48960402E-02-1.15430857E-01-7.68045743E-01-1.12299765E+00-7.36757439E-02
84 14-2.36505528E-01-7.94572370E-02 4.98001638E-03-8.73772057E-02-7.06497139E-02
84 15-6.74295661E-02-7.59506792E-02 1.52260554E-01 9.91115223E-02 1.46470314E-01
84 16 1.72468944E-01-2.20358392E-02-4.20101314E-02-9.82190569E-02 3.75080683E-02
84 17 3.60883507E-02 1.91211351E-02-4.61693104E-02-2.15095824E-01-1.51484096E-01
84 18 1.97571434E-01-1.68844233E-01-5.28299569E-02-3.08284212E-02-1.40206321E-01
84 19 2.18856235E-02-3.50399099E-04 1.90155303E-03-7.22619471E-02 3.50087814E-01
84 20-1.63837915E-01-1.66045641E-01 8.48634429E-02-2.98112191E-01-1.21523353E-01
84 21-3.09776922E-02-1.13386395E-01-3.42849433E-01-2.28939731E-01-4.00134676E-01
85  1 9.56703722E-02 2.70561158E-01 6.75707252E-02 1.53250888E-01-1.93815733E-02
85  2 2.89463146E-02 4.70748325E-01 1.20265785E-02 1.15388586E-02 7.58937019E-02
85  3-1.44254623E+00-4.45031965E-02-1.75555390E-01 1.46459433E-01-1.93269400E+00
85  4-8.35041046E-02-2.58358193E-01 4.06423646E-01-5.25080321E-02-8.84159947E-01
85  5 1.02787713E-01 7.16662636E-02 3.73045096E-02 2.43570694E+00-4.78183734E-01
85  6-3.25719133E-01-2.94900572E-01 2.54734804E+00-3.39613850E-01-3.85689489E-01
85  7 1.80242703E-01 1.65318287E-02-4.10197406E-02-3.55847514E-02-1.91231319E-02
85  8-6.34155305E-02-1.77430503E-01-4.72943863E-03 2.00072967E-01 1.95730393E-01
85  9-6.84240027E-01-1.35368691E-01 3.40086970E-02 1.54927936E-01 9.92221862E-02
85 10 2.08478716E-01 8.48026807E-03-1.16145122E-01 2.66753753E-01 8.96360909E-02
85 11 1.97535059E-01-4.13162247E-02-1.55672730E-02 1.34322433E-01 2.59720291E-02
85 12-1.64690306E-01-1.00347294E-01 6.55439154E-02 6.17912394E-02-4.88027244E-02
85 13 1.62212168E-01-2.45193254E-01-3.60778848E-01-1.52735261E+00-1.21314631E-01
85 14-3.68747850E-01-1.80169863E-01-3.31812617E-03 4.35502826E-02 1.24613844E-01
85 15 1.38043346E-01 1.50474252E-01-1.65810834E-01-2.94686600E-01-3.15406611E-01
85 16-3.30932216E-01 3.38682149E-01-3.40216071E-03-1.38579588E-01 2.78828622E-01
85 17-1.37780585E-01 8.34540715E-02 3.61615512E-01 4.46208168E-01 1.81295147E-01
85 18-2.54823429E-01 2.28860723E-01 1.39796390E-01 8.69437656E-03 2.92247034E-01
85 19 5.05144601E-02 6.45248966E-02-8.22000298E-02 2.28080732E-01-2.11845978E-01
85 20-1.11997024E-01-1.17712935E-02 1.79930281E-02 1.02767924E-01 2.94486401E-01
85 21 4.30354407E-02 1.31266667E-01-1.35035706E-01-7.11511502E-02-3.09019309E-02
86  1-1.27566602E-01-2.03969562E-01-1.09595379E-01-6.57050100E-02-2.83983866E-02
86  2-2.50446908E-02-3.87156853E-01 2.14950988E-02-5.96277901E-02-6.04169722E-02
86  3 1.12865751E+00 1.18000482E-01 2.33025993E-01-3.57277692E-02-4.85395593E-01
86  4-3.06855290E-02-8.73776385E-02 5.39378342E-02 1.21471634E-02 5.41451404E-01
86  5-5.82353505E-02 6.30609414E-02-4.62451297E-02-1.01355036E+00-2.06624489E-01
86  6 5.59163449E-01-9.16850127E-02 4.94035919E-01-2.74364126E-01 4.08911021E-02
86  7 4.02691799E-01 9.82308861E-03-1.72249821E-01 1.80104755E-01-2.78002384E-01
86  8-8.68057909E-02 2.54974306E-01-3.60531229E-01 5.98575671E-01 9.82520499E-02
86  9-6.35450742E-01 1.08343145E-01 6.43849593E-02-1.15372389E-01-3.29887293E-02
86 10-1.78690973E-01-2.11003175E-02-3.59289271E-02-9.00871211E-02-1.01256107E-01
86 11-3.81963024E-02 1.88507837E-02-9.94402073E-03-2.74769890E-01-1.22410179E-02
86 12 1.52381202E-01 1.52502704E-02-1.53487386E-02 1.82705176E-02-1.37496645E-01
86 13 4.72817128E-02 2.79590827E-02 7.70141371E-02 6.21869353E-01 1.33491325E-01
86 14 1.09381273E-01 9.67179388E-02-5.26305604E-03-2.26050508E-03 7.30170964E-02
86 15 1.36171601E-01 1.32544995E-01 8.13080185E-02-2.17173171E-01-3.42689190E-01
86 16-1.90610043E-01 3.84682165E-01-4.23918413E-02-2.85953389E-02 6.50786178E-02
86 17 9.02678227E-03-1.39182829E-01 2.93450463E-01 3.53979738E-01 8.95572572E-02
86 18-1.10030380E-01-3.85591268E-01 1.24026982E-01 1.97751080E-02-2.23326176E-01
86 19 7.07681726E-03 2.49989537E-02 3.08230767E-02 1.43209427E-02 9.14479850E-02
86 20 8.32101208E-02 1.90512428E-01 4.52766689E-03-4.40863087E-01 1.35736470E-01
86 21-7.23763898E-02-1.78759060E-01 3.71467117E-01-3.19737548E-01-1.82208923E-01
87  1-1.47946862E-02-3.49399790E-02 8.17972085E-02-2.34157509E-01-2.29921873E-02
87  2 9.91869897E-03 6.69141542E-02 4.10984957E-02-1.03831684E-01-3.81112159E-02
87  3-3.52644311E-01-1.03622541E-01 4.45401310E-02 2.02761313E-01 9.11484836E-01
87  4 1.04661997E-01 7.64832528E-02-2.39741827E-01-2.46733985E-03-2.65989318E-01
87  5 1.21821607E-01-5.21273280E-02 2.93315406E-02 4.30816095E-01-3.62723073E-01
87  6 1.78087911E-01 3.25710403E-01-9.09186990E-01 7.63669575E-02 3.56120965E-01
87  7-1.44751661E-01 3.42323564E-03-6.99682722E-02-9.99490034E-02-9.50524824E-03
87  8 1.26995154E-01-2.91565926E-03 1.84299021E-01 1.44387218E-01-3.32368419E-01
87  9-1.78275436E-01-1.19039976E-01-3.00122397E-02 6.46948955E-02-2.05934534E-03
87 10 6.18371176E-03 8.05586202E-02-2.30021531E-01-4.01333517E-02 9.63915259E-02
87 11 2.16141165E-02 1.80830992E-01-3.52015661E-02-2.67470485E-01-8.56838459E-03
87 12 1.28095618E-01-5.77143198E-02 4.79806619E-02-1.59519561E-01-1.31111538E-01
87 13 2.08013852E-01-4.54997138E-02 3.70854113E-01 3.16026385E-02 1.38570878E-01
87 14-6.51651035E-02-1.02951759E-02 7.68507663E-03-7.51957155E-03-9.41065874E-02
87 15 8.89507231E-02-1.12775297E-01-1.23577477E-01 3.12151918E-01-2.90480513E-01
87 16 2.71092152E-01-2.07808876E-01-3.62145187E-02 1.21791331E-01-7.56840424E-03
87 17 2.09785615E-01 5.53506031E-02-1.49311273E-01 2.65625891E-01 2.37325749E-01
87 18-2.27327713E-01 4.36400807E-01-4.98494434E-01 1.21882452E-01-1.40741788E-01
87 19 4.71515359E-02 2.23396543E-01 2.31662151E-02 1.28615385E-01-3.91427354E-01
87 20 3.80228409E-02 9.93815684E-02 7.78556299E-02-2.33257330E-01-2.33925429E-01
87 21-1.55122092E-01-2.50520878E-02-1.34673463E-01 2.32093819E-01 4.70774048E-02
88  1-1.20671290E-03 4.61695114E-02-1.27277969E-01-1.18509488E-01 4.70590137E-02
88  2 2.60717370E-03 4.02461279E-02-5.82935355E-02-1.57252326E-02-2.29728225E-03
88  3-1.22145674E-01 5.48241040E-02 8.59975130E-03-2.19598136E-02-1.39875317E+00
88  4-1.32028231E-01-1.85671300E-01 3.62967050E-01-1.94700118E-02-8.43162962E-02
88  5-1.57745100E-01-1.01586745E-01-1.60660819E-01 6.15564355E-01 4.36209299E-01
88  6-9.90098163E-02-3.71183990E-02 1.52862866E+00-5.82992689E-02-4.56928344E-01
88  7 8.40771209E-02-4.21511941E-03 1.10241673E-01 6.31410963E-02 1.74504717E-01
88  8 1.32453696E-01-1.83304164E-01-1.51311265E-01-3.68723545E-01-1.71263407E-01
88  9 1.66705427E-01-1.62029511E-02-3.98179122E-02 1.86797212E-01 4.11774096E-02
88 10 7.68859766E-02-6.21176687E-02 3.70247000E-02-1.52424518E-01-6.18213664E-04
88 11 3.79001991E-02-1.48525223E-01-9.60849164E-02 3.36423626E-02-7.41340496E-03
88 12-3.68465324E-02-2.67702707E-02 1.27816717E-01 2.67858580E-01 2.25992418E-01
88 13-7.19994173E-02-3.04343096E-01-6.14682514E-01-1.04049883E+00-5.80135828E-02
88 14-1.68337691E-01-8.29741163E-02-3.63155742E-03 7.06957093E-02-1.42443412E-02
88 15 9.80376650E-02 5.55522696E-02-1.37266830E-01 8.29985540E-02-3.05113712E-01
88 16-1.06087186E-01 1.65377827E-01-4.38962472E-02-3.89868838E-02 5.53457905E-02
88 17 2.73307654E-02 2.04989529E-02-3.02338884E-02 2.91914689E-01 2.28781668E-01
88 18-1.49646298E-01 1.21903656E-01-1.80961497E-01 1.00219451E-02 1.06540595E-01
88 19-1.31908410E-01 2.31167765E-01-2.77481710E-01 3.16813939E-01 6.75425601E-01
88 20-1.07811120E-01-2.26773352E-01-6.63628890E-02 8.27138065E-02-2.49121752E-01
88 21-2.38579894E-02 2.96037384E-01 3.63567302E-02 8.34380832E-02 1.61474027E-01
89  1-5.92349027E-02-3.95218386E-02-1.28905272E-01-2.49934904E-01-7.96887261E-02
89  2 1.54955042E-02 1.42486820E-01-6.48812522E-02-1.64838103E-01-9.49362681E-02
89  3-6.22367433E-01 8.97978496E-02 1.26779486E-01 3.92850782E-01 2.47077227E-01
89  4-3.06704599E-02 8.75531620E-02-5.16726683E-02-1.89607960E-02-3.55067079E-01
89  5 3.77103296E-02-1.10843509E-02-1.63051973E-02 8.89608502E-01-2.28299047E-01
89  6 2.55550113E-03 3.05447522E-01-4.62720873E-01 1.71353009E-01-1.20266067E-01
89  7-6.25585263E-02-2.92919386E-03-4.64051084E-03-1.78728921E-02-4.12557416E-02
89  8 1.81564011E-01 2.86927953E-02 1.97436742E-02 2.38008525E-01-4.79811147E-01
89  9 3.60966050E-01-9.30890915E-03 8.48328748E-02 2.26628916E-02 9.58011196E-02
89 10 8.20750265E-02-5.88602838E-02-2.06092511E-01-1.81443535E-01 9.77690032E-02
89 11 7.29752998E-02-7.15796198E-02-1.58043638E-01-2.63665402E-01-4.49363657E-03
89 12 3.85835741E-02 1.48251483E-02 1.30144380E-01-8.81173493E-02-4.54699875E-03
89 13 1.66513035E-02-2.29300803E-01 1.33779330E-01-1.25744306E-01-1.41729545E-01
89 14-8.45227541E-02 5.12250767E-03 6.67884101E-03 4.76422802E-03 1.79385695E-01
89 15-8.87761233E-02-5.94222102E-02-1.78684620E-01-4.38650197E-01 2.82798596E-01
89 16 1.25340008E-01 1.69485557E-01 1.24071512E-02-5.25604513E-02 1.71713308E-01
89 17-8.38604906E-02 6.66961012E-02 4.22300793E-01-2.62662223E-01-1.95255126E-01
89 18-2.02474670E-02 3.44475343E-01 4.41630142E-01-6.30694248E-02 2.43085762E-01
89 19-1.34741293E-02-3.99396801E-02-4.05085617E-02 1.23416288E-01-1.21474869E-01
89 20-3.28660948E-02-1.37742240E-02 2.26533377E-02-8.05647351E-02-3.49900517E-01
89 21-6.96366984E-03-6.71465653E-01 1.17877723E-01 2.42063071E-01 1.07249743E-01
90  1-1.41347465E-01-4.87732680E-03-5.60729924E-01 1.71164428E-01-1.69549593E-01
90  2 2.68457566E-04 2.86836659E-02-3.72184851E-01 5.67563560E-02-1.09119799E-01
90  3-5.10590217E-02 9.40124267E-01-9.30330247E-02 2.88514627E-01 7.25536315E-01
90  4-4.23646726E-03 7.41817288E-02-1.77044528E-01 9.65698846E-03 1.61909391E-02
90  5 1.66545926E-01 1.55591135E-02 9.31828753E-02-2.48408880E-01-7.33636337E-01
90  6-1.24259709E-01-2.78692385E-01-7.16512829E-01 9.93422718E-02 2.47359939E-01
90  7-2.09505565E-01 4.20982635E-03-1.49764428E-02-9.28213928E-02 3.19799819E-02
90  8-1.19725140E-01-8.46869697E-02 2.18791382E-01-3.03954930E-02 2.53206887E-01
90  9 9.96876150E-02-2.43710147E-02-9.40310126E-02-3.09916028E-02 2.93918811E-01
90 10 1.08528024E-01-4.42415840E-01-1.22412917E-02-8.58463419E-02-1.41547156E-01
90 11-5.62671824E-02-5.64688880E-01-6.96647861E-03-2.38129422E-01 8.59175307E-03
90 12-5.51460347E-02-1.10474636E-01-3.42435114E-02-6.52382875E-02-6.81501397E-02
90 13 2.31944068E-01 5.13204723E-02 8.46969264E-02-2.08378310E-01 7.77385798E-02
90 14-7.73947744E-02-4.20494935E-02 1.23967126E-03-3.10841574E-02-5.58690645E-02
90 15 1.19944215E-02-2.26056851E-02 5.29443021E-02 1.27580721E-01-5.05329131E-02
90 16 4.01005400E-02-1.35648461E-01-1.63444169E-02 3.17546974E-02-5.24122318E-02
90 17 4.34035115E-02-1.33944115E-02-8.46493319E-02 5.91241807E-02 3.57927524E-02
90 18-2.66686811E-02 6.66681830E-02-1.25208025E-01 1.87875118E-02-7.62223813E-02
90 19 3.86904066E-02 1.47485215E-01 3.17484353E-02-8.59922221E-02-1.70803528E-01
90 20 1.79347169E-01 3.10381329E-01 3.33368245E-02 1.47946430E-01 3.78367165E-02
90 21 2.89057710E-02 1.13071804E-01-1.37928672E-01-1.57155860E-02-5.72364820E-02
91  1 2.55882655E-01 5.95362179E-02-1.46937508E-01 2.41798595E-01 2.75836200E-01
91  2 2.27800874E-02 1.97511987E-01-7.48572971E-02 2.13452561E-01 2.16804614E-01
91  3-9.39568842E-01 5.14365658E-02-7.91444194E-01-1.60082836E-01-1.55784844E-01
91  4-9.01883860E-02 6.61199686E-02 3.21709630E-02-1.50882409E-02-3.17969504E-01
91  5 4.24586556E-02-8.97667512E-02-1.09424685E-01 7.56809210E-01-3.53682091E-01
91  6 2.52960155E-01 9.81086261E-01-4.09953522E-01 1.73493977E-01-1.79265626E-01
91  7 2.72684135E-01-5.37903197E-04-5.61296094E-02 5.21126906E-03 5.67907163E-02
91  8 3.84304278E-02 2.64062855E-02-1.10323142E-02 1.43925931E-01-3.36288235E-01
91  9 2.86235069E-02-1.21057271E-01 1.41378817E-01 1.05300435E-01 6.84639809E-02
91 10 7.46694895E-02-7.01583802E-02 3.67113329E-01 2.67812872E-01-1.35520804E-01
91 11-2.38716345E-04 8.30670540E-03 3.42640583E-01 1.66010494E-01-8.18605755E-03
91 12 2.03676609E-01-1.38601000E-02-1.03405128E-01 5.93859765E-02-1.90456240E-01
91 13 2.62817958E-01 3.16634668E-01 1.71907222E-02 8.37933378E-01-9.67260643E-02
91 14 9.18641669E-02 1.25580173E-01-4.24026163E-03 5.14654671E-02 7.01531057E-02
91 15 9.38756055E-02-1.20992401E-01-5.52683040E-02-1.96129412E-01-3.64031917E-01
91 16 3.41406625E-01 5.24631799E-01-4.10636411E-02-9.17064125E-02 1.64938231E-01
91 17 1.67931060E-01 5.34942103E-02 2.86123841E-01 1.20968527E-01 1.47727670E-02
91 18-1.03611264E-01-3.64986050E-01 7.89368526E-02-5.67252253E-02-3.36138514E-01
91 19 1.98107569E-01-8.42702309E-02 1.79460887E-01-8.84163014E-02-4.42377711E-02
91 20 5.63178664E-03 1.11893606E-02-2.25705801E-04-1.26334253E-01-4.85967567E-01
91 21-2.02847253E-02-4.71943820E-01 1.02420056E-01 2.60582649E-01 1.29264642E-02
92  1-8.00680949E-02 1.43560476E-02 1.45032263E-01-1.10006974E-01-1.83356719E-01
92  2 1.63557872E-02 1.22435176E-01 7.02387718E-02-1.82316756E-01-7.12553609E-02
92  3-6.15646772E-01-2.32360297E-01 2.50382413E-01 4.64538575E-01-1.92288887E-01
92  4-8.99748125E-02-1.70730534E-02-1.49372812E-02-1.00901397E-02-2.02106666E-01
92  5-4.93578853E-02 8.56615382E-02 4.13931670E-02 4.37700381E-01 1.14987959E-01
92  6-8.90437155E-01-3.99136654E-02-4.50059467E-01 2.08792009E-01-2.85027262E-01
92  7 2.71377587E-01-3.08250495E-02 2.61470035E-01-8.54459959E-02-3.70630233E-03
92  8-2.15887314E-02 1.11429754E-02 2.89659944E-01-2.76105882E-02-8.85768281E-02
92  9 1.04889334E+00 6.01082069E-02-3.10227005E-02-1.59137377E-01 1.17530149E-02
92 10 1.81838467E-02 1.11577199E-01-2.01838346E-01-1.69051084E-01 1.83798865E-01
92 11 4.45531431E-03 1.69702722E-02-2.59732626E-01-3.66725543E-02 2.06683397E-02
92 12-1.05635063E-01 2.10608243E-02-2.05655223E-01 1.24493096E-01-1.55682341E-01
92 13-4.32806388E-02 4.04717360E-01-3.71737845E-01 2.41665796E-01-1.42411801E-01
92 14-8.33878242E-02 1.74212483E-02-9.82163937E-03 9.12885825E-02 6.05796794E-02
92 15 1.16396367E-01-1.67075037E-01-1.01528537E-02-1.95096465E-01-4.49458380E-01
92 16 4.57722674E-01 5.73966974E-01-2.60587890E-03-1.66046524E-01 4.63648052E-02
92 17 2.43372511E-01 1.86424304E-02 2.62486200E-01 1.79885882E-01 6.48919101E-03
92 18-3.14244180E-02-6.30626822E-01 9.18156321E-02-6.73681837E-02-5.89413055E-01
92 19 5.82585634E-02-1.62719210E-01 1.58097579E-01-2.84563494E-01 1.32314857E-01
92 20-3.15022436E-02-6.29120318E-02-1.18944810E-01 4.54128003E-01 7.46307223E-02
92 21 8.34880468E-02-6.04648166E-01-3.51099626E-02 1.70352631E-01-1.84778603E-02
93  1 8.96996855E-02-1.73120528E-02-5.18013343E-02-2.02016351E-01 1.26861990E-01
93  2 1.61042667E-02 2.29045325E-01-2.38040447E-02-1.64712991E-01 7.34486779E-02
93  3-1.10609906E+00-8.65936612E-02 1.41799094E-02 1.45263680E-01 1.17331547E+00
93  4 1.83722413E-01 5.22130635E-02-2.38346147E-01-8.72914445E-03-3.28774370E-02
93  5 9.79334107E-02 2.48013290E-01-1.61044589E-01 2.39970684E-01-3.68071492E-01
93  6-6.89802849E-01 1.03585918E+00-1.13037897E+00 7.15594501E-03 5.82722193E-01
93  7-2.60532568E-01-7.34644711E-03-5.74162171E-02 3.13626489E-02-1.38276375E-01
93  8 4.90103493E-02 2.03829173E-01-1.59722703E-02 3.91169918E-01-2.29148859E-01
93  9-7.01064186E-01-1.05787261E-01-1.49633587E-01 2.37232674E-01 6.15738259E-02
93 10 4.12396097E-02-3.28127128E-02-1.57740646E-01 1.61850124E-01 1.36573173E-01
93 11-1.38007745E-02-1.58155825E-02-2.06580576E-01 1.81742815E-01-6.83836498E-03
93 12 1.20417045E-01 3.77051572E-04-1.61251526E-01-1.58745099E-02-9.60775123E-02
93 13 1.24075215E-01 4.83233815E-01 8.74308484E-02 6.61570332E-01 4.73970793E-02
93 14 5.54066444E-03 1.42604490E-01-8.06915252E-03-5.92903410E-02-8.91589553E-02
93 15-1.10055119E-02 1.36094507E-01 2.08794331E-01 1.48405163E-01-1.17704981E-01
93 16-3.48209657E-01-1.37007109E-02-4.48271958E-02-2.50765097E-02 5.68207811E-02
93 17-1.33894403E-01 1.74221138E-02-1.39355840E-01 9.25116115E-02 7.83042164E-02
93 18-3.86623595E-02-2.05318049E-01-1.02419710E-01-1.19201897E-01 2.09038034E-01
93 19 1.22633014E-01-6.28376819E-02 1.30443925E-01-1.64789442E-01-1.40369003E-01
93 20 4.53214646E-02 1.56122578E-01 3.95860585E-02 4.05466755E-01-4.70874832E-01
93 21-3.07975333E-01 6.23589930E-01 3.95705870E-01-4.03855323E-01-2.68260923E-01
94  1 8.37991743E-02 1.61325238E-01 2.07631677E-01 3.66996142E-01-3.92152348E-01
94  2 7.74900439E-02 5.64896544E-01 3.02602601E-02 6.52340070E-02-7.75320790E-02
94  3-2.50858124E+00-5.40354467E-01-9.35744095E-01 1.25029200E+00 2.28089693E-01
94  4 1.39602576E-01 1.05660736E-01-1.94818784E-01-6.80509706E-02-7.03107313E-01
94  5-5.94203408E-02-2.93415986E-02 8.41984842E-02 2.85927352E+00-3.86757116E-01
94  6-7.00235537E-01 8.28661483E-01 3.92274893E-02-8.39070011E-02 2.31029920E-01
94  7-1.57270983E-01 4.45364382E-03-5.61861285E-02 5.38327308E-02 6.40811347E-02
94  8-9.29479912E-02-2.17028101E-02-1.35690982E-01 1.29501042E-01 6.71419688E-02
94  9-8.65621718E-01-1.71086417E-01 5.40038673E-02 1.90242205E-01 7.34288299E-02
94 10 1.75251244E-01 1.27821373E-01 3.32936159E-01-4.62099058E-01 9.73972250E-02
94 11 1.86065214E-01 1.95374827E-01 3.09055578E-01-4.44208979E-01 6.50847725E-03
94 12-4.89817094E-02-1.02483511E-03-4.03949570E-02-3.81495793E-02-4.28657689E-02
94 13-4.10655992E-02 8.02520854E-02-1.29746531E-01-3.11343974E-01-2.79725257E-02
94 14-9.05239353E-02-5.37186257E-02 1.17763716E-03-1.22967758E-01-3.63171974E-02
94 15 9.05463388E-04 7.12552323E-02 1.83093664E-01 5.08288281E-02-8.30150881E-02
94 16-1.96015421E-01-3.52967937E-02-1.74763492E-02-4.20222817E-02 9.03920315E-02
94 17-1.00088418E-01 4.83398499E-02-4.12014962E-02 6.96257276E-02 5.38007139E-02
94 18-6.46915976E-02 2.28567530E-02-4.74583606E-02-7.61620515E-02 1.83303822E-01
94 19-2.24351968E-02 1.49169369E-02-1.42568855E-02-9.31207411E-02 2.18314299E-03
94 20-1.90321079E-01 4.01862893E-02-1.15904657E-01 1.81305961E-01-2.14532897E-01
94 21-4.39913322E-02 4.13786923E-01 1.76289939E-01-1.07873725E-01-1.64712359E-01
95  1-8.42148108E-03-2.78928520E-01-8.69417710E-02 1.86338221E-01 2.41938380E-01
95  2 2.63410144E-03 6.61095208E-03 2.32498273E-01-5.78235572E-03 1.12653336E-01
95  3-7.01120527E-02 2.59374838E-01-5.14229279E-02 2.16999918E-01-1.86734130E+00
95  4-2.12136669E-02-2.33921422E-01 4.18372317E-01-5.00758941E-02 1.48786836E-01
95  5 4.33954601E-01 3.97666646E-02 4.29301007E-02 7.85489605E-01 1.71447396E-01
95  6 6.78718126E-02-7.82589311E-02 2.49951495E+00-3.54483326E-01-4.09017035E-01
95  7 3.16104682E-01 6.62426514E-03-2.08047077E-01 6.67412566E-02 5.02034300E-02
95  8-6.27148447E-02 3.14425847E-01-1.27174715E-01 2.75270707E-02-9.69687090E-03
95  9-3.65215477E-01 1.08613597E-01 1.01544161E-01-3.80735223E-02-1.65390818E-02
95 10 4.71275572E-01 4.40000665E-01 1.33825431E-01-1.27005523E-01-6.42477837E-03
95 11-1.86437089E-01-5.61917228E-02-2.27237582E-01-1.24232127E-01 6.84419923E-03
95 12-2.60965541E-01-6.96586435E-02-1.16281226E-02-2.96135860E-03 3.82604326E-01
95 13-1.25196345E-01-1.00547562E-01-7.65528319E-02-5.49288096E-01 4.97635084E-02
95 14 9.12358992E-03-1.89170784E-02 1.38082245E-03-3.78088687E-02 1.73360405E-02
95 15 3.93304707E-02-1.45890871E-02 4.47873453E-02-5.52015632E-02-4.18435782E-02
95 16 6.21007998E-03 1.00701285E-01-1.67081480E-03-5.72892034E-02 6.16748745E-02
95 17-9.15600225E-03 4.36232789E-03 3.47512806E-02 3.32984111E-02-3.31676464E-02
95 18-4.76274689E-03-8.99737132E-02 1.75874865E-02 2.64320754E-02-1.76612013E-02
95 19-1.03501171E-01-6.52188819E-02-1.92681971E-01-5.75316551E-02 2.80285874E-02
95 20 2.58088279E-02-8.95371776E-01 9.63827435E-01 1.56421153E-01-1.00108422E-02
95 21 2.68355003E-02-2.76901795E-01 4.33951972E-02 1.29967485E-01-7.71241347E-02
96  1 8.64926596E-02 8.52183950E-01-1.63459176E-01-1.83922655E-01-7.65612205E-01
96  2 4.30057983E-04 3.44537509E-03-1.24303639E-01-3.19000341E-01-3.02025091E-01
96  3 1.10665180E-03-2.38996381E-01-6.43383878E-01-5.45170481E-01-1.06836281E+00
96  4-1.38366128E-01-2.64178256E-01 6.51640237E-02-1.74660893E-02 4.35046651E-02
96  5 1.36027750E-01-3.83765984E-02-1.07623459E-02 2.93333344E-01 2.22115387E-01
96  6 2.94876652E-01 1.95390620E-01 1.22627094E+00-9.22434272E-02-2.53412192E-01
96  7 3.59843220E-01 3.09338478E-03-1.38292194E-01 6.31771884E-02 1.12947333E-01
96  8-6.51413565E-02 1.94809094E-01-1.20879753E-01-1.03161857E-01-5.40837120E-03
96  9-2.46756712E-01-5.91445281E-02 1.07437208E-01 5.26066209E-03-4.50562783E-02
96 10-3.22957639E-01-3.76633453E-01 3.24765058E-01 2.47364395E-01-5.52480924E-02
96 11-5.17712535E-01 4.77176725E-01-2.96438531E-01 2.51492061E-01 4.82320773E-04
96 12-2.85425720E-03 1.55475004E-02 1.60255374E-03 5.02188277E-02 5.00846246E-02
96 13 1.05204369E-02 1.16510755E-02-4.37424320E-02-3.49022601E-02 5.14477757E-02
96 14 1.40414095E-01-2.15781163E-02-2.46994520E-03 1.15712914E-02 3.03864189E-03
96 15 1.65196447E-02 8.53879226E-03 1.13118252E-02-1.64521997E-02-4.60218711E-02
96 16-1.82690824E-02 1.16790278E-01-4.01878177E-03-1.90307431E-02 4.50013971E-02
96 17-7.10882060E-03 9.03290980E-03 7.50744551E-03 1.30540445E-02-6.97305709E-03
96 18 2.45571179E-03-1.27151292E-01-8.50737291E-03-6.42175519E-03-9.75613048E-03
96 19 2.65913355E-02 2.58483438E-02 3.22781986E-02 3.57832183E-02 3.39638001E-02
96 20-4.07198000E-02-3.63730298E-01 3.31784768E-01-5.91390743E-02-2.94681608E-02
96 21 2.40636300E-02-1.12535277E-01 5.79678568E-02 1.42225733E-01-6.55984261E-02
97  1 1.36041257E-02-3.21072022E-02 4.35032657E-01-2.18663565E-01 1.36767063E-03
97  2 1.69672646E-03 3.39971144E-03-3.78627259E-01 1.70405170E-01 1.96165480E-02
97  3-1.22529428E-01-8.62661519E-01 3.36611262E-01 6.62920137E-02-1.65296363E+00
97  4-2.82632116E-01-1.05279735E-01 2.87134018E-01-3.24685329E-02 3.75914343E-02
97  5 1.89827508E-01 8.22803838E-02 5.58342684E-03 6.06980876E-01 4.51549120E-01
97  6-2.26061645E-01 8.48867341E-02 1.98315792E+00-1.66213661E-01-5.31882986E-01
97  7 4.88131289E-01-8.11269794E-04-2.26674094E-02 3.78536741E-02-6.84663028E-02
97  8 7.38899996E-02 1.18854331E-01-8.90098956E-02 9.94264537E-02-1.50748879E-01
97  9 8.84279298E-04 9.89109911E-02 1.73196625E-02-1.56247668E-01-1.04180106E-01
97 10-7.29166215E-01-6.07626836E-01-3.10282014E-01-1.14266722E-01 9.06898560E-02
97 11 6.87429941E-01-2.77451083E-02 6.73072303E-01 7.14210955E-02-3.52521878E-03
97 12-1.90685124E-01-7.22668610E-02-6.38947502E-02 1.97684756E-02 3.99573870E-01
97 13-1.88101391E-01 7.29714358E-03-1.09392219E-01-4.99373659E-01-7.42899401E-03
97 14 1.96360392E-02-1.32995687E-01-3.78209271E-03 5.77136181E-02 2.21553973E-02
97 15 2.96719200E-02-3.00798423E-02-5.81396154E-02-6.07681504E-02-5.41145070E-02
97 16 4.65469025E-02 1.88494386E-01 2.54634965E-02-5.89249254E-02 4.42987382E-02
97 17 1.88050282E-02 1.41088392E-02 2.75849686E-02 2.11149122E-02-3.04898125E-02
97 18 2.25458497E-02-1.46380709E-01 3.24876701E-02-6.05698625E-04-4.80431258E-02
97 19-1.25788985E-01-7.23834897E-02-2.44256887E-01-1.20552624E-01 8.31911060E-02
97 20-1.00901942E-01-5.43263796E-01 4.74212503E-01 1.10660346E-01 1.37668538E-02
97 21-2.25235731E-02-1.87632440E-01 5.41294691E-02-2.35570818E-02 3.22112930E-02
98  1 2.21063389E-02 4.82704171E-02-1.66624874E-02 2.36621127E-02-3.43525798E-02
98  2 7.86984627E-03 8.23668093E-02 7.34501999E-03-1.51481020E-02-4.18764369E-03
98  3-3.31269365E-01 7.71666108E-03-1.52507747E-01 9.59184697E-02 6.50999370E-01
98  4 8.13234345E-02 6.37722710E-02-7.90721664E-02-2.95618261E-03-1.43114284E-02
98  5-2.32729063E-02 2.52240886E-02-2.62396547E-02 1.14342550E-01-1.39202809E-01
98  6-1.29730115E-01 1.76659198E-01-5.80597343E-01 8.18538835E-02 2.87605018E-01
98  7-3.51117161E-01 1.04176096E-02-4.10209788E-04-2.10604559E-02-5.73809704E-02
98  8 6.26938308E-02-1.49277422E-01-1.74365754E-02 1.56224626E-02 1.37721272E-02
98  9-5.23751550E-02-1.43742635E-02-1.08943105E-01 9.01107792E-02 2.16487039E-02
98 10 4.17216750E-02 1.24339471E-02 3.40848792E-02 7.73351802E-03 7.10803824E-03
98 11-4.78450466E-02 2.91235080E-02-3.15244082E-02-3.11270042E-03-5.33558893E-03
98 12 4.66052642E-02-6.25455267E-02-5.60732028E-02 4.65962896E-02 2.13873547E-02
98 13 3.03256238E-02 5.64367587E-02-6.39071200E-02-3.34630571E-02-4.04463563E-02
98 14-1.23410707E-01 1.26469821E-01 1.59266929E-03-4.50924246E-02-3.82682728E-02
98 15 4.74621381E-01-3.11692425E-01 9.34352547E-02 1.68918471E-02 3.32457044E-01
98 16-1.25855474E-01-1.96015121E-01-2.81935585E-02 2.78891979E-01-2.42255410E-01
98 17-3.75386293E-03-7.49594640E-01-2.49581368E-01 2.92793725E-01-7.63931159E-01
98 18-3.59224440E-02 8.65749566E-01 1.82795131E-01 7.86888210E-01 1.65482792E-01
98 19 3.01724084E-02-8.11780419E-02-9.89248293E-02-4.07487289E-02-1.42232944E-02
98 20-1.33362432E-02 1.67015453E-01-6.92151906E-02 3.48472737E-02-8.05737772E-02
98 21-1.66694362E-03 2.89176348E-01-2.59021433E-03-1.47930147E-01 1.33341959E-01
99  1-1.55555581E-02-1.16189541E-01 7.70514134E-02-6.58487405E-03 4.09710901E-02
99  2 5.94679395E-03 2.41939527E-02-6.87282734E-02 4.16608150E-02 2.18743112E-02
99  3-1.18382417E-01-1.09936485E-01 1.52841029E-01 1.56855226E-01 9.36798441E-01
99  4 3.98982244E-02 1.63402694E-01-2.06924108E-01-2.86219661E-02 6.89071711E-03
99  5 4.62174188E-02-2.77056759E-02-6.24547010E-02 5.28057381E-01 1.54483252E-01
99  6-2.07837668E-01-1.44309150E-01-7.56207717E-01 1.17546024E-01 2.44054062E-01
99  7-2.53367163E-01-9.00627957E-03-1.34266961E-02 2.11882728E-02 5.45559043E-02
99  8-3.39611181E-02 1.54392788E-01 1.46332520E-02 7.56973087E-03-8.14684346E-02
99  9 3.93133441E-01 1.02226483E-01-9.12389225E-02-1.91891741E-01 3.24175720E-02
99 10-1.01084940E-01-6.50832235E-02-7.97543035E-02-6.46834103E-02 2.94463612E-02
99 11 2.16047428E-01-8.37313542E-02 1.23178897E-01-4.89150888E-02 6.37359120E-02
99 12 3.72540387E-02 4.50492821E-01 1.89938112E-01 9.22580878E-02-9.66699554E-01
99 13 2.91043814E-01 4.88898595E-02-1.96569560E-01-9.42285165E-01 4.21166306E-01
99 14-5.39708574E-02-9.98887495E-02 1.51861598E-02-2.44451793E-01-8.40266213E-03
99 15 6.31349454E-02-4.72758213E-03 2.39857317E-01 3.05236369E-02 8.85052995E-02
99 16-6.00422365E-02-2.58356947E-01-5.87669571E-02 1.22108466E-01-1.33328699E-01
99 17-2.69358886E-02-1.90585005E-01-2.85226180E-02 2.71046672E-02-5.92947190E-02
99 18-6.81092282E-02 3.71177738E-01-1.89817418E-02 1.65818371E-01 9.35171925E-02
99 19 6.26333140E-02 1.31624681E+00 1.09455287E+00 4.54261132E-01 1.44566220E-01
99 20-2.52510826E-02-3.35924717E-01 2.06149476E-01 1.01496417E-01 6.46351110E-02
99 21-7.39945026E-03-2.44104330E-01 5.48617283E-02 1.16327304E-01-1.44738477E-01
 0  1 5.44730862E-02 1.28610286E-01-3.14484609E-02 9.65740019E-02-8.33978079E-02
 0  2 1.89142361E-02 2.56983653E-01-9.59395969E-04-7.31309578E-03-1.98319034E-02
 0  3-8.35379013E-01-1.75084889E-02-4.82851791E-01 2.79122557E-01-1.75845526E+00
 0  4-5.53781467E-02-3.64541573E-01 3.04650863E-01-3.54765977E-02-5.80362627E-02
 0  5 5.14818827E-02 7.50686153E-02-3.14518209E-02 9.16299269E-01-1.49146611E-01
 0  6-1.40685846E-01 3.68123224E-01 1.97190897E+00-2.80649959E-01-1.44488780E-01
 0  7 4.03655801E-01 6.93679801E-02-7.76224573E-02-9.60599175E-02-2.73691093E-01
 0  8 3.22649054E-01-8.02893783E-01-2.13521464E-01-9.18797764E-02 3.04161260E-01
 0  9-9.07869500E-01-1.86941944E-01-1.56555192E-01 3.60513318E-01 4.87404122E-02
 0 10 1.06784180E-01-2.64493768E-03 1.31238849E-01-3.38387389E-02-1.03398017E-03
 0 11-1.15752302E-01 8.61362137E-02-5.09499959E-02-6.51819031E-02 1.55844205E-02
 0 12-3.88901304E-02 8.82134916E-02 2.42810421E-02 1.36075165E-02-1.34042509E-01
 0 13 7.74081195E-02 6.02373628E-02-6.78531696E-02-9.38457605E-02 4.97137548E-02
 0 14 2.44864304E-02 4.39983864E-02-6.64336278E-03 1.45519962E-01 2.84492090E-02
 0 15-8.06028829E-02-7.95292379E-02-1.66336028E-01-3.46495590E-02-9.38069812E-02
 0 16 1.53801778E-01 1.20814354E-01 2.36717790E-02-8.95344038E-02 1.87409223E-02
 0 17 7.13389917E-02 1.16610321E-01 4.58727020E-02-5.38519761E-03 6.22977174E-02
 0 18 1.09709558E-02-1.76144323E-01-1.63787774E-02-1.89666189E-01-1.25724176E-01
 0 19 2.32798468E-02 1.96704250E-01 2.27272189E-01 7.84103712E-02 1.28356833E-02
 0 20-2.86283014E-02-1.58615698E-01 1.67475826E-01 5.89174717E-02-7.16758496E-02
 0 21 5.39881108E-02 1.25648305E+00-3.11692843E-01-7.13576318E-01 9.01759604E-01
 1  1 2.31545566E-02 1.43464731E-02 3.34071324E-03 9.97672744E-03-2.41587016E-02
 1  2 6.26042469E-03 5.19169812E-02-9.81592000E-03-1.85316720E-02 9.78553363E-03
 1  3-2.61967976E-01-4.29096181E-02-9.54815715E-02 7.58407108E-02 2.79282220E+00
 1  4 2.47822720E-01 4.05809843E-01-5.25834855E-01-6.67375628E-03-8.46347599E-03
 1  5 8.81130468E-03 3.17701172E-02-4.60878694E-02 9.43894410E-02-4.91755896E-02
 1  6-1.54608313E-01 2.34611322E-01-2.75985585E+00 3.87309793E-01 7.45714958E-01
 1  7-8.56690465E-01 5.25214275E-03 7.04235074E-02-3.26377439E-02-4.19382074E-02
 1  8 3.68198797E-02-2.00352654E-01 3.00917554E-02-1.36337954E-02 3.97817282E-02
 1  9 4.13453265E-02-4.19906069E-02-1.43368339E-02 1.25082723E-02 1.69238914E-02
 1 10-3.66079289E-02-1.42159743E-02 1.20415586E-02 1.20160052E-02 2.28187771E-02
 1 11-6.03879485E-02 2.35005585E-02-1.07831351E-02 1.40763744E-02-4.96644715E-03
 1 12 9.93485355E-02-5.45345796E-02-8.62354831E-02 5.65403592E-02-9.64802381E-02
 1 13 8.57873464E-03 1.18143665E-01-8.60894019E-02 5.50845272E-01-1.26316542E-01
 1 14 2.86028642E-02 1.42362823E-01 1.16288491E-01-6.36393679E-01 1.22087571E-01
 1 15 1.22186196E-01 2.48250412E-01-3.42342473E-01 1.58109889E-01 1.53671430E-01
 1 16 4.13291181E-01-9.57559716E-01 8.81190737E-02 1.30960881E-01-4.98050376E-02
 1 17 1.75330859E-01 6.37267295E-01 1.68667907E-01-4.95603887E-01 7.04415070E-01
 1 18 1.36452189E-01 5.33261175E-01 1.20247319E-01 7.91313515E-01-1.03685884E-01
 1 19 6.83414556E-02-2.76810832E-01-7.65057782E-02-9.41154864E-02 1.29866605E-02
 1 20-4.52687765E-03 2.00409433E-02 1.19795395E-02 5.44207536E-02-4.47467621E-02
 1 21 2.55750090E-02 1.96750299E-01-5.48854288E-02-8.55945970E-02 1.19732704E-01
 2  1 1.07303725E-01 5.04907593E-01-1.66756261E-01-3.00042757E-01-3.23289665E-01
 2  2 7.17878833E-02-2.70843087E-01 5.25115887E-02 1.04312018E-01-1.38652041E-01
 2  3-7.64454263E-01 1.17661777E-01 1.49044226E-01-4.02830337E-01 2.38098603E+00
 2  4 1.83357929E-01 3.42131692E-01-4.13116197E-01-7.12230123E-03-3.48806791E-02
 2  5-1.93543760E-02 4.33395831E-03 5.62484529E-02 9.86917902E-03 7.61653795E-02
 2  6 2.54607711E-01-3.28715240E-02-2.29167212E+00 4.15962631E-01 7.03476620E-01
 2  7-1.07532296E+00-8.79921289E-04 2.41889947E-01 1.55385872E-02-4.63311341E-02
 2  8 5.26028342E-02-4.48514058E-01-1.14854776E-01 3.19284695E-02 3.11970555E-03
 2  9 2.28234299E-01 6.21263720E-02 3.01415439E-02 1.89116347E-02 7.45621248E-02
 2 10 4.34519996E-01 4.16151044E-01 3.72212941E-03 1.56252672E-01 5.93636492E-02
 2 11 4.28709460E-01-2.30048050E-01 3.48271693E-01 1.41679219E-01 2.71087954E-03
 2 12-2.17811856E-01-2.75947400E-02-3.31629187E-02-8.20513882E-03 3.44417788E-01
 2 13-5.62005134E-02 3.55867391E-02 1.15533709E-02 2.58265470E-01-5.59641246E-02
 2 14 1.58046826E-01-3.38188536E-02-2.53252765E-03-1.24235332E+00-2.90169068E-02
 2 15-2.64088331E-02-1.00242110E-01 2.34992644E+00-2.01969278E-01-3.55211042E-01
 2 16-2.96702419E-01-6.37475714E-01-3.03913484E-02 2.54504281E-01-4.76827024E-01
 2 17-2.88801154E-01-5.76356106E-01-5.25846954E-02 2.99922148E-01-2.48151645E-01
 2 18-3.28764670E-01-5.77936360E-01-1.85373056E-02-4.65293576E-01 2.80648462E-02
 2 19-3.58843162E-02-1.88402782E-01-6.93792902E-02-8.72334831E-02 9.43014713E-03
 2 20-4.90042117E-02-3.90906744E-02 2.60312968E-02-6.15404017E-02-1.69994179E-02
 2 21 1.25548598E-01 1.21468682E-03-1.09810571E-02-3.33304044E-02 1.19781389E-01
 3  1-1.06901005E-01-7.55781397E-01 1.58281280E-01 3.41935721E-01 4.71928203E-01
 3  2-1.20584644E-01 1.39633630E-01-8.11059445E-02-1.54450773E-01 2.04785079E-01
 3  3 2.04478992E+00 1.42340431E-02-1.54497871E-01-9.94982877E-03 7.01767499E+00
 3  4 5.64905088E-01 1.12208946E+00-1.34476140E+00 2.29038815E-02 1.52163208E-01
 3  5-3.63367161E-02 4.44454000E-02 9.97116673E-03-8.66090930E-01 1.34301178E-01
 3  6 3.67843569E-01-1.43610312E-01-6.71428278E+00 7.84554919E-01 1.23994722E+00
 3  7-1.87248200E+00-1.29209651E-02 4.14357781E-01 2.59367635E-02-1.80184591E-02
 3  8 1.24413849E-02-6.04864243E-01-8.64607248E-02-2.41068972E-02 2.24562496E-02
 3  9 8.14384101E-01 1.91348526E-01-8.70059285E-02-9.10109878E-02-1.26853577E-01
 3 10-7.76091947E-01-5.96996273E-01 2.31642889E-02-1.03000293E-01-1.60157181E-01
 3 11-8.12181752E-01 3.58316226E-01-4.94633818E-01-1.37790628E-01 2.89306346E-03
 3 12-2.45427938E-01-1.86119090E-02-6.09120959E-03-2.92415353E-02 4.04521481E-01
 3 13-4.99471302E-02-1.24322005E-02 1.22761438E-01 3.61330853E-01-2.14081268E-03
 3 14 1.72957802E-01 2.66637134E-02-3.92726923E-03-8.71603343E-01-3.21182015E-02
 3 15-2.86187825E-02-5.65619719E-02 1.68923504E+00-1.17464076E-01-2.05327649E-01
 3 16-2.40970008E-01-6.48812725E-01-2.88237575E-02 2.41293294E-01-4.18154819E-01
 3 17-2.11045762E-01-4.43009238E-01-5.83192675E-02 2.04053750E-01-1.86043057E-01
 3 18-2.19470136E-01-3.69366318E-01-1.34953937E-02-3.19793498E-01 1.47931562E-02
 3 19-5.77891985E-02-1.54187404E-01-5.85562225E-02-4.45635340E-02-1.46299281E-02
 3 20-4.01225847E-03 6.56562558E-02-3.31825726E-02-1.23526627E-01 1.71757638E-02
 3 21 1.37744143E-01-1.12649962E-01-6.98206928E-03 2.51181271E-02 4.46281161E-02
 4  1 1.09714330E-01 1.83829834E-01-1.13919799E-01-6.44144027E-02-5.00336789E-02
 4  2 1.57985907E-02 6.61026313E-04 1.80309255E-02 3.30426338E-02-3.41912977E-02
 4  3-3.28179780E-01 1.13068151E-01-3.85227305E-01-2.38431599E-01-1.95109231E+00
 4  4-1.27236499E-01-1.63127586E-01 5.49335824E-01 9.90933991E-03 6.53674444E-02
 4  5-3.48890834E-02 1.35052136E-01 8.49834799E-02-9.80033387E-02-2.16579851E-01
 4  6 4.57822421E-01 4.85596354E-01 2.07218920E+00-2.09408761E-01-8.21347687E-01
 4  7-3.02087103E-03-3.01542039E-02 9.86862766E-01 7.05371862E-02-5.50957465E-02
 4  8 1.71421189E-02-1.50580111E+00-2.55564750E-01 1.30016234E-01 2.82788877E-02
 4  9 6.49303853E-01 3.95961037E-02-2.19303972E-01 1.05549409E-01 1.85716106E-02
 4 10 1.60254338E-01 8.19781364E-02 8.95282586E-02 8.65667352E-02-8.41898438E-02
 4 11 3.21165414E-02 3.04838432E-02 7.08171369E-02-1.08458617E-02 4.15300528E-02
 4 12-1.22646822E+00-2.98752664E-02-9.91522821E-03-9.55370652E-02 1.80716097E+00
 4 13 1.06411787E-01 4.54563787E-02 3.53413577E-01-1.49201407E+00-3.50013871E-02
 4 14-2.13196521E-01-1.56498833E-01 4.18894895E-03 4.64104402E-01-6.49802987E-03
 4 15 3.20321857E-02 7.43790354E-02-9.08841113E-01 1.30296436E-01 1.35962699E-01
 4 16 4.75861425E-02 7.44824987E-02 2.72318660E-02-6.10380047E-02 1.26376383E-01
 4 17 1.02190903E-01 2.15227288E-01-1.37938639E-02-9.54444404E-02 1.23631196E-01
 4 18 1.61095385E-01 3.44188097E-01 7.21995039E-03 2.12967966E-01-1.19494502E-03
 4 19-1.59048015E-01 1.45451423E-01 4.42281896E-02 3.34791429E-02-1.08295359E-01
 4 20 4.08348467E-02 1.55832009E-01-9.91554782E-03-2.34287274E-01-2.05622171E-01
 4 21 8.20497599E-02 3.56567286E-01 6.35933265E-02-1.54664925E-01-9.14318342E-03
 5  1 6.21639729E-02 5.38696994E-02-3.91826335E-02 5.16045394E-02-8.22385949E-02
 5  2 4.96511228E-02 2.37761013E-01-1.95035494E-02-1.25203407E-02 2.00168768E-02
 5  3-1.25044863E+00 1.11275535E-01-3.85452317E-01 5.03455158E-01 1.39464979E+00
 5  4-3.72524595E-02 2.34318270E-01-3.35166432E-01-1.35374776E-01-5.40859789E-01
 5  5 8.30961597E-02 1.06406621E-01-8.13586633E-02 2.81681795E+00-4.32592223E-01
 5  6 1.42789626E-01-2.11716096E-01-1.93818147E+00 6.22944766E-01 2.71118930E-01
 5  7-2.22511076E-01-7.18621889E-03 1.33798499E+00 7.27690973E-02-1.44286345E-01
 5  8-7.93399687E-02-2.41985116E+00-4.15026254E-01 5.23123342E-01 4.70031367E-01
 5  9 5.19595807E-01-2.22303089E-02-1.45002695E-01 4.22958527E-02 1.59576730E-01
 5 10 1.11019065E-01 6.65646259E-02 1.78929352E-02 1.15186281E-02 5.09186070E-02
 5 11 1.21824585E-02-2.79805286E-02 4.95946148E-02-6.96158341E-02-9.50904341E-03
 5 12 1.12896785E+00-5.15029713E-03 1.12288178E-01 1.11209011E-01-1.96462135E+00
 5 13 9.33667082E-02-4.09139574E-01-5.70601809E-01 9.49797568E-01-1.85421302E-01
 5 14 7.51873852E-02 2.14100713E-01-7.19493141E-03 1.58900747E-01-3.89172626E-02
 5 15-5.30075405E-02 5.61094036E-02-1.54144695E-01 8.91092929E-02 1.84875571E-01
 5 16-1.76367014E-01-1.58001133E-01-2.49988788E-02 7.70012953E-02-1.13734225E-01
 5 17-3.97869054E-02-9.28270613E-02-7.06540306E-02-6.40359419E-03-3.78981289E-02
 5 18 4.21987375E-02 1.45407888E-01 5.06409758E-04 3.90309453E-03 3.38555031E-02
 5 19 2.57516447E-01-2.90012449E-01 2.24476726E-02 2.80762434E-02 1.85251688E-02
 5 20-2.05492368E-01-5.95746724E-01 3.77675081E-01-5.35674270E-02 1.14935916E-01
 5 21 2.87685786E-01 3.27653378E-01-2.58136555E-02-1.47769180E-01 8.93901871E-02
 $END   
 POPULATION ANALYSIS
H            0.78125   0.21875   0.87631   0.12369
C            6.55705  -0.55705   6.24268  -0.24268
C            5.99335   0.00665   5.79239   0.20761
O            8.47952  -0.47952   8.45470  -0.45470
H            0.78755   0.21245   0.87718   0.12282
H            0.78515   0.21485   0.87975   0.12025
O            8.49820  -0.49820   8.44817  -0.44817
O            8.68606  -0.68606   8.37683  -0.37683
H            0.65337   0.34663   0.80744   0.19256
H            0.65758   0.34242   0.79265   0.20735
H            0.67770   0.32230   0.78811   0.21189
H            0.78229   0.21771   0.87536   0.12464
H            0.66092   0.33908   0.78841   0.21159
 --- SOLUTE ELECTROSTATIC MOMENTS ---
 MOMENTS AT POINT    1 X,Y,Z=  6.012492  2.717988 -5.559816
 DIPOLE      -0.836378 -1.950727 -1.623826
 --- SYSTEM ELECTROSTATIC MOMENTS ---
 MOMENTS AT POINT    1 X,Y,Z=  6.012492  2.717988 -5.559816
 DIPOLE      -0.836378 -1.950727 -1.623826
 $GRAD  
E=     -306.3400952900  GMAX=   0.0000562  GRMS=   0.0000178
H            1.   -2.3526987353E-05   -3.3968011486E-07   -1.6346951487E-06
C            6.   -5.6151070925E-05    4.6643255297E-06   -6.6046614080E-06
C            6.   -4.7427694200E-07    2.3817184189E-05    8.0226904744E-06
O            8.    2.9774763994E-05   -2.4157973509E-05   -1.0373977187E-05
H            1.    1.3328058809E-05   -7.1276169364E-06   -1.3977228439E-05
H            1.   -6.3229261095E-06   -1.1967388654E-05    4.7026629391E-06
O            8.   -6.3553238809E-06   -1.6866479104E-05    4.0518771895E-06
O            8.   -2.2084572034E-05    5.1649882602E-06   -2.5898726078E-06
H            1.    1.4905043930E-05    1.7653856386E-05   -5.2109610211E-06
H            1.    1.7537563513E-05   -7.7767808054E-06    8.6138380426E-06
H            1.    5.5216240108E-05    1.1134137258E-05   -1.0198204139E-05
H            1.   -1.1197681537E-05    6.7244347313E-06    1.8285585873E-05
H            1.   -4.6488252958E-06   -9.2300921672E-07    6.9129148520E-06
 $END
-------------------- DATA FROM NSERCH=   1 --------------------
 COORDINATES OF SYMMETRY UNIQUE ATOMS (ANGS)
   ATOM   CHARGE       X              Y              Z
 ------------------------------------------------------------
 H           1.0   3.1702491797   0.6354969947  -0.2506086236
 C           6.0   2.9243602104   0.1716645205  -1.2092256034
 C           6.0   3.3950581728   1.0625338247  -2.3435592080
 O           8.0   2.6805661469   2.3248573901  -2.2558328987
 H           1.0   1.8400170952   0.0328543360  -1.2627455583
 H           1.0   3.4194950801  -0.8005676294  -1.2701401010
 O           8.0   3.1608328478   0.4457633113  -3.6654063731
 O           8.0   3.7514576936   2.9106605855  -4.7376862631
 H           1.0   3.5138959447   3.3401265705  -5.5637736061
 H           1.0   3.5705896523   1.9560538635  -4.8124181498
 H           1.0   2.2571956612   0.1067323627  -3.7117901620
 H           1.0   4.4713699602   1.2307490111  -2.3344812825
 H           1.0   2.9744802973   2.8750740266  -3.0077350594
--- CLOSED SHELL ORBITALS --- GENERATED AT 23:53:34 11-SEP-2026    
Acetaldehyde hydrate and water -- forward IRC endpoint, unconstrained opt       
E(R-WB97X-D)=     -306.3400953436, E(NUC)=  199.1877030856,    4 ITERS
 $VEC   
 1  1-2.45408610E-05-9.10284624E-05 5.06694215E-06 3.62930315E-05-2.52424320E-05
 1  2 2.73780313E-05 9.08628407E-05-2.68584079E-05-3.36916675E-05 4.45767437E-05
 1  3-6.65739852E-04 9.90730290E-05-3.67039408E-05 5.57147932E-04 3.16473130E-03
 1  4 3.47198105E-05 3.22624588E-04-8.64003850E-04-8.70232974E-05-2.36110466E-04
 1  5 4.66782349E-06-7.56738670E-05-2.38596796E-04 1.72958437E-03-4.16486271E-04
 1  6-3.75964413E-04-5.28896000E-04-4.65385289E-03 9.22042467E-04 1.07322129E-03
 1  7 1.76515710E-04 6.81586590E-05 1.53193188E-04-1.08321270E-05-3.37305615E-05
 1  8-2.83282363E-05-5.40064443E-04-2.36541584E-05 3.25065663E-04 2.33993862E-04
 1  9 1.89546692E-04-5.32619819E-05 4.35938499E-05-4.05932108E-05 1.00630789E-04
 1 10-1.39418359E-05 1.29695780E-05-1.42284551E-05 1.29610218E-06 6.76390567E-05
 1 11-7.70865775E-05-2.49158590E-05-4.11695938E-06-8.83915669E-06 9.93872333E-01
 1 12 2.67661325E-02-1.07043227E-03 1.71967491E-04 1.13477654E-03-5.85351571E-03
 1 13 3.93528781E-04-4.05145943E-04-1.12220752E-03 3.37309847E-03-9.84933775E-05
 1 14 3.55878329E-04 5.88310423E-04-3.89135410E-05 8.20779179E-06-8.90619493E-06
 1 15-1.97541150E-05 1.46648763E-05 2.27654932E-05 3.25359094E-05 1.06189974E-04
 1 16-8.01883375E-05 2.46398542E-05-7.41314855E-05 9.64291464E-05-1.37837314E-04
 1 17-1.01632409E-05-1.59371787E-04-1.62316041E-05-6.35601216E-06-2.30058572E-05
 1 18-1.77297549E-05-4.21292367E-05 2.66285625E-06 1.16176164E-05 6.01826570E-06
 1 19 3.23069653E-04-1.24144206E-04-2.70600410E-04-7.64811185E-05 5.76095918E-05
 1 20-1.11781250E-04-3.49705097E-04 9.58899250E-05 6.00735514E-05 1.09517231E-04
 1 21 6.15785345E-05-1.20263205E-04-2.25852496E-05 2.38165341E-06 2.23361947E-05
 2  1 6.08471973E-05-9.49688706E-05-3.07808546E-05 1.33231443E-05-7.90178735E-07
 2  2 2.25719576E-05 8.28456046E-05-2.92537421E-05-1.31263946E-05 2.47181601E-05
 2  3-4.47952893E-04 2.51911428E-04-4.55619501E-04 2.01954003E-04 3.51429889E-03
 2  4 9.99221526E-05 6.91933941E-04-5.53106560E-04-8.24087083E-05-1.94231974E-04
 2  5-9.09703902E-05 2.40622585E-04 4.77032158E-06 1.74023248E-03-4.41196246E-04
 2  6 7.64431593E-04-1.16478866E-04-4.29611983E-03 1.05582000E-03 2.03028853E-04
 2  7-1.23931209E-03 9.93878521E-01 2.68346300E-02 1.12527916E-03-5.15168880E-04
 2  8-1.10100171E-03-6.12954120E-03-9.33384477E-04 7.90522509E-04 7.67218443E-04
 2  9 2.37061199E-03 2.49476679E-04-5.38512320E-04-3.21984092E-05 9.38747749E-05
 2 10-1.15644548E-05 9.80678908E-06 9.51177604E-06 2.29030802E-05-3.45262247E-05
 2 11-1.45765639E-04 1.01220832E-05 6.48387259E-06-3.86504065E-05-2.60020547E-05
 2 12 1.49968226E-04-9.63665954E-06 4.04035571E-05 1.83896349E-05-5.20942180E-04
 2 13 6.68752353E-05-3.35859786E-04-2.43383574E-04 3.60537762E-04-2.44663883E-04
 2 14 3.99277578E-06 1.61400875E-04-1.68694966E-03-3.75993590E-05-2.82267269E-05
 2 15-2.01472957E-05 5.29328562E-05 1.02164056E-04 9.95951609E-05 1.34370119E-04
 2 16-2.13917392E-04-6.37830369E-04 2.69161585E-05 2.31919870E-04-4.04949070E-04
 2 17-4.60676987E-05-1.68139605E-04-5.27278072E-05 1.46848281E-05-1.95876892E-05
 2 18 3.25635384E-05 2.00407104E-04 7.80753622E-06 1.71834155E-05 2.80792885E-06
 2 19 8.95410567E-05-3.72516460E-04 3.55901686E-06 1.39972799E-06-1.93259131E-05
 2 20-1.46274627E-04-4.21459130E-04 1.40221438E-04-1.20593326E-04 1.90742969E-05
 2 21 3.18721445E-04 6.59401255E-04 1.09629776E-04 2.49899985E-05-1.74298313E-04
 3  1-7.04729820E-07 9.58454974E-05-9.37604028E-08 3.75418689E-06-1.28390907E-05
 3  2 1.20108262E-05 6.83983763E-05 6.07140151E-06 1.28220324E-05-1.76188122E-05
 3  3-4.10171208E-04-3.82715152E-05-1.24561051E-04 1.81916059E-04-1.06387511E-02
 3  4-9.08730610E-04-1.55569306E-03 2.09601947E-03-1.11332083E-05-5.23560482E-05
 3  5 1.85402426E-05 1.70459707E-05-4.89790213E-06 5.50956747E-04-1.71650558E-04
 3  6-1.53828103E-04 2.64366858E-05 1.00823492E-02-1.26299308E-03-2.67041834E-03
 3  7 3.21092425E-03 1.68817901E-03 5.86415212E-05 7.83923920E-07-2.96334029E-06
 3  8-1.10368887E-05-3.14937878E-05 3.32615751E-06 4.11461672E-05 3.38753342E-05
 3  9-1.97269166E-04-1.39907292E-04-6.21881411E-05 3.63014254E-05 4.06299834E-06
 3 10 1.42025134E-04 1.31260407E-05 2.35125823E-06-9.91469671E-06-1.92676906E-06
 3 11 1.27605884E-04-5.87949614E-06 1.03281262E-05-8.74532919E-06 4.14751298E-05
 3 12 1.53615461E-05-2.99140083E-06 3.23959267E-05-1.06174872E-05 3.53844314E-05
 3 13 4.92684427E-05-1.08635758E-04 2.56431446E-07-1.31268563E-03-6.21069200E-06
 3 14-4.69952003E-04-8.56560647E-05 9.93832616E-01 2.66092966E-02-6.06857890E-04
 3 15-6.38172808E-04-1.18271700E-03-5.17386828E-03 3.02417111E-04 4.47857055E-04
 3 16 4.85380024E-04 2.00006506E-03-4.43025322E-06-6.32081344E-04 9.14089616E-04
 3 17 1.58947423E-04 7.86278046E-04-7.45723178E-05 9.61262002E-05-2.74096709E-04
 3 18 2.09742691E-04 6.51293571E-04-6.55117240E-05-2.10448832E-04-3.15846121E-05
 3 19-5.62534038E-06 2.64524815E-04 1.20636162E-06 4.69690907E-05-1.75449389E-05
 3 20 2.45243793E-05 3.45690962E-06 1.08854844E-05 1.65516711E-06-1.06243037E-05
 3 21-6.04742156E-05-1.40767483E-05-6.55526088E-07-1.84248253E-05-1.74084191E-05
 4  1-1.30586902E-04-2.40968734E-04 1.04169909E-05-1.20766832E-05 3.01073745E-05
 4  2 8.69075073E-04-3.02053167E-04-2.22664146E-05 2.87136661E-05-4.47315847E-05
 4  3 3.20983059E-03 5.04521439E-04 9.63528359E-04-1.26063875E-03 3.90211096E-03
 4  4 4.43492399E-04 5.17092855E-04-4.79631079E-04 9.94549624E-01 3.07996234E-02
 4  5-5.70876122E-04 2.63576512E-04-6.08960770E-04-1.51562331E-02 1.20970532E-03
 4  6 2.68349422E-04 7.68432157E-05-6.43459484E-03 3.22590138E-04 5.15257402E-04
 4  7-7.00196228E-04-1.12616580E-05 1.96257676E-04 7.85499072E-05-9.58691789E-05
 4  8 2.95356527E-06 4.64338052E-04 4.95531166E-05-5.24708492E-04 6.91339962E-05
 4  9 3.84059574E-03 1.10385449E-03-1.19902130E-03-3.15000540E-04-1.79812195E-04
 4 10-1.68336186E-04-2.02679437E-05-1.29063686E-06 4.93355697E-06-1.39619157E-04
 4 11-2.43326534E-04 1.59009580E-05-2.48188434E-05 2.91482407E-05-1.60527074E-05
 4 12 1.62972314E-04 7.44528285E-05 7.35233346E-05 1.06655645E-04 5.42405087E-04
 4 13-1.62586549E-04 9.37742462E-05 4.89526253E-04 4.05181938E-03 2.10300789E-04
 4 14 7.52780767E-04 1.43181949E-03 3.11693898E-09-3.29938581E-06-7.64661385E-06
 4 15-2.47289954E-06 1.69481324E-05 6.94819319E-05 3.07620178E-05 8.39084788E-05
 4 16-1.23706628E-04-3.77934938E-04 7.82533811E-05 3.14712655E-04-4.69001392E-04
 4 17 1.22525372E-06-2.53523615E-04-3.36609835E-05-4.21862415E-06-1.51533886E-05
 4 18-4.37534076E-05-5.49062290E-05 2.46344933E-05 4.71463488E-05-3.56320296E-05
 4 19-5.98154835E-05-3.73798534E-04 4.02392276E-05 5.94616947E-05 1.37084391E-04
 4 20 5.13361238E-05 1.49663322E-03 3.60506044E-04 2.25079949E-05 5.24240667E-05
 4 21 5.09245714E-05-1.41584622E-04 5.44480351E-05-1.78611870E-04 7.57309885E-05
 5  1-1.60693435E-04 2.19937577E-03 1.65117342E-04 3.37459861E-04 4.44887094E-04
 5  2 9.94284434E-01 3.11294005E-02 3.01395437E-05 1.15357897E-04-1.53214182E-04
 5  3-1.33129634E-02-2.47506247E-04-9.66866570E-04 1.18918558E-03-1.87942196E-03
 5  4 6.54629629E-05-3.32763231E-04 3.13693951E-04-9.62822896E-04-1.78127888E-04
 5  5-3.26362922E-06 2.46916579E-05-4.98110569E-05 2.54838183E-03-5.07660220E-04
 5  6-1.16618223E-03 1.65812919E-03 5.22254826E-04 9.70800695E-05 1.02973430E-04
 5  7 1.38111994E-04 1.36256773E-05 2.46622913E-05-3.30435777E-06 7.75053229E-05
 5  8-4.56038280E-05-3.90473349E-04-3.63151928E-05-2.18405486E-04 1.86286622E-04
 5  9-8.02569730E-05-2.22179321E-04-4.78756055E-04 7.62622256E-04-1.48569795E-04
 5 10 2.38394957E-03-5.55100539E-04 5.37053799E-07-1.17652787E-04-1.58300738E-04
 5 11 2.07899009E-03 3.13376912E-04-4.86557899E-04-1.24293322E-04 5.16868232E-06
 5 12-3.52761949E-06 2.27438747E-05 5.31545805E-06-6.77717595E-05-1.78859529E-04
 5 13-7.56826892E-05 5.68570053E-05 4.68396440E-05 1.54362407E-03-3.49355404E-04
 5 14-7.08261916E-05 7.72586223E-04 8.11713772E-06 5.67597056E-05-7.83342818E-06
 5 15 2.44294689E-06 6.89490454E-06-2.13109614E-04 4.43697623E-05 3.89956407E-05
 5 16-3.31344802E-05 2.57922622E-04-4.73754733E-05-5.38857116E-05 1.00157233E-04
 5 17 1.77624739E-05-2.98823420E-05-3.93761135E-06-1.19896587E-06 1.20780083E-05
 5 18-2.23077637E-05 1.98446681E-04 9.87417229E-06 2.74016603E-05 1.68628578E-05
 5 19-6.49331192E-05-3.68024480E-04 9.63475878E-06-2.34906665E-05-2.69263533E-05
 5 20-1.62753168E-04 2.09864051E-04-2.25096389E-05 1.47504587E-05-1.07697039E-05
 5 21 3.55080488E-05 8.70460251E-04-2.27026559E-05-7.67006864E-05 9.40006984E-05
 6  1 5.26033812E-03 6.67647230E-03-4.72302720E-05-7.25577307E-04-1.03149377E-03
 6  2-1.96842043E-02 1.87509178E-02 3.53086233E-03 1.21796119E-02-1.70310781E-02
 6  3 3.28522690E-02-9.49498237E-03 2.93346201E-03-1.28991310E-02-1.30388285E-01
 6  4-8.25107207E-03-1.91600030E-02 2.41761284E-02-9.46445311E-02 1.07482762E-01
 6  5-3.82049419E-02 1.86709906E-02-4.54683088E-02 1.77400601E-01-3.69147503E-03
 6  6 1.47163465E-03-5.25491582E-03 1.79128550E-01-2.71798445E-02-2.58843043E-02
 6  7 2.52395146E-02-1.35651480E-01 1.40988902E-01 4.00600027E-02-2.99195716E-02
 6  8-3.87053577E-02 3.96877736E-01 4.19774840E-02-3.80152347E-02-4.06561998E-02
 6  9-4.34681689E-02-1.43512625E-02 2.18751394E-02 1.14714846E-03 4.39794196E-03
 6 10-8.85522581E-04 4.54059757E-04 3.98435234E-04-2.00584713E-04 5.12215482E-03
 6 11 3.57318198E-03-1.52755504E-04 1.01099994E-03 3.05672405E-04-1.60820676E-01
 6 12 1.68385835E-01-4.03420088E-02 1.37805573E-02 5.24413728E-02 4.69655366E-01
 6 13-3.03399990E-02 2.70250583E-02 5.97892730E-02-5.66645238E-02-9.47563437E-05
 6 14-1.05983980E-02-2.82923754E-02-3.46068538E-02 3.79152524E-02-6.02181211E-03
 6 15-8.17284901E-03-7.12206637E-03 9.16011212E-02-7.50772736E-03-1.14978797E-02
 6 16 2.20655986E-03 1.19461149E-02 1.29188271E-03-7.10014023E-03 1.24735681E-02
 6 17 1.77832285E-02 1.12559506E-02 1.73667295E-03-2.10792882E-03 3.98904223E-03
 6 18 2.38769151E-02 4.48426804E-03-7.23623440E-05 2.04543516E-03 1.58547604E-03
 6 19 7.92544144E-02 2.40191193E-02 1.46766746E-02 5.02944920E-03 5.29168847E-04
 6 20 2.69204944E-02 3.05897006E-03-5.95921346E-03 8.92137779E-05-1.99709418E-03
 6 21 6.39959199E-02 7.79025701E-03-3.41131957E-03-6.34372121E-03 8.22672908E-03
 7  1-1.45858396E-03-4.29281570E-03 5.43735944E-05 1.22418931E-04 5.39704379E-04
 7  2 4.06290316E-03-5.61517015E-03-9.37838223E-04-2.14488252E-03 4.02863187E-03
 7  3 3.95063473E-03 3.16589731E-03 5.00878748E-03-6.56158445E-04 2.29125535E-01
 7  4 1.86709733E-02 3.22807249E-02-4.62417375E-02 1.65576640E-02-1.82243372E-02
 7  5 5.48135462E-03 4.70878969E-03 1.19207968E-02-4.45498452E-02 7.65224249E-03
 7  6 7.86420666E-03-3.92074453E-03-2.29293037E-01 3.02926081E-02 5.92537032E-02
 7  7-6.20054054E-02 7.33634371E-03-6.81161067E-03-1.70128582E-03 6.68799324E-03
 7  8-1.02270596E-03-2.56207559E-02-3.09191831E-03 3.90723041E-03 2.44515348E-03
 7  9 9.26998420E-04 3.57412816E-03-1.79514907E-03 2.16827508E-03-1.27246371E-03
 7 10-2.81815045E-03-3.19592616E-04-2.25049975E-04 1.58612574E-04-1.20495655E-03
 7 11-3.10905087E-03 3.61893852E-06-4.22753911E-04 1.27092980E-04 4.05630773E-02
 7 12-4.30345954E-02 1.26430423E-02 1.54563550E-03-1.48313303E-02-1.23854841E-01
 7 13 7.50272116E-03 4.54217831E-04-1.74259586E-02 4.89040978E-02-2.17190322E-03
 7 14 1.49411207E-02 1.15035121E-02-2.27107579E-01 2.49990770E-01-3.55083716E-02
 7 15-3.72207161E-02-7.07591110E-02 6.43631194E-01-2.89945522E-02-3.14742214E-02
 7 16-5.01659031E-02 3.05034228E-03-8.62135077E-04 1.12487519E-02-2.21637464E-02
 7 17 1.28305680E-01 1.22734424E-02 6.15907618E-03-1.39746319E-02 2.25073445E-02
 7 18 1.17849312E-01 1.31450313E-02 4.26571829E-03 2.55143449E-02-9.18541510E-04
 7 19-2.22782874E-02-1.58981948E-02-4.23093113E-03-2.13464466E-03-1.17519822E-05
 7 20-4.93123768E-03-4.60126659E-03 1.12136041E-03 5.42447903E-05 9.91726219E-04
 7 21 8.52924842E-03 1.27393158E-02 9.07435668E-04-3.79187048E-04-2.02385362E-03
 8  1 2.86215820E-04-5.05583625E-03 7.08102758E-04 2.92997297E-04 3.30552335E-04
 8  2-2.52184897E-03 2.25002058E-03-5.52017627E-04 8.26677725E-03 2.30640976E-03
 8  3 8.00989386E-03-5.09555398E-03 2.15355771E-02 1.08578269E-02-6.80960441E-02
 8  4-7.66658034E-03-1.34063777E-02 8.01143640E-03-1.38687046E-02 1.55693868E-02
 8  5-2.22876846E-02 8.95271638E-02 5.25218065E-02 2.75950208E-02 6.65590889E-03
 8  6 3.70769078E-03-4.24573186E-03 6.20122454E-02-7.76737360E-03-4.94757773E-03
 8  7 3.84524398E-02-1.77814869E-01 1.89110575E-01 4.75398411E-02-1.31241257E-02
 8  8-4.54165673E-02 5.33194081E-01 5.36744183E-02-3.34906155E-02-3.71544775E-02
 8  9-8.00145266E-03-7.26675412E-03 1.94088366E-02-1.67353322E-03 2.52900338E-04
 8 10 2.24087881E-04 1.25135447E-04-5.07739585E-04-6.02399669E-04 9.37586580E-04
 8 11 6.98204348E-03-8.39456118E-04 4.68048634E-04 3.12088263E-04 1.53495106E-01
 8 12-1.64596998E-01 4.49114707E-02 6.74253240E-03-3.15050350E-02-4.58999502E-01
 8 13 2.68700475E-02-4.96360593E-03-4.68627956E-02 6.44530898E-03-9.34844298E-04
 8 14 5.63038762E-03 7.28736735E-03 2.08143056E-02-2.33173158E-02 2.71352362E-03
 8 15 5.52567214E-03 9.49312166E-03-5.96851357E-02 1.97276087E-04 2.37112408E-03
 8 16 1.07759500E-02 1.51182803E-02-1.01365176E-03-7.46575622E-03 7.69107416E-03
 8 17-1.19751308E-02 6.36973972E-04-1.24681764E-04 1.12307855E-03-1.87023694E-03
 8 18-1.77039358E-02-1.20770818E-02-6.36971757E-05-1.44794053E-03-1.27613664E-03
 8 19-8.86962981E-02-1.89657219E-02-1.68547387E-02-5.75642000E-03 4.86622834E-05
 8 20 3.09869561E-03-5.53194163E-03-1.09541588E-03 3.33768249E-03 2.39290628E-03
 8 21 9.22971716E-02 6.41467679E-03-6.29567018E-03-8.69115352E-03 1.47976179E-02
 9  1 8.71622686E-02 9.10274880E-03-2.46779003E-03-4.45474103E-03-9.91270143E-03
 9  2-1.70579410E-01 1.84200948E-01 2.25851684E-02 3.46479314E-02-4.19373365E-02
 9  3 4.20934034E-01 8.46962344E-03 9.68564017E-03-1.58264446E-02 5.00718690E-02
 9  4-3.24797808E-04 7.54566480E-03-1.19998599E-02-1.21792409E-01 1.30763754E-01
 9  5-5.20485401E-03-6.73952331E-02 9.26924009E-02 3.37847382E-01-1.12564808E-02
 9  6-2.00742537E-02 2.28865591E-02 1.47527129E-02-1.05583240E-03 4.70106461E-03
 9  7-7.29143266E-03 4.88850025E-02-5.42687805E-02 4.20915133E-03-7.32099299E-02
 9  8 5.06631501E-02-1.64108568E-01-2.48700491E-03-3.73653029E-02 3.82691576E-02
 9  9-5.76230222E-02-7.23121433E-03 1.79930501E-02-8.31135621E-03 8.43614017E-02
 9 10 7.10138312E-03 1.10221963E-02 1.58622596E-03 2.97238335E-04 8.64636329E-02
 9 11 6.13336814E-03-4.82444790E-03 9.81850994E-03 4.40637314E-04 4.90508039E-02
 9 12-5.43711097E-02 4.45919142E-02 1.70931580E-02 5.32211317E-02-1.65580457E-01
 9 13 3.53459144E-02 4.63789753E-03 2.83425690E-02-8.12022123E-02 6.78370437E-03
 9 14-4.25850750E-03-2.36651317E-02-4.46341505E-03 5.01019727E-03 1.48743024E-03
 9 15 3.26922181E-03-8.64393973E-03 1.48374587E-02 1.84246886E-03 1.70512796E-03
 9 16-6.16914683E-03-5.50646265E-03 1.42742624E-03-1.80584801E-03 2.83740795E-03
 9 17 6.60751957E-03 7.84980135E-03 3.89879032E-04-6.78291599E-04 1.15054211E-03
 9 18-2.54432583E-03-1.18919751E-03 2.66055406E-04 5.61634797E-04-2.29881695E-04
 9 19-5.29698797E-02-7.55641578E-03-9.97852228E-03-3.46602535E-03 1.92496723E-03
 9 20 6.40459040E-02 1.06906770E-02-7.52953294E-03-2.15261660E-03 1.05871681E-03
 9 21-6.57622313E-02-3.25309161E-02 4.41313632E-03 7.36239387E-03-1.07896987E-02
10  1-8.07594168E-02-2.53569162E-02 3.03037372E-03 5.73800711E-03 6.95357193E-03
10  2 1.10508840E-01-1.13120258E-01 3.88075852E-02 4.26714181E-02-5.51093041E-02
10  3-3.54097881E-01 1.49083314E-02 8.28326940E-03-6.50924622E-03-1.23694751E-01
10  4-9.52926320E-03-1.49808722E-02 1.72993548E-02-1.29094821E-01 1.39128854E-01
10  5 9.13118484E-02 3.93208927E-02-8.84340622E-02 4.54750699E-01 5.35503776E-02
10  6 1.51246548E-02-3.90374793E-02 1.42950693E-01-2.23289993E-03-1.57261446E-02
10  7 1.86768373E-02 4.23521495E-02-4.89699823E-02 5.08590726E-02-1.00416879E-01
10  8 1.80567281E-02-1.50414684E-01 3.97034905E-02-7.20033550E-02 1.04032410E-02
10  9-6.19496604E-02-1.32058840E-02 2.61905494E-03 8.27324349E-03-9.14475403E-02
10 10-2.64279139E-02-9.19807671E-03 1.51948900E-04-2.01833399E-03-7.89808207E-02
10 11-2.23110491E-02 5.32562701E-03-7.30269867E-03-2.52705800E-03 2.24955413E-02
10 12-2.92088148E-02 1.47988995E-01 1.08286385E-01 1.11630175E-01-7.47852508E-02
10 13 1.15301903E-01 8.68023192E-02 8.60988306E-02-6.37814256E-02-2.84074868E-04
10 14-8.29568501E-03-1.41770473E-02 8.24560775E-04-8.49570806E-04 4.28677430E-03
10 15-1.28032635E-02 4.18072315E-03-3.94090635E-03 4.08104001E-03-1.25625961E-02
10 16 6.04131977E-03 7.51074031E-03 3.21685620E-04-5.72214176E-03 1.04977444E-02
10 17-6.74124132E-03 1.80195746E-03 6.95462242E-05 1.89168728E-04-6.03117604E-04
10 18 8.88372095E-03 6.66705569E-03 8.05144509E-04 8.03129628E-04 1.50281376E-03
10 19-1.27308290E-01-6.56668155E-02-2.02184853E-02-6.88387964E-03-9.05947743E-04
10 20 1.28497580E-01 4.27915199E-02-1.16380540E-02-1.51610310E-03-2.53667434E-03
10 21-6.00635606E-02-2.81847342E-02 6.27336573E-03 4.49230957E-03-1.08306269E-02
11  1-3.17101762E-02-1.09706855E-02 9.80045760E-04 3.59646219E-03 1.88547364E-03
11  2 3.79076011E-02-3.50852619E-02-1.83861274E-02 7.63974159E-02-4.30073202E-02
11  3-1.65135798E-01-2.55213880E-02 3.42822399E-02-4.50583197E-03-5.72972795E-02
11  4-2.35423533E-03-1.36609542E-03 4.83188001E-03-2.64540145E-02 2.99686522E-02
11  5-1.17851484E-01 7.62487708E-02 8.36319998E-02 1.04385751E-01-1.07081562E-01
11  6 9.38467016E-03 8.55385402E-02 5.22807702E-02-1.56424180E-02-1.41776169E-02
11  7 1.42681191E-02-1.26750701E-02 8.43301627E-03-6.44136361E-03-1.90025392E-01
11  8 1.28245949E-01 6.35273309E-02 3.52852204E-03-1.56903926E-01 9.73028655E-02
11  9-5.73888529E-03-3.67492737E-03 8.40468798E-03 5.50534417E-03-1.95315115E-02
11 10-5.79100622E-03-3.09322135E-03 1.63732714E-03-2.02711725E-03-6.55557051E-02
11 11-3.01809720E-02 2.33301139E-03-3.91347995E-03-1.05418776E-03 1.22613714E-02
11 12-9.99806473E-03-1.34091634E-01-6.81632948E-02-1.37401597E-02-5.30059049E-02
11 13-1.07533047E-01-5.98988822E-02-1.14634319E-02-2.27794498E-02-3.70549896E-03
11 14-3.01042502E-03-8.90976492E-04-2.16324983E-03 3.92648747E-03-3.22537657E-03
11 15 2.16059290E-01-1.61612695E-01 4.59518081E-03-2.25369056E-04 1.68039307E-01
11 16-1.34183487E-01 8.05439025E-03 1.52376252E-03 8.58065219E-03-1.03841470E-02
11 17 1.57702802E-01 1.00922653E-01 7.13559756E-03-7.85120314E-03 2.14328997E-02
11 18-1.34833680E-01-9.99292255E-02-4.98900852E-03-1.89518073E-02-7.65636596E-03
11 19 8.86378282E-02 6.39446332E-02 1.23102113E-02 5.52489324E-03 2.52695118E-03
11 20-3.51533025E-02-2.37827695E-03-1.19558430E-03 2.10631390E-03 1.10411239E-03
11 21-1.37165897E-01-1.05336747E-01 5.60077545E-03 1.40069752E-02-1.63211996E-02
12  1 8.81815067E-05 1.82104449E-03 5.47438767E-05-2.09382503E-03-3.38575040E-04
12  2-1.37970630E-02 1.29857263E-02 3.13657994E-02-7.17549254E-02 4.66507301E-03
12  3 5.24869391E-02 2.20409158E-02-5.06046064E-02-9.75901071E-03 1.40004784E-02
12  4 2.48387460E-03-2.66711308E-03-3.18251240E-03 1.00234948E-02-1.05669334E-02
12  5 1.07194638E-01-1.09641588E-01-8.80539365E-02-3.37291309E-02 8.16743863E-02
12  6-6.44351918E-02-5.30481264E-02-6.30574046E-03 2.11292411E-03 7.45143651E-04
12  7-4.83952624E-03-3.50556859E-03 8.11113738E-03-9.50451970E-03 1.93627502E-01
12  8-1.06263748E-01 3.13036724E-03-1.33583534E-02 1.63109267E-01-8.14668468E-02
12  9 2.31629044E-02 3.94735970E-03-1.66903203E-03-6.99127506E-03-3.39133358E-03
12 10-5.40002674E-03 7.73107040E-04-1.41783258E-03 9.33681127E-04 5.32634669E-02
12 11 2.89034690E-02-9.46524435E-04 3.00337723E-03-1.83774563E-04-1.15793282E-02
12 12 1.04801696E-02 1.04740789E-01 4.82557142E-04 9.37623479E-02 5.37045058E-02
12 13 8.50531101E-02-6.81689847E-03 9.16199916E-02-1.98341777E-02 1.03155823E-02
12 14-1.17467104E-02-6.94657521E-03 1.24569194E-03-2.04095521E-03-1.58125588E-02
12 15 2.85839819E-01-1.25929149E-01-4.56402375E-03-1.33721108E-02 2.24884358E-01
12 16-9.67846499E-02 2.00066717E-03-2.07353188E-03 2.16124181E-02-6.04868377E-03
12 17 1.65161839E-01 1.11510203E-01 7.34721991E-03-5.52532531E-03 2.40330788E-02
12 18-1.77276779E-01-1.26853634E-01-6.43247270E-03-2.73647545E-02-5.16459302E-03
12 19-6.29252148E-02-3.86813017E-02-8.48653330E-03-5.50117424E-03 5.74042490E-04
12 20 3.78472362E-02 1.41797728E-02-4.56292505E-04-2.16597120E-03-1.69310456E-03
12 21 1.16530946E-01 8.17934037E-02-7.19530642E-03-9.76672430E-03 1.75529794E-02
13  1 5.72322665E-02 3.85459099E-02 2.23673588E-03 1.89626684E-05-3.11580313E-03
13  2 7.98991446E-03-9.88287469E-03 1.42230766E-01 4.92380894E-02 5.83083865E-02
13  3-2.02362066E-02 9.42514268E-02 3.47321317E-02 3.77596413E-02 1.30313154E-01
13  4 1.38825512E-02 2.02734028E-02-2.05578825E-02-1.57747129E-02 1.68743293E-02
13  5 2.44370172E-01 7.51481804E-02 1.75028698E-01 6.09660033E-02 2.03774472E-01
13  6 5.44806993E-02 1.12877921E-01-1.27956875E-01 3.53752700E-02 3.81347324E-02
13  7-3.88751717E-02 5.32175003E-03-5.23350020E-03 1.03580663E-01 8.39509425E-02
13  8 5.17761825E-02-2.23650383E-02 9.37911573E-02 7.31626317E-02 5.21759069E-02
13  9 1.35717288E-02 1.43425990E-02 2.60600809E-03 7.68269258E-03-9.72784468E-02
13 10-6.81323970E-02-5.85636628E-03-1.15069174E-03 1.64500028E-03 4.92775382E-03
13 11 3.53218755E-03 2.63100266E-03 7.79437913E-04 8.54406449E-04-9.67871775E-03
13 12 1.69717383E-02-8.88394329E-02-1.49004813E-01-1.92404772E-01 1.62383545E-02
13 13-6.66742864E-02-1.36061960E-01-1.82184558E-01 2.39898861E-02-7.69483167E-03
13 14-1.87175098E-02-7.30579204E-03-5.81681234E-04 7.80189864E-04 4.09130738E-03
13 15 1.13202426E-02 4.24011250E-03 1.42725419E-03 5.50363411E-03 1.27879407E-02
13 16 4.40899649E-03-1.32532139E-02 1.11515322E-04 4.30279046E-03-2.07150802E-03
13 17 1.40618751E-03 1.55781569E-03 9.99816370E-05 1.64102965E-04 3.74015948E-04
13 18-6.68370525E-03 5.61318907E-03-3.99827262E-05-1.28810210E-03-5.21482012E-04
13 19 1.14520860E-01 8.94510569E-02 2.10831097E-02 4.44388920E-03-4.52230432E-03
13 20 1.65204020E-01 8.71800619E-02-9.96178021E-03 1.89159241E-04 3.65119602E-03
13 21 2.37245503E-02 1.82285300E-02 2.76179593E-03 4.77033365E-04 6.01690828E-03
14  1 1.40889201E-01 9.80750977E-02-3.62961066E-03-5.68123567E-03-7.17559778E-03
14  2-2.20284619E-02 1.88055468E-02-6.74934531E-02-1.99525208E-02 2.43430245E-01
14  3 1.20585690E-01-4.00764492E-02 2.98004162E-02 1.60994670E-01 3.03683402E-02
14  4-8.04615326E-03 2.35512809E-03 1.19678638E-02 4.53861046E-02-4.59541054E-02
14  5 3.35818676E-02 2.01422500E-01-1.02955975E-01-1.79996133E-01 6.99674491E-02
14  6 1.58706119E-01-8.01661821E-02-5.71225124E-02 2.36988529E-02 1.00675757E-02
14  7 3.51399482E-03-4.93231564E-03 6.86611970E-04 5.23053081E-02-1.09611678E-01
14  8 5.43168762E-02 3.89364568E-02 5.07859833E-02-1.09878119E-01 4.54481529E-02
14  9 8.76744451E-03-2.72958685E-03-2.52609892E-03 1.03722791E-02 5.21437873E-02
14 10 4.23076301E-02 4.62544749E-03-8.70183556E-05 4.72895969E-03 1.55252715E-03
14 11 1.52258214E-02-2.65638612E-03 1.19836594E-03 5.12423191E-03-5.53204284E-02
14 12 5.63935367E-02 1.67857834E-01 1.39336123E-01-1.38198552E-01 2.29333619E-01
14 13 1.47779068E-01 1.36084062E-01-1.20775484E-01 1.29046072E-01 1.05715057E-02
14 14 2.73765687E-02-1.70434075E-02 1.77600137E-02-1.84645338E-02-9.55363183E-03
14 15 4.82834831E-02-9.50688868E-02-7.36552640E-02-6.09497698E-03 3.73891065E-02
14 16-8.16531764E-02-2.97629667E-02-2.11014251E-04 1.13422310E-02-1.59970595E-02
14 17 6.39281822E-02 4.81419857E-02 2.45255644E-03-4.43632612E-03 6.88369084E-03
14 18-1.15233752E-02 4.49476961E-03-1.93505546E-03-8.44008118E-03-1.20160621E-03
14 19-1.00709803E-01-9.38881419E-02-1.07756833E-02-2.45204547E-03-9.61556118E-03
14 20-3.75140210E-03-1.96852599E-02 2.85621141E-03 1.91647786E-03-2.79554457E-03
14 21-6.97366181E-02-6.48883885E-02 4.91535713E-03 4.68375511E-03-7.60826121E-03
15  1-1.85699057E-02-1.72956445E-02 2.49254387E-03 1.46096459E-03 6.74062413E-04
15  2 6.82270442E-03-5.47577937E-03 7.79533882E-02 3.96199418E-02-6.35136443E-02
15  3-5.90692625E-02 2.79484563E-02 3.86960544E-02-2.61507317E-02 1.92903751E-01
15  4 1.72681023E-02 3.34130003E-02-3.89092617E-02 2.47726739E-02-2.42938259E-02
15  5 8.53451449E-04-1.51706829E-01 7.81865579E-02-9.02403068E-02 1.40256370E-02
15  6-1.45287295E-01 9.98461225E-02-2.40888703E-01 3.25651799E-02 4.33857813E-02
15  7-5.74184655E-02-6.99687549E-02 7.45565914E-02-1.78801644E-01 8.60119134E-02
15  8 2.14666434E-01 2.87064474E-01-1.62410570E-01 7.38312005E-02 2.01548245E-01
15  9 1.56836339E-01-2.10838934E-02 9.01814439E-03 2.57117065E-02-6.09070577E-02
15 10-6.07251604E-02-4.99337488E-03-3.32206041E-04-1.00864384E-03-1.22667537E-03
15 11 1.72966333E-02 1.78514698E-03 1.48154136E-03-1.63717114E-03-4.10810766E-02
15 12 4.09536882E-02 2.10537159E-01-7.69560998E-02-1.83208748E-02 1.79593565E-01
15 13 2.01605261E-01-7.05839946E-02-1.02161326E-02 6.89797978E-02 4.13085612E-02
15 14-2.89304929E-02-2.09353314E-03 2.34435730E-02-2.13278912E-02-7.22277786E-03
15 15-1.14777499E-01-1.40200436E-01-1.01659448E-01 5.63949997E-04-9.57735977E-02
15 16-1.42381670E-01-6.86852673E-02 2.89269135E-03-1.30383155E-02-4.56855705E-02
15 17 2.80456820E-02 2.04420268E-02-7.31198455E-05-8.11364543E-03-1.95652021E-03
15 18 6.94085946E-02 7.95137914E-02 3.19596285E-03 9.78222272E-03-6.01641321E-03
15 19-9.36101303E-02-7.65274185E-02-7.12064710E-03-1.01640426E-02-3.91642449E-03
15 20-3.79461606E-02-3.03260721E-02 4.71886049E-03-2.93152080E-03-2.55778169E-03
15 21-8.02153185E-02-7.99420479E-02-6.25447997E-03 1.14335372E-02 2.11799193E-03
16  1 1.09027192E-01 9.06984023E-02-4.11208165E-03 1.31806889E-03-7.67913755E-03
16  2-1.04254043E-03 2.30203747E-03-1.01035716E-01 2.86031039E-01 5.53655484E-02
16  3-4.34501355E-03-8.94500542E-02 2.20292655E-01 5.23839286E-02-1.54452532E-01
16  4-2.08963990E-02-6.44361653E-04 3.27747744E-02-2.71818088E-03 1.85420428E-03
16  5-2.05652892E-02-9.38662919E-02 6.15412655E-02 1.41514429E-02-2.05637522E-02
16  6-4.56447881E-02 5.94805481E-02 1.47382698E-01-3.08617561E-02-3.35427094E-02
16  7 5.81909138E-02 7.55612197E-03-3.10062164E-03-5.14927992E-02 9.48597949E-02
16  8 2.46756327E-02-5.22332592E-02-6.13156654E-02 9.79321175E-02 3.66353703E-02
16  9-6.02473286E-02-1.22519078E-02 1.90803292E-02 1.30167800E-02 4.49431855E-02
16 10 3.11242124E-02 1.72060647E-03 5.94934826E-03 1.61205227E-03-2.20385189E-01
16 11-1.88362787E-01 7.32040400E-03-1.30424500E-02 4.05757270E-04-1.92039621E-02
16 12 1.95153397E-02 7.92121902E-02-2.75339480E-02 2.12877506E-02 8.37545333E-02
16 13 7.83070666E-02-2.58133756E-02 2.91270153E-02 5.38321314E-02 2.16762828E-02
16 14 7.29009902E-03 3.18181690E-03-3.98165239E-02 4.05043752E-02 6.27292983E-02
16 15 1.13631635E-01 1.97664758E-01 1.66064713E-01 5.64316344E-02 1.05746350E-01
16 16 1.87789967E-01 7.03646490E-02 1.75250008E-02 2.41687464E-02 5.48354801E-02
16 17-6.56715198E-02-4.96448131E-02 2.91334610E-04 1.19631800E-02-1.48512232E-03
16 18-6.64998695E-02-7.03038877E-02 1.17030651E-03-9.27247513E-03 8.39708894E-03
16 19-3.63080970E-02-3.45026983E-02-2.80261096E-03-3.41527814E-03-6.58468419E-04
16 20-1.77035958E-02-1.53137880E-02 1.44358087E-03-1.87196379E-03-9.47084247E-04
16 21 4.28648220E-02 6.79647248E-02-1.44555586E-03-7.11086825E-04 3.74160214E-03
17  1 1.70635828E-01 1.40138009E-01 1.83724067E-03-4.84968735E-03-1.10997600E-02
17  2-2.73346617E-03 5.90458856E-03 2.84007447E-01 1.03149618E-01 1.33738479E-01
17  3-1.80246870E-03 2.43594984E-01 7.57873867E-02 1.29805480E-01-4.11913757E-02
17  4 2.31607062E-02 5.44645181E-03 2.45147273E-02-2.33526059E-03 3.79667916E-03
17  5-1.10463923E-01-6.33513779E-02-2.43844936E-02 4.67690903E-03-1.12968811E-01
17  6-3.96097748E-02-5.66258391E-03 1.59377215E-02-6.08177017E-03-1.59153213E-02
17  7 1.48905138E-02 4.79884378E-03-4.05788284E-03-8.33057947E-02-3.16767740E-02
17  8-8.76358591E-02-2.58331552E-02-8.44303069E-02-2.66778114E-02-9.14578656E-02
17  9-2.45839273E-02-2.31736604E-02 3.84253622E-04-1.28066018E-02-2.21494660E-01
17 10-1.90606045E-01-1.48287649E-02-6.36566668E-05 1.85801742E-03 2.29740069E-02
17 11 1.48192682E-02 4.36944406E-03 3.70322247E-03 2.72548798E-03 1.11628840E-02
17 12-1.49714633E-02-8.30359631E-02 1.14392664E-01 9.72216227E-02-3.47699532E-02
17 13-8.76003281E-02 1.20718314E-01 1.01007441E-01 2.66711446E-02-3.27477673E-02
17 14 3.67948903E-02 2.12664235E-02 5.40890690E-03-6.48192312E-03-4.31305037E-02
17 15-9.56905228E-03-1.20955189E-02-1.92366518E-02-4.48285258E-02-1.28338249E-02
17 16-1.14196042E-02 9.01164778E-03-1.57523247E-02-5.64167189E-03-1.89406197E-03
17 17 7.65672699E-03 3.33179637E-03-1.49032466E-03-1.00111166E-03 5.20023195E-04
17 18 7.79189062E-03-1.20214891E-02-2.48864585E-03 1.27468261E-03-3.71743109E-04
17 19 1.09076412E-04-2.73774596E-02-4.10805497E-03 4.81966887E-03 1.91654089E-03
17 20-8.72255332E-02-6.97123860E-02 7.21073671E-03-1.39042336E-03 1.51680586E-03
17 21 1.40290265E-02 1.40253254E-02-4.72348807E-03-3.53178232E-03-2.05522417E-03
18  1-3.78299854E-02-3.03376579E-02 3.48723976E-03-1.76566426E-03 3.05841075E-03
18  2 3.19430278E-03-5.67006346E-03 1.19438302E-01-1.59837751E-01-5.48971864E-03
18  3-6.92700682E-03 8.45244039E-02-1.12918577E-01-8.88966128E-03-2.20281528E-01
18  4-7.50076445E-03-5.08739132E-02 4.10192697E-02 2.31190979E-02-2.31840484E-02
18  5-4.46104232E-02 4.61107431E-02-1.49838154E-02-9.79021918E-02-6.07699230E-03
18  6 1.63933411E-02-8.09202815E-03 1.67697682E-01-3.08185878E-02-5.76883268E-02
18  7 7.59197426E-02-2.62381802E-02 2.35850449E-02-2.43759026E-02-1.16014213E-01
18  8 1.31743297E-01 1.22053448E-01-1.25614280E-02-1.24012652E-01 1.22350276E-01
18  9 4.02503014E-02-8.73580105E-03-2.20448846E-02 3.40077013E-02-7.86553763E-02
18 10-7.44030161E-02-5.46833662E-03-4.12368261E-03-3.36436320E-04 1.46692535E-01
18 11 1.43074999E-01-4.03454474E-03 9.86512456E-03 6.27783954E-04-2.22059294E-02
18 12 2.36788504E-02 9.11575757E-02-4.30350919E-02-2.08970207E-02 9.28426421E-02
18 13 8.54337509E-02-4.50379116E-02-1.48498089E-02 5.48023012E-02 2.81200288E-02
18 14-5.81036532E-03-7.01165434E-03-6.16968974E-02 6.40731766E-02 1.70536029E-01
18 15 1.45150696E-01 2.59055899E-01 2.56152339E-01 1.63714417E-01 1.37990189E-01
18 16 2.45973757E-01 1.11681347E-01 4.90370491E-02 3.42152620E-02 7.56841443E-02
18 17-9.79449022E-02-7.98427811E-02 3.89300518E-03 1.67772122E-02-3.50808625E-03
18 18-8.76742324E-02-8.69345842E-02 5.40580971E-03-1.22791262E-02 1.12958185E-02
18 19-3.77665215E-02-3.58791753E-02-1.99057123E-03-4.97166614E-03-2.11760138E-03
18 20-5.01150561E-02-5.43549606E-02 5.32186252E-03 1.00128019E-03-7.20959794E-04
18 21-8.31821064E-02-5.19949802E-02 6.85743938E-03 1.00885352E-02-1.32203216E-02
19  1 8.28627021E-02 1.00151772E-01-3.09570565E-03-4.07035882E-03-4.55767559E-03
19  2 1.98211895E-02-2.23800344E-02-6.18008560E-02-5.63713862E-02 1.82221540E-01
19  3-1.03925217E-01-5.80834104E-02-5.77498607E-02 1.34430343E-01-5.09490990E-02
19  4-8.06519826E-04-5.61291512E-03 3.12331706E-02 1.03385016E-02-1.31688456E-02
19  5 1.23362422E-01 2.58090524E-02-1.76436174E-01-3.31981065E-02 6.04755078E-02
19  6 5.73343597E-03-7.74666633E-02 8.27026639E-02-1.98700198E-02-1.79066381E-02
19  7-2.12027657E-02-2.97529112E-02 3.16433191E-02-3.93721528E-02 6.85333675E-02
19  8 1.45504535E-01 1.22972383E-01-3.47057825E-02 7.41740974E-02 1.39584366E-01
19  9 9.19492712E-02 7.56909117E-03 1.21712247E-02 2.70824382E-02 3.17762196E-02
19 10 3.92674276E-02 1.78545161E-03 7.41575822E-05 3.44064871E-03-1.10772714E-02
19 11-6.96751959E-03 1.57575647E-04-1.65423922E-03 2.79265662E-03 3.34233785E-02
19 12-3.79244383E-02-1.44325381E-01-4.53738117E-02 2.64535071E-01-1.24223060E-01
19 13-1.30872382E-01-4.30040248E-02 2.83329757E-01-1.43959902E-01-2.02588286E-02
19 14-3.35162771E-02 6.32396653E-02-1.13402685E-02 1.29819243E-02 2.19641959E-01
19 15-8.68685369E-02-6.31886252E-02 5.17704194E-02 2.26252927E-01-8.09894667E-02
19 16-7.30590377E-02 8.44107426E-03 7.87672060E-02-2.63845674E-02-3.40996186E-02
19 17-2.47446466E-02-2.55730831E-02 8.72492653E-03-1.54912285E-03-6.96018267E-03
19 18 1.23385015E-02 1.55211316E-04 1.17770558E-02 7.96315838E-03-4.61081567E-03
19 19 7.50308299E-02 9.73774519E-02 6.98841910E-03 2.92622423E-03 1.07853678E-02
19 20 8.20525361E-02 9.92827183E-02-6.81600386E-03-4.26751326E-04-2.78666888E-03
19 21-6.36860433E-02-7.51556871E-02 2.10565802E-03 7.50677626E-03 1.15687330E-03
20  1 2.59610886E-02 3.52868242E-02 7.51916915E-05-6.56553047E-04-2.88370951E-03
20  2-1.04599385E-02 9.54969778E-03 3.84465050E-02 6.56720508E-02-1.78275481E-02
20  3 6.47818079E-02 2.45929278E-02 4.51125300E-02-3.72653530E-02-3.03947072E-02
20  4 1.28230419E-02-5.04599670E-03 8.95409783E-03-1.26421064E-04 2.18767145E-03
20  5-1.44608966E-01 1.28535786E-02 4.62248185E-02 6.59574905E-03-6.30923579E-02
20  6 7.94913907E-03 3.17209700E-03 5.90332087E-02-5.41005149E-02 2.26644418E-02
20  7 1.48152587E-03 2.55719169E-02-2.90340606E-02 2.58250362E-01-2.73727206E-02
20  8-1.53060204E-01-8.56721369E-02 2.65160290E-01-4.00073975E-02-1.41859862E-01
20  9-9.16475309E-02 7.92921725E-02 5.61214871E-03-4.59419393E-02-3.74056423E-02
20 10-5.29904420E-02-3.47815946E-03 3.26754881E-04 3.37570345E-04-2.05286929E-02
20 11-2.74758367E-02 1.69165202E-03-7.94842861E-04 2.70155780E-04-1.74477223E-02
20 12 1.76543730E-02 1.31674089E-01-1.87306006E-01 3.26907883E-02 8.06138143E-02
20 13 1.25448933E-01-2.00600742E-01 3.52433399E-02-3.27053891E-02 5.68710502E-02
20 14-8.82514938E-02 3.96031659E-03 6.29938180E-03-4.97184654E-03 2.55467770E-01
20 15-7.88674018E-02-1.34756412E-01-3.32110472E-02 2.66388433E-01-7.43799445E-02
20 16-1.36344955E-01-3.79699830E-02 9.85944679E-02-2.60562059E-02-5.25519598E-02
20 17 8.37610135E-03 1.45758655E-02 1.25236163E-02-5.09292779E-03-4.75803472E-03
20 18 1.00516538E-02 3.70225901E-02 1.32529071E-02 2.95153356E-03-6.90277127E-03
20 19-4.15746948E-02-2.39026379E-02-7.26961740E-04-1.11948922E-02 1.32082537E-03
20 20-1.21969983E-01-1.48855205E-01 1.00272639E-02 4.04395617E-03 6.60667571E-04
20 21 7.07448049E-02 6.56882251E-02 4.65857174E-03-1.09944885E-02 1.29400220E-02
21  1-5.03923301E-02-7.43389853E-02 1.12492473E-03 2.83608868E-03 3.36507278E-03
21  2-1.16831484E-02 1.44204521E-02 8.04974222E-03 3.07897450E-02-9.78673284E-02
21  3 5.58184739E-02 2.94486988E-02 3.86604535E-02-5.84935287E-02-1.59511251E-01
21  4-1.05391323E-02-1.59601498E-02 1.27202131E-02-1.30210092E-02 1.25339293E-02
21  5 3.76813319E-02-5.02464141E-02 6.83497305E-02 4.92537011E-02-7.56573131E-03
21  6-1.59076168E-02 1.99040707E-02 1.78299806E-01-2.24420375E-02-5.85093643E-02
21  7 7.41035171E-02 2.78594939E-03 1.82795969E-03-1.68308638E-01 3.56388698E-02
21  8-1.04068497E-01-3.34118114E-02-1.84943432E-01 4.40941892E-02-1.03062389E-01
21  9-4.99161534E-05-4.92049580E-02 1.77735962E-02-5.37316887E-02 1.20389339E-02
21 10 2.37386402E-02 2.33896122E-03 7.14118789E-04-2.41651822E-03-7.39892727E-03
21 11-1.21467704E-02-1.63018807E-04-2.66839970E-04-1.97483461E-03 1.96480525E-03
21 12 1.40922248E-03-7.44207037E-02 2.41601677E-01-1.98746119E-01-2.77880488E-02
21 13-7.56870311E-02 2.50205824E-01-2.19290477E-01 2.46780758E-02-1.79989563E-02
21 14 1.13405854E-01-7.46803609E-02 1.13863815E-03-1.57679137E-03 3.28755962E-01
21 15 2.33838502E-02-9.06321122E-02-8.91812962E-03 3.40309957E-01 1.57533458E-02
21 16-9.18272793E-02-2.43978188E-02 1.29009572E-01 1.64809995E-02-4.00681257E-02
21 17 9.83815111E-03 1.26871530E-02 1.61369004E-02 3.92971343E-04-2.37335565E-03
21 18-1.62161617E-02-3.21610395E-03 1.10888040E-02-1.20052945E-02-8.04398955E-04
21 19 3.37897290E-03 2.15664639E-03-2.79301534E-03 1.21170982E-02-7.45310953E-03
21 20 5.14113065E-02 7.12340573E-02-4.57236420E-03-3.29950440E-03 2.02424079E-03
21 21 1.65329247E-02 8.36416517E-03-8.56697086E-03-4.87805891E-03 4.79379508E-03
22  1-3.01358051E-02-2.59298678E-02 9.64243669E-04 1.81978724E-03 2.00994185E-04
22  2-1.26535860E-02 1.42527552E-02 2.97311757E-02 1.48427888E-02-7.89363979E-02
22  3 6.05257617E-02 1.72326383E-02 5.67686986E-04-7.93161965E-02-6.95707514E-03
22  4 7.85267137E-03-2.38803097E-04-5.87653925E-03 3.17311488E-03-1.86469579E-03
22  5-8.58095381E-02-5.52602158E-02 2.48171243E-02-1.25320858E-02-4.88566816E-02
22  6 1.91890270E-02 5.60074847E-02 2.47451706E-02-3.67224463E-02-1.46841684E-02
22  7-1.75508044E-02 5.17792823E-03-2.03487544E-03 2.86879144E-01 2.05954775E-01
22  8 2.52990935E-01-4.33792099E-02 2.92041478E-01 2.25053322E-01 2.61888998E-01
22  9-3.40727978E-02 1.13864361E-01 7.90502991E-02 9.10977468E-02-1.79703994E-02
22 10-3.36676882E-02-1.41662922E-03-5.36423014E-04-9.17230949E-04 1.26609464E-02
22 11 5.48232985E-03-9.48130922E-05 1.32227350E-03-3.52747205E-04-1.13492868E-02
22 12 5.78698138E-03-7.62580489E-02 2.65249906E-01 1.05012593E-02 8.63130009E-02
22 13-8.01758694E-02 2.78440259E-01 2.97219876E-02 2.51297739E-03-1.49327046E-02
22 14 1.07577608E-01-1.03999875E-02 2.36716040E-03-2.45200557E-03 1.69499659E-03
22 15 2.30399750E-02 1.89733250E-03-1.21332806E-02 2.88931979E-03 2.23166601E-02
22 16 3.10427769E-03-3.69803379E-02 6.49100948E-03 2.15945039E-02-5.02613809E-04
22 17 6.03053159E-03 1.31795781E-02 3.31419711E-04 4.16478719E-04 1.28747741E-03
22 18 7.56646318E-04 1.06096540E-02-1.88281203E-03-3.61000636E-03 2.13817857E-03
22 19-2.50288958E-02-1.86335497E-02-8.02740136E-03 9.58261445E-03-6.95142034E-04
22 20-9.65052772E-02-1.33439787E-01 8.47032429E-03 3.51936080E-03 3.75880275E-05
22 21 1.02535270E-02 1.73737846E-02 1.23563761E-02 6.93652039E-03 1.21973244E-02
 $END   
 $GRAD  
E=     -306.3400953436  GMAX=   0.0000723  GRMS=   0.0000166
H            1.   -2.0914545755E-05    5.1170453002E-06    1.3525837148E-06
C            6.   -3.9996777496E-05   -1.5177374266E-06   -9.1270779510E-06
C            6.    2.2929792740E-06    4.8889388293E-07    6.8864949250E-06
O            8.    1.8870163753E-06    4.3190849777E-06   -4.9649274647E-06
H            1.   -2.3693693751E-06   -9.0985625337E-06   -1.2348995007E-05
H            1.   -6.3001271258E-06   -1.4644446247E-06    1.0759420992E-07
O            8.    7.2299428204E-05    1.5445309538E-05    1.9168859704E-06
O            8.   -2.5082026795E-05    9.8437278534E-06   -1.0164870582E-05
H            1.    1.7997733309E-05    5.9113222940E-06    7.5775335560E-06
H            1.    1.7003931078E-05   -1.1736730007E-06    6.4158472515E-06
H            1.   -1.7734079542E-05   -1.6095750291E-05   -1.1033873241E-05
H            1.   -3.7146578546E-07   -4.2519851534E-06    1.8843268875E-05
H            1.    1.2873285782E-06   -7.5232359431E-06    4.5395427146E-06
 $END
-------------------- DATA FROM NSERCH=   2 --------------------
 COORDINATES OF SYMMETRY UNIQUE ATOMS (ANGS)
   ATOM   CHARGE       X              Y              Z
 ------------------------------------------------------------
 H           1.0   3.1713140752   0.6358629714  -0.2507481798
 C           6.0   2.9248871505   0.1717607082  -1.2091120958
 C           6.0   3.3948857977   1.0625361517  -2.3437643198
 O           8.0   2.6801273602   2.3248631066  -2.2560040725
 H           1.0   1.8405158715   0.0326554678  -1.2618936851
 H           1.0   3.4203210996  -0.8002879833  -1.2702100544
 O           8.0   3.1604775332   0.4457705203  -3.6655421510
 O           8.0   3.7518493855   2.9105601256  -4.7373518827
 H           1.0   3.5142855562   3.3400435538  -5.5634321036
 H           1.0   3.5706762635   1.9560265792  -4.8122187122
 H           1.0   2.2568052354   0.1067197676  -3.7116670083
 H           1.0   4.4712202351   1.2307627258  -2.3349570647
 H           1.0   2.9743193157   2.8749526897  -3.0079103342
--- CLOSED SHELL ORBITALS --- GENERATED AT 23:53:38 11-SEP-2026    
Acetaldehyde hydrate and water -- forward IRC endpoint, unconstrained opt       
E(R-WB97X-D)=     -306.3400954616, E(NUC)=  199.1895172494,    5 ITERS
 $VEC   
 1  1-2.45741758E-05-9.11015802E-05 5.05895387E-06 3.62866609E-05-2.52509081E-05
 1  2 2.73819547E-05 9.09265258E-05-2.68452738E-05-3.36906853E-05 4.45243155E-05
 1  3-6.65603195E-04 9.94891778E-05-3.62999504E-05 5.57158680E-04 3.16461922E-03
 1  4 3.43099534E-05 3.22413221E-04-8.64120746E-04-8.70177025E-05-2.36082845E-04
 1  5 4.58536115E-06-7.57533101E-05-2.38587486E-04 1.72957866E-03-4.16154176E-04
 1  6-3.75924487E-04-5.29115107E-04-4.65334187E-03 9.21707344E-04 1.07347804E-03
 1  7 1.75969397E-04 6.80483493E-05 1.53158288E-04-1.08157741E-05-3.37218964E-05
 1  8-2.83191814E-05-5.39908088E-04-2.37472799E-05 3.25018661E-04 2.33938651E-04
 1  9 1.89306083E-04-5.32168489E-05 4.36424532E-05-4.05762130E-05 1.00631570E-04
 1 10-1.36854418E-05 1.30054824E-05-1.42189138E-05 1.20176403E-06 6.76754975E-05
 1 11-7.70145911E-05-2.49556484E-05-4.13256846E-06-8.82382777E-06 9.93872344E-01
 1 12 2.67661600E-02-1.07013237E-03 1.71978733E-04 1.13513500E-03-5.85371158E-03
 1 13 3.93284712E-04-4.05175492E-04-1.12241815E-03 3.37306845E-03-9.84553497E-05
 1 14 3.55891833E-04 5.88369079E-04-3.89283750E-05 8.19249818E-06-8.90647448E-06
 1 15-1.97630058E-05 1.46619840E-05 2.28406203E-05 3.25397768E-05 1.06178799E-04
 1 16-8.01690161E-05 2.42941228E-05-7.40430730E-05 9.64076251E-05-1.37833444E-04
 1 17-1.01873802E-05-1.59199284E-04-1.62363551E-05-6.36019938E-06-2.30009617E-05
 1 18-1.77054964E-05-4.22958533E-05 2.66073787E-06 1.15786420E-05 6.02300554E-06
 1 19 3.23139693E-04-1.24259844E-04-2.70517009E-04-7.64676590E-05 5.76800245E-05
 1 20-1.11830081E-04-3.50035028E-04 9.59339213E-05 6.00636870E-05 1.09503921E-04
 1 21 6.15695803E-05-1.20375720E-04-2.25900136E-05 2.43331822E-06 2.23414563E-05
 2  1 6.08255602E-05-9.49625542E-05-3.07939827E-05 1.33046349E-05-7.63662366E-07
 2  2 2.25718150E-05 8.28720925E-05-2.92626271E-05-1.31253560E-05 2.47055273E-05
 2  3-4.47862479E-04 2.52296935E-04-4.55344088E-04 2.01820678E-04 3.51891132E-03
 2  4 9.98218948E-05 6.92565129E-04-5.54091082E-04-8.24124573E-05-1.94165740E-04
 2  5-9.10017597E-05 2.40540650E-04 4.77255437E-06 1.73926865E-03-4.41182922E-04
 2  6 7.64201012E-04-1.16385410E-04-4.30074533E-03 1.05606032E-03 2.04210061E-04
 2  7-1.24125016E-03 9.93878449E-01 2.68343921E-02 1.12552028E-03-5.14947069E-04
 2  8-1.10081729E-03-6.12912405E-03-9.33544530E-04 7.90132116E-04 7.67157276E-04
 2  9 2.37076256E-03 2.49606529E-04-5.38389081E-04-3.21274854E-05 9.38858108E-05
 2 10-1.13250431E-05 9.83770008E-06 9.54578917E-06 2.28613571E-05-3.45223469E-05
 2 11-1.45686522E-04 1.00896107E-05 6.48830290E-06-3.86609760E-05-2.59012647E-05
 2 12 1.49941164E-04-9.63776238E-06 4.03800357E-05 1.83736873E-05-5.20872010E-04
 2 13 6.68550015E-05-3.35762882E-04-2.43283335E-04 3.61100999E-04-2.44727855E-04
 2 14 4.05332586E-06 1.61650382E-04-1.74342874E-03-3.90679124E-05-2.82249602E-05
 2 15-2.01101913E-05 5.30127267E-05 1.02336112E-04 9.97356199E-05 1.34328293E-04
 2 16-2.13931367E-04-6.38815353E-04 2.71671885E-05 2.31959389E-04-4.04881083E-04
 2 17-4.60934156E-05-1.67712945E-04-5.27505900E-05 1.46559214E-05-1.95250730E-05
 2 18 3.25857600E-05 2.00346903E-04 7.81896630E-06 1.72112154E-05 2.77941310E-06
 2 19 8.95451364E-05-3.72671745E-04 3.56460180E-06 1.36148030E-06-1.93547326E-05
 2 20-1.46209760E-04-4.21153207E-04 1.40213014E-04-1.20618668E-04 1.90361907E-05
 2 21 3.18807611E-04 6.59500388E-04 1.09638275E-04 2.49945093E-05-1.74241574E-04
 3  1-6.93000393E-07 9.57909595E-05-9.66670775E-08 3.74809994E-06-1.28419773E-05
 3  2 1.20080551E-05 6.83731812E-05 6.06908270E-06 1.28157669E-05-1.76231915E-05
 3  3-4.10147343E-04-3.83859296E-05-1.24552427E-04 1.81973371E-04-1.06465808E-02
 3  4-9.07855487E-04-1.55645392E-03 2.09804059E-03-1.11342954E-05-5.23524471E-05
 3  5 1.85096950E-05 1.70677616E-05-4.92971987E-06 5.51135352E-04-1.71211494E-04
 3  6-1.53881065E-04 2.67649993E-05 1.00895224E-02-1.26246708E-03-2.67282084E-03
 3  7 3.21473479E-03 1.74466729E-03 6.01835999E-05 8.66678209E-07-2.96302138E-06
 3  8-1.11193187E-05-3.18374984E-05 3.20143252E-06 4.10509294E-05 3.39877090E-05
 3  9-1.97325852E-04-1.39926530E-04-6.18330219E-05 3.59770293E-05 4.03444934E-06
 3 10 1.41850360E-04 1.31067738E-05 2.35388066E-06-9.92622180E-06-1.90855980E-06
 3 11 1.27568704E-04-5.88493273E-06 1.03292575E-05-8.73683239E-06 4.14842417E-05
 3 12 1.53693133E-05-2.95303732E-06 3.24103278E-05-1.06334866E-05 3.54013743E-05
 3 13 4.90164685E-05-1.08742917E-04 3.37353025E-07-1.31171164E-03-6.49676314E-06
 3 14-4.69302124E-04-8.61119592E-05 9.93832516E-01 2.66093190E-02-6.07285486E-04
 3 15-6.38021508E-04-1.18272330E-03-5.17381565E-03 3.02665541E-04 4.47779779E-04
 3 16 4.85284150E-04 2.00125939E-03-4.69311949E-06-6.32032433E-04 9.13747337E-04
 3 17 1.59008248E-04 7.85706386E-04-7.46101435E-05 9.61646706E-05-2.74122238E-04
 3 18 2.09779223E-04 6.50992582E-04-6.55822244E-05-2.10465034E-04-3.16014709E-05
 3 19-5.65481626E-06 2.63949559E-04 1.15224422E-06 4.69383243E-05-1.75558452E-05
 3 20 2.45549755E-05 2.78916909E-06 1.09347988E-05 1.62366249E-06-1.05899835E-05
 3 21-6.04639687E-05-1.37894560E-05-6.13133957E-07-1.84447623E-05-1.74883466E-05
 4  1-1.30580932E-04-2.40659477E-04 1.04362510E-05-1.20252453E-05 3.00128303E-05
 4  2 8.69310271E-04-3.02078494E-04-2.23589611E-05 2.86867919E-05-4.46652641E-05
 4  3 3.20980634E-03 5.04082185E-04 9.63407141E-04-1.26128899E-03 3.90763060E-03
 4  4 4.43898050E-04 5.17699364E-04-4.80688436E-04 9.94549625E-01 3.07994285E-02
 4  5-5.70712620E-04 2.63053570E-04-6.08880556E-04-1.51558698E-02 1.20853410E-03
 4  6 2.68938414E-04 7.60015523E-05-6.43886558E-03 3.22258876E-04 5.17445242E-04
 4  7-7.03177154E-04-1.12404279E-05 1.96319854E-04 7.85993506E-05-9.59552712E-05
 4  8 2.92163135E-06 4.63735066E-04 4.96404615E-05-5.24672707E-04 6.93696955E-05
 4  9 3.83945693E-03 1.10410332E-03-1.19907518E-03-3.14687695E-04-1.79795068E-04
 4 10-1.67998694E-04-2.03112793E-05-1.36504915E-06 5.05891246E-06-1.39666447E-04
 4 11-2.43158290E-04 1.59335535E-05-2.47319103E-05 2.90666070E-05-1.60420267E-05
 4 12 1.63027789E-04 7.44444298E-05 7.35457439E-05 1.06635471E-04 5.42197975E-04
 4 13-1.62247557E-04 9.36400245E-05 4.89382985E-04 4.05039624E-03 2.10928617E-04
 4 14 7.52166787E-04 1.43219244E-03 1.00452828E-08-3.28801336E-06-7.65845186E-06
 4 15-2.46016585E-06 1.68904991E-05 6.92597633E-05 3.08888682E-05 8.39516332E-05
 4 16-1.23442435E-04-3.79656866E-04 7.84784121E-05 3.14972843E-04-4.69046285E-04
 4 17 1.28070320E-06-2.53028074E-04-3.36518754E-05-4.24676568E-06-1.50952337E-05
 4 18-4.38922618E-05-5.37948330E-05 2.46341248E-05 4.71800005E-05-3.55564231E-05
 4 19-5.97656029E-05-3.73025984E-04 4.03560136E-05 5.95705906E-05 1.37168320E-04
 4 20 5.13590953E-05 1.49740701E-03 3.60501539E-04 2.25507207E-05 5.23326822E-05
 4 21 5.10476150E-05-1.41122557E-04 5.44262454E-05-1.78724021E-04 7.57962444E-05
 5  1-1.60609316E-04 2.19977544E-03 1.65378954E-04 3.37558726E-04 4.44677129E-04
 5  2 9.94284456E-01 3.11295053E-02 3.04837748E-05 1.15397937E-04-1.53245877E-04
 5  3-1.33139524E-02-2.47708922E-04-9.67027823E-04 1.18960526E-03-1.87815226E-03
 5  4 6.57066644E-05-3.32544944E-04 3.13510560E-04-9.63069518E-04-1.78271175E-04
 5  5-3.24466245E-06 2.47531864E-05-4.99192158E-05 2.54917492E-03-5.07401512E-04
 5  6-1.16629831E-03 1.65916130E-03 5.20752024E-04 9.73653280E-05 1.03418756E-04
 5  7 1.37504790E-04 1.36322964E-05 2.47296532E-05-3.34852688E-06 7.74479545E-05
 5  8-4.55984686E-05-3.90601748E-04-3.62752994E-05-2.18048506E-04 1.86166306E-04
 5  9-8.09181712E-05-2.22295944E-04-4.78451898E-04 7.62934020E-04-1.48546118E-04
 5 10 2.38354653E-03-5.55099998E-04 3.94383694E-07-1.17301057E-04-1.58234478E-04
 5 11 2.07934965E-03 3.13500873E-04-4.86431950E-04-1.24380989E-04 5.17693737E-06
 5 12-3.45189538E-06 2.26937004E-05 5.28853225E-06-6.77217113E-05-1.78891305E-04
 5 13-7.55213517E-05 5.70153084E-05 4.66282271E-05 1.54458856E-03-3.49821379E-04
 5 14-7.08826854E-05 7.73079370E-04 8.11627131E-06 5.67389580E-05-7.84823835E-06
 5 15 2.45743375E-06 6.86717680E-06-2.13095496E-04 4.44644848E-05 3.89521462E-05
 5 16-3.30206200E-05 2.57872918E-04-4.75383228E-05-5.38083158E-05 9.99970936E-05
 5 17 1.78430175E-05-3.00441242E-05-3.93184753E-06-1.19980688E-06 1.20958215E-05
 5 18-2.23442905E-05 1.98659046E-04 9.88753808E-06 2.74037273E-05 1.68834527E-05
 5 19-6.47492373E-05-3.68842271E-04 9.63683072E-06-2.34898716E-05-2.69714046E-05
 5 20-1.62784408E-04 2.10522070E-04-2.26070822E-05 1.46556139E-05-1.06761036E-05
 5 21 3.54313444E-05 8.70625269E-04-2.27374264E-05-7.67196889E-05 9.39260075E-05
 6  1 5.26055398E-03 6.67378130E-03-4.81322451E-05-7.25665690E-04-1.03060013E-03
 6  2-1.96797421E-02 1.87448255E-02 3.52349533E-03 1.21726501E-02-1.70306769E-02
 6  3 3.28450727E-02-9.50214742E-03 2.91598413E-03-1.28939175E-02-1.30472190E-01
 6  4-8.24577542E-03-1.91667705E-02 2.41986728E-02-9.46314842E-02 1.07465053E-01
 6  5-3.81968736E-02 1.86139160E-02-4.54914262E-02 1.77396737E-01-3.69135616E-03
 6  6 1.47943278E-03-5.24845659E-03 1.79199902E-01-2.71697078E-02-2.59184855E-02
 6  7 2.52853358E-02-1.35576022E-01 1.40909735E-01 4.00498144E-02-2.98958418E-02
 6  8-3.86865369E-02 3.96653822E-01 4.19632238E-02-3.79836829E-02-4.06417187E-02
 6  9-4.34592093E-02-1.43561637E-02 2.18644691E-02 1.14717244E-03 4.39446535E-03
 6 10-8.96708504E-04 4.53146576E-04 3.98253908E-04-1.99430407E-04 5.12150226E-03
 6 11 3.56698337E-03-1.52210868E-04 1.01023682E-03 3.05531214E-04-1.60880051E-01
 6 12 1.68448777E-01-4.03443597E-02 1.37830774E-02 5.24695846E-02 4.69837159E-01
 6 13-3.03376800E-02 2.70313751E-02 5.98204179E-02-5.66582231E-02-9.91828148E-05
 6 14-1.05976078E-02-2.82984736E-02-3.46432556E-02 3.79545407E-02-6.03278905E-03
 6 15-8.18008197E-03-7.13255263E-03 9.17051633E-02-7.52041272E-03-1.15033834E-02
 6 16 2.19633321E-03 1.19770735E-02 1.28504678E-03-7.09866063E-03 1.24671246E-02
 6 17 1.78026672E-02 1.12420362E-02 1.73767937E-03-2.10970169E-03 3.99139239E-03
 6 18 2.39019115E-02 4.48594939E-03-7.13548150E-05 2.04887461E-03 1.58648599E-03
 6 19 7.92799019E-02 2.40228912E-02 1.46806562E-02 5.03117017E-03 5.25429270E-04
 6 20 2.69163074E-02 3.05363808E-03-5.95792635E-03 8.70371701E-05-1.99698093E-03
 6 21 6.39677938E-02 7.79241590E-03-3.41092342E-03-6.34085588E-03 8.22012921E-03
 7  1-1.45988877E-03-4.29228093E-03 5.47497649E-05 1.22683864E-04 5.39806245E-04
 7  2 4.06432360E-03-5.61735619E-03-9.36965107E-04-2.14425806E-03 4.03143095E-03
 7  3 3.95868877E-03 3.17145047E-03 5.01763474E-03-6.60791489E-04 2.29288943E-01
 7  4 1.86531199E-02 3.22947028E-02-4.62841935E-02 1.65664808E-02-1.82362936E-02
 7  5 5.48349262E-03 4.72880749E-03 1.19397542E-02-4.45677914E-02 7.64670597E-03
 7  6 7.87411271E-03-3.94136354E-03-2.29443921E-01 3.02802270E-02 5.93083606E-02
 7  7-6.20845590E-02 7.31442644E-03-6.78791761E-03-1.69491571E-03 6.68715256E-03
 7  8-1.02883849E-03-2.55564211E-02-3.08512418E-03 3.90711907E-03 2.44143609E-03
 7  9 9.30014198E-04 3.57509021E-03-1.79884545E-03 2.17318569E-03-1.27217696E-03
 7 10-2.81194636E-03-3.19268738E-04-2.25356261E-04 1.58612489E-04-1.20621495E-03
 7 11-3.10695154E-03 3.51995507E-06-4.22921859E-04 1.27184513E-04 4.06192734E-02
 7 12-4.30939634E-02 1.26564181E-02 1.54581090E-03-1.48500966E-02-1.24025551E-01
 7 13 7.51632602E-03 4.50675391E-04-1.74509534E-02 4.88820062E-02-2.16263664E-03
 7 14 1.49283595E-02 1.15173349E-02-2.27096516E-01 2.49978192E-01-3.55323497E-02
 7 15-3.72123435E-02-7.07605213E-02 6.43598825E-01-2.90157386E-02-3.14663181E-02
 7 16-5.01626929E-02 3.02220259E-03-8.57954591E-04 1.12478918E-02-2.21580778E-02
 7 17 1.28300264E-01 1.22822197E-02 6.15828517E-03-1.39762987E-02 2.25062194E-02
 7 18 1.17845939E-01 1.31487743E-02 4.27333489E-03 2.55142282E-02-9.16312032E-04
 7 19-2.23073348E-02-1.58904146E-02-4.23527088E-03-2.13587662E-03-1.04967688E-05
 7 20-4.93495454E-03-4.59029101E-03 1.12155637E-03 5.49291214E-05 9.92525028E-04
 7 21 8.54808374E-03 1.27320942E-02 9.06881528E-04-3.79839518E-04-2.02082906E-03
 8  1 2.90055955E-04-5.04958893E-03 7.08258717E-04 2.92866623E-04 3.28858301E-04
 8  2-2.53327078E-03 2.26043276E-03-5.51032393E-04 8.27102503E-03 2.29542577E-03
 8  3 8.03583384E-03-5.10043393E-03 2.15323328E-02 1.08449568E-02-6.83539952E-02
 8  4-7.67619036E-03-1.34462384E-02 8.06337056E-03-1.38961182E-02 1.55981383E-02
 8  5-2.22991593E-02 8.95143952E-02 5.25044859E-02 2.76824623E-02 6.65211597E-03
 8  6 3.72319755E-03-4.25552569E-03 6.22989487E-02-7.79667095E-03-5.00525604E-03
 8  7 3.85292675E-02-1.77875428E-01 1.89175066E-01 4.75693479E-02-1.31207661E-02
 8  8-4.54334981E-02 5.33370347E-01 5.37036618E-02-3.34850860E-02-3.71736281E-02
 8  9-8.02502258E-03-7.27727418E-03 1.94162512E-02-1.67574962E-03 2.55659081E-04
 8 10 2.22667209E-04 1.25224527E-04-5.07989952E-04-6.02770869E-04 9.40442816E-04
 8 11 6.97963354E-03-8.39457758E-04 4.67757967E-04 3.12951695E-04 1.53417236E-01
 8 12-1.64514183E-01 4.48786198E-02 6.74565711E-03-3.14959526E-02-4.58777932E-01
 8 13 2.68417688E-02-4.95744125E-03-4.68469448E-02 6.40167285E-03-9.30056460E-04
 8 14 5.62579562E-03 7.26828024E-03 2.08521703E-02-2.33600625E-02 2.72066495E-03
 8 15 5.53034608E-03 9.51022674E-03-5.97932544E-02 1.98218266E-04 2.37375193E-03
 8 16 1.07909163E-02 1.51407181E-02-1.01824650E-03-7.47048776E-03 7.69839680E-03
 8 17-1.19986285E-02 6.29233017E-04-1.25115138E-04 1.12599892E-03-1.87465530E-03
 8 18-1.77236450E-02-1.20812102E-02-6.53268603E-05-1.45325975E-03-1.27492978E-03
 8 19-8.86476966E-02-1.89481007E-02-1.68453011E-02-5.75244528E-03 5.38769580E-05
 8 20 3.10163388E-03-5.54431431E-03-1.09611693E-03 3.33662883E-03 2.39258749E-03
 8 21 9.23285515E-02 6.41496684E-03-6.30156050E-03-8.69237651E-03 1.48007568E-02
 9  1 8.71647324E-02 9.08942763E-03-2.47323465E-03-4.45676376E-03-9.90887734E-03
 9  2-1.70583385E-01 1.84203447E-01 2.25871362E-02 3.46514446E-02-4.19592435E-02
 9  3 4.20953230E-01 8.48862166E-03 9.69476734E-03-1.58294386E-02 5.00214748E-02
 9  4-3.38036313E-04 7.53859503E-03-1.19911698E-02-1.21796807E-01 1.30769544E-01
 9  5-5.13726454E-03-6.74038596E-02 9.27147727E-02 3.37843485E-01-1.12031126E-02
 9  6-2.00803800E-02 2.28886482E-02 1.47917553E-02-1.05557008E-03 4.67881637E-03
 9  7-7.26792594E-03 4.88783354E-02-5.42632021E-02 4.21176014E-03-7.31613655E-02
 9  8 5.06417049E-02-1.64074494E-01-2.48596463E-03-3.73405198E-02 3.82519399E-02
 9  9-5.75948462E-02-7.23441389E-03 1.79864301E-02-8.31573808E-03 8.43452106E-02
 9 10 7.10170944E-03 1.10220552E-02 1.58902975E-03 2.89990150E-04 8.64729848E-02
 9 11 6.12785241E-03-4.82743821E-03 9.81645915E-03 4.41767542E-04 4.90481883E-02
 9 12-5.43690681E-02 4.46041793E-02 1.70908903E-02 5.32031207E-02-1.65573913E-01
 9 13 3.53499914E-02 4.63771793E-03 2.83310807E-02-8.11953460E-02 6.77736389E-03
 9 14-4.25456354E-03-2.36735872E-02-4.46252503E-03 5.00931309E-03 1.49004410E-03
 9 15 3.26672542E-03-8.63973424E-03 1.48350489E-02 1.84390048E-03 1.70194589E-03
 9 16-6.16684050E-03-5.49517691E-03 1.42969187E-03-1.81015700E-03 2.84398706E-03
 9 17 6.60388950E-03 7.85154878E-03 3.89781390E-04-6.78082652E-04 1.15018914E-03
 9 18-2.54125875E-03-1.19866690E-03 2.66359599E-04 5.61274257E-04-2.29732840E-04
 9 19-5.29648772E-02-7.55583555E-03-9.97693503E-03-3.46618784E-03 1.92721057E-03
 9 20 6.40596380E-02 1.06692915E-02-7.52772759E-03-2.15195902E-03 1.06111662E-03
 9 21-6.57287768E-02-3.25216598E-02 4.41582165E-03 7.35864285E-03-1.07845308E-02
10  1-8.07512270E-02-2.53579897E-02 3.03387404E-03 5.73920123E-03 6.95033040E-03
10  2 1.10497754E-01-1.13112233E-01 3.87681421E-02 4.26602522E-02-5.51381376E-02
10  3-3.54062450E-01 1.48918714E-02 8.28000806E-03-6.52669846E-03-1.23807578E-01
10  4-9.53031256E-03-1.49955905E-02 1.73234270E-02-1.29089410E-01 1.39119762E-01
10  5 9.13095689E-02 3.92809036E-02-8.84949475E-02 4.54744672E-01 5.35650799E-02
10  6 1.51197455E-02-3.90716641E-02 1.43052259E-01-2.23176675E-03-1.57619204E-02
10  7 1.87279954E-02 4.23500714E-02-4.89658675E-02 5.08357658E-02-1.00332295E-01
10  8 1.80084368E-02-1.50409503E-01 3.96814187E-02-7.19396456E-02 1.03687278E-02
10  9-6.19518530E-02-1.32104862E-02 2.62126370E-03 8.27425572E-03-9.14428739E-02
10 10-2.64382344E-02-9.19834920E-03 1.48867578E-04-2.01237890E-03-7.89682227E-02
10 11-2.23097583E-02 5.32664241E-03-7.30097136E-03-2.52894472E-03 2.25074496E-02
10 12-2.92223740E-02 1.48053973E-01 1.08323841E-01 1.11633534E-01-7.48305221E-02
10 13 1.15356036E-01 8.68356271E-02 8.61016216E-02-6.37680745E-02-2.92545231E-04
10 14-8.28518884E-03-1.41770349E-02 8.29542657E-04-8.55948185E-04 4.28718468E-03
10 15-1.28396881E-02 4.21586708E-03-3.95457261E-03 4.07983729E-03-1.25927309E-02
10 16 6.06902473E-03 7.53662498E-03 3.16848130E-04-5.72845024E-03 1.05010998E-02
10 17-6.77246140E-03 1.77811032E-03 6.82595305E-05 1.91406945E-04-6.07591571E-04
10 18 8.90805853E-03 6.66905675E-03 8.06304470E-04 8.04809065E-04 1.50491935E-03
10 19-1.27340277E-01-6.57015728E-02-2.02246597E-02-6.88628209E-03-8.99598853E-04
10 20 1.28500390E-01 4.27942975E-02-1.16389100E-02-1.51750633E-03-2.53416224E-03
10 21-5.99917723E-02-2.81443285E-02 6.27406258E-03 4.48189957E-03-1.08204767E-02
11  1-3.17364409E-02-1.09856066E-02 9.81334397E-04 3.59778109E-03 1.88502807E-03
11  2 3.79183608E-02-3.50932180E-02-1.84025957E-02 7.63792999E-02-4.30607790E-02
11  3-1.65203107E-01-2.55275116E-02 3.42470686E-02-4.51604368E-03-5.74377091E-02
11  4-2.36428154E-03-1.38279735E-03 4.85195917E-03-2.65067891E-02 3.00229647E-02
11  5-1.17787888E-01 7.61130056E-02 8.35700662E-02 1.04605333E-01-1.07049244E-01
11  6 9.30816873E-03 8.55428169E-02 5.24327916E-02-1.56541549E-02-1.42228928E-02
11  7 1.43199997E-02-1.26695656E-02 8.42719626E-03-6.46045153E-03-1.89914591E-01
11  8 1.28180605E-01 6.34987940E-02 3.51330626E-03-1.56802263E-01 9.72413060E-02
11  9-5.72621620E-03-3.67348038E-03 8.40363837E-03 5.49377142E-03-1.95568716E-02
11 10-5.81387236E-03-3.09682904E-03 1.63571161E-03-2.02601639E-03-6.55549454E-02
11 11-3.01842207E-02 2.33515442E-03-3.91349753E-03-1.05661178E-03 1.22753965E-02
11 12-1.00177835E-02-1.34004515E-01-6.81258692E-02-1.35579086E-02-5.30411009E-02
11 13-1.07471887E-01-5.98732823E-02-1.13021889E-02-2.28381193E-02-3.69836911E-03
11 14-3.01551944E-03-9.05461408E-04-2.16810570E-03 3.93298868E-03-3.17261515E-03
11 15 2.16211921E-01-1.61681245E-01 4.60899412E-03-1.81189301E-04 1.68159587E-01
11 16-1.34239375E-01 8.08142078E-03 1.52672331E-03 8.58508658E-03-1.03756996E-02
11 17 1.57790528E-01 1.00991037E-01 7.14139349E-03-7.85455207E-03 2.14461045E-02
11 18-1.34923083E-01-1.00005949E-01-4.99781362E-03-1.89605590E-02-7.66464143E-03
11 19 8.85556283E-02 6.38970167E-02 1.22963119E-02 5.51936474E-03 2.52576042E-03
11 20-3.51064492E-02-2.36721808E-03-1.19986020E-03 2.10308071E-03 1.10286867E-03
11 21-1.37104762E-01-1.05321648E-01 5.60635254E-03 1.39992168E-02-1.63148886E-02
12  1 1.09599282E-04 1.82696415E-03 5.48642895E-05-2.09657383E-03-3.38764573E-04
12  2-1.38158737E-02 1.30034816E-02 3.14172337E-02-7.18235081E-02 4.70686990E-03
12  3 5.25689197E-02 2.20757279E-02-5.06400149E-02-9.74088846E-03 1.40985165E-02
12  4 2.48939035E-03-2.65603610E-03-3.19773397E-03 1.00602620E-02-1.06021042E-02
12  5 1.07279831E-01-1.09645179E-01-8.81109936E-02-3.38872141E-02 8.17725729E-02
12  6-6.44518372E-02-5.30956474E-02-6.41571844E-03 2.13442361E-03 7.64271326E-04
12  7-4.86151598E-03-3.50458415E-03 8.11402374E-03-9.49006888E-03 1.93734575E-01
12  8-1.06336141E-01 3.12357863E-03-1.33531864E-02 1.63193496E-01-8.15211491E-02
12  9 2.31824956E-02 3.95558531E-03-1.67035726E-03-6.99718824E-03-3.38843685E-03
12 10-5.40239058E-03 7.75571855E-04-1.41869930E-03 9.35005974E-04 5.33285207E-02
12 11 2.89421589E-02-9.49652895E-04 3.00733976E-03-1.82772083E-04-1.15953621E-02
12 12 1.04971332E-02 1.04827204E-01 4.90997287E-04 9.37140845E-02 5.37664113E-02
12 13 8.51258393E-02-6.80750053E-03 9.15804831E-02-1.97782822E-02 1.03147780E-02
12 14-1.17403679E-02-6.94092274E-03 1.24600601E-03-2.04299554E-03-1.57581867E-02
12 15 2.85739808E-01-1.25804030E-01-4.56043081E-03-1.33333176E-02 2.24814578E-01
12 16-9.66867150E-02 1.99628856E-03-2.07206440E-03 2.16131248E-02-6.04510417E-03
12 17 1.65061730E-01 1.11450686E-01 7.34410505E-03-5.51778428E-03 2.40195538E-02
12 18-1.77199399E-01-1.26810176E-01-6.43970072E-03-2.73519524E-02-5.16568921E-03
12 19-6.29547991E-02-3.87159340E-02-8.48957254E-03-5.50415799E-03 5.74016390E-04
12 20 3.78716259E-02 1.41745438E-02-4.54284283E-04-2.16677953E-03-1.69279536E-03
12 21 1.16602742E-01 8.18656405E-02-7.20664600E-03-9.76986206E-03 1.75625582E-02
13  1 5.71916253E-02 3.85163275E-02 2.23653510E-03 2.35568624E-05-3.11493759E-03
13  2 8.02881037E-03-9.91863614E-03 1.42301904E-01 4.93881659E-02 5.81165819E-02
13  3-2.04162986E-02 9.43082751E-02 3.48070068E-02 3.76622423E-02 1.30381685E-01
13  4 1.38869870E-02 2.02860103E-02-2.05903312E-02-1.57947445E-02 1.68900113E-02
13  5 2.44329282E-01 7.51336257E-02 1.75043705E-01 6.10617174E-02 2.03712805E-01
13  6 5.44552680E-02 1.12887501E-01-1.28014510E-01 3.53493378E-02 3.81620377E-02
13  7-3.89242621E-02 5.33136265E-03-5.24167198E-03 1.03533909E-01 8.39408696E-02
13  8 5.17267330E-02-2.24088444E-02 9.37453783E-02 7.31603195E-02 5.21308750E-02
13  9 1.35299549E-02 1.43385233E-02 2.60104223E-03 7.69284952E-03-9.73359657E-02
13 10-6.81598283E-02-5.85950152E-03-1.14975051E-03 1.64543534E-03 4.86309216E-03
13 11 3.47596706E-03 2.63537772E-03 7.74994389E-04 8.50521095E-04-9.66423254E-03
13 12 1.69589093E-02-8.89457403E-02-1.49049954E-01-1.92377659E-01 1.61719339E-02
13 13-6.67699651E-02-1.36105237E-01-1.82173935E-01 2.39685466E-02-7.70242690E-03
13 14-1.87196024E-02-7.29491913E-03-5.88632930E-04 7.87146091E-04 4.09975168E-03
13 15 1.13176629E-02 4.28352305E-03 1.45574315E-03 5.51099645E-03 1.27856261E-02
13 16 4.44839443E-03-1.32511736E-02 1.14926095E-04 4.29778764E-03-2.05475802E-03
13 17 1.38400935E-03 1.55111909E-03 9.94793728E-05 1.66228835E-04 3.72309322E-04
13 18-6.68975850E-03 5.59860439E-03-3.98781051E-05-1.28724755E-03-5.20859407E-04
13 19 1.14556017E-01 8.94839819E-02 2.10862329E-02 4.44535406E-03-4.52718904E-03
13 20 1.65176402E-01 8.71865211E-02-9.96161532E-03 1.88185089E-04 3.65531613E-03
13 21 2.37451726E-02 1.82585595E-02 2.75900350E-03 4.75116765E-04 6.01852966E-03
14  1 1.40895545E-01 9.80919980E-02-3.63216846E-03-5.68155132E-03-7.17367810E-03
14  2-2.20182646E-02 1.87931364E-02-6.73224730E-02-1.98157871E-02 2.43445852E-01
14  3 1.20536113E-01-3.99840759E-02 2.98950367E-02 1.60991433E-01 3.05243971E-02
14  4-8.02882616E-03 2.38433287E-03 1.19320400E-02 4.53693120E-02-4.59350116E-02
14  5 3.36198768E-02 2.01396081E-01-1.02846892E-01-1.79935795E-01 6.99714284E-02
14  6 1.58703639E-01-8.00787159E-02-5.72841928E-02 2.37227326E-02 1.01084847E-02
14  7 3.47013995E-03-4.94642030E-03 7.01243341E-04 5.22703516E-02-1.09562147E-01
14  8 5.44183576E-02 3.89856268E-02 5.07622527E-02-1.09825079E-01 4.55425063E-02
14  9 8.80230338E-03-2.73087761E-03-2.51440292E-03 1.03800341E-02 5.21235324E-02
14 10 4.22904320E-02 4.62607376E-03-8.40073772E-05 4.72491351E-03 1.47711799E-03
14 11 1.51737684E-02-2.65023032E-03 1.19404357E-03 5.12578451E-03-5.53312096E-02
14 12 5.64070524E-02 1.67840602E-01 1.39279366E-01-1.38330829E-01 2.29370552E-01
14 13 1.47780796E-01 1.36034236E-01-1.20897399E-01 1.29075950E-01 1.05789019E-02
14 14 2.73727488E-02-1.70520272E-02 1.77759885E-02-1.84801068E-02-9.55280443E-03
14 15 4.82912996E-02-9.51522803E-02-7.37215994E-02-6.09105508E-03 3.73981542E-02
14 16-8.17314667E-02-2.98032335E-02-2.10017378E-04 1.13471426E-02-1.60173521E-02
14 17 6.39704276E-02 4.81745875E-02 2.45385237E-03-4.44077477E-03 6.88708096E-03
14 18-1.15105567E-02 4.51435259E-03-1.93863149E-03-8.43905359E-03-1.20772599E-03
14 19-1.00695364E-01-9.38697993E-02-1.07730599E-02-2.45244620E-03-9.61555382E-03
14 20-3.68150504E-03-1.96200097E-02 2.84844274E-03 1.91397174E-03-2.79601510E-03
14 21-6.97527333E-02-6.49246232E-02 4.91736745E-03 4.68456757E-03-7.60609024E-03
15  1-1.87025298E-02-1.74002889E-02 2.49585190E-03 1.46267467E-03 6.80611544E-04
15  2 6.83097438E-03-5.48054943E-03 7.79425655E-02 3.94288082E-02-6.36936006E-02
15  3-5.91362791E-02 2.79461229E-02 3.85219351E-02-2.62637621E-02 1.93134091E-01
15  4 1.72598709E-02 3.34328462E-02-3.89764105E-02 2.47633438E-02-2.42796852E-02
15  5 9.47744018E-04-1.51697125E-01 7.81764733E-02-9.02116960E-02 1.40921740E-02
15  6-1.45337975E-01 9.98471160E-02-2.41109577E-01 3.25728136E-02 4.34270393E-02
15  7-5.75196670E-02-6.99838541E-02 7.45699778E-02-1.78798212E-01 8.59825241E-02
15  8 2.14609030E-01 2.87135808E-01-1.62386088E-01 7.38050208E-02 2.01469679E-01
15  9 1.56927688E-01-2.10587692E-02 8.99316818E-03 2.56889945E-02-6.09094757E-02
15 10-6.07181114E-02-4.99296168E-03-3.37452076E-04-1.00897306E-03-1.08640099E-03
15 11 1.73996599E-02 1.77913225E-03 1.48916333E-03-1.64110962E-03-4.10494804E-02
15 12 4.09224827E-02 2.10442271E-01-7.70185714E-02-1.83543639E-02 1.79454974E-01
15 13 2.01521838E-01-7.06402078E-02-1.02592897E-02 6.88870779E-02 4.12874559E-02
15 14-2.89567227E-02-2.09261535E-03 2.34614086E-02-2.13426306E-02-7.25231797E-03
15 15-1.14860724E-01-1.40295029E-01-1.01745946E-01 5.48328613E-04-9.58462952E-02
15 16-1.42464348E-01-6.87349907E-02 2.89675208E-03-1.30572428E-02-4.56890616E-02
15 17 2.80634382E-02 2.04723028E-02-7.42040566E-05-8.12147056E-03-1.95596495E-03
15 18 6.94657288E-02 7.95748604E-02 3.20162457E-03 9.79285822E-03-6.02001233E-03
15 19-9.35445892E-02-7.64609238E-02-7.11449184E-03-1.01621772E-02-3.90993502E-03
15 20-3.78891116E-02-3.02707074E-02 4.71369888E-03-2.93147703E-03-2.55924477E-03
15 21-8.02561723E-02-8.00111579E-02-6.25097285E-03 1.14383798E-02 2.10815381E-03
16  1 1.08791335E-01 9.05218989E-02-4.11597890E-03 1.32074409E-03-7.66265745E-03
16  2-1.03561647E-03 2.29171195E-03-1.01280243E-01 2.85816382E-01 5.51652067E-02
16  3-4.38007408E-03-8.96944016E-02 2.20124096E-01 5.22090114E-02-1.54516360E-01
16  4-2.08972423E-02-6.76351631E-04 3.27748577E-02-2.68142394E-03 1.81923696E-03
16  5-2.04923754E-02-9.39024770E-02 6.15882217E-02 1.39966017E-02-2.04472602E-02
16  6-4.57200120E-02 5.95507254E-02 1.47399503E-01-3.08626405E-02-3.35567174E-02
16  7 5.82309366E-02 7.48666017E-03-3.02918537E-03-5.15098816E-02 9.49132488E-02
16  8 2.49766281E-02-5.19272619E-02-6.13209691E-02 9.79651375E-02 3.69304148E-02
16  9-6.01042598E-02-1.22472571E-02 1.90880073E-02 1.30689187E-02 4.51092679E-02
16 10 3.12427150E-02 1.72995539E-03 5.94690014E-03 1.60646679E-03-2.20318765E-01
16 11-1.88288459E-01 7.31938326E-03-1.30372336E-02 3.99023322E-04-1.92510867E-02
16 12 1.95639410E-02 7.95090945E-02-2.77786599E-02 2.12474839E-02 8.39599100E-02
16 13 7.86006389E-02-2.60595498E-02 2.91008265E-02 5.38695866E-02 2.17644591E-02
16 14 7.21530059E-03 3.16989191E-03-3.98522905E-02 4.05437028E-02 6.29017119E-02
16 15 1.13610913E-01 1.97753834E-01 1.66208663E-01 5.65988185E-02 1.05736061E-01
16 16 1.87859454E-01 7.04074726E-02 1.75761511E-02 2.41657073E-02 5.48441924E-02
16 17-6.57383243E-02-4.97012444E-02 2.96126927E-04 1.19709628E-02-1.49248787E-03
16 18-6.65207432E-02-7.03056260E-02 1.17608045E-03-9.27696762E-03 8.39915523E-03
16 19-3.63986533E-02-3.45489963E-02-2.80593216E-03-3.43350779E-03-6.59198818E-04
16 20-1.77081096E-02-1.53304791E-02 1.44538502E-03-1.87037220E-03-9.52580634E-04
16 21 4.27543207E-02 6.78877810E-02-1.44172319E-03-6.91477970E-04 3.74088999E-03
17  1 1.70829238E-01 1.40308380E-01 1.82030835E-03-4.85030038E-03-1.11128813E-02
17  2-2.73415318E-03 5.90374319E-03 2.83791785E-01 1.03694576E-01 1.33679058E-01
17  3-1.79207885E-03 2.43452704E-01 7.62179116E-02 1.29743683E-01-4.10484187E-02
17  4 2.31633335E-02 5.52493188E-03 2.44784974E-02-2.33562230E-03 3.79848346E-03
17  5-1.10420222E-01-6.35419578E-02-2.43454165E-02 4.64568608E-03-1.12977699E-01
17  6-3.97006189E-02-5.59768830E-03 1.58211608E-02-6.07134573E-03-1.58857849E-02
17  7 1.48641207E-02 4.80717913E-03-4.05670578E-03-8.34022367E-02-3.14165521E-02
17  8-8.76489845E-02-2.59062308E-02-8.45473905E-02-2.64069188E-02-9.14523887E-02
17  9-2.46125998E-02-2.31864630E-02 4.34850038E-04-1.28238283E-02-2.21335792E-01
17 10-1.90465378E-01-1.48181919E-02-5.69654084E-05 1.87134124E-03 2.25860941E-02
17 11 1.44559814E-02 4.38074913E-03 3.67923896E-03 2.72349781E-03 1.11653690E-02
17 12-1.49792116E-02-8.29912597E-02 1.14419172E-01 9.73743749E-02-3.47578314E-02
17 13-8.75518047E-02 1.20752546E-01 1.01177411E-01 2.66703981E-02-3.27378390E-02
17 14 3.68056777E-02 2.13013540E-02 5.42682178E-03-6.50130642E-03-4.32254760E-02
17 15-9.62433574E-03-1.21515381E-02-1.93057164E-02-4.49238562E-02-1.28808653E-02
17 16-1.14778117E-02 8.96951012E-03-1.57801908E-02-5.64570337E-03-1.92851866E-03
17 17 7.67358164E-03 3.33769532E-03-1.49445558E-03-1.00542691E-03 5.19308985E-04
17 18 7.83064578E-03-1.19898833E-02-2.49090962E-03 1.28355783E-03-3.74673559E-04
17 19 8.50516813E-05-2.73895655E-02-4.11316696E-03 4.81897700E-03 1.92205857E-03
17 20-8.72039706E-02-6.96832466E-02 7.20879546E-03-1.39395046E-03 1.51431580E-03
17 21 1.41168680E-02 1.41044912E-02-4.73400982E-03-3.53619375E-03-2.04065784E-03
18  1-3.76804240E-02-3.02183493E-02 3.49241312E-03-1.77186033E-03 3.04822849E-03
18  2 3.19589995E-03-5.67140727E-03 1.19792308E-01-1.59886138E-01-5.35186154E-03
18  3-6.94207592E-03 8.48325503E-02-1.12948253E-01-8.75837112E-03-2.20391509E-01
18  4-7.43349759E-03-5.08717785E-02 4.10744531E-02 2.31214890E-02-2.31917789E-02
18  5-4.46592805E-02 4.61365074E-02-1.50941501E-02-9.78993353E-02-6.16933677E-03
18  6 1.64211914E-02-8.17733034E-03 1.67785787E-01-3.08127183E-02-5.77482026E-02
18  7 7.59688569E-02-2.62481140E-02 2.35928124E-02-2.44865864E-02-1.16132750E-01
18  8 1.31687139E-01 1.22092522E-01-1.26594652E-02-1.24116885E-01 1.22273647E-01
18  9 4.02927204E-02-8.75684929E-03-2.20435073E-02 3.39769250E-02-7.88841344E-02
18 10-7.45836805E-02-5.48177812E-03-4.12854787E-03-3.30080460E-04 1.46839842E-01
18 11 1.43198336E-01-4.03834523E-03 9.87466988E-03 6.32996147E-04-2.21769499E-02
18 12 2.36476261E-02 9.09756828E-02-4.28421222E-02-2.08426718E-02 9.27219889E-02
18 13 8.52528256E-02-4.48410104E-02-1.47993941E-02 5.47698507E-02 2.80728356E-02
18 14-5.74937784E-03-7.00957512E-03-6.16774040E-02 6.40518808E-02 1.70583280E-01
18 15 1.45004198E-01 2.58886985E-01 2.56077658E-01 1.63756414E-01 1.37839852E-01
18 16 2.45803025E-01 1.11677529E-01 4.90442457E-02 3.41709024E-02 7.56212167E-02
18 17-9.79069224E-02-7.98239127E-02 3.89742003E-03 1.67697679E-02-3.51086549E-03
18 18-8.76337452E-02-8.69208298E-02 5.40233949E-03-1.22809671E-02 1.12880789E-02
18 19-3.77282578E-02-3.58571261E-02-1.99285830E-03-4.95975453E-03-2.11470940E-03
18 20-5.01359846E-02-5.43400079E-02 5.32289775E-03 9.99477455E-04-7.21367650E-04
18 21-8.32417567E-02-5.20842248E-02 6.86223621E-03 1.00873440E-02-1.32272116E-02
19  1 8.28194229E-02 1.00090962E-01-3.09866273E-03-4.07078643E-03-4.55092281E-03
19  2 1.98163902E-02-2.23744448E-02-6.17857113E-02-5.63774657E-02 1.82254246E-01
19  3-1.03908754E-01-5.80624310E-02-5.77436528E-02 1.34478290E-01-5.07542395E-02
19  4-7.87504441E-04-5.57396153E-03 3.11900084E-02 1.03276737E-02-1.31605798E-02
19  5 1.23451433E-01 2.58472359E-02-1.76462480E-01-3.31511122E-02 6.05480866E-02
19  6 5.74214107E-03-7.74857670E-02 8.25274832E-02-1.98326814E-02-1.78803377E-02
19  7-2.12340862E-02-2.97510887E-02 3.16438438E-02-3.94706216E-02 6.85479084E-02
19  8 1.45411024E-01 1.22959003E-01-3.48088327E-02 7.41909993E-02 1.39484860E-01
19  9 9.19947363E-02 7.56306463E-03 1.21648503E-02 2.70370046E-02 3.18770247E-02
19 10 3.93638265E-02 1.79568935E-03 7.59529065E-05 3.43996901E-03-1.11013367E-02
19 11-6.98426218E-03 1.58648882E-04-1.65537586E-03 2.79200591E-03 3.34397026E-02
19 12-3.79368694E-02-1.44308876E-01-4.53779232E-02 2.64449904E-01-1.24313809E-01
19 13-1.30849710E-01-4.30122037E-02 2.83219967E-01-1.43980978E-01-2.02546615E-02
19 14-3.35106440E-02 6.32027697E-02-1.13271832E-02 1.29702064E-02 2.19596654E-01
19 15-8.69497237E-02-6.32725593E-02 5.17083233E-02 2.26213503E-01-8.10720290E-02
19 16-7.31374300E-02 8.40790160E-03 7.87532673E-02-2.64116256E-02-3.41160414E-02
19 17-2.47184735E-02-2.55393280E-02 8.72384493E-03-1.55617912E-03-6.95896006E-03
19 18 1.23541382E-02 1.73210757E-04 1.17799757E-02 7.96150916E-03-4.61212332E-03
19 19 7.50754157E-02 9.74172099E-02 6.99723837E-03 2.92992333E-03 1.07787629E-02
19 20 8.21801495E-02 9.94290410E-02-6.82767784E-03-4.28829529E-04-2.78437655E-03
19 21-6.36761166E-02-7.51766114E-02 2.10325252E-03 7.50200152E-03 1.15744712E-03
20  1 2.60300369E-02 3.53831532E-02 7.24874982E-05-6.61110274E-04-2.88844832E-03
20  2-1.04398026E-02 9.53021870E-03 3.84502454E-02 6.55878757E-02-1.77161261E-02
20  3 6.46616919E-02 2.45477597E-02 4.50154608E-02-3.71789077E-02-3.00846199E-02
20  4 1.28619782E-02-5.01730168E-03 8.91661856E-03-1.07311073E-04 2.16398159E-03
20  5-1.44659940E-01 1.28937213E-02 4.61374357E-02 6.55383141E-03-6.31114202E-02
20  6 7.97330791E-03 3.17964621E-03 5.87054671E-02-5.40592687E-02 2.27696039E-02
20  7 1.35497771E-03 2.55663171E-02-2.90339285E-02 2.58488446E-01-2.73590819E-02
20  8-1.52850916E-01-8.56279503E-02 2.65410332E-01-3.99970205E-02-1.41650083E-01
20  9-9.16663713E-02 7.93446514E-02 5.62091807E-03-4.58344809E-02-3.74520673E-02
20 10-5.30478676E-02-3.48328659E-03 3.24194602E-04 3.42750147E-04-2.04690946E-02
20 11-2.74056564E-02 1.69071230E-03-7.90218285E-04 2.72273743E-04-1.74494620E-02
20 12 1.76494930E-02 1.31732323E-01-1.87479968E-01 3.29542921E-02 8.06582229E-02
20 13 1.25505294E-01-2.00780370E-01 3.55438060E-02-3.26832051E-02 5.68663246E-02
20 14-8.83363571E-02 4.06443947E-03 6.29296334E-03-4.96367618E-03 2.55141100E-01
20 15-7.89521116E-02-1.34682895E-01-3.31832278E-02 2.66055414E-01-7.44581262E-02
20 16-1.36271254E-01-3.79717355E-02 9.84711466E-02-2.60872386E-02-5.25186765E-02
20 17 8.35755637E-03 1.45630148E-02 1.25073731E-02-5.09596023E-03-4.75721571E-03
20 18 1.00675330E-02 3.70292580E-02 1.32440960E-02 2.96101453E-03-6.90119901E-03
20 19-4.15860079E-02-2.39312766E-02-7.27771637E-04-1.12045585E-02 1.33191630E-03
20 20-1.22052713E-01-1.48957644E-01 1.00354293E-02 4.04704258E-03 6.53953037E-04
20 21 7.07252689E-02 6.56819026E-02 4.66134491E-03-1.09884147E-02 1.29427506E-02
21  1-5.03557387E-02-7.42992587E-02 1.12583456E-03 2.83750437E-03 3.35977091E-03
21  2-1.17040953E-02 1.44374550E-02 8.01508815E-03 3.09376819E-02-9.79420049E-02
21  3 5.59743515E-02 2.94416358E-02 3.87806045E-02-5.86163922E-02-1.59295037E-01
21  4-1.04972363E-02-1.59093458E-02 1.26803343E-02-1.30222497E-02 1.25493004E-02
21  5 3.75145935E-02-5.02699863E-02 6.84369123E-02 4.92051004E-02-7.64634696E-03
21  6-1.59236376E-02 1.98935926E-02 1.78070582E-01-2.24448027E-02-5.84468414E-02
21  7 7.40771479E-02 2.81765841E-03 1.79408263E-03-1.68024837E-01 3.56364132E-02
21  8-1.04362744E-01-3.35183490E-02-1.84655778E-01 4.40713914E-02-1.03339116E-01
21  9-1.12657086E-04-4.91056633E-02 1.77800866E-02-5.38309775E-02 1.20009691E-02
21 10 2.36843719E-02 2.33398663E-03 7.16011314E-04-2.41849566E-03-7.48172278E-03
21 11-1.22616083E-02-1.59684970E-04-2.72957311E-04-1.97549520E-03 1.94120999E-03
21 12 1.43281291E-03-7.43147501E-02 2.41413206E-01-1.98711539E-01-2.76824704E-02
21 13-7.55948169E-02 2.50005026E-01-2.19251956E-01 2.46656565E-02-1.79432860E-02
21 14 1.13314398E-01-7.46852698E-02 1.14272327E-03-1.57943382E-03 3.28959949E-01
21 15 2.32414354E-02-9.07760512E-02-8.94213880E-03 3.40523001E-01 1.56123945E-02
21 16-9.19767092E-02-2.44421226E-02 1.29091858E-01 1.64345773E-02-4.01300426E-02
21 17 9.84310694E-03 1.26984671E-02 1.61468146E-02 3.85664565E-04-2.37939374E-03
21 18-1.62108490E-02-3.18268367E-03 1.10950789E-02-1.20058467E-02-8.14489838E-04
21 19 3.31839742E-03 2.12118521E-03-2.79786145E-03 1.21038860E-02-7.45150980E-03
21 20 5.12482527E-02 7.10449086E-02-4.55936483E-03-3.29362194E-03 2.02810928E-03
21 21 1.66379242E-02 8.45497587E-03-8.56921234E-03-4.89344689E-03 4.80956578E-03
22  1-3.01316274E-02-2.59275562E-02 9.63836323E-04 1.81963194E-03 2.00829581E-04
22  2-1.26392163E-02 1.42382087E-02 2.96788414E-02 1.47822654E-02-7.89112746E-02
22  3 6.04387655E-02 1.71688960E-02 5.16811111E-04-7.92735791E-02-7.03739133E-03
22  4 7.84606068E-03-2.64538000E-04-5.85461228E-03 3.17126915E-03-1.86139632E-03
22  5-8.57200916E-02-5.52594339E-02 2.47870065E-02-1.25351874E-02-4.87982275E-02
22  6 1.91654073E-02 5.60137286E-02 2.48400602E-02-3.67196831E-02-1.46916689E-02
22  7-1.75421216E-02 5.16909148E-03-2.02594792E-03 2.86756148E-01 2.06017938E-01
22  8 2.53102449E-01-4.33375534E-02 2.91906471E-01 2.25112423E-01 2.61997540E-01
22  9-3.40465929E-02 1.13821433E-01 7.90605545E-02 9.11458162E-02-1.79746621E-02
22 10-3.36664018E-02-1.41790015E-03-5.36636747E-04-9.15948115E-04 1.26904882E-02
22 11 5.52628348E-03-9.69134036E-05 1.32431159E-03-3.52770203E-04-1.13424621E-02
22 12 5.78056002E-03-7.63188272E-02 2.65274941E-01 1.05515428E-02 8.62860469E-02
22 13-8.02250888E-02 2.78472367E-01 2.97759978E-02 2.48923477E-03-1.49496456E-02
22 14 1.07585037E-01-1.03819432E-02 2.36321408E-03-2.44731650E-03 1.71696882E-03
22 15 2.30287760E-02 1.90188190E-03-1.21172073E-02 2.91201829E-03 2.23051001E-02
22 16 3.10677398E-03-3.69766462E-02 6.50723918E-03 2.15865844E-02-4.93431176E-04
22 17 6.02053688E-03 1.31788990E-02 3.32096651E-04 4.16797203E-04 1.28648362E-03
22 18 7.61823624E-04 1.06001264E-02-1.88359368E-03-3.60810913E-03 2.13623950E-03
22 19-2.49987348E-02-1.86014894E-02-8.02365937E-03 9.58425125E-03-6.91795866E-04
22 20-9.64428877E-02-1.33368210E-01 8.46585334E-03 3.51590142E-03 3.27711786E-05
22 21 1.02319620E-02 1.73593909E-02 1.23512526E-02 6.94111342E-03 1.21997389E-02
 $END   
 $GRAD  
E=     -306.3400954616  GMAX=   0.0001216  GRMS=   0.0000315
H            1.   -1.4185969608E-05    1.5337887635E-05    4.3161340766E-06
C            6.   -1.5542539628E-05   -8.7861502902E-06   -1.1336867846E-05
C            6.   -1.8561506109E-06   -5.2318492674E-05   -4.0228927394E-06
O            8.   -7.0733355490E-05    6.7259841547E-05    1.1475877625E-05
H            1.   -2.5896518812E-05   -1.1565470037E-05   -6.0821011399E-06
H            1.   -5.8613761159E-07    1.6852761374E-05   -8.9510425155E-06
O            8.    1.2161613347E-04    4.5394629904E-05   -1.5191175083E-05
O            8.   -1.9533335711E-05    1.0874269206E-05    1.0274621777E-05
H            1.    1.4995771055E-05   -8.9440728845E-06    4.0993012571E-06
H            1.    1.3166837195E-05    1.2372572926E-05    2.1686696386E-07
H            1.   -4.2329622804E-05   -2.1449780573E-05    3.6144889438E-06
H            1.    1.7858310697E-05   -3.7530927954E-05    1.9431340017E-05
H            1.    2.3026578721E-05   -2.7497071978E-05   -7.8445546792E-06
 $END
-------------------- DATA FROM NSERCH=   3 --------------------
 COORDINATES OF SYMMETRY UNIQUE ATOMS (ANGS)
   ATOM   CHARGE       X              Y              Z
 ------------------------------------------------------------
 H           1.0   3.1722822068   0.6361499536  -0.2508516027
 C           6.0   2.9253937704   0.1718515434  -1.2089993211
 C           6.0   3.3947077806   1.0625910656  -2.3439567759
 O           8.0   2.6797390061   2.3248068209  -2.2562002799
 H           1.0   1.8410416715   0.0324742772  -1.2611387607
 H           1.0   3.4210892696  -0.8000665493  -1.2701903012
 O           8.0   3.1601056863   0.4457492268  -3.6656371796
 O           8.0   3.7522398160   2.9105074561  -4.7370451977
 H           1.0   3.5146414779   3.3400242646  -5.5631005022
 H           1.0   3.5707582605   1.9560278777  -4.8120329277
 H           1.0   2.2564320057   0.1066455928  -3.7115147181
 H           1.0   4.4710236182   1.2309415232  -2.3354476656
 H           1.0   2.9741450483   2.8748705643  -3.0080570992
--- CLOSED SHELL ORBITALS --- GENERATED AT 23:53:42 11-SEP-2026    
Acetaldehyde hydrate and water -- forward IRC endpoint, unconstrained opt       
E(R-WB97X-D)=     -306.3400955461, E(NUC)=  199.1927679753,    5 ITERS
 $VEC   
 1  1-2.46013341E-05-9.11790894E-05 5.04871551E-06 3.62820019E-05-2.52543622E-05
 1  2 2.73821607E-05 9.09571037E-05-2.68273273E-05-3.36911235E-05 4.44892792E-05
 1  3-6.65391436E-04 9.98624135E-05-3.59748512E-05 5.57124994E-04 3.16474614E-03
 1  4 3.39501745E-05 3.22292102E-04-8.64251017E-04-8.70142711E-05-2.36056465E-04
 1  5 4.50874212E-06-7.58062814E-05-2.38569020E-04 1.72959803E-03-4.15934133E-04
 1  6-3.75861142E-04-5.29308772E-04-4.65305600E-03 9.21332563E-04 1.07382209E-03
 1  7 1.75356199E-04 6.79786010E-05 1.53134035E-04-1.08048803E-05-3.37115551E-05
 1  8-2.83052524E-05-5.39851554E-04-2.38194422E-05 3.25031308E-04 2.33879321E-04
 1  9 1.89088185E-04-5.31506006E-05 4.37086046E-05-4.05654005E-05 1.00630111E-04
 1 10-1.35137158E-05 1.30261425E-05-1.42123532E-05 1.13339536E-06 6.76945383E-05
 1 11-7.69761908E-05-2.49809481E-05-4.14457769E-06-8.82215104E-06 9.93872346E-01
 1 12 2.67662026E-02-1.06985524E-03 1.71972141E-04 1.13541866E-03-5.85386101E-03
 1 13 3.93028451E-04-4.05251025E-04-1.12257041E-03 3.37298364E-03-9.83527278E-05
 1 14 3.55949608E-04 5.88397137E-04-3.89797236E-05 8.16800862E-06-8.90578233E-06
 1 15-1.97693413E-05 1.46599496E-05 2.29450598E-05 3.25349547E-05 1.06148922E-04
 1 16-8.01440661E-05 2.40207688E-05-7.39663528E-05 9.63503035E-05-1.37819252E-04
 1 17-1.02101864E-05-1.59035424E-04-1.62408830E-05-6.36219503E-06-2.29949873E-05
 1 18-1.76787389E-05-4.25477480E-05 2.66337956E-06 1.15483264E-05 6.00800541E-06
 1 19 3.23163990E-04-1.24321000E-04-2.70481286E-04-7.64793802E-05 5.77474002E-05
 1 20-1.11877522E-04-3.50288709E-04 9.59729389E-05 6.00635975E-05 1.09495958E-04
 1 21 6.15573237E-05-1.20543405E-04-2.25887514E-05 2.47521438E-06 2.23292249E-05
 2  1 6.08121071E-05-9.49861371E-05-3.08097314E-05 1.32985176E-05-7.39810933E-07
 2  2 2.25683322E-05 8.28730150E-05-2.92644422E-05-1.31226113E-05 2.46960972E-05
 2  3-4.47617966E-04 2.52661413E-04-4.55148930E-04 2.01659757E-04 3.52288985E-03
 2  4 9.97039722E-05 6.93115653E-04-5.54951881E-04-8.24046501E-05-1.94087999E-04
 2  5-9.10634621E-05 2.40518438E-04 4.77451158E-06 1.73896442E-03-4.41197705E-04
 2  6 7.64361335E-04-1.16431085E-04-4.30441891E-03 1.05613279E-03 2.05396374E-04
 2  7-1.24300761E-03 9.93878372E-01 2.68343883E-02 1.12587841E-03-5.14864123E-04
 2  8-1.10061342E-03-6.12917632E-03-9.33901849E-04 7.90020183E-04 7.67099768E-04
 2  9 2.37053694E-03 2.49709746E-04-5.38261361E-04-3.20076137E-05 9.38955682E-05
 2 10-1.11820338E-05 9.85369172E-06 9.57908924E-06 2.28343959E-05-3.45361517E-05
 2 11-1.45698642E-04 1.00679108E-05 6.47961344E-06-3.86667151E-05-2.58367810E-05
 2 12 1.49925595E-04-9.62828101E-06 4.03619811E-05 1.83559596E-05-5.20867168E-04
 2 13 6.67810316E-05-3.35749174E-04-2.43211260E-04 3.61514944E-04-2.44739911E-04
 2 14 4.10138585E-06 1.61892236E-04-1.79192344E-03-4.03320819E-05-2.82224849E-05
 2 15-2.00796908E-05 5.30767039E-05 1.02494842E-04 9.98554731E-05 1.34281320E-04
 2 16-2.13914069E-04-6.39698881E-04 2.73809998E-05 2.31983609E-04-4.04778932E-04
 2 17-4.61108937E-05-1.67291504E-04-5.27685728E-05 1.46254927E-05-1.94639589E-05
 2 18 3.26086845E-05 2.00228226E-04 7.83191868E-06 1.72345342E-05 2.73479980E-06
 2 19 8.95327378E-05-3.72841173E-04 3.55492906E-06 1.32746975E-06-1.93774782E-05
 2 20-1.46232869E-04-4.21092582E-04 1.40239481E-04-1.20625223E-04 1.90162028E-05
 2 21 3.18885427E-04 6.59551916E-04 1.09657561E-04 2.49930616E-05-1.74183230E-04
 3  1-6.83946886E-07 9.57570524E-05-9.71195144E-08 3.74257434E-06-1.28460077E-05
 3  2 1.20068709E-05 6.83569694E-05 6.07100271E-06 1.28074608E-05-1.76270369E-05
 3  3-4.10179227E-04-3.85205814E-05-1.24527380E-04 1.82033734E-04-1.06545851E-02
 3  4-9.07047772E-04-1.55734721E-03 2.10005356E-03-1.11367709E-05-5.23569758E-05
 3  5 1.84764447E-05 1.70955662E-05-4.96379789E-06 5.51349775E-04-1.70746624E-04
 3  6-1.53991812E-04 2.70821048E-05 1.00968770E-02-1.26197641E-03-2.67539705E-03
 3  7 3.21859699E-03 1.79317002E-03 6.15083220E-05 9.38752950E-07-2.95966403E-06
 3  8-1.11904109E-05-3.21349060E-05 3.08705879E-06 4.09481652E-05 3.40965188E-05
 3  9-1.97368568E-04-1.39922100E-04-6.14548756E-05 3.55903411E-05 4.00967774E-06
 3 10 1.41688793E-04 1.30894005E-05 2.35488918E-06-9.93598759E-06-1.89499194E-06
 3 11 1.27583209E-04-5.88906240E-06 1.03338681E-05-8.73073863E-06 4.15278198E-05
 3 12 1.53666092E-05-2.91397717E-06 3.24200650E-05-1.06421093E-05 3.54398633E-05
 3 13 4.87577925E-05-1.08824456E-04 3.81363496E-07-1.31072431E-03-6.79803249E-06
 3 14-4.68671936E-04-8.65533865E-05 9.93832432E-01 2.66093122E-02-6.07759408E-04
 3 15-6.37837249E-04-1.18270284E-03-5.17375364E-03 3.02936013E-04 4.47696712E-04
 3 16 4.85176324E-04 2.00245528E-03-4.93047154E-06-6.31995686E-04 9.13391039E-04
 3 17 1.59068053E-04 7.85142566E-04-7.46587242E-05 9.62016325E-05-2.74140464E-04
 3 18 2.09841112E-04 6.50611904E-04-6.56468376E-05-2.10437816E-04-3.16186051E-05
 3 19-5.69052160E-06 2.63358642E-04 1.09429126E-06 4.69051415E-05-1.75607004E-05
 3 20 2.45882676E-05 2.08192805E-06 1.09880238E-05 1.59697089E-06-1.05511363E-05
 3 21-6.04557276E-05-1.35366463E-05-5.75571070E-07-1.84648226E-05-1.75493605E-05
 4  1-1.30577704E-04-2.40460992E-04 1.04477927E-05-1.19891387E-05 2.99523039E-05
 4  2 8.69396717E-04-3.02051313E-04-2.24246381E-05 2.86741423E-05-4.46295888E-05
 4  3 3.20954115E-03 5.03596099E-04 9.63248421E-04-1.26169331E-03 3.91238420E-03
 4  4 4.44280271E-04 5.18197437E-04-4.81591841E-04 9.94549575E-01 3.07994723E-02
 4  5-5.70726241E-04 2.62865172E-04-6.08767389E-04-1.51555271E-02 1.20756493E-03
 4  6 2.69244140E-04 7.52252985E-05-6.44228803E-03 3.21820549E-04 5.19477319E-04
 4  7-7.05979162E-04-1.12223372E-05 1.96420621E-04 7.86169649E-05-9.59671904E-05
 4  8 2.89373605E-06 4.63241758E-04 4.96104671E-05-5.24577690E-04 6.96536678E-05
 4  9 3.83884542E-03 1.10443059E-03-1.19938671E-03-3.14313051E-04-1.79774856E-04
 4 10-1.67703820E-04-2.03254962E-05-1.41223674E-06 5.13971042E-06-1.39695234E-04
 4 11-2.43074076E-04 1.59482797E-05-2.47101106E-05 2.90378103E-05-1.60327257E-05
 4 12 1.63077652E-04 7.44387834E-05 7.35783568E-05 1.06622694E-04 5.42011113E-04
 4 13-1.61940860E-04 9.35420152E-05 4.89212883E-04 4.04850164E-03 2.11631774E-04
 4 14 7.51602661E-04 1.43235330E-03 1.60800058E-08-3.28011597E-06-7.67128994E-06
 4 15-2.44632605E-06 1.68397305E-05 6.90685065E-05 3.10146927E-05 8.39869206E-05
 4 16-1.23212332E-04-3.81283516E-04 7.86556170E-05 3.15273264E-04-4.69093636E-04
 4 17 1.33564010E-06-2.52605498E-04-3.36466739E-05-4.26933257E-06-1.50425200E-05
 4 18-4.40274246E-05-5.27190659E-05 2.46348199E-05 4.72113072E-05-3.54817998E-05
 4 19-5.97482601E-05-3.72218187E-04 4.04543408E-05 5.96666846E-05 1.37216364E-04
 4 20 5.13500635E-05 1.49797916E-03 3.60521795E-04 2.26126508E-05 5.22325361E-05
 4 21 5.11893988E-05-1.40557686E-04 5.44221547E-05-1.78870558E-04 7.58620121E-05
 5  1-1.60592035E-04 2.20015904E-03 1.65599470E-04 3.37653592E-04 4.44531998E-04
 5  2 9.94284468E-01 3.11296236E-02 3.05859961E-05 1.15412637E-04-1.53143756E-04
 5  3-1.33146386E-02-2.47517988E-04-9.67092911E-04 1.18976359E-03-1.87777986E-03
 5  4 6.58256253E-05-3.32404990E-04 3.13499702E-04-9.63158984E-04-1.78337244E-04
 5  5-3.25584126E-06 2.47842952E-05-4.99837445E-05 2.54947267E-03-5.06784469E-04
 5  6-1.16633451E-03 1.65997198E-03 5.20067688E-04 9.76908548E-05 1.03578580E-04
 5  7 1.37183385E-04 1.36357189E-05 2.47700700E-05-3.38863115E-06 7.74041533E-05
 5  8-4.55898026E-05-3.90647571E-04-3.62229771E-05-2.17817244E-04 1.86017574E-04
 5  9-8.15536064E-05-2.22414032E-04-4.78224323E-04 7.63344578E-04-1.48597891E-04
 5 10 2.38342296E-03-5.55149067E-04 2.51345570E-07-1.16988603E-04-1.58177155E-04
 5 11 2.07951602E-03 3.13606299E-04-4.86333680E-04-1.24439429E-04 5.18064442E-06
 5 12-3.41012171E-06 2.26590781E-05 5.26431635E-06-6.76886338E-05-1.78856791E-04
 5 13-7.54791975E-05 5.71368898E-05 4.64937512E-05 1.54574745E-03-3.50292939E-04
 5 14-7.09012634E-05 7.73601662E-04 8.11569595E-06 5.67224986E-05-7.86374850E-06
 5 15 2.47056203E-06 6.84262986E-06-2.13084690E-04 4.45600304E-05 3.89085633E-05
 5 16-3.29198831E-05 2.57964104E-04-4.77395930E-05-5.37515515E-05 9.98683884E-05
 5 17 1.79233061E-05-3.02311798E-05-3.92474397E-06-1.20009980E-06 1.21114677E-05
 5 18-2.23787779E-05 1.98825390E-04 9.89864094E-06 2.74049780E-05 1.69048781E-05
 5 19-6.46045079E-05-3.69741153E-04 9.61691611E-06-2.34978742E-05-2.70176457E-05
 5 20-1.62804891E-04 2.10887665E-04-2.26693739E-05 1.45957348E-05-1.06207459E-05
 5 21 3.53561685E-05 8.70864189E-04-2.27700318E-05-7.67488878E-05 9.38562437E-05
 6  1 5.26006350E-03 6.67137602E-03-4.85282184E-05-7.25762921E-04-1.02982320E-03
 6  2-1.96754310E-02 1.87391523E-02 3.51488074E-03 1.21690438E-02-1.70291226E-02
 6  3 3.28378204E-02-9.51187146E-03 2.90966651E-03-1.28862726E-02-1.30571390E-01
 6  4-8.24360460E-03-1.91780274E-02 2.42213023E-02-9.46313374E-02 1.07463019E-01
 6  5-3.82055547E-02 1.86048774E-02-4.54927535E-02 1.77397029E-01-3.68652066E-03
 6  6 1.47861516E-03-5.24492586E-03 1.79277418E-01-2.71591578E-02-2.59560322E-02
 6  7 2.53437127E-02-1.35569729E-01 1.40902260E-01 4.00632873E-02-2.98917140E-02
 6  8-3.86818378E-02 3.96637669E-01 4.19769367E-02-3.79784304E-02-4.06399579E-02
 6  9-4.34479378E-02-1.43632948E-02 2.18621526E-02 1.14273531E-03 4.39170348E-03
 6 10-9.04845855E-04 4.52469033E-04 3.97895308E-04-1.98839092E-04 5.12037931E-03
 6 11 3.56614020E-03-1.52088587E-04 1.00994864E-03 3.05579248E-04-1.60880103E-01
 6 12 1.68448107E-01-4.03316472E-02 1.37870188E-02 5.24819138E-02 4.69839469E-01
 6 13-3.03244204E-02 2.70369070E-02 5.98301408E-02-5.66527858E-02-1.05206735E-04
 6 14-1.05981769E-02-2.83030468E-02-3.46613090E-02 3.79739150E-02-6.04114597E-03
 6 15-8.18247468E-03-7.13716260E-03 9.17563941E-02-7.53121101E-03-1.15050383E-02
 6 16 2.19130717E-03 1.20100522E-02 1.27908877E-03-7.09998895E-03 1.24643884E-02
 6 17 1.78123476E-02 1.12291141E-02 1.73851353E-03-2.11053805E-03 3.99200224E-03
 6 18 2.39125844E-02 4.48713366E-03-7.06294740E-05 2.05049534E-03 1.58726079E-03
 6 19 7.92764117E-02 2.40228759E-02 1.46796250E-02 5.03186497E-03 5.21856108E-04
 6 20 2.69167453E-02 3.05103695E-03-5.95797865E-03 8.61639310E-05-1.99582796E-03
 6 21 6.39663869E-02 7.79018808E-03-3.41231972E-03-6.34069089E-03 8.21782047E-03
 7  1-1.46077553E-03-4.29152417E-03 5.49674233E-05 1.22829817E-04 5.39892101E-04
 7  2 4.06489659E-03-5.61886411E-03-9.35594250E-04-2.14411067E-03 4.03296482E-03
 7  3 3.96838661E-03 3.17712543E-03 5.02307289E-03-6.67134918E-04 2.29459143E-01
 7  4 1.86374116E-02 3.23125215E-02-4.63264171E-02 1.65724803E-02-1.82451736E-02
 7  5 5.48764957E-03 4.73649066E-03 1.19487304E-02-4.45786287E-02 7.63983780E-03
 7  6 7.88536209E-03-3.96171495E-03-2.29597457E-01 3.02675488E-02 5.93662272E-02
 7  7-6.21689398E-02 7.30984137E-03-6.78268587E-03-1.69358520E-03 6.68875083E-03
 7  8-1.03083698E-03-2.55443976E-02-3.08410302E-03 3.91134156E-03 2.44042734E-03
 7  9 9.32600191E-04 3.57656765E-03-1.80587455E-03 2.17946188E-03-1.27196940E-03
 7 10-2.80701366E-03-3.19013421E-04-2.25565131E-04 1.58712378E-04-1.20697314E-03
 7 11-3.10659281E-03 3.52169349E-06-4.23142532E-04 1.27242990E-04 4.06474748E-02
 7 12-4.31231420E-02 1.26620560E-02 1.54532988E-03-1.48604762E-02-1.24112391E-01
 7 13 7.52447758E-03 4.46767557E-04-1.74643786E-02 4.88531892E-02-2.15190295E-03
 7 14 1.49148571E-02 1.15275330E-02-2.27090222E-01 2.49970894E-01-3.55594182E-02
 7 15-3.72012103E-02-7.07620480E-02 6.43582639E-01-2.90395498E-02-3.14584322E-02
 7 16-5.01601111E-02 2.99382560E-03-8.54411084E-04 1.12480600E-02-2.21518348E-02
 7 17 1.28298215E-01 1.22917340E-02 6.15858758E-03-1.39782028E-02 2.25051701E-02
 7 18 1.17840123E-01 1.31556626E-02 4.28063748E-03 2.55125090E-02-9.13983647E-04
 7 19-2.23219392E-02-1.58778484E-02-4.23692753E-03-2.13627256E-03-9.34206083E-06
 7 20-4.93790897E-03-4.57825343E-03 1.12165592E-03 5.52057128E-05 9.92824784E-04
 7 21 8.55758340E-03 1.27247783E-02 9.07120626E-04-3.79903954E-04-2.01957095E-03
 8  1 2.90639100E-04-5.04687880E-03 7.08588361E-04 2.92770294E-04 3.28012762E-04
 8  2-2.53485340E-03 2.26141497E-03-5.51600688E-04 8.27009352E-03 2.29258389E-03
 8  3 8.04099351E-03-5.10425364E-03 2.15302625E-02 1.08392732E-02-6.84987674E-02
 8  4-7.67845357E-03-1.34690385E-02 8.09395619E-03-1.38976609E-02 1.55988838E-02
 8  5-2.23027810E-02 8.95154681E-02 5.25025162E-02 2.76927906E-02 6.65519865E-03
 8  6 3.72475008E-03-4.26136897E-03 6.24460059E-02-7.80615458E-03-5.04157873E-03
 8  7 3.85784853E-02-1.77879112E-01 1.89178258E-01 4.75888063E-02-1.31162831E-02
 8  8-4.54281998E-02 5.33384327E-01 5.37249878E-02-3.34775967E-02-3.71715998E-02
 8  9-8.02131921E-03-7.27975629E-03 1.94143890E-02-1.68085481E-03 2.55657101E-04
 8 10 2.21003143E-04 1.25026044E-04-5.08452809E-04-6.03052063E-04 9.41132286E-04
 8 11 6.97859086E-03-8.39380479E-04 4.67471230E-04 3.13335572E-04 1.53409758E-01
 8 12-1.64505961E-01 4.48660558E-02 6.74625014E-03-3.15066911E-02-4.58757896E-01
 8 13 2.68270283E-02-4.95990917E-03-4.68541276E-02 6.38227840E-03-9.26204623E-04
 8 14 5.62613586E-03 7.25938873E-03 2.08734289E-02-2.33843500E-02 2.72593207E-03
 8 15 5.53240525E-03 9.51964183E-03-5.98525364E-02 1.98969954E-04 2.37605806E-03
 8 16 1.07974693E-02 1.51563858E-02-1.02232595E-03-7.47159204E-03 7.69784804E-03
 8 17-1.20119541E-02 6.19986755E-04-1.25495084E-04 1.12787941E-03-1.87753097E-03
 8 18-1.77352083E-02-1.20840555E-02-6.63574263E-05-1.45571835E-03-1.27432816E-03
 8 19-8.86406914E-02-1.89415683E-02-1.68436985E-02-5.75221016E-03 5.86713725E-05
 8 20 3.09975597E-03-5.55338145E-03-1.09567283E-03 3.33651260E-03 2.39283919E-03
 8 21 9.23277091E-02 6.40925165E-03-6.30483264E-03-8.69192335E-03 1.47984109E-02
 9  1 8.71708445E-02 9.08062999E-03-2.47803336E-03-4.45868680E-03-9.90628787E-03
 9  2-1.70587434E-01 1.84206151E-01 2.25725905E-02 3.46538212E-02-4.19688644E-02
 9  3 4.20971812E-01 8.49411395E-03 9.70185091E-03-1.58266742E-02 4.99779501E-02
 9  4-3.50081654E-04 7.53252244E-03-1.19845458E-02-1.21795506E-01 1.30768946E-01
 9  5-5.07679018E-03-6.74031980E-02 9.27302293E-02 3.37835549E-01-1.11665056E-02
 9  6-2.00810412E-02 2.28933370E-02 1.48252071E-02-1.05839834E-03 4.65981675E-03
 9  7-7.24475924E-03 4.88749218E-02-5.42602838E-02 4.21711253E-03-7.31371901E-02
 9  8 5.06325770E-02-1.64059937E-01-2.48399909E-03-3.73281885E-02 3.82446427E-02
 9  9-5.75796682E-02-7.23844172E-03 1.79846836E-02-8.32220465E-03 8.43433948E-02
 9 10 7.10258493E-03 1.10227653E-02 1.59186599E-03 2.83661387E-04 8.64754231E-02
 9 11 6.12636738E-03-4.83013192E-03 9.81492665E-03 4.42551160E-04 4.90430346E-02
 9 12-5.43639576E-02 4.46153707E-02 1.70934566E-02 5.31855252E-02-1.65557614E-01
 9 13 3.53547038E-02 4.64009572E-03 2.83204100E-02-8.11848701E-02 6.77194643E-03
 9 14-4.25027291E-03-2.36802126E-02-4.46148359E-03 5.00834199E-03 1.49263948E-03
 9 15 3.26402181E-03-8.63647635E-03 1.48319215E-02 1.84532774E-03 1.69879535E-03
 9 16-6.16527781E-03-5.48545281E-03 1.43304669E-03-1.81461090E-03 2.84977210E-03
 9 17 6.60050484E-03 7.85379956E-03 3.89742162E-04-6.77950016E-04 1.14984190E-03
 9 18-2.53754619E-03-1.20751513E-03 2.66675459E-04 5.60942277E-04-2.29652274E-04
 9 19-5.29611189E-02-7.55434617E-03-9.97535907E-03-3.46662112E-03 1.92947602E-03
 9 20 6.40676536E-02 1.06568184E-02-7.52601559E-03-2.15255444E-03 1.06349931E-03
 9 21-6.57118590E-02-3.25209916E-02 4.41834691E-03 7.35783922E-03-1.07809461E-02
10  1-8.07471647E-02-2.53560576E-02 3.03682165E-03 5.74033263E-03 6.94772086E-03
10  2 1.10489562E-01-1.13106630E-01 3.87346360E-02 4.26552608E-02-5.51676445E-02
10  3-3.54027656E-01 1.48809088E-02 8.28099321E-03-6.54965540E-03-1.23905848E-01
10  4-9.53156979E-03-1.50083370E-02 1.73442970E-02-1.29086335E-01 1.39115167E-01
10  5 9.12877000E-02 3.92657001E-02-8.85376430E-02 4.54733794E-01 5.35723842E-02
10  6 1.51256721E-02-3.91000927E-02 1.43137787E-01-2.22700879E-03-1.57952796E-02
10  7 1.87759789E-02 4.23568147E-02-4.89719656E-02 5.08292005E-02-1.00300528E-01
10  8 1.79804420E-02-1.50436305E-01 3.96726711E-02-7.19141242E-02 1.03488709E-02
10  9-6.19614689E-02-1.32155227E-02 2.62556927E-03 8.27365570E-03-9.14443047E-02
10 10-2.64449864E-02-9.19936478E-03 1.45988165E-04-2.00712337E-03-7.89583463E-02
10 11-2.23099050E-02 5.32739087E-03-7.29941677E-03-2.53018220E-03 2.25160984E-02
10 12-2.92317652E-02 1.48090779E-01 1.08356889E-01 1.11612505E-01-7.48632496E-02
10 13 1.15384894E-01 8.68627671E-02 8.60837156E-02-6.37496953E-02-3.01779887E-04
10 14-8.27638253E-03-1.41758310E-02 8.33868299E-04-8.61192923E-04 4.28801738E-03
10 15-1.28721693E-02 4.24244683E-03-3.96707679E-03 4.07927682E-03-1.26188503E-02
10 16 6.08901236E-03 7.56106072E-03 3.12040799E-04-5.73465748E-03 1.05034446E-02
10 17-6.79809315E-03 1.75719166E-03 6.71922581E-05 1.93192960E-04-6.11425246E-04
10 18 8.93095263E-03 6.67237916E-03 8.07243922E-04 8.06275634E-04 1.50668282E-03
10 19-1.27356146E-01-6.57223725E-02-2.02278545E-02-6.88843584E-03-8.93593529E-04
10 20 1.28500360E-01 4.27908479E-02-1.16390588E-02-1.51969887E-03-2.53095425E-03
10 21-5.99602449E-02-2.81294986E-02 6.27605938E-03 4.47751445E-03-1.08155252E-02
11  1-3.17588103E-02-1.09989304E-02 9.82231462E-04 3.59920553E-03 1.88500952E-03
11  2 3.79293568E-02-3.51010491E-02-1.84387440E-02 7.63754491E-02-4.30999112E-02
11  3-1.65265327E-01-2.55438545E-02 3.42310324E-02-4.51588117E-03-5.75581579E-02
11  4-2.37357654E-03-1.39516693E-03 4.87085138E-03-2.65407595E-02 3.00612163E-02
11  5-1.17809500E-01 7.60612377E-02 8.35639802E-02 1.04731818E-01-1.07062033E-01
11  6 9.25786951E-03 8.55757427E-02 5.25511232E-02-1.56621631E-02-1.42648206E-02
11  7 1.43679967E-02-1.26648612E-02 8.42047925E-03-6.47295066E-03-1.89931949E-01
11  8 1.28180383E-01 6.34843671E-02 3.50703788E-03-1.56811645E-01 9.72326808E-02
11  9-5.72281573E-03-3.67372730E-03 8.40686657E-03 5.48559677E-03-1.95700904E-02
11 10-5.82425225E-03-3.09975038E-03 1.63467710E-03-2.02541718E-03-6.55632904E-02
11 11-3.01892897E-02 2.33652010E-03-3.91359963E-03-1.05828219E-03 1.22885677E-02
11 12-1.00350885E-02-1.33977058E-01-6.81018609E-02-1.34574963E-02-5.30799612E-02
11 13-1.07456437E-01-5.98506245E-02-1.12169858E-02-2.28600670E-02-3.69919316E-03
11 14-3.01140168E-03-9.11713401E-04-2.17312382E-03 3.94016778E-03-3.11825626E-03
11 15 2.16200158E-01-1.61669858E-01 4.62159282E-03-1.34933334E-04 1.68152929E-01
11 16-1.34233067E-01 8.10078482E-03 1.53112309E-03 8.57990761E-03-1.03667766E-02
11 17 1.57780197E-01 1.00992034E-01 7.14352361E-03-7.85507412E-03 2.14447210E-02
11 18-1.34908069E-01-1.00008217E-01-5.00297947E-03-1.89535694E-02-7.66906095E-03
11 19 8.85182205E-02 6.38689111E-02 1.22888311E-02 5.51783829E-03 2.52381321E-03
11 20-3.51053713E-02-2.37309974E-03-1.20172893E-03 2.10157652E-03 1.10280779E-03
11 21-1.37117323E-01-1.05346779E-01 5.61350390E-03 1.40005307E-02-1.63169469E-02
12  1 1.13283008E-04 1.82679434E-03 5.56717877E-05-2.09617980E-03-3.38350373E-04
12  2-1.38086880E-02 1.29972303E-02 3.14602473E-02-7.18115209E-02 4.70982777E-03
12  3 5.25353060E-02 2.20968712E-02-5.06375262E-02-9.73052769E-03 1.41557201E-02
12  4 2.49345749E-03-2.64623786E-03-3.21020329E-03 1.00617064E-02-1.06016758E-02
12  5 1.07314133E-01-1.09616598E-01-8.81075823E-02-3.38953790E-02 8.18031951E-02
12  6-6.44472878E-02-5.30820664E-02-6.48155029E-03 2.14606837E-03 7.76893604E-04
12  7-4.87476216E-03-3.50786469E-03 8.11743995E-03-9.48109554E-03 1.93741216E-01
12  8-1.06330172E-01 3.13887830E-03-1.33470515E-02 1.63197576E-01-8.15172986E-02
12  9 2.31885138E-02 3.95855114E-03-1.66683717E-03-6.99554238E-03-3.40466474E-03
12 10-5.41323557E-03 7.75485298E-04-1.41820509E-03 9.34908909E-04 5.33302532E-02
12 11 2.89445158E-02-9.50157335E-04 3.00723236E-03-1.82723041E-04-1.15986532E-02
12 12 1.05014061E-02 1.04833166E-01 4.82338425E-04 9.36637613E-02 5.37768734E-02
12 13 8.51325019E-02-6.81339945E-03 9.15371156E-02-1.97444477E-02 1.03100226E-02
12 14-1.17346318E-02-6.93590593E-03 1.24842725E-03-2.04616451E-03-1.57125365E-02
12 15 2.85766338E-01-1.25781670E-01-4.56921630E-03-1.32995690E-02 2.24843652E-01
12 16-9.66732904E-02 1.99621691E-03-2.07109828E-03 2.16165095E-02-6.04712263E-03
12 17 1.65059215E-01 1.11454285E-01 7.34634105E-03-5.51627273E-03 2.40186853E-02
12 18-1.77199133E-01-1.26828366E-01-6.45009567E-03-2.73502154E-02-5.17073554E-03
12 19-6.29386158E-02-3.87140118E-02-8.48658743E-03-5.50425222E-03 5.75483298E-04
12 20 3.78942058E-02 1.41772108E-02-4.55019024E-04-2.16674740E-03-1.69155475E-03
12 21 1.16599623E-01 8.18728173E-02-7.21258125E-03-9.76815085E-03 1.75614548E-02
13  1 5.71600449E-02 3.84962802E-02 2.23575983E-03 2.73984096E-05-3.11455298E-03
13  2 8.05712873E-03-9.94443228E-03 1.42337552E-01 4.95187701E-02 5.79576175E-02
13  3-2.05471811E-02 9.43336966E-02 3.48704714E-02 3.75740156E-02 1.30459212E-01
13  4 1.38886855E-02 2.02991604E-02-2.06217910E-02-1.58135891E-02 1.69057546E-02
13  5 2.44292264E-01 7.51659240E-02 1.75041394E-01 6.11453418E-02 2.03655732E-01
13  6 5.44753932E-02 1.12884544E-01-1.28076902E-01 3.53240928E-02 3.81962548E-02
13  7-3.89761485E-02 5.34585882E-03-5.25645372E-03 1.03531177E-01 8.39234666E-02
13  8 5.17087458E-02-2.24701883E-02 9.37412300E-02 7.31523193E-02 5.21133686E-02
13  9 1.34833623E-02 1.43374093E-02 2.59579881E-03 7.70500817E-03-9.73690440E-02
13 10-6.81723241E-02-5.86104292E-03-1.14894810E-03 1.64630986E-03 4.80478411E-03
13 11 3.42563771E-03 2.63872688E-03 7.71311648E-04 8.47577415E-04-9.64969932E-03
13 12 1.69453514E-02-8.90570040E-02-1.49095348E-01-1.92341988E-01 1.61076002E-02
13 13-6.68680592E-02-1.36147579E-01-1.82149074E-01 2.39475325E-02-7.70982173E-03
13 14-1.87214521E-02-7.28231020E-03-5.95587849E-04 7.93968941E-04 4.10993074E-03
13 15 1.13147813E-02 4.32370705E-03 1.48509890E-03 5.52006977E-03 1.27825820E-02
13 16 4.48540174E-03-1.32514760E-02 1.19473656E-04 4.29271202E-03-2.03851312E-03
13 17 1.36335138E-03 1.54650007E-03 9.91330569E-05 1.68137125E-04 3.70772948E-04
13 18-6.69611920E-03 5.58242495E-03-3.96408749E-05-1.28631683E-03-5.20271300E-04
13 19 1.14599312E-01 8.95184763E-02 2.10899566E-02 4.44850299E-03-4.53118674E-03
13 20 1.65150691E-01 8.71855219E-02-9.96109273E-03 1.87632149E-04 3.65922218E-03
13 21 2.37540430E-02 1.82764963E-02 2.75866011E-03 4.73819575E-04 6.01831368E-03
14  1 1.40892404E-01 9.80988516E-02-3.63428994E-03-5.68257379E-03-7.17093231E-03
14  2-2.20081111E-02 1.87803479E-02-6.71607828E-02-1.97642512E-02 2.43472846E-01
14  3 1.20498404E-01-3.98894946E-02 2.99266165E-02 1.60993373E-01 3.06414556E-02
14  4-8.01478057E-03 2.40313645E-03 1.19068459E-02 4.53559775E-02-4.59180869E-02
14  5 3.36241264E-02 2.01416684E-01-1.02799788E-01-1.79896549E-01 6.99666948E-02
14  6 1.58727161E-01-8.00546271E-02-5.73985451E-02 2.37421766E-02 1.01420785E-02
14  7 3.43181495E-03-4.94375769E-03 6.98260602E-04 5.22882578E-02-1.09552329E-01
14  8 5.44383322E-02 3.89742671E-02 5.07847787E-02-1.09812787E-01 4.55635755E-02
14  9 8.81226362E-03-2.72645203E-03-2.51239525E-03 1.03799657E-02 5.21025996E-02
14 10 4.22734974E-02 4.62663750E-03-8.22274243E-05 4.72183306E-03 1.45893033E-03
14 11 1.51574252E-02-2.64615999E-03 1.19275258E-03 5.12717006E-03-5.53314189E-02
14 12 5.64093135E-02 1.67773804E-01 1.39247776E-01-1.38446884E-01 2.29364142E-01
14 13 1.47730187E-01 1.36006677E-01-1.21006556E-01 1.29083323E-01 1.05764880E-02
14 14 2.73717768E-02-1.70600194E-02 1.77877773E-02-1.84918173E-02-9.55752696E-03
14 15 4.83087676E-02-9.52084333E-02-7.37704490E-02-6.09371432E-03 3.74154263E-02
14 16-8.17835329E-02-2.98309907E-02-2.12157642E-04 1.13523323E-02-1.60306943E-02
14 17 6.40035181E-02 4.81995396E-02 2.45513267E-03-4.44406299E-03 6.88982530E-03
14 18-1.15055297E-02 4.52496859E-03-1.94295833E-03-8.43876449E-03-1.21221247E-03
14 19-1.00665297E-01-9.38390837E-02-1.07694797E-02-2.45169720E-03-9.61462525E-03
14 20-3.62529967E-03-1.95760543E-02 2.84244047E-03 1.91309887E-03-2.79595725E-03
14 21-6.97530252E-02-6.49445340E-02 4.91966390E-03 4.68374553E-03-7.60428810E-03
15  1-1.87374782E-02-1.74307372E-02 2.49722277E-03 1.46306847E-03 6.81451620E-04
15  2 6.83485253E-03-5.48068655E-03 7.79254478E-02 3.93633008E-02-6.37674634E-02
15  3-5.91774028E-02 2.79421506E-02 3.84517015E-02-2.62946366E-02 1.93317635E-01
15  4 1.72464414E-02 3.34560764E-02-3.90254706E-02 2.47580653E-02-2.42717692E-02
15  5 1.04583280E-03-1.51672634E-01 7.81861563E-02-9.01943809E-02 1.41630057E-02
15  6-1.45346930E-01 9.98673031E-02-2.41288996E-01 3.25792967E-02 4.34669213E-02
15  7-5.76004501E-02-6.99912603E-02 7.45757718E-02-1.78801260E-01 8.59737192E-02
15  8 2.14572664E-01 2.87172646E-01-1.62375685E-01 7.37956608E-02 2.01422451E-01
15  9 1.56975330E-01-2.10442437E-02 8.98086314E-03 2.56804058E-02-6.09175273E-02
15 10-6.07141300E-02-4.99288443E-03-3.40328133E-04-1.00754101E-03-1.03154577E-03
15 11 1.74381718E-02 1.77615113E-03 1.49233787E-03-1.64303928E-03-4.10381197E-02
15 12 4.09112320E-02 2.10402009E-01-7.70140558E-02-1.84223264E-02 1.79402572E-01
15 13 2.01487145E-01-7.06279585E-02-1.03296382E-02 6.88694355E-02 4.12698082E-02
15 14-2.89579021E-02-2.09386534E-03 2.34752868E-02-2.13543462E-02-7.28692532E-03
15 15-1.14896674E-01-1.40362961E-01-1.01812903E-01 5.26532037E-04-9.58794982E-02
15 16-1.42520618E-01-6.87798793E-02 2.90034786E-03-1.30652618E-02-4.56868784E-02
15 17 2.80829981E-02 2.05054783E-02-7.51743109E-05-8.12709463E-03-1.95396718E-03
15 18 6.95005366E-02 7.96145354E-02 3.20576527E-03 9.79776828E-03-6.02162454E-03
15 19-9.35148991E-02-7.64358096E-02-7.11157678E-03-1.01610321E-02-3.90709121E-03
15 20-3.78415689E-02-3.02250896E-02 4.70926076E-03-2.93135185E-03-2.56075699E-03
15 21-8.02696592E-02-8.00396636E-02-6.24969540E-03 1.14405460E-02 2.10404842E-03
16  1 1.08583747E-01 9.03673127E-02-4.12117055E-03 1.32345427E-03-7.64767046E-03
16  2-1.03073779E-03 2.28254159E-03-1.01564176E-01 2.85604229E-01 5.50221582E-02
16  3-4.39273734E-03-8.99522388E-02 2.19967189E-01 5.20708627E-02-1.54655435E-01
16  4-2.09093190E-02-7.17095777E-04 3.27939287E-02-2.65111677E-03 1.78661359E-03
16  5-2.04043759E-02-9.38530915E-02 6.16042124E-02 1.38810090E-02-2.03294418E-02
16  6-4.57024950E-02 5.95738069E-02 1.47506563E-01-3.08690357E-02-3.35930903E-02
16  7 5.82936045E-02 7.44178718E-03-2.98462504E-03-5.14628543E-02 9.49141820E-02
16  8 2.52194602E-02-5.17279953E-02-6.12675724E-02 9.79512895E-02 3.71679928E-02
16  9-6.00181825E-02-1.22336698E-02 1.90909812E-02 1.31098976E-02 4.53031990E-02
16 10 3.13924213E-02 1.74156874E-03 5.94538461E-03 1.60244568E-03-2.20265454E-01
16 11-1.88230435E-01 7.31702050E-03-1.30334300E-02 3.95147074E-04-1.92897996E-02
16 12 1.96050753E-02 7.97301876E-02-2.79195323E-02 2.11640479E-02 8.41227331E-02
16 13 7.88187972E-02-2.62044896E-02 2.90258952E-02 5.38995375E-02 2.18316147E-02
16 14 7.17259108E-03 3.14752514E-03-3.98871135E-02 4.05811233E-02 6.30671857E-02
16 15 1.13632796E-01 1.97857527E-01 1.66348869E-01 5.67573553E-02 1.05761138E-01
16 16 1.87949556E-01 7.04607865E-02 1.76241250E-02 2.41691551E-02 5.48639543E-02
16 17-6.57950019E-02-4.97482027E-02 3.01005000E-04 1.19796170E-02-1.49696854E-03
16 18-6.65595082E-02-7.03283745E-02 1.17963184E-03-9.28587446E-03 8.40249833E-03
16 19-3.64655535E-02-3.45781941E-02-2.80822733E-03-3.44573042E-03-6.61110550E-04
16 20-1.76910849E-02-1.53268725E-02 1.44513371E-03-1.86774083E-03-9.56945994E-04
16 21 4.26618337E-02 6.78239264E-02-1.43452763E-03-6.77110152E-04 3.73809941E-03
17  1 1.70980843E-01 1.40440778E-01 1.80814818E-03-4.85159243E-03-1.11229173E-02
17  2-2.73186610E-03 5.89827011E-03 2.83691255E-01 1.04076087E-01 1.33631542E-01
17  3-1.78773295E-03 2.43383440E-01 7.65269615E-02 1.29689006E-01-4.11634722E-02
17  4 2.31516311E-02 5.54643283E-03 2.44915686E-02-2.32641087E-03 3.78983017E-03
17  5-1.10401611E-01-6.36737561E-02-2.43076459E-02 4.58716871E-03-1.12978103E-01
17  6-3.97686993E-02-5.54016073E-03 1.59292700E-02-6.09333355E-03-1.59228282E-02
17  7 1.49233641E-02 4.79972363E-03-4.04322124E-03-8.35103283E-02-3.12971039E-02
17  8-8.75857867E-02-2.59006993E-02-8.46665742E-02-2.62832283E-02-9.13811306E-02
17  9-2.46271496E-02-2.32055753E-02 4.60161071E-04-1.28180548E-02-2.21258403E-01
17 10-1.90391832E-01-1.48130756E-02-5.39817978E-05 1.88271360E-03 2.23427359E-02
17 11 1.42321343E-02 4.38852668E-03 3.66504568E-03 2.72250412E-03 1.11560527E-02
17 12-1.49721118E-02-8.29054943E-02 1.14388089E-01 9.74793300E-02-3.47059740E-02
17 13-8.74647148E-02 1.20725395E-01 1.01297503E-01 2.66982960E-02-3.27098677E-02
17 14 3.68072885E-02 2.13248550E-02 5.38285105E-03-6.45661648E-03-4.31589488E-02
17 15-9.52810359E-03-1.19395393E-02-1.91186289E-02-4.48652474E-02-1.27850397E-02
17 16-1.12798876E-02 9.04618844E-03-1.57634345E-02-5.61720061E-03-1.88264729E-03
17 17 7.59243379E-03 3.26374041E-03-1.49494230E-03-9.92675177E-04 5.15436565E-04
17 18 7.77757523E-03-1.20477275E-02-2.48840663E-03 1.27960341E-03-3.66076977E-04
17 19 5.25020823E-05-2.74088950E-02-4.11696939E-03 4.81520786E-03 1.92541750E-03
17 20-8.72045748E-02-6.96811881E-02 7.20970043E-03-1.39609638E-03 1.51155209E-03
17 21 1.41363028E-02 1.41434383E-02-4.73703046E-03-3.53277641E-03-2.03996736E-03
18  1-3.76924858E-02-3.02321673E-02 3.49606368E-03-1.77379727E-03 3.04865266E-03
18  2 3.19978712E-03-5.67746635E-03 1.19879913E-01-1.60014395E-01-5.34833650E-03
18  3-6.95350880E-03 8.49048965E-02-1.13042033E-01-8.75641275E-03-2.20407563E-01
18  4-7.38403265E-03-5.08701673E-02 4.10933533E-02 2.31264668E-02-2.31997507E-02
18  5-4.46104868E-02 4.61860775E-02-1.51646042E-02-9.79165277E-02-6.14824259E-03
18  6 1.64479676E-02-8.24092663E-03 1.67805420E-01-3.07995334E-02-5.77787122E-02
18  7 7.59880503E-02-2.62640338E-02 2.36076061E-02-2.45254024E-02-1.16178120E-01
18  8 1.31700788E-01 1.22164635E-01-1.26870285E-02-1.24158913E-01 1.22279669E-01
18  9 4.03612663E-02-8.75466713E-03-2.20397701E-02 3.39569243E-02-7.89077188E-02
18 10-7.45890797E-02-5.48154364E-03-4.13320681E-03-3.26243552E-04 1.46952603E-01
18 11 1.43296758E-01-4.04485451E-03 9.88011948E-03 6.34295643E-04-2.21624980E-02
18 12 2.36336970E-02 9.09078149E-02-4.27951952E-02-2.08594285E-02 9.26546479E-02
18 13 8.51885621E-02-4.47955446E-02-1.48211477E-02 5.47116362E-02 2.80665899E-02
18 14-5.73786401E-03-7.02420354E-03-6.16645578E-02 6.40388272E-02 1.70678828E-01
18 15 1.44866543E-01 2.58738114E-01 2.56025275E-01 1.63848406E-01 1.37704371E-01
18 16 2.45650650E-01 1.11661184E-01 4.90686766E-02 3.41319052E-02 7.55616052E-02
18 17-9.78814036E-02-7.98109839E-02 3.90269461E-03 1.67636122E-02-3.51413241E-03
18 18-8.76022872E-02-8.68963639E-02 5.40169946E-03-1.22828129E-02 1.12802421E-02
18 19-3.77013889E-02-3.58163562E-02-1.99144276E-03-4.95538624E-03-2.11326577E-03
18 20-5.00818583E-02-5.42651037E-02 5.31752565E-03 9.99363282E-04-7.23425861E-04
18 21-8.32919880E-02-5.21580405E-02 6.86776139E-03 1.00894574E-02-1.32264463E-02
19  1 8.27761423E-02 1.00030765E-01-3.10129228E-03-4.07003403E-03-4.54485335E-03
19  2 1.98122956E-02-2.23683944E-02-6.17680191E-02-5.63578190E-02 1.82257924E-01
19  3-1.03892830E-01-5.80375523E-02-5.77231974E-02 1.34505503E-01-5.05937388E-02
19  4-7.67654829E-04-5.53954727E-03 3.11542577E-02 1.03162793E-02-1.31509906E-02
19  5 1.23492919E-01 2.58693094E-02-1.76467253E-01-3.31014709E-02 6.05809876E-02
19  6 5.74982976E-03-7.74999480E-02 8.23897175E-02-1.98099764E-02-1.78576199E-02
19  7-2.12619031E-02-2.97442446E-02 3.16390521E-02-3.95514588E-02 6.85676425E-02
19  8 1.45293035E-01 1.22925004E-01-3.48960323E-02 7.42135729E-02 1.39368808E-01
19  9 9.20161213E-02 7.55783499E-03 1.21674861E-02 2.69917403E-02 3.19605505E-02
19 10 3.94449520E-02 1.80415519E-03 7.81241499E-05 3.43896355E-03-1.11346871E-02
19 11-7.01844615E-03 1.60229520E-04-1.65742303E-03 2.79128278E-03 3.34468838E-02
19 12-3.79400639E-02-1.44266205E-01-4.53510617E-02 2.64357937E-01-1.24365002E-01
19 13-1.30803747E-01-4.29877895E-02 2.83104806E-01-1.43986821E-01-2.02463398E-02
19 14-3.34955749E-02 6.31687397E-02-1.13130537E-02 1.29573476E-02 2.19659882E-01
19 15-8.70314450E-02-6.34078669E-02 5.16414252E-02 2.26286542E-01-8.11579584E-02
19 16-7.32675080E-02 8.35843757E-03 7.87817323E-02-2.64365392E-02-3.41530637E-02
19 17-2.46865735E-02-2.54979632E-02 8.72803689E-03-1.56373906E-03-6.95893860E-03
19 18 1.23640909E-02 1.93267337E-04 1.17869618E-02 7.95718790E-03-4.61540190E-03
19 19 7.50974129E-02 9.74328525E-02 7.00258085E-03 2.93383999E-03 1.07722268E-02
19 20 8.22750131E-02 9.95443354E-02-6.83688958E-03-4.31310381E-04-2.78162635E-03
19 21-6.36523174E-02-7.51804954E-02 2.09905689E-03 7.49545690E-03 1.16320564E-03
20  1 2.60971293E-02 3.54793044E-02 7.01281210E-05-6.65104761E-04-2.89348130E-03
20  2-1.04249508E-02 9.51468757E-03 3.84591588E-02 6.55383900E-02-1.76262143E-02
20  3 6.45718352E-02 2.45052554E-02 4.49510974E-02-3.71184516E-02-2.96832436E-02
20  4 1.29051911E-02-4.97102445E-03 8.85868504E-03-8.84881134E-05 2.14595936E-03
20  5-1.44744034E-01 1.29202781E-02 4.60786142E-02 6.48840755E-03-6.31376714E-02
20  6 7.97256402E-03 3.20181473E-03 5.82656457E-02-5.40067555E-02 2.28909363E-02
20  7 1.20972978E-03 2.55640810E-02-2.90372724E-02 2.58756873E-01-2.73457500E-02
20  8-1.52665051E-01-8.55900907E-02 2.65697369E-01-3.99886291E-02-1.41466370E-01
20  9-9.16811151E-02 7.94111226E-02 5.62379658E-03-4.57361946E-02-3.75008627E-02
20 10-5.31127635E-02-3.48865535E-03 3.22070954E-04 3.47426834E-04-2.04284258E-02
20 11-2.73556000E-02 1.69072092E-03-7.86565500E-04 2.74444866E-04-1.74571254E-02
20 12 1.76503001E-02 1.31835392E-01-1.87685025E-01 3.32102055E-02 8.07303129E-02
20 13 1.25604338E-01-2.00991641E-01 3.58361058E-02-3.26426399E-02 5.68711096E-02
20 14-8.84358613E-02 4.16474990E-03 6.28792331E-03-4.95744586E-03 2.54706744E-01
20 15-7.90208506E-02-1.34588725E-01-3.31602464E-02 2.65610494E-01-7.45212898E-02
20 16-1.36175201E-01-3.79696404E-02 9.83081221E-02-2.61156492E-02-5.24747791E-02
20 17 8.34054789E-03 1.45527242E-02 1.24863163E-02-5.09837999E-03-4.75531040E-03
20 18 1.00825878E-02 3.70316881E-02 1.32301405E-02 2.97104005E-03-6.89894335E-03
20 19-4.16109222E-02-2.39770248E-02-7.28675884E-04-1.12175191E-02 1.34252125E-03
20 20-1.22164597E-01-1.49093287E-01 1.00451654E-02 4.05290424E-03 6.47390938E-04
20 21 7.07169859E-02 6.56826768E-02 4.66591510E-03-1.09836105E-02 1.29422908E-02
21  1-5.03329107E-02-7.42769896E-02 1.12734711E-03 2.83895949E-03 3.35539533E-03
21  2-1.17293796E-02 1.44596337E-02 8.00683324E-03 3.10804100E-02-9.80371785E-02
21  3 5.61468012E-02 2.94556532E-02 3.89008447E-02-5.87494458E-02-1.59092834E-01
21  4-1.04551916E-02-1.58668214E-02 1.26393456E-02-1.30268172E-02 1.25633406E-02
21  5 3.73280311E-02-5.02704848E-02 6.85540130E-02 4.91968741E-02-7.73367128E-03
21  6-1.59214978E-02 1.98933131E-02 1.77863315E-01-2.24467223E-02-5.83794307E-02
21  7 7.40611907E-02 2.85824423E-03 1.74895064E-03-1.67713343E-01 3.55667823E-02
21  8-1.04727418E-01-3.36589048E-02-1.84341574E-01 4.39761515E-02-1.03689566E-01
21  9-2.10990747E-04-4.90047282E-02 1.77752198E-02-5.39508938E-02 1.19532932E-02
21 10 2.36188546E-02 2.32866018E-03 7.17492373E-04-2.42079392E-03-7.54731765E-03
21 11-1.23536019E-02-1.57077304E-04-2.77435045E-04-1.97665719E-03 1.91354105E-03
21 12 1.46255222E-03-7.41654644E-02 2.41150998E-01-1.98747040E-01-2.75693549E-02
21 13-7.54624720E-02 2.49723312E-01-2.19292130E-01 2.46683754E-02-1.78774236E-02
21 14 1.13196929E-01-7.47041349E-02 1.14840058E-03-1.58331722E-03 3.29168752E-01
21 15 2.30934890E-02-9.09439470E-02-8.97559377E-03 3.40741690E-01 1.54678859E-02
21 16-9.21490375E-02-2.44873307E-02 1.29175534E-01 1.63848402E-02-4.01988912E-02
21 17 9.85048687E-03 1.27127202E-02 1.61571936E-02 3.77531605E-04-2.38614701E-03
21 18-1.62044757E-02-3.13891258E-03 1.11014483E-02-1.20063815E-02-8.25285139E-04
21 19 3.24755447E-03 2.07289083E-03-2.80261721E-03 1.20875103E-02-7.45276258E-03
21 20 5.10730965E-02 7.08354467E-02-4.54450350E-03-3.28879523E-03 2.03229643E-03
21 21 1.67564333E-02 8.55665772E-03-8.57075688E-03-4.91308538E-03 4.82447690E-03
22  1-3.01351741E-02-2.59364830E-02 9.64046497E-04 1.81933745E-03 2.01332342E-04
22  2-1.26276161E-02 1.42273018E-02 2.96470959E-02 1.47169161E-02-7.88945103E-02
22  3 6.03641914E-02 1.71303235E-02 4.63905552E-04-7.92337880E-02-7.11821751E-03
22  4 7.84394154E-03-2.91411243E-04-5.83580453E-03 3.17056641E-03-1.86083852E-03
22  5-8.56499248E-02-5.52601267E-02 2.47693851E-02-1.25324835E-02-4.87745172E-02
22  6 1.91553314E-02 5.60243249E-02 2.49265954E-02-3.67226363E-02-1.47032121E-02
22  7-1.75236985E-02 5.16526841E-03-2.02175263E-03 2.86617031E-01 2.06050876E-01
22  8 2.53179707E-01-4.33241756E-02 2.91757477E-01 2.25145416E-01 2.62071932E-01
22  9-3.40373464E-02 1.13770771E-01 7.90667236E-02 9.11767553E-02-1.79867341E-02
22 10-3.36710347E-02-1.41920773E-03-5.37156588E-04-9.15311211E-04 1.27317333E-02
22 11 5.58402634E-03-9.93036531E-05 1.32724214E-03-3.52803348E-04-1.13371656E-02
22 12 5.77533618E-03-7.64014616E-02 2.65358780E-01 1.05750347E-02 8.62654317E-02
22 13-8.02970196E-02 2.78565967E-01 2.98027742E-02 2.48875198E-03-1.49775340E-02
22 14 1.07619958E-01-1.03731475E-02 2.35952099E-03-2.44305386E-03 1.77055310E-03
22 15 2.30210364E-02 1.89858774E-03-1.21023511E-02 2.96718204E-03 2.22959945E-02
22 16 3.10120121E-03-3.69722260E-02 6.53679401E-03 2.15802866E-02-4.87904498E-04
22 17 6.01142658E-03 1.31791613E-02 3.34419530E-04 4.17175237E-04 1.28523017E-03
22 18 7.65631219E-04 1.05880485E-02-1.88349730E-03-3.60799846E-03 2.13445966E-03
22 19-2.49758294E-02-1.85818448E-02-8.02260493E-03 9.58841147E-03-6.90073709E-04
22 20-9.63976921E-02-1.33306876E-01 8.46192835E-03 3.51428197E-03 2.83256128E-05
22 21 1.02198942E-02 1.73485970E-02 1.23447538E-02 6.94312463E-03 1.22021080E-02
 $END   
 $GRAD  
E=     -306.3400955461  GMAX=   0.0001427  GRMS=   0.0000384
H            1.   -9.5322059711E-06    1.4124478987E-05    1.8040678629E-07
C            6.   -2.3791859668E-05   -7.9609264171E-06   -9.5832110789E-06
C            6.   -1.8918308998E-05   -5.4713223819E-05   -1.6195361493E-05
O            8.   -9.3369492984E-05    7.4800046224E-05    1.3413626883E-05
H            1.   -1.8590193093E-05   -1.0172443541E-05   -1.3240304655E-06
H            1.    7.4703467716E-06    1.5794392223E-05   -6.0297298654E-06
O            8.    1.4271284722E-04    6.6488423162E-05   -1.9999013980E-05
O            8.   -1.1001292621E-05    2.9106656372E-05    2.6768648277E-05
H            1.    1.2438818472E-05   -2.1001232314E-05    1.5478670415E-06
H            1.    7.4963238525E-06    8.5071075573E-06   -5.0678174982E-06
H            1.   -4.9695506851E-05   -2.2282091297E-05    1.4005476892E-05
H            1.    1.6258473561E-05   -5.2719114172E-05    1.9854754060E-05
H            1.    3.8522061592E-05   -3.9972064935E-05   -1.7571609716E-05
 $END
-------------------- DATA FROM NSERCH=   4 --------------------
 COORDINATES OF SYMMETRY UNIQUE ATOMS (ANGS)
   ATOM   CHARGE       X              Y              Z
 ------------------------------------------------------------
 H           1.0   3.1738628017   0.6365593203  -0.2509907408
 C           6.0   2.9262590732   0.1720097354  -1.2088304274
 C           6.0   3.3944112406   1.0627408020  -2.3442805063
 O           8.0   2.6790932859   2.3246764108  -2.2565287085
 H           1.0   1.8419414491   0.0321968894  -1.2599820892
 H           1.0   3.4223595020  -0.7997073827  -1.2701479855
 O           8.0   3.1594398273   0.4456467395  -3.6657620031
 O           8.0   3.7529261939   2.9104581039  -4.7365485882
 H           1.0   3.5152168998   3.3400657591  -5.5625409864
 H           1.0   3.5709027179   1.9560625979  -4.8117219003
 H           1.0   2.2558202760   0.1064130536  -3.7112322679
 H           1.0   4.4706732990   1.2314518185  -2.3363454484
 H           1.0   2.9737868466   2.8748385028  -3.0082166560
--- CLOSED SHELL ORBITALS --- GENERATED AT 23:53:46 11-SEP-2026    
Acetaldehyde hydrate and water -- forward IRC endpoint, unconstrained opt       
E(R-WB97X-D)=     -306.3400956740, E(NUC)=  199.1981312688,    5 ITERS
 $VEC   
 1  1-2.46357589E-05-9.12974436E-05 5.02963705E-06 3.62727275E-05-2.52527990E-05
 1  2 2.73760248E-05 9.09554725E-05-2.67917009E-05-3.36929297E-05 4.44611894E-05
 1  3-6.64939267E-04 1.00421603E-04-3.55358647E-05 5.56977605E-04 3.16567775E-03
 1  4 3.34219451E-05 3.22234124E-04-8.64572154E-04-8.70098500E-05-2.36015230E-04
 1  5 4.38189908E-06-7.58717556E-05-2.38519272E-04 1.72950697E-03-4.15688541E-04
 1  6-3.75767221E-04-5.29503005E-04-4.65326959E-03 9.20692582E-04 1.07462745E-03
 1  7 1.74132725E-04 6.79428064E-05 1.53102594E-04-1.07906588E-05-3.37022209E-05
 1  8-2.82853249E-05-5.39795953E-04-2.39164861E-05 3.25104663E-04 2.33781226E-04
 1  9 1.88790043E-04-5.30114341E-05 4.38084609E-05-4.05817358E-05 1.00616029E-04
 1 10-1.33515865E-05 1.30433265E-05-1.42023771E-05 1.05440576E-06 6.77043279E-05
 1 11-7.69694197E-05-2.50060724E-05-4.16498594E-06-8.81680888E-06 9.93872336E-01
 1 12 2.67662762E-02-1.06943216E-03 1.71936009E-04 1.13579572E-03-5.85395718E-03
 1 13 3.92565703E-04-4.05422146E-04-1.12270520E-03 3.37274142E-03-9.80377620E-05
 1 14 3.56112324E-04 5.88398398E-04-3.91049007E-05 8.11521930E-06-8.90415420E-06
 1 15-1.97770937E-05 1.46586219E-05 2.31581758E-05 3.25186608E-05 1.06073583E-04
 1 16-8.00952752E-05 2.36134942E-05-7.38481803E-05 9.62074905E-05-1.37779089E-04
 1 17-1.02488937E-05-1.58750041E-04-1.62492306E-05-6.36258618E-06-2.29821652E-05
 1 18-1.76281188E-05-4.30888830E-05 2.67351797E-06 1.15082335E-05 5.95620294E-06
 1 19 3.23117698E-04-1.24293268E-04-2.70513750E-04-7.65428183E-05 5.78578269E-05
 1 20-1.11941845E-04-3.50592556E-04 9.60309945E-05 6.00811553E-05 1.09476433E-04
 1 21 6.15461711E-05-1.20889767E-04-2.25740325E-05 2.52137829E-06 2.22814472E-05
 2  1 6.07959922E-05-9.50294583E-05-3.08333658E-05 1.32961456E-05-7.02870275E-07
 2  2 2.25586274E-05 8.28473973E-05-2.92593340E-05-1.31168799E-05 2.46898697E-05
 2  3-4.47065865E-04 2.53218140E-04-4.54881880E-04 2.01329083E-04 3.52913585E-03
 2  4 9.94602822E-05 6.93987347E-04-5.56301904E-04-8.23849564E-05-1.93964334E-04
 2  5-9.12003145E-05 2.40507810E-04 4.78647566E-06 1.73887666E-03-4.41213347E-04
 2  6 7.64873519E-04-1.16599045E-04-4.30994615E-03 1.05614842E-03 2.07391105E-04
 2  7-1.24584483E-03 9.93878252E-01 2.68345205E-02 1.12657119E-03-5.14690357E-04
 2  8-1.10027285E-03-6.12951015E-03-9.34633552E-04 7.89943879E-04 7.66984400E-04
 2  9 2.37003886E-03 2.49900514E-04-5.38083155E-04-3.18088489E-05 9.39036604E-05
 2 10-1.10588038E-05 9.86801689E-06 9.62656895E-06 2.28056447E-05-3.45716378E-05
 2 11-1.45776267E-04 1.00410054E-05 6.45967508E-06-3.86713028E-05-2.58080000E-05
 2 12 1.49906587E-04-9.60833039E-06 4.03475395E-05 1.83293781E-05-5.20871516E-04
 2 13 6.66364281E-05-3.35804498E-04-2.43100798E-04 3.61958798E-04-2.44681091E-04
 2 14 4.15761297E-06 1.62256193E-04-1.85780735E-03-4.20521127E-05-2.82204673E-05
 2 15-2.00382223E-05 5.31503103E-05 1.02700793E-04 1.00034225E-04 1.34186437E-04
 2 16-2.13797339E-04-6.41095084E-04 2.77200016E-05 2.31979230E-04-4.04532444E-04
 2 17-4.61213864E-05-1.66513079E-04-5.27902473E-05 1.45694279E-05-1.93548470E-05
 2 18 3.26464650E-05 1.99984501E-04 7.85376482E-06 1.72669072E-05 2.63992126E-06
 2 19 8.94999900E-05-3.73050550E-04 3.52698576E-06 1.28747300E-06-1.93998671E-05
 2 20-1.46343289E-04-4.21182366E-04 1.40316782E-04-1.20605301E-04 1.89872213E-05
 2 21 3.18998785E-04 6.59481267E-04 1.09705499E-04 2.50127683E-05-1.74099897E-04
 3  1-6.71949715E-07 9.57126405E-05-9.34229980E-08 3.73413601E-06-1.28544292E-05
 3  2 1.20067899E-05 6.83389794E-05 6.07891053E-06 1.27906311E-05-1.76311718E-05
 3  3-4.10315328E-04-3.87953478E-05-1.24470132E-04 1.82162029E-04-1.06690403E-02
 3  4-9.05772534E-04-1.55906459E-03 2.10356853E-03-1.11424356E-05-5.23759330E-05
 3  5 1.84202640E-05 1.71513267E-05-5.02643321E-06 5.51765209E-04-1.69929421E-04
 3  6-1.54300997E-04 2.76336106E-05 1.01102178E-02-1.26123874E-03-2.68015913E-03
 3  7 3.22540333E-03 1.85906629E-03 6.33108509E-05 1.03913085E-06-2.94908167E-06
 3  8-1.12865115E-05-3.25419109E-05 2.91431722E-06 4.07542309E-05 3.42672949E-05
 3  9-1.97316677E-04-1.39846722E-04-6.07519661E-05 3.48032379E-05 3.96956165E-06
 3 10 1.41412034E-04 1.30621458E-05 2.35402670E-06-9.95218628E-06-1.86959549E-06
 3 11 1.27661724E-04-5.89600123E-06 1.03462653E-05-8.72179372E-06 4.16371663E-05
 3 12 1.53468570E-05-2.84616984E-06 3.24323522E-05-1.06470563E-05 3.55393790E-05
 3 13 4.83089246E-05-1.08932786E-04 4.08224600E-07-1.30907844E-03-7.32594946E-06
 3 14-4.67612277E-04-8.73178164E-05 9.93832324E-01 2.66092571E-02-6.08646059E-04
 3 15-6.37506719E-04-1.18262496E-03-5.17363093E-03 3.03432078E-04 4.47542246E-04
 3 16 4.84979491E-04 2.00454302E-03-5.30265034E-06-6.31939311E-04 9.12738522E-04
 3 17 1.59185229E-04 7.84145210E-04-7.47516509E-05 9.62560307E-05-2.74141388E-04
 3 18 2.09963141E-04 6.49873413E-04-6.57583076E-05-2.10367377E-04-3.16516787E-05
 3 19-5.76148705E-06 2.62350826E-04 9.90271145E-07 4.68468237E-05-1.75598961E-05
 3 20 2.46563886E-05 8.05309231E-07 1.10832547E-05 1.55698456E-06-1.04788999E-05
 3 21-6.04408678E-05-1.32230992E-05-5.25709949E-07-1.84973430E-05-1.76060700E-05
 4  1-1.30580488E-04-2.40232616E-04 1.04589392E-05-1.19479621E-05 2.98930783E-05
 4  2 8.69449729E-04-3.01994182E-04-2.25137841E-05 2.86620073E-05-4.45917878E-05
 4  3 3.20911005E-03 5.02744281E-04 9.63032377E-04-1.26223521E-03 3.91882282E-03
 4  4 4.44771268E-04 5.18842235E-04-4.82819506E-04 9.94549483E-01 3.07995744E-02
 4  5-5.70948536E-04 2.62751202E-04-6.08485626E-04-1.51549160E-02 1.20627525E-03
 4  6 2.69657776E-04 7.38537905E-05-6.44640100E-03 3.20937410E-04 5.22451137E-04
 4  7-7.10197452E-04-1.11977909E-05 1.96591403E-04 7.86295151E-05-9.59323621E-05
 4  8 2.85001624E-06 4.62576685E-04 4.95043138E-05-5.24400799E-04 7.01083476E-05
 4  9 3.83826029E-03 1.10506778E-03-1.20001124E-03-3.13742013E-04-1.79741747E-04
 4 10-1.67242998E-04-2.03260529E-05-1.46429238E-06 5.22907795E-06-1.39730579E-04
 4 11-2.43024744E-04 1.59607963E-05-2.47123483E-05 2.90211102E-05-1.60218129E-05
 4 12 1.63130825E-04 7.44376423E-05 7.36483119E-05 1.06607833E-04 5.41774976E-04
 4 13-1.61481561E-04 9.34269461E-05 4.88945264E-04 4.04483269E-03 2.12923069E-04
 4 14 7.50792348E-04 1.43233750E-03 2.56171345E-08-3.27154356E-06-7.69175728E-06
 4 15-2.41672013E-06 1.67553859E-05 6.87658821E-05 3.12195356E-05 8.40100527E-05
 4 16-1.22825072E-04-3.83873520E-04 7.89408872E-05 3.15798355E-04-4.69126211E-04
 4 17 1.43291104E-06-2.51904338E-04-3.36395302E-05-4.30387008E-06-1.49506876E-05
 4 18-4.42559434E-05-5.09711383E-05 2.46370830E-05 4.72591011E-05-3.53556662E-05
 4 19-5.97835916E-05-3.70835482E-04 4.05841318E-05 5.98027223E-05 1.37234307E-04
 4 20 5.13167094E-05 1.49866762E-03 3.60561850E-04 2.27443662E-05 5.20430514E-05
 4 21 5.14171156E-05-1.39654520E-04 5.44231314E-05-1.79101018E-04 7.59519273E-05
 5  1-1.60592403E-04 2.20067010E-03 1.65931127E-04 3.37789731E-04 4.44329203E-04
 5  2 9.94284487E-01 3.11297486E-02 3.06464830E-05 1.15396637E-04-1.52966253E-04
 5  3-1.33154452E-02-2.46985921E-04-9.67097197E-04 1.18995873E-03-1.87833290E-03
 5  4 6.58739202E-05-3.32311291E-04 3.13700494E-04-9.63213781E-04-1.78396051E-04
 5  5-3.29710846E-06 2.48135298E-05-5.00652922E-05 2.54970599E-03-5.05344338E-04
 5  6-1.16632674E-03 1.66120957E-03 5.20005524E-04 9.82647964E-05 1.03524386E-04
 5  7 1.37079830E-04 1.36386333E-05 2.48115573E-05-3.45257049E-06 7.73470297E-05
 5  8-4.55693199E-05-3.90654415E-04-3.61385551E-05-2.17571355E-04 1.85737480E-04
 5  9-8.25719294E-05-2.22601471E-04-4.77927409E-04 7.64067637E-04-1.48670382E-04
 5 10 2.38324244E-03-5.55240053E-04 1.28252959E-08-1.16496269E-04-1.58113609E-04
 5 11 2.07974639E-03 3.13766403E-04-4.86189280E-04-1.24537803E-04 5.18061588E-06
 5 12-3.38954362E-06 2.26166005E-05 5.22915696E-06-6.76618427E-05-1.78703736E-04
 5 13-7.55405649E-05 5.72811830E-05 4.63920057E-05 1.54788044E-03-3.51045889E-04
 5 14-7.08458440E-05 7.74446708E-04 8.11451384E-06 5.66947510E-05-7.89034746E-06
 5 15 2.49305726E-06 6.80035543E-06-2.13060855E-04 4.47215443E-05 3.88274634E-05
 5 16-3.27396715E-05 2.58227862E-04-4.81137330E-05-5.36662761E-05 9.96726258E-05
 5 17 1.80630304E-05-3.05580960E-05-3.90913133E-06-1.20199291E-06 1.21384026E-05
 5 18-2.24406278E-05 1.99072421E-04 9.91368639E-06 2.74066546E-05 1.69449332E-05
 5 19-6.44203839E-05-3.71273581E-04 9.55968290E-06-2.35217302E-05-2.70954800E-05
 5 20-1.62830776E-04 2.11174194E-04-2.27256870E-05 1.45356901E-05-1.05806789E-05
 5 21 3.52394134E-05 8.71320287E-04-2.28264189E-05-7.68131366E-05 9.37419436E-05
 6  1 5.25877500E-03 6.66789003E-03-4.88384970E-05-7.25910131E-04-1.02881416E-03
 6  2-1.96697039E-02 1.87319780E-02 3.49939939E-03 1.21661773E-02-1.70272155E-02
 6  3 3.28271400E-02-9.52938531E-03 2.90770542E-03-1.28717306E-02-1.30755489E-01
 6  4-8.24172115E-03-1.92012455E-02 2.42605172E-02-9.46385078E-02 1.07469164E-01
 6  5-3.82342125E-02 1.86220276E-02-4.54725369E-02 1.77402450E-01-3.67733071E-03
 6  6 1.47082012E-03-5.24246912E-03 1.79417264E-01-2.71416685E-02-2.60232114E-02
 6  7 2.54521803E-02-1.35612177E-01 1.40945360E-01 4.01036851E-02-2.98935840E-02
 6  8-3.86843122E-02 3.96768514E-01 4.20209952E-02-3.79843304E-02-4.06453505E-02
 6  9-4.34282083E-02-1.43777061E-02 2.18645852E-02 1.13307289E-03 4.38808383E-03
 6 10-9.14350702E-04 4.51581349E-04 3.97260972E-04-1.98463924E-04 5.11899348E-03
 6 11 3.56936177E-03-1.52273179E-04 1.00989814E-03 3.05707083E-04-1.60836375E-01
 6 12 1.68400804E-01-4.03011721E-02 1.37919274E-02 5.24870609E-02 4.69706936E-01
 6 13-3.02929368E-02 2.70437661E-02 5.98267050E-02-5.66426987E-02-1.19137694E-04
 6 14-1.06023384E-02-2.83081591E-02-3.46765394E-02 3.79903852E-02-6.05347905E-03
 6 15-8.18248906E-03-7.14025083E-03 9.17988675E-02-7.54786068E-03-1.15034278E-02
 6 16 2.18541262E-03 1.20676420E-02 1.26933135E-03-7.10394158E-03 1.24620169E-02
 6 17 1.78201232E-02 1.12065092E-02 1.73975509E-03-2.11114557E-03 3.99122592E-03
 6 18 2.39188023E-02 4.49055296E-03-6.95385083E-05 2.05184401E-03 1.58844838E-03
 6 19 7.92559664E-02 2.40189273E-02 1.46760453E-02 5.03327682E-03 5.15887731E-04
 6 20 2.69199904E-02 3.04997386E-03-5.95907776E-03 8.53769812E-05-1.99275280E-03
 6 21 6.39849881E-02 7.78494313E-03-3.41620322E-03-6.34294246E-03 8.21754060E-03
 7  1-1.46186270E-03-4.29010415E-03 5.51964950E-05 1.22960844E-04 5.40086369E-04
 7  2 4.06517794E-03-5.62114069E-03-9.32883377E-04-2.14398304E-03 4.03473214E-03
 7  3 3.98783981E-03 3.18711759E-03 5.03009283E-03-6.79860062E-04 2.29766509E-01
 7  4 1.86131388E-02 3.23472213E-02-4.64000444E-02 1.65785877E-02-1.82558066E-02
 7  5 5.49578410E-03 4.74200925E-03 1.19554359E-02-4.45889874E-02 7.62759433E-03
 7  6 7.90776973E-03-3.99728328E-03-2.29872232E-01 3.02464948E-02 5.94722534E-02
 7  7-6.23191039E-02 7.31164615E-03-6.78413435E-03-1.69418736E-03 6.69197459E-03
 7  8-1.03160531E-03-2.55527848E-02-3.08579516E-03 3.92050762E-03 2.44010859E-03
 7  9 9.33647651E-04 3.57825627E-03-1.82123322E-03 2.19244050E-03-1.27168790E-03
 7 10-2.79994226E-03-3.18660318E-04-2.25834139E-04 1.59001360E-04-1.20811600E-03
 7 11-3.10771342E-03 3.61816375E-06-4.23599178E-04 1.27365014E-04 4.06754122E-02
 7 12-4.31511198E-02 1.26666815E-02 1.54452210E-03-1.48703966E-02-1.24199325E-01
 7 13 7.53408100E-03 4.39150012E-04-1.74767348E-02 4.87974870E-02-2.13130000E-03
 7 14 1.48913971E-02 1.15415926E-02-2.27083233E-01 2.49962866E-01-3.56105375E-02
 7 15-3.71808968E-02-7.07623727E-02 6.43568289E-01-2.90841648E-02-3.14444667E-02
 7 16-5.01560481E-02 2.94618701E-03-8.49339795E-04 1.12480743E-02-2.21388705E-02
 7 17 1.28293202E-01 1.23096368E-02 6.16030141E-03-1.39814490E-02 2.25020677E-02
 7 18 1.17830691E-01 1.31699938E-02 4.29335133E-03 2.55087794E-02-9.09858126E-04
 7 19-2.23382618E-02-1.58521924E-02-4.23827340E-03-2.13656136E-03-7.51792174E-06
 7 20-4.94174167E-03-4.55624530E-03 1.12165752E-03 5.54494088E-05 9.92894741E-04
 7 21 8.56593182E-03 1.27128195E-02 9.08217042E-04-3.79913922E-04-2.01886860E-03
 8  1 2.89101828E-04-5.04509002E-03 7.09238320E-04 2.92610825E-04 3.27339769E-04
 8  2-2.52968735E-03 2.25565270E-03-5.53859175E-04 8.26488140E-03 2.29443559E-03
 8  3 8.03125899E-03-5.11011815E-03 2.15264734E-02 1.08363553E-02-6.86540806E-02
 8  4-7.67543571E-03-1.34944483E-02 8.12885077E-03-1.38813972E-02 1.55799572E-02
 8  5-2.23021954E-02 8.95247183E-02 5.25074053E-02 2.76536277E-02 6.66361487E-03
 8  6 3.71748938E-03-4.26572628E-03 6.25862395E-02-7.80796558E-03-5.08467067E-03
 8  7 3.86392897E-02-1.77842544E-01 1.89138042E-01 4.76136240E-02-1.31013072E-02
 8  8-4.54031375E-02 5.33283930E-01 5.37546841E-02-3.34577139E-02-3.71520596E-02
 8  9-7.99934876E-03-7.27902623E-03 1.94050532E-02-1.69046099E-03 2.53490189E-04
 8 10 2.18151420E-04 1.24438818E-04-5.09181445E-04-6.03388246E-04 9.40343584E-04
 8 11 6.97744205E-03-8.39141100E-04 4.66886146E-04 3.13828729E-04 1.53448901E-01
 8 12-1.64547419E-01 4.48620607E-02 6.74635601E-03-3.15374775E-02-4.58867335E-01
 8 13 2.68111624E-02-4.97086458E-03-4.68805249E-02 6.37059141E-03-9.19975214E-04
 8 14 5.63102744E-03 7.25292638E-03 2.09003652E-02-2.34153304E-02 2.73435402E-03
 8 15 5.53431658E-03 9.53013441E-03-5.99257613E-02 2.01016154E-04 2.38008192E-03
 8 16 1.08015562E-02 1.51772555E-02-1.02892130E-03-7.47053689E-03 7.69071671E-03
 8 17-1.20284237E-02 6.02275643E-04-1.26290647E-04 1.13052932E-03-1.88153690E-03
 8 18-1.77496513E-02-1.20884168E-02-6.77547206E-05-1.45811983E-03-1.27370699E-03
 8 19-8.86658279E-02-1.89401608E-02-1.68483821E-02-5.75577759E-03 6.63421309E-05
 8 20 3.09418776E-03-5.56438729E-03-1.09416863E-03 3.33708508E-03 2.39352681E-03
 8 21 9.23044406E-02 6.39844662E-03-6.30835646E-03-8.69182262E-03 1.47901770E-02
 9  1 8.71785189E-02 9.07013210E-03-2.48535919E-03-4.46140605E-03-9.90273533E-03
 9  2-1.70592027E-01 1.84209439E-01 2.25388013E-02 3.46569325E-02-4.19815009E-02
 9  3 4.20994331E-01 8.49406953E-03 9.71015969E-03-1.58213734E-02 4.99260780E-02
 9  4-3.67611027E-04 7.52504229E-03-1.19782424E-02-1.21792204E-01 1.30767145E-01
 9  5-4.98241290E-03-6.73959206E-02 9.27493696E-02 3.37825450E-01-1.11213521E-02
 9  6-2.00798031E-02 2.29018123E-02 1.48605517E-02-1.06500533E-03 4.63483815E-03
 9  7-7.21187716E-03 4.88727446E-02-5.42588046E-02 4.23038609E-03-7.31205863E-02
 9  8 5.06237968E-02-1.64052764E-01-2.47812157E-03-3.73208035E-02 3.82379060E-02
 9  9-5.75653349E-02-7.24685372E-03 1.79850423E-02-8.33262066E-03 8.43442287E-02
 9 10 7.10452625E-03 1.10236636E-02 1.59655183E-03 2.73701961E-04 8.64770959E-02
 9 11 6.12577193E-03-4.83436149E-03 9.81285784E-03 4.43989450E-04 4.90339019E-02
 9 12-5.43547121E-02 4.46380646E-02 1.71079628E-02 5.31581689E-02-1.65525527E-01
 9 13 3.53651932E-02 4.65071084E-03 2.83036084E-02-8.11649979E-02 6.76247568E-03
 9 14-4.24443654E-03-2.36890865E-02-4.45883525E-03 5.00568727E-03 1.49684383E-03
 9 15 3.25799534E-03-8.62944616E-03 1.48236015E-02 1.84745267E-03 1.69247681E-03
 9 16-6.16112045E-03-5.47084568E-03 1.43949898E-03-1.82249674E-03 2.85922682E-03
 9 17 6.59309043E-03 7.85743156E-03 3.89712887E-04-6.77664646E-04 1.14897639E-03
 9 18-2.52985312E-03-1.22100906E-03 2.67215183E-04 5.60395527E-04-2.29432024E-04
 9 19-5.29625620E-02-7.55354423E-03-9.97399900E-03-3.46815507E-03 1.93338049E-03
 9 20 6.40732724E-02 1.06446756E-02-7.52332269E-03-2.15494767E-03 1.06786447E-03
 9 21-6.56986490E-02-3.25261184E-02 4.42247871E-03 7.35955104E-03-1.07761042E-02
10  1-8.07441441E-02-2.53515199E-02 3.04117015E-03 5.74206418E-03 6.94392310E-03
10  2 1.10481191E-01-1.13101983E-01 3.86739816E-02 4.26548093E-02-5.52144208E-02
10  3-3.53983064E-01 1.48612550E-02 8.28662104E-03-6.58780776E-03-1.24066846E-01
10  4-9.53362380E-03-1.50298765E-02 1.73783266E-02-1.29081064E-01 1.39108770E-01
10  5 9.12258622E-02 3.92658251E-02-8.86032771E-02 4.54710132E-01 5.35715690E-02
10  6 1.51458736E-02-3.91461181E-02 1.43271934E-01-2.21709879E-03-1.58494657E-02
10  7 1.88559805E-02 4.23728753E-02-4.89881338E-02 5.08314253E-02-1.00291432E-01
10  8 1.79443156E-02-1.50497827E-01 3.96690761E-02-7.19041842E-02 1.03224523E-02
10  9-6.19810159E-02-1.32243420E-02 2.63300805E-03 8.27205651E-03-9.14450526E-02
10 10-2.64528135E-02-9.20122168E-03 1.41545018E-04-1.99891165E-03-7.89505682E-02
10 11-2.23113698E-02 5.32860635E-03-7.29736323E-03-2.53217513E-03 2.25233789E-02
10 12-2.92396655E-02 1.48129797E-01 1.08418258E-01 1.11548147E-01-7.48883573E-02
10 13 1.15410773E-01 8.69113064E-02 8.60306790E-02-6.37078916E-02-3.17494208E-04
10 14-8.26275243E-03-1.41723886E-02 8.41786153E-04-8.70447552E-04 4.28938445E-03
10 15-1.29299880E-02 4.28591210E-03-3.99149529E-03 4.07820428E-03-1.26640999E-02
10 16 6.12111357E-03 7.60102369E-03 3.03333793E-04-5.74508811E-03 1.05064982E-02
10 17-6.84205356E-03 1.72060309E-03 6.53396369E-05 1.96180378E-04-6.18136854E-04
10 18 8.97300826E-03 6.68257110E-03 8.08654028E-04 8.08826294E-04 1.50977776E-03
10 19-1.27372554E-01-6.57446723E-02-2.02309588E-02-6.89232008E-03-8.84025762E-04
10 20 1.28493423E-01 4.27807085E-02-1.16386113E-02-1.52452867E-03-2.52472224E-03
10 21-5.99412866E-02-2.81243960E-02 6.28020623E-03 4.47609664E-03-1.08112233E-02
11  1-3.17917795E-02-1.10210040E-02 9.83273386E-04 3.60178771E-03 1.88540235E-03
11  2 3.79486964E-02-3.51148408E-02-1.85225371E-02 7.63912855E-02-4.31509888E-02
11  3-1.65369648E-01-2.55824484E-02 3.42260564E-02-4.50281178E-03-5.77506015E-02
11  4-2.38832163E-03-1.41350510E-03 4.90336885E-03-2.65846382E-02 3.01143416E-02
11  5-1.17914929E-01 7.60515896E-02 8.36083209E-02 1.04879619E-01-1.07121138E-01
11  6 9.20282512E-03 8.56609563E-02 5.27299335E-02-1.56723917E-02-1.43324049E-02
11  7 1.44463739E-02-1.26558282E-02 8.40630383E-03-6.47815830E-03-1.90083938E-01
11  8 1.28230087E-01 6.34646950E-02 3.51245506E-03-1.56932691E-01 9.72592939E-02
11  9-5.73670924E-03-3.67829084E-03 8.41610803E-03 5.47903374E-03-1.95779510E-02
11 10-5.82826457E-03-3.10363768E-03 1.63376800E-03-2.02483873E-03-6.55930547E-02
11 11-3.02037963E-02 2.33828403E-03-3.91440667E-03-1.06056973E-03 1.23118602E-02
11 12-1.00639336E-02-1.33982948E-01-6.80711702E-02-1.33621649E-02-5.31582594E-02
11 13-1.07469819E-01-5.98123835E-02-1.11436044E-02-2.28604214E-02-3.71081022E-03
11 14-2.99463105E-03-9.12774381E-04-2.18290479E-03 3.95354397E-03-3.02584098E-03
11 15 2.16038795E-01-1.61570021E-01 4.64873732E-03-5.64702459E-05 1.68031260E-01
11 16-1.34158292E-01 8.12789421E-03 1.54000097E-03 8.56357513E-03-1.03495701E-02
11 17 1.57672518E-01 1.00935269E-01 7.14447745E-03-7.85356493E-03 2.14288611E-02
11 18-1.34793465E-01-9.99477726E-02-5.00913747E-03-1.89284306E-02-7.67258279E-03
11 19 8.84949671E-02 6.38346402E-02 1.22816081E-02 5.51912133E-03 2.51980177E-03
11 20-3.51383787E-02-2.39675951E-03-1.20295767E-03 2.10050669E-03 1.10397725E-03
11 21-1.37203333E-01-1.05418291E-01 5.62706119E-03 1.40114995E-02-1.63272771E-02
12  1 9.92693766E-05 1.81929868E-03 5.78398319E-05-2.09250067E-03-3.36962456E-04
12  2-1.37711730E-02 1.29634227E-02 3.15303631E-02-7.17218388E-02 4.67247966E-03
12  3 5.23660304E-02 2.21222287E-02-5.06009869E-02-9.72446150E-03 1.42031412E-02
12  4 2.49753487E-03-2.63246620E-03-3.22702979E-03 1.00298812E-02-1.05653497E-02
12  5 1.07319831E-01-1.09538630E-01-8.80487664E-02-3.37685404E-02 8.17922535E-02
12  6-6.44248956E-02-5.30044976E-02-6.54176422E-03 2.15561895E-03 7.89751696E-04
12  7-4.88522081E-03-3.51425606E-03 8.12070886E-03-9.47581000E-03 1.93659672E-01
12  8-1.06241247E-01 3.17291633E-03-1.33404049E-02 1.63129373E-01-8.14513335E-02
12  9 2.31831886E-02 3.95939543E-03-1.65619068E-03-6.98677532E-03-3.45419492E-03
12 10-5.44239501E-03 7.72501640E-04-1.41633935E-03 9.33309036E-04 5.32791176E-02
12 11 2.89177806E-02-9.48597729E-04 3.00363307E-03-1.83665269E-04-1.15933735E-02
12 12 1.04972797E-02 1.04777270E-01 4.61864502E-04 9.35765241E-02 5.37526270E-02
12 13 8.50887840E-02-6.82816095E-03 9.14599625E-02-1.97046234E-02 1.02986261E-02
12 14-1.17241948E-02-6.92806539E-03 1.25355505E-03-2.05176748E-03-1.56423355E-02
12 15 2.85925190E-01-1.25836778E-01-4.58940840E-03-1.32466941E-02 2.24980588E-01
12 16-9.67281420E-02 2.00100321E-03-2.06936471E-03 2.16240340E-02-6.05541667E-03
12 17 1.65143338E-01 1.11519507E-01 7.35566086E-03-5.51990599E-03 2.40282128E-02
12 18-1.77267683E-01-1.26913242E-01-6.47132409E-03-2.73573281E-02-5.18257128E-03
12 19-6.28762803E-02-3.86814512E-02-8.47694303E-03-5.50231750E-03 5.79243556E-04
12 20 3.79280608E-02 1.41862998E-02-4.58846018E-04-2.16606901E-03-1.68852145E-03
12 21 1.16526656E-01 8.18260895E-02-7.21744111E-03-9.76199473E-03 1.75488332E-02
13  1 5.71174860E-02 3.84727586E-02 2.23362020E-03 3.30446556E-05-3.11447475E-03
13  2 8.09383571E-03-9.97748405E-03 1.42359727E-01 4.97151653E-02 5.77285772E-02
13  3-2.07147430E-02 9.43481512E-02 3.49640727E-02 3.74389716E-02 1.30588892E-01
13  4 1.38879074E-02 2.03199554E-02-2.06706871E-02-1.58493787E-02 1.69387233E-02
13  5 2.44242127E-01 7.52826268E-02 1.75002009E-01 6.12910131E-02 2.03570125E-01
13  6 5.45685406E-02 1.12851887E-01-1.28172356E-01 3.52805298E-02 3.82593894E-02
13  7-3.90657125E-02 5.38206025E-03-5.29506932E-03 1.03574415E-01 8.38796751E-02
13  8 5.16892602E-02-2.26182538E-02 9.37783232E-02 7.31274066E-02 5.20932899E-02
13  9 1.33854059E-02 1.43385402E-02 2.58698072E-03 7.72774003E-03-9.73960181E-02
13 10-6.81771186E-02-5.86197471E-03-1.14772724E-03 1.64830338E-03 4.71380566E-03
13 11 3.34648111E-03 2.64323377E-03 7.65808999E-04 8.43622739E-04-9.62023587E-03
13 12 1.69170055E-02-8.92562955E-02-1.49168385E-01-1.92264673E-01 1.59792833E-02
13 13-6.70417096E-02-1.36214675E-01-1.82086958E-01 2.39080642E-02-7.72485296E-03
13 14-1.87224673E-02-7.25862750E-03-6.08023148E-04 8.05780589E-04 4.12952247E-03
13 15 1.13150330E-02 4.39194313E-03 1.53927954E-03 5.53740428E-03 1.27803521E-02
13 16 4.54950347E-03-1.32517918E-02 1.28443087E-04 4.28409560E-03-2.00985061E-03
13 17 1.33027438E-03 1.54145665E-03 9.88015931E-05 1.71357930E-04 3.68579757E-04
13 18-6.71134867E-03 5.54789087E-03-3.91853927E-05-1.28515504E-03-5.19126606E-04
13 19 1.14683390E-01 8.95759640E-02 2.10968699E-02 4.45619615E-03-4.53676615E-03
13 20 1.65115992E-01 8.71855400E-02-9.96063443E-03 1.86566027E-04 3.66620926E-03
13 21 2.37643645E-02 1.83015104E-02 2.76078473E-03 4.70530832E-04 6.01598933E-03
14  1 1.40889498E-01 9.81108219E-02-3.63770468E-03-5.68509854E-03-7.16641143E-03
14  2-2.19937130E-02 1.87617319E-02-6.68992057E-02-1.97496722E-02 2.43540392E-01
14  3 1.20453883E-01-3.97297389E-02 2.99280440E-02 1.61013388E-01 3.07896496E-02
14  4-7.99520487E-03 2.42308295E-03 1.18782250E-02 4.53367661E-02-4.58932865E-02
14  5 3.35934465E-02 2.01485034E-01-1.02785210E-01-1.79846015E-01 6.99389758E-02
14  6 1.58786303E-01-8.00760209E-02-5.75334388E-02 2.37686113E-02 1.01896417E-02
14  7 3.37640048E-03-4.92534105E-03 6.78671701E-04 5.23551631E-02-1.09569986E-01
14  8 5.43926797E-02 3.89035405E-02 5.08547921E-02-1.09826495E-01 4.55279464E-02
14  9 8.80716289E-03-2.71525602E-03-2.51853568E-03 1.03722071E-02 5.20686999E-02
14 10 4.22500081E-02 4.62784897E-03-8.01904720E-05 4.71753041E-03 1.47234505E-03
14 11 1.51586214E-02-2.64115541E-03 1.19291485E-03 5.12981936E-03-5.53212061E-02
14 12 5.64015875E-02 1.67612647E-01 1.39219126E-01-1.38623470E-01 2.29311566E-01
14 13 1.47593754E-01 1.35982248E-01-1.21174252E-01 1.29075887E-01 1.05647636E-02
14 14 2.73748477E-02-1.70735886E-02 1.78012269E-02-1.85056547E-02-9.57233628E-03
14 15 4.83528175E-02-9.52636349E-02-7.38248977E-02-6.10669892E-03 3.74570860E-02
14 16-8.18342361E-02-2.98619574E-02-2.19154180E-04 1.13625487E-02-1.60448329E-02
14 17 6.40458112E-02 4.82312697E-02 2.45729123E-03-4.44796458E-03 6.89340336E-03
14 18-1.15089094E-02 4.52929760E-03-1.95141948E-03-8.43955614E-03-1.21781682E-03
14 19-1.00601127E-01-9.37745953E-02-1.07625326E-02-2.44960862E-03-9.61233776E-03
14 20-3.54111689E-03-1.95187033E-02 2.83351359E-03 1.91287925E-03-2.79555495E-03
14 21-6.97370765E-02-6.49591056E-02 4.92313506E-03 4.68195836E-03-7.60132462E-03
15  1-1.86994751E-02-1.74095446E-02 2.49801128E-03 1.46251500E-03 6.77286634E-04
15  2 6.83879743E-03-5.47837163E-03 7.79137427E-02 3.93775416E-02-6.37892758E-02
15  3-5.92294931E-02 2.79540229E-02 3.84375976E-02-2.62649282E-02 1.93599615E-01
15  4 1.72210854E-02 3.35004162E-02-3.90933644E-02 2.47520933E-02-2.42630991E-02
15  5 1.22602117E-03-1.51610046E-01 7.82380094E-02-9.01726483E-02 1.42985877E-02
15  6-1.45320426E-01 9.99267842E-02-2.41571337E-01 3.25927789E-02 4.35392716E-02
15  7-5.77226135E-02-6.99942808E-02 7.45762531E-02-1.78800783E-01 8.59588995E-02
15  8 2.14543078E-01 2.87193451E-01-1.62360105E-01 7.37797967E-02 2.01383036E-01
15  9 1.57010017E-01-2.10294076E-02 8.97056316E-03 2.56836429E-02-6.09532178E-02
15 10-6.07242564E-02-4.99435697E-03-3.42970316E-04-1.00334500E-03-1.01511879E-03
15 11 1.74470551E-02 1.77423736E-03 1.49390999E-03-1.64446798E-03-4.10382002E-02
15 12 4.09120222E-02 2.10377811E-01-7.69500179E-02-1.85844602E-02 1.79393926E-01
15 13 2.01467339E-01-7.05496701E-02-1.04904113E-02 6.89145078E-02 4.12427157E-02
15 14-2.89369807E-02-2.10040122E-03 2.34941982E-02-2.13706226E-02-7.35300717E-03
15 15-1.14906335E-01-1.40452282E-01-1.01904449E-01 4.81592905E-04-9.58928778E-02
15 16-1.42589408E-01-6.88536838E-02 2.90608426E-03-1.30677062E-02-4.56782665E-02
15 17 2.81187986E-02 2.05672232E-02-7.66227673E-05-8.13429973E-03-1.94893233E-03
15 18 6.95341964E-02 7.96590189E-02 3.21125670E-03 9.80001045E-03-6.02275195E-03
15 19-9.34900749E-02-7.64242598E-02-7.10779665E-03-1.01597299E-02-3.90620688E-03
15 20-3.77677755E-02-3.01568000E-02 4.70255679E-03-2.93089462E-03-2.56269485E-03
15 21-8.02692907E-02-8.00529301E-02-6.24927937E-03 1.14421425E-02 2.10280060E-03
16  1 1.08265192E-01 9.01311965E-02-4.13132896E-03 1.32840265E-03-7.62426860E-03
16  2-1.02655801E-03 2.27074394E-03-1.02086657E-01 2.85278669E-01 5.48331529E-02
16  3-4.38243871E-03-9.04017831E-02 2.19729822E-01 5.18734801E-02-1.54925099E-01
16  4-2.09360099E-02-7.86420775E-04 3.28370986E-02-2.61161331E-03 1.74033831E-03
16  5-2.02345820E-02-9.37155755E-02 6.16134572E-02 1.37418145E-02-2.01298557E-02
16  6-4.56033024E-02 5.95736959E-02 1.47747364E-01-3.08827658E-02-3.36681943E-02
16  7 5.84097499E-02 7.39470494E-03-2.93925535E-03-5.13207063E-02 9.49030031E-02
16  8 2.55475060E-02-5.15173400E-02-6.11223614E-02 9.79210680E-02 3.74905117E-02
16  9-5.99290519E-02-1.21998075E-02 1.90960604E-02 1.31601780E-02 4.56614163E-02
16 10 3.16802019E-02 1.76376254E-03 5.94399063E-03 1.59697530E-03-2.20211103E-01
16 11-1.88167736E-01 7.31280761E-03-1.30297907E-02 3.90096590E-04-1.93414750E-02
16 12 1.96613051E-02 8.00109907E-02-2.80584915E-02 2.09972959E-02 8.43341081E-02
16 13 7.90962489E-02-2.63526848E-02 2.88665415E-02 5.39203956E-02 2.19221111E-02
16 14 7.12792844E-03 3.10078418E-03-3.99354960E-02 4.06329510E-02 6.33253956E-02
16 15 1.13676183E-01 1.98003906E-01 1.66541835E-01 5.70030661E-02 1.05805580E-01
16 16 1.88080007E-01 7.05454354E-02 1.76976974E-02 2.41731649E-02 5.48963586E-02
16 17-6.58686441E-02-4.98099113E-02 3.08820100E-04 1.19922033E-02-1.50172506E-03
16 18-6.66241119E-02-7.03687318E-02 1.18314847E-03-9.30198055E-03 8.40759541E-03
16 19-3.65465824E-02-3.45988262E-02-2.81029048E-03-3.45998689E-03-6.64585040E-04
16 20-1.76368774E-02-1.52933885E-02 1.44204136E-03-1.86278887E-03-9.62774130E-04
16 21 4.25453436E-02 6.77404927E-02-1.42085200E-03-6.61012932E-04 3.73500440E-03
17  1 1.71193882E-01 1.40627407E-01 1.79137160E-03-4.85355541E-03-1.11370817E-02
17  2-2.72504758E-03 5.88555278E-03 2.83604380E-01 1.04590490E-01 1.33551449E-01
17  3-1.79118043E-03 2.43323864E-01 7.69512630E-02 1.29599643E-01-4.15649158E-02
17  4 2.31212169E-02 5.53900065E-03 2.45532879E-02-2.30869717E-03 3.77188751E-03
17  5-1.10388739E-01-6.38480925E-02-2.42357985E-02 4.49472636E-03-1.12973519E-01
17  6-3.98658420E-02-5.44890407E-03 1.62965868E-02-6.15555645E-03-1.60393164E-02
17  7 1.50907687E-02 4.77965455E-03-4.01592844E-03-8.36828254E-02-3.12071583E-02
17  8-8.74423463E-02-2.58505127E-02-8.48515575E-02-2.61901916E-02-9.12317346E-02
17  9-2.46451163E-02-2.32383834E-02 4.81665466E-04-1.27986784E-02-2.21186209E-01
17 10-1.90323727E-01-1.48085816E-02-5.16963384E-05 1.89971372E-03 2.20398648E-02
17 11 1.39569110E-02 4.39896777E-03 3.64825852E-03 2.72140233E-03 1.11344702E-02
17 12-1.49514298E-02-8.27544728E-02 1.14300205E-01 9.76131549E-02-3.46044041E-02
17 13-8.73122809E-02 1.20640406E-01 1.01452387E-01 2.67504487E-02-3.26538405E-02
17 14 3.68033696E-02 2.13527387E-02 5.26344568E-03-6.33438573E-03-4.29345381E-02
17 15-9.25185177E-03-1.13814400E-02-1.86164523E-02-4.46600299E-02-1.25160363E-02
17 16-1.07536765E-02 9.26600038E-03-1.57056221E-02-5.54572216E-03-1.74389538E-03
17 17 7.38397925E-03 3.08048363E-03-1.49325318E-03-9.58551094E-04 5.06800152E-04
17 18 7.62010096E-03-1.22105345E-02-2.48117153E-03 1.26333321E-03-3.42955754E-04
17 19 1.63589825E-06-2.74356748E-02-4.12161296E-03 4.80784826E-03 1.92949383E-03
17 20-8.72207799E-02-6.97007899E-02 7.21336073E-03-1.39775633E-03 1.50650550E-03
17 21 1.41243013E-02 1.41817993E-02-4.73599266E-03-3.52184027E-03-2.04931940E-03
18  1-3.78099121E-02-3.03346890E-02 3.50022481E-03-1.77387350E-03 3.05570035E-03
18  2 3.20902003E-03-5.69222695E-03 1.19817549E-01-1.60238732E-01-5.43063058E-03
18  3-6.97659010E-03 8.48423294E-02-1.13205531E-01-8.83922691E-03-2.20399184E-01
18  4-7.31721496E-03-5.08681297E-02 4.11055117E-02 2.31370002E-02-2.32145392E-02
18  5-4.44545537E-02 4.62664386E-02-1.52455231E-02-9.79609659E-02-6.02942271E-03
18  6 1.64830138E-02-8.32756766E-03 1.67816449E-01-3.07756776E-02-5.78168346E-02
18  7 7.60088887E-02-2.62955793E-02 2.36389687E-02-2.45475749E-02-1.16186044E-01
18  8 1.31767371E-01 1.22308318E-01-1.26926183E-02-1.24167787E-01 1.22345096E-01
18  9 4.04933716E-02-8.73561022E-03-2.20300121E-02 3.39300161E-02-7.87920839E-02
18 10-7.44674716E-02-5.47115168E-03-4.13954792E-03-3.21404021E-04 1.47077740E-01
18 11 1.43407695E-01-4.05638009E-03 9.88384490E-03 6.34075860E-04-2.21499147E-02
18 12 2.36239874E-02 9.08851485E-02-4.28303234E-02-2.09306210E-02 9.25851325E-02
18 13 8.51734066E-02-4.48372799E-02-1.49008331E-02 5.45983502E-02 2.80882311E-02
18 14-5.75555854E-03-7.05967290E-03-6.16551719E-02 6.40306391E-02 1.70897384E-01
18 15 1.44657412E-01 2.58537052E-01 2.55982875E-01 1.64060198E-01 1.37502105E-01
18 16 2.45440769E-01 1.11639418E-01 4.91280760E-02 3.40732813E-02 7.54743137E-02
18 17-9.78603553E-02-7.98053760E-02 3.91214671E-03 1.67562292E-02-3.52019808E-03
18 18-8.75685285E-02-8.68602485E-02 5.40303742E-03-1.22872223E-02 1.12685721E-02
18 19-3.76667947E-02-3.57357794E-02-1.98618332E-03-4.95428055E-03-2.11182330E-03
18 20-4.99342275E-02-5.40928497E-02 5.30378547E-03 1.00051040E-03-7.28357891E-04
18 21-8.33626429E-02-5.22618651E-02 6.87641164E-03 1.00954373E-02-1.32177061E-02
19  1 8.27004114E-02 9.99267592E-02-3.10521345E-03-4.06753878E-03-4.53520977E-03
19  2 1.98062828E-02-2.23581224E-02-6.17312352E-02-5.63084326E-02 1.82233205E-01
19  3-1.03870640E-01-5.79868903E-02-5.76784921E-02 1.34532279E-01-5.03549679E-02
19  4-7.33427125E-04-5.48575303E-03 3.11005410E-02 1.02943124E-02-1.31315369E-02
19  5 1.23532805E-01 2.58847816E-02-1.76461382E-01-3.30053759E-02 6.06021798E-02
19  6 5.75212441E-03-7.75200599E-02 8.21906223E-02-1.97788653E-02-1.78248948E-02
19  7-2.13054955E-02-2.97307581E-02 3.16294376E-02-3.97240506E-02 6.85990124E-02
19  8 1.45076250E-01 1.22856844E-01-3.50826636E-02 7.42522723E-02 1.39160910E-01
19  9 9.20314957E-02 7.53357602E-03 1.21797333E-02 2.69200168E-02 3.20847600E-02
19 10 3.95722159E-02 1.81709087E-03 8.19450426E-05 3.43645165E-03-1.11982117E-02
19 11-7.08821704E-03 1.63278354E-04-1.66158451E-03 2.78946069E-03 3.34539098E-02
19 12-3.79402851E-02-1.44185495E-01-4.52504996E-02 2.64194700E-01-1.24432288E-01
19 13-1.30718648E-01-4.28862377E-02 2.82902241E-01-1.43968304E-01-2.02391989E-02
19 14-3.34472873E-02 6.31180844E-02-1.12865551E-02 1.29323694E-02 2.19843287E-01
19 15-8.71617158E-02-6.36888531E-02 5.15177867E-02 2.26489272E-01-8.13001712E-02
19 16-7.35384430E-02 8.25694672E-03 7.88619855E-02-2.64740847E-02-3.42366409E-02
19 17-2.46225714E-02-2.54168797E-02 8.73886230E-03-1.57684741E-03-6.95929639E-03
19 18 1.23734250E-02 2.24317780E-04 1.18015045E-02 7.94612627E-03-4.62276283E-03
19 19 7.51179984E-02 9.74335839E-02 7.00803197E-03 2.94226435E-03 1.07618559E-02
19 20 8.24239941E-02 9.97357708E-02-6.85203031E-03-4.37300885E-04-2.77618706E-03
19 21-6.36041409E-02-7.51721671E-02 2.08788796E-03 7.48367456E-03 1.17732830E-03
20  1 2.62199826E-02 3.56587897E-02 6.59357157E-05-6.71993846E-04-2.90288783E-03
20  2-1.04000644E-02 9.48706879E-03 3.84693158E-02 6.54681567E-02-1.74607285E-02
20  3 6.44241542E-02 2.44261326E-02 4.48512662E-02-3.70168792E-02-2.89010926E-02
20  4 1.29831067E-02-4.87508741E-03 8.74263885E-03-5.32126031E-05 2.11732250E-03
20  5-1.44908607E-01 1.29649753E-02 4.59804043E-02 6.33932675E-03-6.31845777E-02
20  6 7.96244773E-03 3.24883222E-03 5.73975422E-02-5.39059284E-02 2.31162459E-02
20  7 9.33770727E-04 2.55608527E-02-2.90441977E-02 2.59272885E-01-2.73065924E-02
20  8-1.52327783E-01-8.55211998E-02 2.66253514E-01-3.99604735E-02-1.41136488E-01
20  9-9.16953480E-02 7.95478586E-02 5.62780930E-03-4.55621668E-02-3.75825731E-02
20 10-5.32276515E-02-3.49806122E-03 3.18559563E-04 3.55604311E-04-2.03722951E-02
20 11-2.72837067E-02 1.69134872E-03-7.81189884E-04 2.78539583E-04-1.74739384E-02
20 12 1.76536049E-02 1.32041489E-01-1.88065104E-01 3.36890050E-02 8.08793497E-02
20 13 1.25802536E-01-2.01381743E-01 3.63836288E-02-3.25635342E-02 5.68847101E-02
20 14-8.86226799E-02 4.34756949E-03 6.27869175E-03-4.94677043E-03 2.53862225E-01
20 15-7.91336739E-02-1.34415294E-01-3.31155173E-02 2.64743099E-01-7.46249995E-02
20 16-1.35997854E-01-3.79588046E-02 9.79917294E-02-2.61658791E-02-5.23931263E-02
20 17 8.30848763E-03 1.45333869E-02 1.24453383E-02-5.10187665E-03-4.75202439E-03
20 18 1.01093824E-02 3.70285750E-02 1.32019764E-02 2.98982078E-03-6.89529688E-03
20 19-4.16598621E-02-2.40634429E-02-7.29621083E-04-1.12430761E-02 1.36180630E-03
20 20-1.22378201E-01-1.49351368E-01 1.00626362E-02 4.06658226E-03 6.35248771E-04
20 21 7.07021271E-02 6.56796074E-02 4.67735540E-03-1.09750928E-02 1.29375115E-02
21  1-5.03082000E-02-7.42583815E-02 1.13067876E-03 2.84149280E-03 3.34889687E-03
21  2-1.17786082E-02 1.45051762E-02 8.02251862E-03 3.13268153E-02-9.82261068E-02
21  3 5.64657870E-02 2.95000276E-02 3.91113438E-02-5.89906464E-02-1.58748953E-01
21  4-1.03808926E-02-1.58001180E-02 1.25641350E-02-1.30387811E-02 1.25881780E-02
21  5 3.69726412E-02-5.02475744E-02 6.87891953E-02 4.92239312E-02-7.89581626E-03
21  6-1.59050466E-02 1.99060740E-02 1.77523728E-01-2.24534970E-02-5.82548137E-02
21  7 7.40404452E-02 2.93889022E-03 1.65822825E-03-1.67129946E-01 3.53847229E-02
21  8-1.05426817E-01-3.39403951E-02-1.83754168E-01 4.37442316E-02-1.04365082E-01
21  9-4.21832497E-04-4.88230568E-02 1.77572755E-02-5.41796222E-02 1.18597498E-02
21 10 2.34896050E-02 2.31896578E-03 7.19690627E-04-2.42496281E-03-7.64187639E-03
21 11-1.24896181E-02-1.53168382E-04-2.83290938E-04-1.97884736E-03 1.85998936E-03
21 12 1.52187351E-03-7.38588356E-02 2.40619290E-01-1.98885107E-01-2.73579460E-02
21 13-7.51891652E-02 2.49149296E-01-2.19447274E-01 2.46791153E-02-1.77501855E-02
21 14 1.12963891E-01-7.47557480E-02 1.16008131E-03-1.59152801E-03 3.29538095E-01
21 15 2.28237046E-02-9.12710913E-02-9.04386521E-03 3.41128787E-01 1.52065686E-02
21 16-9.24830558E-02-2.45688174E-02 1.29324449E-01 1.62929309E-02-4.03298043E-02
21 17 9.86508254E-03 1.27407899E-02 1.61754619E-02 3.62158178E-04-2.39921254E-03
21 18-1.61916529E-02-3.04790499E-03 1.11130614E-02-1.20072682E-02-8.45290128E-04
21 19 3.11104236E-03 1.97539959E-03-2.81125463E-03 1.20560328E-02-7.45843090E-03
21 20 5.07448013E-02 7.04377404E-02-4.51573197E-03-3.28108862E-03 2.03977342E-03
21 21 1.69809230E-02 8.74871802E-03-8.57294987E-03-4.95142581E-03 4.85064008E-03
22  1-3.01499620E-02-2.59644182E-02 9.64766519E-04 1.81859573E-03 2.03291201E-04
22  2-1.26074863E-02 1.42091104E-02 2.96017002E-02 1.45884859E-02-7.88618361E-02
22  3 6.02341264E-02 1.70803198E-02 3.62357796E-04-7.91564011E-02-7.24230621E-03
22  4 7.84356927E-03-3.37442120E-04-5.80879407E-03 3.17132039E-03-1.86281112E-03
22  5-8.55304664E-02-5.52551903E-02 2.47439762E-02-1.25327969E-02-4.87557093E-02
22  6 1.91541479E-02 5.60419701E-02 2.50530275E-02-3.67271527E-02-1.47249435E-02
22  7-1.74892440E-02 5.16144039E-03-2.01711390E-03 2.86355236E-01 2.06075397E-01
22  8 2.53301669E-01-4.33179336E-02 2.91479107E-01 2.25172611E-01 2.62188849E-01
22  9-3.40260280E-02 1.13674038E-01 7.90708573E-02 9.12208305E-02-1.80072322E-02
22 10-3.36747567E-02-1.42099810E-03-5.38563345E-04-9.14548771E-04 1.28163535E-02
22 11 5.69866765E-03-1.03984410E-04 1.33308327E-03-3.52509292E-04-1.13271478E-02
22 12 5.76505589E-03-7.65752210E-02 2.65558371E-01 1.05843755E-02 8.62245025E-02
22 13-8.04516178E-02 2.78786096E-01 2.98175391E-02 2.50190029E-03-1.50397072E-02
22 14 1.07705476E-01-1.03692178E-02 2.35168762E-03-2.43438373E-03 1.88188530E-03
22 15 2.30125709E-02 1.89546275E-03-1.20695564E-02 3.08127402E-03 2.22844657E-02
22 16 3.09328043E-03-3.69607825E-02 6.59600893E-03 2.15718791E-02-4.78282184E-04
22 17 5.99352380E-03 1.31771517E-02 3.39321669E-04 4.18240363E-04 1.28275752E-03
22 18 7.70174659E-04 1.05632099E-02-1.88302069E-03-3.60939880E-03 2.13193657E-03
22 19-2.49380585E-02-1.85512144E-02-8.02310914E-03 9.59892803E-03-6.89025587E-04
22 20-9.63194969E-02-1.33188744E-01 8.45387769E-03 3.51318975E-03 2.04894327E-05
22 21 1.02036876E-02 1.73255079E-02 1.23326356E-02 6.94531562E-03 1.22063919E-02
 $END   
 $GRAD  
E=     -306.3400956740  GMAX=   0.0001276  GRMS=   0.0000399
H            1.   -8.4288084068E-07    7.0718054984E-06   -3.2929075778E-06
C            6.   -4.0592227505E-05   -1.1377778048E-05   -1.3706104578E-05
C            6.   -5.7732585945E-05   -2.9065512400E-05   -2.6586868566E-05
O            8.   -9.2629305326E-05    5.3248540085E-05    4.4909382153E-06
H            1.   -5.4124792527E-06   -7.0648970312E-06    2.8356142300E-06
H            1.    1.8143996263E-05    1.1620265660E-05    6.6953361185E-06
O            8.    1.2757886812E-04    7.5419491655E-05   -2.2130012242E-05
O            8.    7.6032710487E-06    6.3020376900E-05    5.8017056328E-05
H            1.    5.7673252595E-06   -3.1952901156E-05   -1.1087235086E-05
H            1.   -1.5347522724E-06   -8.0433585468E-06   -1.1711326130E-05
H            1.   -2.7441438180E-05   -1.4141104435E-05    2.4656692838E-05
H            1.    1.1544301230E-05   -5.7625885199E-05    1.9786103182E-05
H            1.    5.5547900651E-05   -5.1109039703E-05   -2.7967293973E-05
 $END
-------------------- DATA FROM NSERCH=   5 --------------------
 COORDINATES OF SYMMETRY UNIQUE ATOMS (ANGS)
   ATOM   CHARGE       X              Y              Z
 ------------------------------------------------------------
 H           1.0   3.1753866480   0.6368942300  -0.2511106920
 C           6.0   2.9271392145   0.1721819444  -1.2087032621
 C           6.0   3.3941374262   1.0629457964  -2.3446095720
 O           8.0   2.6784285200   2.3245313162  -2.2568091099
 H           1.0   1.8428542532   0.0319752333  -1.2589745403
 H           1.0   3.4235955107  -0.7993553144  -1.2701705699
 O           8.0   3.1587397415   0.4454664475  -3.6658589407
 O           8.0   3.7536503893   2.9104294852  -4.7360850925
 H           1.0   3.5157685573   3.3401725720  -5.5619688393
 H           1.0   3.5710595091   1.9561253661  -4.8114155127
 H           1.0   2.2552061244   0.1060540100  -3.7109363203
 H           1.0   4.4703183122   1.2321763455  -2.3373426385
 H           1.0   2.9733231254   2.8749651377  -3.0082223391
--- CLOSED SHELL ORBITALS --- GENERATED AT 23:53:50 11-SEP-2026    
Acetaldehyde hydrate and water -- forward IRC endpoint, unconstrained opt       
E(R-WB97X-D)=     -306.3400958022, E(NUC)=  199.2022453011,    5 ITERS
 $VEC   
 1  1-2.46551538E-05-9.13928602E-05 5.00986490E-06 3.62609831E-05-2.52441041E-05
 1  2 2.73635606E-05 9.08971662E-05-2.67497518E-05-3.36979440E-05 4.44714493E-05
 1  3-6.64440416E-04 1.00882537E-04-3.52257894E-05 5.56744490E-04 3.16763519E-03
 1  4 3.29947998E-05 3.22361388E-04-8.65043901E-04-8.70075072E-05-2.35983175E-04
 1  5 4.26130100E-06-7.59173212E-05-2.38453346E-04 1.72924427E-03-4.15598595E-04
 1  6-3.75714858E-04-5.29478755E-04-4.65453345E-03 9.20120394E-04 1.07573241E-03
 1  7 1.72653525E-04 6.80088387E-05 1.53083997E-04-1.07790302E-05-3.37094277E-05
 1  8-2.82775412E-05-5.39747089E-04-2.39917508E-05 3.25225215E-04 2.33702960E-04
 1  9 1.88563174E-04-5.28544679E-05 4.38916711E-05-4.06323995E-05 1.00588509E-04
 1 10-1.33343653E-05 1.30410014E-05-1.41943926E-05 1.01772757E-06 6.76934319E-05
 1 11-7.70208574E-05-2.50137223E-05-4.18475297E-06-8.79721673E-06 9.93872323E-01
 1 12 2.67663003E-02-1.06900995E-03 1.71899544E-04 1.13607172E-03-5.85389754E-03
 1 13 3.92091153E-04-4.05624083E-04-1.12269497E-03 3.37251032E-03-9.75947200E-05
 1 14 3.56348129E-04 5.88381926E-04-3.92457188E-05 8.05276597E-06-8.90297040E-06
 1 15-1.97818123E-05 1.46606526E-05 2.34073683E-05 3.24966355E-05 1.05976335E-04
 1 16-8.00462527E-05 2.32475491E-05-7.37403892E-05 9.60217555E-05-1.37719502E-04
 1 17-1.02912909E-05-1.58452086E-04-1.62604990E-05-6.35948515E-06-2.29661442E-05
 1 18-1.75697643E-05-4.37464799E-05 2.69014238E-06 1.14800180E-05 5.87821320E-06
 1 19 3.23018976E-04-1.24152181E-04-2.70574322E-04-7.66250956E-05 5.79662676E-05
 1 20-1.11986855E-04-3.50741850E-04 9.60780338E-05 6.01202399E-05 1.09441751E-04
 1 21 6.15554606E-05-1.21282756E-04-2.25431776E-05 2.53062987E-06 2.22034187E-05
 2  1 6.07852271E-05-9.50568670E-05-3.08484457E-05 1.32962651E-05-6.69707083E-07
 2  2 2.25458259E-05 8.27945747E-05-2.92431280E-05-1.31142860E-05 2.46981810E-05
 2  3-4.46448397E-04 2.53664184E-04-4.54661115E-04 2.00943906E-04 3.53465954E-03
 2  4 9.91451668E-05 6.94757480E-04-5.57487803E-04-8.23646337E-05-1.93868172E-04
 2  5-9.13614110E-05 2.40497681E-04 4.81425730E-06 1.73903028E-03-4.41215261E-04
 2  6 7.65462153E-04-1.16781564E-04-4.31467322E-03 1.05607497E-03 2.09253308E-04
 2  7-1.24847560E-03 9.93878198E-01 2.68347002E-02 1.12731668E-03-5.14318729E-04
 2  8-1.09997163E-03-6.12987451E-03-9.35421253E-04 7.89823082E-04 7.66847743E-04
 2  9 2.36964629E-03 2.50143190E-04-5.37970467E-04-3.16625636E-05 9.38990697E-05
 2 10-1.10671681E-05 9.86988228E-06 9.65590268E-06 2.27951995E-05-3.46101665E-05
 2 11-1.45862217E-04 1.00213705E-05 6.44164884E-06-3.86708209E-05-2.58792660E-05
 2 12 1.49895080E-04-9.59311838E-06 4.03560286E-05 1.83104573E-05-5.20857768E-04
 2 13 6.65155483E-05-3.35923265E-04-2.42992846E-04 3.62039254E-04-2.44524585E-04
 2 14 4.17916341E-06 1.62544705E-04-1.88196756E-03-4.26762977E-05-2.82334947E-05
 2 15-2.00216140E-05 5.31493179E-05 1.02717669E-04 1.00186208E-04 1.34079111E-04
 2 16-2.13534514E-04-6.42338073E-04 2.80462035E-05 2.31894841E-04-4.04164699E-04
 2 17-4.61045197E-05-1.65607446E-04-5.28014148E-05 1.45086369E-05-1.92396969E-05
 2 18 3.26849066E-05 1.99735588E-04 7.87229763E-06 1.72848617E-05 2.52623415E-06
 2 19 8.94613051E-05-3.73093193E-04 3.49646936E-06 1.27337708E-06-1.94024885E-05
 2 20-1.46507785E-04-4.21402979E-04 1.40419519E-04-1.20550837E-04 1.89484933E-05
 2 21 3.19090366E-04 6.59144188E-04 1.09768288E-04 2.50777634E-05-1.74042976E-04
 3  1-6.64631153E-07 9.56706810E-05-8.32206685E-08 3.72687020E-06-1.28641034E-05
 3  2 1.20080161E-05 6.83267867E-05 6.09236938E-06 1.27698719E-05-1.76322081E-05
 3  3-4.10529963E-04-3.91300476E-05-1.24385169E-04 1.82325066E-04-1.06844337E-02
 3  4-9.04611211E-04-1.56095381E-03 2.10717248E-03-1.11474202E-05-5.24013703E-05
 3  5 1.83690977E-05 1.72116568E-05-5.09445956E-06 5.52185179E-04-1.69083538E-04
 3  6-1.54782980E-04 2.82091514E-05 1.01244945E-02-1.26064162E-03-2.68533274E-03
 3  7 3.23246536E-03 1.88323622E-03 6.39829901E-05 1.08679449E-06-2.92337203E-06
 3  8-1.13255971E-05-3.26972526E-05 2.79067764E-06 4.05169607E-05 3.43985664E-05
 3  9-1.97053970E-04-1.39665905E-04-5.99575442E-05 3.38309292E-05 3.92996749E-06
 3 10 1.41124755E-04 1.30368788E-05 2.34955238E-06-9.96987283E-06-1.83623962E-06
 3 11 1.27789809E-04-5.90428441E-06 1.03632444E-05-8.71225141E-06 4.17600886E-05
 3 12 1.53074893E-05-2.77698345E-06 3.24411802E-05-1.06427382E-05 3.56917389E-05
 3 13 4.78480686E-05-1.09007378E-04 3.90447211E-07-1.30752333E-03-7.86046736E-06
 3 14-4.66571098E-04-8.81109580E-05 9.93832290E-01 2.66091912E-02-6.09649401E-04
 3 15-6.37147253E-04-1.18253042E-03-5.17346686E-03 3.03966731E-04 4.47355929E-04
 3 16 4.84765206E-04 2.00666808E-03-5.63129654E-06-6.31891124E-04 9.12032934E-04
 3 17 1.59293211E-04 7.83121098E-04-7.48665621E-05 9.63276935E-05-2.74142845E-04
 3 18 2.10077241E-04 6.49054553E-04-6.58794918E-05-2.10308728E-04-3.16873052E-05
 3 19-5.84728791E-06 2.61357044E-04 8.80891998E-07 4.67863683E-05-1.75485481E-05
 3 20 2.47442627E-05-5.47697181E-07 1.11806887E-05 1.52421468E-06-1.04000285E-05
 3 21-6.04273623E-05-1.31172979E-05-5.02466469E-07-1.85263795E-05-1.75826220E-05
 4  1-1.30594499E-04-2.40118048E-04 1.04618593E-05-1.19276338E-05 2.98774773E-05
 4  2 8.69451908E-04-3.01957966E-04-2.25859109E-05 2.86595025E-05-4.45710714E-05
 4  3 3.20893210E-03 5.01894304E-04 9.62920397E-04-1.26272063E-03 3.92328806E-03
 4  4 4.45026088E-04 5.19274357E-04-4.83693336E-04 9.94549408E-01 3.07996314E-02
 4  5-5.71342845E-04 2.62733803E-04-6.08085024E-04-1.51543653E-02 1.20543277E-03
 4  6 2.70102616E-04 7.23533848E-05-6.44854751E-03 3.19956965E-04 5.24733871E-04
 4  7-7.13646310E-04-1.11818819E-05 1.96728038E-04 7.86396555E-05-9.58652808E-05
 4  8 2.80920129E-06 4.62144890E-04 4.94115617E-05-5.24243920E-04 7.04563832E-05
 4  9 3.83805787E-03 1.10579857E-03-1.20055280E-03-3.13376820E-04-1.79714953E-04
 4 10-1.66848548E-04-2.03035142E-05-1.48334318E-06 5.26691813E-06-1.39757639E-04
 4 11-2.43087050E-04 1.59681910E-05-2.47379475E-05 2.90202311E-05-1.60180985E-05
 4 12 1.63139605E-04 7.44465850E-05 7.37314937E-05 1.06597367E-04 5.41663843E-04
 4 13-1.61110392E-04 9.33715425E-05 4.88745475E-04 4.04086918E-03 2.14290026E-04
 4 14 7.50199883E-04 1.43201307E-03 3.44896706E-08-3.26946181E-06-7.70830072E-06
 4 15-2.37784032E-06 1.66680613E-05 6.84812784E-05 3.14065648E-05 8.39798189E-05
 4 16-1.22415956E-04-3.86227359E-04 7.92398872E-05 3.16306825E-04-4.69071820E-04
 4 17 1.53482444E-06-2.51173999E-04-3.36325283E-05-4.33581501E-06-1.48505742E-05
 4 18-4.44848021E-05-4.93341351E-05 2.46406676E-05 4.72994150E-05-3.52306653E-05
 4 19-5.99055945E-05-3.69491492E-04 4.06601610E-05 5.98958808E-05 1.37166754E-04
 4 20 5.12488976E-05 1.49912141E-03 3.60600810E-04 2.29061083E-05 5.18298622E-05
 4 21 5.16073323E-05-1.38974841E-04 5.44266783E-05-1.79272551E-04 7.59994351E-05
 5  1-1.60624592E-04 2.20103812E-03 1.66219075E-04 3.37895996E-04 4.44165446E-04
 5  2 9.94284500E-01 3.11298491E-02 3.05972951E-05 1.15365506E-04-1.52852435E-04
 5  3-1.33159947E-02-2.46240410E-04-9.67048610E-04 1.19018503E-03-1.88059815E-03
 5  4 6.57593027E-05-3.32490572E-04 3.14232140E-04-9.63217464E-04-1.78412781E-04
 5  5-3.35413771E-06 2.48205059E-05-5.01250685E-05 2.54981497E-03-5.03533441E-04
 5  6-1.16624897E-03 1.66232734E-03 5.21586736E-04 9.87792158E-05 1.03082108E-04
 5  7 1.37569205E-04 1.36384197E-05 2.48195017E-05-3.51201831E-06 7.73161653E-05
 5  8-4.55469265E-05-3.90595571E-04-3.60768670E-05-2.17518559E-04 1.85469279E-04
 5  9-8.35015918E-05-2.22763165E-04-4.77727081E-04 7.64758231E-04-1.48719072E-04
 5 10 2.38312533E-03-5.55335731E-04-2.11769569E-07-1.16049175E-04-1.58070831E-04
 5 11 2.07991402E-03 3.13895478E-04-4.86067248E-04-1.24657806E-04 5.17384572E-06
 5 12-3.42464946E-06 2.25899642E-05 5.20247278E-06-6.76711905E-05-1.78458539E-04
 5 13-7.57285237E-05 5.73477502E-05 4.64411046E-05 1.55008007E-03-3.51718437E-04
 5 14-7.06798443E-05 7.75190103E-04 8.11258299E-06 5.66627331E-05-7.91611315E-06
 5 15 2.51661161E-06 6.75504111E-06-2.13020799E-04 4.48775700E-05 3.87345635E-05
 5 16-3.25316201E-05 2.58558781E-04-4.85013538E-05-5.35883483E-05 9.94877734E-05
 5 17 1.82088357E-05-3.08768210E-05-3.88892018E-06-1.20694786E-06 1.21679601E-05
 5 18-2.25074590E-05 1.99291368E-04 9.92401805E-06 2.74077515E-05 1.69898167E-05
 5 19-6.43094360E-05-3.72733102E-04 9.47834570E-06-2.35555164E-05-2.71692676E-05
 5 20-1.62845564E-04 2.11113958E-04-2.27279712E-05 1.45210565E-05-1.06010249E-05
 5 21 3.51543903E-05 8.71812969E-04-2.28902580E-05-7.68958375E-05 9.36374673E-05
 6  1 5.25760939E-03 6.66523524E-03-4.89246278E-05-7.26035838E-04-1.02824845E-03
 6  2-1.96671432E-02 1.87290954E-02 3.48342770E-03 1.21667854E-02-1.70275542E-02
 6  3 3.28216388E-02-9.54676980E-03 2.91279759E-03-1.28571094E-02-1.30949034E-01
 6  4-8.24016884E-03-1.92274834E-02 2.42994762E-02-9.46495829E-02 1.07480732E-01
 6  5-3.82737398E-02 1.86583729E-02-4.54302526E-02 1.77415643E-01-3.66902135E-03
 6  6 1.45976097E-03-5.24452770E-03 1.79562968E-01-2.71260082E-02-2.60911753E-02
 6  7 2.55655624E-02-1.35694988E-01 1.41031668E-01 4.01564886E-02-2.98945542E-02
 6  8-3.86951173E-02 3.97018099E-01 4.20795522E-02-3.79947669E-02-4.06563915E-02
 6  9-4.34101079E-02-1.43945949E-02 2.18710654E-02 1.12344472E-03 4.38627502E-03
 6 10-9.19114592E-04 4.51045959E-04 3.96757146E-04-1.98721552E-04 5.11872463E-03
 6 11 3.57630110E-03-1.52778386E-04 1.01024243E-03 3.05757697E-04-1.60759598E-01
 6 12 1.68319243E-01-4.02619623E-02 1.37949419E-02 5.24783739E-02 4.69472668E-01
 6 13-3.02536087E-02 2.70472437E-02 5.98059405E-02-5.66330182E-02-1.35941311E-04
 6 14-1.06102161E-02-2.83105840E-02-3.46839981E-02 3.79990631E-02-6.06540411E-03
 6 15-8.17984455E-03-7.14151664E-03 9.18177086E-02-7.56344222E-03-1.14978606E-02
 6 16 2.17894190E-03 1.21263796E-02 1.25926506E-03-7.10838111E-03 1.24600383E-02
 6 17 1.78242599E-02 1.11821198E-02 1.74105389E-03-2.11155423E-03 3.98937275E-03
 6 18 2.39183427E-02 4.49627659E-03-6.83759719E-05 2.05280115E-03 1.58947614E-03
 6 19 7.92220129E-02 2.40124582E-02 1.46703402E-02 5.03474615E-03 5.09909874E-04
 6 20 2.69257142E-02 3.05125165E-03-5.96098888E-03 8.47686494E-05-1.98850603E-03
 6 21 6.40204695E-02 7.78177269E-03-3.42127129E-03-6.34768924E-03 8.22031359E-03
 7  1-1.46275784E-03-4.28810707E-03 5.52334761E-05 1.22976305E-04 5.40346846E-04
 7  2 4.06567782E-03-5.62402898E-03-9.29926688E-04-2.14479885E-03 4.03618649E-03
 7  3 4.00886364E-03 3.19824504E-03 5.03343560E-03-6.95055662E-04 2.30096561E-01
 7  4 1.85917779E-02 3.23861196E-02-4.64757445E-02 1.65836754E-02-1.82654964E-02
 7  5 5.50713807E-03 4.73469549E-03 1.19512474E-02-4.45977130E-02 7.61459803E-03
 7  6 7.93409800E-03-4.03356650E-03-2.30166606E-01 3.02276282E-02 5.95868033E-02
 7  7-6.24774771E-02 7.33782670E-03-6.81166234E-03-1.70174472E-03 6.69588684E-03
 7  8-1.02508017E-03-2.56333225E-02-3.09541969E-03 3.93385812E-03 2.44515013E-03
 7  9 9.29903154E-04 3.57886485E-03-1.84198443E-03 2.20890473E-03-1.27171446E-03
 7 10-2.79403728E-03-3.18422075E-04-2.25986422E-04 1.59475888E-04-1.20954299E-03
 7 11-3.11106219E-03 3.88097231E-06-4.24206346E-04 1.27507932E-04 4.06781241E-02
 7 12-4.31517993E-02 1.26637911E-02 1.54266833E-03-1.48719916E-02-1.24210661E-01
 7 13 7.53842273E-03 4.30281797E-04-1.74771564E-02 4.87373081E-02-2.10850052E-03
 7 14 1.48674068E-02 1.15529556E-02-2.27080020E-01 2.49959597E-01-3.56689139E-02
 7 15-3.71582612E-02-7.07621576E-02 6.43562075E-01-2.91332426E-02-3.14279046E-02
 7 16-5.01532009E-02 2.89972792E-03-8.45795581E-04 1.12478718E-02-2.21240418E-02
 7 17 1.28291258E-01 1.23283601E-02 6.16375067E-03-1.39859412E-02 2.24984392E-02
 7 18 1.17825538E-01 1.31864326E-02 4.30681595E-03 2.55055375E-02-9.05805559E-04
 7 19-2.23411204E-02-1.58218950E-02-4.23708674E-03-2.13606498E-03-5.83621890E-06
 7 20-4.94545156E-03-4.53199058E-03 1.12170377E-03 5.52893204E-05 9.92392662E-04
 7 21 8.55601496E-03 1.27007446E-02 9.10622120E-04-3.79128133E-04-2.02102440E-03
 8  1 2.85567342E-04-5.04628562E-03 7.09903969E-04 2.92528966E-04 3.27360536E-04
 8  2-2.51795160E-03 2.24373375E-03-5.57436133E-04 8.25723624E-03 2.30232441E-03
 8  3 8.00642570E-03-5.11457784E-03 2.15220021E-02 1.08400747E-02-6.87101551E-02
 8  4-7.66436683E-03-1.35053418E-02 8.14499024E-03-1.38470164E-02 1.55414332E-02
 8  5-2.22951322E-02 8.95353010E-02 5.25197024E-02 2.75653661E-02 6.67223904E-03
 8  6 3.70572053E-03-4.26341969E-03 6.26132385E-02-7.79565980E-03-5.10445050E-03
 8  7 3.86738590E-02-1.77773781E-01 1.89064410E-01 4.76307024E-02-1.30714072E-02
 8  8-4.53677730E-02 5.33087598E-01 5.37779017E-02-3.34240186E-02-3.71209917E-02
 8  9-7.97115219E-03-7.27555035E-03 1.93919849E-02-1.69846834E-03 2.49700639E-04
 8 10 2.15514424E-04 1.23640487E-04-5.09653184E-04-6.03573984E-04 9.37569741E-04
 8 11 6.97564408E-03-8.38766396E-04 4.66125845E-04 3.14411575E-04 1.53529851E-01
 8 12-1.64633715E-01 4.48694687E-02 6.74411704E-03-3.15789104E-02-4.59094424E-01
 8 13 2.68012574E-02-4.98824336E-03-4.69179347E-02 6.38664464E-03-9.15752273E-04
 8 14 5.64115278E-03 7.25651648E-03 2.09009697E-02-2.34170492E-02 2.73981228E-03
 8 15 5.53179885E-03 9.52962823E-03-5.99225087E-02 2.01798564E-04 2.38163838E-03
 8 16 1.07938690E-02 1.51935249E-02-1.03539363E-03-7.46587097E-03 7.67638195E-03
 8 17-1.20293824E-02 5.83407727E-04-1.26841740E-04 1.13172333E-03-1.88308503E-03
 8 18-1.77498241E-02-1.20919869E-02-6.85067785E-05-1.45703598E-03-1.27349442E-03
 8 19-8.87163031E-02-1.89506294E-02-1.68579353E-02-5.76246372E-03 7.36163735E-05
 8 20 3.08618505E-03-5.57111683E-03-1.09196980E-03 3.33819039E-03 2.39447159E-03
 8 21 9.22689078E-02 6.39275777E-03-6.31016382E-03-8.69426534E-03 1.47785660E-02
 9  1 8.71823122E-02 9.06360698E-03-2.49191034E-03-4.46342221E-03-9.90000859E-03
 9  2-1.70594055E-01 1.84211307E-01 2.24975330E-02 3.46603139E-02-4.19944192E-02
 9  3 4.21004487E-01 8.48467010E-03 9.71485538E-03-1.58179939E-02 4.99151489E-02
 9  4-3.80949464E-04 7.52338478E-03-1.19804825E-02-1.21789303E-01 1.30765896E-01
 9  5-4.89656727E-03-6.73833808E-02 9.27630116E-02 3.37818193E-01-1.10935203E-02
 9  6-2.00779146E-02 2.29109982E-02 1.48534700E-02-1.07056861E-03 4.62132891E-03
 9  7-7.19139700E-03 4.88739262E-02-5.42606823E-02 4.24906586E-03-7.31271008E-02
 9  8 5.06165023E-02-1.64059905E-01-2.46847548E-03-3.73267801E-02 3.82330175E-02
 9  9-5.75599399E-02-7.25733571E-03 1.79871182E-02-8.33991156E-03 8.43478578E-02
 9 10 7.10574670E-03 1.10240965E-02 1.60090919E-03 2.64667792E-04 8.64763373E-02
 9 11 6.12656715E-03-4.83802023E-03 9.81118527E-03 4.45884666E-04 4.90280333E-02
 9 12-5.43487621E-02 4.46636747E-02 1.71327748E-02 5.31323869E-02-1.65502244E-01
 9 13 3.53781822E-02 4.66859648E-03 2.82863051E-02-8.11418114E-02 6.75148540E-03
 9 14-4.24096062E-03-2.36942888E-02-4.45468699E-03 5.00121767E-03 1.50054890E-03
 9 15 3.25033476E-03-8.61905205E-03 1.48102652E-02 1.84895195E-03 1.68484422E-03
 9 16-6.15356267E-03-5.45803671E-03 1.44609762E-03-1.83069658E-03 2.86848475E-03
 9 17 6.58303620E-03 7.86021475E-03 3.89732991E-04-6.77261906E-04 1.14769347E-03
 9 18-2.52107152E-03-1.23304591E-03 2.67732504E-04 5.59825542E-04-2.29087598E-04
 9 19-5.29705435E-02-7.55620687E-03-9.97360467E-03-3.47029152E-03 1.93731825E-03
 9 20 6.40713009E-02 1.06414878E-02-7.52114138E-03-2.15868327E-03 1.07275258E-03
 9 21-6.56989234E-02-3.25351735E-02 4.42635925E-03 7.36427841E-03-1.07720484E-02
10  1-8.07448262E-02-2.53467313E-02 3.04499124E-03 5.74353873E-03 6.94081271E-03
10  2 1.10478374E-01-1.13101511E-01 3.86120923E-02 4.26613553E-02-5.52556805E-02
10  3-3.53957923E-01 1.48418656E-02 8.29435127E-03-6.61987407E-03-1.24214220E-01
10  4-9.53400616E-03-1.50505769E-02 1.74099073E-02-1.29076799E-01 1.39104005E-01
10  5 9.11469508E-02 3.92915369E-02-8.86628960E-02 4.54689465E-01 5.35580735E-02
10  6 1.51750415E-02-3.91886611E-02 1.43385881E-01-2.20509728E-03-1.58976436E-02
10  7 1.89305181E-02 4.23894409E-02-4.90056790E-02 5.08455100E-02-1.00313905E-01
10  8 1.79108511E-02-1.50560412E-01 3.96760348E-02-7.19185830E-02 1.02970679E-02
10  9-6.19993942E-02-1.32332893E-02 2.63883164E-03 8.27142287E-03-9.14447206E-02
10 10-2.64571264E-02-9.20316544E-03 1.37686637E-04-1.99152507E-03-7.89498160E-02
10 11-2.23130144E-02 5.32966240E-03-7.29572439E-03-2.53447131E-03 2.25254512E-02
10 12-2.92417695E-02 1.48144205E-01 1.08484838E-01 1.11452086E-01-7.48939967E-02
10 13 1.15415362E-01 8.69634538E-02 8.59521665E-02-6.36556396E-02-3.34195863E-04
10 14-8.25092029E-03-1.41669979E-02 8.50771427E-04-8.80830057E-04 4.29028473E-03
10 15-1.29940520E-02 4.33362075E-03-4.02038087E-03 4.07629980E-03-1.27130407E-02
10 16 6.15659569E-03 7.63896693E-03 2.93664355E-04-5.75549715E-03 1.05086089E-02
10 17-6.89082527E-03 1.68039240E-03 6.32745521E-05 1.99453246E-04-6.25622083E-04
10 18 9.02014316E-03 6.69778654E-03 8.09950803E-04 8.11642687E-04 1.51314984E-03
10 19-1.27374279E-01-6.57549438E-02-2.02308697E-02-6.89603939E-03-8.75116529E-04
10 20 1.28487186E-01 4.27704216E-02-1.16382290E-02-1.53061753E-03-2.51752351E-03
10 21-5.99480541E-02-2.81320589E-02 6.28446438E-03 4.48028040E-03-1.08095163E-02
11  1-3.18211337E-02-1.10437117E-02 9.83885886E-04 3.60430156E-03 1.88629948E-03
11  2 3.79671777E-02-3.51278801E-02-1.86216220E-02 7.64209721E-02-4.31881127E-02
11  3-1.65467141E-01-2.56262350E-02 3.42358743E-02-4.47935739E-03-5.79381256E-02
11  4-2.40160369E-03-1.43195770E-03 4.93746631E-03-2.66166602E-02 3.01564075E-02
11  5-1.18059505E-01 7.60882884E-02 8.36846592E-02 1.04975064E-01-1.07200418E-01
11  6 9.16817894E-03 8.57619638E-02 5.28979674E-02-1.56802953E-02-1.43957969E-02
11  7 1.45222579E-02-1.26447512E-02 8.38922763E-03-6.46181646E-03-1.90315732E-01
11  8 1.28292359E-01 6.34411834E-02 3.53664169E-03-1.57122104E-01 9.72978977E-02
11  9-5.77259453E-03-3.68799724E-03 8.42678593E-03 5.48093206E-03-1.95728067E-02
11 10-5.81955537E-03-3.10638128E-03 1.63370904E-03-2.02464676E-03-6.56316884E-02
11 11-3.02223484E-02 2.33945782E-03-3.91567379E-03-1.06258619E-03 1.23334003E-02
11 12-1.00900915E-02-1.34011992E-01-6.80430798E-02-1.33135970E-02-5.32350427E-02
11 13-1.07501306E-01-5.97706077E-02-1.11149746E-02-2.28287538E-02-3.73053163E-03
11 14-2.97018699E-03-9.05713241E-04-2.19264270E-03 3.96607675E-03-2.93944269E-03
11 15 2.15814052E-01-1.61415995E-01 4.67702694E-03 1.63646935E-05 1.67857155E-01
11 16-1.34035816E-01 8.14937585E-03 1.54937797E-03 8.54591400E-03-1.03307018E-02
11 17 1.57518592E-01 1.00847925E-01 7.14523741E-03-7.85147024E-03 2.14057404E-02
11 18-1.34640284E-01-9.98557115E-02-5.01497507E-03-1.88979782E-02-7.67302131E-03
11 19 8.84901815E-02 6.38028172E-02 1.22766861E-02 5.52261277E-03 2.51507466E-03
11 20-3.51938348E-02-2.42952842E-03-1.20262264E-03 2.10020564E-03 1.10607174E-03
11 21-1.37322043E-01-1.05494028E-01 5.64038520E-03 1.40285851E-02-1.63396911E-02
12  1 7.34083008E-05 1.80843356E-03 6.05708301E-05-2.08692354E-03-3.35412026E-04
12  2-1.37185545E-02 1.29158888E-02 3.16041098E-02-7.15893923E-02 4.60507484E-03
12  3 5.21296929E-02 2.21442522E-02-5.05442993E-02-9.72897418E-03 1.42208045E-02
12  4 2.49921649E-03-2.62034784E-03-3.24160765E-03 9.97137710E-03-1.05007031E-02
12  5 1.07302576E-01-1.09443410E-01-8.79576388E-02-3.35366457E-02 8.17507723E-02
12  6-6.43921037E-02-5.28953675E-02-6.56960000E-03 2.16044122E-03 7.98519142E-04
12  7-4.88832573E-03-3.51574987E-03 8.11698560E-03-9.48096673E-03 1.93533039E-01
12  8-1.06098666E-01 3.18955917E-03-1.33403848E-02 1.63024485E-01-8.13441206E-02
12  9 2.31632612E-02 3.95823543E-03-1.64268919E-03-6.97504671E-03-3.52164428E-03
12 10-5.48166279E-03 7.67447011E-04-1.41415230E-03 9.30910051E-04 5.31960263E-02
12 11 2.88726172E-02-9.45365091E-04 2.99808559E-03-1.85280106E-04-1.15807077E-02
12 12 1.04848924E-02 1.04689559E-01 4.51317677E-04 9.34848525E-02 5.36998229E-02
12 13 8.50186774E-02-6.83318607E-03 9.13764166E-02-1.96745428E-02 1.02843850E-02
12 14-1.17122048E-02-6.92086977E-03 1.26040465E-03-2.05870099E-03-1.55783077E-02
12 15 2.86142330E-01-1.25944787E-01-4.61650171E-03-1.31974542E-02 2.25158389E-01
12 16-9.68254842E-02 2.00635912E-03-2.06735024E-03 2.16308734E-02-6.06647884E-03
12 17 1.65279321E-01 1.11617349E-01 7.36930473E-03-5.52850438E-03 2.40434886E-02
12 18-1.77372055E-01-1.27022501E-01-6.49534543E-03-2.73698297E-02-5.19550281E-03
12 19-6.27992054E-02-3.86368187E-02-8.46545427E-03-5.49945354E-03 5.83447371E-04
12 20 3.79668817E-02 1.41994987E-02-4.64889052E-04-2.16526649E-03-1.68471632E-03
12 21 1.16421414E-01 8.17487942E-02-7.21836844E-03-9.75672493E-03 1.75291090E-02
13  1 5.70943661E-02 3.84644106E-02 2.23054552E-03 3.75592039E-05-3.11539497E-03
13  2 8.11677387E-03-9.99736982E-03 1.42345263E-01 4.98853397E-02 5.75528118E-02
13  3-2.08173525E-02 9.43371581E-02 3.50452877E-02 3.73274733E-02 1.30719751E-01
13  4 1.38838749E-02 2.03392487E-02-2.07142794E-02-1.58877547E-02 1.69774431E-02
13  5 2.44202879E-01 7.54698762E-02 1.74922393E-01 6.14326033E-02 2.03495371E-01
13  6 5.47266968E-02 1.12787184E-01-1.28261902E-01 3.52376097E-02 3.83277809E-02
13  7-3.91567343E-02 5.43128940E-03-5.34870045E-03 1.03657361E-01 8.38119830E-02
13  8 5.16724484E-02-2.28148559E-02 9.38518165E-02 7.30819791E-02 5.20750148E-02
13  9 1.32646612E-02 1.43418342E-02 2.57901283E-03 7.75259145E-03-9.73934394E-02
13 10-6.81650491E-02-5.86108665E-03-1.14662298E-03 1.65101146E-03 4.63124035E-03
13 11 3.27423265E-03 2.64643862E-03 7.61125751E-04 8.40937913E-04-9.58638194E-03
13 12 1.68838380E-02-8.94720569E-02-1.49234857E-01-1.92177727E-01 1.58353728E-02
13 13-6.72305288E-02-1.36274885E-01-1.82012091E-01 2.38732351E-02-7.74397665E-03
13 14-1.87189241E-02-7.23230861E-03-6.20640666E-04 8.17287263E-04 4.15102688E-03
13 15 1.13209143E-02 4.45801864E-03 1.59639942E-03 5.55624476E-03 1.27812584E-02
13 16 4.61280414E-03-1.32521074E-02 1.38315000E-04 4.27579888E-03-1.98090898E-03
13 17 1.30050621E-03 1.53952457E-03 9.87606815E-05 1.74484421E-04 3.66897190E-04
13 18-6.73093285E-03 5.50601903E-03-3.87948890E-05-1.28454388E-03-5.17832438E-04
13 19 1.14778470E-01 8.96334941E-02 2.11041447E-02 4.46657645E-03-4.54095185E-03
13 20 1.65089547E-01 8.71872480E-02-9.96057959E-03 1.85086335E-04 3.67405315E-03
13 21 2.37696584E-02 1.83210715E-02 2.76552418E-03 4.65527964E-04 6.01123304E-03
14  1 1.40900024E-01 9.81303186E-02-3.64142296E-03-5.68812781E-03-7.16285623E-03
14  2-2.19826026E-02 1.87473578E-02-6.66673100E-02-1.97797166E-02 2.43635850E-01
14  3 1.20426505E-01-3.95829772E-02 2.98984058E-02 1.61058701E-01 3.08703115E-02
14  4-7.98173850E-03 2.43027979E-03 1.18674686E-02 4.53190026E-02-4.58716829E-02
14  5 3.35213554E-02 2.01572138E-01-1.02835857E-01-1.79798020E-01 6.98817095E-02
14  6 1.58857994E-01-8.01555588E-02-5.75909816E-02 2.37853584E-02 1.02235879E-02
14  7 3.33575457E-03-4.89487401E-03 6.46548724E-04 5.24433861E-02-1.09615312E-01
14  8 5.42705861E-02 3.87862992E-02 5.09429614E-02-1.09867009E-01 4.54237253E-02
14  9 8.77845984E-03-2.70236780E-03-2.53244724E-03 1.03572431E-02 5.20449726E-02
14 10 4.22391438E-02 4.62989938E-03-7.85198294E-05 4.71422420E-03 1.50288748E-03
14 11 1.51705721E-02-2.63742731E-03 1.19379435E-03 5.13292258E-03-5.52998178E-02
14 12 5.63815525E-02 1.67410673E-01 1.39219641E-01-1.38770117E-01 2.29214174E-01
14 13 1.47415449E-01 1.35984918E-01-1.21314724E-01 1.29048639E-01 1.05467118E-02
14 14 2.73851931E-02-1.70870709E-02 1.78062514E-02-1.85118402E-02-9.59512973E-03
14 15 4.84163917E-02-9.52643089E-02-7.38427594E-02-6.12988014E-03 3.75145513E-02
14 16-8.18330124E-02-2.98736705E-02-2.29409893E-04 1.13751573E-02-1.60483453E-02
14 17 6.40695056E-02 4.82481199E-02 2.45941610E-03-4.44965358E-03 6.89547705E-03
14 18-1.15285153E-02 4.51440298E-03-1.96122661E-03-8.44225173E-03-1.22097267E-03
14 19-1.00529007E-01-9.37049623E-02-1.07556011E-02-2.44699802E-03-9.60864414E-03
14 20-3.46701156E-03-1.94756332E-02 2.82549830E-03 1.91351623E-03-2.79530636E-03
14 21-6.97032590E-02-6.49508451E-02 4.92564120E-03 4.68065753E-03-7.59827163E-03
15  1-1.85679876E-02-1.73188627E-02 2.49770753E-03 1.46073198E-03 6.67853899E-04
15  2 6.84068498E-03-5.47479264E-03 7.79400930E-02 3.95059114E-02-6.37115561E-02
15  3-5.92632754E-02 2.80007388E-02 3.85229244E-02-2.61558800E-02 1.93859332E-01
15  4 1.71957141E-02 3.35489039E-02-3.91464689E-02 2.47489802E-02-2.42582158E-02
15  5 1.42007358E-03-1.51523895E-01 7.83272786E-02-9.01601832E-02 1.44531746E-02
15  6-1.45255786E-01 1.00007867E-01-2.41840724E-01 3.26110573E-02 4.36178848E-02
15  7-5.78326820E-02-6.99872567E-02 7.45668325E-02-1.78787294E-01 8.59181146E-02
15  8 2.14554725E-01 2.87171418E-01-1.62338534E-01 7.37413283E-02 2.01391063E-01
15  9 1.56998390E-01-2.10238207E-02 8.96784982E-03 2.57071073E-02-6.10244697E-02
15 10-6.07621505E-02-4.99836401E-03-3.43581704E-04-9.97491312E-04-1.06063104E-03
15 11 1.74119691E-02 1.77527721E-03 1.49268461E-03-1.64409905E-03-4.10559045E-02
15 12 4.09315333E-02 2.10393184E-01-7.68393301E-02-1.87937109E-02 1.79455656E-01
15 13 2.01483879E-01-7.04236741E-02-1.06945027E-02 6.90299483E-02 4.12178312E-02
15 14-2.88962425E-02-2.11222932E-03 2.35069707E-02-2.13818836E-02-7.42641735E-03
15 15-1.14858688E-01-1.40512824E-01-1.01968257E-01 4.28886173E-04-9.58582225E-02
15 16-1.42627539E-01-6.89246807E-02 2.91191305E-03-1.30587432E-02-4.56644708E-02
15 17 2.81564044E-02 2.06343733E-02-7.77904040E-05-8.13914983E-03-1.94237400E-03
15 18 6.95376650E-02 7.96769629E-02 3.21521072E-03 9.79561640E-03-6.02255827E-03
15 19-9.34861932E-02-7.64427763E-02-7.10457654E-03-1.01586911E-02-3.90895158E-03
15 20-3.77038336E-02-3.00998782E-02 4.69714889E-03-2.93018774E-03-2.56384207E-03
15 21-8.02531085E-02-8.00398688E-02-6.25002291E-03 1.14425184E-02 2.10643929E-03
16  1 1.07988774E-01 8.99268712E-02-4.14221538E-03 1.33351937E-03-7.60352701E-03
16  2-1.02558943E-03 2.26235628E-03-1.02613856E-01 2.85006220E-01 5.46960663E-02
16  3-4.34882343E-03-9.08352203E-02 2.19531443E-01 5.17159494E-02-1.55223061E-01
16  4-2.09643795E-02-8.52131275E-04 3.28899450E-02-2.58782013E-03 1.70819182E-03
16  5-2.00508523E-02-9.35605105E-02 6.16087981E-02 1.36696023E-02-1.99422226E-02
16  6-4.54667282E-02 5.95406387E-02 1.48043422E-01-3.09028105E-02-3.37568068E-02
16  7 5.85320885E-02 7.37685125E-03-2.92345176E-03-5.11331266E-02 9.49034438E-02
16  8 2.57789233E-02-5.14356124E-02-6.09397296E-02 9.79085758E-02 3.77207844E-02
16  9-5.98922208E-02-1.21565831E-02 1.91038395E-02 1.31873110E-02 4.60236090E-02
16 10 3.19798571E-02 1.78674590E-03 5.94376008E-03 1.59275161E-03-2.20196779E-01
16 11-1.88147571E-01 7.30919870E-03-1.30292349E-02 3.85310975E-04-1.93725419E-02
16 12 1.96966928E-02 8.01779840E-02-2.81107590E-02 2.08425045E-02 8.44546522E-02
16 13 7.92634769E-02-2.64155083E-02 2.87116346E-02 5.38907611E-02 2.19867021E-02
16 14 7.10547383E-03 3.05112923E-03-3.99714595E-02 4.06715896E-02 6.35625585E-02
16 15 1.13703879E-01 1.98109825E-01 1.66683438E-01 5.72268821E-02 1.05832421E-01
16 16 1.88175536E-01 7.06234901E-02 1.77637303E-02 2.41701202E-02 5.49251284E-02
16 17-6.59204471E-02-4.98536845E-02 3.16045227E-04 1.20022061E-02-1.50391385E-03
16 18-6.66776683E-02-7.04030184E-02 1.18466348E-03-9.31638387E-03 8.41173867E-03
16 19-3.65864791E-02-3.45830872E-02-2.80992636E-03-3.46748356E-03-6.66734043E-04
16 20-1.75632540E-02-1.52335448E-02 1.43648111E-03-1.85795282E-03-9.66805728E-04
16 21 4.24802884E-02 6.76874619E-02-1.40730919E-03-6.54743468E-04 3.73527592E-03
17  1 1.71355171E-01 1.40769912E-01 1.77841346E-03-4.85508915E-03-1.11480123E-02
17  2-2.71723264E-03 5.87208472E-03 2.83592482E-01 1.04963261E-01 1.33463009E-01
17  3-1.79932830E-03 2.43318537E-01 7.72663833E-02 1.29506321E-01-4.21496348E-02
17  4 2.30819315E-02 5.49118817E-03 2.46504079E-02-2.29201452E-03 3.75361894E-03
17  5-1.10398799E-01-6.39705834E-02-2.41592774E-02 4.42389318E-03-1.12967977E-01
17  6-3.99416946E-02-5.37102934E-03 1.68362243E-02-6.24048152E-03-1.62031418E-02
17  7 1.53138440E-02 4.75786967E-03-3.99009143E-03-8.38141393E-02-3.12190863E-02
17  8-8.72899105E-02-2.57828370E-02-8.49903718E-02-2.62021288E-02-9.10792462E-02
17  9-2.46609896E-02-2.32639820E-02 4.82946522E-04-1.27785086E-02-2.21164271E-01
17 10-1.90304789E-01-1.48074801E-02-5.19641113E-05 1.91419349E-03 2.18453012E-02
17 11 1.37837983E-02 4.40647296E-03 3.63837527E-03 2.72056847E-03 1.11112659E-02
17 12-1.49266262E-02-8.26187448E-02 1.14194177E-01 9.77094075E-02-3.45067884E-02
17 13-8.71756068E-02 1.20532892E-01 1.01563467E-01 2.67860005E-02-3.25946127E-02
17 14 3.67935276E-02 2.13681255E-02 5.11264243E-03-6.17952059E-03-4.26321534E-02
17 15-8.89504347E-03-1.06826710E-02-1.79857047E-02-4.43809761E-02-1.21713280E-02
17 16-1.00916099E-02 9.55237185E-03-1.56281114E-02-5.45894546E-03-1.55993278E-03
17 17 7.12622133E-03 2.85703784E-03-1.48975429E-03-9.15688702E-04 4.96856372E-04
17 18 7.41486172E-03-1.24181736E-02-2.47205258E-03 1.24019128E-03-3.13803360E-04
17 19-3.85298426E-05-2.74482217E-02-4.12419762E-03 4.80038056E-03 1.93219149E-03
17 20-8.72558213E-02-6.97481230E-02 7.21942809E-03-1.39672506E-03 1.50106231E-03
17 21 1.40804512E-02 1.41972968E-02-4.72910923E-03-3.50760221E-03-2.06708397E-03
18  1-3.79904234E-02-3.04876229E-02 3.50213127E-03-1.77133846E-03 3.06685342E-03
18  2 3.21958969E-03-5.71014802E-03 1.19577777E-01-1.60442289E-01-5.57497377E-03
18  3-6.99508085E-03 8.46271212E-02-1.13350433E-01-8.98516822E-03-2.20386036E-01
18  4-7.26780590E-03-5.08680777E-02 4.11067791E-02 2.31496297E-02-2.32318462E-02
18  5-4.42394081E-02 4.63382940E-02-1.52914169E-02-9.80169343E-02-5.84295771E-03
18  6 1.65146831E-02-8.40027417E-03 1.67830827E-01-3.07526219E-02-5.78502304E-02
18  7 7.60281913E-02-2.63294881E-02 2.36743259E-02-2.45284481E-02-1.16139596E-01
18  8 1.31851357E-01 1.22462106E-01-1.26599500E-02-1.24125643E-01 1.22437999E-01
18  9 4.06336059E-02-8.70372351E-03-2.20179850E-02 3.39061588E-02-7.85500888E-02
18 10-7.42398066E-02-5.45276739E-03-4.14377063E-03-3.17844184E-04 1.47129728E-01
18 11 1.43456040E-01-4.06739852E-03 9.88199792E-03 6.32660496E-04-2.21468357E-02
18 12 2.36255590E-02 9.09361271E-02-4.29527043E-02-2.10373828E-02 9.25497939E-02
18 13 8.52327763E-02-4.49700006E-02-1.50162492E-02 5.44775197E-02 2.81341997E-02
18 14-5.80067242E-03-7.10383021E-03-6.16592515E-02 6.40371451E-02 1.71174001E-01
18 15 1.44482766E-01 2.58397525E-01 2.55992459E-01 1.64327698E-01 1.37335340E-01
18 16 2.45289403E-01 1.11632545E-01 4.92050860E-02 3.40237533E-02 7.54067279E-02
18 17-9.78611859E-02-7.98143946E-02 3.92231205E-03 1.67529949E-02-3.52571284E-03
18 18-8.75595586E-02-8.68364661E-02 5.40643298E-03-1.22937936E-02 1.12597201E-02
18 19-3.76414089E-02-3.56493228E-02-1.97880687E-03-4.95801046E-03-2.11124742E-03
18 20-4.97422426E-02-5.38856023E-02 5.28659595E-03 1.00292938E-03-7.34481456E-04
18 21-8.34171633E-02-5.23454658E-02 6.88384893E-03 1.01027682E-02-1.32021618E-02
19  1 8.26171869E-02 9.98142100E-02-3.10831727E-03-4.06387658E-03-4.52576855E-03
19  2 1.98022405E-02-2.23491753E-02-6.16833360E-02-5.62626189E-02 1.82178118E-01
19  3-1.03861738E-01-5.79226560E-02-5.76357168E-02 1.34542068E-01-5.01349602E-02
19  4-6.98068975E-04-5.43616020E-03 3.10492794E-02 1.02687317E-02-1.31077615E-02
19  5 1.23562941E-01 2.58799047E-02-1.76451365E-01-3.28962183E-02 6.05966244E-02
19  6 5.73875498E-03-7.75392973E-02 8.20051224E-02-1.97453804E-02-1.77965140E-02
19  7-2.13473332E-02-2.97200534E-02 3.16234301E-02-3.99824985E-02 6.86143287E-02
19  8 1.44858581E-01 1.22795547E-01-3.53588072E-02 7.42787370E-02 1.38954281E-01
19  9 9.20382679E-02 7.47870989E-03 1.21945806E-02 2.68579531E-02 3.21898011E-02
19 10 3.96912241E-02 1.82876824E-03 8.55032896E-05 3.43290270E-03-1.12578620E-02
19 11-7.15603771E-03 1.66128337E-04-1.66571518E-03 2.78661189E-03 3.34601542E-02
19 12-3.79398435E-02-1.44119329E-01-4.50758662E-02 2.64019302E-01-1.24499537E-01
19 13-1.30648979E-01-4.27035230E-02 2.82685878E-01-1.43911464E-01-2.02491170E-02
19 14-3.33660736E-02 6.30753004E-02-1.12573281E-02 1.29034897E-02 2.20064577E-01
19 15-8.72734819E-02-6.40132650E-02 5.13846785E-02 2.26730780E-01-8.14296599E-02
19 16-7.38508456E-02 8.14038660E-03 7.89606682E-02-2.65042849E-02-3.43383190E-02
19 17-2.45472295E-02-2.53238300E-02 8.75193630E-03-1.58985978E-03-6.95953628E-03
19 18 1.23731732E-02 2.47192393E-04 1.18170033E-02 7.93060052E-03-4.63151034E-03
19 19 7.51316301E-02 9.74158776E-02 7.01054778E-03 2.95393515E-03 1.07516581E-02
19 20 8.25822077E-02 9.99481239E-02-6.86841553E-03-4.45976025E-04-2.76973592E-03
19 21-6.35596237E-02-7.51578668E-02 2.07095326E-03 7.47284153E-03 1.19388324E-03
20  1 2.63609040E-02 3.58693960E-02 6.10679953E-05-6.79595878E-04-2.91361754E-03
20  2-1.03705022E-02 9.45329626E-03 3.84588649E-02 6.53902465E-02-1.72494171E-02
20  3 6.42544542E-02 2.43240369E-02 4.47364083E-02-3.68923185E-02-2.80335742E-02
20  4 1.30623688E-02-4.76594617E-03 8.61622803E-03-1.17467534E-05 2.08673785E-03
20  5-1.45079018E-01 1.30225082E-02 4.58551563E-02 6.14803632E-03-6.32232255E-02
20  6 7.95947653E-03 3.29894421E-03 5.64290464E-02-5.37951552E-02 2.33594963E-02
20  7 6.24322140E-04 2.55559254E-02-2.90505584E-02 2.59878079E-01-2.72292740E-02
20  8-1.51921259E-01-8.54396461E-02 2.66908611E-01-3.98968432E-02-1.40741677E-01
20  9-9.16946793E-02 7.97174329E-02 5.63714382E-03-4.53637634E-02-3.76542441E-02
20 10-5.33380578E-02-3.50730960E-03 3.14911479E-04 3.64758406E-04-2.03255888E-02
20 11-2.72205298E-02 1.69230389E-03-7.76778526E-04 2.83329749E-04-1.74918757E-02
20 12 1.76548717E-02 1.32261340E-01-1.88480257E-01 3.42627992E-02 8.10499157E-02
20 13 1.26015269E-01-2.01805509E-01 3.70398366E-02-3.24890645E-02 5.68998029E-02
20 14-8.88316101E-02 4.55871085E-03 6.26678211E-03-4.93384453E-03 2.52918013E-01
20 15-7.92565617E-02-1.34237288E-01-3.30552552E-02 2.63770741E-01-7.47379149E-02
20 16-1.35816459E-01-3.79367105E-02 9.76378963E-02-2.62231262E-02-5.23083216E-02
20 17 8.26837571E-03 1.45069084E-02 1.23995688E-02-5.10509273E-03-4.75014020E-03
20 18 1.01402705E-02 3.70173311E-02 1.31704524E-02 3.01174865E-03-6.89285463E-03
20 19-4.17078527E-02-2.41502779E-02-7.29729150E-04-1.12714795E-02 1.38405243E-03
20 20-1.22606109E-01-1.49626890E-01 1.00802240E-02 4.08447746E-03 6.21106034E-04
20 21 7.06753075E-02 6.56627851E-02 4.69435514E-03-1.09643149E-02 1.29285753E-02
21  1-5.02930186E-02-7.42547846E-02 1.13477754E-03 2.84391601E-03 3.34296442E-03
21  2-1.18354145E-02 1.45602549E-02 8.07247088E-03 3.15890305E-02-9.84434332E-02
21  3 5.68164154E-02 2.95666480E-02 3.93371737E-02-5.92475658E-02-1.58392201E-01
21  4-1.03014038E-02-1.57352321E-02 1.24808376E-02-1.30554664E-02 1.26160753E-02
21  5 3.65623073E-02-5.02022444E-02 6.90646628E-02 4.92881267E-02-8.08075943E-03
21  6-1.58836702E-02 1.99343527E-02 1.77185514E-01-2.24686728E-02-5.81152461E-02
21  7 7.40221310E-02 3.03349466E-03 1.55127203E-03-1.66478705E-01 3.51408028E-02
21  8-1.06216406E-01-3.42712208E-02-1.83099097E-01 4.34429971E-02-1.05128293E-01
21  9-6.83288517E-04-4.86268126E-02 1.77299860E-02-5.44375009E-02 1.17498386E-02
21 10 2.33362225E-02 2.30823827E-03 7.21695386E-04-2.42935800E-03-7.72331818E-03
21 11-1.26105995E-02-1.49446691E-04-2.87474317E-04-1.98092764E-03 1.79772859E-03
21 12 1.59219612E-03-7.34872460E-02 2.39989188E-01-1.99098307E-01-2.71165994E-02
21 13-7.48559520E-02 2.48466688E-01-2.19686391E-01 2.46902503E-02-1.76019551E-02
21 14 1.12690550E-01-7.48289532E-02 1.17453936E-03-1.60218446E-03 3.29933261E-01
21 15 2.25246118E-02-9.16570318E-02-9.12645842E-03 3.41542860E-01 1.49183831E-02
21 16-9.28751902E-02-2.46586413E-02 1.29485703E-01 1.61898453E-02-4.04811260E-02
21 17 9.88213658E-03 1.27740551E-02 1.61954481E-02 3.44637325E-04-2.41475690E-03
21 18-1.61760483E-02-2.93645412E-03 1.11264033E-02-1.20080445E-02-8.67893134E-04
21 19 2.95331620E-03 1.85990060E-03-2.82048198E-03 1.20194137E-02-7.46717671E-03
21 20 5.03706249E-02 6.99820318E-02-4.48232936E-03-3.27334264E-03 2.04764335E-03
21 21 1.72371447E-02 8.96824424E-03-8.57537596E-03-4.99541381E-03 4.87897315E-03
22  1-3.01757552E-02-2.60071549E-02 9.65644548E-04 1.81776157E-03 2.06693998E-04
22  2-1.25846613E-02 1.41887245E-02 2.95522547E-02 1.44350290E-02-7.88184652E-02
22  3 6.00900503E-02 1.70351507E-02 2.43803241E-04-7.90622110E-02-7.34833416E-03
22  4 7.84328579E-03-3.83621402E-04-5.78739121E-03 3.17369125E-03-1.86696359E-03
22  5-8.53897899E-02-5.52408880E-02 2.47163392E-02-1.25404951E-02-4.87415788E-02
22  6 1.91687561E-02 5.60564315E-02 2.51576084E-02-3.67243769E-02-1.47488641E-02
22  7-1.74547737E-02 5.15808249E-03-2.01258073E-03 2.86052765E-01 2.06073875E-01
22  8 2.53437114E-01-4.33184115E-02 2.91157484E-01 2.25175699E-01 2.62319242E-01
22  9-3.40081870E-02 1.13561566E-01 7.90686245E-02 9.12645712E-02-1.80180530E-02
22 10-3.36625429E-02-1.42167637E-03-5.40667286E-04-9.13888979E-04 1.29145461E-02
22 11 5.82898814E-03-1.09413401E-04 1.33951166E-03-3.51692864E-04-1.13134480E-02
22 12 5.75082016E-03-7.67922494E-02 2.65817192E-01 1.05596272E-02 8.61643003E-02
22 13-8.06468870E-02 2.79070351E-01 2.97975102E-02 2.52258668E-03-1.51201744E-02
22 14 1.07818518E-01-1.03773922E-02 2.34106009E-03-2.42310583E-03 2.00793306E-03
22 15 2.30114497E-02 1.90220061E-03-1.20231517E-02 3.20964562E-03 2.22792026E-02
22 16 3.09404904E-03-3.69441538E-02 6.66212631E-03 2.15673774E-02-4.66148977E-04
22 17 5.97125098E-03 1.31703155E-02 3.44846431E-04 4.20109967E-04 1.27997038E-03
22 18 7.71589993E-04 1.05324611E-02-1.88261183E-03-3.61242896E-03 2.13033978E-03
22 19-2.48948540E-02-1.85168275E-02-8.02489074E-03 9.61296217E-03-6.89918199E-04
22 20-9.62201270E-02-1.33031818E-01 8.44271491E-03 3.51328011E-03 1.18938069E-05
22 21 1.01868041E-02 1.72911410E-02 1.23194507E-02 6.94751791E-03 1.22112043E-02
 $END   
 $GRAD  
E=     -306.3400958022  GMAX=   0.0000930  GRMS=   0.0000386
H            1.    6.7026907961E-06   -2.8855087378E-06   -4.3089223919E-06
C            6.   -6.0054356076E-05   -1.5370214197E-05   -2.3468509388E-05
C            6.   -8.6815819103E-05    1.0294153947E-05   -2.1553917574E-05
O            8.   -6.7047012071E-05    1.4529607573E-05   -9.5529587694E-06
H            1.    7.0357241857E-06   -3.1095806411E-06    3.3131570278E-06
H            1.    2.6234838755E-05    6.7862788257E-06    2.1391924108E-05
O            8.    8.4326631021E-05    5.9933198634E-05   -2.0683433380E-05
O            8.    2.4224461995E-05    9.3029187784E-05    7.7202275421E-05
H            1.    4.9840404931E-07   -3.8560557642E-05   -1.8796795569E-05
H            1.   -6.9935356031E-06   -2.3556067280E-05   -1.4828821974E-05
H            1.    5.2540946622E-06   -6.4731887616E-06    2.5175560732E-05
H            1.    4.2310683001E-06   -4.4668683373E-05    1.7588661641E-05
H            1.    6.2402809622E-05   -4.9948622196E-05   -3.1478243691E-05
 $END
-------------------- DATA FROM NSERCH=   6 --------------------
 COORDINATES OF SYMMETRY UNIQUE ATOMS (ANGS)
   ATOM   CHARGE       X              Y              Z
 ------------------------------------------------------------
 H           1.0   3.1769085663   0.6371692347  -0.2512283866
 C           6.0   2.9280711969   0.1723792210  -1.2086292921
 C           6.0   3.3938976952   1.0632099224  -2.3449629325
 O           8.0   2.6776848018   2.3243805513  -2.2569985889
 H           1.0   1.8438074855   0.0318258905  -1.2581028118
 H           1.0   3.4248179950  -0.7989994656  -1.2703314531
 O           8.0   3.1579873288   0.4452119781  -3.6659417823
 O           8.0   3.7544517502   2.9103905457  -4.7356584926
 H           1.0   3.5163140723   3.3403484659  -5.5613699939
 H           1.0   3.5712381133   1.9562041611  -4.8111099481
 H           1.0   2.2545555025   0.1055756222  -3.7106226717
 H           1.0   4.4699680254   1.2331366483  -2.3385027478
 H           1.0   2.9726862632   2.8753025397  -3.0079953072
--- CLOSED SHELL ORBITALS --- GENERATED AT 23:53:55 11-SEP-2026    
Acetaldehyde hydrate and water -- forward IRC endpoint, unconstrained opt       
E(R-WB97X-D)=     -306.3400959428, E(NUC)=  199.2042060534,    5 ITERS
 $VEC   
 1  1-2.46584328E-05-9.14598673E-05 4.98962305E-06 3.62456087E-05-2.52286265E-05
 1  2 2.73454889E-05 9.07839652E-05-2.66991150E-05-3.37089421E-05 4.45236292E-05
 1  3-6.63934428E-04 1.01243690E-04-3.50387958E-05 5.56431234E-04 3.17085073E-03
 1  4 3.26636476E-05 3.22702553E-04-8.65706956E-04-8.70075142E-05-2.35965612E-04
 1  5 4.14458602E-06-7.59499258E-05-2.38375730E-04 1.72879122E-03-4.15697928E-04
 1  6-3.75720521E-04-5.29183818E-04-4.65707716E-03 9.19654310E-04 1.07720298E-03
 1  7 1.70819235E-04 6.81932979E-05 1.53081128E-04-1.07669972E-05-3.37395717E-05
 1  8-2.82882194E-05-5.39681255E-04-2.40590642E-05 3.25390888E-04 2.33659142E-04
 1  9 1.88397511E-04-5.26790686E-05 4.39649347E-05-4.07197769E-05 1.00546794E-04
 1 10-1.34639525E-05 1.30202616E-05-1.41898597E-05 1.02472314E-06 6.76661157E-05
 1 11-7.71178287E-05-2.50066780E-05-4.20225468E-06-8.75436576E-06 9.93872313E-01
 1 12 2.67662539E-02-1.06854535E-03 1.71884668E-04 1.13627770E-03-5.85369478E-03
 1 13 3.91598335E-04-4.05854677E-04-1.12254634E-03 3.37234635E-03-9.70194412E-05
 1 14 3.56663494E-04 5.88370970E-04-3.93805694E-05 7.98237526E-06-8.90308049E-06
 1 15-1.97845415E-05 1.46679284E-05 2.36916166E-05 3.24715454E-05 1.05862044E-04
 1 16-8.00054364E-05 2.28827901E-05-7.36380403E-05 9.58027296E-05-1.37640731E-04
 1 17-1.03414939E-05-1.58132998E-04-1.62777417E-05-6.35069298E-06-2.29468188E-05
 1 18-1.75001517E-05-4.45188997E-05 2.71344331E-06 1.14603851E-05 5.77808473E-06
 1 19 3.22889949E-04-1.23910951E-04-2.70628525E-04-7.67116908E-05 5.80781242E-05
 1 20-1.12011291E-04-3.50720079E-04 9.61140842E-05 6.01819402E-05 1.09382659E-04
 1 21 6.15950710E-05-1.21726020E-04-2.24927139E-05 2.49283223E-06 2.20907453E-05
 2  1 6.07762983E-05-9.50567701E-05-3.08495466E-05 1.32935507E-05-6.39018143E-07
 2  2 2.25305110E-05 8.27143548E-05-2.92131024E-05-1.31203067E-05 2.47251393E-05
 2  3-4.45829733E-04 2.53968406E-04-4.54458560E-04 2.00513632E-04 3.53934982E-03
 2  4 9.87154253E-05 6.95399454E-04-5.58482827E-04-8.23487283E-05-1.93815901E-04
 2  5-9.15433885E-05 2.40459733E-04 4.86572321E-06 1.73922575E-03-4.41229260E-04
 2  6 7.65971605E-04-1.16896720E-04-4.31863057E-03 1.05593757E-03 2.10914032E-04
 2  7-1.25089399E-03 9.93878275E-01 2.68348410E-02 1.12811190E-03-5.13549654E-04
 2  8-1.09974366E-03-6.13005416E-03-9.36219931E-04 7.89488189E-04 7.66683050E-04
 2  9 2.36955693E-03 2.50476814E-04-5.37935955E-04-3.16009909E-05 9.38785003E-05
 2 10-1.12178325E-05 9.86104883E-06 9.65729927E-06 2.28034613E-05-3.46420158E-05
 2 11-1.45911622E-04 1.00036993E-05 6.43124527E-06-3.86663897E-05-2.60665103E-05
 2 12 1.49891557E-04-9.58950830E-06 4.03912960E-05 1.83017396E-05-5.20805985E-04
 2 13 6.64534849E-05-3.36087176E-04-2.42878247E-04 3.61749671E-04-2.44274226E-04
 2 14 4.16514778E-06 1.62758803E-04-1.83183907E-03-4.13422271E-05-2.82793070E-05
 2 15-2.00490869E-05 5.30233097E-05 1.02382626E-04 1.00313336E-04 1.33959284E-04
 2 16-2.13042308E-04-6.43389665E-04 2.83812679E-05 2.31687633E-04-4.03605802E-04
 2 17-4.60457256E-05-1.64471426E-04-5.27995921E-05 1.44420022E-05-1.91161475E-05
 2 18 3.27291462E-05 1.99509399E-04 7.88515231E-06 1.72793622E-05 2.39008028E-06
 2 19 8.94265593E-05-3.72936007E-04 3.47179390E-06 1.28821902E-06-1.93870993E-05
 2 20-1.46706439E-04-4.21674716E-04 1.40542534E-04-1.20459071E-04 1.88830140E-05
 2 21 3.19157528E-04 6.58403271E-04 1.09850011E-04 2.52225909E-05-1.74028878E-04
 3  1-6.64818187E-07 9.56167628E-05-6.39050303E-08 3.72034054E-06-1.28742728E-05
 3  2 1.20094653E-05 6.83145783E-05 6.11297946E-06 1.27432791E-05-1.76311602E-05
 3  3-4.10806185E-04-3.95473009E-05-1.24242726E-04 1.82533528E-04-1.07013130E-02
 3  4-9.03557363E-04-1.56304647E-03 2.11097560E-03-1.11486184E-05-5.24249572E-05
 3  5 1.83264809E-05 1.72713689E-05-5.16908696E-06 5.52545584E-04-1.68175986E-04
 3  6-1.55502418E-04 2.88244803E-05 1.01402057E-02-1.26021573E-03-2.69111721E-03
 3  7 3.24003340E-03 1.83311308E-03 6.26429738E-05 1.04268773E-06-2.86777649E-06
 3  8-1.12659647E-05-3.23998200E-05 2.74902256E-06 4.01973077E-05 3.44582356E-05
 3  9-1.96444957E-04-1.39329114E-04-5.90104324E-05 3.25674859E-05 3.88712974E-06
 3 10 1.40810816E-04 1.30124425E-05 2.33970738E-06-9.99190468E-06-1.78881121E-06
 3 11 1.27974024E-04-5.91587174E-06 1.03853031E-05-8.69962167E-06 4.18759393E-05
 3 12 1.52448159E-05-2.70463992E-06 3.24479077E-05-1.06309860E-05 3.59138413E-05
 3 13 4.73632312E-05-1.09049149E-04 3.38690027E-07-1.30612430E-03-8.40493288E-06
 3 14-4.65545698E-04-8.89691227E-05 9.93832393E-01 2.66091219E-02-6.10832590E-04
 3 15-6.36740031E-04-1.18241028E-03-5.17326107E-03 3.04564286E-04 4.47111199E-04
 3 16 4.84533173E-04 2.00892942E-03-5.91880552E-06-6.31862361E-04 9.11246577E-04
 3 17 1.59401850E-04 7.82023501E-04-7.50062947E-05 9.64226367E-05-2.74130349E-04
 3 18 2.10162954E-04 6.48164490E-04-6.60238246E-05-2.10289454E-04-3.17260496E-05
 3 19-5.95387272E-06 2.60388207E-04 7.64835666E-07 4.67236624E-05-1.75268096E-05
 3 20 2.48638243E-05-2.00920693E-06 1.12789350E-05 1.49977729E-06-1.03121206E-05
 3 21-6.04182790E-05-1.33405174E-05-5.21707135E-07-1.85498650E-05-1.74354236E-05
 4  1-1.30619856E-04-2.40116632E-04 1.04576648E-05-1.19283899E-05 2.99054152E-05
 4  2 8.69433253E-04-3.01971424E-04-2.26459404E-05 2.86704021E-05-4.45625861E-05
 4  3 3.20920502E-03 5.01026281E-04 9.62934099E-04-1.26325250E-03 3.92564698E-03
 4  4 4.44981942E-04 5.19505252E-04-4.84211129E-04 9.94549370E-01 3.07995755E-02
 4  5-5.71911476E-04 2.62701671E-04-6.07543068E-04-1.51539102E-02 1.20513622E-03
 4  6 2.70710169E-04 7.06264500E-05-6.44857891E-03 3.18896299E-04 5.26204873E-04
 4  7-7.16223614E-04-1.11766896E-05 1.96799258E-04 7.86636663E-05-9.57879128E-05
 4  8 2.76984577E-06 4.62002209E-04 4.94022750E-05-5.24135114E-04 7.06210430E-05
 4  9 3.83816588E-03 1.10668148E-03-1.20084144E-03-3.13365139E-04-1.79700111E-04
 4 10-1.66553352E-04-2.02626084E-05-1.46686716E-06 5.25432681E-06-1.39783197E-04
 4 11-2.43290898E-04 1.59784922E-05-2.47752506E-05 2.90231345E-05-1.60229469E-05
 4 12 1.63095956E-04 7.44699812E-05 7.38267763E-05 1.06586877E-04 5.41709655E-04
 4 13-1.60837755E-04 9.33734879E-05 4.88640177E-04 4.03665835E-03 2.15769815E-04
 4 14 7.49860738E-04 1.43137527E-03 4.33711797E-08-3.27286942E-06-7.71968416E-06
 4 15-2.32640939E-06 1.65702465E-05 6.81910823E-05 3.15754081E-05 8.38838138E-05
 4 16-1.21944600E-04-3.88357123E-04 7.95864806E-05 3.16780040E-04-4.68899117E-04
 4 17 1.64896924E-06-2.50351870E-04-3.36238367E-05-4.36677467E-06-1.47322837E-05
 4 18-4.47219737E-05-4.77816657E-05 2.46454595E-05 4.73323286E-05-3.51044105E-05
 4 19-6.01271039E-05-3.68175524E-04 4.06792279E-05 5.99431060E-05 1.37011169E-04
 4 20 5.11312613E-05 1.49935874E-03 3.60632595E-04 2.31065262E-05 5.15847147E-05
 4 21 5.17440484E-05-1.38694252E-04 5.44304912E-05-1.79351114E-04 7.59846237E-05
 5  1-1.60685316E-04 2.20124174E-03 1.66468491E-04 3.37970318E-04 4.44025558E-04
 5  2 9.94284509E-01 3.11299308E-02 3.04350780E-05 1.15330603E-04-1.52869453E-04
 5  3-1.33163350E-02-2.45227338E-04-9.66981322E-04 1.19055840E-03-1.88516224E-03
 5  4 6.54920643E-05-3.33067403E-04 3.15225949E-04-9.63204554E-04-1.78400412E-04
 5  5-3.42050846E-06 2.48035501E-05-5.01651845E-05 2.54992440E-03-5.01337599E-04
 5  6-1.16610288E-03 1.66334675E-03 5.25437585E-04 9.91375529E-05 1.02163077E-04
 5  7 1.38807476E-04 1.36350235E-05 2.47882531E-05-3.56909060E-06 7.73194168E-05
 5  8-4.55270573E-05-3.90482807E-04-3.60541596E-05-2.17704861E-04 1.85255970E-04
 5  9-8.43505150E-05-2.22876365E-04-4.77620133E-04 7.65364249E-04-1.48724737E-04
 5 10 2.38308365E-03-5.55432231E-04-4.16848002E-07-1.15638874E-04-1.58042416E-04
 5 11 2.08001486E-03 3.13976260E-04-4.85968186E-04-1.24829072E-04 5.16039446E-06
 5 12-3.51611003E-06 2.25776651E-05 5.18605261E-06-6.77198635E-05-1.78127431E-04
 5 13-7.60384318E-05 5.73264840E-05 4.66488724E-05 1.55227074E-03-3.52293356E-04
 5 14-7.03844224E-05 7.75802289E-04 8.10928755E-06 5.66211617E-05-7.94064673E-06
 5 15 2.54253338E-06 6.70224390E-06-2.12952789E-04 4.50269471E-05 3.86246284E-05
 5 16-3.22672827E-05 2.58912858E-04-4.88896465E-05-5.35142156E-05 9.92943864E-05
 5 17 1.83662061E-05-3.11721712E-05-3.86198623E-06-1.21738018E-06 1.22032533E-05
 5 18-2.25831629E-05 1.99503822E-04 9.92936598E-06 2.74086084E-05 1.70410749E-05
 5 19-6.42769886E-05-3.74084989E-04 9.37219351E-06-2.35994638E-05-2.72374232E-05
 5 20-1.62846767E-04 2.10695346E-04-2.26712367E-05 1.45571194E-05-1.06875166E-05
 5 21 3.51258173E-05 8.72335762E-04-2.29712454E-05-7.70045240E-05 9.35460383E-05
 6  1 5.25700128E-03 6.66401327E-03-4.89494422E-05-7.26126498E-04-1.02824700E-03
 6  2-1.96686545E-02 1.87317092E-02 3.46672563E-03 1.21707090E-02-1.70312868E-02
 6  3 3.28226934E-02-9.56337706E-03 2.92216901E-03-1.28434907E-02-1.31158236E-01
 6  4-8.23796629E-03-1.92573852E-02 2.43399529E-02-9.46611246E-02 1.07493553E-01
 6  5-3.83224139E-02 1.86989512E-02-4.53681399E-02 1.77438232E-01-3.66413930E-03
 6  6 1.44803865E-03-5.25059484E-03 1.79722641E-01-2.71140163E-02-2.61613165E-02
 6  7 2.56843515E-02-1.35802452E-01 1.41145459E-01 4.02169083E-02-2.98837434E-02
 6  8-3.87115842E-02 3.97337910E-01 4.21465836E-02-3.79981232E-02-4.06699735E-02
 6  9-4.33955175E-02-1.44148956E-02 2.18787385E-02 1.11608236E-03 4.38671649E-03
 6 10-9.18626863E-04 4.50901682E-04 3.96574275E-04-1.99593729E-04 5.11991214E-03
 6 11 3.58598084E-03-1.53471824E-04 1.01093845E-03 3.05623161E-04-1.60664572E-01
 6 12 1.68219469E-01-4.02159565E-02 1.37958383E-02 5.24600896E-02 4.69182322E-01
 6 13-3.02075142E-02 2.70471419E-02 5.97731546E-02-5.66259745E-02-1.55506166E-04
 6 14-1.06228928E-02-2.83110727E-02-3.46843201E-02 3.80008715E-02-6.07755347E-03
 6 15-8.17486429E-03-7.14150186E-03 9.18146320E-02-7.57808641E-03-1.14877809E-02
 6 16 2.16952820E-03 1.21877294E-02 1.24802763E-03-7.11279536E-03 1.24574268E-02
 6 17 1.78247800E-02 1.11538773E-02 1.74238736E-03-2.11184917E-03 3.98613055E-03
 6 18 2.39132643E-02 4.50424038E-03-6.69913906E-05 2.05356247E-03 1.59039150E-03
 6 19 7.91804171E-02 2.40054033E-02 1.46633965E-02 5.03646150E-03 5.03607979E-04
 6 20 2.69334011E-02 3.05455250E-03-5.96355742E-03 8.37171030E-05-1.98306560E-03
 6 21 6.40672114E-02 7.78425370E-03-3.42719145E-03-6.35502198E-03 8.22533108E-03
 7  1-1.46346948E-03-4.28506397E-03 5.50602778E-05 1.22869123E-04 5.40664510E-04
 7  2 4.06640784E-03-5.62759629E-03-9.26648138E-04-2.14654030E-03 4.03731759E-03
 7  3 4.03204851E-03 3.21096450E-03 5.03272946E-03-7.13541779E-04 2.30455470E-01
 7  4 1.85729058E-02 3.24287961E-02-4.65548849E-02 1.65869907E-02-1.82735409E-02
 7  5 5.52193035E-03 4.71399429E-03 1.19349212E-02-4.46034937E-02 7.60060274E-03
 7  6 7.96578979E-03-4.07151699E-03-2.30484616E-01 3.02105134E-02 5.97134002E-02
 7  7-6.26478596E-02 7.39063718E-03-6.86775718E-03-1.71691364E-03 6.69904240E-03
 7  8-1.00984281E-03-2.57922165E-02-3.11382214E-03 3.95090273E-03 2.45677697E-03
 7  9 9.15604018E-04 3.57700580E-03-1.86901052E-03 2.23126246E-03-1.27205720E-03
 7 10-2.78905553E-03-3.18294307E-04-2.26002983E-04 1.60177425E-04-1.21142858E-03
 7 11-3.11689272E-03 4.33654992E-06-4.24987489E-04 1.27693612E-04 4.06520887E-02
 7 12-4.31214872E-02 1.26519855E-02 1.53981429E-03-1.48648881E-02-1.24136679E-01
 7 13 7.53686710E-03 4.20891353E-04-1.74650238E-02 4.86734346E-02-2.08321223E-03
 7 14 1.48427608E-02 1.15621808E-02-2.27081142E-01 2.49961906E-01-3.57384588E-02
 7 15-3.71331515E-02-7.07598998E-02 6.43564035E-01-2.91893778E-02-3.14066349E-02
 7 16-5.01520262E-02 2.85438598E-03-8.44014159E-04 1.12467979E-02-2.21060267E-02
 7 17 1.28290007E-01 1.23489236E-02 6.16919157E-03-1.39922357E-02 2.24931163E-02
 7 18 1.17829610E-01 1.32044955E-02 4.32212092E-03 2.55039300E-02-9.01713054E-04
 7 19-2.23278956E-02-1.57865965E-02-4.23280681E-03-2.13454458E-03-4.19261502E-06
 7 20-4.94899282E-03-4.50462602E-03 1.12176244E-03 5.47119775E-05 9.91228386E-04
 7 21 8.52316632E-03 1.26892445E-02 9.14625212E-04-3.77483506E-04-2.02658841E-03
 8  1 2.80762611E-04-5.05004432E-03 7.10508071E-04 2.92555588E-04 3.27920927E-04
 8  2-2.50177697E-03 2.22782761E-03-5.62250431E-04 8.24865590E-03 2.31471184E-03
 8  3 7.97140969E-03-5.11731094E-03 2.15166461E-02 1.08493535E-02-6.86799592E-02
 8  4-7.64530685E-03-1.35035950E-02 8.14508578E-03-1.37977150E-02 1.54866511E-02
 8  5-2.22834392E-02 8.95406552E-02 5.25382107E-02 2.74415979E-02 6.67859056E-03
 8  6 3.69408299E-03-4.25475790E-03 6.25470609E-02-7.77236922E-03-5.10188831E-03
 8  7 3.86846555E-02-1.77686217E-01 1.88972450E-01 4.76426472E-02-1.30181636E-02
 8  8-4.53284677E-02 5.32831409E-01 5.37969203E-02-3.33695659E-02-3.70835872E-02
 8  9-7.94608390E-03-7.27177625E-03 1.93778144E-02-1.70336352E-03 2.45034427E-04
 8 10 2.13623664E-04 1.22698531E-04-5.09650263E-04-6.03646456E-04 9.33098867E-04
 8 11 6.97259545E-03-8.38226809E-04 4.65207788E-04 3.15331102E-04 1.53637616E-01
 8 12-1.64748999E-01 4.48818051E-02 6.73863359E-03-3.16282626E-02-4.59397170E-01
 8 13 2.67924576E-02-5.01141213E-03-4.69620843E-02 6.42937136E-03-9.13781150E-04
 8 14 5.65626133E-03 7.26934448E-03 2.08678166E-02-2.33811492E-02 2.74157390E-03
 8 15 5.52369577E-03 9.51511868E-03-5.98218401E-02 2.00676572E-04 2.37971332E-03
 8 16 1.07712143E-02 1.52068246E-02-1.04218015E-03-7.45722999E-03 7.65455799E-03
 8 17-1.20102548E-02 5.63026411E-04-1.27004926E-04 1.13109323E-03-1.88141393E-03
 8 18-1.77318527E-02-1.20944076E-02-6.85764625E-05-1.45186324E-03-1.27361284E-03
 8 19-8.87808465E-02-1.89718795E-02-1.68701654E-02-5.77127079E-03 8.09413541E-05
 8 20 3.07605351E-03-5.57451378E-03-1.08922412E-03 3.33953920E-03 2.39566459E-03
 8 21 9.22324319E-02 6.39769488E-03-6.31087238E-03-8.70163842E-03 1.47647047E-02
 9  1 8.71809198E-02 9.06106374E-03-2.49791940E-03-4.46464675E-03-9.89798824E-03
 9  2-1.70592984E-01 1.84211465E-01 2.24488861E-02 3.46642524E-02-4.20115963E-02
 9  3 4.20999111E-01 8.46499739E-03 9.71587016E-03-1.58192077E-02 4.99556986E-02
 9  4-3.90115072E-04 7.52910984E-03-1.19934156E-02-1.21788482E-01 1.30766727E-01
 9  5-4.81691582E-03-6.73657546E-02 9.27713880E-02 3.37815296E-01-1.10826328E-02
 9  6-2.00766792E-02 2.29210900E-02 1.47910350E-02-1.07329952E-03 4.62157458E-03
 9  7-7.18656435E-03 4.88778305E-02-5.42654403E-02 4.27560314E-03-7.31570543E-02
 9  8 5.06053359E-02-1.64076894E-01-2.45319213E-03-3.73471623E-02 3.82260054E-02
 9  9-5.75617229E-02-7.27123043E-03 1.79893362E-02-8.34128962E-03 8.43524008E-02
 9 10 7.10535973E-03 1.10238345E-02 1.60478840E-03 2.56368681E-04 8.64737812E-02
 9 11 6.12874432E-03-4.84091619E-03 9.80987590E-03 4.48653578E-04 4.90278789E-02
 9 12-5.43487767E-02 4.46937558E-02 1.71683654E-02 5.31075935E-02-1.65496631E-01
 9 13 3.53949220E-02 4.69465325E-03 2.82673572E-02-8.11140910E-02 6.73756695E-03
 9 14-4.24046297E-03-2.36953777E-02-4.44845519E-03 4.99412542E-03 1.50353785E-03
 9 15 3.24051949E-03-8.60261278E-03 1.47901997E-02 1.84941244E-03 1.67518852E-03
 9 16-6.14010718E-03-5.44602898E-03 1.45245864E-03-1.83946826E-03 2.87832774E-03
 9 17 6.56866284E-03 7.86156373E-03 3.89809451E-04-6.76645556E-04 1.14573975E-03
 9 18-2.51132565E-03-1.24408757E-03 2.68214767E-04 5.59147072E-04-2.28521845E-04
 9 19-5.29852519E-02-7.56406860E-03-9.97416583E-03-3.47293172E-03 1.94145504E-03
 9 20 6.40620493E-02 1.06474026E-02-7.51969057E-03-2.16380735E-03 1.07847743E-03
 9 21-6.57115371E-02-3.25458883E-02 4.43006306E-03 7.37227911E-03-1.07682865E-02
10  1-8.07483029E-02-2.53420781E-02 3.04849095E-03 5.74466525E-03 6.93829296E-03
10  2 1.10480951E-01-1.13104663E-01 3.85484175E-02 4.26736535E-02-5.52893342E-02
10  3-3.53954808E-01 1.48233773E-02 8.30297282E-03-6.64149291E-03-1.24360190E-01
10  4-9.53238468E-03-1.50731017E-02 1.74422383E-02-1.29073650E-01 1.39100331E-01
10  5 9.10545400E-02 3.93418234E-02-8.87221013E-02 4.54674962E-01 5.35314307E-02
10  6 1.52127835E-02-3.92292378E-02 1.43489466E-01-2.19254281E-03-1.59409473E-02
10  7 1.90023214E-02 4.24020774E-02-4.90198070E-02 5.08701707E-02-1.00352914E-01
10  8 1.78683376E-02-1.50607659E-01 3.96927574E-02-7.19470427E-02 1.02642963E-02
10  9-6.20131981E-02-1.32428890E-02 2.64148106E-03 8.27347836E-03-9.14424121E-02
10 10-2.64573738E-02-9.20508281E-03 1.34507570E-04-1.98480565E-03-7.89548680E-02
10 11-2.23135640E-02 5.33038994E-03-7.29439409E-03-2.53752699E-03 2.25239343E-02
10 12-2.92399099E-02 1.48139296E-01 1.08558695E-01 1.11322078E-01-7.48873657E-02
10 13 1.15404357E-01 8.70219330E-02 8.58463584E-02-6.35920867E-02-3.52940038E-04
10 14-8.24086579E-03-1.41595119E-02 8.61684887E-04-8.93584346E-04 4.29010732E-03
10 15-1.30691926E-02 4.39342229E-03-4.05618359E-03 4.07251645E-03-1.27695869E-02
10 16 6.20239707E-03 7.67638770E-03 2.82429948E-04-5.76638953E-03 1.05100976E-02
10 17-6.95024064E-03 1.63278761E-03 6.07670072E-05 2.03470990E-04-6.34636124E-04
10 18 9.07499835E-03 6.71815203E-03 8.11249098E-04 8.14931387E-04 1.51706566E-03
10 19-1.27361970E-01-6.57557023E-02-2.02277124E-02-6.89936901E-03-8.66512616E-04
10 20 1.28486458E-01 4.27628835E-02-1.16384449E-02-1.53820868E-03-2.50904350E-03
10 21-5.99705077E-02-2.81435719E-02 6.28823876E-03 4.48968919E-03-1.08086150E-02
11  1-3.18506755E-02-1.10700979E-02 9.84176960E-04 3.60692515E-03 1.88792952E-03
11  2 3.79867260E-02-3.51421027E-02-1.87331188E-02 7.64659219E-02-4.32169845E-02
11  3-1.65565852E-01-2.56712229E-02 3.42587347E-02-4.44738930E-03-5.81358506E-02
11  4-2.41336316E-03-1.45359150E-03 4.97552745E-03-2.66426402E-02 3.01921132E-02
11  5-1.18229048E-01 7.61489694E-02 8.37831614E-02 1.05046666E-01-1.07295089E-01
11  6 9.14756551E-03 8.58737418E-02 5.30736599E-02-1.56879166E-02-1.44567743E-02
11  7 1.45991635E-02-1.26290156E-02 8.36687427E-03-6.41526513E-03-1.90612830E-01
11  8 1.28340465E-01 6.34002025E-02 3.58578401E-03-1.57365865E-01 9.73268769E-02
11  9-5.83705991E-03-3.70448200E-03 8.43637060E-03 5.49324386E-03-1.95574934E-02
11 10-5.79881994E-03-3.10819581E-03 1.63472212E-03-2.02492549E-03-6.56805740E-02
11 11-3.02475173E-02 2.34020312E-03-3.91773329E-03-1.06475544E-03 1.23543968E-02
11 12-1.01152172E-02-1.34052072E-01-6.80109940E-02-1.32872297E-02-5.33134331E-02
11 13-1.07543049E-01-5.97216520E-02-1.11095250E-02-2.27713015E-02-3.75809373E-03
11 14-2.93900842E-03-8.91201023E-04-2.20356297E-03 3.97825531E-03-2.85993853E-03
11 15 2.15567701E-01-1.61208874E-01 4.71379642E-03 8.14762723E-05 1.67660768E-01
11 16-1.33863554E-01 8.16859966E-03 1.55897775E-03 8.53023347E-03-1.03079186E-02
11 17 1.57335568E-01 1.00744336E-01 7.14740524E-03-7.84998872E-03 2.13776136E-02
11 18-1.34476257E-01-9.97498356E-02-5.02238966E-03-1.88664329E-02-7.67028739E-03
11 19 8.84918811E-02 6.37671752E-02 1.22721582E-02 5.52736215E-03 2.50964671E-03
11 20-3.52635052E-02-2.46794800E-03-1.20125888E-03 2.10012988E-03 1.10906078E-03
11 21-1.37456633E-01-1.05558353E-01 5.65301047E-03 1.40507778E-02-1.63516862E-02
12  1 3.92661900E-05 1.79624244E-03 6.37855478E-05-2.08002496E-03-3.33948093E-04
12  2-1.36561743E-02 1.28596281E-02 3.16858721E-02-7.14291761E-02 4.51231513E-03
12  3 5.18491671E-02 2.21660243E-02-5.04748400E-02-9.74508025E-03 1.42106307E-02
12  4 2.49782408E-03-2.61056083E-03-3.25363586E-03 9.88982325E-03-1.04103495E-02
12  5 1.07275774E-01-1.09333504E-01-8.78449881E-02-3.32198866E-02 8.16964342E-02
12  6-6.43515936E-02-5.27657017E-02-6.56643205E-03 2.16202953E-03 8.03738528E-04
12  7-4.88354370E-03-3.50775458E-03 8.10241134E-03-9.50038383E-03 1.93386112E-01
12  8-1.05909152E-01 3.16920299E-03-1.33519272E-02 1.62902000E-01-8.11993335E-02
12  9 2.31270681E-02 3.95681087E-03-1.62686142E-03-6.96258141E-03-3.60537119E-03
12 10-5.53167923E-03 7.60679692E-04-1.41211331E-03 9.28040972E-04 5.30936776E-02
12 11 2.88162689E-02-9.40841176E-04 2.99147716E-03-1.87344843E-04-1.15625091E-02
12 12 1.04660463E-02 1.04586395E-01 4.54193703E-04 9.33851521E-02 5.36256167E-02
12 13 8.49358038E-02-6.82528733E-03 9.12836032E-02-1.96493236E-02 1.02673316E-02
12 14-1.16980992E-02-6.91434975E-03 1.26806351E-03-2.06631893E-03-1.55155688E-02
12 15 2.86391265E-01-1.26083336E-01-4.64367336E-03-1.31483316E-02 2.25353703E-01
12 16-9.69472792E-02 2.01126394E-03-2.06403093E-03 2.16354788E-02-6.07885692E-03
12 17 1.65448991E-01 1.11737018E-01 7.38723443E-03-5.54246181E-03 2.40614000E-02
12 18-1.77496168E-01-1.27140547E-01-6.52268390E-03-2.73853731E-02-5.20819807E-03
12 19-6.27151706E-02-3.85874463E-02-8.45320477E-03-5.49613002E-03 5.87869931E-04
12 20 3.80151414E-02 1.42149426E-02-4.72886692E-04-2.16459314E-03-1.68008506E-03
12 21 1.16302874E-01 8.16566985E-02-7.21615407E-03-9.75510490E-03 1.75036694E-02
13  1 5.70955134E-02 3.84739820E-02 2.22639375E-03 4.09365650E-05-3.11766836E-03
13  2 8.12500453E-03-1.00028370E-02 1.42295410E-01 5.00363816E-02 5.74314067E-02
13  3-2.08520657E-02 9.43031473E-02 3.51199623E-02 3.72418268E-02 1.30850242E-01
13  4 1.38760947E-02 2.03565631E-02-2.07518737E-02-1.59304802E-02 1.70241300E-02
13  5 2.44172623E-01 7.57355238E-02 1.74798599E-01 6.15758720E-02 2.03429870E-01
13  6 5.49552642E-02 1.12685148E-01-1.28343374E-01 3.51947453E-02 3.84018813E-02
13  7-3.92500144E-02 5.49637027E-03-5.42027300E-03 1.03773169E-01 8.37138268E-02
13  8 5.16487724E-02-2.30703387E-02 9.39550137E-02 7.30099535E-02 5.20500072E-02
13  9 1.31135603E-02 1.43467095E-02 2.57290938E-03 7.78015896E-03-9.73609679E-02
13 10-6.81361439E-02-5.85832983E-03-1.14550592E-03 1.65460536E-03 4.55170971E-03
13 11 3.20554924E-03 2.64847730E-03 7.56988990E-04 8.39510485E-04-9.54744976E-03
13 12 1.68452957E-02-8.97153746E-02-1.49292577E-01-1.92085924E-01 1.56732647E-02
13 13-6.74459072E-02-1.36326561E-01-1.81930342E-01 2.38470252E-02-7.76912257E-03
13 14-1.87091363E-02-7.20292935E-03-6.33116009E-04 8.28081869E-04 4.17425534E-03
13 15 1.13340388E-02 4.52063208E-03 1.65550268E-03 5.57634958E-03 1.27864059E-02
13 16 4.67408877E-03-1.32524625E-02 1.48837144E-04 4.26775347E-03-1.95167348E-03
13 17 1.27537749E-03 1.54149244E-03 9.90624912E-05 1.77468756E-04 3.65866089E-04
13 18-6.75573579E-03 5.45594758E-03-3.86377175E-05-1.28471261E-03-5.16351801E-04
13 19 1.14886428E-01 8.96928911E-02 2.11118319E-02 4.47975064E-03-4.54419200E-03
13 20 1.65071075E-01 8.71916685E-02-9.96103494E-03 1.82799870E-04 3.68345784E-03
13 21 2.37723011E-02 1.83377242E-02 2.77276480E-03 4.57861136E-04 6.00388040E-03
14  1 1.40933934E-01 9.81643739E-02-3.64597517E-03-5.69135801E-03-7.16090891E-03
14  2-2.19745472E-02 1.87377065E-02-6.64726288E-02-1.98219295E-02 2.43764403E-01
14  3 1.20411024E-01-3.94566651E-02 2.98616087E-02 1.61136924E-01 3.08708994E-02
14  4-7.97555445E-03 2.42461010E-03 1.18771851E-02 4.53005558E-02-4.58516178E-02
14  5 3.34012059E-02 2.01665388E-01-1.02944687E-01-1.79740659E-01 6.97845216E-02
14  6 1.58936547E-01-8.02848021E-02-5.75589461E-02 2.37902093E-02 1.02411213E-02
14  7 3.31400462E-03-4.85441080E-03 6.03898034E-04 5.25401829E-02-1.09682825E-01
14  8 5.40770781E-02 3.86294081E-02 5.10387575E-02-1.09928243E-01 4.52554810E-02
14  9 8.72511337E-03-2.68957973E-03-2.55252308E-03 1.03361152E-02 5.20372992E-02
14 10 4.22461526E-02 4.63325398E-03-7.65360445E-05 4.71177791E-03 1.52231866E-03
14 11 1.51743856E-02-2.63410713E-03 1.19372294E-03 5.13663640E-03-5.52678760E-02
14 12 5.63498451E-02 1.67171726E-01 1.39250653E-01-1.38887484E-01 2.29074384E-01
14 13 1.47200776E-01 1.36016864E-01-1.21427723E-01 1.29005613E-01 1.05239346E-02
14 14 2.74057828E-02-1.71011593E-02 1.78003144E-02-1.85082614E-02-9.62737928E-03
14 15 4.85176703E-02-9.51948270E-02-7.38121068E-02-6.16560269E-03 3.76024245E-02
14 16-8.17644630E-02-2.98622636E-02-2.42920979E-04 1.13929814E-02-1.60386048E-02
14 17 6.40733667E-02 4.82499880E-02 2.46175547E-03-4.44860530E-03 6.89621633E-03
14 18-1.15749400E-02 4.46941035E-03-1.97312758E-03-8.44865174E-03-1.22120603E-03
14 19-1.00452467E-01-9.36341412E-02-1.07493806E-02-2.44387403E-03-9.60309358E-03
14 20-3.40088530E-03-1.94439616E-02 2.81786232E-03 1.91467192E-03-2.79563872E-03
14 21-6.96510000E-02-6.49163005E-02 4.92684285E-03 4.68110814E-03-7.59499485E-03
15  1-1.83454401E-02-1.71611087E-02 2.49655776E-03 1.45790890E-03 6.53315140E-04
15  2 6.84156824E-03-5.47175297E-03 7.80120877E-02 3.97496919E-02-6.35407543E-02
15  3-5.92806714E-02 2.80879592E-02 3.87119121E-02-2.59711227E-02 1.94105414E-01
15  4 1.71711502E-02 3.36018132E-02-3.91864201E-02 2.47487206E-02-2.42559968E-02
15  5 1.63166626E-03-1.51413598E-01 7.84612074E-02-9.01601955E-02 1.46340290E-02
15  6-1.45158308E-01 1.00111743E-01-2.42108956E-01 3.26349530E-02 4.37054796E-02
15  7-5.79347864E-02-6.99700677E-02 7.45473512E-02-1.78757635E-01 8.58220426E-02
15  8 2.14624439E-01 2.87106840E-01-1.62306437E-01 7.36546655E-02 2.01460853E-01
15  9 1.56937952E-01-2.10275563E-02 8.96937763E-03 2.57558057E-02-6.11381091E-02
15 10-6.08334332E-02-5.00552277E-03-3.42093360E-04-9.89981178E-04-1.16533527E-03
15 11 1.73364291E-02 1.77934643E-03 1.48894120E-03-1.64204803E-03-4.10921181E-02
15 12 4.09713338E-02 2.10452487E-01-7.66999903E-02-1.90589704E-02 1.79589241E-01
15 13 2.01542401E-01-7.02677278E-02-1.09513532E-02 6.92179207E-02 4.11960832E-02
15 14-2.88393214E-02-2.13074788E-03 2.35079996E-02-2.13825649E-02-7.50438908E-03
15 15-1.14731991E-01-1.40524150E-01-1.01981886E-01 3.71260189E-04-9.57562859E-02
15 16-1.42613770E-01-6.89881272E-02 2.91997828E-03-1.30353424E-02-4.56396935E-02
15 17 2.81900410E-02 2.07058661E-02-7.85751271E-05-8.14014978E-03-1.93420482E-03
15 18 6.94979021E-02 7.96581913E-02 3.21786930E-03 9.78256969E-03-6.02046481E-03
15 19-9.35014438E-02-7.64912142E-02-7.10143175E-03-1.01581456E-02-3.91518127E-03
15 20-3.76517002E-02-3.00553765E-02 4.69334881E-03-2.92926116E-03-2.56427646E-03
15 21-8.02286953E-02-8.00067285E-02-6.25131977E-03 1.14430683E-02 2.11405818E-03
16  1 1.07766777E-01 8.97639158E-02-4.15398339E-03 1.33847660E-03-7.58625404E-03
16  2-1.02779336E-03 2.25773009E-03-1.03130185E-01 2.84814211E-01 5.46149783E-02
16  3-4.29443698E-03-9.12371380E-02 2.19386839E-01 5.16035393E-02-1.55536371E-01
16  4-2.09894970E-02-9.07866753E-04 3.29508006E-02-2.58606867E-03 1.69745136E-03
16  5-1.98552827E-02-9.34208185E-02 6.15855096E-02 1.36841104E-02-1.97790619E-02
16  6-4.53186078E-02 5.94721150E-02 1.48390492E-01-3.09322067E-02-3.38584587E-02
16  7 5.86550826E-02 7.39412275E-03-2.94227754E-03-5.09040250E-02 9.49454940E-02
16  8 2.58779693E-02-5.15092124E-02-6.07257662E-02 9.79446797E-02 3.78256899E-02
16  9-5.99150111E-02-1.21029215E-02 1.91187154E-02 1.31826034E-02 4.63790230E-02
16 10 3.22834196E-02 1.80985037E-03 5.94511447E-03 1.58970946E-03-2.20239123E-01
16 11-1.88190003E-01 7.30709263E-03-1.30330787E-02 3.79462000E-04-1.93710159E-02
16 12 1.96982763E-02 8.01894156E-02-2.80848888E-02 2.07472389E-02 8.44362692E-02
16 13 7.92816631E-02-2.64009010E-02 2.86075613E-02 5.37794288E-02 2.20177947E-02
16 14 7.10114967E-03 3.00680692E-03-3.99898673E-02 4.06919571E-02 6.37754933E-02
16 15 1.13682320E-01 1.98152766E-01 1.66752617E-01 5.74254995E-02 1.05810774E-01
16 16 1.88213620E-01 7.06899765E-02 1.78209753E-02 2.41519272E-02 5.49449754E-02
16 17-6.59468472E-02-4.98781211E-02 3.22367925E-04 1.20079434E-02-1.50373258E-03
16 18-6.67056534E-02-7.04201616E-02 1.18423003E-03-9.32547721E-03 8.41393000E-03
16 19-3.65666906E-02-3.45140982E-02-2.80595307E-03-3.46707747E-03-6.65135178E-04
16 20-1.74715857E-02-1.51429322E-02 1.42808592E-03-1.85363551E-03-9.68712677E-04
16 21 4.24892754E-02 6.76787640E-02-1.39569668E-03-6.61614433E-04 3.74179485E-03
17  1 1.71469533E-01 1.40873259E-01 1.76814399E-03-4.85589109E-03-1.11563214E-02
17  2-2.71102742E-03 5.86172828E-03 2.83623425E-01 1.05223810E-01 1.33356781E-01
17  3-1.80641401E-03 2.43347261E-01 7.74910632E-02 1.29401495E-01-4.28321309E-02
17  4 2.30387810E-02 5.42067974E-03 2.47668001E-02-2.28304378E-03 3.74152479E-03
17  5-1.10419302E-01-6.40542741E-02-2.40801295E-02 4.40348318E-03-1.12959894E-01
17  6-4.00026980E-02-5.30888518E-03 1.74828302E-02-6.33679498E-03-1.63934825E-02
17  7 1.55612157E-02 4.74260827E-03-3.97327541E-03-8.38773613E-02-3.12913175E-02
17  8-8.71741765E-02-2.57347189E-02-8.50596470E-02-2.62749005E-02-9.09662495E-02
17  9-2.46784023E-02-2.32737222E-02 4.70841417E-04-1.27730618E-02-2.21166299E-01
17 10-1.90312807E-01-1.48077922E-02-5.37717010E-05 1.92652531E-03 2.17231537E-02
17 11 1.36784202E-02 4.41198735E-03 3.63282820E-03 2.71947326E-03 1.10956994E-02
17 12-1.49078381E-02-8.25345537E-02 1.14091859E-01 9.77879374E-02-3.44506334E-02
17 13-8.70892844E-02 1.20425090E-01 1.01648607E-01 2.67723376E-02-3.25421665E-02
17 14 3.67784635E-02 2.13743870E-02 4.95671429E-03-6.01908753E-03-4.23166875E-02
17 15-8.52555611E-03-9.95814429E-03-1.73356034E-02-4.40896989E-02-1.18145998E-02
17 16-9.40326613E-03 9.85749840E-03-1.55494228E-02-5.37222363E-03-1.36444044E-03
17 17 6.86022234E-03 2.62637193E-03-1.48578696E-03-8.71474633E-04 4.86783577E-04
17 18 7.20256291E-03-1.26308301E-02-2.46285641E-03 1.21618275E-03-2.83708727E-04
17 19-5.36632827E-05-2.74307129E-02-4.12406579E-03 4.79471879E-03 1.93469324E-03
17 20-8.72992007E-02-6.98129303E-02 7.22684771E-03-1.39258743E-03 1.49508185E-03
17 21 1.40314412E-02 1.42006196E-02-4.71835836E-03-3.49341168E-03-2.08851647E-03
18  1-3.81535779E-02-3.06232901E-02 3.50161253E-03-1.76772750E-03 3.07676265E-03
18  2 3.22979634E-03-5.72884359E-03 1.19246446E-01-1.60551950E-01-5.72193659E-03
18  3-7.00196094E-03 8.43371859E-02-1.13419082E-01-9.13964868E-03-2.20436013E-01
18  4-7.23150998E-03-5.08720784E-02 4.11181391E-02 2.31630872E-02-2.32514728E-02
18  5-4.40003630E-02 4.63765977E-02-1.53072798E-02-9.80771954E-02-5.62768507E-03
18  6 1.65399710E-02-8.46576651E-03 1.67905935E-01-3.07383433E-02-5.78988179E-02
18  7 7.60698019E-02-2.63612239E-02 2.37096252E-02-2.44894191E-02-1.16051106E-01
18  8 1.31902517E-01 1.22602060E-01-1.26120642E-02-1.24039641E-01 1.22507084E-01
18  9 4.07620829E-02-8.66657168E-03-2.20021993E-02 3.38777749E-02-7.82540242E-02
18 10-7.39685996E-02-5.43136796E-03-4.14491271E-03-3.14412749E-04 1.47087808E-01
18 11 1.43421474E-01-4.07524704E-03 9.87419966E-03 6.32011140E-04-2.21486035E-02
18 12 2.36328283E-02 9.10229339E-02-4.31147407E-02-2.11498455E-02 9.25313196E-02
18 13 8.53276098E-02-4.51444765E-02-1.51362588E-02 5.43635089E-02 2.81904881E-02
18 14-5.85440145E-03-7.15016344E-03-6.16805490E-02 6.40617306E-02 1.71514162E-01
18 15 1.44356561E-01 2.58347458E-01 2.56070309E-01 1.64653462E-01 1.37214317E-01
18 16 2.45224570E-01 1.11659448E-01 4.92997281E-02 3.39851869E-02 7.53703923E-02
18 17-9.78892131E-02-7.98443223E-02 3.93304304E-03 1.67555128E-02-3.52975044E-03
18 18-8.75858507E-02-8.68425451E-02 5.41093786E-03-1.23040868E-02 1.12555015E-02
18 19-3.76221850E-02-3.55664185E-02-1.97072495E-03-4.96408945E-03-2.11084367E-03
18 20-4.95326723E-02-5.36648656E-02 5.26832269E-03 1.00610860E-03-7.41351886E-04
18 21-8.34452901E-02-5.23996820E-02 6.88855393E-03 1.01093064E-02-1.31799784E-02
19  1 8.25154876E-02 9.96802591E-02-3.11044684E-03-4.05905701E-03-4.51545069E-03
19  2 1.98019427E-02-2.23435604E-02-6.16243203E-02-5.62497892E-02 1.82095996E-01
19  3-1.03877481E-01-5.78437691E-02-5.76140325E-02 1.34540845E-01-4.99057660E-02
19  4-6.60590640E-04-5.38966729E-03 3.09936206E-02 1.02389836E-02-1.30789348E-02
19  5 1.23612730E-01 2.58647090E-02-1.76451703E-01-3.27749890E-02 6.05803702E-02
19  6 5.71000975E-03-7.75628899E-02 8.17990568E-02-1.96956930E-02-1.77675789E-02
19  7-2.13930645E-02-2.97182594E-02 3.16275666E-02-4.03833558E-02 6.85969300E-02
19  8 1.44665113E-01 1.22765137E-01-3.57812374E-02 7.42778253E-02 1.38770009E-01
19  9 9.20567808E-02 7.37703391E-03 1.22046968E-02 2.68120082E-02 3.22823225E-02
19 10 3.98126364E-02 1.84007520E-03 8.83401876E-05 3.42808349E-03-1.12992556E-02
19 11-7.20388749E-03 1.67929143E-04-1.66898653E-03 2.78230007E-03 3.34702853E-02
19 12-3.79432179E-02-1.44085935E-01-4.48105333E-02 2.63822706E-01-1.24589056E-01
19 13-1.30611288E-01-4.24213371E-02 2.82444397E-01-1.43809659E-01-2.02848900E-02
19 14-3.32438031E-02 6.30395180E-02-1.12241382E-02 1.28689598E-02 2.20266617E-01
19 15-8.73630104E-02-6.43788100E-02 5.12379276E-02 2.26952010E-01-8.15434428E-02
19 16-7.42009899E-02 8.00921017E-03 7.90580326E-02-2.65265065E-02-3.44569987E-02
19 17-2.44575593E-02-2.52168175E-02 8.76455966E-03-1.60263614E-03-6.95897775E-03
19 18 1.23629322E-02 2.59362024E-04 1.18312627E-02 7.91003926E-03-4.64146122E-03
19 19 7.51501757E-02 9.73887419E-02 7.01148196E-03 2.97025218E-03 1.07409254E-02
19 20 8.27804391E-02 1.00216959E-01-6.88859659E-03-4.58352260E-04-2.76200344E-03
19 21-6.35343526E-02-7.51519891E-02 2.04636282E-03 7.46520626E-03 1.21084648E-03
20  1 2.65496196E-02 3.61555477E-02 5.44996925E-05-6.89716084E-04-2.92749613E-03
20  2-1.03263672E-02 9.40269031E-03 3.84083344E-02 6.52677119E-02-1.69190255E-02
20  3 6.40101898E-02 2.41706598E-02 4.45633947E-02-3.66946982E-02-2.70246445E-02
20  4 1.31452750E-02-4.64005260E-03 8.47981086E-03 4.39759535E-05 2.04518588E-03
20  5-1.45250365E-01 1.31228979E-02 4.56443862E-02 5.89124572E-03-6.32408998E-02
20  6 7.98345658E-03 3.33875622E-03 5.53033978E-02-5.36665784E-02 2.36425834E-02
20  7 2.46139656E-04 2.55449907E-02-2.90540715E-02 2.60661890E-01-2.70966934E-02
20  8-1.51350531E-01-8.53213040E-02 2.67759488E-01-3.97831509E-02-1.40188494E-01
20  9-9.16711532E-02 7.99462105E-02 5.65386727E-03-4.51017607E-02-3.77113048E-02
20 10-5.34429899E-02-3.51679566E-03 3.10544294E-04 3.76682056E-04-2.02803494E-02
20 11-2.71554593E-02 1.69332741E-03-7.73249925E-04 2.89898260E-04-1.75081337E-02
20 12 1.76485048E-02 1.32497192E-01-1.89014151E-01 3.50603991E-02 8.12449801E-02
20 13 1.26247178E-01-2.02348442E-01 3.79488281E-02-3.24457216E-02 5.69163863E-02
20 14-8.91054439E-02 4.84199744E-03 6.24896773E-03-4.91504592E-03 2.51769595E-01
20 15-7.94189528E-02-1.34038500E-01-3.29628048E-02 2.62584800E-01-7.48852157E-02
20 16-1.35616483E-01-3.78905968E-02 9.72056261E-02-2.63004360E-02-5.22131266E-02
20 17 8.20986967E-03 1.44621484E-02 1.23433781E-02-5.10844751E-03-4.75072461E-03
20 18 1.01845723E-02 3.69993634E-02 1.31331448E-02 3.04232151E-03-6.89260346E-03
20 19-4.17471737E-02-2.42273277E-02-7.27786029E-04-1.13061748E-02 1.41404307E-03
20 20-1.22856464E-01-1.49932729E-01 1.00986368E-02 4.10828165E-03 6.02911871E-04
20 21 7.06169732E-02 6.56160946E-02 4.72167604E-03-1.09473058E-02 1.29136482E-02
21  1-5.02708643E-02-7.42460777E-02 1.13963268E-03 2.84573614E-03 3.33600857E-03
21  2-1.19042752E-02 1.46291376E-02 8.16963933E-03 3.19025904E-02-9.86925607E-02
21  3 5.72250622E-02 2.96619437E-02 3.96043225E-02-5.95325154E-02-1.58010964E-01
21  4-1.02091372E-02-1.56677760E-02 1.23887277E-02-1.30773059E-02 1.26498316E-02
21  5 3.60355245E-02-5.01300390E-02 6.93966801E-02 4.93874287E-02-8.31711142E-03
21  6-1.58641430E-02 1.99787427E-02 1.76846436E-01-2.25131455E-02-5.79472717E-02
21  7 7.40021749E-02 3.15244712E-03 1.41644926E-03-1.65663544E-01 3.48220170E-02
21  8-1.07164927E-01-3.46839697E-02-1.82277535E-01 4.30529433E-02-1.06041851E-01
21  9-1.02859587E-03-4.83849772E-02 1.76939564E-02-5.47484593E-02 1.16077139E-02
21 10 2.31353096E-02 2.29487626E-03 7.23807499E-04-2.43381978E-03-7.80499735E-03
21 11-1.27336799E-02-1.44980549E-04-2.90526260E-04-1.98247671E-03 1.71927159E-03
21 12 1.68112374E-03-7.29942821E-02 2.39174714E-01-1.99363407E-01-2.68104404E-02
21 13-7.44089178E-02 2.47583901E-01-2.19984931E-01 2.46824448E-02-1.74066855E-02
21 14 1.12335348E-01-7.49222312E-02 1.19388473E-03-1.61705813E-03 3.30457038E-01
21 15 2.21512731E-02-9.21709430E-02-9.23364282E-03 3.42090600E-01 1.45593748E-02
21 16-9.33956014E-02-2.47715245E-02 1.29701204E-01 1.60599003E-02-4.06806958E-02
21 17 9.90368060E-03 1.28176062E-02 1.62220710E-02 3.22285965E-04-2.43564579E-03
21 18-1.61542407E-02-2.78997938E-03 1.11469058E-02-1.20076428E-02-8.96905909E-04
21 19 2.75653349E-03 1.71799113E-03-2.83042340E-03 1.19723175E-02-7.47787753E-03
21 20 4.98957867E-02 6.94041228E-02-4.43990880E-03-3.26363387E-03 2.05615296E-03
21 21 1.75567464E-02 9.24255301E-03-8.57771771E-03-5.04966088E-03 4.91489321E-03
22  1-3.02164250E-02-2.60694836E-02 9.66512098E-04 1.81709046E-03 2.11988071E-04
22  2-1.25566325E-02 1.41633193E-02 2.94850923E-02 1.42473578E-02-7.87602200E-02
22  3 5.99188820E-02 1.69833423E-02 1.02517803E-04-7.89442223E-02-7.43099405E-03
22  4 7.84002048E-03-4.29959927E-04-5.77293814E-03 3.17690675E-03-1.87210622E-03
22  5-8.52033997E-02-5.52165768E-02 2.46799934E-02-1.25570398E-02-4.87157027E-02
22  6 1.91965136E-02 5.60666364E-02 2.52389884E-02-3.67070080E-02-1.47753955E-02
22  7-1.74232756E-02 5.15309780E-03-2.00574283E-03 2.85679295E-01 2.06054888E-01
22  8 2.53613736E-01-4.33171016E-02 2.90758292E-01 2.25162801E-01 2.62491001E-01
22  9-3.39731381E-02 1.13422511E-01 7.90606856E-02 9.13176761E-02-1.80101191E-02
22 10-3.36226408E-02-1.42060786E-03-5.43671589E-04-9.13136520E-04 1.30266933E-02
22 11 5.97623488E-03-1.15789348E-04 1.34639083E-03-3.50265441E-04-1.12932261E-02
22 12 5.72999733E-03-7.70659335E-02 2.66147539E-01 1.04971048E-02 8.60709379E-02
22 13-8.08938532E-02 2.79432572E-01 2.97382085E-02 2.54623474E-03-1.52235139E-02
22 14 1.07964935E-01-1.03989043E-02 2.32612347E-03-2.40782677E-03 2.15281611E-03
22 15 2.30216413E-02 1.92526274E-03-1.19556185E-02 3.35610169E-03 2.22834154E-02
22 16 3.10955549E-03-3.69215656E-02 6.73734175E-03 2.15688893E-02-4.49729966E-04
22 17 5.94240455E-03 1.31563822E-02 3.51144826E-04 4.23207388E-04 1.27679694E-03
22 18 7.67992537E-04 1.04931027E-02-1.88247589E-03-3.61739309E-03 2.13013372E-03
22 19-2.48382706E-02-1.84712178E-02-8.02695940E-03 9.63134146E-03-6.92788565E-04
22 20-9.60775433E-02-1.32807729E-01 8.42650218E-03 3.51379098E-03 1.80385725E-06
22 21 1.01644508E-02 1.72390143E-02 1.23046494E-02 6.95099519E-03 1.22172540E-02
 $END   
 $GRAD  
E=     -306.3400959428  GMAX=   0.0001012  GRMS=   0.0000371
H            1.    1.1398588108E-05   -1.2589442704E-05   -2.4420313254E-06
C            6.   -7.7886730767E-05   -1.7912861360E-05   -3.6309897301E-05
C            6.   -9.0726391135E-05    4.8188406928E-05    1.7779652239E-07
O            8.   -3.1006158152E-05   -2.4487085503E-05   -2.4496418653E-05
H            1.    1.3989151671E-05    5.4225679390E-07    4.5578359531E-07
H            1.    3.0265134268E-05    4.0538728717E-06    3.2424539248E-05
O            8.    2.5521905865E-05    2.1126583896E-05   -1.8445545052E-05
O            8.    3.7554668790E-05    1.0119397355E-04    8.6095767172E-05
H            1.   -4.7584822795E-06   -3.5309820055E-05   -2.6352816482E-05
H            1.   -5.4361991307E-06   -2.7178316934E-05   -1.2384558877E-05
H            1.    3.6565704078E-05   -3.7924020366E-06    1.5005777861E-05
H            1.   -2.9581251382E-06   -1.7581803892E-05    1.1138547960E-05
H            1.    5.7476958922E-05   -3.6253332865E-05   -2.4866966323E-05
 $END
-------------------- DATA FROM NSERCH=   7 --------------------
 COORDINATES OF SYMMETRY UNIQUE ATOMS (ANGS)
   ATOM   CHARGE       X              Y              Z
 ------------------------------------------------------------
 H           1.0   3.1778511842   0.6372870712  -0.2513091530
 C           6.0   2.9286985659   0.1725190305  -1.2086378530
 C           6.0   3.3937964685   1.0634189269  -2.3452051894
 O           8.0   2.6771192709   2.3242858046  -2.2569865920
 H           1.0   1.8444305100   0.0318105475  -1.2576906922
 H           1.0   3.4255306949  -0.7987942615  -1.2706088767
 O           8.0   3.1574871376   0.4450299872  -3.6659911412
 O           8.0   3.7550273880   2.9103195472  -4.7354565977
 H           1.0   3.5166517476   3.3405036880  -5.5609766630
 H           1.0   3.5713668148   1.9562404349  -4.8109363246
 H           1.0   2.2541091010   0.1052438354  -3.7104141510
 H           1.0   4.4697745912   1.2339130808  -2.3393682130
 H           1.0   2.9720946839   2.8757242567  -3.0075840564
--- CLOSED SHELL ORBITALS --- GENERATED AT 23:53:59 11-SEP-2026    
Acetaldehyde hydrate and water -- forward IRC endpoint, unconstrained opt       
E(R-WB97X-D)=     -306.3400960493, E(NUC)=  199.2030839084,    5 ITERS
 $VEC   
 1  1-2.46477029E-05-9.14750538E-05 4.97706017E-06 3.62335123E-05-2.52145746E-05
 1  2 2.73318341E-05 9.06794306E-05-2.66601221E-05-3.37242628E-05 4.45892594E-05
 1  3-6.63680176E-04 1.01382138E-04-3.50175998E-05 5.56200057E-04 3.17392741E-03
 1  4 3.25345015E-05 3.23109308E-04-8.66278318E-04-8.70097654E-05-2.35972942E-04
 1  5 4.07710092E-06-7.59648885E-05-2.38330505E-04 1.72840010E-03-4.15961980E-04
 1  6-3.75774635E-04-5.28769570E-04-4.65976459E-03 9.19500479E-04 1.07840004E-03
 1  7 1.69365672E-04 6.84071486E-05 1.53096522E-04-1.07562087E-05-3.37794132E-05
 1  8-2.83131496E-05-5.39627058E-04-2.41124145E-05 3.25526738E-04 2.33674063E-04
 1  9 1.88327469E-04-5.25589832E-05 4.40214223E-05-4.07970540E-05 1.00513000E-04
 1 10-1.36546123E-05 1.29953515E-05-1.41931470E-05 1.06538836E-06 6.76430366E-05
 1 11-7.71899362E-05-2.49948461E-05-4.20744970E-06-8.70539079E-06 9.93872314E-01
 1 12 2.67661699E-02-1.06819457E-03 1.71918104E-04 1.13639108E-03-5.85350211E-03
 1 13 3.91283911E-04-4.06013882E-04-1.12238201E-03 3.37236167E-03-9.65829602E-05
 1 14 3.56913014E-04 5.88398112E-04-3.94280426E-05 7.93753732E-06-8.90528329E-06
 1 15-1.97860737E-05 1.46784129E-05 2.38849694E-05 3.24579073E-05 1.05792763E-04
 1 16-8.00024426E-05 2.26226408E-05-7.35772690E-05 9.56679269E-05-1.37584983E-04
 1 17-1.03831242E-05-1.57932786E-04-1.62971422E-05-6.33795206E-06-2.29339103E-05
 1 18-1.74469119E-05-4.50421793E-05 2.73200869E-06 1.14502695E-05 5.71088594E-06
 1 19 3.22815535E-04-1.23722209E-04-2.70627115E-04-7.67509402E-05 5.81516894E-05
 1 20-1.12008883E-04-3.50553146E-04 9.61269487E-05 6.02342390E-05 1.09321812E-04
 1 21 6.16490995E-05-1.22034797E-04-2.24444170E-05 2.42420979E-06 2.19928626E-05
 2  1 6.07682047E-05-9.50317581E-05-3.08340551E-05 1.32857657E-05-6.21436096E-07
 2  2 2.25201451E-05 8.26447092E-05-2.91816600E-05-1.31373693E-05 2.47590242E-05
 2  3-4.45528954E-04 2.54010308E-04-4.54331146E-04 2.00247497E-04 3.54123951E-03
 2  4 9.83205767E-05 6.95639393E-04-5.58869461E-04-8.23475380E-05-1.93837713E-04
 2  5-9.16641942E-05 2.40389805E-04 4.92316111E-06 1.73921713E-03-4.41304613E-04
 2  6 7.66074609E-04-1.16830894E-04-4.32028758E-03 1.05582440E-03 2.11649159E-04
 2  7-1.25210684E-03 9.93878483E-01 2.68348152E-02 1.12863222E-03-5.12574753E-04
 2  8-1.09969900E-03-6.12982358E-03-9.36671605E-04 7.88964873E-04 7.66557082E-04
 2  9 2.36990941E-03 2.50782011E-04-5.37975506E-04-3.16549124E-05 9.38522274E-05
 2 10-1.14351764E-05 9.84907025E-06 9.62420592E-06 2.28250694E-05-3.46455770E-05
 2 11-1.45876545E-04 9.98830188E-06 6.43486154E-06-3.86625763E-05-2.62781667E-05
 2 12 1.49898415E-04-9.60143988E-06 4.04338207E-05 1.83059869E-05-5.20745199E-04
 2 13 6.64899250E-05-3.36199893E-04-2.42803798E-04 3.61349173E-04-2.44077106E-04
 2 14 4.13691446E-06 1.62842867E-04-1.70737347E-03-3.80537768E-05-2.83509579E-05
 2 15-2.01215014E-05 5.27917032E-05 1.01742396E-04 1.00365505E-04 1.33878582E-04
 2 16-2.12472290E-04-6.43795419E-04 2.86077367E-05 2.31421995E-04-4.03047230E-04
 2 17-4.59634438E-05-1.63513486E-04-5.27854786E-05 1.43967652E-05-1.90341666E-05
 2 18 3.27648656E-05 1.99419391E-04 7.88628675E-06 1.72463658E-05 2.28753514E-06
 2 19 8.94218485E-05-3.72702050E-04 3.47021252E-06 1.31753307E-06-1.93706720E-05
 2 20-1.46830242E-04-4.21795725E-04 1.40627291E-04-1.20375250E-04 1.88076707E-05
 2 21 3.19178276E-04 6.57475947E-04 1.09915969E-04 2.54067279E-05-1.74066819E-04
 3  1-6.75337665E-07 9.55557793E-05-4.23994301E-08 3.71648555E-06-1.28789484E-05
 3  2 1.20089423E-05 6.82997658E-05 6.13266771E-06 1.27202109E-05-1.76313045E-05
 3  3-4.10982399E-04-3.98786190E-05-1.24068156E-04 1.82700514E-04-1.07128208E-02
 3  4-9.03011221E-04-1.56446259E-03 2.11344788E-03-1.11423826E-05-5.24251472E-05
 3  5 1.83110718E-05 1.72994552E-05-5.21818715E-06 5.52619605E-04-1.67550024E-04
 3  6-1.56176433E-04 2.92216409E-05 1.01509224E-02-1.26011349E-03-2.69519935E-03
 3  7 3.24509852E-03 1.70864452E-03 5.92806353E-05 9.00340994E-07-2.79524760E-06
 3  8-1.11051477E-05-3.16400791E-05 2.82667927E-06 3.98982352E-05 3.43983537E-05
 3  9-1.95624146E-04-1.38943599E-04-5.82590465E-05 3.14577474E-05 3.85551792E-06
 3 10 1.40588458E-04 1.29974268E-05 2.32710301E-06-1.00111334E-05-1.74423301E-06
 3 11 1.28139962E-04-5.92744264E-06 1.04028911E-05-8.68728397E-06 4.19128620E-05
 3 12 1.51875986E-05-2.65767311E-06 3.24516336E-05-1.06214716E-05 3.61107568E-05
 3 13 4.70470394E-05-1.09051022E-04 2.98548487E-07-1.30550865E-03-8.74245852E-06
 3 14-4.64966441E-04-8.95526317E-05 9.93832610E-01 2.66091078E-02-6.11755354E-04
 3 15-6.36405756E-04-1.18233255E-03-5.17310016E-03 3.04994003E-04 4.46884886E-04
 3 16 4.84374949E-04 2.01044080E-03-6.05228021E-06-6.31883355E-04 9.10703886E-04
 3 17 1.59447747E-04 7.81307317E-04-7.51227027E-05 9.65266569E-05-2.74133073E-04
 3 18 2.10165928E-04 6.47599347E-04-6.61410321E-05-2.10332637E-04-3.17468461E-05
 3 19-6.03699281E-06 2.59851184E-04 6.90899780E-07 4.66852298E-05-1.75076050E-05
 3 20 2.49711304E-05-2.98306962E-06 1.13352960E-05 1.49342864E-06-1.02506872E-05
 3 21-6.04189211E-05-1.38820299E-05-5.86682539E-07-1.85561731E-05-1.71966496E-05
 4  1-1.30641373E-04-2.40202449E-04 1.04512060E-05-1.19468008E-05 2.99565971E-05
 4  2 8.69400094E-04-3.02043720E-04-2.26725025E-05 2.86939248E-05-4.45640453E-05
 4  3 3.20988778E-03 5.00455749E-04 9.63049059E-04-1.26369289E-03 3.92518385E-03
 4  4 4.44656362E-04 5.19484214E-04-4.84220428E-04 9.94549391E-01 3.07994091E-02
 4  5-5.72403748E-04 2.62579732E-04-6.07104558E-04-1.51537620E-02 1.20551899E-03
 4  6 2.71301027E-04 6.93647992E-05-6.44671294E-03 3.18208373E-04 5.26307700E-04
 4  7-7.16939761E-04-1.11847403E-05 1.96757927E-04 7.87033208E-05-9.57516123E-05
 4  8 2.74644781E-06 4.62225440E-04 4.95349219E-05-5.24131336E-04 7.04896037E-05
 4  9 3.83841691E-03 1.10740153E-03-1.20064018E-03-3.13783919E-04-1.79707737E-04
 4 10-1.66508119E-04-2.02279609E-05-1.42329109E-06 5.20515866E-06-1.39803007E-04
 4 11-2.43561136E-04 1.59943500E-05-2.48020463E-05 2.90230461E-05-1.60332615E-05
 4 12 1.63025584E-04 7.44998956E-05 7.38886684E-05 1.06574789E-04 5.41887818E-04
 4 13-1.60758092E-04 9.34127834E-05 4.88670871E-04 4.03402598E-03 2.16784375E-04
 4 14 7.49884673E-04 1.43076031E-03 4.92598299E-08-3.27739736E-06-7.72073060E-06
 4 15-2.28430682E-06 1.64976625E-05 6.79939355E-05 3.16584737E-05 8.37692922E-05
 4 16-1.21583305E-04-3.89423824E-04 7.98560272E-05 3.17000614E-04-4.68669189E-04
 4 17 1.72986387E-06-2.49740355E-04-3.36162522E-05-4.38458749E-06-1.46391545E-05
 4 18-4.48737236E-05-4.69153281E-05 2.46491065E-05 4.73454624E-05-3.50284300E-05
 4 19-6.03383723E-05-3.67394746E-04 4.06508142E-05 5.99378440E-05 1.36862608E-04
 4 20 5.10055340E-05 1.49932067E-03 3.60640798E-04 2.32648896E-05 5.14086012E-05
 4 21 5.17665676E-05-1.39043791E-04 5.44328000E-05-1.79289779E-04 7.59052701E-05
 5  1-1.60746115E-04 2.20120226E-03 1.66583695E-04 3.37986959E-04 4.43950584E-04
 5  2 9.94284511E-01 3.11299697E-02 3.02152629E-05 1.15318798E-04-1.53044469E-04
 5  3-1.33163835E-02-2.44292690E-04-9.66963266E-04 1.19099986E-03-1.89030129E-03
 5  4 6.52342666E-05-3.33844686E-04 3.16323704E-04-9.63182286E-04-1.78377296E-04
 5  5-3.46240083E-06 2.47696368E-05-5.01690926E-05 2.55006143E-03-4.99719075E-04
 5  6-1.16597351E-03 1.66385108E-03 5.30179430E-04 9.91160852E-05 1.01123008E-04
 5  7 1.40291371E-04 1.36301978E-05 2.47306530E-05-3.60380485E-06 7.73578355E-05
 5  8-4.55231044E-05-3.90379036E-04-3.60829033E-05-2.18061515E-04 1.85223292E-04
 5  9-8.47853825E-05-2.22869196E-04-4.77622909E-04 7.65597188E-04-1.48675454E-04
 5 10 2.38316724E-03-5.55490108E-04-5.13009036E-07-1.15420848E-04-1.58033269E-04
 5 11 2.07998783E-03 3.13958047E-04-4.85934518E-04-1.25003393E-04 5.14738051E-06
 5 12-3.61374247E-06 2.25809804E-05 5.18685904E-06-6.77813494E-05-1.77873567E-04
 5 13-7.63182980E-05 5.72347730E-05 4.68978034E-05 1.55348418E-03-3.52548168E-04
 5 14-7.00952767E-05 7.76045550E-04 8.10555394E-06 5.65832119E-05-7.95346841E-06
 5 15 2.56022632E-06 6.66113595E-06-2.12875643E-04 4.51070806E-05 3.85424684E-05
 5 16-3.20369774E-05 2.59103668E-04-4.91032933E-05-5.34770590E-05 9.91522982E-05
 5 17 1.84744945E-05-3.13143629E-05-3.83878829E-06-1.23062207E-06 1.22316241E-05
 5 18-2.26377596E-05 1.99639842E-04 9.92867241E-06 2.74090808E-05 1.70764888E-05
 5 19-6.43247537E-05-3.74781572E-04 9.28799879E-06-2.36341420E-05-2.72720880E-05
 5 20-1.62832944E-04 2.10145529E-04-2.25867035E-05 1.46247518E-05-1.07944628E-05
 5 21 3.51824582E-05 8.72651238E-04-2.30429918E-05-7.70980805E-05 9.35064685E-05
 6  1 5.25746548E-03 6.66523443E-03-4.90634239E-05-7.26137205E-04-1.02881727E-03
 6  2-1.96733731E-02 1.87385425E-02 3.45588987E-03 1.21755681E-02-1.70370423E-02
 6  3 3.28286039E-02-9.57202123E-03 2.92815674E-03-1.28373028E-02-1.31298010E-01
 6  4-8.23500878E-03-1.92785196E-02 2.43662155E-02-9.46658966E-02 1.07499217E-01
 6  5-3.83578598E-02 1.87121933E-02-4.53195019E-02 1.77460229E-01-3.66670796E-03
 6  6 1.44256111E-03-5.25572349E-03 1.79833209E-01-2.71114512E-02-2.62053669E-02
 6  7 2.57585844E-02-1.35869314E-01 1.41218146E-01 4.02542210E-02-2.98579324E-02
 6  8-3.87229128E-02 3.97532856E-01 4.21873749E-02-3.79834243E-02-4.06770466E-02
 6  9-4.33915289E-02-1.44308463E-02 2.18809695E-02 1.11582671E-03 4.38917446E-03
 6 10-9.13331213E-04 4.51166376E-04 3.96950683E-04-2.00602720E-04 5.12187955E-03
 6 11 3.59291140E-03-1.53858627E-04 1.01160860E-03 3.05313132E-04-1.60609513E-01
 6 12 1.68162625E-01-4.01856848E-02 1.37950856E-02 5.24474341E-02 4.69014325E-01
 6 13-3.01760681E-02 2.70447680E-02 5.97512214E-02-5.66271842E-02-1.68876700E-04
 6 14-1.06352604E-02-2.83111002E-02-3.46763377E-02 3.79939908E-02-6.08513289E-03
 6 15-8.16940209E-03-7.14050598E-03 9.17877784E-02-7.58560508E-03-1.14772508E-02
 6 16 2.15967468E-03 1.22272971E-02 1.23961764E-03-7.11504947E-03 1.24546208E-02
 6 17 1.78214988E-02 1.11321413E-02 1.74318944E-03-2.11198805E-03 3.98270208E-03
 6 18 2.39070023E-02 4.50974532E-03-6.58960813E-05 2.05367193E-03 1.59082049E-03
 6 19 7.91561152E-02 2.40033412E-02 1.46593530E-02 5.03773604E-03 4.99345568E-04
 6 20 2.69390246E-02 3.05828552E-03-5.96555061E-03 8.21449148E-05-1.97898129E-03
 6 21 6.40966863E-02 7.79406235E-03-3.43087352E-03-6.36148912E-03 8.22898915E-03
 7  1-1.46362102E-03-4.28160751E-03 5.47445536E-05 1.22680740E-04 5.40840466E-04
 7  2 4.06671424E-03-5.62989697E-03-9.24271818E-04-2.14834304E-03 4.03731072E-03
 7  3 4.04786165E-03 3.22008933E-03 5.02777288E-03-7.28176624E-04 2.30691659E-01
 7  4 1.85631871E-02 3.24563101E-02-4.66044776E-02 1.65859653E-02-1.82753582E-02
 7  5 5.53387542E-03 4.68786261E-03 1.19124692E-02-4.46009765E-02 7.59072914E-03
 7  6 7.98977677E-03-4.09562241E-03-2.30689426E-01 3.02009010E-02 5.98003523E-02
 7  7-6.27612052E-02 7.44905022E-03-6.93017406E-03-1.73369010E-03 6.69882436E-03
 7  8-9.91254582E-04-2.59657197E-02-3.13369453E-03 3.96400124E-03 2.47097165E-03
 7  9 8.91516010E-04 3.57231570E-03-1.89122076E-03 2.25232869E-03-1.27242577E-03
 7 10-2.78666068E-03-3.18290412E-04-2.25856468E-04 1.60825110E-04-1.21293089E-03
 7 11-3.12273653E-03 4.80036119E-06-4.25597181E-04 1.27842922E-04 4.06028688E-02
 7 12-4.30673531E-02 1.26345490E-02 1.53731365E-03-1.48520068E-02-1.23993094E-01
 7 13 7.52934776E-03 4.16499499E-04-1.74454483E-02 4.86336024E-02-2.06616218E-03
 7 14 1.48274748E-02 1.15659221E-02-2.27086860E-01 2.49969703E-01-3.57935234E-02
 7 15-3.71130222E-02-7.07577498E-02 6.43571808E-01-2.92310503E-02-3.13868590E-02
 7 16-5.01534117E-02 2.82916096E-03-8.44901588E-04 1.12455042E-02-2.20922592E-02
 7 17 1.28294408E-01 1.23627035E-02 6.17477116E-03-1.39990241E-02 2.24889086E-02
 7 18 1.17842938E-01 1.32158747E-02 4.33370116E-03 2.55051098E-02-8.99462139E-04
 7 19-2.23006850E-02-1.57608429E-02-4.22654551E-03-2.13231087E-03-3.11596818E-06
 7 20-4.95059518E-03-4.48489955E-03 1.12172234E-03 5.39227248E-05 9.89816316E-04
 7 21 8.47791785E-03 1.26835106E-02 9.18721413E-04-3.75552387E-04-2.03353955E-03
 8  1 2.77615205E-04-5.05399281E-03 7.10739601E-04 2.92672320E-04 3.28546319E-04
 8  2-2.49092398E-03 2.21752297E-03-5.66030890E-04 8.24435317E-03 2.32401592E-03
 8  3 7.94815469E-03-5.11726698E-03 2.15133108E-02 1.08580105E-02-6.85998216E-02
 8  4-7.62728954E-03-1.34933777E-02 8.13372490E-03-1.37599158E-02 1.54448186E-02
 8  5-2.22756224E-02 8.95339931E-02 5.25548433E-02 2.73529507E-02 6.67888210E-03
 8  6 3.69138983E-03-4.24564651E-03 6.24476995E-02-7.75220250E-03-5.08224618E-03
 8  7 3.86725469E-02-1.77633178E-01 1.88918847E-01 4.76487933E-02-1.29597360E-02
 8  8-4.53079622E-02 5.32669594E-01 5.38078874E-02-3.33143863E-02-3.70613277E-02
 8  9-7.94228421E-03-7.27147190E-03 1.93709986E-02-1.70264783E-03 2.42362055E-04
 8 10 2.13765291E-04 1.22106217E-04-5.09047281E-04-6.03658721E-04 9.29497379E-04
 8 11 6.96975558E-03-8.37752482E-04 4.64642270E-04 3.16349677E-04 1.53708613E-01
 8 12-1.64825240E-01 4.48870213E-02 6.73178877E-03-3.16618499E-02-4.59597346E-01
 8 13 2.67835329E-02-5.02896319E-03-4.69903746E-02 6.47395053E-03-9.14237980E-04
 8 14 5.66892065E-03 7.28330186E-03 2.08061786E-02-2.33129496E-02 2.73791409E-03
 8 15 5.51182932E-03 9.48974556E-03-5.96418433E-02 1.97139730E-04 2.37393909E-03
 8 16 1.07401925E-02 1.52136781E-02-1.04688871E-03-7.44806514E-03 7.63454356E-03
 8 17-1.19743961E-02 5.49767992E-04-1.26502996E-04 1.12850995E-03-1.87647465E-03
 8 18-1.76989108E-02-1.20935046E-02-6.78843216E-05-1.44401899E-03-1.27387192E-03
 8 19-8.88198038E-02-1.89910670E-02-1.68775877E-02-5.77690078E-03 8.58253936E-05
 8 20 3.06854017E-03-5.57522054E-03-1.08733269E-03 3.34022177E-03 2.39662734E-03
 8 21 9.22210968E-02 6.41507873E-03-6.31088450E-03-8.71236393E-03 1.47556060E-02
 9  1 8.71749560E-02 9.06320255E-03-2.50119315E-03-4.46461832E-03-9.89733532E-03
 9  2-1.70589088E-01 1.84209583E-01 2.24127454E-02 3.46674543E-02-4.20281677E-02
 9  3 4.20979662E-01 8.44254378E-03 9.71361567E-03-1.58260774E-02 5.00342181E-02
 9  4-3.92246916E-04 7.54056117E-03-1.20124699E-02-1.21791131E-01 1.30770053E-01
 9  5-4.77242435E-03-6.73514317E-02 9.27715045E-02 3.37820281E-01-1.10902309E-02
 9  6-2.00773284E-02 2.29282075E-02 1.46942194E-02-1.07022043E-03 4.63581125E-03
 9  7-7.20014225E-03 4.88818649E-02-5.42701390E-02 4.30068528E-03-7.31955715E-02
 9  8 5.05908990E-02-1.64092008E-01-2.43769548E-03-3.73726469E-02 3.82169143E-02
 9  9-5.75673879E-02-7.28384528E-03 1.79892635E-02-8.33465130E-03 8.43547924E-02
 9 10 7.10277249E-03 1.10229173E-02 1.60646083E-03 2.51944459E-04 8.64706731E-02
 9 11 6.13161739E-03-4.84169602E-03 9.80945785E-03 4.51412729E-04 4.90344172E-02
 9 12-5.43557314E-02 4.47169515E-02 1.71970026E-02 5.30937686E-02-1.65515418E-01
 9 13 3.54095161E-02 4.71627040E-03 2.82542031E-02-8.10931328E-02 6.72562980E-03
 9 14-4.24299369E-03-2.36926027E-02-4.44246441E-03 4.98694583E-03 1.50442110E-03
 9 15 3.23300487E-03-8.58539618E-03 1.47709268E-02 1.84837947E-03 1.66744238E-03
 9 16-6.12468428E-03-5.43911222E-03 1.45565375E-03-1.84509406E-03 2.88531121E-03
 9 17 6.55539477E-03 7.86083797E-03 3.89938976E-04-6.76064913E-04 1.14386157E-03
 9 18-2.50560346E-03-1.25026498E-03 2.68442757E-04 5.58512040E-04-2.27926456E-04
 9 19-5.29993008E-02-7.57436350E-03-9.97526858E-03-3.47468439E-03 1.94423796E-03
 9 20 6.40515372E-02 1.06589981E-02-7.51966313E-03-2.16803173E-03 1.08275791E-03
 9 21-6.57285662E-02-3.25516267E-02 4.43213202E-03 7.38008379E-03-1.07658099E-02
10  1-8.07514119E-02-2.53398133E-02 3.05043714E-03 5.74490791E-03 6.93724342E-03
10  2 1.10486630E-01-1.13108953E-01 3.85098651E-02 4.26839828E-02-5.52997477E-02
10  3-3.53971404E-01 1.48153921E-02 8.30769456E-03-6.64129392E-03-1.24442673E-01
10  4-9.52818929E-03-1.50882013E-02 1.74621902E-02-1.29072399E-01 1.39098490E-01
10  5 9.09932329E-02 3.93911674E-02-8.87621331E-02 4.54671369E-01 5.35056283E-02
10  6 1.52422610E-02-3.92531934E-02 1.43537478E-01-2.18438937E-03-1.59608589E-02
10  7 1.90411661E-02 4.24020983E-02-4.90207256E-02 5.08935278E-02-1.00374228E-01
10  8 1.78238646E-02-1.50607604E-01 3.97107431E-02-7.19649576E-02 1.02306270E-02
10  9-6.20136967E-02-1.32496669E-02 2.63879915E-03 8.27839511E-03-9.14387016E-02
10 10-2.64531548E-02-9.20608272E-03 1.33339749E-04-1.98125304E-03-7.89611812E-02
10 11-2.23120407E-02 5.33026004E-03-7.29380812E-03-2.54035898E-03 2.25220467E-02
10 12-2.92377343E-02 1.48128347E-01 1.08607659E-01 1.11217800E-01-7.48814820E-02
10 13 1.15392479E-01 8.70621169E-02 8.57616766E-02-6.35449817E-02-3.66891275E-04
10 14-8.23659108E-03-1.41532170E-02 8.70231777E-04-9.03996518E-04 4.28842341E-03
10 15-1.31262809E-02 4.44630135E-03-4.08401371E-03 4.06759618E-03-1.28123054E-02
10 16 6.24483972E-03 7.69868261E-03 2.73987713E-04-5.77348816E-03 1.05106021E-02
10 17-6.99933826E-03 1.59550177E-03 5.87307449E-05 2.06890002E-04-6.41868139E-04
10 18 9.11528017E-03 6.73377352E-03 8.12144764E-04 8.17420322E-04 1.52000449E-03
10 19-1.27345053E-01-6.57513916E-02-2.02238669E-02-6.90057763E-03-8.61285004E-04
10 20 1.28494860E-01 4.27630865E-02-1.16394932E-02-1.54408992E-03-2.50275623E-03
10 21-5.99866154E-02-2.81443475E-02 6.28942967E-03 4.49925607E-03-1.08069101E-02
11  1-3.18727655E-02-1.10919093E-02 9.84185654E-04 3.60869249E-03 1.88980051E-03
11  2 3.80015309E-02-3.51539028E-02-1.88044106E-02 7.65034700E-02-4.32327633E-02
11  3-1.65633422E-01-2.56926801E-02 3.42791440E-02-4.42387192E-03-5.82714120E-02
11  4-2.41840586E-03-1.47153235E-03 5.00268644E-03-2.66583805E-02 3.02120105E-02
11  5-1.18335226E-01 7.61786568E-02 8.38463301E-02 1.05095798E-01-1.07358736E-01
11  6 9.13748214E-03 8.59395101E-02 5.31982332E-02-1.56941243E-02-1.44914751E-02
11  7 1.46472265E-02-1.26124528E-02 8.34632241E-03-6.35337797E-03-1.90823847E-01
11  8 1.28325828E-01 6.33440967E-02 3.64195284E-03-1.57537142E-01 9.73109150E-02
11  9-5.90396501E-03-3.72074661E-03 8.43807696E-03 5.50981482E-03-1.95435593E-02
11 10-5.77708693E-03-3.10873125E-03 1.63643520E-03-2.02557113E-03-6.57174171E-02
11 11-3.02692999E-02 2.34037009E-03-3.91986264E-03-1.06662144E-03 1.23676747E-02
11 12-1.01308742E-02-1.34072940E-01-6.79814481E-02-1.32613050E-02-5.33648698E-02
11 13-1.07568288E-01-5.96832281E-02-1.11000612E-02-2.27258210E-02-3.77967081E-03
11 14-2.91699527E-03-8.77878930E-04-2.21066666E-03 3.98408220E-03-2.82070441E-03
11 15 2.15453543E-01-1.61046403E-01 4.74165365E-03 1.10889832E-04 1.67561456E-01
11 16-1.33718276E-01 8.17950222E-03 1.56420150E-03 8.52651536E-03-1.02895632E-02
11 17 1.57226694E-01 1.00684689E-01 7.15177593E-03-7.85127326E-03 2.13599598E-02
11 18-1.34403387E-01-9.96965826E-02-5.03029870E-03-1.88518665E-02-7.66586731E-03
11 19 8.84860651E-02 6.37372950E-02 1.22680201E-02 5.53004793E-03 2.50602520E-03
11 20-3.53080560E-02-2.49104564E-03-1.20017580E-03 2.09967091E-03 1.11149720E-03
11 21-1.37528785E-01-1.05569312E-01 5.65905342E-03 1.40668653E-02-1.63553342E-02
12  1 1.76892369E-05 1.79098662E-03 6.59187059E-05-2.07557014E-03-3.33524479E-04
12  2-1.36183550E-02 1.28256961E-02 3.17435120E-02-7.13278816E-02 4.44363468E-03
12  3 5.16776328E-02 2.21810128E-02-5.04308671E-02-9.76502244E-03 1.41899579E-02
12  4 2.49420162E-03-2.60671388E-03-3.25921585E-03 9.82742091E-03-1.03397526E-02
12  5 1.07269502E-01-1.09260820E-01-8.77750275E-02-3.29872370E-02 8.16745705E-02
12  6-6.43218628E-02-5.26862666E-02-6.54584671E-03 2.16275348E-03 8.06208186E-04
12  7-4.87578538E-03-3.49078865E-03 8.08123170E-03-9.52855037E-03 1.93314120E-01
12  8-1.05768690E-01 3.10752895E-03-1.33742578E-02 1.62839783E-01-8.10894057E-02
12  9 2.30922147E-02 3.95759182E-03-1.61662165E-03-6.95713808E-03-3.66463343E-03
12 10-5.56987738E-03 7.55806756E-04-1.41155124E-03 9.26379908E-04 5.30308197E-02
12 11 2.87808009E-02-9.37500542E-04 2.98760914E-03-1.88600704E-04-1.15495561E-02
12 12 1.04519573E-02 1.04531594E-01 4.68630294E-04 9.33173442E-02 5.35735243E-02
12 13 8.48916927E-02-6.80873367E-03 9.12198451E-02-1.96341573E-02 1.02551642E-02
12 14-1.16879129E-02-6.91136640E-03 1.27426363E-03-2.07254290E-03-1.54746356E-02
12 15 2.86530767E-01-1.26167041E-01-4.66305375E-03-1.31150770E-02 2.25453407E-01
12 16-9.70183819E-02 2.00934471E-03-2.06001352E-03 2.16344284E-02-6.08630897E-03
12 17 1.65558029E-01 1.11811108E-01 7.40132825E-03-5.55578557E-03 2.40708719E-02
12 18-1.77565602E-01-1.27197590E-01-6.54197834E-03-2.73940063E-02-5.21375973E-03
12 19-6.26689865E-02-3.85619775E-02-8.44669333E-03-5.49423908E-03 5.90383533E-04
12 20 3.80566308E-02 1.42240151E-02-4.78845226E-04-2.16457192E-03-1.67669615E-03
12 21 1.16245181E-01 8.16084315E-02-7.21313279E-03-9.76054885E-03 1.74858678E-02
13  1 5.71196352E-02 3.84963109E-02 2.22296204E-03 4.20777875E-05-3.12042469E-03
13  2 8.11700919E-03-9.99301803E-03 1.42235843E-01 5.01194027E-02 5.74031329E-02
13  3-2.08155907E-02 9.42637054E-02 3.51662703E-02 3.72136020E-02 1.30926886E-01
13  4 1.38676027E-02 2.03652921E-02-2.07689187E-02-1.59609279E-02 1.70600456E-02
13  5 2.44159889E-01 7.59603220E-02 1.74690967E-01 6.16691150E-02 2.03397426E-01
13  6 5.51496315E-02 1.12592608E-01-1.28384866E-01 3.51699162E-02 3.84512600E-02
13  7-3.93076807E-02 5.54926477E-03-5.47879937E-03 1.03859721E-01 8.36279084E-02
13  8 5.16241481E-02-2.32742773E-02 9.40320022E-02 7.29423907E-02 5.20252594E-02
13  9 1.29949108E-02 1.43501910E-02 2.57217318E-03 7.79919371E-03-9.73159811E-02
13 10-6.81048992E-02-5.85511740E-03-1.14465352E-03 1.65755016E-03 4.49855432E-03
13 11 3.16296399E-03 2.64894639E-03 7.54542463E-04 8.39625542E-04-9.52107861E-03
13 12 1.68190275E-02-8.98914057E-02-1.49314714E-01-1.92036717E-01 1.55655327E-02
13 13-6.76046187E-02-1.36346036E-01-1.81886030E-01 2.38432296E-02-7.79055941E-03
13 14-1.86970984E-02-7.18317613E-03-6.39431544E-04 8.32923585E-04 4.18842993E-03
13 15 1.13494903E-02 4.55034809E-03 1.68824162E-03 5.58843097E-03 1.27943536E-02
13 16 4.70450014E-03-1.32538538E-02 1.55057313E-04 4.26322232E-03-1.93501793E-03
13 17 1.26728520E-03 1.54750205E-03 9.96007230E-05 1.78911229E-04 3.66068545E-04
13 18-6.77498306E-03 5.42066414E-03-3.89894355E-05-1.28575604E-03-5.15345388E-04
13 19 1.14961322E-01 8.97309657E-02 2.11168292E-02 4.48943655E-03-4.54615765E-03
13 20 1.65066349E-01 8.71963506E-02-9.96179751E-03 1.80408314E-04 3.69084637E-03
13 21 2.37735223E-02 1.83469429E-02 2.77882637E-03 4.50366915E-04 5.99740636E-03
14  1 1.40981108E-01 9.82015727E-02-3.64977208E-03-5.69307199E-03-7.16161190E-03
14  2-2.19721375E-02 1.87363819E-02-6.63953006E-02-1.98265462E-02 2.43869263E-01
14  3 1.20407116E-01-3.94062005E-02 2.98566653E-02 1.61214939E-01 3.07919804E-02
14  4-7.97935861E-03 2.41031816E-03 1.19023216E-02 4.52871877E-02-4.58389879E-02
14  5 3.32814929E-02 2.01716601E-01-1.03046173E-01-1.79690238E-01 6.96848297E-02
14  6 1.58984764E-01-8.03915707E-02-5.74541135E-02 2.37814426E-02 1.02348409E-02
14  7 3.32136259E-03-4.82366147E-03 5.71145855E-04 5.25958372E-02-1.09738397E-01
14  8 5.39085805E-02 3.85093183E-02 5.10951574E-02-1.09978848E-01 4.51074461E-02
14  9 8.67060216E-03-2.68373425E-03-2.56782395E-03 1.03199916E-02 5.20505656E-02
14 10 4.22688903E-02 4.63665225E-03-7.45226372E-05 4.71090740E-03 1.49881079E-03
14 11 1.51528042E-02-2.63167803E-03 1.19139547E-03 5.13936678E-03-5.52414528E-02
14 12 5.63226471E-02 1.67004511E-01 1.39296343E-01-1.38935013E-01 2.28961834E-01
14 13 1.47049507E-01 1.36063007E-01-1.21473225E-01 1.28973260E-01 1.05077623E-02
14 14 2.74297302E-02-1.71104377E-02 1.77856156E-02-1.84964153E-02-9.65635824E-03
14 15 4.86301261E-02-9.50792832E-02-7.37443554E-02-6.19987902E-03 3.76962708E-02
14 16-8.16508516E-02-2.98330251E-02-2.53749370E-04 1.14111303E-02-1.60190287E-02
14 17 6.40592195E-02 4.82383503E-02 2.46363014E-03-4.44525496E-03 6.89588747E-03
14 18-1.16363627E-02 4.40574868E-03-1.98272549E-03-8.45760770E-03-1.21829697E-03
14 19-1.00407106E-01-9.35951224E-02-1.07471403E-02-2.44126119E-03-9.59790139E-03
14 20-3.36906692E-03-1.94346100E-02 2.81337283E-03 1.91560485E-03-2.79666105E-03
14 21-6.96049101E-02-6.48706611E-02 4.92627517E-03 4.68415909E-03-7.59288314E-03
15  1-1.81410166E-02-1.70143547E-02 2.49515463E-03 1.45573197E-03 6.40645552E-04
15  2 6.84228373E-03-5.47225065E-03 7.80841576E-02 4.00008764E-02-6.33696500E-02
15  3-5.92788365E-02 2.81651397E-02 3.89219025E-02-2.58038886E-02 1.94228965E-01
15  4 1.71559415E-02 3.36349895E-02-3.91968803E-02 2.47511739E-02-2.42560987E-02
15  5 1.77068875E-03-1.51331268E-01 7.85843614E-02-9.01746485E-02 1.47674475E-02
15  6-1.45080274E-01 1.00193694E-01-2.42258639E-01 3.26511768E-02 4.37637224E-02
15  7-5.79870926E-02-6.99515309E-02 7.45275405E-02-1.78728075E-01 8.56898075E-02
15  8 2.14734518E-01 2.87034035E-01-1.62278741E-01 7.35372698E-02 2.01572224E-01
15  9 1.56855151E-01-2.10386293E-02 8.97073860E-03 2.58119422E-02-6.12369281E-02
15 10-6.09009767E-02-5.01239394E-03-3.39040417E-04-9.84220935E-04-1.28576374E-03
15 11 1.72525579E-02 1.78458047E-03 1.48414101E-03-1.63953784E-03-4.11320914E-02
15 12 4.10155362E-02 2.10538369E-01-7.66178413E-02-1.92725452E-02 1.79739684E-01
15 13 2.01626842E-01-7.01745378E-02-1.11568571E-02 6.93946655E-02 4.11888042E-02
15 14-2.87964977E-02-2.14884619E-03 2.34905665E-02-2.13659650E-02-7.54861192E-03
15 15-1.14560209E-01-1.40456446E-01-1.01914576E-01 3.38417289E-04-9.56126047E-02
15 16-1.42528576E-01-6.90099126E-02 2.92961046E-03-1.30046980E-02-4.56067187E-02
15 17 2.81968747E-02 2.07471580E-02-7.86652051E-05-8.13543079E-03-1.92817286E-03
15 18 6.94196074E-02 7.96017406E-02 3.21862208E-03 9.76459407E-03-6.01647708E-03
15 19-9.35296764E-02-7.65480997E-02-7.09983426E-03-1.01588852E-02-3.92179257E-03
15 20-3.76345062E-02-3.00422095E-02 4.69284829E-03-2.92855987E-03-2.56425381E-03
15 21-8.02143308E-02-7.99739140E-02-6.25197368E-03 1.14450213E-02 2.12096059E-03
16  1 1.07703969E-01 8.97201738E-02-4.16201005E-03 1.34060149E-03-7.58039102E-03
16  2-1.03195202E-03 2.25874766E-03-1.03408535E-01 2.84801643E-01 5.46301594E-02
16  3-4.24566639E-03-9.14285553E-02 2.19365804E-01 5.15892698E-02-1.55735277E-01
16  4-2.09975762E-02-9.27600852E-04 3.29957153E-02-2.61108413E-03 1.71733856E-03
16  5-1.97356447E-02-9.33786429E-02 6.15419006E-02 1.37900827E-02-1.97218571E-02
16  6-4.52406746E-02 5.93913451E-02 1.48651095E-01-3.09628476E-02-3.39324397E-02
16  7 5.87258255E-02 7.44354134E-03-2.99157966E-03-5.07327637E-02 9.50299821E-02
16  8 2.57710106E-02-5.17256486E-02-6.05750316E-02 9.80333109E-02 3.77312281E-02
16  9-5.99970867E-02-1.20611608E-02 1.91381421E-02 1.31418354E-02 4.65712444E-02
16 10 3.24582788E-02 1.82289764E-03 5.94785834E-03 1.58907180E-03-2.20332109E-01
16 11-1.88292022E-01 7.30787116E-03-1.30407469E-02 3.74064623E-04-1.93275149E-02
16 12 1.96544014E-02 8.00070220E-02-2.80043796E-02 2.07958881E-02 8.42472794E-02
16 13 7.91119841E-02-2.63271360E-02 2.86423578E-02 5.36122402E-02 2.19952488E-02
16 14 7.11335246E-03 2.99564828E-03-3.99798963E-02 4.06823736E-02 6.38735122E-02
16 15 1.13596619E-01 1.98100810E-01 1.66708347E-01 5.75138130E-02 1.05727834E-01
16 16 1.88163765E-01 7.07149832E-02 1.78449346E-02 2.41203582E-02 5.49443555E-02
16 17-6.59348101E-02-4.98710313E-02 3.25103568E-04 1.20061865E-02-1.50118910E-03
16 18-6.66867046E-02-7.04072938E-02 1.18205890E-03-9.32279216E-03 8.41256937E-03
16 19-3.64804824E-02-3.44089398E-02-2.79926660E-03-3.45825313E-03-6.58209420E-04
16 20-1.74042450E-02-1.50594172E-02 1.42036212E-03-1.85176310E-03-9.67606639E-04
16 21 4.25849900E-02 6.77298159E-02-1.39229192E-03-6.81061989E-04 3.75374310E-03
17  1 1.71508292E-01 1.40911381E-01 1.76286889E-03-4.85532900E-03-1.11601287E-02
17  2-2.71203217E-03 5.86338442E-03 2.83630729E-01 1.05330034E-01 1.33273777E-01
17  3-1.80434632E-03 2.43361005E-01 7.75777583E-02 1.29326157E-01-4.31803785E-02
17  4 2.30171850E-02 5.38740135E-03 2.48259950E-02-2.29396180E-03 3.74929410E-03
17  5-1.10413740E-01-6.40930173E-02-2.40353286E-02 4.47470825E-03-1.12945737E-01
17  6-4.00385230E-02-5.28560644E-03 1.78454854E-02-6.38391100E-03-1.64944789E-02
17  7 1.56784923E-02 4.74909077E-03-3.97980287E-03-8.38330873E-02-3.13213684E-02
17  8-8.71982545E-02-2.57685494E-02-8.50224832E-02-2.63021626E-02-9.09907045E-02
17  9-2.46925610E-02-2.32569647E-02 4.63556812E-04-1.28023197E-02-2.21151102E-01
17 10-1.90307803E-01-1.48064076E-02-5.45636006E-05 1.93239502E-03 2.16572791E-02
17 11 1.36217049E-02 4.41516305E-03 3.62941188E-03 2.71797080E-03 1.11068526E-02
17 12-1.49170670E-02-8.25784150E-02 1.14059700E-01 9.78474488E-02-3.45082634E-02
17 13-8.71283265E-02 1.20387706E-01 1.01702663E-01 2.66824847E-02-3.25318823E-02
17 14 3.67659547E-02 2.13767910E-02 4.89990301E-03-5.96043270E-03-4.22150346E-02
17 15-8.40068377E-03-9.68374878E-03-1.70997010E-02-4.39978820E-02-1.16914630E-02
17 16-9.14198170E-03 9.98066555E-03-1.55286656E-02-5.34451278E-03-1.29087429E-03
17 17 6.75792259E-03 2.53358635E-03-1.48506388E-03-8.55444545E-04 4.82375497E-04
17 18 7.13305610E-03-1.27010962E-02-2.45981764E-03 1.21047131E-03-2.72948555E-04
17 19-1.98604063E-05-2.73735165E-02-4.12053334E-03 4.79564809E-03 1.93782738E-03
17 20-8.73086129E-02-6.98418888E-02 7.23006148E-03-1.38751702E-03 1.49112585E-03
17 21 1.40345980E-02 1.42060441E-02-4.71212391E-03-3.48976142E-03-2.09726505E-03
18  1-3.81200500E-02-3.05915283E-02 3.49926459E-03-1.76707306E-03 3.07389401E-03
18  2 3.23318123E-03-5.73680168E-03 1.19108752E-01-1.60437139E-01-5.72554520E-03
18  3-6.98953378E-03 8.42228738E-02-1.13318165E-01-9.15863472E-03-2.20608572E-01
18  4-7.21377690E-03-5.08808431E-02 4.11614665E-02 2.31693516E-02-2.32631272E-02
18  5-4.38942813E-02 4.63315215E-02-1.52983038E-02-9.81061475E-02-5.53499008E-03
18  6 1.65373283E-02-8.50290303E-03 1.68077237E-01-3.07493626E-02-5.79665096E-02
18  7 7.61444843E-02-2.63718450E-02 2.37249230E-02-2.44841808E-02-1.15976140E-01
18  8 1.31837387E-01 1.22640304E-01-1.26080744E-02-1.23958778E-01 1.22459408E-01
18  9 4.07985480E-02-8.65163140E-03-2.19867266E-02 3.38475320E-02-7.81459021E-02
18 10-7.38693418E-02-5.42387773E-03-4.14189511E-03-3.10954806E-04 1.46960741E-01
18 11 1.43307605E-01-4.07324967E-03 9.86458085E-03 6.34723329E-04-2.21472317E-02
18 12 2.36338036E-02 9.10505862E-02-4.31812136E-02-2.11704790E-02 9.25121938E-02
18 13 8.53578702E-02-4.52171320E-02-1.51577921E-02 5.43224111E-02 2.82127150E-02
18 14-5.86835921E-03-7.16817279E-03-6.17119368E-02 6.40951761E-02 1.71768486E-01
18 15 1.44341458E-01 2.58428159E-01 2.56193585E-01 1.64891104E-01 1.37195795E-01
18 16 2.45293484E-01 1.11727837E-01 4.93684151E-02 3.39739814E-02 7.53898468E-02
18 17-9.79343287E-02-7.98841783E-02 3.93975673E-03 1.67641556E-02-3.52935993E-03
18 18-8.76433231E-02-8.68950357E-02 5.41308924E-03-1.23149424E-02 1.12590589E-02
18 19-3.76119839E-02-3.55339994E-02-1.96739743E-03-4.96633941E-03-2.10958255E-03
18 20-4.94364867E-02-5.35580996E-02 5.26026581E-03 1.00776931E-03-7.45260476E-04
18 21-8.34233619E-02-5.23908380E-02 6.88653272E-03 1.01095096E-02-1.31614887E-02
19  1 8.24273645E-02 9.95690373E-02-3.11078496E-03-4.05524177E-03-4.50739746E-03
19  2 1.98069711E-02-2.23453910E-02-6.15862307E-02-5.63037311E-02 1.82029676E-01
19  3-1.03919110E-01-5.77894182E-02-5.76419558E-02 1.34536996E-01-4.97233582E-02
19  4-6.35318167E-04-5.36310029E-03 3.09482564E-02 1.02184246E-02-1.30579948E-02
19  5 1.23689346E-01 2.58638451E-02-1.76475485E-01-3.26990191E-02 6.05817890E-02
19  6 5.68576679E-03-7.75858663E-02 8.16156752E-02-1.96379570E-02-1.77406067E-02
19  7-2.14333969E-02-2.97309636E-02 3.16450330E-02-4.07841421E-02 6.85422796E-02
19  8 1.44603721E-01 1.22798751E-01-3.61977404E-02 7.42384329E-02 1.38708797E-01
19  9 9.21009145E-02 7.26509493E-03 1.21978715E-02 2.68060194E-02 3.23369258E-02
19 10 3.99003410E-02 1.84754359E-03 8.88951279E-05 3.42406195E-03-1.12924901E-02
19 11-7.19603561E-03 1.67065467E-04-1.66938529E-03 2.77817379E-03 3.34832459E-02
19 12-3.79518023E-02-1.44105763E-01-4.45727434E-02 2.63679877E-01-1.24678375E-01
19 13-1.30625726E-01-4.21658318E-02 2.82270286E-01-1.43711789E-01-2.03329224E-02
19 14-3.31358498E-02 6.30223923E-02-1.11999123E-02 1.28420473E-02 2.20305235E-01
19 15-8.73994739E-02-6.46281182E-02 5.11356857E-02 2.26998945E-01-8.15993721E-02
19 16-7.44373423E-02 7.91939114E-03 7.90917287E-02-2.65341242E-02-3.45406191E-02
19 17-2.43903113E-02-2.51401506E-02 8.76887256E-03-1.61016438E-03-6.95762999E-03
19 18 1.23496347E-02 2.58533802E-04 1.18362065E-02 7.89374251E-03-4.64838160E-03
19 19 7.51767130E-02 9.73758789E-02 7.01249437E-03 2.98443661E-03 1.07333850E-02
19 20 8.29604643E-02 1.00455942E-01-6.90607191E-03-4.69428185E-04-2.75630279E-03
19 21-6.35523937E-02-7.51722354E-02 2.02399542E-03 7.46590812E-03 1.21926851E-03
20  1 2.67358093E-02 3.64392898E-02 4.81499111E-05-6.99898205E-04-2.94051315E-03
20  2-1.02774132E-02 9.34695307E-03 3.83266606E-02 6.51187898E-02-1.65422425E-02
20  3 6.37470293E-02 2.40072672E-02 4.43665947E-02-3.64617946E-02-2.62384124E-02
20  4 1.32008308E-02-4.54674695E-03 8.38978406E-03 9.77869504E-05 2.00148492E-03
20  5-1.45353137E-01 1.32526081E-02 4.53836907E-02 5.65914508E-03-6.32205950E-02
20  6 8.03969653E-03 3.33772678E-03 5.44335395E-02-5.35653117E-02 2.38711798E-02
20  7-7.73012044E-05 2.55292146E-02-2.90519978E-02 2.61380275E-01-2.69595807E-02
20  8-1.50772736E-01-8.51939468E-02 2.68541110E-01-3.96646335E-02-1.39627696E-01
20  9-9.16305910E-02 8.01617538E-02 5.66913917E-03-4.48499632E-02-3.77304119E-02
20 10-5.35030135E-02-3.52328936E-03 3.06709545E-04 3.88008074E-04-2.02461766E-02
20 11-2.71037154E-02 1.69378248E-03-7.71782598E-04 2.96564280E-04-1.75137026E-02
20 12 1.76327912E-02 1.32658758E-01-1.89543094E-01 3.58630877E-02 8.13856502E-02
20 13 1.26411595E-01-2.02886310E-01 3.88581500E-02-3.24786586E-02 5.69292683E-02
20 14-8.93784494E-02 5.11950632E-03 6.23015112E-03-4.89515411E-03 2.50774669E-01
20 15-7.95814200E-02-1.33877624E-01-3.28638959E-02 2.61554394E-01-7.50290048E-02
20 16-1.35458439E-01-3.78270388E-02 9.68273866E-02-2.63781380E-02-5.21363346E-02
20 17 8.14817445E-03 1.44070693E-02 1.22942002E-02-5.11121008E-03-4.75424254E-03
20 18 1.02333421E-02 3.69868925E-02 1.31023436E-02 3.07435620E-03-6.89515713E-03
20 19-4.17561646E-02-2.42536521E-02-7.23503360E-04-1.13367511E-02 1.44367722E-03
20 20-1.23037504E-01-1.50160444E-01 1.01115476E-02 4.12913073E-03 5.86780837E-04
20 21 7.05355870E-02 6.55477573E-02 4.75200277E-03-1.09274721E-02 1.28973837E-02
21  1-5.02297238E-02-7.42085991E-02 1.14300201E-03 2.84556310E-03 3.32901591E-03
21  2-1.19594268E-02 1.46851885E-02 8.28202650E-03 3.21709260E-02-9.88643342E-02
21  3 5.75422254E-02 2.97495909E-02 3.98255341E-02-5.97350720E-02-1.57758930E-01
21  4-1.01354951E-02-1.56224187E-02 1.23283481E-02-1.30943742E-02 1.26768758E-02
21  5 3.55548685E-02-5.00574348E-02 6.96554452E-02 4.94728346E-02-8.53311673E-03
21  6-1.58603069E-02 2.00160463E-02 1.76649100E-01-2.25902090E-02-5.78091885E-02
21  7 7.39856657E-02 3.25513417E-03 1.29963817E-03-1.64929554E-01 3.45493439E-02
21  8-1.07942816E-01-3.50330445E-02-1.81533818E-01 4.27180844E-02-1.06785547E-01
21  9-1.34173588E-03-4.81666760E-02 1.76646397E-02-5.50057884E-02 1.14778430E-02
21 10 2.29491649E-02 2.28283916E-03 7.25473336E-04-2.43618327E-03-7.86947184E-03
21 11-1.28275728E-02-1.40638125E-04-2.92053114E-04-1.98246677E-03 1.65085837E-03
21 12 1.75780104E-03-7.25288643E-02 2.38428251E-01-1.99523608E-01-2.65357818E-02
21 13-7.39794585E-02 2.46777410E-01-2.20169111E-01 2.46393591E-02-1.72187072E-02
21 14 1.12003813E-01-7.49878697E-02 1.21180040E-03-1.63132880E-03 3.31013253E-01
21 15 2.18134618E-02-9.26681342E-02-9.32948932E-03 3.42670458E-01 1.42337934E-02
21 16-9.38978445E-02-2.48751996E-02 1.29929591E-01 1.59410080E-02-4.08737646E-02
21 17 9.92287699E-03 1.28580889E-02 1.62506060E-02 3.01780996E-04-2.45610308E-03
21 18-1.61319575E-02-2.65827140E-03 1.11721700E-02-1.20048903E-02-9.24071811E-04
21 19 2.58746504E-03 1.60295821E-03-2.83662356E-03 1.19291594E-02-7.48403224E-03
21 20 4.94678255E-02 6.88861485E-02-4.40229647E-03-3.25399280E-03 2.06188054E-03
21 21 1.78345308E-02 9.48091914E-03-8.57831113E-03-5.09600271E-03 4.94881383E-03
22  1-3.02576264E-02-2.61288964E-02 9.66906144E-04 1.81720269E-03 2.17127639E-04
22  2-1.25341930E-02 1.41422558E-02 2.94197484E-02 1.41033758E-02-7.87143257E-02
22  3 5.97868276E-02 1.69383713E-02-1.27352300E-06-7.88520157E-02-7.46064080E-03
22  4 7.83240326E-03-4.57697126E-04-5.77117543E-03 3.17802473E-03-1.87410694E-03
22  5-8.50335279E-02-5.51973699E-02 2.46469300E-02-1.25720093E-02-4.86768527E-02
22  6 1.92189065E-02 5.60697481E-02 2.52720013E-02-3.66785262E-02-1.47952410E-02
22  7-1.74075245E-02 5.14721243E-03-1.99776538E-03 2.85362353E-01 2.06040888E-01
22  8 2.53777312E-01-4.33093871E-02 2.90416318E-01 2.25153730E-01 2.62652133E-01
22  9-3.39298505E-02 1.13304921E-01 7.90533619E-02 9.13652203E-02-1.79822047E-02
22 10-3.35661888E-02-1.41795944E-03-5.46348719E-04-9.12524297E-04 1.31036085E-02
22 11 6.07715578E-03-1.20419973E-04 1.35068870E-03-3.48944971E-04-1.12734097E-02
22 12 5.71009982E-03-7.72853804E-02 2.66420751E-01 1.04247655E-02 8.59762696E-02
22 13-8.10911731E-02 2.79731362E-01 2.96651827E-02 2.56096456E-03-1.53069454E-02
22 14 1.08088352E-01-1.04243621E-02 2.31254341E-03-2.39450797E-03 2.26681271E-03
22 15 2.30426440E-02 1.95609130E-03-1.18922695E-02 3.47039240E-03 2.22980967E-02
22 16 3.13450628E-03-3.69040064E-02 6.79495341E-03 2.15777712E-02-4.36399437E-04
22 17 5.91867661E-03 1.31406485E-02 3.56150926E-04 4.26513582E-04 1.27457409E-03
22 18 7.59161675E-04 1.04598960E-02-1.88256561E-03-3.62251298E-03 2.13172685E-03
22 19-2.47861077E-02-1.84291677E-02-8.02736691E-03 9.64690476E-03-6.96169114E-04
22 20-9.59377995E-02-1.32594682E-01 8.41110906E-03 3.51350124E-03-5.95702472E-06
22 21 1.01429310E-02 1.71885422E-02 1.22936036E-02 6.95507590E-03 1.22225923E-02
 $END   
 $GRAD  
E=     -306.3400960493  GMAX=   0.0000824  GRMS=   0.0000319
H            1.    9.4695210818E-06   -1.4985926607E-05    7.1599622931E-07
C            6.   -8.2421828222E-05   -1.5290486266E-05   -4.1498044409E-05
C            6.   -5.9236813173E-05    5.6792888817E-05    2.4764974355E-05
O            8.   -1.4592094716E-05   -3.6988899973E-05   -2.9678806642E-05
H            1.    1.0899672574E-05    1.0729541872E-06   -3.7933343203E-06
H            1.    2.6909233001E-05    4.7498672775E-06    3.0716619225E-05
O            8.   -1.0066103015E-05   -1.6400760213E-05   -1.7649600601E-05
O            8.    3.7252868081E-05    8.0516298389E-05    6.8274656331E-05
H            1.   -4.5035067104E-06   -2.7623983639E-05   -1.9309600519E-05
H            1.    4.1648832289E-06   -1.1960569739E-05   -4.7899591159E-06
H            1.    4.4519906846E-05   -9.0146601881E-06    1.4088684575E-06
H            1.   -5.9739589613E-06    5.1466637966E-06    1.8405197553E-06
H            1.    4.3578235447E-05   -1.6013372649E-05   -1.1002328291E-05
 $END
-------------------- DATA FROM NSERCH=   8 --------------------
 COORDINATES OF SYMMETRY UNIQUE ATOMS (ANGS)
   ATOM   CHARGE       X              Y              Z
 ------------------------------------------------------------
 H           1.0   3.1782481889   0.6372891997  -0.2513548886
 C           6.0   2.9290032301   0.1725760487  -1.2086840786
 C           6.0   3.3938017554   1.0635329025  -2.3453192623
 O           8.0   2.6767705654   2.3242411585  -2.2568405109
 H           1.0   1.8447143261   0.0318619653  -1.2576126010
 H           1.0   3.4257598499  -0.7987508887  -1.2709044426
 O           8.0   3.1572679800   0.4450034935  -3.6660199776
 O           8.0   3.7553372186   2.9102082170  -4.7354544434
 H           1.0   3.5167967970   3.3405889982  -5.5608188676
 H           1.0   3.5714283879   1.9562058880  -4.8108949585
 H           1.0   2.2538764549   0.1051912319  -3.7103171475
 H           1.0   4.4697288568   1.2343354135  -2.3398162291
 H           1.0   2.9716610931   2.8760667803  -3.0071552960
--- CLOSED SHELL ORBITALS --- GENERATED AT 23:54:03 11-SEP-2026    
Acetaldehyde hydrate and water -- forward IRC endpoint, unconstrained opt       
E(R-WB97X-D)=     -306.3400961167, E(NUC)=  199.2008067732,    5 ITERS
 $VEC   
 1  1-2.46377870E-05-9.14677706E-05 4.97131870E-06 3.62285372E-05-2.52070839E-05
 1  2 2.73275702E-05 9.06306064E-05-2.66389657E-05-3.37406441E-05 4.46327689E-05
 1  3-6.63683840E-04 1.01398232E-04-3.50543397E-05 5.56122813E-04 3.17587289E-03
 1  4 3.25143868E-05 3.23425405E-04-8.66605191E-04-8.70124026E-05-2.35994220E-04
 1  5 4.05370664E-06-7.59732813E-05-2.38330914E-04 1.72825663E-03-4.16261427E-04
 1  6-3.75815573E-04-5.28477873E-04-4.66156247E-03 9.19561482E-04 1.07903360E-03
 1  7 1.68547154E-04 6.85464827E-05 1.53118701E-04-1.07462105E-05-3.38087003E-05
 1  8-2.83349004E-05-5.39617133E-04-2.41672693E-05 3.25603378E-04 2.33716887E-04
 1  9 1.88285139E-04-5.25046997E-05 4.40862705E-05-4.08280351E-05 1.00501046E-04
 1 10-1.37825543E-05 1.29823388E-05-1.42029589E-05 1.10418648E-06 6.76391572E-05
 1 11-7.71942216E-05-2.49919316E-05-4.20136214E-06-8.67115687E-06 9.93872321E-01
 1 12 2.67661173E-02-1.06797669E-03 1.71992057E-04 1.13648914E-03-5.85346340E-03
 1 13 3.91151803E-04-4.06085373E-04-1.12233786E-03 3.37251264E-03-9.63995809E-05
 1 14 3.57031424E-04 5.88469014E-04-3.93905294E-05 7.92642854E-06-8.90873230E-06
 1 15-1.97892729E-05 1.46887740E-05 2.39535347E-05 3.24594414E-05 1.05787044E-04
 1 16-8.00351249E-05 2.24405861E-05-7.35493464E-05 9.56548367E-05-1.37570921E-04
 1 17-1.04107344E-05-1.57867184E-04-1.63151942E-05-6.32423949E-06-2.29305703E-05
 1 18-1.74186686E-05-4.52088951E-05 2.73978866E-06 1.14387336E-05 5.70037362E-06
 1 19 3.22827985E-04-1.23691132E-04-2.70572563E-04-7.67354323E-05 5.81854597E-05
 1 20-1.11996317E-04-3.50375465E-04 9.61265608E-05 6.02566230E-05 1.09281020E-04
 1 21 6.16900818E-05-1.22180058E-04-2.24140038E-05 2.36383512E-06 2.19366307E-05
 2  1 6.07582031E-05-9.50105367E-05-3.08139073E-05 1.32762737E-05-6.14057351E-07
 2  2 2.25165984E-05 8.26069870E-05-2.91598683E-05-1.31597110E-05 2.47840492E-05
 2  3-4.45535502E-04 2.53922968E-04-4.54261048E-04 2.00182514E-04 3.54115074E-03
 2  4 9.80416493E-05 6.95608154E-04-5.58828992E-04-8.23567890E-05-1.93896936E-04
 2  5-9.17112154E-05 2.40309318E-04 4.96959281E-06 1.73897883E-03-4.41461673E-04
 2  6 7.65855349E-04-1.16637840E-04-4.32041759E-03 1.05579997E-03 2.11678527E-04
 2  7-1.25234470E-03 9.93878698E-01 2.68346637E-02 1.12886862E-03-5.11682366E-04
 2  8-1.09977620E-03-6.12933984E-03-9.36794854E-04 7.88422256E-04 7.66484860E-04
 2  9 2.37043849E-03 2.50990817E-04-5.38010192E-04-3.17437579E-05 9.38349336E-05
 2 10-1.16072055E-05 9.84315519E-06 9.57745594E-06 2.28462194E-05-3.46261521E-05
 2 11-1.45795316E-04 9.97135833E-06 6.44465960E-06-3.86635197E-05-2.64116353E-05
 2 12 1.49910838E-04-9.61774490E-06 4.04581089E-05 1.83133335E-05-5.20724284E-04
 2 13 6.65683389E-05-3.36220617E-04-2.42777927E-04 3.61230337E-04-2.44028344E-04
 2 14 4.13931195E-06 1.62880664E-04-1.57357229E-03-3.45311975E-05-2.84181265E-05
 2 15-2.02001408E-05 5.25574840E-05 1.01114010E-04 1.00358735E-04 1.33838345E-04
 2 16-2.11984579E-04-6.43737224E-04 2.87284715E-05 2.31196768E-04-4.02634012E-04
 2 17-4.58866083E-05-1.62893524E-04-5.27670174E-05 1.43754965E-05-1.89955544E-05
 2 18 3.27864944E-05 1.99436322E-04 7.88186367E-06 1.72050566E-05 2.23362548E-06
 2 19 8.94463426E-05-3.72602720E-04 3.48743958E-06 1.33155381E-06-1.93731846E-05
 2 20-1.46851799E-04-4.21718193E-04 1.40659919E-04-1.20330155E-04 1.87438987E-05
 2 21 3.19174474E-04 6.56639886E-04 1.09954391E-04 2.55766394E-05-1.74125967E-04
 3  1-6.91552020E-07 9.54895469E-05-2.57373296E-08 3.71458570E-06-1.28769223E-05
 3  2 1.20060342E-05 6.82811105E-05 6.14608095E-06 1.27041193E-05-1.76360601E-05
 3  3-4.10999358E-04-4.00605151E-05-1.23894645E-04 1.82795742E-04-1.07181591E-02
 3  4-9.02871074E-04-1.56510452E-03 2.11450936E-03-1.11318583E-05-5.24024619E-05
 3  5 1.83136205E-05 1.72979914E-05-5.23575928E-06 5.52457891E-04-1.67231183E-04
 3  6-1.56617748E-04 2.93625290E-05 1.01558152E-02-1.26016745E-03-2.69726673E-03
 3  7 3.24743756E-03 1.57483547E-03 5.56542159E-05 7.39218936E-07-2.73236721E-06
 3  8-1.09260567E-05-3.08105747E-05 2.95221719E-06 3.96818300E-05 3.42771030E-05
 3  9-1.94755830E-04-1.38609549E-04-5.77988523E-05 3.06690902E-05 3.83742806E-06
 3 10 1.40473201E-04 1.29905919E-05 2.31522806E-06-1.00245939E-05-1.71346806E-06
 3 11 1.28251011E-04-5.93692903E-06 1.04124462E-05-8.67783266E-06 4.18745398E-05
 3 12 1.51585567E-05-2.63735867E-06 3.24552235E-05-1.06217539E-05 3.62151595E-05
 3 13 4.69117608E-05-1.09049157E-04 3.02504453E-07-1.30556915E-03-8.87985474E-06
 3 14-4.64826371E-04-8.98157828E-05 9.93832823E-01 2.66091271E-02-6.12300490E-04
 3 15-6.36166840E-04-1.18228598E-03-5.17304384E-03 3.05227944E-04 4.46718332E-04
 3 16 4.84305581E-04 2.01118780E-03-6.07713254E-06-6.31946756E-04 9.10451720E-04
 3 17 1.59458512E-04 7.80983991E-04-7.51895130E-05 9.66051308E-05-2.74124930E-04
 3 18 2.10114020E-04 6.47425444E-04-6.62165901E-05-2.10391765E-04-3.17471364E-05
 3 19-6.07944106E-06 2.59719394E-04 6.64368023E-07 4.66732425E-05-1.75012967E-05
 3 20 2.50415505E-05-3.41318675E-06 1.13519071E-05 1.49694651E-06-1.02208256E-05
 3 21-6.04207326E-05-1.45199117E-05-6.66300423E-07-1.85485014E-05-1.69532040E-05
 4  1-1.30648006E-04-2.40278083E-04 1.04489765E-05-1.19663015E-05 2.99956578E-05
 4  2 8.69359017E-04-3.02133686E-04-2.26737912E-05 2.87209630E-05-4.45649510E-05
 4  3 3.21060361E-03 5.00152228E-04 9.63157428E-04-1.26401141E-03 3.92381840E-03
 4  4 4.44307831E-04 5.19401974E-04-4.84051402E-04 9.94549439E-01 3.07992466E-02
 4  5-5.72702231E-04 2.62386366E-04-6.06886074E-04-1.51538499E-02 1.20614927E-03
 4  6 2.71747710E-04 6.87470964E-05-6.44481083E-03 3.17933451E-04 5.25790488E-04
 4  7-7.16608863E-04-1.11975289E-05 1.96657634E-04 7.87484121E-05-9.57620294E-05
 4  8 2.73665093E-06 4.62590253E-04 4.97438676E-05-5.24187284E-04 7.02106600E-05
 4  9 3.83854337E-03 1.10787442E-03-1.20015164E-03-3.14336966E-04-1.79729787E-04
 4 10-1.66642689E-04-2.02141140E-05-1.37894877E-06 5.15873298E-06-1.39818094E-04
 4 11-2.43795940E-04 1.60142821E-05-2.48134745E-05 2.90211787E-05-1.60414214E-05
 4 12 1.62975189E-04 7.45258492E-05 7.39056642E-05 1.06559814E-04 5.42063970E-04
 4 13-1.60778743E-04 9.34369102E-05 4.88752686E-04 4.03312094E-03 2.17290729E-04
 4 14 7.50048863E-04 1.43043958E-03 5.23905212E-08-3.27781993E-06-7.71621487E-06
 4 15-2.26214650E-06 1.64572999E-05 6.78862948E-05 3.16748183E-05 8.36922025E-05
 4 16-1.21373930E-04-3.89655436E-04 8.00125055E-05 3.17000979E-04-4.68482885E-04
 4 17 1.77173795E-06-2.49404572E-04-3.36112437E-05-4.38935106E-06-1.45836286E-05
 4 18-4.49366052E-05-4.66408657E-05 2.46506119E-05 4.73450204E-05-3.50032202E-05
 4 19-6.04522458E-05-3.67086356E-04 4.06302473E-05 5.99234814E-05 1.36804014E-04
 4 20 5.09111217E-05 1.49916891E-03 3.60631869E-04 2.33549578E-05 5.13242927E-05
 4 21 5.17247799E-05-1.39713432E-04 5.44361159E-05-1.79167295E-04 7.58116363E-05
 5  1-1.60787013E-04 2.20103804E-03 1.66596462E-04 3.37972881E-04 4.43919992E-04
 5  2 9.94284512E-01 3.11299751E-02 3.00041949E-05 1.15330240E-04-1.53272869E-04
 5  3-1.33162970E-02-2.43573861E-04-9.67011384E-04 1.19140719E-03-1.89424373E-03
 5  4 6.51218044E-05-3.34499811E-04 3.17182569E-04-9.63154163E-04-1.78366679E-04
 5  5-3.47378994E-06 2.47366308E-05-5.01501307E-05 2.55020422E-03-4.98954352E-04
 5  6-1.16592994E-03 1.66391425E-03 5.34065702E-04 9.88347797E-05 1.00305086E-04
 5  7 1.41424876E-04 1.36264928E-05 2.46776590E-05-3.62030411E-06 7.74035690E-05
 5  8-4.55329705E-05-3.90326973E-04-3.61274435E-05-2.18399241E-04 1.85326628E-04
 5  9-8.48989503E-05-2.22769965E-04-4.77640760E-04 7.65531237E-04-1.48601865E-04
 5 10 2.38333459E-03-5.55512400E-04-5.17907202E-07-1.15357180E-04-1.58034271E-04
 5 11 2.07987513E-03 3.13872418E-04-4.85949111E-04-1.25150424E-04 5.14024728E-06
 5 12-3.67091337E-06 2.25879746E-05 5.19695936E-06-6.78228108E-05-1.77764233E-04
 5 13-7.64766880E-05 5.71442014E-05 4.70543961E-05 1.55378687E-03-3.52596788E-04
 5 14-6.99204251E-05 7.76061405E-04 8.10236332E-06 5.65556425E-05-7.95600323E-06
 5 15 2.56795808E-06 6.63592423E-06-2.12809363E-04 4.51251094E-05 3.85010688E-05
 5 16-3.18758707E-05 2.59113646E-04-4.91437201E-05-5.34772286E-05 9.90636388E-05
 5 17 1.85265458E-05-3.13209140E-05-3.82370554E-06-1.24317865E-06 1.22492826E-05
 5 18-2.26662042E-05 1.99713218E-04 9.92696162E-06 2.74095055E-05 1.70906267E-05
 5 19-6.43833069E-05-3.74972755E-04 9.24203365E-06-2.36524301E-05-2.72810382E-05
 5 20-1.62815264E-04 2.09756757E-04-2.25235078E-05 1.46818784E-05-1.08661133E-05
 5 21 3.52825406E-05 8.72734678E-04-2.30936007E-05-7.71586214E-05 9.35060658E-05
 6  1 5.25850510E-03 6.66799518E-03-4.93098342E-05-7.26101154E-04-1.02950810E-03
 6  2-1.96777648E-02 1.87449675E-02 3.45099974E-03 1.21788063E-02-1.70419003E-02
 6  3 3.28327109E-02-9.57394925E-03 2.92703836E-03-1.28373911E-02-1.31368968E-01
 6  4-8.23232362E-03-1.92902305E-02 2.43794953E-02-9.46645742E-02 1.07497907E-01
 6  5-3.83746240E-02 1.86954623E-02-4.53011385E-02 1.77474771E-01-3.67397087E-03
 6  6 1.44298191E-03-5.25569064E-03 1.79895298E-01-2.71162362E-02-2.62253605E-02
 6  7 2.57888901E-02-1.35876896E-01 1.41228754E-01 4.02637968E-02-2.98263770E-02
 6  8-3.87248828E-02 3.97549852E-01 4.21967063E-02-3.79563602E-02-4.06759483E-02
 6  9-4.33949466E-02-1.44404584E-02 2.18764516E-02 1.12057078E-03 4.39175511E-03
 6 10-9.07193309E-04 4.51511193E-04 3.97663698E-04-2.01283032E-04 5.12330887E-03
 6 11 3.59512602E-03-1.53753851E-04 1.01199688E-03 3.04997973E-04-1.60609256E-01
 6 12 1.68163256E-01-4.01760646E-02 1.37952707E-02 5.24496687E-02 4.69014891E-01
 6 13-3.01641790E-02 2.70437748E-02 5.97512423E-02-5.66369888E-02-1.73694227E-04
 6 14-1.06438668E-02-2.83133081E-02-3.46590357E-02 3.79765372E-02-6.08715171E-03
 6 15-8.16417028E-03-7.13730848E-03 9.17362452E-02-7.58623552E-03-1.14689345E-02
 6 16 2.15260432E-03 1.22447810E-02 1.23476429E-03-7.11590058E-03 1.24530659E-02
 6 17 1.78127007E-02 1.11192813E-02 1.74321107E-03-2.11157816E-03 3.97924860E-03
 6 18 2.39000835E-02 4.50979056E-03-6.53323727E-05 2.05248694E-03 1.59088058E-03
 6 19 7.91546524E-02 2.40077331E-02 1.46590982E-02 5.03817883E-03 4.97315307E-04
 6 20 2.69409340E-02 3.06100778E-03-5.96654465E-03 8.03968423E-05-1.97723393E-03
 6 21 6.40999380E-02 7.80685881E-03-3.43169552E-03-6.36527396E-03 8.22950196E-03
 7  1-1.46318733E-03-4.27829844E-03 5.44560490E-05 1.22490183E-04 5.40791855E-04
 7  2 4.06579716E-03-5.62979030E-03-9.22860712E-04-2.14906463E-03 4.03594282E-03
 7  3 4.05564745E-03 3.22414715E-03 5.02185212E-03-7.36804678E-04 2.30784703E-01
 7  4 1.85600231E-02 3.24661271E-02-4.66223606E-02 1.65793065E-02-1.82692613E-02
 7  5 5.53929724E-03 4.66808411E-03 1.18928484E-02-4.45870548E-02 7.58528082E-03
 7  6 8.00236165E-03-4.10494907E-03-2.30761523E-01 3.01955533E-02 5.98407433E-02
 7  7-6.28106313E-02 7.48695946E-03-6.97099689E-03-1.74468374E-03 6.69493424E-03
 7  8-9.77441170E-04-2.60770204E-02-3.14670384E-03 3.96906977E-03 2.48147716E-03
 7  9 8.61506341E-04 3.56579257E-03-1.90338000E-03 2.26913520E-03-1.27243014E-03
 7 10-2.78609481E-03-3.18299220E-04-2.25644026E-04 1.61239597E-04-1.21351099E-03
 7 11-3.12663169E-03 5.11141006E-06-4.25872714E-04 1.27930962E-04 4.05494944E-02
 7 12-4.30101058E-02 1.26177336E-02 1.53652676E-03-1.48395520E-02-1.23836785E-01
 7 13 7.52000783E-03 4.18716484E-04-1.74277411E-02 4.86201981E-02-2.05923553E-03
 7 14 1.48221265E-02 1.15656154E-02-2.27094965E-01 2.49979846E-01-3.58269372E-02
 7 15-3.70998957E-02-7.07548937E-02 6.43585921E-01-2.92547051E-02-3.13720553E-02
 7 16-5.01561490E-02 2.82243198E-03-8.46716577E-04 1.12444452E-02-2.20840894E-02
 7 17 1.28298868E-01 1.23698111E-02 6.17870847E-03-1.40043480E-02 2.24856185E-02
 7 18 1.17858679E-01 1.32194448E-02 4.34063946E-03 2.55073813E-02-8.98868549E-04
 7 19-2.22704732E-02-1.57483972E-02-4.22043739E-03-2.13002870E-03-2.50203629E-06
 7 20-4.94955402E-03-4.47486905E-03 1.12139166E-03 5.32817970E-05 9.88635137E-04
 7 21 8.44011482E-03 1.26844342E-02 9.21570869E-04-3.74297162E-04-2.03892933E-03
 8  1 2.77074592E-04-5.05606226E-03 7.10655103E-04 2.92775776E-04 3.28804306E-04
 8  2-2.48888111E-03 2.21596180E-03-5.67896797E-04 8.24493302E-03 2.32667142E-03
 8  3 7.94468643E-03-5.11600684E-03 2.15129224E-02 1.08616118E-02-6.85447880E-02
 8  4-7.61680041E-03-1.34856603E-02 8.12502102E-03-1.37449197E-02 1.54282611E-02
 8  5-2.22761548E-02 8.95193601E-02 5.25663226E-02 2.73264858E-02 6.67529432E-03
 8  6 3.69689393E-03-4.24173090E-03 6.23957794E-02-7.74438323E-03-5.06552086E-03
 8  7 3.86584071E-02-1.77629168E-01 1.88917714E-01 4.76542977E-02-1.29131209E-02
 8  8-4.53088570E-02 5.32648267E-01 5.38154183E-02-3.32739199E-02-3.70586253E-02
 8  9-7.95600201E-03-7.27465672E-03 1.93721413E-02-1.69951831E-03 2.42378882E-04
 8 10 2.15523833E-04 1.21976668E-04-5.08208780E-04-6.03732633E-04 9.28156077E-04
 8 11 6.96859654E-03-8.37465032E-04 4.64605181E-04 3.17200484E-04 1.53722088E-01
 8 12-1.64839866E-01 4.48807178E-02 6.72551043E-03-3.16743793E-02-4.59636822E-01
 8 13 2.67731706E-02-5.03677504E-03-4.69984463E-02 6.49667890E-03-9.14846988E-04
 8 14 5.67470595E-03 7.29055275E-03 2.07441912E-02-2.32436336E-02 2.73221912E-03
 8 15 5.50103673E-03 9.46427971E-03-5.94640159E-02 1.93214772E-04 2.36777708E-03
 8 16 1.07118156E-02 1.52167756E-02-1.04948711E-03-7.44127048E-03 7.62191480E-03
 8 17-1.19377814E-02 5.43965823E-04-1.25707157E-04 1.12545238E-03-1.87084109E-03
 8 18-1.76664743E-02-1.20898179E-02-6.70337049E-05-1.43682544E-03-1.27401953E-03
 8 19-8.88217130E-02-1.89984369E-02-1.68780696E-02-5.77725711E-03 8.84502935E-05
 8 20 3.06506416E-03-5.57628336E-03-1.08670372E-03 3.34000538E-03 2.39721530E-03
 8 21 9.22359285E-02 6.43646593E-03-6.31117960E-03-8.72285233E-03 1.47530177E-02
 9  1 8.71687758E-02 9.06719603E-03-2.50226382E-03-4.46395712E-03-9.89750555E-03
 9  2-1.70584841E-01 1.84207024E-01 2.23929152E-02 3.46698373E-02-4.20405793E-02
 9  3 4.20958572E-01 8.42392513E-03 9.71134976E-03-1.58350537E-02 5.01021915E-02
 9  4-3.91934463E-04 7.55068667E-03-1.20278266E-02-1.21795382E-01 1.30773885E-01
 9  5-4.75609654E-03-6.73444541E-02 9.27673749E-02 3.37830576E-01-1.11025856E-02
 9  6-2.00790977E-02 2.29318485E-02 1.46141798E-02-1.06427868E-03 4.65148243E-03
 9  7-7.21702271E-03 4.88834594E-02-5.42719998E-02 4.31917111E-03-7.32252723E-02
 9  8 5.05762438E-02-1.64096453E-01-2.42596300E-03-3.73925343E-02 3.82074747E-02
 9  9-5.75714611E-02-7.29313597E-03 1.79866873E-02-8.32475563E-03 8.43546476E-02
 9 10 7.09917988E-03 1.10218817E-02 1.60632520E-03 2.50646479E-04 8.64682504E-02
 9 11 6.13457457E-03-4.84095903E-03 9.80971120E-03 4.53609191E-04 4.90428632E-02
 9 12-5.43645545E-02 4.47302965E-02 1.72086582E-02 5.30899777E-02-1.65544276E-01
 9 13 3.54195596E-02 4.72585185E-03 2.82480356E-02-8.10828866E-02 6.71783743E-03
 9 14-4.24600989E-03-2.36898812E-02-4.43850452E-03 4.98187480E-03 1.50377488E-03
 9 15 3.22945388E-03-8.57147751E-03 1.47583364E-02 1.84654386E-03 1.66308598E-03
 9 16-6.11136591E-03-5.43589916E-03 1.45604438E-03-1.84726192E-03 2.88940741E-03
 9 17 6.54619280E-03 7.85924680E-03 3.90082314E-04-6.75671067E-04 1.14251868E-03
 9 18-2.50489564E-03-1.25266495E-03 2.68454436E-04 5.57972246E-04-2.27450559E-04
 9 19-5.30068440E-02-7.58264376E-03-9.97606392E-03-3.47501005E-03 1.94558859E-03
 9 20 6.40457062E-02 1.06691626E-02-7.52040270E-03-2.17034847E-03 1.08496032E-03
 9 21-6.57408350E-02-3.25511526E-02 4.43277866E-03 7.38538921E-03-1.07643059E-02
10  1-8.07517107E-02-2.53396182E-02 3.05112401E-03 5.74451989E-03 6.93717361E-03
10  2 1.10490999E-01-1.13111441E-01 3.84970335E-02 4.26886312E-02-5.52930381E-02
10  3-3.53989309E-01 1.48178988E-02 8.30835072E-03-6.62775163E-03-1.24474376E-01
10  4-9.52357758E-03-1.50963719E-02 1.74716521E-02-1.29072052E-01 1.39097697E-01
10  5 9.09714702E-02 3.94218830E-02-8.87839250E-02 4.54672689E-01 5.34906136E-02
10  6 1.52578290E-02-3.92623335E-02 1.43549037E-01-2.18162215E-03-1.59642876E-02
10  7 1.90529997E-02 4.23925735E-02-4.90110937E-02 5.09087680E-02-1.00365543E-01
10  8 1.77839594E-02-1.50572131E-01 3.97233994E-02-7.19617829E-02 1.02015304E-02
10  9-6.20052252E-02-1.32535414E-02 2.63355774E-03 8.28400624E-03-9.14350155E-02
10 10-2.64471635E-02-9.20619718E-03 1.33640895E-04-1.98019288E-03-7.89645370E-02
10 11-2.23093984E-02 5.32946108E-03-7.29373729E-03-2.54247290E-03 2.25233263E-02
10 12-2.92390979E-02 1.48128964E-01 1.08624245E-01 1.11166821E-01-7.48886673E-02
10 13 1.15393925E-01 8.70777048E-02 8.57201929E-02-6.35235171E-02-3.75128796E-04
10 14-8.23671952E-03-1.41498918E-02 8.74937888E-04-9.10311464E-04 4.28592340E-03
10 15-1.31562787E-02 4.48353678E-03-4.09843172E-03 4.06275951E-03-1.28351557E-02
10 16 6.27669587E-03 7.70768945E-03 2.69467412E-04-5.77673638E-03 1.05108605E-02
10 17-7.02998060E-03 1.57403463E-03 5.75191855E-05 2.09167483E-04-6.46116995E-04
10 18 9.13439789E-03 6.73959550E-03 8.12673349E-04 8.18697414E-04 1.52150983E-03
10 19-1.27334986E-01-6.57504787E-02-2.02220438E-02-6.89968714E-03-8.58949998E-04
10 20 1.28507024E-01 4.27683982E-02-1.16408246E-02-1.54714722E-03-2.49961207E-03
10 21-5.99847868E-02-2.81312396E-02 6.28855410E-03 4.50513048E-03-1.08037743E-02
11  1-3.18891141E-02-1.11076631E-02 9.84159104E-04 3.60979070E-03 1.89149290E-03
11  2 3.80129435E-02-3.51643149E-02-1.88308949E-02 7.65292253E-02-4.32443578E-02
11  3-1.65677662E-01-2.56918361E-02 3.42913147E-02-4.41487027E-03-5.83498123E-02
11  4-2.41869821E-03-1.48474509E-03 5.01818542E-03-2.66703372E-02 3.02227746E-02
11  5-1.18375655E-01 7.61664213E-02 8.38668522E-02 1.05147076E-01-1.07392468E-01
11  6 9.12946173E-03 8.59566051E-02 5.32778434E-02-1.57012286E-02-1.45050721E-02
11  7 1.46698845E-02-1.25974065E-02 8.32990804E-03-6.29811439E-03-1.90922374E-01
11  8 1.28268919E-01 6.32826041E-02 3.68765808E-03-1.57613547E-01 9.72644299E-02
11  9-5.95428281E-03-3.73185636E-03 8.43244972E-03 5.52272676E-03-1.95384786E-02
11 10-5.76250556E-03-3.10884925E-03 1.63822664E-03-2.02635194E-03-6.57403158E-02
11 11-3.02859077E-02 2.34037585E-03-3.92180078E-03-1.06818844E-03 1.23762273E-02
11 12-1.01402974E-02-1.34082088E-01-6.79580370E-02-1.32224528E-02-5.33990360E-02
11 13-1.07582564E-01-5.96612206E-02-1.10729664E-02-2.27133833E-02-3.79012323E-03
11 14-2.90842611E-03-8.71086551E-04-2.21488936E-03 3.98568039E-03-2.81204407E-03
11 15 2.15456145E-01-1.60948051E-01 4.76262950E-03 1.13426043E-04 1.67551925E-01
11 16-1.33622476E-01 8.18642203E-03 1.56539991E-03 8.53074831E-03-1.02766011E-02
11 17 1.57191219E-01 1.00669461E-01 7.15646225E-03-7.85434310E-03 2.13531768E-02
11 18-1.34409972E-01-9.96936932E-02-5.03712804E-03-1.88518983E-02-7.66116407E-03
11 19 8.84761563E-02 6.37218172E-02 1.22651309E-02 5.53017264E-03 2.50487605E-03
11 20-3.53226939E-02-2.49658549E-03-1.20011553E-03 2.09883521E-03 1.11294016E-03
11 21-1.37539065E-01-1.05543740E-01 5.65994595E-03 1.40742226E-02-1.63528850E-02
12  1 1.03717855E-05 1.79188034E-03 6.67474347E-05-2.07406588E-03-3.33838635E-04
12  2-1.36080536E-02 1.28165696E-02 3.17698660E-02-7.12961867E-02 4.41040584E-03
12  3 5.16286582E-02 2.21866487E-02-5.04179518E-02-9.78262005E-03 1.41744454E-02
12  4 2.49067449E-03-2.60694732E-03-3.26028802E-03 9.79796109E-03-1.03042818E-02
12  5 1.07278804E-01-1.09229041E-01-8.77547831E-02-3.28883590E-02 8.16830000E-02
12  6-6.43075620E-02-5.26620123E-02-6.52607083E-03 2.16293505E-03 8.07276417E-04
12  7-4.86949850E-03-3.47319121E-03 8.06237799E-03-9.55706780E-03 1.93313598E-01
12  8-1.05698228E-01 3.03823852E-03-1.33998891E-02 1.62835518E-01-8.10314611E-02
12  9 2.30700469E-02 3.96049130E-03-1.61286928E-03-6.95867011E-03-3.68987763E-03
12 10-5.58959031E-03 7.53734334E-04-1.41216110E-03 9.26015849E-04 5.30136595E-02
12 11 2.87699268E-02-9.35969277E-04 2.98674283E-03-1.88817920E-04-1.15441030E-02
12 12 1.04459855E-02 1.04519121E-01 4.70257237E-04 9.32885753E-02 5.35514789E-02
12 13 8.48815068E-02-6.80641593E-03 9.11938225E-02-1.96294002E-02 1.02493617E-02
12 14-1.16842373E-02-6.91141760E-03 1.27723424E-03-2.07551829E-03-1.54508019E-02
12 15 2.86560054E-01-1.26188722E-01-4.66885983E-03-1.30946249E-02 2.25463316E-01
12 16-9.70352408E-02 2.00286489E-03-2.05554151E-03 2.16301652E-02-6.08847432E-03
12 17 1.65596249E-01 1.11836345E-01 7.40923838E-03-5.56581274E-03 2.40717348E-02
12 18-1.77579220E-01-1.27198645E-01-6.55170162E-03-2.73952026E-02-5.21292392E-03
12 19-6.26533124E-02-3.85547817E-02-8.44485986E-03-5.49331730E-03 5.91297677E-04
12 20 3.80806715E-02 1.42246601E-02-4.81412512E-04-2.16487257E-03-1.67501111E-03
12 21 1.16244793E-01 8.16046916E-02-7.21123818E-03-9.76906939E-03 1.74782707E-02
13  1 5.71464047E-02 3.85166709E-02 2.22106545E-03 4.20846451E-05-3.12261056E-03
13  2 8.10508475E-03-9.97978256E-03 1.42192433E-01 5.01568392E-02 5.74192643E-02
13  3-2.07656935E-02 9.42345955E-02 3.51936743E-02 3.72193324E-02 1.30952932E-01
13  4 1.38607557E-02 2.03678569E-02-2.07712590E-02-1.59765559E-02 1.70795413E-02
13  5 2.44155600E-01 7.60830117E-02 1.74637857E-01 6.17163015E-02 2.03388989E-01
13  6 5.52545446E-02 1.12541098E-01-1.28395632E-01 3.51627391E-02 3.84733783E-02
13  7-3.93292808E-02 5.57749068E-03-5.51022408E-03 1.03890153E-01 8.35795790E-02
13  8 5.16071256E-02-2.33801876E-02 9.40585016E-02 7.29014365E-02 5.20088385E-02
13  9 1.29321230E-02 1.43508947E-02 2.57551282E-03 7.80807532E-03-9.72814626E-02
13 10-6.80844223E-02-5.85294690E-03-1.14398770E-03 1.65914660E-03 4.46366244E-03
13 11 3.13995755E-03 2.64895590E-03 7.53040339E-04 8.40175549E-04-9.51216862E-03
13 12 1.68101590E-02-8.99820995E-02-1.49305580E-01-1.92037193E-01 1.55300801E-02
13 13-6.76889573E-02-1.36337805E-01-1.81887671E-01 2.38556384E-02-7.80365046E-03
13 14-1.86879294E-02-7.17556207E-03-6.39256559E-04 8.31967393E-04 4.19180778E-03
13 15 1.13628343E-02 4.54738243E-03 1.69108101E-03 5.59122675E-03 1.28029101E-02
13 16 4.70333154E-03-1.32572924E-02 1.56378181E-04 4.26193164E-03-1.93142174E-03
13 17 1.27427382E-03 1.55580253E-03 1.00158931E-04 1.78786628E-04 3.67165977E-04
13 18-6.78496032E-03 5.40728150E-03-3.97919726E-05-1.28725133E-03-5.15008031E-04
13 19 1.14993138E-01 8.97470366E-02 2.11189232E-02 4.49311557E-03-4.54802211E-03
13 20 1.65068141E-01 8.71983052E-02-9.96241405E-03 1.78462727E-04 3.69504069E-03
13 21 2.37751845E-02 1.83507943E-02 2.78169954E-03 4.45150228E-04 5.99394496E-03
14  1 1.41022981E-01 9.82306181E-02-3.65219507E-03-5.69311793E-03-7.16364065E-03
14  2-2.19726806E-02 1.87393092E-02-6.64011224E-02-1.97846757E-02 2.43924713E-01
14  3 1.20404421E-01-3.94131681E-02 2.98886749E-02 1.61266696E-01 3.06912160E-02
14  4-7.98775781E-03 2.39655701E-03 1.19277210E-02 4.52788167E-02-4.58313536E-02
14  5 3.31952570E-02 2.01724932E-01-1.03092668E-01-1.79653761E-01 6.96119978E-02
14  6 1.58999714E-01-8.04357507E-02-5.73413609E-02 2.37676127E-02 1.02166451E-02
14  7 3.34441177E-03-4.80925091E-03 5.55088213E-04 5.26085216E-02-1.09767465E-01
14  8 5.38182617E-02 3.84532613E-02 5.11112292E-02-1.10005713E-01 4.50272703E-02
14  9 8.63068904E-03-2.68451451E-03-2.57369953E-03 1.03141959E-02 5.20710654E-02
14 10 4.22923738E-02 4.63905215E-03-7.27232061E-05 4.71086919E-03 1.44105674E-03
14 11 1.51122037E-02-2.62970386E-03 1.18753189E-03 5.14063748E-03-5.52286508E-02
14 12 5.63089423E-02 1.66935043E-01 1.39333136E-01-1.38937181E-01 2.28909337E-01
14 13 1.46987458E-01 1.36100911E-01-1.21474150E-01 1.28964475E-01 1.05015676E-02
14 14 2.74498053E-02-1.71145318E-02 1.77698888E-02-1.84833289E-02-9.67501977E-03
14 15 4.87391476E-02-9.49698242E-02-7.36730641E-02-6.22366900E-03 3.77846351E-02
14 16-8.15417280E-02-2.98020579E-02-2.59429341E-04 1.14272704E-02-1.59987003E-02
14 17 6.40461232E-02 4.82290969E-02 2.46515296E-03-4.44165664E-03 6.89624125E-03
14 18-1.16992695E-02 4.33976119E-03-1.98887409E-03-8.46754208E-03-1.21433987E-03
14 19-1.00395098E-01-9.35877617E-02-1.07484161E-02-2.43913903E-03-9.59434605E-03
14 20-3.36598700E-03-1.94397890E-02 2.81169009E-03 1.91605639E-03-2.79785664E-03
14 21-6.95787116E-02-6.48326965E-02 4.92517709E-03 4.68854437E-03-7.59219386E-03
15  1-1.80230596E-02-1.69289347E-02 2.49389957E-03 1.45512454E-03 6.33632317E-04
15  2 6.84367402E-03-5.47591461E-03 7.81058168E-02 4.01819581E-02-6.32695440E-02
15  3-5.92712326E-02 2.81883340E-02 3.90818605E-02-2.57115075E-02 1.94238049E-01
15  4 1.71473641E-02 3.36459008E-02-3.91874928E-02 2.47548452E-02-2.42571426E-02
15  5 1.82362025E-03-1.51295676E-01 7.86639010E-02-9.01966900E-02 1.48350055E-02
15  6-1.45047311E-01 1.00238449E-01-2.42289292E-01 3.26537138E-02 4.37858612E-02
15  7-5.79954526E-02-6.99400676E-02 7.45156624E-02-1.78715846E-01 8.55591217E-02
15  8 2.14847719E-01 2.86988382E-01-1.62267735E-01 7.34214260E-02 2.01685103E-01
15  9 1.56785022E-01-2.10509493E-02 8.96798123E-03 2.58589511E-02-6.12795673E-02
15 10-6.09324185E-02-5.01607453E-03-3.35731172E-04-9.81396192E-04-1.38787733E-03
15 11 1.71829094E-02 1.78884708E-03 1.47953796E-03-1.63784944E-03-4.11649596E-02
15 12 4.10520222E-02 2.10630171E-01-7.66208263E-02-1.93992342E-02 1.79865783E-01
15 13 2.01717517E-01-7.01727412E-02-1.12772092E-02 6.95115511E-02 4.11956280E-02
15 14-2.87804798E-02-2.16208974E-03 2.34597869E-02-2.13363180E-02-7.55250286E-03
15 15-1.14387933E-01-1.40330368E-01-1.01788674E-01 3.37011523E-04-9.54646703E-02
15 16-1.42394967E-01-6.89911904E-02 2.94070975E-03-1.29751376E-02-4.55685973E-02
15 17 2.81757004E-02 2.07541057E-02-7.83040044E-05-8.12652769E-03-1.92524838E-03
15 18 6.93273438E-02 7.95293735E-02 3.21866798E-03 9.74664510E-03-6.01113850E-03
15 19-9.35622299E-02-7.65956434E-02-7.10042333E-03-1.01609764E-02-3.92643645E-03
15 20-3.76442839E-02-3.00520661E-02 4.69448979E-03-2.92818059E-03-2.56458131E-03
15 21-8.02176555E-02-7.99551359E-02-6.25149940E-03 1.14487712E-02 2.12380268E-03
16  1 1.07765260E-01 8.97695687E-02-4.16626661E-03 1.33991367E-03-7.58363205E-03
16  2-1.03612331E-03 2.26304014E-03-1.03474370E-01 2.84918336E-01 5.47084808E-02
16  3-4.21489429E-03-9.14438315E-02 2.19434142E-01 5.16449426E-02-1.55803479E-01
16  4-2.09907614E-02-9.16998246E-04 3.30186445E-02-2.64898706E-03 1.75413365E-03
16  5-1.96982003E-02-9.34194653E-02 6.14835307E-02 1.39332689E-02-1.97545257E-02
16  6-4.52354935E-02 5.93166377E-02 1.48789120E-01-3.09873838E-02-3.39683578E-02
16  7 5.87417330E-02 7.50423197E-03-3.05083850E-03-5.06393019E-02 9.51306671E-02
16  8 2.55320484E-02-5.19922444E-02-6.05017422E-02 9.81440270E-02 3.75077451E-02
16  9-6.01063984E-02-1.20371436E-02 1.91588088E-02 1.30840492E-02 4.66168045E-02
16 10 3.25125178E-02 1.82658392E-03 5.95124855E-03 1.59005610E-03-2.20446368E-01
16 11-1.88420185E-01 7.31054721E-03-1.30499713E-02 3.69835344E-04-1.92616261E-02
16 12 1.95853134E-02 7.97263818E-02-2.79218773E-02 2.09530331E-02 8.39715689E-02
16 13 7.88461193E-02-2.62465337E-02 2.87864596E-02 5.34427006E-02 2.19385341E-02
16 14 7.13070619E-03 3.01619954E-03-3.99502319E-02 4.06518780E-02 6.38663870E-02
16 15 1.13472263E-01 1.97984891E-01 1.66585936E-01 5.75025646E-02 1.05608750E-01
16 16 1.88054578E-01 7.07007912E-02 1.78397945E-02 2.40841231E-02 5.49260058E-02
16 17-6.58969513E-02-4.98432694E-02 3.24735459E-04 1.19987081E-02-1.49783648E-03
16 18-6.66344321E-02-7.03734494E-02 1.17904837E-03-9.31134092E-03 8.40830468E-03
16 19-3.63638400E-02-3.43008001E-02-2.79217207E-03-3.44600559E-03-6.48053759E-04
16 20-1.73708382E-02-1.50016793E-02 1.41496219E-03-1.85174021E-03-9.64953858E-04
16 21 4.27234625E-02 6.78158388E-02-1.39597810E-03-7.04966704E-04 3.76760635E-03
17  1 1.71515663E-01 1.40921712E-01 1.75983861E-03-4.85381975E-03-1.11621379E-02
17  2-2.71958828E-03 5.87572320E-03 2.83564378E-01 1.05392606E-01 1.33228293E-01
17  3-1.79458099E-03 2.43320708E-01 7.76134577E-02 1.29289754E-01-4.30776410E-02
17  4 2.30219615E-02 5.41797475E-03 2.48053094E-02-2.32145141E-03 3.77494403E-03
17  5-1.10359356E-01-6.41286537E-02-2.40282134E-02 4.60890022E-03-1.12921457E-01
17  6-4.00689269E-02-5.28594880E-03 1.78076577E-02-6.36665273E-03-1.64759806E-02
17  7 1.56325793E-02 4.77330177E-03-4.00316095E-03-8.37390801E-02-3.12403480E-02
17  8-8.73461484E-02-2.58753336E-02-8.49391178E-02-2.62136669E-02-9.11339675E-02
17  9-2.46997800E-02-2.32255909E-02 4.75833838E-04-1.28597549E-02-2.21087623E-01
17 10-1.90257644E-01-1.48013242E-02-5.26338470E-05 1.93383243E-03 2.15686573E-02
17 11 1.35404067E-02 4.41830827E-03 3.62331063E-03 2.71609726E-03 1.11433095E-02
17 12-1.49546111E-02-8.27226555E-02 1.14096972E-01 9.79132676E-02-3.46654296E-02
17 13-8.72649052E-02 1.20424126E-01 1.01757097E-01 2.65450102E-02-3.25621538E-02
17 14 3.67600142E-02 2.13856180E-02 4.95708144E-03-6.01910347E-03-4.23619494E-02
17 15-8.56201877E-03-9.92961701E-03-1.73378638E-02-4.41381102E-02-1.18408289E-02
17 16-9.37658499E-03 9.88670857E-03-1.55734116E-02-5.38265010E-03-1.36393279E-03
17 17 6.84223100E-03 2.59726379E-03-1.48840356E-03-8.71804378E-04 4.83982086E-04
17 18 7.23026043E-03-1.26083337E-02-2.46343681E-03 1.22667271E-03-2.84571457E-04
17 19 5.05781756E-05-2.72931056E-02-4.11517871E-03 4.80250047E-03 1.94246956E-03
17 20-8.72653792E-02-6.98085874E-02 7.22686986E-03-1.38424082E-03 1.48962399E-03
17 21 1.41023726E-02 1.42251848E-02-4.71470199E-03-3.49765141E-03-2.08856279E-03
18  1-3.78617068E-02-3.03702187E-02 3.49683307E-03-1.77098825E-03 3.05638285E-03
18  2 3.22943160E-03-5.73224951E-03 1.19273433E-01-1.60125753E-01-5.55448647E-03
18  3-6.96686867E-03 8.43746225E-02-1.13073298E-01-9.00835243E-03-2.20888313E-01
18  4-7.20145230E-03-5.08920507E-02 4.12388991E-02 2.31663890E-02-2.32634781E-02
18  5-4.39562695E-02 4.62109616E-02-1.52882565E-02-9.80959967E-02-5.60528326E-03
18  6 1.65026400E-02-8.51504729E-03 1.68327814E-01-3.07843157E-02-5.80515852E-02
18  7 7.62470133E-02-2.63604239E-02 2.37182378E-02-2.45417649E-02-1.15941086E-01
18  8 1.31661721E-01 1.22573878E-01-1.26747524E-02-1.23909372E-01 1.22294995E-01
18  9 4.07395928E-02-8.66653837E-03-2.19715450E-02 3.38162903E-02-7.82999050E-02
18 10-7.40043586E-02-5.43487287E-03-4.13656553E-03-3.06744796E-04 1.46803192E-01
18 11 1.43161242E-01-4.06223806E-03 9.85706080E-03 6.40900341E-04-2.21371041E-02
18 12 2.36216485E-02 9.09755979E-02-4.31096121E-02-2.10726734E-02 9.24736012E-02
18 13 8.52802695E-02-4.51426602E-02-1.50535961E-02 5.43548770E-02 2.81881970E-02
18 14-5.82940322E-03-7.15154204E-03-6.17435745E-02 6.41269796E-02 1.71892513E-01
18 15 1.44407477E-01 2.58592463E-01 2.56323470E-01 1.64999028E-01 1.37250573E-01
18 16 2.45451234E-01 1.11821684E-01 4.93983231E-02 3.39831958E-02 7.54479683E-02
18 17-9.79824444E-02-7.99260630E-02 3.94172692E-03 1.67752657E-02-3.52580739E-03
18 18-8.77112504E-02-8.69822110E-02 5.41154222E-03-1.23241545E-02 1.12675733E-02
18 19-3.76043010E-02-3.55521695E-02-1.96984579E-03-4.96210792E-03-2.10673366E-03
18 20-4.94792939E-02-5.35850334E-02 5.26420315E-03 1.00697091E-03-7.45421219E-04
18 21-8.33624725E-02-5.23303609E-02 6.87905973E-03 1.01029702E-02-1.31512506E-02
19  1 8.23624705E-02 9.94924110E-02-3.11020215E-03-4.05324369E-03-4.50182769E-03
19  2 1.98151667E-02-2.23528479E-02-6.15837126E-02-5.64076364E-02 1.82001645E-01
19  3-1.03970756E-01-5.77761210E-02-5.77101461E-02 1.34540632E-01-4.95684482E-02
19  4-6.22444583E-04-5.35128903E-03 3.09115533E-02 1.02108348E-02-1.30495090E-02
19  5 1.23784821E-01 2.58931916E-02-1.76517533E-01-3.26800330E-02 6.06163420E-02
19  6 5.68261647E-03-7.76059324E-02 8.14446122E-02-1.95796983E-02-1.77088523E-02
19  7-2.14734998E-02-2.97522547E-02 3.16689088E-02-4.10750996E-02 6.84755640E-02
19  8 1.44665328E-01 1.22877155E-01-3.64952853E-02 7.41818090E-02 1.38762786E-01
19  9 9.21694679E-02 7.17982437E-03 1.21758069E-02 2.68292095E-02 3.23709729E-02
19 10 3.99604513E-02 1.85208249E-03 8.76711973E-05 3.42185304E-03-1.12500668E-02
19 11-7.14617832E-03 1.64133918E-04-1.66763244E-03 2.77532558E-03 3.34958299E-02
19 12-3.79622076E-02-1.44148980E-01-4.44403848E-02 2.63605461E-01-1.24749802E-01
19 13-1.30662341E-01-4.20226299E-02 2.82181294E-01-1.43656821E-01-2.03713617E-02
19 14-3.30791097E-02 6.30179428E-02-1.11867071E-02 1.28261394E-02 2.20175754E-01
19 15-8.74093408E-02-6.47346535E-02 5.10840175E-02 2.26867516E-01-8.16181572E-02
19 16-7.45356201E-02 7.87957990E-03 7.90562064E-02-2.65361399E-02-3.45778883E-02
19 17-2.43556385E-02-2.51043502E-02 8.76400202E-03-1.61297414E-03-6.95609375E-03
19 18 1.23433408E-02 2.57090442E-04 1.18322438E-02 7.88616157E-03-4.65165622E-03
19 19 7.52090128E-02 9.73878091E-02 7.01548082E-03 2.99244517E-03 1.07292026E-02
19 20 8.30979403E-02 1.00628648E-01-6.91847828E-03-4.76316869E-04-2.75374877E-03
19 21-6.36017692E-02-7.52167201E-02 2.00972199E-03 7.47302111E-03 1.21889383E-03
20  1 2.69013619E-02 3.66896267E-02 4.29156251E-05-7.09280958E-04-2.95150526E-03
20  2-1.02304957E-02 9.29380447E-03 3.82426706E-02 6.49643588E-02-1.61742404E-02
20  3 6.35000610E-02 2.38628284E-02 4.41747959E-02-3.62270050E-02-2.57296064E-02
20  4 1.32303579E-02-4.49387092E-03 8.34974146E-03 1.43174880E-04 1.95970705E-03
20  5-1.45398052E-01 1.33945701E-02 4.51122877E-02 5.48615145E-03-6.31763010E-02
20  6 8.11114157E-03 3.29688193E-03 5.38808617E-02-5.34975572E-02 2.40341473E-02
20  7-3.18834158E-04 2.55115592E-02-2.90463451E-02 2.61952984E-01-2.68671147E-02
20  8-1.50271302E-01-8.50717324E-02 2.69165871E-01-3.95886468E-02-1.39139059E-01
20  9-9.15879319E-02 8.03349794E-02 5.67235594E-03-4.46374023E-02-3.77279950E-02
20 10-5.35313964E-02-3.52747727E-03 3.03638080E-04 3.97522036E-04-2.02174195E-02
20 11-2.70602222E-02 1.69364945E-03-7.71441473E-04 3.02679968E-04-1.75097961E-02
20 12 1.76122837E-02 1.32751768E-01-1.90055873E-01 3.65681248E-02 8.14600325E-02
20 13 1.26512576E-01-2.03410386E-01 3.96501446E-02-3.25774361E-02 5.69413815E-02
20 14-8.96391841E-02 5.36069731E-03 6.21386141E-03-4.87741767E-03 2.49979486E-01
20 15-7.97281149E-02-1.33744656E-01-3.27775493E-02 2.60729195E-01-7.51543022E-02
20 16-1.35330993E-01-3.77549995E-02 9.65208137E-02-2.64485452E-02-5.20742635E-02
20 17 8.09237455E-03 1.43499969E-02 1.22541404E-02-5.11337819E-03-4.75836058E-03
20 18 1.02824917E-02 3.69883255E-02 1.30788734E-02 3.10511844E-03-6.89868271E-03
20 19-4.17415098E-02-2.42352958E-02-7.17660893E-04-1.13621189E-02 1.46966174E-03
20 20-1.23148734E-01-1.50309394E-01 1.01198202E-02 4.14360929E-03 5.75124403E-04
20 21 7.04480761E-02 6.54753710E-02 4.78013328E-03-1.09076050E-02 1.28827606E-02
21  1-5.01628865E-02-7.41304210E-02 1.14423287E-03 2.84345916E-03 3.32163843E-03
21  2-1.19940859E-02 1.47196745E-02 8.38143885E-03 3.23748616E-02-9.89328409E-02
21  3 5.77406635E-02 2.98118773E-02 3.99834249E-02-5.98413552E-02-1.57651813E-01
21  4-1.00849284E-02-1.56006284E-02 1.23072316E-02-1.31020969E-02 1.26928584E-02
21  5 3.51678864E-02-4.99982155E-02 6.98062566E-02 4.95166647E-02-8.70734835E-03
21  6-1.58690573E-02 2.00303436E-02 1.76597415E-01-2.26920877E-02-5.77136908E-02
21  7 7.39723640E-02 3.33001668E-03 1.21368492E-03-1.64326665E-01 3.43622841E-02
21  8-1.08482738E-01-3.52772637E-02-1.80917323E-01 4.24832241E-02-1.07295949E-01
21  9-1.58179028E-03-4.79825729E-02 1.76478293E-02-5.51871872E-02 1.13738102E-02
21 10 2.27982222E-02 2.27299815E-03 7.26735030E-04-2.43619714E-03-7.92429636E-03
21 11-1.29001890E-02-1.36484219E-04-2.93278300E-04-1.98114841E-03 1.60007918E-03
21 12 1.81283683E-03-7.21386888E-02 2.37820255E-01-1.99514969E-01-2.63202711E-02
21 13-7.36110759E-02 2.46125657E-01-2.20167970E-01 2.45640052E-02-1.70537036E-02
21 14 1.11725726E-01-7.50054136E-02 1.22576041E-03-1.64260516E-03 3.31594409E-01
21 15 2.15366255E-02-9.30997297E-02-9.40176017E-03 3.43274678E-01 1.39653593E-02
21 16-9.43335348E-02-2.49627348E-02 1.30165287E-01 1.58426167E-02-4.10435196E-02
21 17 9.93800267E-03 1.28914042E-02 1.62799061E-02 2.84873785E-04-2.47385515E-03
21 18-1.61116339E-02-2.55906870E-03 1.12010809E-02-1.19997497E-02-9.47114065E-04
21 19 2.46451996E-03 1.52984030E-03-2.83827632E-03 1.18939913E-02-7.48307992E-03
21 20 4.91274991E-02 6.84775481E-02-4.37340411E-03-3.24472089E-03 2.06441401E-03
21 21 1.80419935E-02 9.65771502E-03-8.57622950E-03-5.13021556E-03 4.97858576E-03
22  1-3.02891064E-02-2.61726465E-02 9.66891103E-04 1.81806212E-03 2.20728556E-04
22  2-1.25217088E-02 1.41297856E-02 2.93707602E-02 1.40309459E-02-7.86957686E-02
22  3 5.97160351E-02 1.69063590E-02-4.78505906E-05-7.88055809E-02-7.46099207E-03
22  4 7.82270681E-03-4.67359022E-04-5.77620769E-03 3.17573760E-03-1.87153056E-03
22  5-8.49139915E-02-5.51949950E-02 2.46248102E-02-1.25761076E-02-4.86355209E-02
22  6 1.92231488E-02 5.60704049E-02 2.52810125E-02-3.66508466E-02-1.48084669E-02
22  7-1.74030850E-02 5.14196450E-03-1.99058209E-03 2.85141597E-01 2.06049309E-01
22  8 2.53898161E-01-4.32988424E-02 2.90175266E-01 2.25165244E-01 2.62772815E-01
22  9-3.38926333E-02 1.13223984E-01 7.90524957E-02 9.14004217E-02-1.79502020E-02
22 10-3.35159337E-02-1.41516479E-03-5.47989833E-04-9.12191023E-04 1.31352261E-02
22 11 6.11991910E-03-1.22579881E-04 1.35218355E-03-3.48275367E-04-1.12589139E-02
22 12 5.69623390E-03-7.74088156E-02 2.66593547E-01 1.03712459E-02 8.59052881E-02
22 13-8.12002639E-02 2.79918884E-01 2.96076271E-02 2.56645049E-03-1.53534017E-02
22 14 1.08168751E-01-1.04441838E-02 2.30361068E-03-2.38631746E-03 2.34751354E-03
22 15 2.30678851E-02 1.97988895E-03-1.18490644E-02 3.55097724E-03 2.23174903E-02
22 16 3.15538322E-03-3.68972140E-02 6.83316419E-03 2.15903839E-02-4.30739526E-04
22 17 5.90550671E-03 1.31291097E-02 3.59904461E-04 4.29120991E-04 1.27354488E-03
22 18 7.48066740E-04 1.04385327E-02-1.88241281E-03-3.62666283E-03 2.13413550E-03
22 19-2.47473468E-02-1.83995849E-02-8.02568819E-03 9.65683627E-03-6.98555110E-04
22 20-9.58334692E-02-1.32443382E-01 8.40039485E-03 3.51186276E-03-1.02675941E-05
22 21 1.01268216E-02 1.71537148E-02 1.22869592E-02 6.95869639E-03 1.22265615E-02
 $END   
 $GRAD  
E=     -306.3400961167  GMAX=   0.0000725  GRMS=   0.0000235
H            1.    2.6495611033E-06   -9.9551411091E-06    2.6498256402E-06
C            6.   -7.2465371421E-05   -9.0105491917E-06   -3.4817347094E-05
C            6.   -1.5428292094E-05    3.8471189908E-05    3.6851744791E-05
O            8.   -2.5045926020E-05   -2.5346179994E-05   -2.7276372896E-05
H            1.    2.5721103738E-06   -1.4967413760E-06   -7.0675043315E-06
H            1.    1.8140514527E-05    6.4914755029E-06    1.9208868246E-05
O            8.   -8.2774638450E-06   -3.0078129673E-05   -1.7761741168E-05
O            8.    3.0211462782E-05    4.0973377846E-05    4.5376409637E-05
H            1.   -2.8177162929E-06   -1.4254449413E-05   -1.2173815260E-05
H            1.    1.6216221954E-05    1.0068099521E-05    3.8968271469E-06
H            1.    2.9315272142E-05   -1.7827007089E-05   -5.9736102325E-06
H            1.   -4.3988492869E-06    1.1655036645E-05   -6.5018658418E-06
H            1.    2.9328484959E-05    3.0900226977E-07    3.5885648109E-06
 $END
-------------------- DATA FROM NSERCH=   9 --------------------
 COORDINATES OF SYMMETRY UNIQUE ATOMS (ANGS)
   ATOM   CHARGE       X              Y              Z
 ------------------------------------------------------------
 H           1.0   3.1783988026   0.6372496332  -0.2513794820
 C           6.0   2.9291373045   0.1725700238  -1.2087172538
 C           6.0   3.3938301430   1.0635782756  -2.3453537599
 O           8.0   2.6765640506   2.3242142618  -2.2566869546
 H           1.0   1.8448285714   0.0318890371  -1.2576125055
 H           1.0   3.4257795818  -0.7987961849  -1.2711312293
 O           8.0   3.1572041113   0.4451103667  -3.6660435666
 O           8.0   3.7554861914   2.9100758218  -4.7355306723
 H           1.0   3.5168618072   3.3405940503  -5.5607852990
 H           1.0   3.5714428721   1.9561157899  -4.8109178100
 H           1.0   2.2537618581   0.1053689215  -3.7102830390
 H           1.0   4.4697404506   1.2344814262  -2.3399607799
 H           1.0   2.9713924770   2.8762493261  -3.0068513860
--- CLOSED SHELL ORBITALS --- GENERATED AT 23:54:07 11-SEP-2026    
Acetaldehyde hydrate and water -- forward IRC endpoint, unconstrained opt       
E(R-WB97X-D)=     -306.3400961547, E(NUC)=  199.1996997356,    5 ITERS
 $VEC   
 1  1-2.46385725E-05-9.14725753E-05 4.96769660E-06 3.62300010E-05-2.52053124E-05
 1  2 2.73304276E-05 9.06366671E-05-2.66310368E-05-3.37545646E-05 4.46413874E-05
 1  3-6.63790663E-04 1.01427871E-04-3.50518591E-05 5.56159118E-04 3.17661080E-03
 1  4 3.24874101E-05 3.23599572E-04-8.66711829E-04-8.70136838E-05-2.36011592E-04
 1  5 4.04885883E-06-7.59827024E-05-2.38359315E-04 1.72834664E-03-4.16482467E-04
 1  6-3.75798003E-04-5.28422054E-04-4.66223569E-03 9.19642595E-04 1.07920421E-03
 1  7 1.68215731E-04 6.85767693E-05 1.53135378E-04-1.07372510E-05-3.38172299E-05
 1  8-2.83411197E-05-5.39658437E-04-2.42292210E-05 3.25632971E-04 2.33746722E-04
 1  9 1.88213705E-04-5.24886161E-05 4.41693553E-05-4.08123240E-05 1.00508553E-04
 1 10-1.37999783E-05 1.29849533E-05-1.42144008E-05 1.11843977E-06 6.76520785E-05
 1 11-7.71458257E-05-2.50013318E-05-4.19162918E-06-8.66000955E-06 9.93872328E-01
 1 12 2.67661359E-02-1.06785713E-03 1.72074615E-04 1.13661307E-03-5.85357765E-03
 1 13 3.91108189E-04-4.06107117E-04-1.12243232E-03 3.37267652E-03-9.64087058E-05
 1 14 3.57042645E-04 5.88556795E-04-3.93193891E-05 7.93706039E-06-8.91214582E-06
 1 15-1.97951542E-05 1.46962092E-05 2.39399900E-05 3.24704883E-05 1.05825467E-04
 1 16-8.00832375E-05 2.22818434E-05-7.35312898E-05 9.57238191E-05-1.37588589E-04
 1 17-1.04285029E-05-1.57879209E-04-1.63299623E-05-6.31299907E-06-2.29341440E-05
 1 18-1.74092723E-05-4.51267151E-05 2.73775850E-06 1.14190688E-05 5.73371184E-06
 1 19 3.22889049E-04-1.23798061E-04-2.70517056E-04-7.66961486E-05 5.81955578E-05
 1 20-1.11989142E-04-3.50280624E-04 9.61256910E-05 6.02508873E-05 1.09268439E-04
 1 21 6.17024482E-05-1.22227959E-04-2.24036132E-05 2.33690632E-06 2.19194646E-05
 2  1 6.07470675E-05-9.50098382E-05-3.08017644E-05 1.32706702E-05-6.10577408E-07
 2  2 2.25176282E-05 8.26007224E-05-2.91507482E-05-1.31782765E-05 2.47925276E-05
 2  3-4.45663969E-04 2.53877819E-04-4.54220151E-04 2.00231047E-04 3.54053933E-03
 2  4 9.78617584E-05 6.95525971E-04-5.58677852E-04-8.23667457E-05-1.93945881E-04
 2  5-9.17172888E-05 2.40247329E-04 4.99815488E-06 1.73869782E-03-4.41667165E-04
 2  6 7.65596607E-04-1.16447526E-04-4.32016801E-03 1.05583100E-03 2.11506187E-04
 2  7-1.25222690E-03 9.93878852E-01 2.68345112E-02 1.12896949E-03-5.11084726E-04
 2  8-1.09985933E-03-6.12891552E-03-9.36795102E-04 7.88041594E-04 7.66450174E-04
 2  9 2.37080614E-03 2.51094520E-04-5.37983837E-04-3.17844847E-05 9.38335488E-05
 2 10-1.16765611E-05 9.84614205E-06 9.54168837E-06 2.28580976E-05-3.46031451E-05
 2 11-1.45731704E-04 9.95261647E-06 6.45064303E-06-3.86694139E-05-2.64346739E-05
 2 12 1.49922896E-04-9.62606612E-06 4.04560941E-05 1.83144781E-05-5.20761391E-04
 2 13 6.66170235E-05-3.36179109E-04-2.42783941E-04 3.61493398E-04-2.44113597E-04
 2 14 4.18184363E-06 1.62950135E-04-1.47282481E-03-3.18862202E-05-2.84672039E-05
 2 15-2.02599796E-05 5.23860120E-05 1.00676448E-04 1.00338821E-04 1.33824666E-04
 2 16-2.11657739E-04-6.43566509E-04 2.87967984E-05 2.31058026E-04-4.02390176E-04
 2 17-4.58358291E-05-1.62554353E-04-5.27542250E-05 1.43685521E-05-1.89828759E-05
 2 18 3.27990815E-05 1.99486412E-04 7.87850445E-06 1.71714388E-05 2.21323025E-06
 2 19 8.94811710E-05-3.72718998E-04 3.50792191E-06 1.31818395E-06-1.93979877E-05
 2 20-1.46814861E-04-4.21545122E-04 1.40661650E-04-1.20323621E-04 1.87056141E-05
 2 21 3.19175332E-04 6.56061860E-04 1.09970357E-04 2.56929718E-05-1.74168604E-04
 3  1-7.07810520E-07 9.54237778E-05-1.62344813E-08 3.71314189E-06-1.28707490E-05
 3  2 1.20014906E-05 6.82590570E-05 6.15295319E-06 1.26939582E-05-1.76454892E-05
 3  3-4.10893192E-04-4.01273347E-05-1.23741985E-04 1.82830575E-04-1.07199402E-02
 3  4-9.02838017E-04-1.56532994E-03 2.11481736E-03-1.11210250E-05-5.23688288E-05
 3  5 1.83180814E-05 1.72816650E-05-5.23389113E-06 5.52208702E-04-1.67067873E-04
 3  6-1.56816749E-04 2.93518496E-05 1.01573237E-02-1.26017467E-03-2.69814185E-03
 3  7 3.24828013E-03 1.47407966E-03 5.29171150E-05 6.16338711E-07-2.68798136E-06
 3  8-1.07886358E-05-3.01726039E-05 3.05651848E-06 3.95436363E-05 3.41633707E-05
 3  9-1.94041347E-04-1.38378281E-04-5.75393511E-05 3.01610746E-05 3.82645971E-06
 3 10 1.40421362E-04 1.29867643E-05 2.30630438E-06-1.00329105E-05-1.69727254E-06
 3 11 1.28310960E-04-5.94374176E-06 1.04155666E-05-8.67148539E-06 4.18083797E-05
 3 12 1.51581845E-05-2.63041330E-06 3.24599357E-05-1.06320712E-05 3.62292627E-05
 3 13 4.68704899E-05-1.09067079E-04 3.52632410E-07-1.30586345E-03-8.92657653E-06
 3 14-4.64889149E-04-8.98843021E-05 9.93832971E-01 2.66091648E-02-6.12581125E-04
 3 15-6.35972333E-04-1.18227311E-03-5.17307009E-03 3.05342510E-04 4.46610460E-04
 3 16 4.84285897E-04 2.01152705E-03-6.07924738E-06-6.32025475E-04 9.10389421E-04
 3 17 1.59446035E-04 7.80893034E-04-7.52233125E-05 9.66646916E-05-2.74130807E-04
 3 18 2.10058044E-04 6.47475544E-04-6.62584433E-05-2.10418233E-04-3.17329676E-05
 3 19-6.08949893E-06 2.59759279E-04 6.64218857E-07 4.66750884E-05-1.75079290E-05
 3 20 2.50771509E-05-3.54514224E-06 1.13501415E-05 1.50101678E-06-1.02091396E-05
 3 21-6.04211017E-05-1.50371104E-05-7.29670536E-07-1.85374385E-05-1.67740993E-05
 4  1-1.30640655E-04-2.40284075E-04 1.04527726E-05-1.19758062E-05 3.00063397E-05
 4  2 8.69312242E-04-3.02196332E-04-2.26672837E-05 2.87417072E-05-4.45592131E-05
 4  3 3.21102749E-03 4.99953012E-04 9.63196670E-04-1.26421627E-03 3.92348800E-03
 4  4 4.44151303E-04 5.19438176E-04-4.84043837E-04 9.94549469E-01 3.07991851E-02
 4  5-5.72833514E-04 2.62209642E-04-6.06852336E-04-1.51540002E-02 1.20657116E-03
 4  6 2.72005662E-04 6.85818365E-05-6.44431434E-03 3.17881246E-04 5.25555891E-04
 4  7-7.16402504E-04-1.12062549E-05 1.96575602E-04 7.87839802E-05-9.57900627E-05
 4  8 2.73180854E-06 4.62854602E-04 4.99221653E-05-5.24232783E-04 6.99879760E-05
 4  9 3.83845099E-03 1.10815560E-03-1.19971742E-03-3.14697674E-04-1.79751231E-04
 4 10-1.66805484E-04-2.02180432E-05-1.35249849E-06 5.13890470E-06-1.39828614E-04
 4 11-2.43938877E-04 1.60329058E-05-2.48177459E-05 2.90224448E-05-1.60430605E-05
 4 12 1.62967774E-04 7.45415998E-05 7.38941360E-05 1.06544980E-04 5.42138007E-04
 4 13-1.60780561E-04 9.34190637E-05 4.88793925E-04 4.03312408E-03 2.17520310E-04
 4 14 7.50125323E-04 1.43044140E-03 5.41322633E-08-3.27329797E-06-7.71280976E-06
 4 15-2.25747915E-06 1.64387101E-05 6.78290201E-05 3.16738934E-05 8.36747157E-05
 4 16-1.21276407E-04-3.89656772E-04 8.00825119E-05 3.16925689E-04-4.68394112E-04
 4 17 1.78763919E-06-2.49257836E-04-3.36093628E-05-4.38793493E-06-1.45567901E-05
 4 18-4.49526417E-05-4.65903530E-05 2.46504085E-05 4.73423750E-05-3.50033559E-05
 4 19-6.04584423E-05-3.66963605E-04 4.06514399E-05 5.99338472E-05 1.36843797E-04
 4 20 5.08634684E-05 1.49907073E-03 3.60620080E-04 2.33942300E-05 5.13018028E-05
 4 21 5.16921935E-05-1.40267692E-04 5.44427572E-05-1.79079995E-04 7.57517426E-05
 5  1-1.60807179E-04 2.20089517E-03 1.66580314E-04 3.37960496E-04 4.43903762E-04
 5  2 9.94284515E-01 3.11299710E-02 2.98419291E-05 1.15349429E-04-1.53436871E-04
 5  3-1.33162425E-02-2.43057044E-04-9.67094914E-04 1.19169835E-03-1.89620487E-03
 5  4 6.51712520E-05-3.34832451E-04 3.17648597E-04-9.63117903E-04-1.78374426E-04
 5  5-3.46849756E-06 2.47175290E-05-5.01298533E-05 2.55029840E-03-4.98778162E-04
 5  6-1.16597997E-03 1.66381551E-03 5.36125421E-04 9.85528303E-05 9.98568993E-05
 5  7 1.41935514E-04 1.36251972E-05 2.46510895E-05-3.63077881E-06 7.74306239E-05
 5  8-4.55456168E-05-3.90326621E-04-3.61484205E-05-2.18580530E-04 1.85444621E-04
 5  9-8.49248867E-05-2.22651673E-04-4.77598738E-04 7.65391145E-04-1.48541257E-04
 5 10 2.38350777E-03-5.55521141E-04-4.94649555E-07-1.15341759E-04-1.58035585E-04
 5 11 2.07975404E-03 3.13781780E-04-4.85973089E-04-1.25260428E-04 5.13927984E-06
 5 12-3.67917638E-06 2.25892325E-05 5.20613031E-06-6.78325644E-05-1.77760411E-04
 5 13-7.65225998E-05 5.71025439E-05 4.70793070E-05 1.55376552E-03-3.52641846E-04
 5 14-6.98774027E-05 7.76083221E-04 8.10013960E-06 5.65379473E-05-7.95473952E-06
 5 15 2.56932022E-06 6.62230595E-06-2.12761299E-04 4.51191598E-05 3.84881605E-05
 5 16-3.17778705E-05 2.59042157E-04-4.91081483E-05-5.34960337E-05 9.90041109E-05
 5 17 1.85474758E-05-3.12843157E-05-3.81615704E-06-1.25236655E-06 1.22585402E-05
 5 18-2.26779498E-05 1.99757236E-04 9.92838826E-06 2.74095814E-05 1.70904883E-05
 5 19-6.43975903E-05-3.75061436E-04 9.22323406E-06-2.36586946E-05-2.72857399E-05
 5 20-1.62804353E-04 2.09649635E-04-2.25057276E-05 1.47025509E-05-1.08818484E-05
 5 21 3.53657119E-05 8.72691447E-04-2.31223825E-05-7.71891852E-05 9.35136297E-05
 6  1 5.25929646E-03 6.67059725E-03-4.95901076E-05-7.26067901E-04-1.02991677E-03
 6  2-1.96792664E-02 1.87476612E-02 3.44893408E-03 1.21796545E-02-1.70439309E-02
 6  3 3.28307170E-02-9.57380203E-03 2.92099915E-03-1.28391098E-02-1.31405199E-01
 6  4-8.23056653E-03-1.92969156E-02 2.43866727E-02-9.46616858E-02 1.07494508E-01
 6  5-3.83796328E-02 1.86679282E-02-4.53072481E-02 1.77480053E-01-3.68078405E-03
 6  6 1.44484298E-03-5.25048967E-03 1.79931233E-01-2.71219761E-02-2.62350221E-02
 6  7 2.57985533E-02-1.35848933E-01 1.41200944E-01 4.02588623E-02-2.98017469E-02
 6  8-3.87204342E-02 3.97462649E-01 4.21898530E-02-3.79309407E-02-4.06708937E-02
 6  9-4.33987807E-02-1.44454385E-02 2.18686722E-02 1.12557418E-03 4.39296261E-03
 6 10-9.03457746E-04 4.51656800E-04 3.98322659E-04-2.01507073E-04 5.12349758E-03
 6 11 3.59416795E-03-1.53338315E-04 1.01209029E-03 3.04827277E-04-1.60639858E-01
 6 12 1.68195408E-01-4.01793932E-02 1.37976180E-02 5.24631855E-02 4.69110272E-01
 6 13-3.01645972E-02 2.70460369E-02 5.97667722E-02-5.66498355E-02-1.73219353E-04
 6 14-1.06480584E-02-2.83179400E-02-3.46376278E-02 3.79538372E-02-6.08598237E-03
 6 15-8.15934600E-03-7.13273554E-03 9.16748267E-02-7.58392424E-03-1.14637531E-02
 6 16 2.14944764E-03 1.22516626E-02 1.23220006E-03-7.11664570E-03 1.24531002E-02
 6 17 1.78016403E-02 1.11126471E-02 1.74281216E-03-2.11078631E-03 3.97627909E-03
 6 18 2.38931290E-02 4.50502630E-03-6.52020450E-05 2.05031535E-03 1.59077179E-03
 6 19 7.91666615E-02 2.40153217E-02 1.46612178E-02 5.03790887E-03 4.96663068E-04
 6 20 2.69400228E-02 3.06242877E-03-5.96682645E-03 7.89939755E-05-1.97725028E-03
 6 21 6.40864325E-02 7.81715379E-03-3.43082583E-03-6.36654248E-03 8.22752591E-03
 7  1-1.46246853E-03-4.27537586E-03 5.42802166E-05 1.22344326E-04 5.40577542E-04
 7  2 4.06388944E-03-5.62786333E-03-9.21948969E-04-2.14877907E-03 4.03379436E-03
 7  3 4.05867340E-03 3.22486623E-03 5.01719364E-03-7.41141633E-04 2.30797665E-01
 7  4 1.85581631E-02 3.24668164E-02-4.66236443E-02 1.65700822E-02-1.82593506E-02
 7  5 5.53987269E-03 4.65694258E-03 1.18798186E-02-4.45673632E-02 7.58177450E-03
 7  6 8.00664387E-03-4.10622825E-03-2.30759919E-01 3.01903375E-02 5.98544442E-02
 7  7-6.28253786E-02 7.50222066E-03-6.98770405E-03-1.74926956E-03 6.68995770E-03
 7  8-9.70280456E-04-2.61210308E-02-3.15221465E-03 3.96883960E-03 2.48685495E-03
 7  9 8.33454731E-04 3.55958231E-03-1.90779126E-03 2.28153294E-03-1.27200750E-03
 7 10-2.78589968E-03-3.18240858E-04-2.25458850E-04 1.61428538E-04-1.21329373E-03
 7 11-3.12836448E-03 5.25909276E-06-4.25889115E-04 1.27957057E-04 4.05049103E-02
 7 12-4.29631281E-02 1.26050793E-02 1.53722615E-03-1.48308715E-02-1.23706021E-01
 7 13 7.51236766E-03 4.24988779E-04-1.74164113E-02 4.86206456E-02-2.05834986E-03
 7 14 1.48216566E-02 1.15640513E-02-2.27102694E-01 2.49988946E-01-3.58449471E-02
 7 15-3.70893206E-02-7.07538632E-02 6.43601247E-01-2.92667758E-02-3.13616788E-02
 7 16-5.01588630E-02 2.82310348E-03-8.47879432E-04 1.12445264E-02-2.20806474E-02
 7 17 1.28305984E-01 1.23728187E-02 6.18098017E-03-1.40082806E-02 2.24843117E-02
 7 18 1.17868175E-01 1.32187192E-02 4.34442560E-03 2.55085024E-02-8.99214639E-04
 7 19-2.22454697E-02-1.57444309E-02-4.21574213E-03-2.12813444E-03-2.08983824E-06
 7 20-4.94698639E-03-4.47050282E-03 1.12084113E-03 5.28760685E-05 9.87841555E-04
 7 21 8.41755227E-03 1.26884212E-02 9.23044231E-04-3.73750814E-04-2.04186860E-03
 8  1 2.78106855E-04-5.05623301E-03 7.10491496E-04 2.92779447E-04 3.28683409E-04
 8  2-2.49251642E-03 2.21971697E-03-5.68327295E-04 8.24762290E-03 2.32446186E-03
 8  3 7.95435497E-03-5.11537633E-03 2.15145907E-02 1.08603465E-02-6.85393635E-02
 8  4-7.61330115E-03-1.34847789E-02 8.12434026E-03-1.37472281E-02 1.54308758E-02
 8  5-2.22830948E-02 8.95057385E-02 5.25736441E-02 2.73424115E-02 6.67231308E-03
 8  6 3.70433672E-03-4.24393030E-03 6.24056319E-02-7.74669096E-03-5.06133951E-03
 8  7 3.86542883E-02-1.77653432E-01 1.88945658E-01 4.76621926E-02-1.28859965E-02
 8  8-4.53195258E-02 5.32711647E-01 5.38238074E-02-3.32528604E-02-3.70663974E-02
 8  9-7.97245265E-03-7.27863762E-03 1.93764593E-02-1.69785818E-03 2.43842158E-04
 8 10 2.17397321E-04 1.22100589E-04-5.07575919E-04-6.03905389E-04 9.28682395E-04
 8 11 6.96925883E-03-8.37348456E-04 4.64906924E-04 3.17738073E-04 1.53700324E-01
 8 12-1.64816474E-01 4.48690479E-02 6.72117410E-03-3.16740651E-02-4.59577417E-01
 8 13 2.67631442E-02-5.03746024E-03-4.69952865E-02 6.49445167E-03-9.13760085E-04
 8 14 5.67469082E-03 7.28986385E-03 2.06973509E-02-2.31907993E-02 2.72725026E-03
 8 15 5.49324025E-03 9.44518006E-03-5.93315808E-02 1.89987691E-04 2.36332315E-03
 8 16 1.06915213E-02 1.52193634E-02-1.05097899E-03-7.43728940E-03 7.61605898E-03
 8 17-1.19100813E-02 5.42354824E-04-1.24943675E-04 1.12298965E-03-1.86639662E-03
 8 18-1.76428039E-02-1.20847842E-02-6.64054556E-05-1.43167295E-03-1.27396581E-03
 8 19-8.88037216E-02-1.89942833E-02-1.68749784E-02-5.77409933E-03 8.99107353E-05
 8 20 3.06457063E-03-5.57916242E-03-1.08691479E-03 3.33929956E-03 2.39753911E-03
 8 21 9.22601747E-02 6.45285537E-03-6.31200600E-03-8.73007305E-03 1.47542041E-02
 9  1 8.71655259E-02 9.07015146E-03-2.50258467E-03-4.46336478E-03-9.89775183E-03
 9  2-1.70582073E-01 1.84204974E-01 2.23831093E-02 3.46721140E-02-4.20475644E-02
 9  3 4.20945401E-01 8.41170294E-03 9.71133032E-03-1.58419583E-02 5.01279849E-02
 9  4-3.93734497E-04 7.55477846E-03-1.20338891E-02-1.21798938E-01 1.30776528E-01
 9  5-4.74861060E-03-6.73443090E-02 9.27634104E-02 3.37842149E-01-1.11077745E-02
 9  6-2.00806838E-02 2.29330848E-02 1.45820332E-02-1.05974925E-03 4.65849586E-03
 9  7-7.22402840E-03 4.88824998E-02-5.42709490E-02 4.33057870E-03-7.32390494E-02
 9  8 5.05650236E-02-1.64091831E-01-2.41914755E-03-3.74022916E-02 3.82001911E-02
 9  9-5.75716542E-02-7.29912837E-03 1.79831856E-02-8.31745948E-03 8.43533653E-02
 9 10 7.09611639E-03 1.10211777E-02 1.60567988E-03 2.50356288E-04 8.64666991E-02
 9 11 6.13711335E-03-4.83997795E-03 9.81011909E-03 4.55126242E-04 4.90479245E-02
 9 12-5.43696893E-02 4.47371235E-02 1.72053616E-02 5.30910174E-02-1.65564214E-01
 9 13 3.54257197E-02 4.72427492E-03 2.82467534E-02-8.10814631E-02 6.71402931E-03
 9 14-4.24752260E-03-2.36901391E-02-4.43674702E-03 4.97937812E-03 1.50284298E-03
 9 15 3.22922674E-03-8.56265118E-03 1.47527680E-02 1.84491908E-03 1.66162385E-03
 9 16-6.10237654E-03-5.43388077E-03 1.45547374E-03-1.84748447E-03 2.89191126E-03
 9 17 6.54157355E-03 7.85830316E-03 3.90220486E-04-6.75514872E-04 1.14185316E-03
 9 18-2.50743517E-03-1.25382757E-03 2.68382669E-04 5.57499329E-04-2.27152758E-04
 9 19-5.30080905E-02-7.58629212E-03-9.97630740E-03-3.47434061E-03 1.94611011E-03
 9 20 6.40460966E-02 1.06736718E-02-7.52097428E-03-2.17114198E-03 1.08563471E-03
 9 21-6.57450321E-02-3.25476274E-02 4.43285087E-03 7.38791241E-03-1.07631851E-02
10  1-8.07496830E-02-2.53401595E-02 3.05134777E-03 5.74399602E-03 6.93732819E-03
10  2 1.10492183E-01-1.13111662E-01 3.84964148E-02 4.26889147E-02-5.52829605E-02
10  3-3.53995727E-01 1.48250063E-02 8.30731980E-03-6.61508294E-03-1.24487377E-01
10  4-9.52019189E-03-1.51009552E-02 1.74764524E-02-1.29071125E-01 1.39096741E-01
10  5 9.09719641E-02 3.94330361E-02-8.87962390E-02 4.54670475E-01 5.34871596E-02
10  6 1.52635132E-02-3.92652732E-02 1.43553565E-01-2.18154268E-03-1.59644134E-02
10  7 1.90553822E-02 4.23821782E-02-4.89999579E-02 5.09163722E-02-1.00339581E-01
10  8 1.77542395E-02-1.50533814E-01 3.97296248E-02-7.19450759E-02 1.01808382E-02
10  9-6.19964815E-02-1.32557521E-02 2.62938981E-03 8.28778274E-03-9.14325813E-02
10 10-2.64422977E-02-9.20596847E-03 1.34230306E-04-1.97988167E-03-7.89643244E-02
10 11-2.23073298E-02 5.32854633E-03-7.29379091E-03-2.54385042E-03 2.25272837E-02
10 12-2.92434637E-02 1.48145394E-01 1.08619385E-01 1.11160485E-01-7.49049719E-02
10 13 1.15409151E-01 8.70762129E-02 8.57149036E-02-6.35201757E-02-3.79623080E-04
10 14-8.23810852E-03-1.41491617E-02 8.76516750E-04-9.13084570E-04 4.28368911E-03
10 15-1.31664182E-02 4.50569850E-03-4.10183578E-03 4.05905531E-03-1.28437261E-02
10 16 6.29703221E-03 7.71126219E-03 2.67698651E-04-5.77791670E-03 1.05113740E-02
10 17-7.04513071E-03 1.56464543E-03 5.69898648E-05 2.10430883E-04-6.47990682E-04
10 18 9.13854401E-03 6.73758992E-03 8.13034548E-04 8.19096997E-04 1.52197870E-03
10 19-1.27336086E-01-6.57557944E-02-2.02230796E-02-6.89780146E-03-8.57880998E-04
10 20 1.28515153E-01 4.27730694E-02-1.16416879E-02-1.54812596E-03-2.49871904E-03
10 21-5.99702071E-02-2.81124376E-02 6.28725021E-03 4.50686418E-03-1.08001547E-02
11  1-3.19024396E-02-1.11185049E-02 9.84236839E-04 3.61050367E-03 1.89276275E-03
11  2 3.80223230E-02-3.51734937E-02-1.88333427E-02 7.65426187E-02-4.32566246E-02
11  3-1.65710513E-01-2.56816321E-02 3.42938737E-02-4.41582684E-03-5.83943941E-02
11  4-2.41763002E-03-1.49342406E-03 5.02588302E-03-2.66826311E-02 3.02318766E-02
11  5-1.18382897E-01 7.61296209E-02 8.38617558E-02 1.05205339E-01-1.07410018E-01
11  6 9.11576155E-03 8.59478358E-02 5.33295904E-02-1.57085907E-02-1.45106928E-02
11  7 1.46801733E-02-1.25853680E-02 8.31783926E-03-6.26280136E-03-1.90946846E-01
11  8 1.28209106E-01 6.32286032E-02 3.71505384E-03-1.57627967E-01 9.72160410E-02
11  9-5.98054586E-03-3.73643172E-03 8.42443858E-03 5.52739981E-03-1.95414852E-02
11 10-5.75650603E-03-3.10921892E-03 1.63950169E-03-2.02694571E-03-6.57523452E-02
11 11-3.02966503E-02 2.34047498E-03-3.92321556E-03-1.06951372E-03 1.23837509E-02
11 12-1.01479588E-02-1.34090512E-01-6.79417798E-02-1.31727951E-02-5.34290232E-02
11 13-1.07594381E-01-5.96521804E-02-1.10318205E-02-2.27295907E-02-3.79165915E-03
11 14-2.90938172E-03-8.71027315E-04-2.21659580E-03 3.98515129E-03-2.81202317E-03
11 15 2.15502249E-01-1.60899157E-01 4.77217486E-03 1.09480013E-04 1.67578982E-01
11 16-1.33568991E-01 8.19159220E-03 1.56474564E-03 8.53605251E-03-1.02683084E-02
11 17 1.57193466E-01 1.00674361E-01 7.15999668E-03-7.85755182E-03 2.13524144E-02
11 18-1.34445330E-01-9.97123682E-02-5.04219620E-03-1.88570246E-02-7.65752501E-03
11 19 8.84682082E-02 6.37192116E-02 1.22637509E-02 5.52878621E-03 2.50545453E-03
11 20-3.53203306E-02-2.49253221E-03-1.20091959E-03 2.09789599E-03 1.11357288E-03
11 21-1.37520683E-01-1.05513746E-01 5.65917147E-03 1.40756223E-02-1.63490319E-02
12  1 1.08965338E-05 1.79505535E-03 6.67890415E-05-2.07423281E-03-3.34313690E-04
12  2-1.36123420E-02 1.28204238E-02 3.17759102E-02-7.13026526E-02 4.40093458E-03
12  3 5.16454624E-02 2.21862587E-02-5.04222912E-02-9.79511339E-03 1.41714488E-02
12  4 2.48884470E-03-2.60798041E-03-3.26031748E-03 9.79323260E-03-1.02961546E-02
12  5 1.07291985E-01-1.09221191E-01-8.77642897E-02-3.28836299E-02 8.17024225E-02
12  6-6.43026621E-02-5.26682526E-02-6.51802303E-03 2.16296378E-03 8.08924653E-04
12  7-4.86743657E-03-3.46172707E-03 8.05135882E-03-9.57929383E-03 1.93344331E-01
12  8-1.05678508E-01 2.99120062E-03-1.34211555E-02 1.62857394E-01-8.10129856E-02
12  9 2.30623457E-02 3.96401330E-03-1.61306517E-03-6.96326730E-03-3.69245746E-03
12 10-5.59551106E-03 7.53592095E-04-1.41303676E-03 9.26293315E-04 5.30205799E-02
12 11 2.87719790E-02-9.35683249E-04 2.98732285E-03-1.88408259E-04-1.15440259E-02
12 12 1.04463248E-02 1.04524020E-01 4.52055233E-04 9.32859034E-02 5.35507380E-02
12 13 8.48848915E-02-6.82395704E-03 9.11939240E-02-1.96307386E-02 1.02479546E-02
12 14-1.16854563E-02-6.91269149E-03 1.27934557E-03-2.07746108E-03-1.54332414E-02
12 15 2.86534732E-01-1.26178888E-01-4.67459002E-03-1.30786748E-02 2.25433237E-01
12 16-9.70244015E-02 1.99355266E-03-2.05144653E-03 2.16260806E-02-6.08853134E-03
12 17 1.65595413E-01 1.11834256E-01 7.41254373E-03-5.57208888E-03 2.40688084E-02
12 18-1.77564429E-01-1.27176190E-01-6.55565526E-03-2.73922794E-02-5.20965833E-03
12 19-6.26496656E-02-3.85532013E-02-8.44489679E-03-5.49262237E-03 5.91553632E-04
12 20 3.80883509E-02 1.42199762E-02-4.81449917E-04-2.16511993E-03-1.67451084E-03
12 21 1.16268919E-01 8.16216058E-02-7.21114441E-03-9.77616904E-03 1.74774613E-02
13  1 5.71590673E-02 3.85252779E-02 2.22045316E-03 4.23171186E-05-3.12369432E-03
13  2 8.09965247E-03-9.97309722E-03 1.42172658E-01 5.01848507E-02 5.74236281E-02
13  3-2.07483151E-02 9.42196366E-02 3.52159631E-02 3.72245488E-02 1.30958954E-01
13  4 1.38562800E-02 2.03695350E-02-2.07709113E-02-1.59831493E-02 1.70870342E-02
13  5 2.44150981E-01 7.61149209E-02 1.74636105E-01 6.17434034E-02 2.03386948E-01
13  6 5.52797943E-02 1.12530834E-01-1.28399543E-01 3.51637085E-02 3.84815158E-02
13  7-3.93336658E-02 5.58524923E-03-5.51894450E-03 1.03878962E-01 8.35693166E-02
13  8 5.16011634E-02-2.34072848E-02 9.40475511E-02 7.28910455E-02 5.20033090E-02
13  9 1.29131124E-02 1.43494869E-02 2.57946192E-03 7.81087956E-03-9.72665034E-02
13 10-6.80770553E-02-5.85220718E-03-1.14341443E-03 1.65960915E-03 4.43385934E-03
13 11 3.12282100E-03 2.64942498E-03 7.51573697E-04 8.40206217E-04-9.51470500E-03
13 12 1.68128229E-02-9.00173183E-02-1.49282961E-01-1.92064280E-01 1.55400915E-02
13 13-6.77228067E-02-1.36317933E-01-1.81914750E-01 2.38694398E-02-7.80923567E-03
13 14-1.86840042E-02-7.17547363E-03-6.35789831E-04 8.28384760E-04 4.18882061E-03
13 15 1.13731804E-02 4.52894109E-03 1.67726937E-03 5.58871604E-03 1.28111377E-02
13 16 4.68673750E-03-1.32624641E-02 1.55023133E-04 4.26207950E-03-1.93431879E-03
13 17 1.28748631E-03 1.56436104E-03 1.00600920E-04 1.77908034E-04 3.68539949E-04
13 18-6.78858444E-03 5.40887642E-03-4.07729680E-05-1.28876117E-03-5.15133389E-04
13 19 1.14997529E-01 8.97513133E-02 2.11195463E-02 4.49218563E-03-4.55040905E-03
13 20 1.65069340E-01 8.71971912E-02-9.96268035E-03 1.77138688E-04 3.69668748E-03
13 21 2.37784981E-02 1.83534756E-02 2.78174769E-03 4.42608316E-04 5.99347879E-03
14  1 1.41047048E-01 9.82462007E-02-3.65340092E-03-5.69236333E-03-7.16524112E-03
14  2-2.19729516E-02 1.87413519E-02-6.64207908E-02-1.97280786E-02 2.43938952E-01
14  3 1.20397610E-01-3.94326401E-02 2.99320060E-02 1.61286822E-01 3.06300469E-02
14  4-7.99374885E-03 2.39025078E-03 1.19407720E-02 4.52732198E-02-4.58247758E-02
14  5 3.31477620E-02 2.01718012E-01-1.03084441E-01-1.79631672E-01 6.95738879E-02
14  6 1.58999792E-01-8.04269020E-02-5.72789111E-02 2.37585914E-02 1.02033563E-02
14  7 3.36263169E-03-4.80577628E-03 5.50228030E-04 5.26054533E-02-1.09776975E-01
14  8 5.37969184E-02 3.84412555E-02 5.11125826E-02-1.10015436E-01 4.50077982E-02
14  9 8.60814457E-03-2.68735128E-03-2.57287665E-03 1.03161821E-02 5.20845849E-02
14 10 4.23049692E-02 4.64019508E-03-7.14280229E-05 4.71076676E-03 1.38223416E-03
14 11 1.50730001E-02-2.62793396E-03 1.18391884E-03 5.14089169E-03-5.52270757E-02
14 12 5.63069009E-02 1.66927108E-01 1.39349874E-01-1.38932599E-01 2.28905009E-01
14 13 1.46982062E-01 1.36119548E-01-1.21468194E-01 1.28973515E-01 1.05019435E-02
14 14 2.74624423E-02-1.71156415E-02 1.77601216E-02-1.84755182E-02-9.68438945E-03
14 15 4.88307584E-02-9.49026691E-02-7.36287978E-02-6.23628557E-03 3.78576480E-02
14 16-8.14716114E-02-2.97834694E-02-2.61301729E-04 1.14402051E-02-1.59851242E-02
14 17 6.40468299E-02 4.82307364E-02 2.46651166E-03-4.43950156E-03 6.89802581E-03
14 18-1.17501566E-02 4.28726954E-03-1.99246246E-03-8.47624040E-03-1.21142364E-03
14 19-1.00398589E-01-9.35928667E-02-1.07507629E-02-2.43704789E-03-9.59262057E-03
14 20-3.37332066E-03-1.94475640E-02 2.81125684E-03 1.91627283E-03-2.79859634E-03
14 21-6.95707516E-02-6.48116689E-02 4.92478733E-03 4.69225542E-03-7.59240165E-03
15  1-1.79900496E-02-1.69046086E-02 2.49288767E-03 1.45579738E-03 6.31730727E-04
15  2 6.84563134E-03-5.48023217E-03 7.80670159E-02 4.02794394E-02-6.32475075E-02
15  3-5.92696340E-02 2.81543701E-02 3.91702354E-02-2.56907421E-02 1.94190714E-01
15  4 1.71390575E-02 3.36440586E-02-3.91732249E-02 2.47582308E-02-2.42583113E-02
15  5 1.82659026E-03-1.51292886E-01 7.86996193E-02-9.02165054E-02 1.48583661E-02
15  6-1.45049669E-01 1.00255559E-01-2.42253742E-01 3.26444840E-02 4.37852180E-02
15  7-5.79846345E-02-6.99375212E-02 7.45129510E-02-1.78722951E-01 8.54618720E-02
15  8 2.14933563E-01 2.86978892E-01-1.62272898E-01 7.33342164E-02 2.01768685E-01
15  9 1.56744240E-01-2.10594839E-02 8.96124944E-03 2.58892996E-02-6.12657855E-02
15 10-6.09232792E-02-5.01611066E-03-3.33188342E-04-9.80708160E-04-1.46012241E-03
15 11 1.71335476E-02 1.79122294E-03 1.47576966E-03-1.63734071E-03-4.11877422E-02
15 12 4.10771430E-02 2.10710927E-01-7.66774115E-02-1.94618932E-02 1.79955680E-01
15 13 2.01797237E-01-7.02280389E-02-1.13350960E-02 6.95671012E-02 4.12091287E-02
15 14-2.87844508E-02-2.17037021E-03 2.34278711E-02-2.13050694E-02-7.53425044E-03
15 15-1.14250857E-01-1.40196017E-01-1.01657198E-01 3.53769042E-04-9.53449482E-02
15 16-1.42259198E-01-6.89561866E-02 2.95190680E-03-1.29522632E-02-4.55315570E-02
15 17 2.81423577E-02 2.07421232E-02-7.79559227E-05-8.11735147E-03-1.92450622E-03
15 18 6.92482936E-02 7.94675129E-02 3.21909894E-03 9.73243786E-03-6.00565485E-03
15 19-9.35922511E-02-7.66265007E-02-7.10263957E-03-1.01636918E-02-3.92887944E-03
15 20-3.76608962E-02-3.00675919E-02 4.69631930E-03-2.92789750E-03-2.56552557E-03
15 21-8.02323766E-02-7.99502611E-02-6.25029518E-03 1.14532495E-02 2.12274213E-03
16  1 1.07856928E-01 8.98418286E-02-4.16872604E-03 1.33809303E-03-7.58928691E-03
16  2-1.03894610E-03 2.26706681E-03-1.03465321E-01 2.85052648E-01 5.47955719E-02
16  3-4.19995116E-03-9.14065157E-02 2.19516085E-01 5.17146754E-02-1.55804503E-01
16  4-2.09799540E-02-8.98471788E-04 3.30278987E-02-2.68167741E-03 1.78736220E-03
16  5-1.97015386E-02-9.34783000E-02 6.14231066E-02 1.40517526E-02-1.98137041E-02
16  6-4.52569661E-02 5.92572243E-02 1.48847837E-01-3.10030486E-02-3.39802155E-02
16  7 5.87323459E-02 7.55446049E-03-3.09950625E-03-5.05934156E-02 9.52123492E-02
16  8 2.52911126E-02-5.22123363E-02-6.04714523E-02 9.82354421E-02 3.72805427E-02
16  9-6.02048718E-02-1.20254762E-02 1.91767147E-02 1.30335089E-02 4.66096758E-02
16 10 3.25195456E-02 1.82665554E-03 5.95432445E-03 1.59133108E-03-2.20546466E-01
16 11-1.88532341E-01 7.31318080E-03-1.30580449E-02 3.66925953E-04-1.92022028E-02
16 12 1.95221566E-02 7.94761402E-02-2.78712034E-02 2.11216782E-02 8.37266944E-02
16 13 7.86080277E-02-2.61955206E-02 2.89467100E-02 5.33181051E-02 2.18809320E-02
16 14 7.14423482E-03 3.04790037E-03-3.99186589E-02 4.06190831E-02 6.38185904E-02
16 15 1.13358035E-01 1.97864773E-01 1.66457072E-01 5.74537546E-02 1.05499963E-01
16 16 1.87941406E-01 7.06714734E-02 1.78245199E-02 2.40541087E-02 5.49025268E-02
16 17-6.58556008E-02-4.98114276E-02 3.23491123E-04 1.19904778E-02-1.49483943E-03
16 18-6.65803445E-02-7.03395471E-02 1.17620871E-03-9.29903070E-03 8.40342251E-03
16 19-3.62624399E-02-3.42184106E-02-2.78674555E-03-3.43583321E-03-6.38592614E-04
16 20-1.73584926E-02-1.49691331E-02 1.41181725E-03-1.85202439E-03-9.62626789E-04
16 21 4.28457787E-02 6.78971759E-02-1.40166705E-03-7.24599383E-04 3.77921489E-03
17  1 1.71536897E-01 1.40942984E-01 1.75631217E-03-4.85208043E-03-1.11650146E-02
17  2-2.72891818E-03 5.89098762E-03 2.83436706E-01 1.05502631E-01 1.33213213E-01
17  3-1.78442737E-03 2.43232707E-01 7.76800426E-02 1.29280760E-01-4.27088941E-02
17  4 2.30409251E-02 5.49157813E-03 2.47363110E-02-2.35274198E-03 3.80596090E-03
17  5-1.10268161E-01-6.41881212E-02-2.40399670E-02 4.74586272E-03-1.12888737E-01
17  6-4.01091678E-02-5.28612695E-03 1.75216167E-02-6.31176106E-03-1.63872832E-02
17  7 1.54971727E-02 4.80051854E-03-4.02758381E-03-8.36704646E-02-3.10724173E-02
17  8-8.75277216E-02-2.59987025E-02-8.48834950E-02-2.60359267E-02-9.13076943E-02
17  9-2.46997144E-02-2.31983084E-02 5.05429243E-04-1.29216301E-02-2.20986664E-01
17 10-1.90169947E-01-1.47936312E-02-4.85614671E-05 1.93447885E-03 2.14242290E-02
17 11 1.34062552E-02 4.42276711E-03 3.61329688E-03 2.71422811E-03 1.11881718E-02
17 12-1.50028307E-02-8.28849584E-02 1.14159291E-01 9.79927774E-02-3.48498174E-02
17 13-8.74185261E-02 1.20490408E-01 1.01827068E-01 2.64144800E-02-3.26075459E-02
17 14 3.67599569E-02 2.14033158E-02 5.07012309E-03-6.13542866E-03-4.26295105E-02
17 15-8.86670781E-03-1.04337097E-02-1.78069602E-02-4.43907513E-02-1.21265114E-02
17 16-9.85869444E-03 9.68117807E-03-1.56484682E-02-5.45204113E-03-1.51283805E-03
17 17 7.01743811E-03 2.73696231E-03-1.49385893E-03-9.04068416E-04 4.88260363E-04
17 18 7.41020006E-03-1.24370395E-02-2.46996840E-03 1.25389723E-03-3.07316264E-04
17 19 1.26409088E-04-2.72170039E-02-4.11016444E-03 4.81120861E-03 1.94809883E-03
17 20-8.71862426E-02-6.97296254E-02 7.21935605E-03-1.38379623E-03 1.48961054E-03
17 21 1.42009833E-02 1.42552515E-02-4.72377684E-03-3.51064147E-03-2.06979723E-03
18  1-3.75001747E-02-3.00626557E-02 3.49558568E-03-1.77780866E-03 3.03215576E-03
18  2 3.22264259E-03-5.72134238E-03 1.19629539E-01-1.59761866E-01-5.29578918E-03
18  3-6.94812069E-03 8.46903972E-02-1.12794880E-01-8.77032284E-03-2.21188768E-01
18  4-7.18366557E-03-5.09024690E-02 4.13276114E-02 2.31582863E-02-2.32565464E-02
18  5-4.41096908E-02 4.60678452E-02-1.52938468E-02-9.80652549E-02-5.76765854E-03
18  6 1.64508501E-02-8.51618039E-03 1.68587865E-01-3.08272981E-02-5.81385283E-02
18  7 7.63522058E-02-2.63395323E-02 2.37012945E-02-2.46421797E-02-1.15938015E-01
18  8 1.31452576E-01 1.22464096E-01-1.27859648E-02-1.23889462E-01 1.22090716E-01
18  9 4.06399168E-02-8.69815079E-03-2.19565627E-02 3.37871483E-02-7.86066197E-02
18 10-7.42736443E-02-5.45621522E-03-4.13166717E-03-3.02010327E-04 1.46674062E-01
18 11 1.43036642E-01-4.04831053E-03 9.85325364E-03 6.48326622E-04-2.21202108E-02
18 12 2.36000678E-02 9.08327431E-02-4.29595668E-02-2.09074500E-02 9.24175430E-02
18 13 8.51328926E-02-4.49839642E-02-1.48783285E-02 5.44177021E-02 2.81369044E-02
18 14-5.76256911E-03-7.11577318E-03-6.17675600E-02 6.41498260E-02 1.71924173E-01
18 15 1.44487584E-01 2.58753914E-01 2.56425990E-01 1.65017318E-01 1.37317490E-01
18 16 2.45609324E-01 1.11911713E-01 4.94013620E-02 3.39965454E-02 7.55087912E-02
18 17-9.80199853E-02-7.99590279E-02 3.94128617E-03 1.67849033E-02-3.52164435E-03
18 18-8.77672116E-02-8.70733438E-02 5.40757989E-03-1.23307331E-02 1.12759525E-02
18 19-3.75935225E-02-3.55905637E-02-1.97518400E-03-4.95375118E-03-2.10280198E-03
18 20-4.95962290E-02-5.36809377E-02 5.27422736E-03 1.00458668E-03-7.43393583E-04
18 21-8.32938279E-02-5.22563725E-02 6.87022858E-03 1.00935799E-02-1.31478064E-02
19  1 8.23176084E-02 9.94430780E-02-3.10981703E-03-4.05254946E-03-4.49789978E-03
19  2 1.98227213E-02-2.23609402E-02-6.16081123E-02-5.65147910E-02 1.82003554E-01
19  3-1.04012370E-01-5.77934427E-02-5.77852824E-02 1.34551130E-01-4.94218359E-02
19  4-6.15777246E-04-5.34321084E-03 3.08798063E-02 1.02118019E-02-1.30499747E-02
19  5 1.23874793E-01 2.59441403E-02-1.76558851E-01-3.26940336E-02 6.06715735E-02
19  6 5.70031908E-03-7.76208540E-02 8.12832600E-02-1.95306365E-02-1.76715229E-02
19  7-2.15155798E-02-2.97714811E-02 3.16889590E-02-4.12235144E-02 6.84269697E-02
19  8 1.44770060E-01 1.22954930E-01-3.66439678E-02 7.41379552E-02 1.38858462E-01
19  9 9.22418940E-02 7.13696261E-03 1.21504337E-02 2.68563573E-02 3.24057592E-02
19 10 4.00094046E-02 1.85566185E-03 8.61001973E-05 3.42121231E-03-1.12048789E-02
19 11-7.09271591E-03 1.60932204E-04-1.66571519E-03 2.77386886E-03 3.35043872E-02
19 12-3.79694796E-02-1.44177918E-01-4.44141340E-02 2.63574564E-01-1.24793332E-01
19 13-1.30684343E-01-4.19945286E-02 2.82146613E-01-1.43650694E-01-2.03878923E-02
19 14-3.30739489E-02 6.30156676E-02-1.11800781E-02 1.28178236E-02 2.19982838E-01
19 15-8.74284588E-02-6.47607751E-02 5.10601999E-02 2.26668890E-01-8.16370342E-02
19 16-7.45578298E-02 7.86785247E-03 7.89910690E-02-2.65426599E-02-3.45874755E-02
19 17-2.43433600E-02-2.50942616E-02 8.75542616E-03-1.61428894E-03-6.95526900E-03
19 18 1.23475728E-02 2.65583822E-04 1.18250804E-02 7.88585239E-03-4.65301443E-03
19 19 7.52382361E-02 9.74150279E-02 7.02015549E-03 2.99432827E-03 1.07270386E-02
19 20 8.31898411E-02 1.00735437E-01-6.92617970E-03-4.79064335E-04-2.75352173E-03
19 21-6.36522610E-02-7.52663592E-02 2.00360811E-03 7.48107272E-03 1.21506638E-03
20  1 2.70367879E-02 3.68908710E-02 3.91143914E-05-7.17171875E-04-2.96025476E-03
20  2-1.01919259E-02 9.24999871E-03 3.81836553E-02 6.48326143E-02-1.58679940E-02
20  3 6.32993271E-02 2.37559346E-02 4.40179564E-02-3.60278155E-02-2.53985182E-02
20  4 1.32484716E-02-4.46539215E-03 8.33435206E-03 1.77801945E-04 1.92440644E-03
20  5-1.45424607E-01 1.35221154E-02 4.48798677E-02 5.37035756E-03-6.31341973E-02
20  6 8.17230232E-03 3.24204150E-03 5.35289092E-02-5.34513494E-02 2.41537347E-02
20  7-4.95007309E-04 2.54963697E-02-2.90411400E-02 2.62375756E-01-2.68350308E-02
20  8-1.49890745E-01-8.49687888E-02 2.69628415E-01-3.95700497E-02-1.38766598E-01
20  9-9.15562233E-02 8.04604597E-02 5.66121965E-03-4.44744800E-02-3.77287765E-02
20 10-5.35550387E-02-3.53099953E-03 3.01246630E-04 4.04859209E-04-2.01895042E-02
20 11-2.70199246E-02 1.69331940E-03-7.70993589E-04 3.07779472E-04-1.75030882E-02
20 12 1.75942794E-02 1.32815127E-01-1.90530917E-01 3.71194013E-02 8.14943159E-02
20 13 1.26584561E-01-2.03898997E-01 4.02644935E-02-3.26930320E-02 5.69548747E-02
20 14-8.98749919E-02 5.55119627E-03 6.20190813E-03-4.86374415E-03 2.49336530E-01
20 15-7.98486884E-02-1.33621408E-01-3.27141461E-02 2.60062139E-01-7.52539618E-02
20 16-1.35213061E-01-3.76881907E-02 9.62702956E-02-2.65067636E-02-5.20180807E-02
20 17 8.04803299E-03 1.43001842E-02 1.22216154E-02-5.11527715E-03-4.76106562E-03
20 18 1.03263174E-02 3.70018527E-02 1.30599585E-02 3.13182707E-03-6.90108409E-03
20 19-4.17223075E-02-2.42021890E-02-7.11906977E-04-1.13833922E-02 1.49024578E-03
20 20-1.23224099E-01-1.50416232E-01 1.01261958E-02 4.15242770E-03 5.67886363E-04
20 21 7.03748043E-02 6.54177832E-02 4.80228745E-03-1.08907230E-02 1.28712828E-02
21  1-5.00850325E-02-7.40319379E-02 1.14404365E-03 2.84062767E-03 3.31438196E-03
21  2-1.20133377E-02 1.47370447E-02 8.45182822E-03 3.25250792E-02-9.89349400E-02
21  3 5.78577822E-02 2.98479659E-02 4.00922880E-02-5.98896300E-02-1.57621877E-01
21  4-1.00500248E-02-1.55920793E-02 1.23083407E-02-1.31021704E-02 1.26999039E-02
21  5 3.48737944E-02-4.99552196E-02 6.98786566E-02 4.95227427E-02-8.83920463E-03
21  6-1.58795913E-02 2.00230003E-02 1.76611776E-01-2.27933169E-02-5.76494702E-02
21  7 7.39607678E-02 3.38117838E-03 1.15399329E-03-1.63846116E-01 3.42427426E-02
21  8-1.08847018E-01-3.54350516E-02-1.80421623E-01 4.23276978E-02-1.07637457E-01
21  9-1.75078709E-03-4.78307522E-02 1.76398297E-02-5.53111992E-02 1.12955506E-02
21 10 2.26839234E-02 2.26521803E-03 7.27730488E-04-2.43499432E-03-7.97478280E-03
21 11-1.29619990E-02-1.32786906E-04-2.94940667E-04-1.97949662E-03 1.56470685E-03
21 12 1.84936979E-03-7.18286039E-02 2.37348423E-01-1.99391850E-01-2.61607507E-02
21 13-7.33126584E-02 2.45624616E-01-2.20040449E-01 2.44833630E-02-1.69166741E-02
21 14 1.11504657E-01-7.49872029E-02 1.23560419E-03-1.65042745E-03 3.32150431E-01
21 15 2.13187545E-02-9.34475649E-02-9.45212096E-03 3.43852086E-01 1.37524517E-02
21 16-9.46847663E-02-2.50340941E-02 1.30387561E-01 1.57647839E-02-4.11828535E-02
21 17 9.94969228E-03 1.29173046E-02 1.63077825E-02 2.71654824E-04-2.48805347E-03
21 18-1.60950083E-02-2.49172472E-03 1.12291731E-02-1.19938500E-02-9.65542722E-04
21 19 2.38044711E-03 1.48803527E-03-2.83714984E-03 1.18668574E-02-7.47748525E-03
21 20 4.88705914E-02 6.81705266E-02-4.35237525E-03-3.23644374E-03 2.06501186E-03
21 21 1.81880533E-02 9.78044484E-03-8.57237732E-03-5.15461383E-03 5.00325816E-03
22  1-3.03077861E-02-2.61991095E-02 9.66797671E-04 1.81913910E-03 2.22549288E-04
22  2-1.25178696E-02 1.41253881E-02 2.93443341E-02 1.40149700E-02-7.87018049E-02
22  3 5.96945738E-02 1.68890487E-02-5.12358170E-05-7.87966233E-02-7.46325203E-03
22  4 7.81498351E-03-4.68426978E-04-5.78052169E-03 3.17124015E-03-1.86619359E-03
22  5-8.48497728E-02-5.52092570E-02 2.46155731E-02-1.25686676E-02-4.86062324E-02
22  6 1.92109055E-02 5.60732028E-02 2.52935338E-02-3.66340498E-02-1.48183433E-02
22  7-1.74003039E-02 5.13885954E-03-1.98599776E-03 2.85002137E-01 2.06076747E-01
22  8 2.53968546E-01-4.32926126E-02 2.90021708E-01 2.25194503E-01 2.62843992E-01
22  9-3.38714271E-02 1.13173894E-01 7.90583327E-02 9.14214049E-02-1.79305043E-02
22 10-3.34884393E-02-1.41351255E-03-5.48586290E-04-9.12156720E-04 1.31388701E-02
22 11 6.12710612E-03-1.23027989E-04 1.35228526E-03-3.48275960E-04-1.12510910E-02
22 12 5.68943889E-03-7.74540506E-02 2.66687413E-01 1.03463402E-02 8.58664490E-02
22 13-8.12376986E-02 2.80018883E-01 2.95775931E-02 2.56896403E-03-1.53691897E-02
22 14 1.08214241E-01-1.04549863E-02 2.29958004E-03-2.38314516E-03 2.41281045E-03
22 15 2.30898473E-02 1.98753971E-03-1.18287126E-02 3.61675154E-03 2.23344487E-02
22 16 3.16266247E-03-3.69003062E-02 6.86170876E-03 2.16018693E-02-4.32785929E-04
22 17 5.90178350E-03 1.31244857E-02 3.63227524E-04 4.30698336E-04 1.27327038E-03
22 18 7.38299753E-04 1.04274793E-02-1.88168859E-03-3.62957297E-03 2.13613514E-03
22 19-2.47233448E-02-1.83841236E-02-8.02304332E-03 9.66214318E-03-6.99537562E-04
22 20-9.57756198E-02-1.32365244E-01 8.39512586E-03 3.50953970E-03-1.19116267E-05
22 21 1.01182878E-02 1.71378402E-02 1.22829458E-02 6.96089170E-03 1.22292599E-02
 $END   
 $GRAD  
E=     -306.3400961547  GMAX=   0.0000550  GRMS=   0.0000181
H            1.   -4.8975852049E-06   -2.3912316925E-06    2.4158968644E-06
C            6.   -5.5017781245E-05   -3.0452090054E-06   -2.1027357498E-05
C            6.    1.3038898429E-05    1.4031787429E-05    3.3055312016E-05
O            8.   -4.7851836625E-05   -1.0066758038E-05   -2.4012636114E-05
H            1.   -3.8919884259E-06   -5.0066136645E-06   -8.4454266444E-06
H            1.    8.5395781982E-06    6.4033829019E-06    6.8212705295E-06
O            8.    1.2124313328E-05   -1.9401656699E-05   -1.7337077135E-05
O            8.    2.1586306602E-05    1.3479769531E-05    2.0833766395E-05
H            1.    1.1183609204E-06   -6.5929891099E-06    4.4419566980E-07
H            1.    2.4143070819E-05    2.2377638959E-05    9.0784660692E-06
H            1.    1.0971803541E-05   -2.2444599332E-05   -3.9834876163E-06
H            1.   -1.0982547255E-06    4.3629971817E-06   -1.0520409008E-05
H            1.    2.1235109393E-05    8.2934854172E-06    1.2677474413E-05
 $END
----- RESULTS FROM SUCCESSFUL RHF      GEOMETRY SEARCH -----
----- COORDS, ORBS, GRADIENT, AND APPROX. HESSIAN -----
 COORDINATES OF SYMMETRY UNIQUE ATOMS (ANGS)
   ATOM   CHARGE       X              Y              Z
 ------------------------------------------------------------
 H           1.0   3.1783988026   0.6372496332  -0.2513794820
 C           6.0   2.9291373045   0.1725700238  -1.2087172538
 C           6.0   3.3938301430   1.0635782756  -2.3453537599
 O           8.0   2.6765640506   2.3242142618  -2.2566869546
 H           1.0   1.8448285714   0.0318890371  -1.2576125055
 H           1.0   3.4257795818  -0.7987961849  -1.2711312293
 O           8.0   3.1572041113   0.4451103667  -3.6660435666
 O           8.0   3.7554861914   2.9100758218  -4.7355306723
 H           1.0   3.5168618072   3.3405940503  -5.5607852990
 H           1.0   3.5714428721   1.9561157899  -4.8109178100
 H           1.0   2.2537618581   0.1053689215  -3.7102830390
 H           1.0   4.4697404506   1.2344814262  -2.3399607799
 H           1.0   2.9713924770   2.8762493261  -3.0068513860
--- OPTIMIZED RHF      MO-S --- GENERATED AT 23:54:08 11-SEP-2026    
E=     -306.3400961547, E(NUC)=  199.1996997356
 $VEC   
 1  1 2.46385725E-05 9.14725753E-05-4.96769660E-06-3.62300010E-05 2.52053124E-05
 1  2-2.73304276E-05-9.06366671E-05 2.66310368E-05 3.37545646E-05-4.46413874E-05
 1  3 6.63790663E-04-1.01427871E-04 3.50518591E-05-5.56159118E-04-3.17661080E-03
 1  4-3.24874101E-05-3.23599572E-04 8.66711829E-04 8.70136838E-05 2.36011592E-04
 1  5-4.04885883E-06 7.59827024E-05 2.38359315E-04-1.72834664E-03 4.16482467E-04
 1  6 3.75798003E-04 5.28422054E-04 4.66223569E-03-9.19642595E-04-1.07920421E-03
 1  7-1.68215731E-04-6.85767693E-05-1.53135378E-04 1.07372510E-05 3.38172299E-05
 1  8 2.83411197E-05 5.39658437E-04 2.42292210E-05-3.25632971E-04-2.33746722E-04
 1  9-1.88213705E-04 5.24886161E-05-4.41693553E-05 4.08123240E-05-1.00508553E-04
 1 10 1.37999783E-05-1.29849533E-05 1.42144008E-05-1.11843977E-06-6.76520785E-05
 1 11 7.71458257E-05 2.50013318E-05 4.19162918E-06 8.66000955E-06-9.93872328E-01
 1 12-2.67661359E-02 1.06785713E-03-1.72074615E-04-1.13661307E-03 5.85357765E-03
 1 13-3.91108189E-04 4.06107117E-04 1.12243232E-03-3.37267652E-03 9.64087058E-05
 1 14-3.57042645E-04-5.88556795E-04 3.93193891E-05-7.93706039E-06 8.91214582E-06
 1 15 1.97951542E-05-1.46962092E-05-2.39399900E-05-3.24704883E-05-1.05825467E-04
 1 16 8.00832375E-05-2.22818434E-05 7.35312898E-05-9.57238191E-05 1.37588589E-04
 1 17 1.04285029E-05 1.57879209E-04 1.63299623E-05 6.31299907E-06 2.29341440E-05
 1 18 1.74092723E-05 4.51267151E-05-2.73775850E-06-1.14190688E-05-5.73371184E-06
 1 19-3.22889049E-04 1.23798061E-04 2.70517056E-04 7.66961486E-05-5.81955578E-05
 1 20 1.11989142E-04 3.50280624E-04-9.61256910E-05-6.02508873E-05-1.09268439E-04
 1 21-6.17024482E-05 1.22227959E-04 2.24036132E-05-2.33690632E-06-2.19194646E-05
 2  1-6.07470675E-05 9.50098382E-05 3.08017644E-05-1.32706702E-05 6.10577408E-07
 2  2-2.25176282E-05-8.26007224E-05 2.91507482E-05 1.31782765E-05-2.47925276E-05
 2  3 4.45663969E-04-2.53877819E-04 4.54220151E-04-2.00231047E-04-3.54053933E-03
 2  4-9.78617584E-05-6.95525971E-04 5.58677852E-04 8.23667457E-05 1.93945881E-04
 2  5 9.17172888E-05-2.40247329E-04-4.99815488E-06-1.73869782E-03 4.41667165E-04
 2  6-7.65596607E-04 1.16447526E-04 4.32016801E-03-1.05583100E-03-2.11506187E-04
 2  7 1.25222690E-03-9.93878852E-01-2.68345112E-02-1.12896949E-03 5.11084726E-04
 2  8 1.09985933E-03 6.12891552E-03 9.36795102E-04-7.88041594E-04-7.66450174E-04
 2  9-2.37080614E-03-2.51094520E-04 5.37983837E-04 3.17844847E-05-9.38335488E-05
 2 10 1.16765611E-05-9.84614205E-06-9.54168837E-06-2.28580976E-05 3.46031451E-05
 2 11 1.45731704E-04-9.95261647E-06-6.45064303E-06 3.86694139E-05 2.64346739E-05
 2 12-1.49922896E-04 9.62606612E-06-4.04560941E-05-1.83144781E-05 5.20761391E-04
 2 13-6.66170235E-05 3.36179109E-04 2.42783941E-04-3.61493398E-04 2.44113597E-04
 2 14-4.18184363E-06-1.62950135E-04 1.47282481E-03 3.18862202E-05 2.84672039E-05
 2 15 2.02599796E-05-5.23860120E-05-1.00676448E-04-1.00338821E-04-1.33824666E-04
 2 16 2.11657739E-04 6.43566509E-04-2.87967984E-05-2.31058026E-04 4.02390176E-04
 2 17 4.58358291E-05 1.62554353E-04 5.27542250E-05-1.43685521E-05 1.89828759E-05
 2 18-3.27990815E-05-1.99486412E-04-7.87850445E-06-1.71714388E-05-2.21323025E-06
 2 19-8.94811710E-05 3.72718998E-04-3.50792191E-06-1.31818395E-06 1.93979877E-05
 2 20 1.46814861E-04 4.21545122E-04-1.40661650E-04 1.20323621E-04-1.87056141E-05
 2 21-3.19175332E-04-6.56061860E-04-1.09970357E-04-2.56929718E-05 1.74168604E-04
 3  1 7.07810520E-07-9.54237778E-05 1.62344813E-08-3.71314189E-06 1.28707490E-05
 3  2-1.20014906E-05-6.82590570E-05-6.15295319E-06-1.26939582E-05 1.76454892E-05
 3  3 4.10893192E-04 4.01273347E-05 1.23741985E-04-1.82830575E-04 1.07199402E-02
 3  4 9.02838017E-04 1.56532994E-03-2.11481736E-03 1.11210250E-05 5.23688288E-05
 3  5-1.83180814E-05-1.72816650E-05 5.23389113E-06-5.52208702E-04 1.67067873E-04
 3  6 1.56816749E-04-2.93518496E-05-1.01573237E-02 1.26017467E-03 2.69814185E-03
 3  7-3.24828013E-03-1.47407966E-03-5.29171150E-05-6.16338711E-07 2.68798136E-06
 3  8 1.07886358E-05 3.01726039E-05-3.05651848E-06-3.95436363E-05-3.41633707E-05
 3  9 1.94041347E-04 1.38378281E-04 5.75393511E-05-3.01610746E-05-3.82645971E-06
 3 10-1.40421362E-04-1.29867643E-05-2.30630438E-06 1.00329105E-05 1.69727254E-06
 3 11-1.28310960E-04 5.94374176E-06-1.04155666E-05 8.67148539E-06-4.18083797E-05
 3 12-1.51581845E-05 2.63041330E-06-3.24599357E-05 1.06320712E-05-3.62292627E-05
 3 13-4.68704899E-05 1.09067079E-04-3.52632410E-07 1.30586345E-03 8.92657653E-06
 3 14 4.64889149E-04 8.98843021E-05-9.93832971E-01-2.66091648E-02 6.12581125E-04
 3 15 6.35972333E-04 1.18227311E-03 5.17307009E-03-3.05342510E-04-4.46610460E-04
 3 16-4.84285897E-04-2.01152705E-03 6.07924738E-06 6.32025475E-04-9.10389421E-04
 3 17-1.59446035E-04-7.80893034E-04 7.52233125E-05-9.66646916E-05 2.74130807E-04
 3 18-2.10058044E-04-6.47475544E-04 6.62584433E-05 2.10418233E-04 3.17329676E-05
 3 19 6.08949893E-06-2.59759279E-04-6.64218857E-07-4.66750884E-05 1.75079290E-05
 3 20-2.50771509E-05 3.54514224E-06-1.13501415E-05-1.50101678E-06 1.02091396E-05
 3 21 6.04211017E-05 1.50371104E-05 7.29670536E-07 1.85374385E-05 1.67740993E-05
 4  1 1.30640655E-04 2.40284075E-04-1.04527726E-05 1.19758062E-05-3.00063397E-05
 4  2-8.69312242E-04 3.02196332E-04 2.26672837E-05-2.87417072E-05 4.45592131E-05
 4  3-3.21102749E-03-4.99953012E-04-9.63196670E-04 1.26421627E-03-3.92348800E-03
 4  4-4.44151303E-04-5.19438176E-04 4.84043837E-04-9.94549469E-01-3.07991851E-02
 4  5 5.72833514E-04-2.62209642E-04 6.06852336E-04 1.51540002E-02-1.20657116E-03
 4  6-2.72005662E-04-6.85818365E-05 6.44431434E-03-3.17881246E-04-5.25555891E-04
 4  7 7.16402504E-04 1.12062549E-05-1.96575602E-04-7.87839802E-05 9.57900627E-05
 4  8-2.73180854E-06-4.62854602E-04-4.99221653E-05 5.24232783E-04-6.99879760E-05
 4  9-3.83845099E-03-1.10815560E-03 1.19971742E-03 3.14697674E-04 1.79751231E-04
 4 10 1.66805484E-04 2.02180432E-05 1.35249849E-06-5.13890470E-06 1.39828614E-04
 4 11 2.43938877E-04-1.60329058E-05 2.48177459E-05-2.90224448E-05 1.60430605E-05
 4 12-1.62967774E-04-7.45415998E-05-7.38941360E-05-1.06544980E-04-5.42138007E-04
 4 13 1.60780561E-04-9.34190637E-05-4.88793925E-04-4.03312408E-03-2.17520310E-04
 4 14-7.50125323E-04-1.43044140E-03-5.41322633E-08 3.27329797E-06 7.71280976E-06
 4 15 2.25747915E-06-1.64387101E-05-6.78290201E-05-3.16738934E-05-8.36747157E-05
 4 16 1.21276407E-04 3.89656772E-04-8.00825119E-05-3.16925689E-04 4.68394112E-04
 4 17-1.78763919E-06 2.49257836E-04 3.36093628E-05 4.38793493E-06 1.45567901E-05
 4 18 4.49526417E-05 4.65903530E-05-2.46504085E-05-4.73423750E-05 3.50033559E-05
 4 19 6.04584423E-05 3.66963605E-04-4.06514399E-05-5.99338472E-05-1.36843797E-04
 4 20-5.08634684E-05-1.49907073E-03-3.60620080E-04-2.33942300E-05-5.13018028E-05
 4 21-5.16921935E-05 1.40267692E-04-5.44427572E-05 1.79079995E-04-7.57517426E-05
 5  1-1.60807179E-04 2.20089517E-03 1.66580314E-04 3.37960496E-04 4.43903762E-04
 5  2 9.94284515E-01 3.11299710E-02 2.98419291E-05 1.15349429E-04-1.53436871E-04
 5  3-1.33162425E-02-2.43057044E-04-9.67094914E-04 1.19169835E-03-1.89620487E-03
 5  4 6.51712520E-05-3.34832451E-04 3.17648597E-04-9.63117903E-04-1.78374426E-04
 5  5-3.46849756E-06 2.47175290E-05-5.01298533E-05 2.55029840E-03-4.98778162E-04
 5  6-1.16597997E-03 1.66381551E-03 5.36125421E-04 9.85528303E-05 9.98568993E-05
 5  7 1.41935514E-04 1.36251972E-05 2.46510895E-05-3.63077881E-06 7.74306239E-05
 5  8-4.55456168E-05-3.90326621E-04-3.61484205E-05-2.18580530E-04 1.85444621E-04
 5  9-8.49248867E-05-2.22651673E-04-4.77598738E-04 7.65391145E-04-1.48541257E-04
 5 10 2.38350777E-03-5.55521141E-04-4.94649555E-07-1.15341759E-04-1.58035585E-04
 5 11 2.07975404E-03 3.13781780E-04-4.85973089E-04-1.25260428E-04 5.13927984E-06
 5 12-3.67917638E-06 2.25892325E-05 5.20613031E-06-6.78325644E-05-1.77760411E-04
 5 13-7.65225998E-05 5.71025439E-05 4.70793070E-05 1.55376552E-03-3.52641846E-04
 5 14-6.98774027E-05 7.76083221E-04 8.10013960E-06 5.65379473E-05-7.95473952E-06
 5 15 2.56932022E-06 6.62230595E-06-2.12761299E-04 4.51191598E-05 3.84881605E-05
 5 16-3.17778705E-05 2.59042157E-04-4.91081483E-05-5.34960337E-05 9.90041109E-05
 5 17 1.85474758E-05-3.12843157E-05-3.81615704E-06-1.25236655E-06 1.22585402E-05
 5 18-2.26779498E-05 1.99757236E-04 9.92838826E-06 2.74095814E-05 1.70904883E-05
 5 19-6.43975903E-05-3.75061436E-04 9.22323406E-06-2.36586946E-05-2.72857399E-05
 5 20-1.62804353E-04 2.09649635E-04-2.25057276E-05 1.47025509E-05-1.08818484E-05
 5 21 3.53657119E-05 8.72691447E-04-2.31223825E-05-7.71891852E-05 9.35136297E-05
 6  1 5.25929646E-03 6.67059725E-03-4.95901076E-05-7.26067901E-04-1.02991677E-03
 6  2-1.96792664E-02 1.87476612E-02 3.44893408E-03 1.21796545E-02-1.70439309E-02
 6  3 3.28307170E-02-9.57380203E-03 2.92099915E-03-1.28391098E-02-1.31405199E-01
 6  4-8.23056653E-03-1.92969156E-02 2.43866727E-02-9.46616858E-02 1.07494508E-01
 6  5-3.83796328E-02 1.86679282E-02-4.53072481E-02 1.77480053E-01-3.68078405E-03
 6  6 1.44484298E-03-5.25048967E-03 1.79931233E-01-2.71219761E-02-2.62350221E-02
 6  7 2.57985533E-02-1.35848933E-01 1.41200944E-01 4.02588623E-02-2.98017469E-02
 6  8-3.87204342E-02 3.97462649E-01 4.21898530E-02-3.79309407E-02-4.06708937E-02
 6  9-4.33987807E-02-1.44454385E-02 2.18686722E-02 1.12557418E-03 4.39296261E-03
 6 10-9.03457746E-04 4.51656800E-04 3.98322659E-04-2.01507073E-04 5.12349758E-03
 6 11 3.59416795E-03-1.53338315E-04 1.01209029E-03 3.04827277E-04-1.60639858E-01
 6 12 1.68195408E-01-4.01793932E-02 1.37976180E-02 5.24631855E-02 4.69110272E-01
 6 13-3.01645972E-02 2.70460369E-02 5.97667722E-02-5.66498355E-02-1.73219353E-04
 6 14-1.06480584E-02-2.83179400E-02-3.46376278E-02 3.79538372E-02-6.08598237E-03
 6 15-8.15934600E-03-7.13273554E-03 9.16748267E-02-7.58392424E-03-1.14637531E-02
 6 16 2.14944764E-03 1.22516626E-02 1.23220006E-03-7.11664570E-03 1.24531002E-02
 6 17 1.78016403E-02 1.11126471E-02 1.74281216E-03-2.11078631E-03 3.97627909E-03
 6 18 2.38931290E-02 4.50502630E-03-6.52020450E-05 2.05031535E-03 1.59077179E-03
 6 19 7.91666615E-02 2.40153217E-02 1.46612178E-02 5.03790887E-03 4.96663068E-04
 6 20 2.69400228E-02 3.06242877E-03-5.96682645E-03 7.89939755E-05-1.97725028E-03
 6 21 6.40864325E-02 7.81715379E-03-3.43082583E-03-6.36654248E-03 8.22752591E-03
 7  1 1.46246853E-03 4.27537586E-03-5.42802166E-05-1.22344326E-04-5.40577542E-04
 7  2-4.06388944E-03 5.62786333E-03 9.21948969E-04 2.14877907E-03-4.03379436E-03
 7  3-4.05867340E-03-3.22486623E-03-5.01719364E-03 7.41141633E-04-2.30797665E-01
 7  4-1.85581631E-02-3.24668164E-02 4.66236443E-02-1.65700822E-02 1.82593506E-02
 7  5-5.53987269E-03-4.65694258E-03-1.18798186E-02 4.45673632E-02-7.58177450E-03
 7  6-8.00664387E-03 4.10622825E-03 2.30759919E-01-3.01903375E-02-5.98544442E-02
 7  7 6.28253786E-02-7.50222066E-03 6.98770405E-03 1.74926956E-03-6.68995770E-03
 7  8 9.70280456E-04 2.61210308E-02 3.15221465E-03-3.96883960E-03-2.48685495E-03
 7  9-8.33454731E-04-3.55958231E-03 1.90779126E-03-2.28153294E-03 1.27200750E-03
 7 10 2.78589968E-03 3.18240858E-04 2.25458850E-04-1.61428538E-04 1.21329373E-03
 7 11 3.12836448E-03-5.25909276E-06 4.25889115E-04-1.27957057E-04-4.05049103E-02
 7 12 4.29631281E-02-1.26050793E-02-1.53722615E-03 1.48308715E-02 1.23706021E-01
 7 13-7.51236766E-03-4.24988779E-04 1.74164113E-02-4.86206456E-02 2.05834986E-03
 7 14-1.48216566E-02-1.15640513E-02 2.27102694E-01-2.49988946E-01 3.58449471E-02
 7 15 3.70893206E-02 7.07538632E-02-6.43601247E-01 2.92667758E-02 3.13616788E-02
 7 16 5.01588630E-02-2.82310348E-03 8.47879432E-04-1.12445264E-02 2.20806474E-02
 7 17-1.28305984E-01-1.23728187E-02-6.18098017E-03 1.40082806E-02-2.24843117E-02
 7 18-1.17868175E-01-1.32187192E-02-4.34442560E-03-2.55085024E-02 8.99214639E-04
 7 19 2.22454697E-02 1.57444309E-02 4.21574213E-03 2.12813444E-03 2.08983824E-06
 7 20 4.94698639E-03 4.47050282E-03-1.12084113E-03-5.28760685E-05-9.87841555E-04
 7 21-8.41755227E-03-1.26884212E-02-9.23044231E-04 3.73750814E-04 2.04186860E-03
 8  1-2.78106855E-04 5.05623301E-03-7.10491496E-04-2.92779447E-04-3.28683409E-04
 8  2 2.49251642E-03-2.21971697E-03 5.68327295E-04-8.24762290E-03-2.32446186E-03
 8  3-7.95435497E-03 5.11537633E-03-2.15145907E-02-1.08603465E-02 6.85393635E-02
 8  4 7.61330115E-03 1.34847789E-02-8.12434026E-03 1.37472281E-02-1.54308758E-02
 8  5 2.22830948E-02-8.95057385E-02-5.25736441E-02-2.73424115E-02-6.67231308E-03
 8  6-3.70433672E-03 4.24393030E-03-6.24056319E-02 7.74669096E-03 5.06133951E-03
 8  7-3.86542883E-02 1.77653432E-01-1.88945658E-01-4.76621926E-02 1.28859965E-02
 8  8 4.53195258E-02-5.32711647E-01-5.38238074E-02 3.32528604E-02 3.70663974E-02
 8  9 7.97245265E-03 7.27863762E-03-1.93764593E-02 1.69785818E-03-2.43842158E-04
 8 10-2.17397321E-04-1.22100589E-04 5.07575919E-04 6.03905389E-04-9.28682395E-04
 8 11-6.96925883E-03 8.37348456E-04-4.64906924E-04-3.17738073E-04-1.53700324E-01
 8 12 1.64816474E-01-4.48690479E-02-6.72117410E-03 3.16740651E-02 4.59577417E-01
 8 13-2.67631442E-02 5.03746024E-03 4.69952865E-02-6.49445167E-03 9.13760085E-04
 8 14-5.67469082E-03-7.28986385E-03-2.06973509E-02 2.31907993E-02-2.72725026E-03
 8 15-5.49324025E-03-9.44518006E-03 5.93315808E-02-1.89987691E-04-2.36332315E-03
 8 16-1.06915213E-02-1.52193634E-02 1.05097899E-03 7.43728940E-03-7.61605898E-03
 8 17 1.19100813E-02-5.42354824E-04 1.24943675E-04-1.12298965E-03 1.86639662E-03
 8 18 1.76428039E-02 1.20847842E-02 6.64054556E-05 1.43167295E-03 1.27396581E-03
 8 19 8.88037216E-02 1.89942833E-02 1.68749784E-02 5.77409933E-03-8.99107353E-05
 8 20-3.06457063E-03 5.57916242E-03 1.08691479E-03-3.33929956E-03-2.39753911E-03
 8 21-9.22601747E-02-6.45285537E-03 6.31200600E-03 8.73007305E-03-1.47542041E-02
 9  1-8.71655259E-02-9.07015146E-03 2.50258467E-03 4.46336478E-03 9.89775183E-03
 9  2 1.70582073E-01-1.84204974E-01-2.23831093E-02-3.46721140E-02 4.20475644E-02
 9  3-4.20945401E-01-8.41170294E-03-9.71133032E-03 1.58419583E-02-5.01279849E-02
 9  4 3.93734497E-04-7.55477846E-03 1.20338891E-02 1.21798938E-01-1.30776528E-01
 9  5 4.74861060E-03 6.73443090E-02-9.27634104E-02-3.37842149E-01 1.11077745E-02
 9  6 2.00806838E-02-2.29330848E-02-1.45820332E-02 1.05974925E-03-4.65849586E-03
 9  7 7.22402840E-03-4.88824998E-02 5.42709490E-02-4.33057870E-03 7.32390494E-02
 9  8-5.05650236E-02 1.64091831E-01 2.41914755E-03 3.74022916E-02-3.82001911E-02
 9  9 5.75716542E-02 7.29912837E-03-1.79831856E-02 8.31745948E-03-8.43533653E-02
 9 10-7.09611639E-03-1.10211777E-02-1.60567988E-03-2.50356288E-04-8.64666991E-02
 9 11-6.13711335E-03 4.83997795E-03-9.81011909E-03-4.55126242E-04-4.90479245E-02
 9 12 5.43696893E-02-4.47371235E-02-1.72053616E-02-5.30910174E-02 1.65564214E-01
 9 13-3.54257197E-02-4.72427492E-03-2.82467534E-02 8.10814631E-02-6.71402931E-03
 9 14 4.24752260E-03 2.36901391E-02 4.43674702E-03-4.97937812E-03-1.50284298E-03
 9 15-3.22922674E-03 8.56265118E-03-1.47527680E-02-1.84491908E-03-1.66162385E-03
 9 16 6.10237654E-03 5.43388077E-03-1.45547374E-03 1.84748447E-03-2.89191126E-03
 9 17-6.54157355E-03-7.85830316E-03-3.90220486E-04 6.75514872E-04-1.14185316E-03
 9 18 2.50743517E-03 1.25382757E-03-2.68382669E-04-5.57499329E-04 2.27152758E-04
 9 19 5.30080905E-02 7.58629212E-03 9.97630740E-03 3.47434061E-03-1.94611011E-03
 9 20-6.40460966E-02-1.06736718E-02 7.52097428E-03 2.17114198E-03-1.08563471E-03
 9 21 6.57450321E-02 3.25476274E-02-4.43285087E-03-7.38791241E-03 1.07631851E-02
10  1-8.07496830E-02-2.53401595E-02 3.05134777E-03 5.74399602E-03 6.93732819E-03
10  2 1.10492183E-01-1.13111662E-01 3.84964148E-02 4.26889147E-02-5.52829605E-02
10  3-3.53995727E-01 1.48250063E-02 8.30731980E-03-6.61508294E-03-1.24487377E-01
10  4-9.52019189E-03-1.51009552E-02 1.74764524E-02-1.29071125E-01 1.39096741E-01
10  5 9.09719641E-02 3.94330361E-02-8.87962390E-02 4.54670475E-01 5.34871596E-02
10  6 1.52635132E-02-3.92652732E-02 1.43553565E-01-2.18154268E-03-1.59644134E-02
10  7 1.90553822E-02 4.23821782E-02-4.89999579E-02 5.09163722E-02-1.00339581E-01
10  8 1.77542395E-02-1.50533814E-01 3.97296248E-02-7.19450759E-02 1.01808382E-02
10  9-6.19964815E-02-1.32557521E-02 2.62938981E-03 8.28778274E-03-9.14325813E-02
10 10-2.64422977E-02-9.20596847E-03 1.34230306E-04-1.97988167E-03-7.89643244E-02
10 11-2.23073298E-02 5.32854633E-03-7.29379091E-03-2.54385042E-03 2.25272837E-02
10 12-2.92434637E-02 1.48145394E-01 1.08619385E-01 1.11160485E-01-7.49049719E-02
10 13 1.15409151E-01 8.70762129E-02 8.57149036E-02-6.35201757E-02-3.79623080E-04
10 14-8.23810852E-03-1.41491617E-02 8.76516750E-04-9.13084570E-04 4.28368911E-03
10 15-1.31664182E-02 4.50569850E-03-4.10183578E-03 4.05905531E-03-1.28437261E-02
10 16 6.29703221E-03 7.71126219E-03 2.67698651E-04-5.77791670E-03 1.05113740E-02
10 17-7.04513071E-03 1.56464543E-03 5.69898648E-05 2.10430883E-04-6.47990682E-04
10 18 9.13854401E-03 6.73758992E-03 8.13034548E-04 8.19096997E-04 1.52197870E-03
10 19-1.27336086E-01-6.57557944E-02-2.02230796E-02-6.89780146E-03-8.57880998E-04
10 20 1.28515153E-01 4.27730694E-02-1.16416879E-02-1.54812596E-03-2.49871904E-03
10 21-5.99702071E-02-2.81124376E-02 6.28725021E-03 4.50686418E-03-1.08001547E-02
11  1 3.19024396E-02 1.11185049E-02-9.84236839E-04-3.61050367E-03-1.89276275E-03
11  2-3.80223230E-02 3.51734937E-02 1.88333427E-02-7.65426187E-02 4.32566246E-02
11  3 1.65710513E-01 2.56816321E-02-3.42938737E-02 4.41582684E-03 5.83943941E-02
11  4 2.41763002E-03 1.49342406E-03-5.02588302E-03 2.66826311E-02-3.02318766E-02
11  5 1.18382897E-01-7.61296209E-02-8.38617558E-02-1.05205339E-01 1.07410018E-01
11  6-9.11576155E-03-8.59478358E-02-5.33295904E-02 1.57085907E-02 1.45106928E-02
11  7-1.46801733E-02 1.25853680E-02-8.31783926E-03 6.26280136E-03 1.90946846E-01
11  8-1.28209106E-01-6.32286032E-02-3.71505384E-03 1.57627967E-01-9.72160410E-02
11  9 5.98054586E-03 3.73643172E-03-8.42443858E-03-5.52739981E-03 1.95414852E-02
11 10 5.75650603E-03 3.10921892E-03-1.63950169E-03 2.02694571E-03 6.57523452E-02
11 11 3.02966503E-02-2.34047498E-03 3.92321556E-03 1.06951372E-03-1.23837509E-02
11 12 1.01479588E-02 1.34090512E-01 6.79417798E-02 1.31727951E-02 5.34290232E-02
11 13 1.07594381E-01 5.96521804E-02 1.10318205E-02 2.27295907E-02 3.79165915E-03
11 14 2.90938172E-03 8.71027315E-04 2.21659580E-03-3.98515129E-03 2.81202317E-03
11 15-2.15502249E-01 1.60899157E-01-4.77217486E-03-1.09480013E-04-1.67578982E-01
11 16 1.33568991E-01-8.19159220E-03-1.56474564E-03-8.53605251E-03 1.02683084E-02
11 17-1.57193466E-01-1.00674361E-01-7.15999668E-03 7.85755182E-03-2.13524144E-02
11 18 1.34445330E-01 9.97123682E-02 5.04219620E-03 1.88570246E-02 7.65752501E-03
11 19-8.84682082E-02-6.37192116E-02-1.22637509E-02-5.52878621E-03-2.50545453E-03
11 20 3.53203306E-02 2.49253221E-03 1.20091959E-03-2.09789599E-03-1.11357288E-03
11 21 1.37520683E-01 1.05513746E-01-5.65917147E-03-1.40756223E-02 1.63490319E-02
12  1-1.08965338E-05-1.79505535E-03-6.67890415E-05 2.07423281E-03 3.34313690E-04
12  2 1.36123420E-02-1.28204238E-02-3.17759102E-02 7.13026526E-02-4.40093458E-03
12  3-5.16454624E-02-2.21862587E-02 5.04222912E-02 9.79511339E-03-1.41714488E-02
12  4-2.48884470E-03 2.60798041E-03 3.26031748E-03-9.79323260E-03 1.02961546E-02
12  5-1.07291985E-01 1.09221191E-01 8.77642897E-02 3.28836299E-02-8.17024225E-02
12  6 6.43026621E-02 5.26682526E-02 6.51802303E-03-2.16296378E-03-8.08924653E-04
12  7 4.86743657E-03 3.46172707E-03-8.05135882E-03 9.57929383E-03-1.93344331E-01
12  8 1.05678508E-01-2.99120062E-03 1.34211555E-02-1.62857394E-01 8.10129856E-02
12  9-2.30623457E-02-3.96401330E-03 1.61306517E-03 6.96326730E-03 3.69245746E-03
12 10 5.59551106E-03-7.53592095E-04 1.41303676E-03-9.26293315E-04-5.30205799E-02
12 11-2.87719790E-02 9.35683249E-04-2.98732285E-03 1.88408259E-04 1.15440259E-02
12 12-1.04463248E-02-1.04524020E-01-4.52055233E-04-9.32859034E-02-5.35507380E-02
12 13-8.48848915E-02 6.82395704E-03-9.11939240E-02 1.96307386E-02-1.02479546E-02
12 14 1.16854563E-02 6.91269149E-03-1.27934557E-03 2.07746108E-03 1.54332414E-02
12 15-2.86534732E-01 1.26178888E-01 4.67459002E-03 1.30786748E-02-2.25433237E-01
12 16 9.70244015E-02-1.99355266E-03 2.05144653E-03-2.16260806E-02 6.08853134E-03
12 17-1.65595413E-01-1.11834256E-01-7.41254373E-03 5.57208888E-03-2.40688084E-02
12 18 1.77564429E-01 1.27176190E-01 6.55565526E-03 2.73922794E-02 5.20965833E-03
12 19 6.26496656E-02 3.85532013E-02 8.44489679E-03 5.49262237E-03-5.91553632E-04
12 20-3.80883509E-02-1.42199762E-02 4.81449917E-04 2.16511993E-03 1.67451084E-03
12 21-1.16268919E-01-8.16216058E-02 7.21114441E-03 9.77616904E-03-1.74774613E-02
13  1 5.71590673E-02 3.85252779E-02 2.22045316E-03 4.23171186E-05-3.12369432E-03
13  2 8.09965247E-03-9.97309722E-03 1.42172658E-01 5.01848507E-02 5.74236281E-02
13  3-2.07483151E-02 9.42196366E-02 3.52159631E-02 3.72245488E-02 1.30958954E-01
13  4 1.38562800E-02 2.03695350E-02-2.07709113E-02-1.59831493E-02 1.70870342E-02
13  5 2.44150981E-01 7.61149209E-02 1.74636105E-01 6.17434034E-02 2.03386948E-01
13  6 5.52797943E-02 1.12530834E-01-1.28399543E-01 3.51637085E-02 3.84815158E-02
13  7-3.93336658E-02 5.58524923E-03-5.51894450E-03 1.03878962E-01 8.35693166E-02
13  8 5.16011634E-02-2.34072848E-02 9.40475511E-02 7.28910455E-02 5.20033090E-02
13  9 1.29131124E-02 1.43494869E-02 2.57946192E-03 7.81087956E-03-9.72665034E-02
13 10-6.80770553E-02-5.85220718E-03-1.14341443E-03 1.65960915E-03 4.43385934E-03
13 11 3.12282100E-03 2.64942498E-03 7.51573697E-04 8.40206217E-04-9.51470500E-03
13 12 1.68128229E-02-9.00173183E-02-1.49282961E-01-1.92064280E-01 1.55400915E-02
13 13-6.77228067E-02-1.36317933E-01-1.81914750E-01 2.38694398E-02-7.80923567E-03
13 14-1.86840042E-02-7.17547363E-03-6.35789831E-04 8.28384760E-04 4.18882061E-03
13 15 1.13731804E-02 4.52894109E-03 1.67726937E-03 5.58871604E-03 1.28111377E-02
13 16 4.68673750E-03-1.32624641E-02 1.55023133E-04 4.26207950E-03-1.93431879E-03
13 17 1.28748631E-03 1.56436104E-03 1.00600920E-04 1.77908034E-04 3.68539949E-04
13 18-6.78858444E-03 5.40887642E-03-4.07729680E-05-1.28876117E-03-5.15133389E-04
13 19 1.14997529E-01 8.97513133E-02 2.11195463E-02 4.49218563E-03-4.55040905E-03
13 20 1.65069340E-01 8.71971912E-02-9.96268035E-03 1.77138688E-04 3.69668748E-03
13 21 2.37784981E-02 1.83534756E-02 2.78174769E-03 4.42608316E-04 5.99347879E-03
14  1-1.41047048E-01-9.82462007E-02 3.65340092E-03 5.69236333E-03 7.16524112E-03
14  2 2.19729516E-02-1.87413519E-02 6.64207908E-02 1.97280786E-02-2.43938952E-01
14  3-1.20397610E-01 3.94326401E-02-2.99320060E-02-1.61286822E-01-3.06300469E-02
14  4 7.99374885E-03-2.39025078E-03-1.19407720E-02-4.52732198E-02 4.58247758E-02
14  5-3.31477620E-02-2.01718012E-01 1.03084441E-01 1.79631672E-01-6.95738879E-02
14  6-1.58999792E-01 8.04269020E-02 5.72789111E-02-2.37585914E-02-1.02033563E-02
14  7-3.36263169E-03 4.80577628E-03-5.50228030E-04-5.26054533E-02 1.09776975E-01
14  8-5.37969184E-02-3.84412555E-02-5.11125826E-02 1.10015436E-01-4.50077982E-02
14  9-8.60814457E-03 2.68735128E-03 2.57287665E-03-1.03161821E-02-5.20845849E-02
14 10-4.23049692E-02-4.64019508E-03 7.14280229E-05-4.71076676E-03-1.38223416E-03
14 11-1.50730001E-02 2.62793396E-03-1.18391884E-03-5.14089169E-03 5.52270757E-02
14 12-5.63069009E-02-1.66927108E-01-1.39349874E-01 1.38932599E-01-2.28905009E-01
14 13-1.46982062E-01-1.36119548E-01 1.21468194E-01-1.28973515E-01-1.05019435E-02
14 14-2.74624423E-02 1.71156415E-02-1.77601216E-02 1.84755182E-02 9.68438945E-03
14 15-4.88307584E-02 9.49026691E-02 7.36287978E-02 6.23628557E-03-3.78576480E-02
14 16 8.14716114E-02 2.97834694E-02 2.61301729E-04-1.14402051E-02 1.59851242E-02
14 17-6.40468299E-02-4.82307364E-02-2.46651166E-03 4.43950156E-03-6.89802581E-03
14 18 1.17501566E-02-4.28726954E-03 1.99246246E-03 8.47624040E-03 1.21142364E-03
14 19 1.00398589E-01 9.35928667E-02 1.07507629E-02 2.43704789E-03 9.59262057E-03
14 20 3.37332066E-03 1.94475640E-02-2.81125684E-03-1.91627283E-03 2.79859634E-03
14 21 6.95707516E-02 6.48116689E-02-4.92478733E-03-4.69225542E-03 7.59240165E-03
15  1-1.79900496E-02-1.69046086E-02 2.49288767E-03 1.45579738E-03 6.31730727E-04
15  2 6.84563134E-03-5.48023217E-03 7.80670159E-02 4.02794394E-02-6.32475075E-02
15  3-5.92696340E-02 2.81543701E-02 3.91702354E-02-2.56907421E-02 1.94190714E-01
15  4 1.71390575E-02 3.36440586E-02-3.91732249E-02 2.47582308E-02-2.42583113E-02
15  5 1.82659026E-03-1.51292886E-01 7.86996193E-02-9.02165054E-02 1.48583661E-02
15  6-1.45049669E-01 1.00255559E-01-2.42253742E-01 3.26444840E-02 4.37852180E-02
15  7-5.79846345E-02-6.99375212E-02 7.45129510E-02-1.78722951E-01 8.54618720E-02
15  8 2.14933563E-01 2.86978892E-01-1.62272898E-01 7.33342164E-02 2.01768685E-01
15  9 1.56744240E-01-2.10594839E-02 8.96124944E-03 2.58892996E-02-6.12657855E-02
15 10-6.09232792E-02-5.01611066E-03-3.33188342E-04-9.80708160E-04-1.46012241E-03
15 11 1.71335476E-02 1.79122294E-03 1.47576966E-03-1.63734071E-03-4.11877422E-02
15 12 4.10771430E-02 2.10710927E-01-7.66774115E-02-1.94618932E-02 1.79955680E-01
15 13 2.01797237E-01-7.02280389E-02-1.13350960E-02 6.95671012E-02 4.12091287E-02
15 14-2.87844508E-02-2.17037021E-03 2.34278711E-02-2.13050694E-02-7.53425044E-03
15 15-1.14250857E-01-1.40196017E-01-1.01657198E-01 3.53769042E-04-9.53449482E-02
15 16-1.42259198E-01-6.89561866E-02 2.95190680E-03-1.29522632E-02-4.55315570E-02
15 17 2.81423577E-02 2.07421232E-02-7.79559227E-05-8.11735147E-03-1.92450622E-03
15 18 6.92482936E-02 7.94675129E-02 3.21909894E-03 9.73243786E-03-6.00565485E-03
15 19-9.35922511E-02-7.66265007E-02-7.10263957E-03-1.01636918E-02-3.92887944E-03
15 20-3.76608962E-02-3.00675919E-02 4.69631930E-03-2.92789750E-03-2.56552557E-03
15 21-8.02323766E-02-7.99502611E-02-6.25029518E-03 1.14532495E-02 2.12274213E-03
16  1-1.07856928E-01-8.98418286E-02 4.16872604E-03-1.33809303E-03 7.58928691E-03
16  2 1.03894610E-03-2.26706681E-03 1.03465321E-01-2.85052648E-01-5.47955719E-02
16  3 4.19995116E-03 9.14065157E-02-2.19516085E-01-5.17146754E-02 1.55804503E-01
16  4 2.09799540E-02 8.98471788E-04-3.30278987E-02 2.68167741E-03-1.78736220E-03
16  5 1.97015386E-02 9.34783000E-02-6.14231066E-02-1.40517526E-02 1.98137041E-02
16  6 4.52569661E-02-5.92572243E-02-1.48847837E-01 3.10030486E-02 3.39802155E-02
16  7-5.87323459E-02-7.55446049E-03 3.09950625E-03 5.05934156E-02-9.52123492E-02
16  8-2.52911126E-02 5.22123363E-02 6.04714523E-02-9.82354421E-02-3.72805427E-02
16  9 6.02048718E-02 1.20254762E-02-1.91767147E-02-1.30335089E-02-4.66096758E-02
16 10-3.25195456E-02-1.82665554E-03-5.95432445E-03-1.59133108E-03 2.20546466E-01
16 11 1.88532341E-01-7.31318080E-03 1.30580449E-02-3.66925953E-04 1.92022028E-02
16 12-1.95221566E-02-7.94761402E-02 2.78712034E-02-2.11216782E-02-8.37266944E-02
16 13-7.86080277E-02 2.61955206E-02-2.89467100E-02-5.33181051E-02-2.18809320E-02
16 14-7.14423482E-03-3.04790037E-03 3.99186589E-02-4.06190831E-02-6.38185904E-02
16 15-1.13358035E-01-1.97864773E-01-1.66457072E-01-5.74537546E-02-1.05499963E-01
16 16-1.87941406E-01-7.06714734E-02-1.78245199E-02-2.40541087E-02-5.49025268E-02
16 17 6.58556008E-02 4.98114276E-02-3.23491123E-04-1.19904778E-02 1.49483943E-03
16 18 6.65803445E-02 7.03395471E-02-1.17620871E-03 9.29903070E-03-8.40342251E-03
16 19 3.62624399E-02 3.42184106E-02 2.78674555E-03 3.43583321E-03 6.38592614E-04
16 20 1.73584926E-02 1.49691331E-02-1.41181725E-03 1.85202439E-03 9.62626789E-04
16 21-4.28457787E-02-6.78971759E-02 1.40166705E-03 7.24599383E-04-3.77921489E-03
17  1 1.71536897E-01 1.40942984E-01 1.75631217E-03-4.85208043E-03-1.11650146E-02
17  2-2.72891818E-03 5.89098762E-03 2.83436706E-01 1.05502631E-01 1.33213213E-01
17  3-1.78442737E-03 2.43232707E-01 7.76800426E-02 1.29280760E-01-4.27088941E-02
17  4 2.30409251E-02 5.49157813E-03 2.47363110E-02-2.35274198E-03 3.80596090E-03
17  5-1.10268161E-01-6.41881212E-02-2.40399670E-02 4.74586272E-03-1.12888737E-01
17  6-4.01091678E-02-5.28612695E-03 1.75216167E-02-6.31176106E-03-1.63872832E-02
17  7 1.54971727E-02 4.80051854E-03-4.02758381E-03-8.36704646E-02-3.10724173E-02
17  8-8.75277216E-02-2.59987025E-02-8.48834950E-02-2.60359267E-02-9.13076943E-02
17  9-2.46997144E-02-2.31983084E-02 5.05429243E-04-1.29216301E-02-2.20986664E-01
17 10-1.90169947E-01-1.47936312E-02-4.85614671E-05 1.93447885E-03 2.14242290E-02
17 11 1.34062552E-02 4.42276711E-03 3.61329688E-03 2.71422811E-03 1.11881718E-02
17 12-1.50028307E-02-8.28849584E-02 1.14159291E-01 9.79927774E-02-3.48498174E-02
17 13-8.74185261E-02 1.20490408E-01 1.01827068E-01 2.64144800E-02-3.26075459E-02
17 14 3.67599569E-02 2.14033158E-02 5.07012309E-03-6.13542866E-03-4.26295105E-02
17 15-8.86670781E-03-1.04337097E-02-1.78069602E-02-4.43907513E-02-1.21265114E-02
17 16-9.85869444E-03 9.68117807E-03-1.56484682E-02-5.45204113E-03-1.51283805E-03
17 17 7.01743811E-03 2.73696231E-03-1.49385893E-03-9.04068416E-04 4.88260363E-04
17 18 7.41020006E-03-1.24370395E-02-2.46996840E-03 1.25389723E-03-3.07316264E-04
17 19 1.26409088E-04-2.72170039E-02-4.11016444E-03 4.81120861E-03 1.94809883E-03
17 20-8.71862426E-02-6.97296254E-02 7.21935605E-03-1.38379623E-03 1.48961054E-03
17 21 1.42009833E-02 1.42552515E-02-4.72377684E-03-3.51064147E-03-2.06979723E-03
18  1 3.75001747E-02 3.00626557E-02-3.49558568E-03 1.77780866E-03-3.03215576E-03
18  2-3.22264259E-03 5.72134238E-03-1.19629539E-01 1.59761866E-01 5.29578918E-03
18  3 6.94812069E-03-8.46903972E-02 1.12794880E-01 8.77032284E-03 2.21188768E-01
18  4 7.18366557E-03 5.09024690E-02-4.13276114E-02-2.31582863E-02 2.32565464E-02
18  5 4.41096908E-02-4.60678452E-02 1.52938468E-02 9.80652549E-02 5.76765854E-03
18  6-1.64508501E-02 8.51618039E-03-1.68587865E-01 3.08272981E-02 5.81385283E-02
18  7-7.63522058E-02 2.63395323E-02-2.37012945E-02 2.46421797E-02 1.15938015E-01
18  8-1.31452576E-01-1.22464096E-01 1.27859648E-02 1.23889462E-01-1.22090716E-01
18  9-4.06399168E-02 8.69815079E-03 2.19565627E-02-3.37871483E-02 7.86066197E-02
18 10 7.42736443E-02 5.45621522E-03 4.13166717E-03 3.02010327E-04-1.46674062E-01
18 11-1.43036642E-01 4.04831053E-03-9.85325364E-03-6.48326622E-04 2.21202108E-02
18 12-2.36000678E-02-9.08327431E-02 4.29595668E-02 2.09074500E-02-9.24175430E-02
18 13-8.51328926E-02 4.49839642E-02 1.48783285E-02-5.44177021E-02-2.81369044E-02
18 14 5.76256911E-03 7.11577318E-03 6.17675600E-02-6.41498260E-02-1.71924173E-01
18 15-1.44487584E-01-2.58753914E-01-2.56425990E-01-1.65017318E-01-1.37317490E-01
18 16-2.45609324E-01-1.11911713E-01-4.94013620E-02-3.39965454E-02-7.55087912E-02
18 17 9.80199853E-02 7.99590279E-02-3.94128617E-03-1.67849033E-02 3.52164435E-03
18 18 8.77672116E-02 8.70733438E-02-5.40757989E-03 1.23307331E-02-1.12759525E-02
18 19 3.75935225E-02 3.55905637E-02 1.97518400E-03 4.95375118E-03 2.10280198E-03
18 20 4.95962290E-02 5.36809377E-02-5.27422736E-03-1.00458668E-03 7.43393583E-04
18 21 8.32938279E-02 5.22563725E-02-6.87022858E-03-1.00935799E-02 1.31478064E-02
19  1 8.23176084E-02 9.94430780E-02-3.10981703E-03-4.05254946E-03-4.49789978E-03
19  2 1.98227213E-02-2.23609402E-02-6.16081123E-02-5.65147910E-02 1.82003554E-01
19  3-1.04012370E-01-5.77934427E-02-5.77852824E-02 1.34551130E-01-4.94218359E-02
19  4-6.15777246E-04-5.34321084E-03 3.08798063E-02 1.02118019E-02-1.30499747E-02
19  5 1.23874793E-01 2.59441403E-02-1.76558851E-01-3.26940336E-02 6.06715735E-02
19  6 5.70031908E-03-7.76208540E-02 8.12832600E-02-1.95306365E-02-1.76715229E-02
19  7-2.15155798E-02-2.97714811E-02 3.16889590E-02-4.12235144E-02 6.84269697E-02
19  8 1.44770060E-01 1.22954930E-01-3.66439678E-02 7.41379552E-02 1.38858462E-01
19  9 9.22418940E-02 7.13696261E-03 1.21504337E-02 2.68563573E-02 3.24057592E-02
19 10 4.00094046E-02 1.85566185E-03 8.61001973E-05 3.42121231E-03-1.12048789E-02
19 11-7.09271591E-03 1.60932204E-04-1.66571519E-03 2.77386886E-03 3.35043872E-02
19 12-3.79694796E-02-1.44177918E-01-4.44141340E-02 2.63574564E-01-1.24793332E-01
19 13-1.30684343E-01-4.19945286E-02 2.82146613E-01-1.43650694E-01-2.03878923E-02
19 14-3.30739489E-02 6.30156676E-02-1.11800781E-02 1.28178236E-02 2.19982838E-01
19 15-8.74284588E-02-6.47607751E-02 5.10601999E-02 2.26668890E-01-8.16370342E-02
19 16-7.45578298E-02 7.86785247E-03 7.89910690E-02-2.65426599E-02-3.45874755E-02
19 17-2.43433600E-02-2.50942616E-02 8.75542616E-03-1.61428894E-03-6.95526900E-03
19 18 1.23475728E-02 2.65583822E-04 1.18250804E-02 7.88585239E-03-4.65301443E-03
19 19 7.52382361E-02 9.74150279E-02 7.02015549E-03 2.99432827E-03 1.07270386E-02
19 20 8.31898411E-02 1.00735437E-01-6.92617970E-03-4.79064335E-04-2.75352173E-03
19 21-6.36522610E-02-7.52663592E-02 2.00360811E-03 7.48107272E-03 1.21506638E-03
20  1 2.70367879E-02 3.68908710E-02 3.91143914E-05-7.17171875E-04-2.96025476E-03
20  2-1.01919259E-02 9.24999871E-03 3.81836553E-02 6.48326143E-02-1.58679940E-02
20  3 6.32993271E-02 2.37559346E-02 4.40179564E-02-3.60278155E-02-2.53985182E-02
20  4 1.32484716E-02-4.46539215E-03 8.33435206E-03 1.77801945E-04 1.92440644E-03
20  5-1.45424607E-01 1.35221154E-02 4.48798677E-02 5.37035756E-03-6.31341973E-02
20  6 8.17230232E-03 3.24204150E-03 5.35289092E-02-5.34513494E-02 2.41537347E-02
20  7-4.95007309E-04 2.54963697E-02-2.90411400E-02 2.62375756E-01-2.68350308E-02
20  8-1.49890745E-01-8.49687888E-02 2.69628415E-01-3.95700497E-02-1.38766598E-01
20  9-9.15562233E-02 8.04604597E-02 5.66121965E-03-4.44744800E-02-3.77287765E-02
20 10-5.35550387E-02-3.53099953E-03 3.01246630E-04 4.04859209E-04-2.01895042E-02
20 11-2.70199246E-02 1.69331940E-03-7.70993589E-04 3.07779472E-04-1.75030882E-02
20 12 1.75942794E-02 1.32815127E-01-1.90530917E-01 3.71194013E-02 8.14943159E-02
20 13 1.26584561E-01-2.03898997E-01 4.02644935E-02-3.26930320E-02 5.69548747E-02
20 14-8.98749919E-02 5.55119627E-03 6.20190813E-03-4.86374415E-03 2.49336530E-01
20 15-7.98486884E-02-1.33621408E-01-3.27141461E-02 2.60062139E-01-7.52539618E-02
20 16-1.35213061E-01-3.76881907E-02 9.62702956E-02-2.65067636E-02-5.20180807E-02
20 17 8.04803299E-03 1.43001842E-02 1.22216154E-02-5.11527715E-03-4.76106562E-03
20 18 1.03263174E-02 3.70018527E-02 1.30599585E-02 3.13182707E-03-6.90108409E-03
20 19-4.17223075E-02-2.42021890E-02-7.11906977E-04-1.13833922E-02 1.49024578E-03
20 20-1.23224099E-01-1.50416232E-01 1.01261958E-02 4.15242770E-03 5.67886363E-04
20 21 7.03748043E-02 6.54177832E-02 4.80228745E-03-1.08907230E-02 1.28712828E-02
21  1-5.00850325E-02-7.40319379E-02 1.14404365E-03 2.84062767E-03 3.31438196E-03
21  2-1.20133377E-02 1.47370447E-02 8.45182822E-03 3.25250792E-02-9.89349400E-02
21  3 5.78577822E-02 2.98479659E-02 4.00922880E-02-5.98896300E-02-1.57621877E-01
21  4-1.00500248E-02-1.55920793E-02 1.23083407E-02-1.31021704E-02 1.26999039E-02
21  5 3.48737944E-02-4.99552196E-02 6.98786566E-02 4.95227427E-02-8.83920463E-03
21  6-1.58795913E-02 2.00230003E-02 1.76611776E-01-2.27933169E-02-5.76494702E-02
21  7 7.39607678E-02 3.38117838E-03 1.15399329E-03-1.63846116E-01 3.42427426E-02
21  8-1.08847018E-01-3.54350516E-02-1.80421623E-01 4.23276978E-02-1.07637457E-01
21  9-1.75078709E-03-4.78307522E-02 1.76398297E-02-5.53111992E-02 1.12955506E-02
21 10 2.26839234E-02 2.26521803E-03 7.27730488E-04-2.43499432E-03-7.97478280E-03
21 11-1.29619990E-02-1.32786906E-04-2.94940667E-04-1.97949662E-03 1.56470685E-03
21 12 1.84936979E-03-7.18286039E-02 2.37348423E-01-1.99391850E-01-2.61607507E-02
21 13-7.33126584E-02 2.45624616E-01-2.20040449E-01 2.44833630E-02-1.69166741E-02
21 14 1.11504657E-01-7.49872029E-02 1.23560419E-03-1.65042745E-03 3.32150431E-01
21 15 2.13187545E-02-9.34475649E-02-9.45212096E-03 3.43852086E-01 1.37524517E-02
21 16-9.46847663E-02-2.50340941E-02 1.30387561E-01 1.57647839E-02-4.11828535E-02
21 17 9.94969228E-03 1.29173046E-02 1.63077825E-02 2.71654824E-04-2.48805347E-03
21 18-1.60950083E-02-2.49172472E-03 1.12291731E-02-1.19938500E-02-9.65542722E-04
21 19 2.38044711E-03 1.48803527E-03-2.83714984E-03 1.18668574E-02-7.47748525E-03
21 20 4.88705914E-02 6.81705266E-02-4.35237525E-03-3.23644374E-03 2.06501186E-03
21 21 1.81880533E-02 9.78044484E-03-8.57237732E-03-5.15461383E-03 5.00325816E-03
22  1-3.03077861E-02-2.61991095E-02 9.66797671E-04 1.81913910E-03 2.22549288E-04
22  2-1.25178696E-02 1.41253881E-02 2.93443341E-02 1.40149700E-02-7.87018049E-02
22  3 5.96945738E-02 1.68890487E-02-5.12358170E-05-7.87966233E-02-7.46325203E-03
22  4 7.81498351E-03-4.68426978E-04-5.78052169E-03 3.17124015E-03-1.86619359E-03
22  5-8.48497728E-02-5.52092570E-02 2.46155731E-02-1.25686676E-02-4.86062324E-02
22  6 1.92109055E-02 5.60732028E-02 2.52935338E-02-3.66340498E-02-1.48183433E-02
22  7-1.74003039E-02 5.13885954E-03-1.98599776E-03 2.85002137E-01 2.06076747E-01
22  8 2.53968546E-01-4.32926126E-02 2.90021708E-01 2.25194503E-01 2.62843992E-01
22  9-3.38714271E-02 1.13173894E-01 7.90583327E-02 9.14214049E-02-1.79305043E-02
22 10-3.34884393E-02-1.41351255E-03-5.48586290E-04-9.12156720E-04 1.31388701E-02
22 11 6.12710612E-03-1.23027989E-04 1.35228526E-03-3.48275960E-04-1.12510910E-02
22 12 5.68943889E-03-7.74540506E-02 2.66687413E-01 1.03463402E-02 8.58664490E-02
22 13-8.12376986E-02 2.80018883E-01 2.95775931E-02 2.56896403E-03-1.53691897E-02
22 14 1.08214241E-01-1.04549863E-02 2.29958004E-03-2.38314516E-03 2.41281045E-03
22 15 2.30898473E-02 1.98753971E-03-1.18287126E-02 3.61675154E-03 2.23344487E-02
22 16 3.16266247E-03-3.69003062E-02 6.86170876E-03 2.16018693E-02-4.32785929E-04
22 17 5.90178350E-03 1.31244857E-02 3.63227524E-04 4.30698336E-04 1.27327038E-03
22 18 7.38299753E-04 1.04274793E-02-1.88168859E-03-3.62957297E-03 2.13613514E-03
22 19-2.47233448E-02-1.83841236E-02-8.02304332E-03 9.66214318E-03-6.99537562E-04
22 20-9.57756198E-02-1.32365244E-01 8.39512586E-03 3.50953970E-03-1.19116267E-05
22 21 1.01182878E-02 1.71378402E-02 1.22829458E-02 6.96089170E-03 1.22292599E-02
23  1-2.56739042E-02 1.06854598E-03-1.63963995E-03-1.33879723E-03-4.32453996E-03
23  2-3.50369050E-02 4.59385926E-02-2.10748169E-02-2.69338344E-02 2.08586236E-02
23  3 1.66595315E-01-1.61108283E-02-7.05917223E-02 8.69271460E-02-2.73186109E+00
23  4-4.36509852E-01-2.04602145E-01 1.81653986E-01 3.35530431E-03 1.63961937E-02
23  5 9.74470304E-02 1.28426872E-02 3.99240995E-02-9.55225767E-02 1.07068956E-01
23  6-6.92022742E-02 1.88970318E-01-4.31216601E-01 2.41647481E-01-1.10158085E+00
23  7 1.88554754E+00-2.94969915E-02 3.52375819E-02-2.40487116E-02 9.86219992E-03
23  8-4.19869091E-02 1.51112772E-01 7.61308340E-04 6.20722634E-03-7.23463642E-02
23  9 1.20457838E+00 5.34232589E-02-1.19232383E-01-2.06482101E-01 2.19597732E-02
23 10 1.46365702E-01 1.02738526E-02-7.91512486E-05 3.57762268E-03-1.17967126E-02
23 11 6.17034716E-02-3.65525086E-03 5.81588180E-03 4.30072693E-04-4.12904377E-02
23 12 5.20361875E-02-5.96051327E-02 4.92889334E-04-1.44941548E-02 2.04446686E-01
23 13-6.65330643E-02 1.20163833E-02 1.56380576E-02 1.13253498E+00 3.64964158E-02
23 14 1.32881458E-01 1.17588744E-01-4.35726020E-02 5.54019119E-02-1.83067242E-02
23 15-2.18696853E-02-2.69482981E-02 2.17131553E-01-2.27633254E-02-3.11218272E-02
23 16-5.08793819E-02 5.04135596E-01-7.04968953E-03-3.09912413E-01 3.78196352E-01
23 17-3.63496081E-02 7.17800148E-02 2.70882699E-03-4.89127135E-03 8.42086193E-03
23 18-2.56863149E-02-2.07312684E-01 7.08196748E-04 8.57733528E-03 1.89703157E-04
23 19-2.83238717E-02-7.07080457E-02 1.44379507E-02 4.79417738E-03-1.89773796E-03
23 20 9.76248439E-03 1.49893328E-01-8.42230025E-03-9.73805099E-04 1.54555735E-03
23 21-1.88745106E-02-2.44221770E-01-3.95883560E-03-2.39652099E-03 2.08735198E-03
24  1 5.68290530E-03-7.63181668E-04-7.72548651E-04-1.11298813E-03-7.71355910E-03
24  2-4.79073132E-02 5.37658702E-02-4.51292314E-02-3.43222134E-02 2.23231356E-02
24  3 3.27907737E-01-4.65748902E-02-2.20500744E-02 1.31361609E-02 1.30536398E+01
24  4 1.45854842E+00 2.60084602E+00-3.29507060E+00 2.60442323E-02-3.17961715E-02
24  5-3.78271684E-02 3.01564174E-02-3.82565097E-02-2.12769329E-01-3.16444042E-02
24  6 4.63148523E-02-2.29445513E-02-1.36842984E+01 2.13380087E+00 3.31939104E+00
24  7-3.77965981E+00 3.56804814E-03 1.05385771E-03-2.77220491E-02-2.45051153E-02
24  8 1.95615860E-02-5.32816549E-02-2.31993894E-02-2.97406655E-02 2.91560963E-02
24  9 3.02940818E-01-1.31402252E-01-1.94200022E-01 1.02813448E-01-1.23964294E-03
24 10 4.90047900E-02 1.08178743E-02 3.62113010E-03-2.10753620E-03 1.29711832E-02
24 11 4.14552443E-02-3.25867252E-03 8.82096070E-03-1.38448168E-03-1.86521859E-03
24 12 5.24777957E-03-3.09456302E-02-3.33563356E-02 3.03007050E-02-2.64526598E-03
24 13-3.49281529E-02-3.36540213E-02 3.54418652E-02 5.86407506E-01-1.74001865E-01
24 14-9.88766372E-02 2.71410885E-01 2.64335561E-02-3.67924415E-02-1.55814663E-02
24 15-5.31674286E-03 2.07308267E-02-1.14024764E-01-1.24439907E-02-3.36925513E-03
24 16 4.19924261E-02-4.99150288E-01-4.91752110E-02 2.30838289E-01-3.01533592E-01
24 17 2.78570741E-02-4.76495960E-02-3.15762341E-03 2.82119681E-03-6.00755419E-03
24 18 1.27562647E-02 1.33498228E-01 1.56715231E-04-2.61433350E-03-5.56092558E-04
24 19-4.32196386E-03-9.39711183E-02 5.69766051E-03 1.06179085E-03 1.73174764E-03
24 20 1.83590627E-02 8.17009968E-02 4.34899241E-03 4.14058595E-03-2.64271410E-03
24 21-2.43786563E-03 9.10341327E-02 1.89812272E-03 1.61051477E-03-2.37084337E-03
25  1-2.74093393E-02-1.47067315E-01 3.76897970E-03 4.91818708E-03 1.04599198E-02
25  2 2.78262255E-02-2.83804060E-02-5.46568932E-02-3.68702743E-03-6.96706095E-02
25  3-1.95027501E-01-5.13016762E-02 1.11757036E-02-6.32167629E-02 2.07120376E-01
25  4-1.02305741E-01-4.43896887E-01 4.67523305E-01 2.26720834E-02-2.40275913E-02
25  5-8.28238788E-02-7.29875875E-03 6.52568052E-02-1.79432241E-01-1.00183380E-01
25  6 6.62208751E-02 1.49676737E-01-3.47893139E-01 1.12542464E+00 8.25930495E-01
25  7 7.36416067E-01 6.89948658E-03-3.80016324E-03-2.90055188E-02-2.35579426E-02
25  8-3.95540628E-02-5.64619201E-02-2.16971457E-02-1.57122282E-02-3.38812279E-02
25  9-1.10172868E-01-3.50508739E-01-7.80213929E-02-1.85236704E-02 1.16924062E-02
25 10 1.22333570E-01 1.84189018E-03-5.01937913E-04 1.73863973E-03 4.65807461E-03
25 11 1.59394804E-02 1.37187160E-03-4.75640047E-03 1.95571289E-03-3.39126374E-02
25 12 4.15768136E-02-5.25557826E-02-9.95173512E-03 2.03960712E-03 1.76138509E-01
25 13-7.58692376E-02-1.79412633E-03 1.94181971E-02 1.23092318E+00-2.48136208E-01
25 14-5.27427339E-02 3.13515193E-01-2.48084995E-03 2.92642880E-03-2.31473984E-02
25 15-2.75237905E-02-2.32385055E-02 1.92076654E-02-2.65222296E-02-2.82767980E-02
25 16-2.58514968E-02-7.85344928E-03-1.66317792E-02-9.44908241E-03 9.87931273E-03
25 17 2.92813485E-03 4.76803859E-03-1.59160600E-04-2.28277196E-03 7.25228656E-04
25 18-8.59832038E-03 2.71237603E-02 5.33701488E-04 4.52564667E-03 2.11641388E-04
25 19-4.64742532E-02-2.70795374E-01 9.06004569E-03 3.57830050E-03 2.04515519E-03
25 20 2.31920477E-02-1.68484269E-02 8.26870118E-03 2.53978580E-03 6.64711862E-03
25 21 1.31689852E-02 1.19517058E-01-1.16437239E-03-1.29886785E-03 1.30343087E-03
26  1-1.96774783E-02-1.07765431E-01 1.95478464E-03 3.38102551E-03 2.83857685E-03
26  2-4.38995735E-03 2.67347046E-03 4.80159536E-02-7.34477581E-02-1.87306647E-02
26  3 3.60242576E-02 4.32863751E-02-6.64992263E-02-2.42604483E-03-7.51879650E-01
26  4-4.44460030E-02-1.39653797E-01 3.08502986E-02-1.94600112E-02 1.79216574E-02
26  5 2.76877518E-02 7.62986642E-02 3.14538751E-02 1.67469736E-01-2.09956642E-02
26  6 2.44575223E-01 1.41097137E-01 1.27077417E+00-1.13158232E+00 1.42765525E+00
26  7 8.82297217E-01 3.64903143E-02-4.99452424E-02-2.78452672E-02-2.50512330E-02
26  8-1.35352520E-02-1.57936639E-01-6.37247534E-02 6.13597685E-03 3.10848830E-03
26  9-1.60041916E+00-1.14049465E-01 3.09961882E-01-1.65617921E-01-9.24817969E-03
26 10-8.35224336E-02-3.45803064E-03-1.50070365E-03-3.57671298E-04 2.98941747E-02
26 11 1.78957898E-01-7.22729580E-03 7.38367422E-03 2.02886055E-03-2.05038625E-02
26 12 2.60143984E-02 3.31784106E-02-5.78342124E-02 5.26843475E-03 9.65422667E-02
26 13 1.59995106E-02-5.31876103E-02 3.07875593E-02 7.85424975E-01 2.69082588E-01
26 14-7.65861700E-02 2.55281672E-01 1.03305670E-02-1.27908154E-02 3.06281066E-02
26 15-3.79201147E-02-1.88895344E-02-5.05229353E-02 3.55664472E-02-4.55656487E-02
26 16-2.05207202E-02-4.88366915E-02 2.21617135E-02 4.32834939E-02-1.25795280E-01
26 17 7.28248464E-03-3.19152078E-02 4.75167194E-04-9.18018786E-05-4.06783769E-03
26 18 9.59525199E-04 1.07527724E-02 5.18665953E-04 2.53888105E-03-9.48878868E-04
26 19-1.82429154E-02-7.56795994E-02 1.29588207E-03-1.23094928E-03 1.98749344E-04
26 20-1.17056566E-02 2.36566282E-03-6.65587474E-03 6.46043122E-03 2.40787322E-03
26 21 2.04721873E-02 9.55230557E-02 5.57137366E-04 4.76920143E-03-5.74982168E-03
27  1 1.00691198E-02-1.10227861E-01-2.74987618E-03-2.80488566E-03 1.20531468E-02
27  2-4.80058147E-03 4.55003653E-03-2.10362505E-03-1.08908826E-01-6.81180996E-02
27  3 4.71833406E-02-1.72201964E-02-1.17510772E-01-4.50941425E-02-3.81237557E-01
27  4-2.31663146E-01 1.51062480E+00 1.60479532E+00-1.41444084E-02 1.62277283E-02
27  5 1.44402069E-02-9.50370243E-02-6.74083126E-02 9.46661483E-02 4.87453535E-02
27  6-2.44523771E-01-1.39226832E-01 1.86701066E-01 2.48290776E-01-1.56512824E+00
27  7-1.37649416E+00-2.27731708E-02 2.06568789E-02 4.54139647E-02-6.65672351E-03
27  8 8.61685916E-03 1.58176424E-01 6.91623177E-02-4.54915290E-02 6.95837848E-03
27  9 6.35888423E-01 2.17719145E-01 9.12442113E-02-2.98938816E-03-7.33723469E-03
27 10 2.79877144E-02 1.74326691E-03 5.74983864E-04 2.28821483E-03-2.07830873E-02
27 11 1.33317425E-01-1.22130064E-03 9.86838505E-03-2.97011663E-03 2.54714596E-02
27 12-2.36936471E-02-3.02586816E-02-2.67727381E-02-3.88224447E-02-1.68947425E-01
27 13-4.56519329E-02-4.67256598E-02-9.89918882E-02-3.14788309E-01-2.61051315E-01
27 14-8.14536073E-02 1.17203917E-01 4.09554503E-03-4.77128307E-03-4.12649987E-03
27 15 3.58367880E-02 4.08413242E-02-2.94932797E-02-9.77823098E-03 4.81220129E-02
27 16 5.26415630E-02 5.57842271E-02 3.68872974E-03 7.59974206E-04-9.14156940E-02
27 17 1.64879302E-03-4.48833843E-02-1.06960794E-03 2.81105993E-03-1.66418602E-03
27 18 8.64421600E-03 8.00994501E-03-5.95339504E-04-4.37950052E-03-1.00187800E-03
27 19 2.02660948E-02-9.20764746E-02-5.96777613E-04 1.41709134E-03-5.53168161E-03
27 20 1.68386297E-03 1.67347714E-02-1.34984502E-03-4.14632864E-03-3.56471743E-03
27 21-1.44985914E-02-1.05113668E-01 1.63361671E-03-3.73965159E-03-6.18876969E-05
28  1-2.82618303E-02 6.88224227E-02-5.04107913E-03-6.60751637E-03 2.04328903E-04
28  2-1.85166538E-02 1.82398496E-02-6.92472722E-02 7.67129208E-03 4.30129342E-02
28  3 1.48491021E-01-9.98993426E-02-5.29360523E-02 1.25130986E-01-1.61140750E-01
28  4 5.89562196E-01-1.21773872E+00 9.31283852E-01-4.51425141E-02 5.19310065E-02
28  5 2.79570981E-02 1.62726380E-03 3.94268255E-02 3.44293624E-01-4.96315602E-03
28  6-7.53977103E-02 1.60694251E-01-3.67411326E-01-4.41467953E-01 1.18717099E+00
28  7-1.20775577E+00 3.52703751E-03 4.56667193E-03-4.99190750E-02 1.74880362E-02
28  8 4.29163430E-02-7.80344844E-02-6.62897576E-02 2.18095458E-02 4.54122679E-02
28  9 2.65756331E-01 6.82132482E-03-3.18413143E-01 3.41828769E-01-2.75903566E-02
28 10 1.22408919E-01 7.60119241E-03-1.64532397E-03 5.45886857E-03-1.73215882E-02
28 11 2.47973359E-02-5.02592537E-03-4.40730367E-03 7.70359199E-03-5.25502787E-03
28 12 6.25373625E-03-4.57297841E-02-6.06536320E-02 1.20214779E-02 2.96698624E-02
28 13-6.25293834E-02-5.76489350E-02 8.71750171E-03 3.18879791E-01 1.11489425E-01
28 14-8.15929434E-02 2.31019370E-01 3.48356236E-02-4.04188127E-02 2.23123654E-02
28 15-1.16999616E-02 6.06162635E-02-1.99585984E-01 2.34642636E-02-1.59788401E-02
28 16 7.15108512E-02 6.72201668E-02-5.31993409E-02 2.77563651E-01-4.23592615E-01
28 17 2.94355462E-02-2.01326711E-01-3.50080237E-03 7.95842181E-03-1.30937784E-02
28 18 2.67258860E-02 7.28242453E-02-4.06696210E-04-3.98683838E-03-5.70128679E-04
28 19-1.69343730E-02-3.72498936E-02 8.25729720E-03 1.23151292E-03-2.31944985E-03
28 20 6.31921400E-03 1.16164693E-01-1.16291557E-02 1.69828011E-03-3.49548078E-03
28 21-1.98998248E-04 1.88898850E-01-3.47888391E-03 3.99304349E-03-1.22891213E-04
29  1-9.60576401E-03 8.55510730E-02-3.52767122E-03-2.46873644E-03-4.57369802E-03
29  2-9.69192901E-03 6.78775739E-03 1.11327146E-01-1.81775186E-03 3.54072741E-02
29  3 9.48961863E-02 1.12076108E-01 4.67878831E-03 5.38920400E-02 2.45851747E+00
29  4-1.92643384E+00 2.76062755E-01-7.08682174E-01 1.23989224E-02-1.18267745E-02
29  5-1.25200925E-02-3.85654638E-02 5.10833619E-02-8.70585330E-02 1.09919506E-01
29  6-9.50504244E-02 1.37219102E-01-3.36532377E+00 2.53435349E+00 4.07326021E-01
29  7-3.10916367E-01-1.34850538E-02 1.89976374E-02-1.23187088E-02-2.16474768E-02
29  8-6.13642922E-03 5.47203518E-02 3.35298346E-03-5.38517087E-02-5.90360751E-03
29  9 9.26076727E-01-7.10764637E-02-1.59106454E-01-8.90194976E-02-1.86351349E-02
29 10-1.73775528E-01-1.03261935E-02-6.01498384E-03 7.03578661E-03-7.01332524E-03
29 11 1.04927431E-01-4.35085302E-03 4.73035669E-03-2.64681655E-04-1.27901803E-02
29 12 1.50250145E-02-3.98668727E-02 4.51799113E-03 2.15749324E-02 7.14030881E-02
29 13-5.17702190E-02 1.05732470E-02 4.31169926E-02 7.75036966E-01-2.34843237E-01
29 14 1.15234641E-01 1.26233286E-01 1.79851007E-02-2.07688951E-02-4.47379575E-02
29 15-5.21000038E-03 2.49687288E-02-9.96151601E-02-6.20909595E-02-1.09527860E-02
29 16 3.42986591E-02 1.27820109E-01-1.14580294E-02 1.35918015E-01-2.16032705E-01
29 17 2.63551062E-02-9.07586770E-02-2.30084051E-03 2.97196245E-03-4.15903379E-03
29 18 1.09561594E-02 2.18552299E-02 7.87681223E-04-1.71152404E-03 4.69421211E-04
29 19-7.45685240E-03-1.22492468E-01 4.88529245E-03 4.20847175E-04 2.50406962E-03
29 20-4.25776077E-03-1.23149183E-01 8.00180183E-03 2.58302152E-03-2.13226506E-03
29 21 2.96281719E-03 8.84738975E-03 1.22293168E-03-2.21553112E-03 1.82900651E-03
30  1-1.79814413E-02-3.14984440E-01 6.31962416E-03 8.28295489E-03 7.69066661E-03
30  2 4.38221212E-02-4.46319583E-02 3.56734184E-02 2.04649907E-02-6.31615717E-03
30  3-4.15969036E-01 1.66707416E-01 7.06163474E-02 8.46534236E-03 9.39362229E+00
30  4 8.97716856E-01 2.11059338E+00-2.50749420E+00 4.71227040E-02-2.10271900E-02
30  5 1.28511700E-01-3.40662638E-03 1.21444090E-01-5.77536573E-01 2.79715717E-01
30  6-4.77805563E-02 2.52741364E-01-1.00303122E+01 7.97674919E-01 7.18111200E-01
30  7-1.17939306E+00-2.13013404E-02 2.41988688E-02 3.85413578E-02-5.30371098E-02
30  8-2.01751866E-02 1.20477127E-01 5.89307602E-02-1.08609504E-01-1.78936495E-02
30  9 8.23228722E-01 2.68718832E-01-9.23632809E-02-4.66987956E-01 8.53206478E-02
30 10 1.75487575E-01-2.40095019E-03-2.32998428E-04 1.44317608E-03 7.86886730E-03
30 11-1.80207254E-01 8.27862477E-03-5.72743830E-03-2.43882395E-03-3.71794416E-02
30 12 3.59952925E-02-2.05373475E-02 2.67753790E-02 8.12179570E-02 2.40269684E-01
30 13-3.40041321E-02 3.93734187E-02 1.49818118E-01 5.63480362E-01 2.53369319E-01
30 14 5.56481029E-01 4.40605897E-02 3.13511909E-02-3.71260206E-02 4.17598424E-02
30 15-2.74073561E-02 1.18125642E-01-1.85307055E-01 4.10892892E-02-5.28369249E-02
30 16 1.49731796E-01 5.74015401E-01-7.84216460E-02 3.55291283E-01-6.81952015E-01
30 17 3.99448053E-02-2.97912180E-01-2.19479678E-03 1.30729195E-02-1.85482791E-02
30 18 3.42243318E-02-6.33881578E-02-6.15060798E-04-4.64049555E-03 1.65858093E-03
30 19-3.15199190E-02-2.01050675E-03 2.60011664E-03 3.61457677E-03 6.72538664E-03
30 20-2.09676659E-02-1.33775541E-01 3.06479066E-04-8.06653560E-03 1.19683604E-02
30 21 1.60679190E-02-3.92626579E-02-3.43205221E-03-5.90535492E-03-1.53672321E-03
31  1 9.44202799E-02 4.35196562E-01-1.84009688E-03-8.96278748E-04-2.18007635E-04
31  2 2.61971439E-02-3.81597449E-02-2.36061328E-02-2.14428729E-02-7.73997945E-02
31  3-8.40673637E-02-7.61463948E-02-1.00066318E-01-3.69056821E-01 1.64793650E+01
31  4 1.23554266E+00 2.28703977E+00-4.11235648E+00-4.48268042E-02 7.38675039E-02
31  5 6.49394568E-03-9.35507203E-02-1.79544097E-01 1.34259748E-01 6.73006873E-02
31  6-7.01477828E-02-3.90326784E-01-1.84937951E+01 2.16663312E+00 3.80710578E+00
31  7-2.55948211E+00-1.41524704E-02 1.50072471E-02-6.42602686E-02 2.45712509E-02
31  8-7.00040704E-03 7.74599034E-02-9.22711456E-02 1.45878427E-02-1.18037492E-02
31  9 1.03331602E+00 3.15154483E-01-2.80588580E-01 3.13321494E-02-3.11475119E-02
31 10-3.26912491E-01-8.53456216E-03-5.69634468E-03-4.20202889E-03-2.60547093E-02
31 11-2.93452939E-01-2.67558325E-04-1.16341405E-02-5.73762861E-03 5.78467441E-02
31 12-4.25145606E-02 1.78075124E-02-1.03927300E-02-1.31658471E-01-4.83296254E-01
31 13 1.25505312E-02-6.38099180E-03-1.79862297E-01 2.11568864E+00-3.65994105E-01
31 14-3.98899774E-01-1.01969282E-01 1.44346122E-02-1.07613173E-02-4.47482431E-02
31 15 2.56738080E-02 2.86141349E-02-1.20240089E-01-7.10870952E-02 4.27818584E-02
31 16 6.42774396E-02-5.46152832E-02 1.75826023E-01-7.39102055E-03-3.76559487E-02
31 17 1.64325405E-02 7.52779369E-02 1.72075628E-03 1.40836429E-03 1.31246106E-03
31 18 3.38949880E-02 2.15645556E-01-1.17272658E-03 5.79561946E-05 2.34633468E-04
31 19 3.77498845E-02-1.56575976E-01-1.04383628E-03-1.40224214E-02-7.60261826E-03
31 20-8.76703761E-03 2.19771587E-01-1.25216211E-02-1.99364919E-04-5.34236428E-03
31 21-2.56195664E-02-1.27249622E-02 4.48323370E-03-2.88205391E-03 9.12723602E-04
32  1 1.72185526E-02 2.52997257E-01 4.76397338E-03-6.32603665E-03-7.85263883E-03
32  2-2.28661196E-02 3.38191733E-02 4.33740240E-02-7.17337294E-02 3.83707408E-03
32  3 8.93837818E-02 1.90947117E-01-3.53131263E-01 3.21062135E-02-1.43763886E+01
32  4-1.00075831E+00-3.18761316E+00 2.85332933E+00 5.28303135E-02-6.08619021E-02
32  5 6.64925486E-02-1.73901291E-01-3.04520391E-03-3.87256189E-01 1.94628102E-01
32  6-3.41468380E-01 1.02264715E-01 1.53682272E+01-1.74707998E+00-1.28456820E+00
32  7 3.85816298E+00-6.59053224E-02 5.12662410E-02 6.64723400E-02-6.79410573E-02
32  8-1.87169783E-02 5.18728799E-01 8.24296557E-02-9.88131604E-02-3.58044395E-03
32  9-1.43302744E+00 1.76132828E-01-4.77462110E-01-9.70313982E-02 3.48812868E-02
32 10 3.59970204E-01 1.05021614E-02-4.83032752E-03-2.56078071E-03-8.88114237E-02
32 11-4.52615670E-01 1.64528890E-03-1.21982641E-03-3.95756321E-05 6.72155738E-03
32 12-3.52209094E-03 1.01132059E-01 2.48225638E-02 3.22093244E-02-7.34175417E-02
32 13 1.36554417E-01 2.34614703E-02 4.96811499E-02 2.87228897E-02-4.90770876E-01
32 14 2.34003241E-02-1.70568223E-01-7.79790425E-03 5.04587815E-03 2.10606503E-02
32 15 2.92419974E-02 5.41809145E-02 6.82245636E-02 2.58437552E-02 4.91078418E-02
32 16 6.18787797E-02 1.09282005E-01-2.09279389E-02-4.53582773E-02-3.30254086E-01
32 17-7.65159680E-03-1.27137549E-01-1.56018875E-03 3.81629016E-03-4.52852009E-03
32 18 1.36690106E-02-5.67168115E-02-5.21047385E-03-1.42071919E-03-5.31281374E-04
32 19 3.00384462E-02-1.62626185E-01-1.43253717E-02-3.56378260E-04-3.55227067E-03
32 20-4.07559514E-03-2.44156835E-01 1.21047241E-02-3.84418400E-03 6.01105536E-03
32 21-7.12851441E-02 2.10937068E-02 3.31409500E-03-1.05437892E-02-5.11740900E-04
33  1-2.02943779E-02 2.47527705E-03-7.19747014E-04 3.00087761E-03-4.44508384E-03
33  2-5.89818855E-03 3.50417158E-03-4.75399097E-02-2.79170944E-02 5.37988999E-02
33  3 6.07742770E-02-2.05066500E-01-7.04006829E-02 1.04358675E-01-1.16548400E+01
33  4-1.79781200E+00-1.82354925E+00 1.54976287E+00-4.98688929E-02 3.32498298E-02
33  5-8.72963331E-02 6.00924895E-02-4.85489180E-02 6.43335130E-01-2.15783234E-01
33  6 7.86124339E-03-4.97466659E-02 1.02933860E+01-3.79834605E-01-2.97110491E+00
33  7 5.08023819E+00 3.18437278E-02-2.94357020E-02-5.51320939E-02 4.46026237E-02
33  8-5.60377460E-03-2.28025896E-01-8.13075727E-02 6.98145149E-02-3.10388435E-02
33  9 5.22382317E-01 1.98300599E-02 4.02632457E-01-2.77953655E-01-1.70144377E-02
33 10-2.12673819E-01-1.07644429E-03-2.37444302E-03 6.58010344E-03 1.70407175E-02
33 11 1.73831999E-01-4.32467163E-03 2.73618099E-03 1.67661732E-03 7.36318928E-03
33 12-1.35435389E-02-6.79794906E-02-5.20224482E-02 2.96478020E-02-1.18597192E-02
33 13-1.37895076E-01-7.11750136E-02 6.89409731E-02 3.56309782E-01-1.72285532E-02
33 14-1.81395082E-01-9.61615463E-01 6.39233078E-03-5.41751365E-03 9.79441093E-02
33 15 7.66655244E-02 9.18873954E-02-7.15288569E-02 1.36620581E-01 7.10392031E-02
33 16 1.08273271E-01 1.81828412E+00-5.09551495E-01-9.11182713E-01-2.38300394E-01
33 17 1.19270432E-02-1.99138916E-01-1.39642863E-03 2.08930815E-03-8.69414669E-03
33 18 2.04899399E-02-6.79172612E-01-2.88262154E-03-1.74002005E-02-7.53954824E-03
33 19-6.08753023E-02-2.91188726E-01 6.31878597E-04-5.39726337E-03-5.03874919E-03
33 20 4.99967851E-03 1.29778849E-02-1.80268071E-03 4.15530106E-03 5.99265263E-03
33 21 1.87551863E-02-1.24454715E-01-5.59215801E-03 5.12017433E-03-3.19826066E-03
34  1 2.26407879E-02 1.01945392E-01-6.77498443E-04-9.26717698E-03 8.62508289E-04
34  2-3.48834202E-03 1.14642931E-04-4.51502225E-03-8.56159150E-02 5.86824048E-02
34  3 5.53262932E-02 1.53386979E-03-2.20934143E-01 1.77807868E-01-6.56004379E+00
34  4-1.10305525E+00-5.92058388E-01 1.15051136E+00-5.12868526E-02 3.46480580E-02
34  5-2.97884282E-02-8.58709347E-02-8.50817020E-02 6.45587646E-01-7.66099600E-02
34  6-2.14489744E-01-7.63657470E-02 6.13568279E+00 1.06481851E-01-2.51773792E+00
34  7 2.24197484E+00-9.43927213E-03-9.47275177E-05 2.65762901E-02-5.30069252E-02
34  8 3.92435633E-02 1.16665241E-01 5.53774659E-02-9.09289880E-02 2.66668456E-02
34  9 5.69253544E-01 1.44066070E-02 8.24531098E-01-5.23248398E-01 1.10977484E-02
34 10 8.07961456E-02 3.27423830E-03-6.71082368E-03 3.68866028E-03-6.65507329E-02
34 11-3.42304835E-01 3.03634904E-03-7.49931258E-04-3.05442916E-03 2.25924443E-02
34 12-1.89607307E-02-2.85559693E-02 8.31783076E-03-9.71192557E-02-1.72995411E-01
34 13-6.51887865E-02-6.82209202E-03-1.58720202E-01 1.78091486E-01-1.07749300E-01
34 14 1.46879779E-01-3.19128985E-01 5.39715981E-03 2.66439741E-03 7.62234930E-02
34 15-9.64533187E-02-3.91391857E-02-7.60520714E-02 1.29529246E-01-1.10024538E-01
34 16-8.07573267E-02 5.43185478E-02-2.33811084E-01 1.10311378E+00 6.08436894E-02
34 17-1.23920059E-02-2.54778684E-01 2.67712529E-05 1.02618687E-02-4.18135612E-03
34 18 3.34445947E-02 6.16724620E-01 2.17769218E-03 1.71214900E-02 1.05801515E-03
34 19-1.14289290E-02-1.03124477E-01-2.51849713E-03-3.12609452E-03-8.96275361E-03
34 20-5.92900992E-03-1.56458664E-01 1.24581820E-03-1.15005900E-02 3.72811151E-03
34 21-5.71782118E-03-4.35860567E-01-7.24286950E-04 1.48968634E-02-5.52995488E-03
35  1 5.66502570E-02 5.67859808E-01-5.15515988E-03 4.93124173E-04-1.07479035E-02
35  2-2.40678176E-02 1.85836163E-02-5.44956569E-02 4.37593116E-02-8.90807236E-02
35  3 2.27482054E-01-2.78129497E-01 2.16348857E-01-4.22251865E-01-1.86178943E+01
35  4-1.86118924E+00-3.04369857E+00 3.98195394E+00 7.12093126E-02-3.18045237E-02
35  5-7.99948936E-02 4.31876596E-02-9.86287374E-02-1.21288310E+00-1.19138492E-01
35  6 2.30992567E-01-2.41209022E-01 1.76144782E+01-2.14602599E+00-4.23085346E+00
35  7 5.00704481E+00 2.15508414E-02-1.55284720E-02-1.89736494E-02 1.60815449E-04
35  8 5.50148299E-02-1.93037501E-01-4.57874271E-02-8.46245196E-03 8.73882125E-02
35  9-1.34490292E-01 2.16500223E-01 9.22529625E-03 1.82553543E-01-8.07460508E-02
35 10-4.16157099E-01-2.67574870E-03 3.89237779E-03-9.16949065E-03 3.27696199E-02
35 11 4.26326615E-01-4.84184617E-03 7.55867502E-03-7.63038466E-03 2.79959290E-02
35 12-1.53234191E-02 4.46626592E-02-1.33502387E-02-6.39481011E-02-2.93537654E-01
35 13 7.68569437E-02-1.71257167E-02-9.85204389E-02 3.71534988E-01 3.38077275E-01
35 14 4.06396905E-01 6.28961319E-01 4.54120867E-02-3.23286841E-02 5.21576072E-02
35 15-5.83490025E-02 6.60877362E-02-3.95621722E-01 8.09902659E-02-1.43299802E-01
35 16 1.47124086E-01 9.30154778E-01-4.51768522E-02-4.92903983E-02 1.27078324E-01
35 17 1.14373830E-01 4.53545948E-01 3.61618747E-03 2.40204685E-03-1.30430351E-03
35 18 4.96496533E-03-1.23941153E-01 2.63738657E-03-4.31703946E-03 1.18385432E-02
35 19 5.11803726E-02 2.91577448E-01 1.88979972E-03 9.58644044E-05 6.75921194E-03
35 20 5.74446112E-02 2.86035649E-01 1.05812174E-03 1.76242969E-03-1.06427165E-02
35 21 3.93267664E-02 1.70087651E-01 5.50738547E-03-3.90366861E-03-1.14277997E-03
36  1-5.91145895E-02-1.76172136E-01 3.08818457E-03 8.64649233E-03 1.44854860E-03
36  2-3.30114817E-03 2.43111980E-03-1.67098519E-02-3.78818634E-04-1.76564400E-02
36  3 3.26674093E-02-9.62465117E-02 8.15580889E-02-2.60513853E-02 1.02087812E-02
36  4-3.79412195E-01 7.86557384E-01 6.87525586E-01 2.07578985E-02-1.02246304E-02
36  5 2.96835797E-02 2.17160498E-01 1.91331243E-01-2.83266147E-01 1.89570003E-01
36  6 3.52316475E-01 3.52135482E-01-8.22060762E-01 7.52590813E-01-9.82808824E-01
36  7-6.16853278E-01 3.52544575E-02-1.99800704E-02-1.70739101E-01 3.66828625E-02
36  8 1.83658520E-02-3.51606473E-01-2.85601141E-01 8.22086120E-02 1.21206681E-02
36  9 1.54526750E+00 7.42529252E-01-3.51865840E-01-4.10126716E-01-2.21985742E-03
36 10-7.18574504E-02 8.22350574E-04-2.81979026E-03 9.29725336E-04 5.69081448E-02
36 11 3.30416620E-01-7.99340950E-03 4.53537335E-03 6.72848843E-04-3.25522385E-02
36 12 1.28743352E-02 1.02415359E-01 8.83890477E-02 1.72715399E-01 3.36996931E-01
36 13 1.55521127E-01 1.74895742E-01 3.03146275E-01 1.03226105E-01-9.14653295E-01
36 14-7.87883904E-01-6.66631808E-02 1.16486546E-02-5.36313268E-03 3.39817195E-02
36 15-5.08754675E-02-5.23213381E-02-1.17277295E-01 5.18982206E-02-5.51355068E-02
36 16-7.25796654E-02-2.51637904E-03-5.05688467E-02 2.24747328E-01 1.97368561E-01
36 17 8.52283756E-03 4.28736595E-02 2.53717383E-03-2.77742225E-03-7.90624918E-04
36 18-1.13908277E-02 2.62732976E-01-2.58219100E-03 7.36381380E-03 2.23418430E-03
36 19 4.77916188E-03-4.30284428E-01-1.40307101E-02-9.77036828E-03 2.98079463E-03
36 20-2.33095171E-02-1.55797171E-01-1.45221269E-03 1.66832706E-02 1.12828848E-02
36 21 6.74257006E-02-1.22066472E-01-6.65734866E-03 7.49706180E-03-1.20617492E-03
37  1 6.73185301E-02 5.82673567E-01-3.43449686E-03-1.79281043E-03-2.67387286E-04
37  2 3.81577630E-02-2.29781009E-02-2.70043227E-02-3.53005252E-02-6.42372434E-02
37  3-5.34654289E-01-2.14970003E-01-2.16700032E-01-1.80121754E-01 1.68758103E+01
37  4 1.20054546E+00 2.68724867E+00-3.54759153E+00 4.11667100E-02-3.19181573E-02
37  5 3.53047037E-02-1.22608664E-01 6.73894682E-02-4.42554642E-01 3.74353093E-02
37  6-3.48658551E-01 3.54806785E-01-1.75887192E+01 2.26826864E+00 3.57535987E+00
37  7-4.68600600E+00-1.71976174E-02 3.94032356E-03 2.33389212E-02-1.15651635E-01
37  8 6.92565388E-02 1.88915191E-01 7.14563788E-02-1.65929910E-01 4.44681053E-02
37  9 8.76537538E-01 1.91287720E-01-2.40428571E-01 2.43911811E-02-2.09470036E-02
37 10-2.58016974E-01-6.76984338E-03-6.35321986E-03-6.67976645E-04-2.16058481E-02
37 11-1.13988372E-01-1.52319126E-03-6.33398002E-03-7.17584519E-03-1.22305848E-02
37 12 6.60593275E-03-3.16715295E-02 9.50266803E-03-4.47542626E-03 1.16659216E-01
37 13-4.98991190E-02 2.77433140E-02 6.76421069E-04 5.79855549E-01-1.12318648E-01
37 14-1.38521185E-01 6.26982247E-01 4.53094904E-03-5.64911450E-03 1.53726925E-01
37 15 4.03494814E-02-8.45586797E-02-3.46950211E-02 2.83114569E-01 5.39808320E-02
37 16-1.65023555E-01-1.94886523E-02-9.80368268E-01-5.87775549E-01 5.00937252E-01
37 17-1.13676277E-02 6.11014375E-02-8.32017316E-03-6.34922264E-03 4.41315073E-03
37 18-3.91159787E-03-3.45769037E-01-1.85612403E-03-8.85752664E-03-6.66713080E-03
37 19-3.81959342E-02-1.93802089E-01 1.38887382E-03 2.69505949E-03 4.06203246E-03
37 20 3.00162234E-02 3.11217480E-01 2.77888237E-04-3.07692678E-04-6.17222339E-03
37 21 4.95174814E-02-3.39603741E-01 8.56308498E-04 9.05305676E-03-8.26223214E-03
38  1 1.71197432E-02 9.40183628E-02 5.22760851E-03-7.48456384E-03-2.11173517E-04
38  2-1.01361877E-02-1.80112837E-03 6.14997479E-02-3.46999840E-02-1.01555866E-02
38  3 2.68790799E-01 2.03387477E-01-1.43358623E-01-9.19812207E-02 8.36439915E+00
38  4 1.13893680E-01 1.55827271E+00-1.63436304E+00-7.16071895E-02 7.91336262E-02
38  5-4.82936118E-02 1.75768542E-01-2.78459821E-02 6.80558790E-01 8.86143799E-02
38  6 6.37767723E-01 9.08998374E-02-9.57933381E+00 2.79839774E+00 1.10916102E+00
38  7-1.88671773E+00 2.96185537E-02-2.40706734E-02-2.27407783E-02 1.21314341E-01
38  8 7.26351196E-02-2.38101293E-01-4.94561018E-02 2.16307347E-01 1.28208230E-01
38  9 2.51476671E-01-8.07966336E-01 7.60011160E-01-5.23186603E-02-9.65980254E-03
38 10 1.53327956E-01 3.82979728E-04-6.97215685E-03-6.84033335E-03-3.35274848E-02
38 11-4.83430463E-01 3.60979559E-04-4.51657368E-03 3.08290680E-03 1.39557462E-02
38 12-7.51972552E-03 1.71439199E-01-3.22580438E-02-8.88193599E-02-1.62417677E-01
38 13 3.22454983E-01-4.76709059E-02-1.12788966E-01 1.44817187E+00-1.03770417E+00
38 14 3.50883829E-01 1.00161707E+00-1.48342775E-02 7.76518740E-03 2.30432046E-02
38 15-3.86545094E-02 4.53415873E-02 1.33794493E-01 2.09439956E-02-1.06236734E-01
38 16 8.39983683E-02 4.41585430E-01-2.22079246E-01-5.96666158E-01-1.83283598E-01
38 17 1.25579906E-02 5.20614630E-02-1.01446153E-03-5.29304048E-03-5.42279751E-03
38 18-6.69194031E-02-6.40647910E-01-3.59667788E-03-7.28413979E-03 4.72386964E-03
38 19 8.38156315E-02 1.58135439E-01-3.26957787E-03-5.64079163E-03-2.03801712E-03
38 20-5.60854256E-02-3.48440718E-01-1.94274424E-03 1.80465508E-03-4.88121260E-03
38 21-1.90480995E-02-4.22087889E-02-7.04835951E-03 7.29039342E-03-3.79420081E-03
39  1 7.85858643E-02 8.61570609E-01-2.00870360E-03-1.07514354E-03-6.99559081E-03
39  2-7.12348997E-03 1.40652538E-02-8.77923867E-02-9.06259893E-02-1.08438258E-01
39  3 5.18748275E-02-3.20100968E-01-5.06836459E-01-4.34139764E-01-4.49244506E-01
39  4 1.73495351E-01-1.63583241E-01 1.79994662E-01 1.08836617E-02-2.38368385E-02
39  5 2.71581128E-02 6.06759640E-02 1.11462271E-01 2.57855409E-02-1.75071136E-02
39  6 2.95133833E-01 2.54075099E-01 2.40458774E+00-9.63738931E-01 3.86649399E-01
39  7-8.41500548E-01-2.46505330E-02 3.17770990E-02-1.47778895E-02 1.37414431E-02
39  8-1.09106258E-01 1.41741688E-01-7.05856714E-02 7.29100516E-02-1.63428125E-01
39  9-6.82638258E-01 3.16156162E-01 3.30384988E-01-3.33182392E-01-2.93347404E-02
39 10-5.97859289E-01-6.30556447E-04-9.80441228E-03-4.09667915E-03-4.45228992E-02
39 11-5.10227969E-01-6.68402882E-03-9.37627732E-03-9.07990010E-03-5.45674029E-02
39 12 3.96368458E-02-7.33284522E-02 1.35790957E-01-2.75508279E-02 4.95924643E-01
39 13-1.47619880E-01 2.11860642E-01-2.65729116E-02-1.15984336E+00 3.98862087E-01
39 14-5.76248884E-01 3.34273166E-01-5.24784715E-02 4.48466732E-02-6.34377133E-02
39 15-9.82929663E-02 8.08097807E-02 4.28206940E-01-9.20757856E-02-1.36311106E-01
39 16 1.34386614E-01-4.65999130E-01 8.04011024E-02 7.01262119E-03-7.58884530E-01
39 17-2.21174373E-02-2.45592642E-01-5.86424708E-03-4.20262156E-03-8.43021537E-03
39 18-1.01205614E-01-2.93687772E-01 2.85258612E-03 7.36598771E-03 4.07290597E-03
39 19-7.47785172E-02-2.63248980E-01-7.27339644E-04 1.04618572E-03 6.34183526E-03
39 20 3.56676452E-02-1.22766754E-01 2.56346263E-03 1.53355809E-03 8.84543241E-03
39 21-7.94905597E-02-3.61177968E-01-3.68018952E-03-1.15322867E-05 7.05964758E-04
40  1 2.37411165E-02 2.78657416E-01 1.24577008E-02-1.03462513E-02-5.97855222E-04
40  2 1.58751223E-02-7.65535999E-03 1.15795535E-01-1.45725855E-01 3.11102234E-03
40  3-3.09255413E-01 5.60891528E-01-7.11167075E-01-4.78199422E-03-4.54590465E+00
40  4 1.64786504E-01-5.24746263E-01 5.36064833E-01-1.13947119E-03 3.75769462E-03
40  5-1.75788320E-01 3.96835207E-02 3.09072816E-02-1.55351242E-01-8.31239756E-01
40  6-9.60728014E-02 2.56525213E-01 4.22656534E+00-1.94330889E+00-1.83426403E+00
40  7 2.15734757E+00 3.25744042E-02-1.98345055E-02-7.10050189E-02 3.21301240E-03
40  8 1.27521130E-01-3.41666898E-01-1.01302617E-01 8.82699836E-02 1.74828201E-01
40  9 1.09039628E+00 7.77623210E-01 2.26548963E-01-1.36334554E+00 4.58121446E-02
40 10 6.49686802E-01 5.22295799E-03-5.61972601E-03-6.79939528E-03-7.85319619E-02
40 11-1.05036178E+00 5.97784407E-03-7.18240172E-03 7.95403752E-03-6.89680179E-04
40 12-7.69353290E-03-2.60580823E-02-5.30911217E-02 3.43088858E-03 6.78767990E-02
40 13 1.94445838E-02-5.68809388E-02 2.51245427E-02-1.31426541E+00 1.03142214E+00
40 14-2.32770075E-02-6.38542245E-01 3.25932084E-02-2.89569424E-02-5.13080461E-02
40 15 4.71890891E-02-3.41446220E-02-2.60390552E-01-1.08388076E-01 7.70451933E-02
40 16-4.15536241E-02 3.28076756E-01 5.70560458E-01-3.83013982E-01 1.47270610E-01
40 17 2.90531415E-02 2.25942140E-01 6.81137192E-03-4.49726001E-03 2.22316352E-03
40 18 1.98751030E-02-3.45515524E-02 3.89612174E-03-7.77525458E-03-1.63848069E-03
40 19-4.91238991E-02 4.81777897E-01 8.88651213E-03 4.86581942E-03 1.38782322E-02
40 20 3.53702716E-02 7.54507354E-01-9.80596887E-03 6.71567281E-03 5.81694563E-04
40 21 5.60591569E-02-4.32754100E-01 4.50444012E-03 1.84472032E-02-7.26657496E-03
41  1-2.08696080E-03 1.66828725E-01 2.36720401E-03 2.52893442E-03-7.90341088E-03
41  2-3.97443794E-02 1.81409828E-02 5.57263387E-02-1.95777447E-03-5.21712727E-02
41  3 5.10507613E-01 2.38441017E-01 4.70805539E-02-3.36928224E-01-6.75840811E+00
41  4-5.50108281E-01-1.30229999E+00 1.71708357E+00 6.02923033E-02-6.25197105E-02
41  5 2.45141437E-01 5.34003579E-02 8.68378977E-02-4.37107404E-01 6.63846519E-01
41  6 3.99280412E-01 1.82327833E-01 5.59358219E+00-2.96174347E-01-1.52729250E+00
41  7 1.71020791E+00-1.27885831E-02 2.77623459E-03-1.64746002E-02-1.84548161E-01
41  8-5.41885109E-02 1.41795855E-01-2.49629268E-02-3.40170434E-01-1.38064176E-01
41  9-1.91408238E-01-3.17766791E-01 9.25400801E-01 6.88767343E-01 5.77340663E-02
41 10 4.17562865E-01 1.15181662E-02-8.54938515E-03 2.61626611E-03-7.12004260E-02
41 11-4.23681514E-01 1.93729591E-03 3.23386010E-04-1.11507419E-02 1.28502307E-02
41 12-8.26983058E-03-1.93215399E-02 8.90798085E-02 1.36316228E-01-1.42023622E-01
41 13-4.41844180E-02 1.85564497E-01 2.50334488E-01 1.70062752E+00-1.40855366E-01
41 14 1.26813150E-01 8.55175272E-01 3.26487092E-02-2.48448103E-02-1.56380750E-02
41 15 1.19744318E-01-1.80003595E-02-2.96824572E-01-3.92253052E-02 1.94580139E-01
41 16-4.66138653E-02 8.56379493E-01 5.25844940E-02-4.20740546E-01 2.97208691E-01
41 17 2.39241213E-04-6.79792295E-02 1.55525740E-03 2.01621675E-03 3.38347459E-03
41 18 7.36346841E-02 1.62971606E-01 1.81541842E-03-7.81931937E-03-2.56359217E-03
41 19 7.34592184E-02-1.20411990E-02 2.25808030E-03-6.91227792E-03 6.90671297E-03
41 20-8.72012545E-02-7.73450391E-01 9.63023249E-03-5.11641140E-03-2.25610291E-03
41 21-1.15495697E-02-1.95010356E-02 1.94901307E-03-1.28695658E-03-1.00858986E-02
42  1-2.88343384E-02-4.30740296E-01 6.61417698E-03 7.97996053E-04 1.35616961E-03
42  2-3.10606857E-02 9.83414292E-03 1.92067620E-01 6.82870839E-02-4.81359928E-02
42  3 4.99204351E-01 8.55257781E-01 3.89359836E-01-2.19839043E-01 2.38790597E+00
42  4 7.02086516E-01-5.91243516E-02-6.24929991E-02 7.41075222E-04-1.89147125E-03
42  5 1.00563463E-01-6.31036918E-03-1.95638880E-01-6.12428187E-02 3.10473153E-01
42  6 9.68952972E-02-8.96473072E-01-1.64188585E+00-7.29318661E-02 1.56613331E+00
42  7-1.39602353E+00-2.13667719E-03 6.04466556E-03-2.96303782E-02-2.97047797E-02
42  8 4.06691997E-02-2.81976460E-02-3.78701002E-02-3.78185078E-02 6.59462618E-02
42  9 5.32169778E-01 1.47790583E-01-8.65782877E-01 1.59362938E-02 9.44171752E-02
42 10 1.03934899E+00 7.79348677E-03 6.88181696E-03-5.89272731E-05-2.19608148E-02
42 11-2.60557337E-01 9.91736092E-03 5.24130853E-03-1.42433461E-03 1.73313140E-03
42 12 2.23708211E-03-8.05528910E-02 1.43279796E-02-7.55464686E-02-1.24395224E-02
42 13-1.33376247E-01 2.13064112E-02-1.90368353E-01-1.59449685E+00 4.02485252E-01
42 14-1.15200710E+00-2.94549917E-01-7.29602371E-04 6.90389319E-03 4.42193672E-02
42 15-1.58023065E-01 5.54020057E-02-3.66889097E-02 1.12220441E-01-3.14971067E-01
42 16 1.74885160E-01-4.13541345E-01-3.33221487E-01-4.06908350E-01 3.31040246E-01
42 17 1.07629797E-01 8.53678404E-01-5.87160261E-03-1.31983558E-02 3.96715750E-03
42 18-1.18543125E-01-4.81700628E-01 4.31687909E-03-3.22989365E-04 1.07854430E-02
42 19-7.55607890E-03 2.24570128E-01 1.13997936E-02-1.73610998E-03-7.02074316E-03
42 20-6.63225829E-02-5.12413205E-01 3.69768850E-03 2.32801412E-03-2.04781080E-03
42 21-4.63577464E-03-7.67570722E-02 1.15784730E-02-3.18560403E-03-5.05663413E-03
43  1-5.65652842E-02-7.53963226E-01-4.76379071E-03-2.28518115E-03 1.32358943E-02
43  2 2.80750244E-02-1.44764695E-02-5.31317715E-02-6.58687225E-03 1.55376205E-01
43  3-3.86219401E-01-2.23805105E-01 1.29235777E-01 8.78751488E-01 9.10015441E-01
43  4 3.10169551E-01 7.85332500E-01 8.76734959E-03-6.44700022E-03-2.58121560E-03
43  5-3.34558735E-02-2.40399744E-01 7.38098341E-02 2.03281301E-01-2.21365030E-01
43  6-8.20341300E-01 2.11657508E-01-7.43269887E-01-4.68767864E-01-8.94430589E-01
43  7-7.62934797E-01 4.19727181E-03-9.58202415E-03-2.10049570E-02-1.91985197E-01
43  8 5.00164503E-03 4.92166763E-03-4.90749674E-02-4.17021328E-01 2.96820845E-02
43  9-1.48285463E-01 7.34256014E-01 8.42281176E-01 4.47720879E-01-3.01430292E-03
43 10-5.26523722E-02-3.63473057E-04-4.05649223E-03 7.30225231E-03 1.18496335E-03
43 11 3.05135195E-01 1.51077300E-03 1.21676658E-03 1.63409483E-03-5.28014194E-03
43 12 1.81049736E-02 5.53907675E-02 7.59192883E-02-8.40207688E-02-4.31072341E-02
43 13 1.12011362E-01 1.06794411E-01-1.86993698E-01-2.78500836E-01-4.09344806E-01
43 14 4.01726195E-01 3.07767847E-01-1.26468881E-02 3.65224676E-03-3.41966007E-02
43 15-1.20561142E-01 9.77517840E-03 1.50134263E-01-7.90609286E-02-2.43219825E-01
43 16 4.76654409E-02 2.29895852E-01 2.37468342E-01-5.16170819E-01-9.59558194E-02
43 17 3.95867234E-02 2.87363249E-01 2.94161116E-03-1.43464145E-02-7.73364577E-03
43 18-1.11351912E-01-8.71335714E-01-8.12368889E-04-6.36508253E-03-8.44699008E-04
43 19 4.68778873E-02 3.52331441E-02-4.30330375E-03 3.35607495E-03-1.19527877E-02
43 20 1.93354908E-02 3.18165367E-01-5.64712635E-04-1.24424155E-02 2.52011062E-03
43 21 1.02770391E-01 5.44612516E-01 4.56127463E-03 1.64718915E-03 4.50487437E-03
44  1-2.60222709E-02-2.44917791E-01 5.35659849E-03 2.37795856E-03 3.62755736E-04
44  2 3.58449724E-04 6.76218381E-03 8.86077644E-02 1.53580023E-02-8.47727808E-03
44  3-3.24220017E-02 4.74835392E-01-1.41036612E-01 5.01278695E-02 8.91496568E+00
44  4 1.27815362E+00 1.63114767E+00-1.47411169E+00-3.01193212E-03-1.41617804E-03
44  5-1.41635675E-01 1.20901704E-01 6.05411248E-02-2.79639144E-02-6.78510590E-01
44  6 3.63720163E-01 1.00296055E-01-7.55294969E+00 2.58635504E-03 1.33246157E+00
44  7-3.85959608E+00-1.89168558E-02 1.80405119E-02-9.27818618E-02 1.12067957E-01
44  8-1.57760308E-01 1.71736729E-01-2.19667107E-01 2.55872011E-01-2.97379002E-01
44  9-1.18203214E+00 5.88069185E-01 8.03269413E-01 1.12805037E+00 3.27254996E-02
44 10 4.79110687E-01 3.04717327E-03-1.96420587E-03-3.92777158E-03-2.49926986E-03
44 11-3.91722315E-01 2.66373915E-03-4.92208071E-03 9.97498032E-03-9.52151533E-04
44 12 1.10099870E-02 4.85487831E-02-4.75202819E-02 5.73594023E-02-4.85027495E-02
44 13 1.35122336E-01-1.03411266E-01 9.57381935E-02-3.58398083E-01 2.97322486E-01
44 14 1.07335791E+00 2.86803265E-01-6.50753218E-03 1.23608324E-02 4.41180697E-02
44 15 2.25330878E-02 8.92971087E-02 2.64172497E-02 1.41437997E-01 2.48992025E-02
44 16 1.85123658E-01-1.62431387E+00-3.11051605E-01 4.93191694E-01 1.86145781E-01
44 17 4.58215708E-02 6.14927213E-01-8.22960101E-03 6.33779161E-03 1.22914644E-02
44 18 6.28076096E-02 4.14955682E-01 6.28516255E-03 5.84726213E-03 1.23133087E-03
44 19 3.57767720E-02 4.47833322E-01 5.61734102E-03 2.76178740E-03 8.01843092E-03
44 20 3.25342908E-02 5.67503385E-01-3.29764506E-03 3.18912048E-03 9.33952345E-04
44 21-1.05905093E-01-3.97216538E-01 1.05768786E-03 7.47726140E-05 5.22505010E-03
45  1 4.37971980E-02 6.53496944E-01 3.71520927E-03 4.62715165E-03-7.93566850E-03
45  2-2.41728708E-02 1.17073717E-02 6.38704772E-02-2.88788972E-02-1.57999178E-01
45  3 3.04971313E-01 3.10955916E-01 1.06160982E-01-6.78793668E-01-7.64468493E+00
45  4-7.89135029E-01-1.16060413E+00 1.77414760E+00 3.35270396E-02-2.33220900E-02
45  5 2.27602619E-02 7.65762860E-02-1.79602849E-01-4.50801238E-01 1.37305784E-01
45  6 1.66160379E-01-6.12030195E-01 7.56872079E+00-3.70061725E-01-3.11505948E+00
45  7 8.92724620E-01 2.34382333E-02-1.95339159E-02-3.53228232E-02-6.32858344E-02
45  8 8.29349538E-03-2.03893343E-01-5.50991474E-02-1.48469056E-01-1.37269418E-03
45  9 3.47242693E-01 1.11678902E-01 3.49893251E-01 1.23401738E+00 3.20766812E-02
45 10 2.46678296E-01 3.56565524E-03 6.38230478E-04-7.64367789E-03 6.71006338E-03
45 11-2.37810801E-01 7.39408854E-04 6.10619990E-03-4.52396948E-03-5.33195120E-02
45 12 3.90529293E-02-4.49701938E-02-1.30065256E-01-3.46283626E-02 5.09033322E-01
45 13-1.16394544E-01-2.99798862E-01-7.24143989E-02-8.05301720E-01-1.21597095E+00
45 14 8.43760811E-01-2.92214065E-01-1.40518749E-02 3.09156423E-03-2.94988990E-02
45 15-2.22830280E-02-1.02905770E-01 1.74426276E-01-9.35421747E-02-5.49487544E-02
45 16-2.26071856E-01 1.30549723E+00-1.19683663E-02 1.90175350E-01-3.78514748E-02
45 17-8.61538126E-02-8.59347868E-01 1.82329462E-03-4.78184266E-04-6.27839988E-03
45 18-3.71760667E-02-4.85778048E-01-9.84307853E-03-5.47100615E-04-8.30447086E-03
45 19-1.07097953E-01-1.01362398E+00-2.26072014E-03-2.13326366E-03-8.69541763E-03
45 20 2.21794495E-02 2.16900453E-01 1.74460487E-04 8.26094082E-03 1.10442217E-03
45 21 2.42087223E-02 4.10982710E-01 3.21189373E-03-7.85585516E-04-1.84454642E-03
46  1-1.13321566E-02 1.53527611E-01-1.51676108E-03 3.95163257E-04 3.74278142E-03
46  2-3.35455007E-02 1.36198190E-02-8.84298497E-02-1.98520762E-01-2.45083500E-02
46  3 6.25458359E-01-4.54448343E-01-8.17709650E-01-5.99724234E-02 2.68435371E+00
46  4 3.65775971E-01 1.88673305E-01-1.04627613E+00-4.17793243E-02 1.18045406E-02
46  5 9.24603739E-02-5.44079923E-02 1.43096687E-01 8.52608547E-01 3.80406433E-01
46  6 5.83880557E-03 1.71656940E-01-9.45250489E-01 1.21493492E-01 1.16087391E-01
46  7-6.47861300E-01 1.88315274E-02-1.18711701E-02-1.22601734E-02-3.86782898E-02
46  8 3.14828410E-03-1.81722919E-01-2.31934857E-02-5.27025623E-02 1.86962664E-02
46  9-8.48716759E-01-5.14246560E-01-4.40155344E-01 7.56270250E-01-5.73053613E-02
46 10-1.10381490E+00-4.46549079E-03-8.90729677E-03 5.04824786E-03-5.04161667E-02
46 11-1.09191086E+00-7.91251124E-03-8.51969448E-03 7.48677640E-03-2.32959743E-02
46 12 1.15137050E-02-1.39043495E-02-3.56341985E-02 4.79369014E-02 2.66230293E-01
46 13-1.02774441E-02-8.49058803E-02 9.67450233E-02-1.39143900E+00 3.70307981E-03
46 14 6.17009077E-01-7.79085085E-01 4.38953197E-02-3.11262662E-02 3.32029625E-02
46 15-6.84679027E-02 7.24507103E-02-4.10293922E-01 8.08423697E-02-1.62390571E-01
46 16 2.19321241E-01-1.10121872E+00 2.41047052E-01-6.32957287E-03 9.75173326E-01
46 17 1.54115586E-01 1.56500600E+00 3.55876489E-03-2.87413276E-03 1.03610628E-02
46 18 1.20069843E-02 1.49996965E-01 3.98891543E-03-3.11106936E-04 8.52188724E-03
46 19-1.43370903E-02 1.09426374E-01 1.58549180E-03 3.09846707E-03-1.52427530E-03
46 20-5.61311214E-02-7.27132720E-01 3.32510047E-03 1.80054236E-03 5.04146421E-03
46 21 6.69275198E-02 7.34185099E-01 5.05105304E-03-1.14529834E-02-7.72870941E-04
47  1 4.97931852E-02 1.29095159E+00 7.93438321E-04 6.97499312E-03-3.06201012E-03
47  2 1.37874150E-01-6.82710222E-02 7.01301760E-03-9.34655032E-02 1.45742810E-02
47  3-2.11945190E+00-1.24669587E-01-4.30404283E-01 7.78131888E-02-1.02288355E+01
47  4-8.85541513E-01-1.89023893E+00 2.10622107E+00-8.96691843E-02 9.18009966E-02
47  5 5.77452804E-02-1.23084939E-02 4.31696497E-02 7.90853905E-01 3.49369589E-01
47  6-4.22187534E-01 5.83905682E-01 9.88688272E+00-4.93349019E-01-1.52595952E+00
47  7 1.40143600E+00 5.15384600E-02-3.91554011E-02-5.50120694E-02 4.53751348E-02
47  8-2.40933581E-02-5.01381945E-01-7.49244414E-02 4.97753002E-02-8.58706883E-02
47  9 1.13305318E+00 3.44276932E-01-6.30559521E-01 2.88979403E-01 3.78553631E-02
47 10 1.02977092E+00-3.07034166E-03-9.19124752E-04-1.20978867E-03 4.00055991E-02
47 11 7.56456121E-01-7.79517365E-05-9.95016465E-04-2.25771741E-03 2.86066851E-02
47 12-2.55975724E-02 3.81907878E-03-3.55632124E-02-6.74916847E-02-2.62157540E-01
47 13-1.38602059E-02-4.42178072E-02-7.71577702E-02-2.10454816E-01 3.76678354E-01
47 14 5.65794717E-01 1.40268020E-01-2.29272754E-02 7.58306260E-03 4.36469880E-04
47 15 4.16623950E-03-2.57425430E-02 2.85362768E-01-3.38222046E-03 1.31232009E-02
47 16-2.73832411E-02-6.96052959E-01-1.21886272E-02 4.38439845E-01-4.72671156E-01
47 17-6.83878820E-03-2.42937498E-01 4.26590914E-03 2.35622270E-03-9.60617428E-04
47 18-5.99860726E-03 2.96232703E-03-1.87612629E-04-4.12760418E-04 5.61112503E-04
47 19 9.63817641E-03 3.08050636E-01-4.06544389E-03 1.16710794E-02-4.27099256E-04
47 20-7.46791821E-02-1.47719629E+00-4.19239632E-03 3.12336139E-03 1.10507950E-03
47 21 1.97281596E-02 1.18752336E-01-3.72870322E-03 4.70878977E-03-2.32058044E-03
48  1-1.07060857E-03 5.56659345E-01 2.80800974E-03-1.40139924E-03 8.98684288E-05
48  2 4.16636985E-02-4.23377819E-02 1.11218154E-01-1.34545027E-01 1.18554425E-02
48  3-5.11945020E-01 5.46509731E-01-4.98246556E-01-2.50549158E-02 4.19661463E+00
48  4 6.01130540E-01-2.55455847E-01-7.48220980E-01 3.91101568E-02-4.06391000E-02
48  5-1.34668009E-01-2.42124601E-02 1.31163240E-01-4.28944345E-01-6.05459988E-01
48  6 5.26614441E-02 3.54319638E-01-7.02835638E+00 1.25581598E+00 2.16327424E+00
48  7-1.29622708E+00 3.18131192E-02-1.04577954E-02 1.04063846E-01-2.65364488E-02
48  8-3.93551209E-02-3.69823412E-01 1.82660312E-01-5.17752846E-02-6.48024891E-02
48  9 2.59877417E-01-1.24135962E+00-8.55221251E-01 1.64711829E+00 1.01566012E-03
48 10 9.24877543E-01 3.46405338E-04 2.46683539E-03-6.81016542E-03-1.89175746E-02
48 11-3.61825869E-01-5.19025827E-03-2.41456815E-03 7.27501231E-03-5.04743254E-04
48 12 4.09010409E-03 8.16727912E-02 1.33363027E-01 5.82622845E-02-4.76331284E-02
48 13 1.40512679E-01 2.75817963E-01 1.58448779E-01 2.15857262E+00-2.91066054E-01
48 14-6.02911315E-01 2.64546268E-01-1.25240281E-02 1.55422586E-02 2.10574493E-02
48 15-6.52479896E-02 6.79911372E-04 7.69023582E-02 2.30680774E-02-1.11406558E-01
48 16-8.09020511E-03 6.84538330E-01-3.22081367E-01 6.10822384E-03 1.39199302E-01
48 17-2.36211161E-02-1.91030071E-01-2.16862572E-03-2.02690558E-04-4.60758729E-03
48 18-4.07092739E-02-1.75769206E-01 8.01097586E-04 3.35379285E-03-2.10452694E-03
48 19 1.32754957E-02 1.02441366E-02-6.73601028E-03-4.19614729E-03 5.46010349E-03
48 20 7.37282471E-02 1.55752476E+00-4.46386313E-03-8.71304718E-03 9.67029800E-03
48 21 7.31436573E-02 1.18708099E+00-5.95913401E-03-8.89887716E-03 1.05767583E-02
49  1 3.45589739E-02 2.89814780E-01-2.25923893E-03-4.98835657E-03 2.77994165E-03
49  2 6.34622699E-02-4.00269317E-02 1.26582146E-02 6.74978100E-02 5.49971050E-02
49  3-8.99523004E-01 1.40196562E-01 2.57728044E-01 2.41189958E-01-1.82034859E+00
49  4-2.58534695E-01 9.44749000E-02 1.00290707E+00-1.75397721E-03 1.96096585E-03
49  5-4.11256727E-02-4.69069754E-02 5.28511899E-02-6.39285093E-02-2.68504225E-02
49  6-8.98576575E-02 2.06052284E-01 3.67476897E-01 7.15521532E-01-5.14130101E-01
49  7-5.82403050E-01-6.08310801E-03-2.16993826E-03 7.90102656E-02 2.50979414E-02
49  8-3.12447052E-02 9.59165441E-02 1.62361511E-01 3.05362094E-02-8.80669327E-02
49  9 4.94024679E-01-3.51835409E-01 6.59917836E-01 1.45437687E-01 4.67844245E-02
49 10 7.20712951E-01-1.64148728E-03 1.99625336E-03-5.31320537E-04 3.25245387E-03
49 11 7.36013623E-01 3.90796903E-03-2.55476000E-03-7.94633270E-03-2.83495646E-02
49 12 1.13916325E-02-9.21317086E-02-5.25473834E-02-1.35042860E-02 3.05195753E-01
49 13-2.85472297E-01-1.13536687E-01-6.50359960E-02 2.39088795E+00-1.96347871E+00
49 14-4.93116911E-01 9.61235958E-01 4.07673775E-02-1.96825350E-02 1.21590355E-02
49 15 2.76041313E-02 1.40344783E-01-4.62600971E-01 3.19200013E-02 5.25440795E-02
49 16 3.00840946E-01-1.00317706E+00 4.75882739E-01-2.78951096E-01 6.54924385E-01
49 17 1.16893757E-01 1.37525844E+00 4.68503105E-03 1.07144683E-03 5.60086868E-03
49 18 7.13665963E-02 6.91830382E-01-8.71700960E-03 5.48423075E-03 6.63506752E-03
49 19-1.69378814E-01-2.27731145E+00-1.90230077E-02-1.01478687E-02-2.88397691E-03
49 20 2.22393371E-02 4.32200432E-01-1.93055758E-04-5.51066305E-04 9.68829524E-03
49 21-7.48378228E-02-4.83771555E-01 5.23169216E-03 2.15389696E-04-4.09683138E-03
50  1 5.30238399E-02 1.13840272E+00 2.57517723E-03 4.74077533E-03-1.52459735E-03
50  2 2.04906824E-02-1.90437582E-02-5.55195417E-02 1.02905329E-01-2.08221990E-01
50  3-4.91908179E-01-1.81405934E-01 4.98965437E-01-8.82576244E-01-2.02180602E+00
50  4-7.23269525E-01-2.72436961E-01-1.21015640E-01 5.51324102E-02-7.42472729E-02
50  5 6.85981351E-02 5.71645294E-03-4.72902218E-03-1.97150982E-01 9.71144145E-02
50  6-6.99088060E-02-5.86587978E-02 9.43020438E-01 3.25852127E-01-7.89946096E-01
50  7 1.51418745E+00-2.52592868E-02 2.33942943E-02 4.77640812E-02-1.19401296E-01
50  8 1.84472769E-02 2.19938080E-01 1.04027334E-01-2.46980660E-01 7.93309527E-02
50  9 1.00208558E+00-1.35480859E-01 7.16718725E-01-1.17161033E+00 3.62072647E-02
50 10 3.07929648E-01 3.91194945E-03-2.92234507E-04-5.37928809E-04 6.70816328E-02
50 11 1.02237010E+00 3.00389815E-04 1.84961514E-03-1.85653403E-04-3.53773959E-03
50 12 1.15978110E-02 6.97958107E-02 3.31026728E-02 1.43580507E-01 3.04867940E-03
50 13 1.98000223E-01 4.04523224E-02 3.18016893E-01-6.37342410E-01 4.90324867E-01
50 14 5.57010068E-01-1.56067051E+00-1.21103896E-02 8.21529953E-03-1.00397417E-02
50 15-7.73304839E-02 5.72237186E-02 1.34042307E-01-1.31840688E-02-1.72318530E-01
50 16 1.48215961E-01-8.33401055E-01 3.69405750E-01 8.83830333E-02-1.29235925E-02
50 17 6.76139585E-02 6.81886227E-01 6.25487882E-03-1.01547928E-03 9.17466534E-04
50 18-3.97427220E-02-3.24042784E-01 5.75628140E-03-2.97946987E-04 1.92791735E-03
50 19 8.14721956E-02 1.04931768E+00 7.66601066E-03 9.72445968E-03-8.45181278E-03
50 20 8.41402749E-03 4.75911103E-01 4.06937106E-03-8.46271938E-05-4.92068315E-03
50 21-6.80233121E-03-3.44017639E-01-1.96118728E-03 4.77335396E-03-1.27514389E-03
51  1 5.10332070E-02 7.50994934E-01 5.02653727E-03-6.71624943E-04 2.51315392E-03
51  2 6.31314200E-02-5.25558662E-02-2.32714970E-02-3.30419067E-03 1.17510019E-02
51  3-9.25467793E-01 5.39064654E-02 9.77695482E-02-1.11053355E-01-2.03879862E+01
51  4-1.17512880E+00-3.59210034E+00 4.14934073E+00-7.33322132E-02 2.41268063E-02
51  5-4.47141074E-02 7.63226003E-02 2.46371122E-02 1.51136093E+00-2.76786310E-01
51  6 5.71884311E-01 5.84517006E-03 2.30743988E+01-3.33998096E+00-2.39313545E+00
51  7 4.47162896E+00-3.36740609E-02 1.83342653E-02-1.08932751E-01 3.04469777E-02
51  8 9.00493843E-02 4.43048360E-01-3.04042155E-01 4.22216103E-02 2.99184472E-01
51  9-7.12914370E+00-1.05102468E+00 5.46169798E-01 1.40560732E+00 6.50888831E-02
51 10 7.40950489E-01 3.99737750E-05-6.72449604E-03-2.59542956E-03 3.35422315E-02
51 11 7.44346817E-01 9.11157657E-04-3.39665926E-03-1.85732162E-03-1.56607470E-02
51 12 1.16215811E-02-5.11609433E-02 2.35127978E-02-2.49513061E-02 1.84026657E-01
51 13-4.52078354E-02 4.33065611E-02-6.65858244E-02-9.84071600E-01-9.31791639E-03
51 14-1.16811640E-01 2.91352406E-01 3.16473341E-02-2.35070989E-02 8.35901359E-04
51 15-4.04962680E-03-1.86727644E-02-3.15291685E-01 7.31404230E-03 2.26307968E-02
51 16-6.11421861E-02 8.86737523E-01-4.21445514E-03-3.18573495E-01 5.07433968E-01
51 17 1.95957120E-03 9.50601177E-02-4.37563776E-03-4.13948101E-03-4.36830303E-03
51 18 1.45874188E-02 1.10600952E-01 5.36121684E-03-3.38866422E-04-4.53175760E-03
51 19 7.81519459E-03-8.82406384E-02 8.44407623E-03-8.13950308E-03-2.38954944E-03
51 20-1.85092244E-02-1.59834136E-01 1.68809036E-03-1.24411350E-02-1.19619602E-03
51 21 1.19530051E-01 2.10256741E+00-1.00589256E-02-7.58147200E-03 1.98789015E-02
52  1 8.11121480E-03-3.51412015E-01 2.92244875E-04-7.44560647E-03-5.83134461E-04
52  2-4.07388661E-02 1.34436403E-02 6.57123121E-02 9.05138840E-03 2.05223334E-03
52  3 6.93265260E-01 1.62753170E-01 2.21044804E-01-1.36737237E-01 1.50851864E+01
52  4 1.55637815E+00 2.01773242E+00-2.55932704E+00 2.85168864E-02-1.54819693E-02
52  5 5.79278000E-02 7.44469625E-02-5.69512528E-02-5.39077459E-01 1.21813245E-01
52  6 2.62334308E-01-2.79206388E-01-1.27753183E+01 1.47270062E+00 4.66656564E+00
52  7-5.51317854E+00 3.65923130E-02-1.41258953E-02-4.20317369E-02-1.01544423E-01
52  8 1.36440130E-01-4.55118650E-01-1.44146968E-01-2.91126632E-01 4.03530627E-01
52  9-1.77793790E+00-1.52985887E-01-2.76751069E-01 4.22450266E-01-2.61996729E-02
52 10-1.64863655E-01-2.12748214E-03 4.60010530E-04-5.77079412E-03-1.32256445E-02
52 11-3.29422803E-01-1.55442825E-03 5.35582489E-03-2.31821767E-03 8.06697431E-04
52 12 1.82017481E-04-4.85500945E-02-2.87148007E-02 1.56828042E-02-1.45862058E-02
52 13-1.17837339E-01-4.93080487E-02-1.60980621E-02 9.67948524E-01-2.84516397E-01
52 14 5.10662622E-02 7.30517657E-01-4.15417630E-02 2.05575132E-02 7.42273160E-02
52 15 1.08310502E-01-3.04306556E-03 5.22544092E-01 1.32149007E-01 2.98308800E-01
52 16 1.98755487E-01-4.47915304E+00 2.77187948E-01 1.18904077E+00-1.42672333E+00
52 17 1.23112647E-02 1.73309145E-01 2.94370176E-02-4.31916589E-03 3.48901270E-03
52 18 6.69738269E-02 1.83620571E+00-3.66150972E-04 1.21664146E-02 3.91412341E-03
52 19-3.51508015E-02-5.86365174E-01-7.47480825E-04-3.90581882E-03 8.73591667E-03
52 20 5.68220287E-02 3.95783169E-02-1.75739718E-03-3.57557391E-03-4.54065342E-04
52 21 1.47970696E-01 2.33131604E+00-1.76958732E-03-1.15428727E-02 1.26213548E-02
53  1 1.07148165E-02-2.81472954E-01 3.61968515E-03-2.52604858E-04-7.96022541E-03
53  2-1.51500451E-02 1.66213913E-02 3.61226279E-03 3.76758252E-02 3.76567598E-02
53  3 1.91047089E-01-6.31834331E-03-6.92334387E-02 9.93066492E-02 3.46201790E+00
53  4 1.28167040E-01 3.48832208E-01-1.10702215E+00 2.25374520E-02 1.05500504E-02
53  5-8.27379724E-03 1.16463033E-01 5.21630923E-02-6.80526470E-01 9.09052988E-02
53  6 4.98797012E-01 6.56271292E-01-4.76130534E+00 5.76520412E-01 1.04031650E+00
53  7 6.41261504E-01-5.33553703E-03-1.10564718E-02-2.68582170E-02 5.19316022E-02
53  8 7.10695367E-02 1.60215880E-01-8.84432252E-02 7.49859529E-02 1.10591836E-01
53  9-2.56174714E+00-4.46146222E-01 7.90891302E-01 7.10406365E-01 8.66895347E-03
53 10-2.48378956E-01 5.17645966E-04-1.04210411E-02 5.36158373E-04-5.48052188E-02
53 11-2.87010584E-01-1.68709696E-03-4.00655560E-03-7.85181686E-03 3.76868694E-02
53 12-1.09612022E-02-9.19489469E-02-1.70700287E-02 6.85961952E-02-5.74141684E-01
53 13-3.18733621E-01-1.19591941E-01 2.69374742E-01 6.80662747E+00-6.32328555E-01
53 14 1.72748634E+00 6.89841084E-01-3.75056182E-02 7.67489324E-03-2.28096369E-02
53 15-1.39128106E-01-7.11390805E-02 5.37605578E-01-9.01202587E-02-4.47275881E-01
53 16-9.43672554E-02 7.68662548E-01 7.76049786E-02-6.05927800E-02 5.40291545E-02
53 17 4.35243237E-02-5.81086500E-02 8.59752309E-03 1.49550703E-03 4.56643795E-03
53 18-1.47793185E-01-2.09712297E+00-1.16741172E-02-1.87309997E-02 1.33969703E-02
53 19-8.89042532E-02-1.97963272E+00-1.97536056E-02 1.44406175E-02-8.86120454E-03
53 20-3.11208093E-03-2.09778453E-01 2.69542639E-03-6.84037973E-03-1.29900098E-02
53 21 3.33504141E-03 5.33731954E-01-3.84844382E-03-7.53932115E-03-9.71334212E-03
54  1-2.32161493E-01-7.62297264E-02 3.10265709E-02 2.32415840E-02 2.82830755E-02
54  2-3.65540790E-03-1.28334272E-02-5.97757221E-01-2.29152478E-01-1.05575680E-01
54  3-2.09933126E-01 8.99995737E-01 3.36189373E-01 3.54700321E-01 8.70779370E+00
54  4 3.75162310E-01 1.09668008E+00-1.61005933E+00-3.00334869E-03 5.20287027E-02
54  5-3.98761867E-01 3.05937611E-01-3.52662399E-01-5.26948821E-01 6.58919586E-01
54  6-6.13001661E-01 5.15673001E-01-9.45415949E+00 1.33748422E+00 2.31677361E+00
54  7-2.70757212E+00 8.24636225E-03-5.69693599E-02-4.72443035E-02 5.84917548E-02
54  8 2.96959716E-04 1.66551955E-01 8.49851285E-02-1.48333298E-01-8.04194806E-02
54  9 9.10442385E-01-3.02974424E-02-4.65095036E-01 2.02302508E-01 3.43793158E-01
54 10-1.13426877E-02 9.41260130E-02 8.76831620E-03 2.53203271E-02-1.74663187E-01
54 11 9.15158023E-02 3.54975121E-02 1.58007508E-02-1.50162400E-02 9.33881928E-03
54 12-3.99040646E-02-1.20472997E-02-1.97890024E-03-3.44746812E-02 4.99459866E-02
54 13-5.71663400E-02 1.16123616E-01 3.65075308E-02 1.08781206E+00-2.97125815E-01
54 14-1.52186202E-01 4.84929194E-01-1.36759052E-03 1.70237388E-03 1.95537350E-02
54 15 1.04859061E-02 2.71324195E-02 3.62926826E-02 1.44258058E-02 2.87368317E-02
54 16 4.36781622E-03-6.42936098E-01-2.41835493E-02 2.43275072E-02-4.38102830E-02
54 17 2.41876626E-02 1.14271382E-01-1.71398571E-03 4.46393763E-03-7.31760302E-03
54 18 4.78358562E-02 1.11205832E-01-4.24076708E-03-2.15991924E-03-4.28891952E-03
54 19 6.02817429E-02-2.77108820E-01-1.14213607E-02-1.57869195E-02-4.36817769E-02
54 20-2.74042404E-01 1.53205476E-01 3.53553809E-02-2.25601320E-02 2.94768477E-02
54 21-2.42061597E-02 1.75193666E-01-1.70167547E-02 3.14363193E-02-3.50938064E-03
55  1-2.15073060E-01-3.77976268E-01-6.13790949E-03 1.34278910E-02 6.13026407E-02
55  2-1.48514697E-02 3.90934927E-02 3.20027614E-01 2.62862901E-01-8.46951980E-01
55  3-4.62264251E-01-6.71094870E-01-4.36140362E-01 1.85740313E+00-3.99262064E+00
55  4-1.18134241E-01-5.38212281E-01 4.74746604E-01 1.24635916E-02-1.16645048E-01
55  5 1.67490571E-02 4.41155005E-01-6.21187620E-02 9.08448362E-01-7.83170119E-02
55  6-1.24985618E+00 2.18993307E-01 3.89831955E+00-6.25301617E-01-6.57576989E-01
55  7 1.11829425E+00-2.74135848E-03-1.55940859E-02-1.05264795E-02 2.55813492E-02
55  8 1.69904191E-02 1.77322081E-01 9.16826943E-02-5.21646429E-02-1.85991205E-02
55  9-6.08536091E-02 1.68645876E-01-2.32254577E-01 1.02128109E-01-1.54262691E-01
55 10-1.43078720E-01-2.38901843E-02 1.15916124E-02 1.28631576E-02-1.34181860E-01
55 11 1.42545398E-01 7.67049352E-03 2.69048219E-02-1.41647595E-02 5.68963374E-03
55 12 3.64074423E-02-2.52170596E-02 4.44435074E-03 6.72752349E-02-2.42067624E-01
55 13-8.24932591E-03 4.68911704E-02-2.12598708E-01-5.33863583E-02-2.14558315E-01
55 14-2.00741809E-01 1.47713509E-01 8.36289713E-03-1.61912639E-02-3.29568414E-03
55 15 8.94086465E-04 2.17317946E-02-7.45220233E-02-8.01279273E-03 3.24887235E-02
55 16-4.38940917E-02 3.67540441E-01 4.48471993E-02-1.76625632E-01 1.02055530E-01
55 17-3.38739819E-02 3.13671943E-02-2.24152923E-03 2.19082578E-03-1.37945942E-02
55 18 5.14423525E-02-5.12348418E-02-6.87901597E-03-1.13049848E-03-9.57558046E-03
55 19 7.33985578E-02-3.22768288E-01 1.03465071E-02 1.50276400E-02-8.01797959E-04
55 20-1.57619507E-03-1.05869844E-01 1.82266255E-02 5.00418474E-03-3.07694029E-02
55 21-2.74366826E-02 1.47841747E-01-9.01586101E-03 2.29489789E-02-1.07762514E-03
56  1-3.35305886E-02 4.54174174E-01 3.12302781E-02-3.30325614E-03-7.59049237E-02
56  2-7.49673639E-03 7.75441830E-03-1.26589138E-01 7.40991740E-01 1.55765868E-02
56  3-3.60576789E-01 2.84114054E-01-1.84208888E+00-1.25852675E-01-6.17655144E-01
56  4-1.12553044E-02 8.18982649E-02 1.98392079E-01 7.01578604E-03-7.76254894E-02
56  5 1.34058713E-01-3.15915642E-01-5.53622360E-01 4.60151114E-01-5.08809276E-01
56  6 9.83906282E-01 1.51439217E+00 4.14474275E-01-8.37375663E-02-1.10561738E-01
56  7-2.09927635E-01 9.10243319E-03 3.15681255E-02-4.39534649E-03-1.44317308E-01
56  8 4.54771221E-02-4.16958973E-01-1.16396581E-01 2.38396880E-01-1.42087316E-01
56  9-8.95915893E-01-4.40015570E-01-4.58908561E-02 5.94044325E-01-3.71505788E-03
56 10 5.12689641E-02 2.50343538E-02-2.99283959E-02-2.67004489E-02-2.48989904E-01
56 11-5.40168749E-01 1.47049063E-02-1.00267378E-01 1.95250185E-02-9.40600741E-03
56 12-3.86809328E-02 2.94409910E-03-1.92907019E-02-9.05663061E-02 4.00284045E-01
56 13 7.54221868E-02 7.37998818E-02 2.55406838E-01 6.66448404E-01 2.49087046E-01
56 14 3.08099127E-01 3.30655444E-01 3.06785321E-03-5.22095635E-03 9.72507049E-03
56 15-2.39099373E-02-2.18536525E-03-2.63147614E-02-3.56718043E-03 1.51134013E-02
56 16-6.86224250E-03 1.21668680E-01-6.42364391E-02 5.43997019E-02 1.74670542E-01
56 17-7.98632766E-03 3.81037908E-02-5.79182769E-03 8.10910851E-03-1.40904445E-03
56 18 2.14538013E-02-5.21954239E-02 9.00007240E-03 5.91078937E-03-1.29074980E-02
56 19-9.23505118E-02 1.91833532E-01-6.98014723E-03-9.10381057E-03-7.51112161E-03
56 20-7.17124878E-02 1.75612912E-01 1.34969924E-03 2.16285875E-02 1.39972466E-02
56 21 3.35736106E-02 3.46561651E-01 1.48082620E-02 7.61273159E-03-3.56970802E-02
57  1-9.38076240E-02-8.74700251E-02 2.16930197E-02-4.18934069E-03 7.03485457E-02
57  2 8.17149270E-03-9.68764482E-02-1.43068708E-01 1.46916064E-01-3.26213814E-01
57  3 1.18205234E+00 5.54122454E-01 7.16135714E-02 1.57592676E-01-6.19309602E-01
57  4-1.38582311E-01-1.11023976E-01 1.26446814E-01-1.12033682E-02-2.49316244E-02
57  5-3.27094774E-01-5.96870076E-01 5.77363672E-01 2.19180310E-01 6.75887062E-01
57  6 1.38308662E+00-1.38319156E+00 8.28501971E-01 2.33965314E-01 1.87229134E-01
57  7-1.39538416E-01 4.87010910E-03 2.01082211E-02-3.79695930E-02-4.67666343E-02
57  8 5.65558710E-02-2.60340432E-01-1.59383541E-01 8.72363157E-02 1.46608635E-01
57  9-7.83870232E-01-4.11221621E-01-1.90321550E-02 4.42205356E-01 2.29024059E-01
57 10-1.45169943E-02 1.92012541E-04-2.33086765E-02 3.32980147E-02-6.82788666E-02
57 11-9.27656590E-02 2.32673154E-02-5.18578810E-02 3.22345607E-02 9.50947349E-03
57 12 9.00172016E-03-4.05956912E-02-5.25280885E-02 7.00129858E-02-1.87506703E-01
57 13-7.29390477E-02-1.55009525E-01-7.07551925E-02 3.89491489E-01-4.68331256E-01
57 14-2.90822563E-01 3.78365506E-01-1.27576137E-02 2.12767317E-02 1.02092663E-02
57 15 7.64375155E-02-1.16714224E-01 9.07310722E-02 4.42968584E-03-6.93140020E-02
57 16 1.10088488E-01-2.14371716E-01-7.02725880E-02 3.14498182E-01-3.75381354E-01
57 17-5.27196307E-02-2.23753941E-01 2.64688972E-02-2.13802507E-02 4.42450070E-02
57 18-9.33207305E-02 3.79277311E-01-1.14690997E-02-7.98117204E-03 2.87952553E-02
57 19 9.52773421E-02-4.49868473E-01 1.60558359E-02-2.15300466E-02-3.17075200E-02
57 20-2.08534715E-01-2.53151489E-01 5.64055014E-02 2.42944810E-02-1.89403072E-02
57 21-5.09107794E-02 4.21131426E-01 5.03036625E-02-7.62411545E-02-3.40982781E-02
58  1 9.71118463E-02-4.17313277E-01 2.68684244E-02-4.33900680E-02 4.55249140E-02
58  2 3.39033611E-03 7.35449706E-03-6.19800301E-01 9.66223077E-02-1.22981771E-01
58  3-1.35653175E-01 1.62851025E+00-2.20423126E-01 4.95804573E-01-1.47225367E+00
58  4-1.78088379E-01-2.38286958E-01 3.04873651E-01-5.49176372E-03-4.75593271E-02
58  5 6.59946488E-01 2.06114761E-01 3.69526173E-01 4.85397111E-02-1.98477311E+00
58  6-4.25386905E-01-9.59350056E-01 1.55299841E+00-3.42567258E-01-2.84563717E-01
58  7 2.62123118E-01 7.40636763E-03 1.22376796E-02 4.89111405E-02-1.37853427E-02
58  8 4.33233352E-02-2.27952722E-01 7.62019519E-02 2.01550689E-01 4.55973214E-02
58  9 2.20879741E-01 2.57535522E-01-1.66829643E-01 2.26218253E-01-7.07021304E-03
58 10 8.36938527E-01 8.61760841E-02 4.95197160E-02-5.54549161E-02-8.31851940E-02
58 11-2.89821899E-01 4.85006862E-02-3.49936736E-02 3.47873112E-02 2.35310873E-03
58 12 4.77466687E-02 5.57286304E-02 1.24744710E-02 4.63873897E-02-3.37488793E-01
58 13 1.13813833E-01-1.09922969E-01-2.75427096E-01-1.18225356E+00 2.47576190E-01
58 14-3.78943975E-01-3.15525113E-01 1.09147734E-03 1.97053108E-04 6.84391592E-03
58 15-2.38617526E-03-1.75840577E-02-5.22748148E-02 1.36495606E-03 7.00405782E-03
58 16-2.01375242E-03 3.00236969E-01-1.31522814E-01-7.50675131E-02 7.73835937E-02
58 17-4.59762345E-02-3.80039164E-02-9.59471720E-03-9.79085958E-03 3.51207947E-03
58 18-3.14008599E-02 8.44984413E-02 4.50457964E-03 2.04998973E-03-8.69028323E-03
58 19-6.13128208E-02 2.60486624E-01 1.76250770E-03 2.73117751E-02 7.15774300E-02
58 20 1.44462078E-01 1.02634647E+00-9.44494752E-02-2.86449582E-02 2.01492959E-02
58 21-4.24624243E-03-5.30076099E-02 2.12610641E-02 2.32565080E-03-6.37265909E-03
59  1-3.91378708E-01-5.93931039E-02 2.52383470E-02 5.92484302E-02 4.64584828E-02
59  2 7.68256730E-04 1.10770740E-02-5.88882802E-02-4.05260430E-01-3.28019398E-01
59  3-1.66416696E-01 2.78848111E-01 7.14967480E-01 7.78860103E-01 5.46917256E-03
59  4-2.11042709E-02-1.23110574E-01-8.42862388E-02 2.63817855E-03-1.10925652E-02
59  5 3.61743877E-01-5.18274089E-01-3.95651039E-01-7.57228088E-02-9.87767368E-01
59  6 1.13673477E+00 8.81108174E-01-2.29392312E-01 9.95900904E-03 2.20003273E-01
59  7 1.94726621E-01-4.64769218E-03 5.59870155E-02 6.82968838E-02-3.27824793E-02
59  8-2.48967323E-02-2.07711270E-01-1.39923614E-01 1.83994046E-01 3.57078869E-02
59  9-2.09198965E+00-3.42881978E-01 1.06675103E+00 1.55191505E-01-8.27237459E-03
59 10 2.55931322E-01 1.59060197E-02 4.39619871E-02-1.88347791E-04 3.93299025E-01
59 11-1.62771622E-01-2.84341057E-02 5.11683860E-02 5.51851848E-02 7.77013018E-03
59 12-2.92470931E-02-5.25065640E-02-8.30543774E-02-2.02915608E-02 2.15591563E-02
59 13 6.86818427E-02 3.40853083E-02 1.34385903E-01 2.61818433E+00-2.22153138E-01
59 14 3.66025160E-01 1.08885853E+00-2.55867332E-03-6.41945431E-04-7.22994219E-03
59 15 1.38771809E-02 2.09707449E-02 5.12714799E-02-1.30167013E-02-3.81149592E-02
59 16-6.00734051E-03 2.23240369E-01 7.55369920E-03-1.39720578E-01-6.07415376E-03
59 17 2.45815943E-02-3.31760578E-02-5.10344621E-04 4.49420764E-03-1.67877437E-03
59 18 1.03699458E-02-2.79884536E-01-2.01618284E-03-1.13811435E-02 1.19008471E-02
59 19-9.66260449E-02-5.01793707E-01 8.46775243E-03 2.64043406E-03-6.33801354E-04
59 20 9.14648913E-02 3.51334831E-01-3.65883902E-02-1.55482923E-02 3.30631802E-05
59 21 1.02135033E-01 2.25504282E-02-1.53834989E-02-2.41633967E-02 1.92751055E-02
60  1-3.44086834E-01 6.61465573E-01-1.90118437E-02-2.62210640E-02 3.81062130E-03
60  2-1.93139874E-02-8.04382224E-02 2.22526159E-01-1.12488195E-01 1.86593169E-01
60  3 4.13435593E-02-3.85271464E-01 2.67727465E-01-3.81476196E-01 5.16291066E-02
60  4 3.43186483E-02 1.18434500E-02-7.44013287E-02-3.20414785E-02 1.15141375E-01
60  5 4.35470154E-01 3.99425204E-02 7.37042107E-02-5.05406554E-01-6.45248522E-01
60  6-3.49247612E-03-2.44807913E-01-7.78189078E-01-2.29459041E-01 7.40157808E-02
60  7 2.57247785E-03-1.84765076E-03-1.48183521E-02-6.36231595E-02 3.35990498E-02
60  8-5.62524239E-02 1.90921703E-02 8.61453095E-02-2.30292391E-02 6.39131107E-02
60  9-3.51871356E-01-1.99096386E-01 1.58127226E-01 4.09450271E-02-5.83505030E-02
60 10-1.85675630E-01-4.99780272E-03 8.64793767E-03-5.20793731E-03-3.33121564E-01
60 11 7.08308269E-01-2.05322192E-02 7.10490673E-03 2.45208581E-02 2.89639330E-03
60 12-7.56654488E-03-1.29293196E-01-1.79044003E-02-5.91245973E-02-1.54745638E-03
60 13 1.62157475E-01 1.39553829E-02 4.35714461E-02-1.94051455E-01-7.15058804E-02
60 14-1.18567729E-01-2.92874415E-01-8.41495780E-03 3.28223543E-02-2.28069983E-02
60 15 5.95391559E-03-3.30705062E-02-6.32107835E-02 2.26298666E-02 2.64162191E-02
60 16 1.11702160E-02-3.27843019E-01 9.26806084E-02 4.07135874E-02 6.15860487E-02
60 17-2.60436807E-01 4.21550084E-01 1.21684906E-02-1.45520854E-02 8.13747474E-03
60 18-5.76334608E-02 2.84251067E-01-1.60519465E-03 2.22023852E-02-2.70581033E-02
60 19-5.34358628E-02 1.67461118E-01 5.39707241E-02 1.13617298E-02 7.13196114E-03
60 20-1.11758993E+00 2.14891375E+00-2.19464745E-02 5.91192513E-03-2.58370500E-02
60 21-1.72529303E-01 4.68548816E-01-5.17269266E-04-1.24477156E-03 1.87648512E-02
61  1-9.32270534E-01 1.60549014E+00 6.53533473E-03 2.64233463E-03 8.98916585E-03
61  2 5.03426879E-03 1.23581207E-02 1.46129105E-01 4.26860012E-01 3.54813631E-01
61  3-1.78174929E-02-1.49697281E-01-5.87344324E-01-4.09943272E-01-7.01583448E-01
61  4-2.81120283E-01-5.59250331E-01-3.50615915E-01 3.45638617E-03 9.28979998E-03
61  5 2.15360868E-02 2.02728887E-01 1.66735499E-01 2.26793807E-02-1.31214068E-01
61  6-5.76516804E-01-4.04510203E-01 9.03125818E-01 1.05790419E-02-9.51282208E-02
61  7 4.50631502E-01-3.75197618E-03 5.79386046E-04 5.49966250E-02 1.14903897E-02
61  8 3.43248019E-02 7.90871662E-02 4.29846816E-02-5.46372392E-02 5.27201319E-03
61  9 4.91242261E-01 1.05014099E-01-2.22188679E-01-1.29743546E-02 5.42481329E-01
61 10-8.67142434E-01-1.09109129E-03 6.33404673E-02 4.26879549E-02 5.64835786E-01
61 11-1.03023993E+00 6.55131420E-02 2.60709945E-02 4.05342609E-02 5.92352052E-03
61 12-1.47847906E-03 2.13740328E-02-5.25750566E-04-2.60876758E-02-1.30682371E-01
61 13-1.13092699E-02-1.43607697E-02-1.16032470E-01-7.15820685E-01 8.83274721E-02
61 14 6.81209020E-03-3.06338727E-01 6.81900826E-04-2.76302436E-03 4.70235860E-03
61 15-1.00659306E-02-6.35101943E-04-9.66212296E-03-4.07657196E-03 1.03280127E-02
61 16-1.03822764E-02 3.07630945E-02-5.62210943E-03-2.40778117E-04-5.53346931E-03
61 17-4.97846530E-03-1.14905185E-02-5.63202938E-04-3.09839919E-03-4.66617396E-03
61 18-2.14532318E-02 3.82848158E-02-4.80153883E-04 1.33078257E-03-6.61152339E-04
61 19 2.34099475E-02 3.84681459E-02-3.24796753E-03 6.13181622E-03 3.82058264E-02
61 20 1.74894834E-01-6.69063793E-02-2.65249630E-03-3.22482082E-02-3.12422109E-02
61 21-3.32995833E-02 9.49899997E-03-3.24950925E-03 1.09262236E-02-2.52684931E-03
62  1-7.70726761E-02 1.77693694E-01-9.27573117E-02 3.82752782E-02-3.44654459E-04
62  2-8.20857299E-03-4.92309282E-02-4.33892225E-01 2.49917414E-01 3.67230046E-02
62  3 1.58320654E-01 4.65243928E-01-2.59627036E-01-1.57401760E-01 1.11318006E+00
62  4 7.01148224E-01-2.19736688E-01-1.18781846E-01-4.67110547E-03-1.95244800E-02
62  5-1.95104779E-01 7.41077064E-02 3.78236525E-02 4.46124906E-03 6.97402422E-01
62  6-1.27285764E-01-1.66154210E-01-1.33930451E+00-2.19043718E-02 6.38079426E-01
62  7-6.46693535E-01-7.70380957E-03 3.02647035E-03-3.73584676E-02-3.01150955E-03
62  8-4.53380774E-02 1.16587372E-01 2.21766297E-02-1.23582148E-01 4.40868838E-02
62  9 1.17798849E-01-1.53683269E-01-1.97996239E-01 2.61822856E-01-9.55916247E-01
62 10 1.49531849E+00-2.04372649E-02 2.46793734E-02 3.16258634E-02 7.47838853E-01
62 11-1.26009078E+00-4.99373872E-02-1.26287330E-02-2.88698394E-02 1.85348301E-03
62 12 1.11402909E-02-1.40746263E-01 8.67497150E-03 2.15853224E-03-5.05386158E-02
62 13 6.60754911E-02 3.06290905E-02-2.71521781E-03-1.40374775E-02-1.48487646E-01
62 14-1.26080162E-01 6.35997966E-02-1.52381457E-03 5.44880109E-03 6.16590909E-03
62 15 3.72027547E-03-7.57199960E-03 2.42145347E-03 5.96173848E-03-2.34131645E-02
62 16 2.32235402E-02-2.59627945E-01 1.88065402E-02 9.82001239E-02-7.18932908E-02
62 17 5.03533498E-02-5.34667661E-02 5.50302290E-03-1.41658527E-02 1.53365813E-03
62 18-8.98594523E-02 2.51208050E-01-2.83638240E-04-4.77832219E-03 6.88911864E-03
62 19-2.28901666E-02 5.97963456E-02 5.05724643E-02-6.98824703E-03-9.03430973E-03
62 20-3.08510593E-01-3.32999271E-02 2.89458044E-02-2.96953179E-02-4.78311723E-03
62 21-1.20855935E-01 3.68685427E-01 2.54240916E-03-8.16993832E-03 4.10605484E-03
63  1 2.73044405E-01-4.94655459E-01 8.38695805E-05 2.18242036E-02 3.48003222E-03
63  2 2.10403924E-02 1.86649781E-03-1.82572402E-02 5.79836027E-02-5.89659291E-02
63  3 1.62220065E-01-5.28032718E-02-1.17663080E-01 1.44736534E-01 5.07148143E+00
63  4 4.43981318E-01 8.24437721E-01-1.16849503E+00-4.81328484E-04 1.54691079E-01
63  5-3.11738933E-02 4.09360870E-02-2.97265137E-02-3.73963505E-01 8.62787287E-02
63  6-1.69747735E-01 3.23330474E-01-5.58163989E+00 4.86835000E-01 6.24039814E-01
63  7-5.83811633E-01 7.06759061E-03-3.59890038E-02-3.29967654E-02-6.18254446E-02
63  8 4.87515010E-02 1.03659914E-01 4.78943967E-02 8.39917183E-04-3.80194235E-02
63  9 6.45739021E-01 1.01716214E-01 1.51444829E-01-2.04585022E-01 1.68865980E-01
63 10-3.46750095E-01-1.52691675E-02-8.30605157E-04-6.19231883E-03 3.49796983E-01
63 11-6.10525795E-01 1.47045799E-03-8.91077354E-03-1.42981358E-02-3.59173138E-03
63 12 2.58583464E-02-6.46858232E-02 6.13080535E-02-1.49288688E-02-9.12142400E-02
63 13 5.73184406E-02-1.25281377E-03 5.15421306E-02 1.11932555E+00-2.00182689E-02
63 14 3.58292833E-01-1.93479327E-02-2.49262279E-03 1.81865420E-02-6.33099147E-02
63 15 1.42282602E-01-1.83775542E-01-6.50155428E-02 2.51003560E-02 6.28313940E-02
63 16 2.58338447E-02 1.05869973E-01 7.06341946E-02-8.89595525E-01 6.89297799E-01
63 17-9.90171542E-01 1.87948314E+00 1.61717259E-02 6.47182136E-02 5.41369010E-02
63 18 8.28088696E-01-1.80429187E+00-2.31049814E-02 3.58945999E-02-5.65656397E-02
63 19-7.65576126E-02-7.78507994E-02 8.82830497E-03 4.54660446E-02-3.29561641E-02
63 20-2.94720533E-02-3.23310206E-02-1.40332945E-02-6.40733056E-04-2.59549533E-02
63 21 2.59573263E-01-6.90115990E-01 7.13271407E-03 4.61633631E-02 2.19602779E-03
64  1-6.49042335E-01 1.26699142E+00-4.85375915E-03-3.49112411E-02-3.40253220E-02
64  2-5.47200830E-02 1.99067944E-01-8.61445686E-02-1.53657635E-01 1.97118781E-01
64  3-7.23579711E-01 1.91449304E-01 4.50905576E-01-5.86049573E-01-1.01793994E+01
64  4-9.33068717E-01-1.61675545E+00 1.98381539E+00 1.69197435E-02-2.79853228E-01
64  5-1.92087487E-01-5.91769046E-02 7.42192831E-02 7.33522478E-01 5.02025772E-01
64  6 3.17441240E-01-4.80157333E-01 1.02946723E+01-8.08012917E-01-1.70307711E+00
64  7 2.19360504E+00-3.37181950E-03 2.91692687E-02 2.42350909E-02-1.64724136E-03
64  8-2.10779847E-03 1.34496024E-03-1.05232959E-01-1.90965460E-02 8.89689888E-02
64  9-4.94138507E-01-1.35587674E-01 1.65888361E-01-1.45511197E-01-5.63825222E-01
64 10 1.18220601E+00 5.33569381E-02-1.19360410E-02 3.08181810E-02-6.38512959E-01
64 11 1.27242504E+00-1.02035598E-02 4.37483327E-02 2.66507340E-02-1.27882834E-02
64 12 5.77350919E-02-3.93892807E-02 7.92769314E-03 5.17084472E-02-1.02953776E-01
64 13-4.96443275E-02-1.00094386E-01-6.25735195E-02-1.36363073E+00 2.95611551E-01
64 14 2.40508491E-02-3.23371091E-01-5.75970550E-03 2.66539945E-02-6.06186243E-02
64 15 5.08871656E-02-1.14895792E-01-1.45985443E-01 3.70595649E-02-1.77946846E-03
64 16 6.54874882E-02-3.32082642E-01 7.92638958E-02-1.40425521E-01 2.76294695E-01
64 17-4.87496980E-01 9.34298094E-01 5.20527914E-03-1.93224250E-02 3.41248649E-02
64 18-1.12001234E-02 5.93848977E-02 2.63697832E-03 2.08009940E-02-3.44696268E-02
64 19-3.74646812E-01 8.99896502E-01 1.22805450E-02-2.39162245E-03-1.47762227E-02
64 20 4.79351653E-01-1.21276751E+00 1.86909672E-02 2.38318356E-02-2.95247059E-02
64 21 7.37903708E-02-1.15680523E-01 1.97335621E-02-3.43017850E-02 1.33674218E-02
65  1-3.04001305E-01 6.23077230E-01-6.03394558E-04-2.49119097E-02-1.22137847E-02
65  2-2.36180097E-02 1.13661058E-01-4.66599293E-02-2.44056505E-02 9.95812677E-02
65  3-2.65885349E-01 2.30899807E-01 1.63572108E-01-2.84362035E-01-5.41355284E+00
65  4-5.83470689E-01-8.23245125E-01 9.78516891E-01-3.32048057E-03 2.06376669E-02
65  5 6.73199356E-02-9.00762616E-02 1.09317171E-01-2.38266132E-01-2.09259272E-01
65  6 4.02294758E-01-3.26561207E-01 4.44580165E+00-2.78254678E-01-1.19677921E+00
65  7 1.70208162E+00 7.10418266E-03-7.35401326E-03 5.43513656E-03-6.65210584E-03
65  8 2.41044074E-02-3.04931109E-02-4.56792506E-02 3.83122889E-02 8.55162982E-02
65  9-3.43612218E-01-7.66790483E-02 4.10987752E-01 1.16300582E-01-2.93731866E-01
65 10 6.28147432E-01 1.52271800E-02-1.01212033E-02 6.34952785E-03-2.16653989E-01
65 11 3.81455100E-01-2.40844954E-02 1.11093804E-02 3.64226330E-03 1.01921859E-02
65 12-2.64135973E-02 1.64091240E-01 7.70953801E-02-5.92840949E-02 5.14818062E-02
65 13-5.07190696E-02-4.33070607E-02 1.47578779E-02 1.69960509E+00-7.04213465E-01
65 14 5.82641784E-02 4.37869251E-02 2.77050970E-02-8.74494947E-02 4.01886119E-02
65 15 7.70523722E-02 4.31742581E-02 2.94693274E-01-2.56160348E-02-4.29769888E-02
65 16 5.15857895E-04 1.99112645E+00-1.80723284E-01-5.17983252E-01-2.30760024E-01
65 17 5.43775272E-01-1.07523571E+00 2.26952016E-02 1.16767667E-01 9.74660243E-03
65 18 9.61032957E-01-2.11311042E+00-1.28697458E-02-3.59316869E-02 8.65389515E-02
65 19 7.14014580E-01-1.71456753E+00-3.44261315E-02 2.20593599E-02-6.15728382E-03
65 20-6.38216607E-02 2.71167921E-01-4.85164232E-03 1.67823958E-02-3.54892508E-02
65 21 2.17107055E-01-3.77094966E-01-4.53905452E-03-9.82426833E-03 4.74141683E-03
66  1 4.54977464E-02-9.06215505E-02 8.62260413E-03 6.17386643E-03 4.78817333E-03
66  2 1.36087981E-03-5.26242418E-02 3.55382393E-02 1.69298883E-02-2.46004111E-02
66  3 3.06321808E-01-7.56028489E-02-5.03488593E-03-7.48141007E-02-9.47363747E-01
66  4-1.25428071E-01-3.31981105E-01-2.88694056E-02 5.25661277E-03-7.25391641E-04
66  5-4.58694495E-02 1.44728867E-02 9.57245851E-02 1.11997053E-01 1.90439369E-01
66  6-6.89562225E-02-2.68697672E-01 9.90701103E-01-2.01159295E-01-1.50446012E-02
66  7 6.95634122E-01-9.71853203E-03 3.50934663E-02 1.03097292E-02-1.39802097E-03
66  8-1.01616816E-01-5.54318317E-02-7.04723563E-03-2.50818769E-02 6.51925376E-02
66  9-3.50665554E-02-4.73820082E-02-4.40849866E-01 4.48263605E-02 1.27272223E-01
66 10-2.47319578E-01 4.79265896E-03-2.45086075E-03-4.15807628E-03-3.39653184E-02
66 11 6.50848832E-02 2.18637372E-02-1.01666756E-02 2.83139099E-02-2.84728204E-02
66 12 1.16890710E-01-2.87414745E-01-1.77910422E-02 2.88052943E-02-2.59736104E-01
66 13 1.98557723E-01 5.07239786E-02-7.00263649E-02-1.72068374E+00 1.02503394E+00
66 14 1.04994395E-01-3.58305571E-01 2.68496224E-02-8.07427966E-02 5.81610103E-02
66 15 5.53096786E-02 2.70732726E-02 2.08865731E-01-1.29000482E-02-1.81359636E-02
66 16-2.39225260E-02 1.29494064E+00-3.00246449E-01-2.01149847E-01-4.73997405E-01
66 17 5.62731021E-01-1.23353340E+00 7.62293260E-03 6.34812459E-02 9.76127836E-04
66 18 6.26356984E-01-1.13921644E+00 4.63863321E-02-4.94737635E-02 7.12478252E-02
66 19-1.03778903E+00 2.51334711E+00 8.29838834E-02 1.20368997E-02-3.63455178E-02
66 20-5.90840615E-03-1.75489245E-01 8.83646126E-04 5.33602734E-05-2.60241835E-02
66 21-3.66412337E-01 7.27265691E-01-1.39288665E-02 2.12058589E-02 3.02595135E-02
67  1-3.24986742E-02 7.41948775E-02-1.52881019E-02-1.62652034E-02 1.28667475E-02
67  2-6.98142768E-03 2.33210825E-02 1.71570457E-02 1.51039518E-02 7.19563010E-03
67  3 2.35988338E-01-4.09212915E-02 1.94497665E-01-1.84337133E-01 1.16046907E+00
67  4-1.85930026E-01 5.05308585E-01-3.15353593E-01-8.32376155E-03 4.97046324E-02
67  5-3.52215902E-02 6.11902208E-02 1.11044834E-01-2.19074233E-01 2.48215363E-01
67  6-1.55236551E-01-5.28076098E-01-2.22757906E+00 4.67007739E-01-7.22660260E-01
67  7 2.01601595E-01 2.89033950E-02-1.17670951E-01-1.53660194E-01-1.19030053E-01
67  8 2.14193610E-01 2.97641707E-01 1.30713660E-01 3.05908311E-03-1.01204074E-01
67  9 3.26816192E+00 5.74361042E-01 2.96543680E-01-1.19024681E+00-9.89877238E-03
67 10-8.70594268E-03 2.72515708E-03 5.32675489E-04 1.85459010E-02 3.46065485E-03
67 11 9.42178868E-02 1.90549686E-02 8.72092742E-03-2.76107832E-03-1.48687104E-03
67 12 3.66473294E-02-1.46613290E-01 1.45295411E-02 2.40647497E-02-1.91910770E-01
67 13 1.27093771E-01-9.11817149E-02-6.42741428E-02-1.22319430E+00 2.95922944E-01
67 14-1.74212808E-01-3.62349518E-01-1.37510963E-02 4.31054226E-02-1.12449439E-01
67 15-1.76451691E-02 2.53808295E-01 1.88701620E-02 5.82652313E-02-3.65906665E-03
67 16-1.27874860E-01 7.43813354E-01-1.84703557E-01 1.25154704E-01-1.53254200E-02
67 17 2.45275824E-01-7.05759592E-01-8.03207614E-02 2.08699792E-02 4.11481626E-04
67 18-1.63148074E-01 2.58640889E-01 4.31700820E-02 1.39084143E-03-2.86661438E-02
67 19-3.41481453E-01 1.00207922E+00 4.40627935E-02 1.43830898E-02-1.86447718E-02
67 20-1.84896510E-01 8.76287571E-02-3.76504734E-03 1.91316898E-02-5.11028015E-02
67 21 1.28066604E+00-3.16028204E+00 3.43472892E-02-1.51508017E-03-4.63718684E-02
68  1 1.45451705E-02-2.22168602E-02-1.24034445E-02-1.08080780E-03 4.98144946E-03
68  2-2.13776439E-03-1.46610952E-01 3.64293078E-02 2.72637379E-02 3.40368935E-02
68  3 2.14935896E-01-1.12847795E-01-7.70538823E-02-3.87343234E-02 1.43362990E+00
68  4 6.42609539E-02 3.30279642E-01-2.62275427E-01-5.20603148E-03 1.21360587E-02
68  5 6.83121282E-02 1.11372084E-01-1.12408943E-01-1.86534118E-03-1.06182337E-01
68  6-2.49610021E-01 1.05273222E-01-1.58238221E+00 1.83777074E-01 4.89158530E-02
68  7-3.76640238E-01-3.89752893E-03 2.20180778E-02 9.41460855E-02 1.29775287E-01
68  8-8.51538852E-03 1.04515827E-01-7.44223318E-02-1.64534001E-01-1.04244206E-02
68  9 7.46132955E-01 1.53629462E-01 1.78704266E-01-2.53395382E-01 8.85151728E-03
68 10-1.43507914E-01-9.57150012E-03-1.69276655E-02-7.16297778E-03 3.46873184E-03
68 11-8.39082162E-02-6.49051105E-03-1.36184724E-02-2.88287483E-02-9.07787582E-03
68 12 2.05069910E-02 6.30535070E-02-1.21158300E-01 9.11315373E-02 8.36934450E-02
68 13-4.31837954E-02 2.10202097E-01-1.20879634E-01-3.48163109E-01 4.86016222E-02
68 14-1.62150549E-01-1.96178149E-01 4.38125393E-03 6.18752101E-02-2.50654974E-01
68 15 5.35127546E-01-4.96037194E-01-1.94954096E-01 3.19350262E-01-1.08585515E+00
68 16 9.30825730E-01-4.84220417E-02-1.03938262E-01 1.44752457E-01-7.45134535E-02
68 17 3.32808425E-01 5.06284993E-01 4.52011539E-02-1.95996133E-01 2.65958447E-01
68 18-1.69644232E-01-3.16733389E-01 4.32177023E-02-2.31224710E-01 1.65994125E-01
68 19-1.74173109E-02 1.25033351E-01 1.87978818E-03-1.02452248E-02-3.60105873E-02
68 20-6.46941231E-02 2.90229091E-01 6.20589695E-03-7.51773246E-02 8.97576197E-02
68 21 2.58045289E-01-6.80815625E-01 3.67456961E-02-8.36401251E-02-3.99486676E-02
69  1 2.45634397E-02-1.43813194E-03 1.14927352E-01-7.44144318E-02-4.98784881E-03
69  2-1.77043848E-03-3.83973604E-02-2.28953219E-02 5.87987639E-02 3.51340689E-02
69  3 1.19229756E-01 1.41363046E-01-1.44285930E-01-9.58061088E-02-1.07379991E+00
69  4-2.91310258E-01 8.06630414E-02 2.55487245E-01 2.53262442E-03 1.66855368E-01
69  5-4.44481971E-02 3.09279706E-02-1.52473515E-02-3.16941921E-01-2.53936728E-01
69  6 1.17918093E-01 3.92098262E-02 8.99990494E-01 1.42447241E-01-5.84470402E-01
69  7 4.59543468E-01 3.01190514E-02-1.85301847E-02 3.44357481E-01 3.10816039E-02
69  8-4.36594704E-01-2.99754841E-01-4.60279269E-01-1.76556103E-01 7.30517676E-01
69  9 2.54771094E-01 2.57998950E-01 7.42962877E-02-3.82654587E-01 5.91409329E-02
69 10-6.25705079E-02 2.53778410E-02-7.51773328E-02-1.13749449E-01-9.72170197E-02
69 11 1.60879743E-02-5.96259795E-05-3.78795756E-02 4.64262055E-02 2.41297535E-02
69 12 4.14715264E-02-5.95125997E-01-5.36424162E-02 8.30690666E-02-2.74512753E-01
69 13 1.15094869E+00 2.17925764E-01-3.33936476E-02 1.25573522E-02-3.90195923E-01
69 14-2.88501550E-02-3.82495324E-02-8.26996005E-03-1.00338289E-03 1.11768971E-01
69 15 4.17478210E-02 5.83483854E-02 7.94057087E-02-1.44735010E-01-1.09811081E-01
69 16-1.55179265E-01 1.36511832E-01 8.71538867E-02-5.08780808E-02-2.15929921E-03
69 17-8.75962255E-02 9.58282473E-03 7.83920858E-04-4.29137655E-02-4.68249038E-02
69 18-8.27725147E-02-1.40757534E-01-3.40087865E-02-5.70066275E-02 6.16792424E-02
69 19 5.28865759E-01 6.09229727E-03 2.48877958E-01 7.70725668E-02 6.15546035E-03
69 20 1.76581503E-01-5.21513007E-03-3.63054176E-02-3.46686666E-02-1.52414049E-01
69 21 2.94223656E-01 8.18865496E-02-1.29318558E-01-2.48207049E-02 1.65607088E-01
70  1-1.72700011E-02 9.65603343E-02-5.20324106E-04-5.34179518E-03 1.43362455E-03
70  2 2.88015257E-04 3.43477332E-02 1.87052970E-02 3.86359503E-03 8.97190904E-03
70  3-1.04399805E-01-6.15207414E-02-2.27316721E-02-2.57685047E-02-3.02881584E+00
70  4-2.81413597E-01-4.28037440E-01 4.20685480E-01-1.26880223E-03-1.74117615E-02
70  5 2.67317731E-02-1.89280771E-02-3.65797313E-02 3.94033448E-02-8.11450393E-02
70  6 5.26365093E-03 4.47468855E-02 2.73377017E+00-4.21146695E-01-1.02925118E+00
70  7 1.27227527E+00-4.55429549E-03 1.97692331E-02-2.15095179E-01-4.29759796E-03
70  8-7.23543592E-02 2.14663442E-02 2.46532262E-01 5.05744612E-02 8.11496147E-02
70  9-1.43074468E-01-1.03467211E-01 2.30489623E-01-6.62909432E-02 2.57303251E-03
70 10-3.94644129E-02-4.52870337E-03 1.44531973E-02-5.09345102E-03 1.46422590E-02
70 11 7.73618694E-04 3.48642120E-03 7.43686346E-03 1.84334669E-02-3.60431620E-03
70 12-7.61343588E-03 6.89410137E-02 2.78438285E-01-1.56035332E-02 9.82662817E-03
70 13-1.79630703E-01-3.72809562E-01 1.00956806E-02 6.72351506E-01 3.97745141E-02
70 14 5.60375876E-01-2.65759900E-01-2.34440840E-02-6.56173246E-02 6.09034786E-01
70 15 5.43587562E-01 2.30640440E-01 4.16316758E-01-7.59346511E-01-9.37481698E-01
70 16-3.41495954E-01 6.30000586E-01 3.46085578E-01 1.29210727E-01 2.46314918E-01
70 17-1.10351997E-01 3.53361292E-02-1.12799859E-01-1.66007942E-01-1.10527898E-01
70 18-1.34073561E-01-9.65772611E-01-1.66226804E-01-2.03038229E-01-1.28150711E-01
70 19-7.88578356E-02-2.53447355E-01-7.07675700E-02 2.20359753E-02-4.29181328E-02
70 20 1.56408634E-02-1.96197922E-02-7.77981642E-03 3.28788407E-02-2.18557877E-02
70 21 8.26863082E-03-1.97057963E-01 4.07201706E-02-5.28695331E-02-3.30240542E-02
71  1-3.55470805E-03-9.24636545E-02 3.43558042E-02-1.37742851E-02 8.82343689E-03
71  2-3.49223317E-04-8.94463514E-02-2.34618791E-02 3.63533203E-03-1.47330141E-02
71  3 2.63513803E-01 9.45132932E-02-4.43690541E-02 3.43929677E-02 9.49135883E-01
71  4-2.65680339E-02 4.32143338E-02-2.85423684E-01-1.04524584E-03-6.22128557E-02
71  5-2.82288494E-02-2.94067792E-02 5.61964019E-03 1.58741388E-01-3.85842017E-02
71  6 2.45146489E-01-8.45934623E-02-7.74478750E-01 3.75082330E-01 3.66664039E-01
71  7-1.49341910E-01 1.07596004E-02-2.27159549E-02-1.41175232E-01-2.17702752E-01
71  8-2.15705289E-01-1.81659779E-01 1.08418919E-01 2.66949137E-01 3.29568547E-01
71  9-1.14411987E+00-3.54361959E-01-2.42826588E-01 4.28581432E-01 3.47209670E-02
71 10-1.26240160E-01-5.01678840E-03 2.18576558E-02-1.71748382E-02 4.16785014E-03
71 11-1.37195255E-01 1.62842403E-02-1.15516259E-03 4.66908688E-02 8.76195909E-03
71 12-5.03612174E-02 5.64472257E-03 3.22655285E-01-8.77581675E-02-1.23620135E-02
71 13-6.69681534E-02-4.63248007E-01 8.31897126E-02 9.50332113E-01-2.54672089E-01
71 14 4.06974444E-01 4.95232157E-02-2.03217126E-03-2.84801362E-02-6.81028516E-01
71 15 3.06549706E-01 3.72435945E-01 1.17544399E-01 7.63431848E-01-4.20394594E-01
71 16-4.71579811E-01-2.45294355E-02-3.61968883E-01 1.94791536E-01 2.06032130E-01
71 17-1.52628340E-02 3.52138849E-03 1.08317794E-01-7.29097745E-02-8.42541255E-02
71 18-4.00407126E-02-2.61498678E-01 5.09313349E-02-5.80481345E-02-8.88988045E-02
71 19 5.76959741E-02-5.64686274E-01-4.09885904E-02-2.74385779E-03 1.53215025E-02
71 20 6.58218707E-02-1.57322344E-01-9.55231959E-03 5.99322151E-02-5.68580891E-02
71 21-2.51027400E-01 9.56965712E-01-1.66971696E-02 9.04677762E-02 1.36658771E-01
72  1 4.16480493E-02 2.66869955E-01-2.57641717E-02 5.37429660E-02-6.93004471E-02
72  2 1.40910825E-02 5.14374317E-01-4.73735495E-03 1.50726247E-02 1.06400831E-02
72  3-1.26044101E+00 1.69368086E-02-1.30559322E-01 7.99350407E-03-1.32444949E+00
72  4 1.00840351E-01-3.17198872E-01 3.80907839E-01 7.54233187E-04 2.41163736E-01
72  5-2.74172146E-02-2.02070446E-02 9.05562870E-02-2.73825671E-01-8.19295588E-03
72  6-6.86989145E-02 3.44551654E-01 9.88505656E-01-3.86291781E-01 9.20263258E-03
72  7 4.14659203E-02-8.89568634E-03-9.92299705E-03 3.55447768E-01-4.03204081E-02
72  8 4.15610208E-01 8.69652628E-02-3.52030535E-01 6.34957363E-02-6.31588161E-01
72  9-3.97533749E-01 1.01963210E-01-3.33317329E-01 7.05847712E-01-2.09906329E-02
72 10 4.01562945E-01 3.35063113E-02-4.96329807E-02 3.15219721E-03-2.29236426E-03
72 11 2.68992436E-01-7.29528764E-02-4.67926324E-03-4.53109951E-02-5.26584562E-03
72 12 4.38632250E-02 3.58202364E-02-5.04829000E-01 1.29385407E-01-3.53454708E-02
72 13 5.32665412E-02 7.06074008E-01-7.60733632E-02 3.24529595E-01 1.58447998E-01
72 14-2.02669040E-01 2.23114201E-01-1.99643963E-02-1.58654401E-02-8.16686007E-02
72 15 2.49784540E-01 3.92677771E-01 2.93077406E-01 2.72543114E-02-4.04143198E-01
72 16-6.12488848E-01 7.58862882E-01-1.88318120E-01-1.00483169E-01 2.61215368E-01
72 17-1.52727438E-01-1.81181855E-01-4.00556536E-02-7.65744370E-02-1.26962981E-01
72 18 4.79712693E-02-7.74630324E-01-2.83509161E-02-1.21069323E-01-1.81725867E-02
72 19 3.31796388E-02 1.83493978E-01 2.15379419E-02 1.15455299E-01-6.89643479E-02
72 20-6.07583633E-02 1.17771470E-01-1.17202070E-03-5.93444702E-02 4.52138898E-02
72 21-2.65219354E-01 4.46962471E-01-1.35276974E-01 1.53831820E-01-2.41783181E-02
73  1 1.32547290E-02-5.09655890E-01 3.89514207E-02 9.81287265E-02-5.68001856E-03
73  2-2.12871009E-02-7.89556434E-01-1.74316246E-02-1.10614063E-02-9.25253702E-04
73  3 1.91199416E+00-3.88337569E-02 3.74222565E-02-1.20884437E-01 6.28512876E-01
73  4 3.48723984E-02 2.19789866E-01-1.31190001E-01 1.14622538E-02-5.40571673E-01
73  5 5.30748336E-02-2.61068571E-03 3.19231387E-02 4.48342131E-01 3.59131213E-01
73  6 3.52105676E-01-2.08327710E-01 3.14000628E-02-8.99193542E-02-3.15299092E-01
73  7-2.02684686E-01 1.00674205E-02 1.07099041E-02 3.81753786E-01 5.07551664E-01
73  8 2.83452556E-01-1.71048682E-01-5.75644318E-01-6.86626768E-01-1.52535322E-01
73  9-4.60491437E-01 1.96389881E-01 5.17262106E-01 1.33118630E-01-5.06484795E-02
73 10-4.20804976E-01-3.36348163E-02-1.06265421E-01 5.81844686E-02-2.85017087E-02
73 11-4.51573389E-01-4.03664630E-03-5.65315252E-02-1.01064330E-02-9.35577076E-03
73 12 5.87821927E-02-4.24551538E-02 2.06851474E-01-3.58602982E-01-4.25347754E-02
73 13 2.48115761E-02-2.65090397E-01 4.72538756E-01-3.96289207E-01 7.08318520E-02
73 14 4.54106131E-01-4.11340880E-01-2.27794199E-04-2.35976505E-02-5.23743079E-02
73 15 7.94899418E-02 1.35277107E-01 8.53475218E-02 3.97698328E-02-2.76629645E-02
73 16-1.73789082E-01-3.67068112E-01 4.50342797E-02 1.52801754E-01 1.26417276E-02
73 17-4.69251139E-02 5.99183999E-02 3.01931386E-02 1.23016184E-02-5.55643051E-02
73 18 5.79735103E-02-3.20590622E-02 4.94465866E-02 3.58334273E-02-1.49057058E-01
73 19-4.64564862E-02 2.53770164E-01 4.70405288E-02-8.05665521E-02 3.09938403E-02
73 20-3.19971859E-02-3.92844892E-01 2.40846448E-02 2.45842383E-02-3.10961893E-02
73 21 8.81934731E-02 2.62672747E-01-6.89798977E-02-2.06726392E-01-2.07990436E-02
74  1 4.92937437E-02 2.82846547E-01-1.09883810E-02 4.02849220E-02-5.26753731E-02
74  2 1.77348131E-02 7.03769819E-01 3.46719940E-02-7.52874231E-02-5.96524401E-02
74  3-1.69445283E+00-4.20091880E-02 9.90411214E-02 1.17514677E-01-6.62299424E-01
74  4-7.89498270E-02 1.25482648E-02 1.80804024E-01-8.67430323E-03 3.51190242E-01
74  5-6.30253815E-02 7.49597560E-02 2.61975488E-02-2.09608498E-01-2.63063813E-01
74  6-6.91331513E-02 3.63021612E-01 2.81153620E-01 5.96508112E-02-4.58576121E-01
74  7-7.97674154E-02-1.28271937E-02-3.82448621E-02 2.47630300E-01-3.11298253E-01
74  8 3.45925642E-01 2.25248453E-01-1.65306210E-01 6.49934587E-01-7.15596615E-01
74  9 4.92969621E-01 2.26930895E-01-5.59403404E-02 2.40062722E-01 3.85601343E-02
74 10 3.74493501E-01 3.00490707E-02 6.42020617E-02-7.44216656E-03-4.21796928E-03
74 11 5.96414504E-01-4.10534846E-02 2.50969814E-02 1.08903402E-01 2.10001448E-03
74 12 1.20856286E-02-2.89757929E-01 4.79272106E-01-2.39747644E-01-2.51454665E-03
74 13 4.57038121E-01-5.13468778E-01 3.28877500E-01 2.80218771E-01-2.64863244E-01
74 14 4.09611737E-01 1.36575808E-02 1.02967183E-02-4.13621532E-03 3.70326249E-02
74 15 2.91968601E-02-2.14824743E-01-1.57839503E-01-1.49813023E-02-1.01865582E-01
74 16 3.99409065E-01-1.48903997E-01 2.98019681E-02 2.15771747E-01 3.24773496E-02
74 17 1.53838090E-01 9.20301827E-02-6.63155482E-02-3.54349422E-03 1.17862082E-01
74 18-1.48460698E-01 3.57304780E-01 7.58484885E-02-1.46690700E-03-4.10882716E-02
74 19 1.22720563E-01-1.14322038E-01 7.70725792E-02-9.45187636E-02 9.96907548E-02
74 20 1.49505652E-02 1.95479436E-01-3.38737519E-02 5.61329225E-02 6.67802071E-02
74 21-2.32998545E-01-5.39593196E-01-5.37468904E-02 1.01836713E-01-2.37872726E-01
75  1 2.60137673E-02-2.29542331E-01 2.00412192E-02 7.50500339E-02-2.15206871E-02
75  2-7.03953051E-03-2.83261422E-01 3.02325263E-03-8.02954682E-02-1.47804105E-02
75  3 5.60685007E-01-5.54251554E-02 1.22408909E-01 5.23900892E-03-2.12234369E-01
75  4-1.69146062E-01-1.00493482E-01-1.10709563E-01 8.43800405E-03-4.11057518E-01
75  5-4.74444843E-02 1.30963558E-01 1.55083797E-01 4.75748959E-01 9.16897400E-02
75  6 9.30212565E-02 6.15436228E-02-2.89630287E-01 2.79613736E-01 9.98316840E-02
75  7 7.20033907E-01-7.38839273E-03 1.32032911E-02-1.51324324E-01-3.18774329E-01
75  8-8.65471768E-02 1.01566961E-01 2.04361661E-01 4.64857584E-01 9.91373428E-03
75  9 2.22495521E-01-2.54625411E-01-1.10331252E-01-2.97921015E-01-1.93495273E-02
75 10-1.03204442E-01-1.56868063E-02 5.08242494E-03 5.47803563E-02-5.43546194E-02
75 11 7.90826224E-02-1.14539076E-02-2.65966410E-02 3.13369490E-02 2.47246184E-05
75 12 6.98485951E-02-4.79410721E-02-4.11605607E-01-6.85778297E-01-2.13701823E-01
75 13 2.69817319E-01 5.68425480E-01 8.52230262E-01 2.27296296E-01 5.75056095E-02
75 14-2.94445885E-01-6.18301640E-01-2.58130738E-03 2.17726423E-02 8.29858478E-02
75 15 9.56800245E-02-4.78742699E-02-3.65145660E-02-9.78766651E-02-2.01424649E-01
75 16 8.80519134E-02 3.25522330E-01 3.04450903E-02-6.25317096E-02 1.60243839E-01
75 17-2.09802640E-03 1.43774775E-01-7.43243238E-02-1.21513630E-02 5.33787760E-02
75 18-2.32162809E-02-2.34375517E-01 3.07389034E-02-2.60165613E-02 5.04134386E-02
75 19 9.49853776E-02 3.09294247E-01 4.66002971E-02 2.06789444E-01 3.21257404E-01
75 20 8.31111298E-02-1.50546167E-01 3.49615057E-02-3.56998111E-03-1.17609088E-02
75 21 3.52301821E-03-3.54732618E-01 2.69430942E-03 8.74135160E-02-8.66480507E-03
76  1 3.85458528E-02 4.05733488E-01 4.80194844E-02-5.91237981E-02-2.17885143E-02
76  2 1.81859771E-02 5.52425833E-01 1.96035599E-02 3.36422269E-02 2.50482769E-03
76  3-1.44575106E+00 1.89198751E-02-1.58817095E-01 3.20103153E-02 1.91927046E+00
76  4-6.83990276E-02 3.07683350E-01-3.82801500E-01 2.06964788E-02 1.78452505E-02
76  5 7.17726363E-02-1.10054305E-01-2.06021310E-02-3.58947504E-01-3.10847080E-01
76  6-3.99279076E-01 5.28249475E-01-3.15270075E+00 9.45168152E-01 2.30291476E-01
76  7-4.38374715E-01-1.36595423E-02 4.21179472E-02-5.42257730E-01 4.33800840E-01
76  8 2.25434619E-01-3.34880720E-02 7.90881247E-01-5.56230930E-01-4.05987475E-01
76  9 1.21119078E+00-2.90642599E-01-2.59732126E-02 1.75096565E-01 7.71605386E-02
76 10 3.08421459E-01 3.86019976E-02 2.86560734E-02-1.44145996E-01 1.43547006E-02
76 11 3.28828168E-01-5.63123634E-02-1.18626666E-02 1.05787672E-01 6.01088896E-03
76 12 6.76127295E-02-3.74951641E-01-8.65286544E-02-6.47423351E-02-1.46636952E-01
76 13 8.43177443E-01 3.29900680E-01 1.67833183E-01 5.09147299E-01-2.80670174E-01
76 14-9.16813477E-02 8.52080530E-03 2.38583903E-03-5.07320581E-02-1.21895004E-01
76 15 4.12274496E-03 4.18862469E-02 8.92642400E-02 1.26726427E-01-1.86035288E-02
76 16-4.94395304E-02 2.18389723E-01-1.09231673E-01-1.00196084E-01 7.57678544E-02
76 17-1.25576445E-03-1.98196285E-02 4.86999266E-02-2.94498204E-02-5.78123898E-02
76 18 5.53222535E-02-1.78955383E-01 4.23665649E-02-3.26779090E-02-6.07377834E-02
76 19 3.19303047E-01 2.13128076E-01 1.46293965E-01 8.87973525E-02 6.49665121E-02
76 20 2.07293671E-01 2.84674259E-01 5.51550185E-02-2.06705283E-01 1.33706578E-01
76 21-1.99059409E-01 7.88946796E-02 2.00209311E-01-1.38689931E-01-6.32186150E-02
77  1 7.75213896E-02 5.21468809E-01 1.37896926E-02 9.16218565E-03-4.70944301E-02
77  2 1.57293945E-02 1.05987504E+00-2.84562676E-02 1.22643684E-01-1.53018856E-01
77  3-1.86093313E+00 1.65729098E-01 6.71668639E-02-1.12383033E-01-1.28910344E-01
77  4 8.56959066E-02-7.80669256E-02 4.91896081E-03 2.72149844E-02 7.02177259E-01
77  5 3.95498645E-03-4.96601794E-02 8.83974853E-02-1.46657262E+00 2.67119992E-01
77  6-3.79777423E-02 1.91284271E-01-4.89399343E-01-5.89581636E-02 2.09271678E-01
77  7 8.71203824E-02 2.51873453E-03 5.03970794E-02 9.93444565E-02 2.82599138E-01
77  8-3.08381254E-01-6.92410452E-02-1.36700195E-01-7.02492764E-01 5.98799732E-01
77  9 2.70505259E-01 5.85180756E-02-5.49074422E-02-1.05463536E-01 2.56137733E-02
77 10 7.35988991E-01 6.36055973E-02-1.91054483E-01 2.31255906E-01 8.20967438E-02
77 11 4.69458352E-01-1.76900367E-02 3.18038228E-02-6.77359429E-02-2.50963822E-02
77 12 5.41241350E-02 2.13328865E-01 1.96599063E-03-3.45622494E-01 1.48605156E-01
77 13-4.59960073E-01-1.20849950E-02 6.07597763E-01 8.65466932E-01 1.89710945E-01
77 14 1.09640149E-01 8.41409854E-02 8.00326367E-03-4.96719369E-02-4.63183950E-02
77 15-1.53986682E-02-4.67276689E-02 8.95084024E-03 5.56983311E-02 5.66859258E-02
77 16 9.03721139E-02-4.85675443E-01 6.57037938E-02 1.66671185E-01-1.40785955E-01
77 17 4.52982225E-02 2.99242469E-02 2.12052558E-01-3.32340351E-02-8.31081742E-02
77 18-7.80792382E-02 3.32371647E-01-1.08304191E-01 4.73126585E-02-7.31741672E-02
77 19-3.12366309E-01 8.69488954E-02-1.24723701E-01 3.70363142E-02 9.30042892E-02
77 20-7.09574109E-02 3.12762840E-01-1.16398447E-02 1.12102722E-02-1.18551855E-01
77 21 2.53978367E-01 3.90886559E-01-5.25472982E-02-1.38110812E-01 5.56284735E-02
78  1-2.31321312E-02-1.51970583E-01 6.50562158E-02 1.38813178E-01-6.91762448E-02
78  2-1.29617634E-02-3.11180750E-01 1.22133941E-02-2.54198859E-02 2.29782832E-02
78  3 6.99190209E-01-2.07626598E-02 2.89339981E-02-8.02136381E-02-1.11498209E-01
78  4 5.98740480E-03 2.52692181E-02 3.55535051E-02 5.29161919E-03 1.00701962E-01
78  5-1.18150717E-02 8.48404925E-02 1.08407807E-02-2.66056358E-01-1.68817299E-02
78  6-1.17555780E-01-1.24170789E-01 1.97208129E-01-1.46975010E-01-2.13206933E-01
78  7-8.89617779E-03-1.03700627E-02 5.16790346E-02-4.60390517E-02-1.27941223E-01
78  8 1.58614157E-01 1.00132602E-01 1.04200340E-01 1.85356521E-01-2.87606779E-01
78  9 7.26985273E-01 1.49396214E-01-1.08246334E-01-1.46256963E-01-3.79990638E-02
78 10-1.59367614E-01-7.12298574E-03 8.10824253E-03-7.28869608E-02-6.46687604E-02
78 11-7.96015032E-02-7.82503857E-02-6.03873838E-02 1.47196408E-01-4.99475603E-03
78 12-5.98465079E-03-2.64728565E-02-1.54655154E-02-4.15211711E-03 6.54724163E-02
78 13 9.15141257E-03 1.11475071E-01-1.40091271E-02-1.01125296E+00 3.56404595E-01
78 14-1.22938513E-01-2.49999869E-01-2.45019669E-04 1.56305029E-02 6.03201893E-03
78 15 2.95991825E-03-2.21921010E-04-5.74043169E-02-8.47160155E-04-2.19286984E-02
78 16 9.74360660E-04 3.00083623E-01-9.99086474E-02-8.99311928E-02 1.36172542E-01
78 17-2.84918145E-03-6.08172983E-03 5.23538008E-01-8.80200928E-02-1.77731379E-01
78 18 2.23227930E-03-9.24174586E-02-6.00727162E-01 9.13210085E-02 2.94712671E-01
78 19-8.25857348E-02 5.17099571E-01 8.81719153E-02-2.99046718E-01 1.10109849E-01
78 20 4.44160617E-02 8.06724110E-03-1.24248041E-03-7.93535020E-02 2.08371620E-02
78 21 7.71168733E-02-6.98273801E-01-4.21179594E-03 2.56621360E-02-9.49552199E-03
79  1 3.10073610E-02 1.10483843E-01-3.43607894E-01-3.98064568E-01 2.79281195E-01
79  2 7.35232627E-04 1.27116032E-03 1.50472359E-04 2.50087668E-02 2.70304953E-02
79  3-5.55423143E-02-8.86475097E-04-1.74421599E-01-1.26170618E-01-3.40409228E-01
79  4-2.55587990E-02-1.86660371E-01-5.09507546E-02 2.76294736E-03-3.71111700E-02
79  5 2.14704016E-03-7.05213517E-02-5.44061820E-02 4.75718298E-02-3.90548739E-02
79  6 5.63094300E-02 1.73010077E-01 2.44977733E-01-1.88130423E-02-1.54177269E-02
79  7 2.25802014E-01-5.24871455E-03 4.68519784E-02 4.39893270E-03 3.98355629E-02
79  8 4.27793691E-02-5.32059812E-02 3.19192444E-02-5.88644261E-02-5.18289266E-02
79  9-1.31295422E-01-9.81784395E-02-1.78167936E-02 1.91259154E-01 1.64192296E-04
79 10 8.05102905E-03-2.49275868E-02 2.19929230E-01 6.32331070E-02-2.28559798E-02
79 11-6.59500695E-02 3.89753488E-01 2.10622733E-01-3.01911458E-01 2.37800894E-03
79 12 2.18819556E-02-1.46860563E-01-5.12538644E-02-7.53230786E-02-5.90767437E-02
79 13 2.93409364E-01 1.17262691E-01 1.23492626E-01-5.16184297E-02 1.36455775E-01
79 14 1.35482035E-01-1.65009500E-01-9.30309030E-04-1.36748563E-02-9.08773072E-03
79 15 3.11079896E-02 2.99995900E-02 4.87091439E-02-1.83828891E-02-5.82295069E-02
79 16-6.69204333E-02 2.23643563E-01-5.31077863E-02-5.31862592E-02 1.02633480E-01
79 17-3.20067777E-02 1.25655918E-02 1.89787606E-01-4.24051595E-02-9.14226636E-02
79 18 3.80212344E-02-2.61047305E-01-1.13788336E-01 3.11483999E-03 7.09987695E-02
79 19 5.62451595E-02 3.30104561E-01 3.04448816E-02 3.47511220E-02 7.34266342E-02
79 20 4.44693813E-02-2.82379953E-02-5.15328374E-02 3.32543145E-01 2.44736662E-01
79 21-4.62818514E-03 9.76202776E-02-1.49019606E-01-6.08519916E-02-8.87254989E-02
80  1 2.81416211E-02-7.82519872E-03 1.20782389E-01-2.84239857E-01 8.77853029E-02
80  2 2.63843908E-03 7.66023103E-02-4.39879851E-03-8.19234132E-04-1.68501045E-02
80  3-1.05145015E-01-1.49800882E-01 8.35958121E-02-1.95971735E-02 9.36043683E-01
80  4 2.76943428E-02 1.78976564E-01-2.25306398E-01-5.59645761E-03-1.23582471E-01
80  5-1.25388205E-01 6.68607189E-02 1.85128316E-02 3.20393886E-01 4.89959377E-01
80  6 1.74669853E-02 1.35883854E-02-8.12972189E-01 9.28594683E-02 2.45717305E-01
80  7-1.63166514E-01-8.87634264E-04 2.49338358E-02 8.80705472E-02-3.25381889E-02
80  8-8.48176791E-02 2.94024912E-02-1.21255287E-01 3.66044954E-02 1.95418123E-01
80  9 5.81600971E-02 1.13019753E-01 6.44052169E-02-2.06121902E-01-2.73833227E-02
80 10-5.12688817E-03-7.00168675E-02 3.79951623E-01-4.27222081E-01 5.71315146E-02
80 11 3.05302627E-02-1.90342594E-01-8.69534657E-02 3.28513113E-01-9.75623789E-03
80 12 6.37321420E-02 1.58568238E-01-5.12992306E-02-1.27706637E-01-4.66553045E-02
80 13-3.22933755E-01-1.49529980E-02 2.30795074E-01 2.38761907E-02 1.48577840E-01
80 14-7.28474709E-02-7.80490113E-06 7.64422722E-03-6.57135358E-02-1.68486860E-02
80 15-1.71488693E-02-5.25427708E-02 3.23201853E-02-5.39734071E-03 5.29329087E-02
80 16 1.28449277E-01-2.88970542E-01 1.73895831E-02 6.96451340E-02-5.96490933E-02
80 17 4.86810782E-02 1.12704403E-02 1.50657565E-01 1.66600125E-02-5.16845686E-02
80 18-3.76669144E-02 2.45536996E-01-1.43916253E-02 3.75392236E-02-1.42960710E-01
80 19-1.41666424E-01 8.62943522E-02-1.14855156E-01 2.45423079E-01-2.43739138E-01
80 20-8.91046294E-02-3.64048257E-01 1.56010701E-02-3.49817276E-02-6.54301891E-02
80 21 1.09584430E-01-1.53537418E-01-2.80647513E-01-2.06642403E-01-2.48613645E-01
81  1 5.89834884E-03 7.71659624E-03-4.82965710E-01 2.39958506E-01 8.23592796E-03
81  2 1.86991734E-03 4.35398478E-02 1.54106940E-03-1.13657720E-03-5.16041665E-03
81  3-8.81480601E-02-3.05478532E-02 2.40115336E-02 1.46641441E-02 3.06949224E-01
81  4 1.66965640E-02 3.14332579E-02-7.09290288E-02-3.34861289E-03-4.03230612E-02
81  5-2.48745565E-02 9.48009618E-03 3.10223319E-03 1.23898326E-01 1.00934245E-01
81  6 8.44354325E-03-4.31143252E-03-3.07616043E-01 4.83289676E-02 1.81074738E-01
81  7-2.74588649E-02 1.35078699E-03-3.87828326E-03 6.27344623E-03-1.36937340E-02
81  8-4.06046416E-02 1.30420853E-03-1.18927563E-02 2.30105534E-02 7.93602654E-02
81  9-2.90077607E-02-2.41165867E-02-3.06271709E-02-8.67815105E-02-2.23317956E-03
81 10 1.22359776E-02 7.12941829E-02-4.28174878E-01-4.12657413E-01 1.80943386E-02
81 11 2.24455402E-02 3.91149597E-01 1.78911707E-01 4.03789682E-01 1.57760119E-04
81 12-3.44595297E-05 6.40243877E-02-1.43632884E-02-1.38103168E-02-1.35956703E-03
81 13-1.11706510E-01 2.26299223E-03 1.57907828E-02 1.25270342E-01-5.75615115E-03
81 14-1.05708955E-01 2.47779269E-02 1.36188976E-03-1.18559143E-02-4.68381859E-03
81 15-8.28577187E-03-1.23887009E-02 4.70784231E-03 2.80250573E-03 1.82613810E-02
81 16 2.70313531E-02-7.83399848E-02 1.12585350E-02 3.15687538E-03-2.09349655E-02
81 17 7.10602576E-03 9.29322294E-03 4.72653889E-03 9.24549225E-03-5.82753149E-05
81 18-8.78890284E-03 7.03651902E-02 1.58527145E-02 3.18404572E-03-3.13114340E-02
81 19 9.06024548E-04-1.17316950E-01-2.07388549E-02 5.63466002E-02-2.70220345E-02
81 20-3.09376650E-02-6.19227037E-02 1.06633332E-02-2.77462573E-02-2.55817265E-02
81 21 2.27257886E-02-2.55551725E-03-4.04904181E-02-3.33390277E-02-3.58973566E-02
82  1-5.52131269E-02-2.70752094E-01 8.63362489E-02 2.80119657E-01-1.28269639E-01
82  2-1.37433276E-02-4.68432099E-01-1.50574125E-02-2.97497878E-02 4.59893705E-02
82  3 1.00299622E+00 1.07567362E-01 1.66471504E-02 1.35386530E-02 3.28882047E+00
82  4 2.64011548E-01 5.61578105E-01-5.62162804E-01 4.66749706E-03 3.21318968E-01
82  5 3.10756196E-02 4.83807392E-02-3.42861013E-02-6.70660278E-01-3.60448622E-01
82  6-1.26480384E-01-1.41046445E-01-3.33055820E+00 4.23101203E-01 5.61638069E-01
82  7-1.01762064E+00-1.77837620E-02 6.00800885E-02-3.19997562E-02-1.00452269E-01
82  8 9.28193655E-02 1.11970817E-01 1.53088493E-01 2.72490495E-01-2.64409368E-01
82  9 8.08398009E-01 1.01438858E-01-9.92816708E-02-1.29128540E-01-3.78551579E-02
82 10-2.21715517E-01 2.31006713E-02-7.41704283E-02 1.71603385E-01-5.82345882E-02
82 11-2.63401917E-01 3.84096906E-02 3.90186983E-02-7.96957363E-02 2.15205733E-03
82 12 1.16742689E-02-1.88993440E-01 4.66825869E-02 1.49735546E-01 3.28906405E-03
82 13 4.48611324E-01-1.42044275E-01-1.91613411E-01-5.41970914E-01-1.45572785E-02
82 14-2.59807701E-01 9.87354923E-02 1.33732006E-02-1.09466333E-01-6.41664474E-02
82 15-1.17127324E-01-1.77284980E-01 5.68516214E-02 1.00287004E-01 1.87269838E-01
82 16 4.25064604E-01-2.73453627E-01-8.23903955E-02 8.59065809E-02-1.36182672E-01
82 17 1.88932928E-01-1.21514254E-01 1.58802059E-01-2.08632379E-01-1.46635120E-01
82 18 5.25345323E-03 4.33288097E-01-1.30623308E-01-6.39568143E-03-2.37490352E-01
82 19 1.12681983E-01 2.19641694E-01-1.89871121E-01 6.24047961E-01-1.05391602E-01
82 20 8.76846229E-02 4.02532290E-01-5.14262316E-02 2.53271785E-01-7.83485174E-02
82 21-8.33455557E-02-4.41361105E-01 1.14040346E-01-9.90304574E-02-1.92225180E-01
83  1 8.38349649E-02 2.66753979E-01-9.26401496E-02-9.64314343E-02 7.53441388E-02
83  2 2.96230553E-02 5.24508124E-01 2.18087697E-02-2.87657304E-02 2.33868934E-02
83  3-1.45982835E+00-1.43001289E-01-5.35763474E-02 1.32824189E-01-5.97752515E-01
83  4-4.18405221E-02-5.78255659E-02 7.22451707E-02-6.00688875E-02-9.51311060E-01
83  5-6.04389874E-02 5.60472903E-02 1.37874229E-02 2.71239112E+00 4.12043564E-02
83  6 2.02080243E-01-4.84921403E-02 1.34420980E+00-1.72594894E-01 7.22636315E-02
83  7-7.34418610E-03 2.47282517E-02-1.15750982E-01 3.19734395E-01-6.81879279E-02
83  8-7.02133381E-02-9.68378400E-02-7.50017409E-01 3.23614331E-01 1.02144988E-01
83  9-1.22243133E+00-5.64919119E-02 2.79362457E-01 3.36518964E-02 1.20725189E-01
83 10 1.77785571E-01-2.24120009E-02 3.30550012E-02-2.87980714E-02 1.03104458E-01
83 11 2.92994753E-01-9.04891934E-02-3.67821320E-02 8.18109573E-02 2.16252723E-02
83 12-1.05416076E-01-1.58657286E-02 2.17753170E-02-2.31918689E-02-1.43637747E-01
83 13-5.63720526E-02-1.90645492E-01-1.89966042E-01-5.57041198E-01 4.55688393E-02
83 14-1.34523772E-03-1.83664418E-02 1.08377850E-02-6.32673652E-02-4.60332786E-02
83 15-7.35061390E-02-9.26039408E-02 4.83898159E-02 1.65778137E-01 1.76622636E-01
83 16 2.52574467E-01-2.63940792E-02-1.07679096E-01-5.35532385E-03-1.05517424E-01
83 17 1.57075660E-01-1.67741551E-01-6.31598582E-02-2.08361206E-01-9.88480213E-02
83 18 1.37670930E-01 1.79991510E-02-2.56632043E-01 7.01604699E-02-1.99566024E-01
83 19-4.48934181E-02 9.00260809E-02-5.11823244E-02 9.86400437E-02-4.58881389E-02
83 20-2.30453537E-01-4.69637720E-01-2.89474189E-03-3.49534753E-02 2.92183336E-01
83 21 1.34036354E-01-1.71238081E-02 5.69904744E-01 4.96114781E-02 2.50120306E-01
84  1 8.57626464E-02 1.50107461E-01-2.91271286E-02-3.01933173E-02-1.56086803E-03
84  2 3.25925176E-02 3.75884531E-01 1.36480827E-02-9.02235149E-02 6.50970639E-02
84  3-1.41431221E+00-8.73260917E-02-1.26244128E-01 2.69203082E-01-1.40684344E-01
84  4 6.33980171E-02 2.21503096E-02 5.70818359E-02-7.20461918E-02-9.81855425E-01
84  5 3.72409470E-02-2.26354094E-02-7.20645751E-02 2.92696042E+00-4.93496950E-01
84  6-9.68756219E-03 1.74095660E-03 1.04552277E+00-1.79201576E-01 1.81677495E-01
84  7-3.15566462E-01 2.69382586E-02-1.95901296E-01-5.53173487E-02-1.54293393E-01
84  8-9.88035897E-02-4.67914952E-02 4.21922320E-02 6.58554482E-01 1.59397926E-01
84  9-9.84245332E-01-1.29408992E-01 9.32408903E-02 1.33223646E-03 1.27148144E-01
84 10 1.10320860E-01 1.87209474E-02-1.68195433E-01 1.62769923E-01 8.32682297E-02
84 11 2.33648875E-01 1.00624662E-02-4.76012006E-02-1.37613664E-01 2.16297127E-02
84 12-1.08219891E-01-2.67890758E-02 8.36902848E-03 2.67081325E-01-9.30061557E-02
84 13 4.21354762E-02-1.15230450E-01-7.65643075E-01-1.11252041E+00-7.47007773E-02
84 14-2.34871635E-01-7.77048294E-02 4.95429233E-03-8.67701687E-02-7.06742258E-02
84 15-6.58810327E-02-7.43699683E-02 1.51651036E-01 9.92664014E-02 1.44361471E-01
84 16 1.69459213E-01-2.10584034E-02-4.23484389E-02-9.79572686E-02 3.75328977E-02
84 17 3.56348600E-02 1.84789723E-02-4.71045150E-02-2.12384747E-01-1.50193233E-01
84 18 1.97424875E-01-1.70954062E-01-5.22534701E-02-2.95447950E-02-1.40308184E-01
84 19 2.20937361E-02-3.27451867E-03 3.55714068E-03-7.34163979E-02 3.49732563E-01
84 20-1.63799821E-01-1.66444599E-01 8.57061385E-02-3.00425043E-01-1.21896630E-01
84 21-3.25586603E-02-1.07780360E-01-3.41950854E-01-2.28940761E-01-4.00887301E-01
85  1 9.68290544E-02 2.72961606E-01 6.71784776E-02 1.54171294E-01-1.98306983E-02
85  2 2.92567269E-02 4.76159290E-01 1.18601891E-02 1.22011045E-02 7.58483431E-02
85  3-1.45762566E+00-4.46637860E-02-1.77665444E-01 1.48512256E-01-1.93273391E+00
85  4-8.22319032E-02-2.57271044E-01 4.07155986E-01-5.26052482E-02-8.88288232E-01
85  5 1.02325010E-01 7.13334211E-02 3.64503204E-02 2.44479092E+00-4.73601739E-01
85  6-3.33760745E-01-2.89754738E-01 2.54183573E+00-3.33890417E-01-3.90750704E-01
85  7 1.80850302E-01 1.64005772E-02-3.89736314E-02-3.73398279E-02-1.62802675E-02
85  8-6.20547139E-02-1.79932245E-01-1.81739304E-03 1.93667322E-01 1.93739566E-01
85  9-6.73836610E-01-1.36170709E-01 3.40450355E-02 1.55953574E-01 1.00254968E-01
85 10 2.10471627E-01 9.67591287E-03-1.15178178E-01 2.66463659E-01 9.07702187E-02
85 11 1.98799502E-01-4.24879892E-02-1.60116644E-02 1.37475063E-01 2.60747651E-02
85 12-1.66209477E-01-9.95002508E-02 6.65182554E-02 6.22755582E-02-4.68595675E-02
85 13 1.59143508E-01-2.47216974E-01-3.62551693E-01-1.52548502E+00-1.25721591E-01
85 14-3.68076051E-01-1.80056687E-01-3.34178817E-03 4.31858065E-02 1.24010564E-01
85 15 1.36045583E-01 1.50958786E-01-1.64979060E-01-2.92789963E-01-3.10806944E-01
85 16-3.33590721E-01 3.39628050E-01-4.34870783E-03-1.39163204E-01 2.78463288E-01
85 17-1.39490076E-01 8.22954275E-02 3.58145800E-01 4.43163363E-01 1.80415258E-01
85 18-2.54033036E-01 2.30070897E-01 1.37152878E-01 7.72138331E-03 2.96452045E-01
85 19 5.02814051E-02 5.98409500E-02-8.37720882E-02 2.28696205E-01-2.10699247E-01
85 20-1.12698991E-01-1.60770737E-02 1.82068724E-02 1.06506186E-01 2.93202634E-01
85 21 4.35782079E-02 1.31284750E-01-1.38032632E-01-6.88582427E-02-2.97828194E-02
86  1-1.26476170E-01-2.01593521E-01-1.09184061E-01-6.39304805E-02-2.76050243E-02
86  2-2.48651054E-02-3.84023075E-01 2.11370395E-02-5.90411406E-02-5.94657419E-02
86  3 1.11907325E+00 1.17067352E-01 2.31166961E-01-3.67509085E-02-5.32694057E-01
86  4-3.35208011E-02-9.32846771E-02 6.41918417E-02 1.16392346E-02 5.35165419E-01
86  5-5.95951240E-02 6.36626839E-02-4.65130761E-02-9.92534106E-01-2.07066737E-01
86  6 5.53853166E-01-9.56766925E-02 5.45789187E-01-2.79537861E-01 2.59841954E-02
86  7 4.12399784E-01 9.84794123E-03-1.71139770E-01 1.82340140E-01-2.76771845E-01
86  8-8.66982979E-02 2.53018676E-01-3.65564616E-01 5.96767814E-01 9.95878090E-02
86  9-6.38931839E-01 1.08320671E-01 6.61826905E-02-1.12867820E-01-3.24363137E-02
86 10-1.76690822E-01-2.19409201E-02-3.44049393E-02-8.83198359E-02-1.01139890E-01
86 11-3.68286955E-02 1.62031548E-02-1.02602729E-02-2.71097323E-01-1.19310062E-02
86 12 1.49348989E-01 1.39639998E-02-1.44331723E-02 2.05886405E-02-1.35584251E-01
86 13 4.85890241E-02 2.50564637E-02 6.92311927E-02 6.04035657E-01 1.31081690E-01
86 14 1.08309314E-01 9.35319159E-02-5.42833876E-03-1.55420679E-03 7.60576198E-02
86 15 1.36987258E-01 1.36424465E-01 8.06586723E-02-2.25414579E-01-3.43873425E-01
86 16-1.99604276E-01 3.96310680E-01-4.28899737E-02-3.28209079E-02 7.01778764E-02
86 17 4.08412505E-03-1.38807060E-01 3.00246725E-01 3.55855950E-01 8.90054743E-02
86 18-1.11147793E-01-3.90870417E-01 1.30365949E-01 1.78950987E-02-2.16513274E-01
86 19 7.34471259E-03 2.49522025E-02 2.90747974E-02 1.66345735E-02 9.61946824E-02
86 20 8.18077207E-02 1.86807268E-01 4.95922188E-03-4.36739438E-01 1.39588943E-01
86 21-7.07581428E-02-1.78935233E-01 3.75459435E-01-3.19631363E-01-1.79971406E-01
87  1 1.62437666E-02 3.66405186E-02-8.10991323E-02 2.34778466E-01 2.35037562E-02
87  2-9.60280943E-03-6.35126918E-02-4.12416335E-02 1.03871673E-01 3.93815426E-02
87  3 3.39697714E-01 1.00763396E-01-4.73985715E-02-2.02123298E-01-9.05746866E-01
87  4-1.02937327E-01-7.49457690E-02 2.39452200E-01 2.08102079E-03 2.58471158E-01
87  5-1.21557436E-01 5.14688914E-02-2.89953003E-02-4.12736418E-01 3.63440466E-01
87  6-1.85050059E-01-3.25359349E-01 9.05052673E-01-7.34071800E-02-3.57489892E-01
87  7 1.40659624E-01-3.54832889E-03 7.17202596E-02 9.78126144E-02 1.17956944E-02
87  8-1.26285391E-01 7.75764067E-04-1.79695300E-01-1.48405434E-01 3.30762630E-01
87  9 1.87377950E-01 1.18676629E-01 2.94889539E-02-6.54167720E-02 2.47774438E-03
87 10-4.86429461E-03-8.04339792E-02 2.30381081E-01 4.09892284E-02-9.53200734E-02
87 11-2.12698374E-02-1.79849846E-01 3.48192790E-02 2.70766896E-01 8.74789587E-03
87 12-1.30118755E-01 5.76416394E-02-4.80507016E-02 1.60774072E-01 1.32807604E-01
87 13-2.08752683E-01 4.52280715E-02-3.74945752E-01-4.63264242E-02-1.38480523E-01
87 14 6.21233075E-02 8.44150863E-03-7.65193316E-03 7.46209115E-03 9.26169670E-02
87 15-8.98522334E-02 1.11271313E-01 1.22831044E-01-3.08249099E-01 2.93272710E-01
87 16-2.68763372E-01 2.05620409E-01 3.59036039E-02-1.22493267E-01 7.84007370E-03
87 17-2.09964654E-01-5.32092175E-02 1.43765025E-01-2.68528575E-01-2.38098760E-01
87 18 2.27944838E-01-4.33119134E-01 4.95571800E-01-1.23735846E-01 1.42962656E-01
87 19-4.72070553E-02-2.21180264E-01-2.27079421E-02-1.28817571E-01 3.93633485E-01
87 20-3.96428107E-02-1.01770007E-01-7.75148225E-02 2.38264753E-01 2.31086290E-01
87 21 1.55850696E-01 2.29071046E-02 1.30476547E-01-2.29493528E-01-4.72923399E-02
88  1-1.32755702E-03 4.63102287E-02-1.27392976E-01-1.17299888E-01 4.69633113E-02
88  2 2.65380370E-03 4.01805028E-02-5.89758748E-02-1.53288003E-02-1.94190607E-03
88  3-1.23258808E-01 5.53981697E-02 7.25209992E-03-2.13095312E-02-1.37546968E+00
88  4-1.28766456E-01-1.81798856E-01 3.59167984E-01-1.93122547E-02-8.38697840E-02
88  5-1.57958252E-01-1.02169320E-01-1.59755667E-01 6.11189132E-01 4.37699151E-01
88  6-1.02108054E-01-3.69831088E-02 1.50273419E+00-5.22196632E-02-4.53040247E-01
88  7 7.81442354E-02-4.30678550E-03 1.11709079E-01 6.15821052E-02 1.75893698E-01
88  8 1.32460021E-01-1.84716985E-01-1.47903596E-01-3.73297230E-01-1.70819723E-01
88  9 1.76582969E-01-1.55161629E-02-4.05706725E-02 1.84671125E-01 4.13832890E-02
88 10 7.68279769E-02-6.33684238E-02 3.74255750E-02-1.52867507E-01-7.36839766E-04
88 11 3.69910447E-02-1.49206929E-01-9.59434840E-02 3.42617901E-02-7.41997092E-03
88 12-3.68908493E-02-2.61242654E-02 1.27593060E-01 2.67436121E-01 2.26052555E-01
88 13-7.35722428E-02-3.03656064E-01-6.13159159E-01-1.03771888E+00-5.87135922E-02
88 14-1.68142335E-01-8.26459282E-02-3.57100109E-03 7.05053761E-02-1.55705018E-02
88 15 9.72808239E-02 5.38575179E-02-1.37092297E-01 8.67310457E-02-3.03781423E-01
88 16-1.02568536E-01 1.58682091E-01-4.39626085E-02-3.66149915E-02 5.22234077E-02
88 17 2.94794632E-02 2.01402688E-02-3.29375983E-02 2.90478325E-01 2.29263685E-01
88 18-1.49031816E-01 1.25926132E-01-1.85468705E-01 1.13522733E-02 1.04698407E-01
88 19-1.31912887E-01 2.30451461E-01-2.75709354E-01 3.15779930E-01 6.74845515E-01
88 20-1.07190268E-01-2.27083967E-01-6.79353229E-02 8.47470605E-02-2.50108040E-01
88 21-2.22812006E-02 2.95197349E-01 3.32190470E-02 8.47094207E-02 1.62768389E-01
89  1-5.93274476E-02-3.90940688E-02-1.30375609E-01-2.49526216E-01-7.94326596E-02
89  2 1.55161733E-02 1.43163797E-01-6.63670914E-02-1.64537378E-01-9.47583360E-02
89  3-6.24029888E-01 9.38783791E-02 1.26421979E-01 3.92864190E-01 2.40321745E-01
89  4-3.19233927E-02 8.68897181E-02-5.00103292E-02-1.89465206E-02-3.54657622E-01
89  5 3.78705486E-02-1.14254138E-02-1.70868256E-02 8.89254874E-01-2.27091839E-01
89  6-1.21082365E-03 3.05089717E-01-4.57081774E-01 1.71776225E-01-1.23700972E-01
89  7-6.21985638E-02-2.94534160E-03-3.50690008E-03-1.86128017E-02-3.97261646E-02
89  8 1.81507162E-01 2.66587029E-02 2.13380332E-02 2.33821071E-01-4.78207793E-01
89  9 3.65187464E-01-9.58938705E-03 8.47477967E-02 2.31470379E-02 9.66160078E-02
89 10 8.28654874E-02-6.08917661E-02-2.05809979E-01-1.81287029E-01 9.74682211E-02
89 11 7.25809182E-02-7.47092594E-02-1.58577558E-01-2.62672326E-01-4.45354193E-03
89 12 3.74655131E-02 1.45585876E-02 1.30858723E-01-8.68808508E-02-2.54659677E-03
89 13 1.63503260E-02-2.30851015E-01 1.30861255E-01-1.30018332E-01-1.43672257E-01
89 14-8.55298561E-02 4.98531526E-03 6.64438060E-03 5.86385783E-03 1.79399130E-01
89 15-8.92164361E-02-5.85634888E-02-1.80648275E-01-4.37692657E-01 2.84681543E-01
89 16 1.23350846E-01 1.71452222E-01 1.18251836E-02-5.29654017E-02 1.71166350E-01
89 17-8.48981069E-02 6.53553460E-02 4.20179136E-01-2.63385263E-01-1.95609040E-01
89 18-2.02522587E-02 3.45811037E-01 4.41712164E-01-6.43425017E-02 2.44947157E-01
89 19-1.38830231E-02-4.12947325E-02-4.19813754E-02 1.24380568E-01-1.19973460E-01
89 20-3.24402351E-02-1.37933036E-02 2.15820869E-02-7.88120030E-02-3.50062851E-01
89 21-6.13616275E-03-6.68501492E-01 1.15182038E-01 2.42874753E-01 1.09340601E-01
90  1 1.42722459E-01 6.05832544E-03 5.60831523E-01-1.70604711E-01 1.67924717E-01
90  2 4.16968851E-05-2.52830681E-02 3.72264673E-01-5.62797820E-02 1.08297254E-01
90  3 3.74069139E-02-9.42227720E-01 8.81064790E-02-2.82774213E-01-7.35870775E-01
90  4 4.21886723E-03-7.50350117E-02 1.79207309E-01-9.97537668E-03-2.12026464E-02
90  5-1.66696008E-01-1.58280005E-02-9.34710887E-02 2.62744042E-01 7.32939925E-01
90  6 1.21300057E-01 2.81785292E-01 7.25381927E-01-9.86416618E-02-2.51640940E-01
90  7 2.12384262E-01-4.24045367E-03 1.57583466E-02 9.28014457E-02-3.12158247E-02
90  8 1.20946226E-01 8.34774532E-02-2.18751852E-01 2.94543839E-02-2.55879560E-01
90  9-9.58869865E-02 2.39369455E-02 9.40824774E-02 3.13185115E-02-2.92964737E-01
90 10-1.07149549E-01 4.42294532E-01 1.33741866E-02 8.45592839E-02 1.42214314E-01
90 11 5.71509585E-02 5.65085772E-01 7.93816003E-03 2.36478673E-01-8.58542232E-03
90 12 5.49726078E-02 1.10360393E-01 3.42906531E-02 6.57009549E-02 6.86415065E-02
90 13-2.31571689E-01-5.12006440E-02-8.64350406E-02 2.01617370E-01-7.78322012E-02
90 14 7.56509913E-02 4.12043484E-02-1.20740296E-03 3.11340161E-02 5.65399892E-02
90 15-1.17838298E-02 2.25995296E-02-5.41070029E-02-1.28823083E-01 5.00391990E-02
90 16-4.00855466E-02 1.39306409E-01 1.59366431E-02-3.27303179E-02 5.36992727E-02
90 17-4.36208052E-02 1.34054479E-02 8.57267358E-02-5.87537396E-02-3.56195369E-02
90 18 2.57402686E-02-6.54111825E-02 1.25658786E-01-1.93385651E-02 7.74473651E-02
90 19-3.87334793E-02-1.45634588E-01-3.18333481E-02 8.62534873E-02 1.71985901E-01
90 20-1.80044112E-01-3.11368734E-01-3.33945503E-02-1.45887504E-01-4.17916041E-02
90 21-2.83988543E-02-1.15313998E-01 1.38284288E-01 1.73963501E-02 5.90123021E-02
91  1-2.55368936E-01-5.98213841E-02 1.47473562E-01-2.41627921E-01-2.75337118E-01
91  2-2.28386233E-02-1.98312212E-01 7.54666366E-02-2.12985642E-01-2.16453420E-01
91  3 9.43117274E-01-5.41263781E-02 7.91352685E-01 1.57517850E-01 1.83350122E-01
91  4 9.22659311E-02-6.19061385E-02-3.74249386E-02 1.51163203E-02 3.19828824E-01
91  5-4.26938139E-02 8.93806478E-02 1.09255177E-01-7.60797146E-01 3.53786881E-01
91  6-2.49968782E-01-9.81869600E-01 3.83727631E-01-1.70910546E-01 1.86025031E-01
91  7-2.81290312E-01 5.13088345E-04 5.57476525E-02-4.33355838E-03-5.66280332E-02
91  8-3.86406140E-02-2.54664657E-02 9.39085065E-03-1.43974371E-01 3.35419399E-01
91  9-2.86483509E-02 1.22069315E-01-1.41481947E-01-1.05274928E-01-6.94392041E-02
91 10-7.51093478E-02 7.11500483E-02-3.66216434E-01-2.67667908E-01 1.35416129E-01
91 11-2.79118429E-05-6.98118009E-03-3.42184943E-01-1.65169343E-01 8.09722554E-03
91 12-2.03102249E-01 1.44658069E-02 1.04052614E-01-5.94405577E-02 1.90665716E-01
91 13-2.64303349E-01-3.18395883E-01-1.57616170E-02-8.34879073E-01 9.66848881E-02
91 14-9.11126971E-02-1.24651877E-01 4.27805729E-03-5.33069284E-02-7.11214270E-02
91 15-9.41474723E-02 1.20908403E-01 5.83905810E-02 1.98280872E-01 3.65485523E-01
91 16-3.42417071E-01-5.30930458E-01 4.20489301E-02 9.25117686E-02-1.64971327E-01
91 17-1.68906003E-01-5.24658111E-02-2.88868075E-01-1.20811252E-01-1.52073858E-02
91 18 1.03448780E-01 3.66810686E-01-7.89309631E-02 5.67942670E-02 3.37175263E-01
91 19-1.98956966E-01 8.37935109E-02-1.79866832E-01 8.91567028E-02 4.47890114E-02
91 20-6.63583895E-03-1.10342368E-02 1.94638495E-03 1.25310615E-01 4.85026873E-01
91 21 1.97989976E-02 4.71378751E-01-1.00001932E-01-2.60349142E-01-1.37442999E-02
92  1 8.08360319E-02-1.45001056E-02-1.44748439E-01 1.10426440E-01 1.84738881E-01
92  2-1.62573171E-02-1.21750331E-01-7.01692803E-02 1.82545279E-01 7.20182099E-02
92  3 6.11975690E-01 2.30469209E-01-2.52472911E-01-4.65221036E-01 2.16868329E-01
92  4 9.13755979E-02 2.09974903E-02 9.96680266E-03 1.00686861E-02 2.02992182E-01
92  5 4.91979669E-02-8.58713230E-02-4.24970459E-02-4.38816393E-01-1.16115558E-01
92  6 8.89621797E-01 4.50399083E-02 4.22169760E-01-2.05333116E-01 2.90071111E-01
92  7-2.77397691E-01 3.06883365E-02-2.61008367E-01 8.59222534E-02 4.43685777E-03
92  8 2.13035886E-02-1.02514980E-02-2.90463406E-01 2.67430604E-02 8.71373860E-02
92  9-1.04753576E+00-6.04019938E-02 3.07001453E-02 1.60260590E-01-1.16035060E-02
92 10-1.79192726E-02-1.10792872E-01 2.02982948E-01 1.69756962E-01-1.83909863E-01
92 11-4.78775552E-03-1.68904485E-02 2.60393500E-01 3.70789318E-02-2.07560340E-02
92 12 1.06550884E-01-2.03375798E-02 2.05003654E-01-1.23697584E-01 1.55286968E-01
92 13 4.28216102E-02-4.02581613E-01 3.70983961E-01-2.32757801E-01 1.41604742E-01
92 14 8.50630634E-02-1.60211444E-02 9.71730692E-03-9.18411335E-02-6.16082181E-02
92 15-1.16014907E-01 1.66730523E-01 1.28752584E-02 1.97012092E-01 4.47971378E-01
92 16-4.57774729E-01-5.75108704E-01 3.06669525E-03 1.65799702E-01-4.57460673E-02
92 17-2.43355325E-01-1.80577566E-02-2.64598947E-01-1.78655972E-01-6.60852470E-03
92 18 3.11994384E-02 6.27346334E-01-9.13062151E-02 6.64238050E-02 5.88872706E-01
92 19-5.85298021E-02 1.61197019E-01-1.57934693E-01 2.83316114E-01-1.31033499E-01
92 20 3.07999086E-02 6.35373404E-02 1.19711717E-01-4.53500855E-01-7.76916244E-02
92 21-8.38955775E-02 6.03497196E-01 3.67310951E-02-1.69428204E-01 1.73140481E-02
93  1-8.89405932E-02 1.68262872E-02 5.22189884E-02 2.03032622E-01-1.26488974E-01
93  2-1.60272263E-02-2.28805042E-01 2.44912608E-02 1.65448636E-01-7.28705571E-02
93  3 1.10450351E+00 8.32005194E-02-1.59728398E-02-1.45600039E-01-1.17686069E+00
93  4-1.82029707E-01-5.27790139E-02 2.39345105E-01 8.63112855E-03 3.25478486E-02
93  5-9.76397461E-02-2.48322190E-01 1.61488612E-01-2.36556357E-01 3.65209851E-01
93  6 6.90287934E-01-1.03621566E+00 1.13715834E+00-7.50140239E-03-5.82616768E-01
93  7 2.62005335E-01 7.56279189E-03 5.62874831E-02-3.19481658E-02 1.37440087E-01
93  8-4.91704483E-02-2.04656297E-01 1.63067953E-02-3.91014087E-01 2.31533595E-01
93  9 6.95240746E-01 1.05835265E-01 1.49973548E-01-2.36894853E-01-6.24458805E-02
93 10-4.08981845E-02 3.36009572E-02 1.59203385E-01-1.62705083E-01-1.36573740E-01
93 11 1.41083142E-02 1.59574699E-02 2.07605631E-01-1.82171633E-01 6.82104658E-03
93 12-1.20406710E-01-7.19849628E-04 1.61471226E-01 1.58255992E-02 9.64152757E-02
93 13-1.23749743E-01-4.83974568E-01-8.68449753E-02-6.62795900E-01-4.69325177E-02
93 14-4.66692139E-03-1.43357198E-01 8.23660254E-03 5.65557349E-02 8.99676355E-02
93 15 1.04147778E-02-1.33861580E-01-2.05414915E-01-1.49338351E-01 1.20697880E-01
93 16 3.42402107E-01 1.42623752E-02 4.51208248E-02 2.43441187E-02-5.67669484E-02
93 17 1.30831033E-01-1.91678360E-02 1.38600383E-01-9.25938433E-02-7.91722524E-02
93 18 3.95094631E-02 2.03142912E-01 1.04085245E-01 1.20102414E-01-2.07806747E-01
93 19-1.22736227E-01 6.33741932E-02-1.30585296E-01 1.64805136E-01 1.40887845E-01
93 20-4.61689924E-02-1.57403530E-01-3.72305446E-02-4.05280591E-01 4.71158506E-01
93 21 3.07564333E-01-6.18469385E-01-3.97698047E-01 4.00393667E-01 2.68815847E-01
94  1-8.39545859E-02-1.61576586E-01-2.04712053E-01-3.66956746E-01 3.93319140E-01
94  2-7.76107514E-02-5.66273660E-01-3.01614727E-02-6.43844015E-02 7.77795643E-02
94  3 2.51453137E+00 5.33156532E-01 9.36703329E-01-1.25516821E+00-2.35413558E-01
94  4-1.38602049E-01-1.06958415E-01 1.96790087E-01 6.80608607E-02 7.03422006E-01
94  5 5.85897418E-02 2.89301365E-02-8.39796188E-02-2.86007571E+00 3.84603922E-01
94  6 7.03032646E-01-8.34942555E-01-2.64404831E-02 8.15615190E-02-2.31719283E-01
94  7 1.57808219E-01-4.31521116E-03 5.55925597E-02-5.34908387E-02-6.43059920E-02
94  8 9.27481159E-02 2.09634064E-02 1.34750608E-01-1.30322292E-01-6.51285564E-02
94  9 8.62483467E-01 1.72210344E-01-5.38111849E-02-1.90806940E-01-7.39190183E-02
94 10-1.76106928E-01-1.25886719E-01-3.32826940E-01 4.62656960E-01-9.79606182E-02
94 11-1.85532891E-01-1.92952634E-01-3.07747204E-01 4.45095192E-01-6.54780020E-03
94 12 4.83115141E-02 3.28526383E-04 4.06432708E-02 3.82502651E-02 4.44525559E-02
94 13 4.10909241E-02-8.16393510E-02 1.29049559E-01 3.03418727E-01 3.01075921E-02
94 14 9.06647413E-02 5.17369462E-02-1.08640105E-03 1.21847564E-01 3.69066064E-02
94 15-7.83750417E-04-7.02964684E-02-1.82017038E-01-5.14840090E-02 8.37358649E-02
94 16 1.93609083E-01 3.44465245E-02 1.81033335E-02 4.16320105E-02-9.01593609E-02
94 17 9.87065564E-02-4.81306374E-02 4.09984856E-02-6.93878642E-02-5.39256072E-02
94 18 6.50219662E-02-2.40336141E-02 4.83941844E-02 7.69350170E-02-1.83022114E-01
94 19 2.15877172E-02-1.26209511E-02 1.24637196E-02 9.31431961E-02-1.06989452E-03
94 20 1.89849320E-01-4.15149135E-02 1.17257346E-01-1.81722059E-01 2.15905292E-01
94 21 4.44088002E-02-4.11589912E-01-1.77126439E-01 1.07036110E-01 1.66226241E-01
95  1-8.37375558E-03-2.79711730E-01-8.52947799E-02 1.85838268E-01 2.43091999E-01
95  2 2.62750260E-03 6.49866910E-03 2.32375437E-01-4.93658674E-03 1.12134095E-01
95  3-7.05889863E-02 2.59151375E-01-4.98455144E-02 2.16145366E-01-1.87251549E+00
95  4-1.96443195E-02-2.33968508E-01 4.19550012E-01-5.01446061E-02 1.47926401E-01
95  5 4.34300601E-01 4.10483407E-02 4.11754164E-02 7.87912424E-01 1.70840188E-01
95  6 6.75706898E-02-7.81573335E-02 2.50453401E+00-3.53259369E-01-4.11563822E-01
95  7 3.19744857E-01 6.54475922E-03-2.08077722E-01 6.67959941E-02 5.04853883E-02
95  8-6.28952359E-02 3.15682251E-01-1.26737564E-01 2.81856727E-02-1.02680159E-02
95  9-3.65050029E-01 1.08580685E-01 1.02546743E-01-3.88468077E-02-1.67052883E-02
95 10 4.70235794E-01 4.38267805E-01 1.33653178E-01-1.29046717E-01-6.22251769E-03
95 11-1.85035972E-01-5.67175091E-02-2.26160531E-01-1.23666477E-01 6.84576641E-03
95 12-2.60999939E-01-7.00896751E-02-1.18318735E-02-2.68862216E-03 3.82726129E-01
95 13-1.24559547E-01-1.00512017E-01-7.65976189E-02-5.50476597E-01 4.94884633E-02
95 14 8.96468650E-03-1.95171765E-02 1.42854319E-03-3.90724012E-02 1.73312517E-02
95 15 3.97408774E-02-1.48859997E-02 4.62044061E-02-5.55837328E-02-4.30372305E-02
95 16 6.27978831E-03 1.02639303E-01-1.83214019E-03-5.79025981E-02 6.24080268E-02
95 17-9.29540293E-03 4.31230907E-03 3.50071764E-02 3.39907149E-02-3.31965361E-02
95 18-5.72626463E-03-9.07067049E-02 1.76736378E-02 2.61403909E-02-1.76774884E-02
95 19-1.03246406E-01-6.50018474E-02-1.92832227E-01-5.76710012E-02 2.86321295E-02
95 20 2.57661462E-02-8.95904303E-01 9.63802572E-01 1.59145996E-01-1.36151044E-02
95 21 2.67567034E-02-2.79205923E-01 4.39312567E-02 1.31033303E-01-7.77717196E-02
96  1-8.63275775E-02-8.52237765E-01 1.68173836E-01 1.83866361E-01 7.64430294E-01
96  2-3.73656353E-04-3.05762704E-03 1.23558621E-01 3.19782091E-01 3.01291202E-01
96  3-3.72408369E-03 2.36950521E-01 6.44845929E-01 5.44895588E-01 1.07183415E+00
96  4 1.37207047E-01 2.65520725E-01-6.68653040E-02 1.73279039E-02-4.33683030E-02
96  5-1.35375571E-01 3.86989006E-02 1.09443504E-02-2.90768547E-01-2.22162744E-01
96  6-2.97395905E-01-1.92348828E-01-1.22880791E+00 9.10757937E-02 2.53868787E-01
96  7-3.60732051E-01-3.03173957E-03 1.37931165E-01-6.29832254E-02-1.13977330E-01
96  8 6.58776979E-02-1.94800740E-01 1.20049712E-01 1.04659261E-01 4.26744731E-03
96  9 2.46966252E-01 6.00041962E-02-1.07281756E-01-6.56937160E-03 4.49062887E-02
96 10 3.20064733E-01 3.73735966E-01-3.25415915E-01-2.49253431E-01 5.56503905E-02
96 11 5.20198489E-01-4.78891344E-01 2.97798503E-01-2.49319493E-01-4.70462327E-04
96 12 2.64089989E-03-1.56226964E-02-1.89708309E-03-5.00594790E-02-4.97568694E-02
96 13-1.05168377E-02-1.10247656E-02 4.34027346E-02 3.48900044E-02-5.15614140E-02
96 14-1.40550360E-01 2.18027776E-02 2.41310371E-03-1.09682653E-02-2.95411026E-03
96 15-1.67770530E-02-8.54327707E-03-1.16882469E-02 1.63521832E-02 4.59574598E-02
96 16 1.84302886E-02-1.17504232E-01 4.59652949E-03 1.88012882E-02-4.50925398E-02
96 17 7.07477254E-03-8.45237352E-03-7.48557454E-03-1.30728050E-02 7.06144669E-03
96 18-2.31293122E-03 1.26801303E-01 8.55415629E-03 5.88589110E-03 9.63394020E-03
96 19-2.65782000E-02-2.63796410E-02-3.22374538E-02-3.60881981E-02-3.40261810E-02
96 20 4.04638132E-02 3.63022009E-01-3.30429236E-01 5.89252359E-02 2.99505869E-02
96 21-2.45510618E-02 1.12235269E-01-5.70517375E-02-1.43756745E-01 6.59187177E-02
97  1 1.41053053E-02-2.82525973E-02 4.35391289E-01-2.18363392E-01-3.90837692E-03
97  2 1.76582537E-03 4.19829915E-03-3.79713961E-01 1.68878588E-01 1.99327881E-02
97  3-1.24958248E-01-8.64960026E-01 3.31823271E-01 6.86839171E-02-1.66039555E+00
97  4-2.81771373E-01-1.07064254E-01 2.89210928E-01-3.25254898E-02 3.59322119E-02
97  5 1.89278030E-01 8.23244916E-02 5.17963375E-03 6.11271351E-01 4.52340396E-01
97  6-2.25354190E-01 8.32885381E-02 1.99169494E+00-1.64725820E-01-5.33748763E-01
97  7 4.90596334E-01-8.79713712E-04-2.25986680E-02 3.83776881E-02-6.72214031E-02
97  8 7.29409706E-02 1.19425370E-01-8.95550341E-02 9.79549498E-02-1.50036838E-01
97  9-3.41644474E-04 9.80241228E-02 1.78674362E-02-1.56026000E-01-1.04350365E-01
97 10-7.30879975E-01-6.09672796E-01-3.10271919E-01-1.10742061E-01 9.06862140E-02
97 11 6.86094258E-01-2.67787035E-02 6.72780990E-01 7.18060006E-02-3.52657800E-03
97 12-1.90954270E-01-7.23454484E-02-6.38341957E-02 2.01911348E-02 4.00187053E-01
97 13-1.88382750E-01 6.55496576E-03-1.09758800E-01-5.03005824E-01-8.04118452E-03
97 14 1.89656580E-02-1.33754714E-01-3.63908261E-03 5.53109134E-02 2.21055834E-02
97 15 2.96341183E-02-2.93656577E-02-5.58212007E-02-6.06641393E-02-5.44532455E-02
97 16 4.53322092E-02 1.88485892E-01 2.50521012E-02-5.87836296E-02 4.42234010E-02
97 17 1.81517567E-02 1.37748604E-02 2.76048603E-02 2.12399136E-02-2.96381441E-02
97 18 2.17262355E-02-1.45185067E-01 3.22583318E-02-8.34376629E-04-4.69606582E-02
97 19-1.25706455E-01-7.25469232E-02-2.44447074E-01-1.20435118E-01 8.39065659E-02
97 20-1.01393094E-01-5.42516478E-01 4.72999336E-01 1.11574397E-01 1.23436389E-02
97 21-2.21303971E-02-1.86963037E-01 5.47396483E-02-2.19600594E-02 3.14923920E-02
98  1-2.19849735E-02-4.78308372E-02 1.63770413E-02-2.35904617E-02 3.38210184E-02
98  2-7.90998880E-03-8.28667993E-02-6.89320633E-03 1.49964550E-02 3.94232386E-03
98  3 3.33500901E-01-7.74370327E-03 1.51703930E-01-9.73816938E-02-6.55625701E-01
98  4-7.98595861E-02-6.48926354E-02 8.03199242E-02 2.99954014E-03 1.42902368E-02
98  5 2.29605874E-02-2.51813848E-02 2.64319145E-02-1.14799289E-01 1.39582909E-01
98  6 1.31625468E-01-1.78620467E-01 5.89105884E-01-8.34405492E-02-2.87869680E-01
98  7 3.51735527E-01-1.01666586E-02-5.45956660E-04 2.10041873E-02 5.69177013E-02
98  8-6.18596540E-02 1.47602455E-01 1.65119521E-02-1.65778134E-02-1.18625995E-02
98  9 4.77001401E-02 1.41008219E-02 1.08809787E-01-8.95127539E-02-2.18806348E-02
98 10-4.11666727E-02-1.18025277E-02-3.34066144E-02-7.45677733E-03-7.29384546E-03
98 11 4.62803972E-02-2.87483104E-02 3.07344893E-02 3.44049969E-03 5.29951007E-03
98 12-4.80541008E-02 6.19634080E-02 5.61558915E-02-4.68102215E-02-1.81254265E-02
98 13-3.11004573E-02-5.73403361E-02 6.41343133E-02 3.05877663E-02 4.07368902E-02
98 14 1.23778591E-01-1.26892120E-01-1.58962980E-03 4.61649349E-02 3.78072033E-02
98 15-4.75367980E-01 3.11232536E-01-9.52992638E-02-1.75386393E-02-3.31409524E-01
98 16 1.25679326E-01 1.95192145E-01 2.82952002E-02-2.79209389E-01 2.41556243E-01
98 17 3.67911280E-03 7.50423272E-01 2.50727564E-01-2.94719737E-01 7.63406775E-01
98 18 3.68064010E-02-8.65792691E-01-1.85508206E-01-7.86178072E-01-1.66181496E-01
98 19-3.08395244E-02 8.03510835E-02 9.71667433E-02 4.02995082E-02 1.41806688E-02
98 20 1.33317555E-02-1.68465559E-01 6.92271268E-02-3.53075414E-02 8.06972216E-02
98 21 1.86495071E-03-2.84076642E-01 1.52261282E-03 1.46144316E-01-1.30402257E-01
99  1-1.52246033E-02-1.15290044E-01 7.70621026E-02-6.47001001E-03 4.03334889E-02
99  2 5.93291211E-03 2.41986655E-02-6.87543079E-02 4.15115309E-02 2.21886282E-02
99  3-1.18413040E-01-1.09553668E-01 1.51132092E-01 1.56057648E-01 9.39965192E-01
99  4 3.86184152E-02 1.63391927E-01-2.07935610E-01-2.86876437E-02 7.72872028E-03
99  5 4.62494375E-02-2.73379952E-02-6.28337802E-02 5.27781277E-01 1.54383182E-01
99  6-2.06512886E-01-1.43675414E-01-7.60035589E-01 1.17802505E-01 2.45149731E-01
99  7-2.55046798E-01-8.76712693E-03-1.30714920E-02 2.08280575E-02 5.33960370E-02
99  8-3.25640743E-02 1.50683283E-01 1.39728366E-02 7.57260509E-03-8.01329388E-02
99  9 3.91326679E-01 1.01564976E-01-9.14044822E-02-1.90171573E-01 3.22151380E-02
99 10-1.00982080E-01-6.54435328E-02-7.93159305E-02-6.42328217E-02 2.91323858E-02
99 11 2.15277593E-01-8.36262771E-02 1.22812018E-01-4.83624569E-02 6.38182733E-02
99 12 3.71386100E-02 4.51173408E-01 1.90836596E-01 9.10969724E-02-9.67271031E-01
99 13 2.90912159E-01 4.85941598E-02-1.96925154E-01-9.39506349E-01 4.20114994E-01
99 14-5.25784885E-02-1.00690607E-01 1.49368360E-02-2.41570271E-01-8.35763899E-03
99 15 6.16456104E-02-5.21477634E-03 2.37861328E-01 3.05430558E-02 8.70788257E-02
99 16-5.84689836E-02-2.57347181E-01-5.83028007E-02 1.21045703E-01-1.31849857E-01
99 17-2.63667300E-02-1.88136101E-01-2.81134932E-02 2.71717215E-02-5.85277321E-02
99 18-6.79853116E-02 3.66731049E-01-1.90380793E-02 1.62369770E-01 9.17910306E-02
99 19 6.28870996E-02 1.31581574E+00 1.09604140E+00 4.55816308E-01 1.41855330E-01
99 20-2.52969958E-02-3.35863862E-01 2.06862168E-01 1.02039410E-01 6.36154934E-02
99 21-6.85143519E-03-2.41211418E-01 5.38229909E-02 1.14142283E-01-1.40533526E-01
 0  1 5.44449043E-02 1.30354950E-01-3.20770371E-02 9.59388887E-02-8.44222315E-02
 0  2 1.89222072E-02 2.56912493E-01-1.29893534E-03-7.86329677E-03-2.03244113E-02
 0  3-8.36066836E-01-1.68930283E-02-4.83379439E-01 2.78751180E-01-1.75194982E+00
 0  4-5.30514125E-02-3.64147192E-01 3.03197099E-01-3.54209871E-02-5.69314743E-02
 0  5 5.19641287E-02 7.57114735E-02-3.16516793E-02 9.13591564E-01-1.45438387E-01
 0  6-1.40131294E-01 3.72501843E-01 1.96415194E+00-2.77046697E-01-1.41648125E-01
 0  7 4.04968784E-01 6.95268155E-02-7.91643109E-02-9.64073077E-02-2.74947569E-01
 0  8 3.22368701E-01-8.02008750E-01-2.15093564E-01-9.33405009E-02 3.04049436E-01
 0  9-9.15028237E-01-1.88174970E-01-1.56075862E-01 3.62079521E-01 4.85799516E-02
 0 10 1.05407708E-01-3.64878307E-03 1.31448550E-01-3.36556614E-02-7.50283957E-04
 0 11-1.16871495E-01 8.66941099E-02-5.10848024E-02-6.47409257E-02 1.51510621E-02
 0 12-3.76584952E-02 8.59373271E-02 2.24559018E-02 1.28630364E-02-1.30464300E-01
 0 13 7.43092335E-02 6.16862597E-02-6.65312941E-02-7.65301732E-02 4.66619212E-02
 0 14 2.78159162E-02 4.58193306E-02-6.48164029E-03 1.39898726E-01 2.80829571E-02
 0 15-7.93740895E-02-7.87597298E-02-1.57411071E-01-3.48740012E-02-9.46109187E-02
 0 16 1.50250823E-01 1.20064752E-01 2.33254097E-02-8.86881754E-02 1.72044212E-02
 0 17 6.96473010E-02 1.13621394E-01 4.52150292E-02-4.56600180E-03 6.10866656E-02
 0 18 1.05173875E-02-1.79881987E-01-1.62543428E-02-1.88458779E-01-1.24503035E-01
 0 19 2.31299623E-02 1.86197080E-01 2.20968318E-01 7.48879447E-02 1.17499682E-02
 0 20-2.84134039E-02-1.61128850E-01 1.68672308E-01 5.94835366E-02-7.27210044E-02
 0 21 5.39343453E-02 1.26109108E+00-3.12917501E-01-7.17183750E-01 9.00963995E-01
 1  1-2.28418911E-02-1.36268744E-02-3.22237434E-03-9.98787027E-03 2.41974390E-02
 1  2-6.33980268E-03-5.19773245E-02 9.82651552E-03 1.85021463E-02-9.78344403E-03
 1  3 2.63582579E-01 4.14879433E-02 9.37833114E-02-7.76210273E-02-2.83553976E+00
 1  4-2.48134648E-01-4.11042965E-01 5.35736397E-01 6.57260957E-03 8.07378045E-03
 1  5-8.81578601E-03-3.12554134E-02 4.65111060E-02-9.19792180E-02 4.90949315E-02
 1  6 1.57633998E-01-2.34773870E-01 2.80085816E+00-3.88528090E-01-7.60553890E-01
 1  7 8.70677586E-01-5.21979307E-03-6.63743114E-02 3.26761597E-02 4.08509590E-02
 1  8-3.56729470E-02 1.92662751E-01-3.15208449E-02 1.44656018E-02-3.91247093E-02
 1  9-3.62991312E-02 4.26022401E-02 1.54348091E-02-1.39082991E-02-1.73665446E-02
 1 10 3.58157597E-02 1.36252568E-02-1.15920156E-02-1.17834005E-02-2.33176004E-02
 1 11 5.98935233E-02-2.27192867E-02 1.06516274E-02-1.39472598E-02 5.04756710E-03
 1 12-1.03911505E-01 5.40325471E-02 8.63379716E-02-5.67051373E-02 1.04210557E-01
 1 13-9.62949493E-03-1.19424719E-01 8.63672324E-02-5.55870191E-01 1.24515440E-01
 1 14-2.81887825E-02-1.44652437E-01-1.16322061E-01 6.38663734E-01-1.22882995E-01
 1 15-1.21991520E-01-2.48404324E-01 3.38700243E-01-1.60275074E-01-1.53216662E-01
 1 16-4.11790357E-01 9.65752950E-01-8.93471985E-02-1.32286798E-01 5.08371873E-02
 1 17-1.74341217E-01-6.37818626E-01-1.68537603E-01 4.95630187E-01-7.03482060E-01
 1 18-1.35651481E-01-5.36578110E-01-1.22394495E-01-7.91377297E-01 1.01197472E-01
 1 19-6.93696651E-02 2.73968215E-01 7.46775875E-02 9.35131235E-02-1.31123535E-02
 1 20 3.95440877E-03-2.15901289E-02-1.10309064E-02-5.60497028E-02 4.45567848E-02
 1 21-2.36190813E-02-2.00243962E-01 5.38077741E-02 8.47153289E-02-1.16299502E-01
 2  1 1.07297190E-01 5.03171448E-01-1.67782066E-01-2.99516716E-01-3.20979284E-01
 2  2 7.15265579E-02-2.70097318E-01 5.14180024E-02 1.03906515E-01-1.38264337E-01
 2  3-7.60678896E-01 1.17507142E-01 1.47120167E-01-4.03598583E-01 2.43787436E+00
 2  4 1.84559905E-01 3.50111265E-01-4.24048748E-01-7.06467950E-03-3.50953081E-02
 2  5-1.95776616E-02 4.52239257E-03 5.65017805E-02 7.46989169E-03 7.19756265E-02
 2  6 2.57232874E-01-3.29044023E-02-2.34748270E+00 4.20292601E-01 7.17807002E-01
 2  7-1.09730427E+00-1.19759921E-03 2.46288708E-01 1.57919050E-02-4.62558302E-02
 2  8 5.19367580E-02-4.52828081E-01-1.14732791E-01 3.39337359E-02 1.68038683E-03
 2  9 2.34273191E-01 6.22330284E-02 2.73437517E-02 2.13575621E-02 7.45825333E-02
 2 10 4.33532886E-01 4.15479502E-01 4.75087060E-03 1.54558581E-01 5.86631868E-02
 2 11 4.26292947E-01-2.29114914E-01 3.46524605E-01 1.41809424E-01 2.80922593E-03
 2 12-2.19855305E-01-2.81065678E-02-3.33135510E-02-8.23232942E-03 3.47180687E-01
 2 13-5.39449922E-02 3.61414758E-02 1.23319249E-02 2.54289969E-01-5.54528356E-02
 2 14 1.55228348E-01-3.18031451E-02-2.54976445E-03-1.24436581E+00-2.95570292E-02
 2 15-2.62689111E-02-1.00167998E-01 2.35348202E+00-2.04163165E-01-3.54501485E-01
 2 16-2.97489618E-01-6.43057205E-01-3.07161990E-02 2.55267415E-01-4.75637522E-01
 2 17-2.90042261E-01-5.75368731E-01-5.24992330E-02 3.00478981E-01-2.48555064E-01
 2 18-3.29604605E-01-5.76226273E-01-1.99704999E-02-4.65731874E-01 2.78664238E-02
 2 19-3.55095093E-02-1.86455883E-01-6.88017966E-02-8.72165956E-02 9.37103648E-03
 2 20-4.93818103E-02-3.35226436E-02 2.46679917E-02-6.19159298E-02-1.85832775E-02
 2 21 1.26058945E-01-2.37180694E-03-1.03162646E-02-3.19911383E-02 1.16972997E-01
 3  1-1.06819498E-01-7.56763622E-01 1.59575659E-01 3.43233152E-01 4.71995919E-01
 3  2-1.20726508E-01 1.40443884E-01-7.99006529E-02-1.54735148E-01 2.05681306E-01
 3  3 2.04595695E+00 1.66211145E-02-1.56570818E-01-9.70203623E-03 7.04572368E+00
 3  4 5.59284272E-01 1.12596269E+00-1.35211007E+00 2.29434329E-02 1.51895370E-01
 3  5-3.67551668E-02 4.46118865E-02 1.01834677E-02-8.66700881E-01 1.29366514E-01
 3  6 3.69653849E-01-1.43582234E-01-6.74030837E+00 7.79803049E-01 1.24789932E+00
 3  7-1.88794224E+00-1.31291477E-02 4.17716905E-01 2.61171241E-02-1.80211777E-02
 3  8 1.19457612E-02-6.08684420E-01-8.63503551E-02-2.24973181E-02 2.19033398E-02
 3  9 8.17287392E-01 1.91311239E-01-8.93956378E-02-8.91713398E-02-1.26637007E-01
 3 10-7.75829508E-01-5.98078798E-01 2.24067581E-02-1.00332170E-01-1.60794205E-01
 3 11-8.13841820E-01 3.59368705E-01-4.95088340E-01-1.39643385E-01 3.04313389E-03
 3 12-2.48027173E-01-1.89795642E-02-6.02379411E-03-2.93191613E-02 4.07774642E-01
 3 13-4.73298819E-02-1.21331032E-02 1.23637525E-01 3.52565812E-01-1.05118988E-03
 3 14 1.69482917E-01 2.76414910E-02-3.80678893E-03-8.66927793E-01-3.21627077E-02
 3 15-2.84006471E-02-5.57619698E-02 1.67857759E+00-1.17770638E-01-2.03119079E-01
 3 16-2.39104764E-01-6.52657131E-01-2.76056860E-02 2.40308235E-01-4.13974823E-01
 3 17-2.10317503E-01-4.36607054E-01-5.78440510E-02 2.02298574E-01-1.83862134E-01
 3 18-2.18082062E-01-3.64732926E-01-1.43064847E-02-3.17188639E-01 1.41017058E-02
 3 19-5.75736674E-02-1.50921993E-01-5.75679546E-02-4.40812820E-02-1.49712155E-02
 3 20-4.16340615E-03 7.03601530E-02-3.40634280E-02-1.23950077E-01 1.60663588E-02
 3 21 1.37774059E-01-1.14149009E-01-6.63922444E-03 2.55773007E-02 4.28417005E-02
 4  1 1.09892314E-01 1.85465604E-01-1.14428056E-01-6.48635946E-02-5.05998664E-02
 4  2 1.60922067E-02 1.22879954E-03 1.79276922E-02 3.33350122E-02-3.47842720E-02
 4  3-3.35190187E-01 1.12465032E-01-3.85862961E-01-2.36956875E-01-1.97980623E+00
 4  4-1.27209803E-01-1.67152769E-01 5.55273897E-01 9.80989043E-03 6.54227969E-02
 4  5-3.45350756E-02 1.35157101E-01 8.46219842E-02-9.47008433E-02-2.15792126E-01
 4  6 4.55092323E-01 4.88351860E-01 2.09827671E+00-2.09961006E-01-8.28211006E-01
 4  7 7.84151283E-03-2.99314936E-02 9.85073833E-01 7.03575490E-02-5.52788635E-02
 4  8 1.77235934E-02-1.50531481E+00-2.56451263E-01 1.27870956E-01 2.92889015E-02
 4  9 6.45484271E-01 3.88681150E-02-2.18638700E-01 1.05880757E-01 1.90727911E-02
 4 10 1.61753103E-01 8.33254933E-02 8.98154214E-02 8.62347922E-02-8.37349676E-02
 4 11 3.35817307E-02 2.97011116E-02 7.16920073E-02-1.10150758E-02 4.14908661E-02
 4 12-1.22507625E+00-2.99837150E-02-1.03258747E-02-9.53132515E-02 1.80528017E+00
 4 13 1.06656596E-01 4.64179702E-02 3.52774816E-01-1.48775019E+00-3.68034090E-02
 4 14-2.12831052E-01-1.55976440E-01 4.60969323E-03 4.67976111E-01-5.93447004E-03
 4 15 3.27361711E-02 7.51181899E-02-9.21466712E-01 1.33165673E-01 1.37087262E-01
 4 16 5.16587151E-02 7.47025510E-02 2.78678653E-02-6.14027869E-02 1.27943717E-01
 4 17 1.04986079E-01 2.20232785E-01-1.30775894E-02-9.85441993E-02 1.27298837E-01
 4 18 1.63011896E-01 3.48742744E-01 8.33623633E-03 2.17798494E-01-1.84816994E-03
 4 19-1.58662336E-01 1.43380399E-01 4.38297773E-02 3.31360526E-02-1.08374729E-01
 4 20 4.11485934E-02 1.53955441E-01-9.11660011E-03-2.33741384E-01-2.05314309E-01
 4 21 8.18230485E-02 3.60685514E-01 6.25924972E-02-1.56156237E-01-6.82809980E-03
 5  1-6.19444658E-02-5.36151480E-02 3.94325191E-02-5.13628571E-02 8.19626864E-02
 5  2-4.95807034E-02-2.37384315E-01 1.94283619E-02 1.26077742E-02-2.00138178E-02
 5  3 1.24789000E+00-1.13601023E-01 3.83567204E-01-5.02564773E-01-1.39671708E+00
 5  4 3.92732329E-02-2.34489985E-01 3.35768899E-01 1.35342302E-01 5.40418938E-01
 5  5-8.25071040E-02-1.06377996E-01 8.15625843E-02-2.81498350E+00 4.31483963E-01
 5  6-1.43383389E-01 2.11078863E-01 1.94066584E+00-6.22277982E-01-2.72346882E-01
 5  7 2.24587160E-01 7.19630569E-03-1.33757027E+00-7.30787977E-02 1.44299998E-01
 5  8 7.94103045E-02 2.41861760E+00 4.16744785E-01-5.22340067E-01-4.69625358E-01
 5  9-5.19215975E-01 2.16248566E-02 1.43838580E-01-4.19979890E-02-1.59350848E-01
 5 10-1.10562560E-01-6.64185096E-02-1.79841135E-02-1.10211835E-02-5.09503245E-02
 5 11-1.23898920E-02 2.84007567E-02-4.94990184E-02 6.93567828E-02 9.53647410E-03
 5 12-1.12915303E+00 5.00999230E-03-1.12308140E-01-1.11079466E-01 1.96466448E+00
 5 13-9.18473538E-02 4.09737391E-01 5.70059579E-01-9.53892934E-01 1.85613188E-01
 5 14-7.64596277E-02-2.15046657E-01 7.14710834E-03-1.59831708E-01 3.90558976E-02
 5 15 5.32206746E-02-5.63487909E-02 1.56281432E-01-8.98029326E-02-1.84364157E-01
 5 16 1.74880663E-01 1.57890821E-01 2.42013648E-02-7.51139660E-02 1.11586235E-01
 5 17 3.93879473E-02 8.89642050E-02 7.05934811E-02 7.10622926E-03 3.65843868E-02
 5 18-4.31678837E-02-1.41614213E-01-6.80322888E-04-3.87524904E-03-3.25972070E-02
 5 19-2.57495156E-01 2.91860411E-01-2.21593003E-02-2.78013318E-02-1.83471903E-02
 5 20 2.05834728E-01 5.97056679E-01-3.78533136E-01 5.28415272E-02-1.14002653E-01
 5 21-2.87941470E-01-3.24365000E-01 2.59291681E-02 1.47727105E-01-8.89502550E-02
 $END   
 POPULATION ANALYSIS
H            0.78126   0.21874   0.87635   0.12365
C            6.55648  -0.55648   6.24262  -0.24262
C            5.99408   0.00592   5.79256   0.20744
O            8.47944  -0.47944   8.45450  -0.45450
H            0.78752   0.21248   0.87715   0.12285
H            0.78516   0.21484   0.87976   0.12024
O            8.49795  -0.49795   8.44832  -0.44832
O            8.68576  -0.68576   8.37683  -0.37683
H            0.65359   0.34641   0.80746   0.19254
H            0.65784   0.34216   0.79265   0.20735
H            0.67767   0.32233   0.78806   0.21194
H            0.78221   0.21779   0.87529   0.12471
H            0.66103   0.33897   0.78846   0.21154
 --- SOLUTE ELECTROSTATIC MOMENTS ---
 MOMENTS AT POINT    1 X,Y,Z=  6.012492  2.717988 -5.559816
 DIPOLE      -0.833559 -1.938426 -1.615417
 --- SYSTEM ELECTROSTATIC MOMENTS ---
 MOMENTS AT POINT    1 X,Y,Z=  6.012492  2.717988 -5.559816
 DIPOLE      -0.833559 -1.938426 -1.615417
 $GRAD  
E=     -306.3400961547  GMAX=   0.0000348  GRMS=   0.0000136
H            1.    5.3698933849E-07   -2.0722875859E-06    2.5174633300E-06
C            6.   -2.4357919348E-05    3.0844600704E-06   -1.2084735572E-05
C            6.    2.4492190600E-05    1.1743037428E-05    2.7546492182E-05
O            8.   -4.5124370546E-06    1.1085415054E-06   -6.5191107744E-06
H            1.   -1.6075163814E-06   -3.1581593723E-06   -5.0891690252E-06
H            1.    9.7656852099E-06    6.2974125815E-06    6.5002857297E-06
O            8.   -3.4775837029E-05   -2.0266511996E-05   -1.4565191954E-05
O            8.   -1.7514204722E-05   -1.1002419606E-06   -3.6419905980E-06
H            1.   -2.7837996972E-06   -7.3134855305E-06   -5.7867728161E-07
H            1.    2.0321036015E-05    2.1677479233E-05    8.0873085343E-06
H            1.    7.4913871884E-06   -2.1388308951E-05   -1.6121412762E-06
H            1.    8.7635488922E-08    2.8424070166E-06   -1.3571763322E-05
H            1.    2.2856790392E-05    8.5456575607E-06    1.3011230028E-05
 $END
 CAUTION, APPROXIMATE HESSIAN!
 $HESS
ENERGY IS     -306.3400961547 E(NUC) IS      199.1996997356
 1  1 2.32575587E-01-4.89844256E-02 5.27477790E-02-2.90258724E-01 8.31904683E-02
 1  2-3.57708138E-02 5.32395679E-02-3.49336605E-02-7.23224036E-03-1.95135001E-02
 1  3-8.72412587E-03-1.88679941E-02 3.18245079E-03-2.15202356E-02-4.50254987E-02
 1  4 3.00054729E-03 1.20927335E-03 1.81606301E-02 4.97428186E-02-1.47254132E-02
 1  5 6.14292429E-03-2.12461648E-02-1.46400029E-02-1.88104410E-02 6.27960652E-03
 1  6 9.14173050E-03 4.67707983E-03 4.06303575E-03 7.47088888E-04 3.07968678E-03
 1  7-3.92053637E-03 1.38514894E-03-3.54009091E-03-7.69998496E-03 4.67651357E-02
 1  8 4.08666291E-02-9.44470349E-03 1.08901808E-03 3.57234978E-03
 2  1-4.89844256E-02 1.65075914E-01 1.00536696E-01 7.40526536E-02-1.94935081E-01
 2  2-9.11484301E-02-1.16348987E-02 4.28790782E-02 3.10181383E-02 1.15639858E-02
 2  3 5.01977185E-03 9.71924885E-03-1.02901133E-03 1.40826121E-03 1.46005762E-03
 2  4-1.17157083E-02-3.31626866E-03-3.15571693E-02-2.10691739E-02 7.72415342E-03
 2  5-2.73312659E-03 9.76664171E-03 6.24435414E-03 6.49929378E-03-2.66386948E-03
 2  6-4.74074142E-03-3.88213108E-04-1.08206701E-03 1.07526917E-03-9.42445664E-04
 2  7-5.52878647E-03-4.44394927E-03-1.75071732E-05 4.64943418E-03-2.29458435E-02
 2  8-2.20010809E-02 3.67522557E-03 9.55082317E-04-4.45462184E-04
 3  1 5.27477790E-02 1.00536696E-01 2.82872112E-01-4.78169511E-02-9.50208541E-02
 3  2-2.91989941E-01-4.28075797E-03-1.42518688E-02-1.04613993E-02-1.61889203E-03
 3  3 2.93396555E-03 5.46362323E-04-3.45986039E-03 4.44592783E-03 1.05048449E-02
 3  4 4.27061237E-03 3.12050995E-03 9.75576393E-03 5.27470432E-03 9.96369859E-04
 3  5-4.12655454E-04-1.08368583E-03-1.06694815E-03-1.71216902E-03 3.39811612E-04
 3  6-5.25740450E-04 1.29831929E-03 7.96319015E-04 1.74752620E-03 3.26243414E-04
 3  7-6.54721016E-03-3.15539730E-03-9.02074013E-04 1.34094454E-03-1.61098519E-04
 3  8-5.17248057E-04 3.71866654E-05 4.00911576E-04 6.91840641E-04
 4  1-2.90258724E-01 7.40526536E-02-4.78169511E-02 1.19914559E+00-9.96301078E-02
 4  2 9.33728529E-02-4.34503984E-01 2.88722245E-02-1.77352615E-03 3.00692812E-03
 4  3 2.31463275E-02-1.58181609E-02-3.43658652E-01-1.18940762E-02 1.67316652E-02
 4  4-2.62837410E-01 4.82946815E-02-8.43552934E-02 7.69746288E-02-2.96744734E-02
 4  5 3.55166891E-04-3.51889014E-02 5.47514034E-02 2.57124577E-02 7.32587896E-04
 4  6-2.88606061E-02-1.16011109E-02 2.63090066E-02-1.39649767E-02-6.87823645E-03
 4  7-2.73683783E-02 2.12463762E-02-9.52747857E-03 1.07296289E-02-5.01301101E-02
 4  8 3.44153253E-02 7.69176812E-02-1.62093164E-02 7.18328937E-03
 5  1 8.31904683E-02-1.94935081E-01-9.50208541E-02-9.96301078E-02 1.08177215E+00
 5  2 2.06249806E-01-7.78026202E-03-3.85168619E-01 2.15562813E-02-1.94735530E-02
 5  3-1.09916229E-02 1.31402248E-02-2.76860448E-03-2.59359536E-01-1.11211238E-01
 5  4 3.76513233E-02-3.24023907E-01-4.89145659E-02-1.62042955E-02 6.62887852E-02
 5  5-3.46261273E-02 2.96679071E-03 1.19589312E-02 1.26523281E-02-2.76187081E-03
 5  6-6.07580640E-03-5.71290937E-03-1.15017347E-02 1.56514542E-03-1.49422772E-03
 5  7 1.83847720E-02-1.94756879E-02 1.21986815E-02-7.07701632E-03 3.61858069E-02
 5  8 2.39679882E-02 2.50040903E-02 2.25944494E-03 7.21461290E-03
 6  1-3.57708138E-02-9.11484301E-02-2.91989941E-01 9.33728529E-02 2.06249806E-01
 6  2 9.64666470E-01-3.64091275E-02 1.03831305E-02-3.62003131E-01-1.28302467E-02
 6  3-3.78119467E-03 2.51391303E-03 1.28465017E-02-1.12668295E-01-1.76148489E-01
 6  4-8.37287794E-02-5.77186257E-02-1.66133811E-01 1.08317003E-02 3.94071395E-02
 6  5-2.73336733E-02-8.67264060E-03 3.72651106E-02 2.62970737E-02-3.12215043E-03
 6  6-1.79018856E-02-1.20899395E-02-8.09650483E-05-7.79105448E-03-5.17771961E-03
 6  7 1.27352431E-02-2.67113462E-03 7.83283584E-03-2.86515375E-03 7.11755817E-03
 6  8 3.30806394E-02 5.36935793E-02-6.74212454E-03 6.48577163E-03
 7  1 5.32395679E-02-1.16348987E-02-4.28075797E-03-4.34503984E-01-7.78026202E-03
 7  2-3.64091275E-02 1.38011987E+00-1.11035646E-02 5.46240870E-02-4.53876448E-01
 7  3 3.27935463E-02-1.01410825E-01-9.95770813E-04-3.12145586E-02 2.46966809E-02
 7  4 7.07760029E-02 3.76654881E-02 2.53117976E-02-4.72635751E-01 5.88657605E-02
 7  5-7.12296382E-03-1.22805530E-01 7.01577287E-02 2.11737017E-02-5.78846888E-03
 7  6-3.75642487E-02-1.69624989E-02 1.21058422E-01-1.69167855E-02 8.53413450E-03
 7  7 8.38078444E-03-6.49879356E-02-5.49273949E-02-3.42262225E-01-7.64513846E-04
 7  8 3.81697684E-02 1.99293532E-01-1.75157560E-02 4.86033984E-02
 8  1-3.49336605E-02 4.28790782E-02-1.42518688E-02 2.88722245E-02-3.85168619E-01
 8  2 1.03831305E-02-1.11035646E-02 1.38615147E+00 1.90330466E-01-3.77497680E-02
 8  3-3.38215660E-01-2.08948783E-02 3.56482762E-04 1.81182160E-02 9.26834920E-03
 8  4 8.06835267E-04-4.18317993E-03 3.31811274E-02 1.83590520E-02-3.86114559E-01
 8  5-1.32944295E-01-6.43987208E-03-2.71590330E-02-2.03238485E-02 5.02492745E-03
 8  6 1.55082398E-02 1.23185722E-03-3.31796861E-02 2.03026959E-02 2.21722591E-02
 8  7 1.02865701E-02 4.82878108E-02-3.08426051E-02 5.20117473E-03-3.95739015E-01
 8  8-7.94044611E-02 5.44992845E-02 5.33255288E-03 3.20947677E-02
 9  1-7.23224036E-03 3.10181383E-02-1.04613993E-02-1.77352615E-03 2.15562813E-02
 9  2-3.62003131E-01 5.46240870E-02 1.90330466E-01 1.48078183E+00-1.11531695E-01
 9  3-6.41460903E-02-2.84593727E-01-8.00588319E-03 5.59569301E-04 1.57932106E-02
 9  4 2.51017023E-02 1.53636269E-02 3.16628614E-02-1.42466367E-02-1.25859343E-01
 9  5-6.00082722E-01-4.08610365E-02-9.03692428E-03-1.89661161E-02 3.34338598E-03
 9  6-1.05976344E-04 1.83111440E-03 6.56503971E-05-7.72903560E-04-1.04011534E-02
 9  7-1.11518489E-02-1.49542112E-02 2.63010663E-02 1.83885944E-02-9.43665521E-02
 9  8-3.45906247E-01 9.32794465E-02 5.04139188E-02 7.60444109E-02
10  1-1.95135001E-02 1.15639858E-02-1.61889203E-03 3.00692812E-03-1.94735530E-02
10  2-1.28302467E-02-4.53876448E-01-3.77497680E-02-1.11531695E-01 1.21021694E+00
10  3 1.45767516E-01 3.89896847E-01 7.98275548E-03-2.30501204E-02-1.36955444E-02
10  4 3.17067530E-02 1.19035765E-02 2.39833085E-02 5.84963417E-02 5.49836141E-02
10  5-4.51256326E-02 3.30643847E-01-1.76204813E-01 1.54506415E-01 8.11477629E-02
10  6 1.29169764E-01 3.64263243E-02-1.40779039E-01 2.47782847E-02-5.37436299E-02
10  7 3.62612855E-02-2.50459932E-02 2.44329567E-02-6.39654614E-03 3.08115429E-02
10  8 5.85726492E-02-1.13889708E+00-1.27454037E-01-4.49272860E-01
11  1-8.72412587E-03 5.01977185E-03 2.93396555E-03 2.31463275E-02-1.09916229E-02
11  2-3.78119467E-03 3.27935463E-02-3.38215660E-01-6.41460903E-02 1.45767516E-01
11  3 5.08877226E-01 4.03398303E-02-6.40380758E-03-8.70939449E-03-7.99050919E-03
11  4 3.72598906E-03 7.06830536E-03 2.23596564E-03 4.28133065E-02 9.66921822E-03
11  5-1.65724481E-02 9.67435052E-02-2.46719161E-02 6.35901242E-03 1.05180661E-03
11  6 2.02343388E-02 1.96275269E-02-2.40652758E-02 2.07161901E-02 8.14731364E-04
11  7-2.70245693E-02-3.29779701E-02-3.89115700E-03-4.20521481E-03 4.93615623E-02
11  8 1.17962598E-02-2.75619003E-01-2.05380049E-01 1.22741073E-02
12  1-1.88679941E-02 9.71924885E-03 5.46362323E-04-1.58181609E-02 1.31402248E-02
12  2 2.51391303E-03-1.01410825E-01-2.08948783E-02-2.84593727E-01 3.89896847E-01
12  3 4.03398303E-02 6.82753394E-01 2.84715312E-03-1.90986038E-02-1.39113682E-02
12  4 2.01990570E-02 9.62605763E-03 1.57965886E-02 3.61166277E-02-6.64859341E-02
12  5 1.83121078E-02 1.77160471E-01-7.58083293E-02 6.80897002E-02 3.57460477E-02
12  6 6.26231002E-02 2.32146915E-02-4.40145797E-02 1.19460905E-02-2.23869238E-02
12  7-1.07158075E-02 1.88086163E-02-1.03702819E-02-1.71982810E-03 1.09521342E-02
12  8 5.64960921E-02-4.69419008E-01 5.13244263E-03-5.36460548E-01
13  1 3.18245079E-03-1.02901133E-03-3.45986039E-03-3.43658652E-01-2.76860448E-03
13  2 1.28465017E-02-9.95770813E-04 3.56482762E-04-8.00588319E-03 7.98275548E-03
13  3-6.40380758E-03 2.84715312E-03 3.48421361E-01 1.48466778E-02-1.74258072E-03
13  4-7.39480551E-03-8.27795207E-03-1.17088395E-03-2.55330263E-02-2.03733123E-03
13  5 2.42974864E-03 6.34062305E-03-3.31505876E-03 3.14128769E-03-1.02743324E-03
13  6 5.15615207E-03-3.49254229E-03-3.14216790E-03-4.81867616E-03-5.78909100E-04
13  7 2.39844209E-02 1.38462191E-02 2.79020205E-03-2.97122880E-03-6.52936014E-03
13  8-4.34410437E-03-5.18852639E-03 9.74270021E-04-1.26012915E-03
14  1-2.15202356E-02 1.40826121E-03 4.44592783E-03-1.18940762E-02-2.59359536E-01
14  2-1.12668295E-01-3.12145586E-02 1.81182160E-02 5.59569301E-04-2.30501204E-02
14  3-8.70939449E-03-1.90986038E-02 1.48466778E-02 2.04917304E-01 8.97610980E-02
14  4 4.24951987E-02 2.08239082E-02 3.88396619E-03 3.87482268E-02-1.14693036E-02
14  5 4.89271417E-04-1.44050278E-02 3.29252519E-03-1.57817315E-03 2.43424862E-03
14  6-3.42219405E-04-1.67557788E-03 1.69369975E-03-2.10070137E-03-5.25470742E-05
14  7 4.00641628E-03 5.52326043E-04 1.25128918E-03-6.85377028E-03 3.84363035E-02
14  8 3.64408284E-02 4.71332077E-03-5.56768901E-03-1.75875373E-03
15  1-4.50254987E-02 1.46005762E-03 1.05048449E-02 1.67316652E-02-1.11211238E-01
15  2-1.76148489E-01 2.46966809E-02 9.26834920E-03 1.57932106E-02-1.36955444E-02
15  3-7.99050919E-03-1.39113682E-02-1.74258072E-03 8.97610980E-02 1.40245140E-01
15  4 1.95962532E-03 4.88560616E-04-3.07409598E-04 2.86092825E-02-9.35605519E-03
15  5 1.99262219E-03-1.09438335E-02-1.06276920E-03-5.01716482E-03 2.48287359E-03
15  6 1.83599250E-03 4.09720988E-04 1.60145201E-03-1.27380073E-03 6.84036186E-04
15  7 9.81851303E-04 3.97391968E-04-5.56410066E-04-5.44739025E-03 2.95985333E-02
15  8 2.61723993E-02-2.08583266E-04-1.91561089E-03 1.38867025E-04
16  1 3.00054729E-03-1.17157083E-02 4.27061237E-03-2.62837410E-01 3.76513233E-02
16  2-8.37287794E-02 7.07760029E-02 8.06835267E-04 2.51017023E-02 3.17067530E-02
16  3 3.72598906E-03 2.01990570E-02-7.39480551E-03 4.24951987E-02 1.95962532E-03
16  4 2.22379782E-01-6.55201355E-02 6.12193573E-02-3.68232688E-02 1.73292640E-03
16  5 1.10351480E-02 1.01863551E-02-3.93002494E-02-2.67919136E-02 3.00208932E-03
16  6 2.07964387E-02 1.11579817E-02 4.03895009E-04 5.57317626E-03 5.47198348E-03
16  7-3.29952295E-03 9.64139013E-03-8.43594234E-03 3.46255040E-03-2.57744343E-02
16  8-3.26625385E-02-3.45629687E-02 1.98872495E-02 1.12037063E-02
17  1 1.20927335E-03-3.31626866E-03 3.12050995E-03 4.82946815E-02-3.24023907E-01
17  2-5.77186257E-02 3.76654881E-02-4.18317993E-03 1.53636269E-02 1.19035765E-02
17  3 7.06830536E-03 9.62605763E-03-8.27795207E-03 2.08239082E-02 4.88560616E-04
17  4-6.55201355E-02 3.11629321E-01 4.52340937E-02-4.13243142E-03 3.32180794E-03
17  5 3.55113519E-03 1.77263946E-03-1.69252432E-02-1.47778947E-02 1.91904795E-03
17  6 6.52766274E-03 7.79352870E-03 2.18706414E-03 6.13636635E-03 3.01944386E-03
17  7-1.79051696E-02-4.69114295E-03-5.97600019E-03 4.28838040E-03-1.16695603E-02
17  8-1.60734249E-02-1.34044628E-02 9.30193034E-03 6.34898878E-03
18  1 1.81606301E-02-3.15571693E-02 9.75576393E-03-8.43552934E-02-4.89145659E-02
18  2-1.66133811E-01 2.53117976E-02 3.31811274E-02 3.16628614E-02 2.39833085E-02
18  3 2.23596564E-03 1.57965886E-02-1.17088395E-03 3.88396619E-03-3.07409598E-04
18  4 6.12193573E-02 4.52340937E-02 1.30153118E-01-2.93039388E-02 2.47928042E-03
18  5 9.27372152E-03 9.45066912E-03-3.03191987E-02-1.96949680E-02 2.25928090E-03
18  6 1.68475167E-02 8.03209254E-03-1.09400101E-03 2.44262314E-03 3.64547941E-03
18  7 8.75046539E-04 1.05644944E-02-5.47831068E-03 2.46150533E-03-2.07212456E-02
18  8-2.43666081E-02-2.77974782E-02 1.46431120E-02 7.66148151E-03
19  1 4.97428186E-02-2.10691739E-02 5.27470432E-03 7.69746288E-02-1.62042955E-02
19  2 1.08317003E-02-4.72635751E-01 1.83590520E-02-1.42466367E-02 5.84963417E-02
19  3 4.28133065E-02 3.61166277E-02-2.55330263E-02 3.87482268E-02 2.86092825E-02
19  4-3.68232688E-02-4.13243142E-03-2.93039388E-02 1.07983872E+00-2.34951568E-02
19  5 7.57098520E-02 2.69843576E-01-4.86833845E-02 4.76936926E-02 5.54775026E-02
19  6-2.36229759E-02 9.74770970E-03-5.07453237E-01 9.68914320E-02-6.07096857E-02
19  7-4.95117656E-01-3.67205779E-02-7.17804597E-03 1.62062307E-02-2.68357410E-02
19  8-7.42186468E-02-6.90168759E-02 3.95171965E-03-2.83266151E-02
20  1-1.47254132E-02 7.72415342E-03 9.96369859E-04-2.96744734E-02 6.62887852E-02
20  2 3.94071395E-02 5.88657605E-02-3.86114559E-01-1.25859343E-01 5.49836141E-02
20  3 9.66921822E-03-6.64859341E-02-2.03733123E-03-1.14693036E-02-9.35605519E-03
20  4 1.73292640E-03 3.32180794E-03 2.47928042E-03-2.34951568E-02 7.63707662E-01
20  5 1.46981336E-01 7.59931270E-02-3.34330594E-02 2.04931095E-03-1.34824590E-02
20  6 1.22261665E-02 2.43594903E-02-1.04628328E-02-6.75591937E-02-5.21504140E-02
20  7-4.92449021E-02-3.66083919E-01 3.79870550E-02 4.26445970E-03-1.58340681E-02
20  8 2.10956555E-04-5.27173191E-02 1.75563096E-02-6.19191829E-04
21  1 6.14292429E-03-2.73312659E-03-4.12655454E-04 3.55166891E-04-3.46261273E-02
21  2-2.73336733E-02-7.12296382E-03-1.32944295E-01-6.00082722E-01-4.51256326E-02
21  3-1.65724481E-02 1.83121078E-02 2.42974864E-03 4.89271417E-04 1.99262219E-03
21  4 1.10351480E-02 3.55113519E-03 9.27372152E-03 7.57098520E-02 1.46981336E-01
21  5 9.02918765E-01 1.10884768E-01 4.36306879E-03 7.36225249E-02 4.33612878E-03
21  6-1.67594160E-02-1.07787964E-02-1.86174742E-01 2.86583094E-02-1.20207174E-01
21  7-9.49005027E-03 1.61094237E-02-2.56927483E-01-2.24907880E-03 1.38342053E-02
21  8 9.86184668E-03 3.92687309E-02-1.03513358E-02-2.39084298E-04
22  1-2.12461648E-02 9.76664171E-03-1.08368583E-03-3.51889014E-02 2.96679071E-03
22  2-8.67264060E-03-1.22805530E-01-6.43987208E-03-4.08610365E-02 3.30643847E-01
22  3 9.67435052E-02 1.77160471E-01 6.34062305E-03-1.44050278E-02-1.09438335E-02
22  4 1.01863551E-02 1.77263946E-03 9.45066912E-03 2.69843576E-01 7.59931270E-02
22  5 1.10884768E-01 8.26010787E-01 8.01436623E-02 2.52609149E-01-9.95020363E-02
22  6-3.41638322E-02-9.59679923E-02-8.05169204E-01 8.11205704E-03-1.46606317E-01
22  7 5.22371381E-02-8.53880555E-02-8.14248127E-02 5.20223755E-03-4.77515414E-02
22  8 3.82652859E-02-4.16552726E-01-8.73500945E-02-2.02810024E-01
23  1-1.46400029E-02 6.24435414E-03-1.06694815E-03 5.47514034E-02 1.19589312E-02
23  2 3.72651106E-02 7.01577287E-02-2.71590330E-02-9.03692428E-03-1.76204813E-01
23  3-2.46719161E-02-7.58083293E-02-3.31505876E-03 3.29252519E-03-1.06276920E-03
23  4-3.93002494E-02-1.69252432E-02-3.03191987E-02-4.86833845E-02-3.34330594E-02
23  5 4.36306879E-03 8.01436623E-02 9.61771909E-01-6.86085258E-02-3.31735132E-02
23  6-2.36282972E-01 7.98036517E-02-3.54858317E-02-6.78081044E-01-5.28261126E-02
23  7-2.34377831E-02 3.87959637E-02-8.19349542E-04-7.59995408E-03 3.66774415E-02
23  8-7.71532361E-03 1.76787796E-01-4.21878563E-02 1.25831650E-01
24  1-1.88104410E-02 6.49929378E-03-1.71216902E-03 2.57124577E-02 1.26523281E-02
24  2 2.62970737E-02 2.11737017E-02-2.03238485E-02-1.89661161E-02 1.54506415E-01
24  3 6.35901242E-03 6.80897002E-02 3.14128769E-03-1.57817315E-03-5.01716482E-03
24  4-2.67919136E-02-1.47778947E-02-1.96949680E-02 4.76936926E-02 2.04931095E-03
24  5 7.36225249E-02 2.52609149E-01-6.86085258E-02 7.23671322E-01-6.60108696E-02
24  6 1.38173906E-02-3.38137665E-01-2.17772450E-01-1.22238794E-02-3.83314166E-01
24  7 2.43122178E-02 1.70676361E-02-2.03592811E-02-7.20124437E-03 1.68704869E-02
24  8 4.22453479E-03-1.92562003E-01 4.21968626E-02-1.08703625E-01
25  1 6.27960652E-03-2.66386948E-03 3.39811612E-04 7.32587896E-04-2.76187081E-03
25  2-3.12215043E-03-5.78846888E-03 5.02492745E-03 3.34338598E-03 8.11477629E-02
25  3 1.05180661E-03 3.57460477E-02-1.02743324E-03 2.43424862E-03 2.48287359E-03
25  4 3.00208932E-03 1.91904795E-03 2.25928090E-03 5.54775026E-02-1.34824590E-02
25  5 4.33612878E-03-9.95020363E-02-3.31735132E-02-6.60108696E-02 1.73604415E-01
25  6 1.94040436E-02 6.56165077E-02-1.06974816E-01 1.97104172E-02 7.09051435E-03
25  7-7.18015764E-03-3.05179800E-03 6.09730896E-04 2.97617146E-04 4.11322921E-03
25  8-5.72653674E-03-1.00068669E-01 1.47578986E-03-4.69647248E-02
26  1 9.14173050E-03-4.74074142E-03-5.25740450E-04-2.88606061E-02-6.07580640E-03
26  2-1.79018856E-02-3.75642487E-02 1.55082398E-02-1.05976344E-04 1.29169764E-01
26  3 2.02343388E-02 6.26231002E-02 5.15615207E-03-3.42219405E-04 1.83599250E-03
26  4 2.07964387E-02 6.52766274E-03 1.68475167E-02-2.36229759E-02 1.22261665E-02
26  5-1.67594160E-02-3.41638322E-02-2.36282972E-01 1.38173906E-02 1.94040436E-02
26  6 2.42446375E-01-7.39979302E-02 5.14606548E-02-2.53253986E-02 9.28607953E-02
26  7 2.34445900E-02-3.83738798E-03 1.21796162E-02 2.02641837E-03-1.81013704E-02
26  8 3.66522791E-03-1.36388129E-01-2.23688646E-03-9.45386908E-02
27  1 4.67707983E-03-3.88213108E-04 1.29831929E-03-1.16011109E-02-5.71290937E-03
27  2-1.20899395E-02-1.69624989E-02 1.23185722E-03 1.83111440E-03 3.64263243E-02
27  3 1.96275269E-02 2.32146915E-02-3.49254229E-03-1.67557788E-03 4.09720988E-04
27  4 1.11579817E-02 7.79352870E-03 8.03209254E-03 9.74770970E-03 2.43594903E-02
27  5-1.07787964E-02-9.59679923E-02 7.98036517E-02-3.38137665E-01 6.56165077E-02
27  6-7.39979302E-02 3.09254262E-01 5.84759248E-02-1.60418309E-02 4.56995438E-02
27  7-2.51250476E-02-1.82581211E-02 3.95149675E-03 5.29308486E-03-1.29668130E-02
27  8 3.30623602E-03-3.82454209E-02-3.77465929E-03-3.59910761E-02
28  1 4.06303575E-03-1.08206701E-03 7.96319015E-04 2.63090066E-02-1.15017347E-02
28  2-8.09650483E-05 1.21058422E-01-3.31796861E-02 6.56503971E-05-1.40779039E-01
28  3-2.40652758E-02-4.40145797E-02-3.14216790E-03 1.69369975E-03 1.60145201E-03
28  4 4.03895009E-04 2.18706414E-03-1.09400101E-03-5.07453237E-01-1.04628328E-02
28  5-1.86174742E-01-8.05169204E-01-3.54858317E-02-2.17772450E-01-1.06974816E-01
28  6 5.14606548E-02 5.84759248E-02 1.24421332E+00-8.50301626E-02 1.70885590E-01
28  7-4.57503464E-02 8.58740009E-02 1.35047713E-01-3.95593914E-03 3.51198227E-02
28  8-2.02696415E-02 2.17177067E-01 2.44723484E-02 1.02533730E-01
29  1 7.47088888E-04 1.07526917E-03 1.74752620E-03-1.39649767E-02 1.56514542E-03
29  2-7.79105448E-03-1.69167855E-02 2.03026959E-02-7.72903560E-04 2.47782847E-02
29  3 2.07161901E-02 1.19460905E-02-4.81867616E-03-2.10070137E-03-1.27380073E-03
29  4 5.57317626E-03 6.13636635E-03 2.44262314E-03 9.68914320E-02-6.75591937E-02
29  5 2.86583094E-02 8.11205704E-03-6.78081044E-01-1.22238794E-02 1.97104172E-02
29  6-2.53253986E-02-1.60418309E-02-8.50301626E-02 7.70864540E-01 2.67294180E-02
29  7-6.70395196E-03-2.64382582E-02-1.53219014E-02 5.28483803E-03-1.53240599E-02
29  8 3.72783376E-03-3.36627413E-02-5.83155113E-03-2.18264306E-02
30  1 3.07968678E-03-9.42445664E-04 3.26243414E-04-6.87823645E-03-1.49422772E-03
30  2-5.17771961E-03 8.53413450E-03 2.21722591E-02-1.04011534E-02-5.37436299E-02
30  3 8.14731364E-04-2.23869238E-02-5.78909100E-04-5.25470742E-05 6.84036186E-04
30  4 5.47198348E-03 3.01944386E-03 3.64547941E-03-6.07096857E-02-5.21504140E-02
30  5-1.20207174E-01-1.46606317E-01-5.28261126E-02-3.83314166E-01 7.09051435E-03
30  6 9.28607953E-02 4.56995438E-02 1.70885590E-01 2.67294180E-02 4.33016293E-01
30  7-6.04984943E-03 1.06467712E-02 3.14767048E-02 1.61619428E-03-5.42583330E-03
30  8-2.24751185E-04 7.78885251E-02-4.33518384E-02 2.68635875E-02
31  1-3.92053637E-03-5.52878647E-03-6.54721016E-03-2.73683783E-02 1.83847720E-02
31  2 1.27352431E-02 8.38078444E-03 1.02865701E-02-1.11518489E-02 3.62612855E-02
31  3-2.70245693E-02-1.07158075E-02 2.39844209E-02 4.00641628E-03 9.81851303E-04
31  4-3.29952295E-03-1.79051696E-02 8.75046539E-04-4.95117656E-01-4.92449021E-02
31  5-9.49005027E-03 5.22371381E-02-2.34377831E-02 2.43122178E-02-7.18015764E-03
31  6 2.34445900E-02-2.51250476E-02-4.57503464E-02-6.70395196E-03-6.04984943E-03
31  7 4.88387204E-01 7.94765894E-02 2.22010771E-02-1.25061422E-02-1.26650954E-02
31  8 9.43906419E-03-1.41080928E-02 6.91132021E-03-1.46468618E-03
32  1 1.38514894E-03-4.44394927E-03-3.15539730E-03 2.12463762E-02-1.94756879E-02
32  2-2.67113462E-03-6.49879356E-02 4.82878108E-02-1.49542112E-02-2.50459932E-02
32  3-3.29779701E-02 1.88086163E-02 1.38462191E-02 5.52326043E-04 3.97391968E-04
32  4 9.64139013E-03-4.69114295E-03 1.05644944E-02-3.67205779E-02-3.66083919E-01
32  5 1.61094237E-02-8.53880555E-02 3.87959637E-02 1.70676361E-02-3.05179800E-03
32  6-3.83738798E-03-1.82581211E-02 8.58740009E-02-2.64382582E-02 1.06467712E-02
32  7 7.94765894E-02 3.34326988E-01-5.98748882E-03-1.45498828E-02 4.94540763E-02
32  8-1.92062170E-02 1.82745184E-02-1.34688496E-02-9.36176351E-03
33  1-3.54009091E-03-1.75071732E-05-9.02074013E-04-9.52747857E-03 1.21986815E-02
33  2 7.83283584E-03-5.49273949E-02-3.08426051E-02 2.63010663E-02 2.44329567E-02
33  3-3.89115700E-03-1.03702819E-02 2.79020205E-03 1.25128918E-03-5.56410066E-04
33  4-8.43594234E-03-5.97600019E-03-5.47831068E-03-7.17804597E-03 3.79870550E-02
33  5-2.56927483E-01-8.14248127E-02-8.19349542E-04-2.03592811E-02 6.09730896E-04
33  6 1.21796162E-02 3.95149675E-03 1.35047713E-01-1.53219014E-02 3.14767048E-02
33  7 2.22010771E-02-5.98748882E-03 2.11136341E-01-4.83614987E-04-1.25553125E-02
33  8 8.07187685E-03-1.95642993E-02 1.17946799E-02 5.82351843E-03
34  1-7.69998496E-03 4.64943418E-03 1.34094454E-03 1.07296289E-02-7.07701632E-03
34  2-2.86515375E-03-3.42262225E-01 5.20117473E-03 1.83885944E-02-6.39654614E-03
34  3-4.20521481E-03-1.71982810E-03-2.97122880E-03-6.85377028E-03-5.44739025E-03
34  4 3.46255040E-03 4.28838040E-03 2.46150533E-03 1.62062307E-02 4.26445970E-03
34  5-2.24907880E-03 5.20223755E-03-7.59995408E-03-7.20124437E-03 2.97617146E-04
34  6 2.02641837E-03 5.29308486E-03-3.95593914E-03 5.28483803E-03 1.61619428E-03
34  7-1.25061422E-02-1.45498828E-02-4.83614987E-04 3.47577170E-01 8.37184638E-03
34  8-1.27408315E-02-7.68336868E-03 6.19928646E-03 3.60681833E-03
35  1 4.67651357E-02-2.29458435E-02-1.61098519E-04-5.01301101E-02 3.61858069E-02
35  2 7.11755817E-03-7.64513846E-04-3.95739015E-01-9.43665521E-02 3.08115429E-02
35  3 4.93615623E-02 1.09521342E-02-6.52936014E-03 3.84363035E-02 2.95985333E-02
35  4-2.57744343E-02-1.16695603E-02-2.07212456E-02-2.68357410E-02-1.58340681E-02
35  5 1.38342053E-02-4.77515414E-02 3.66774415E-02 1.68704869E-02 4.11322921E-03
35  6-1.81013704E-02-1.29668130E-02 3.51198227E-02-1.53240599E-02-5.42583330E-03
35  7-1.26650954E-02 4.94540763E-02-1.25553125E-02 8.37184638E-03 2.99277913E-01
35  8 7.85810571E-02 4.52692192E-02-2.97791860E-02-1.07571199E-02
36  1 4.08666291E-02-2.20010809E-02-5.17248057E-04 3.44153253E-02 2.39679882E-02
36  2 3.30806394E-02 3.81697684E-02-7.94044611E-02-3.45906247E-01 5.85726492E-02
36  3 1.17962598E-02 5.64960921E-02-4.34410437E-03 3.64408284E-02 2.61723993E-02
36  4-3.26625385E-02-1.60734249E-02-2.43666081E-02-7.42186468E-02 2.10956555E-04
36  5 9.86184668E-03 3.82652859E-02-7.71532361E-03 4.22453479E-03-5.72653674E-03
36  6 3.66522791E-03 3.30623602E-03-2.02696415E-02 3.72783376E-03-2.24751185E-04
36  7 9.43906419E-03-1.92062170E-02 8.07187685E-03-1.27408315E-02 7.85810571E-02
36  8 2.68322441E-01-6.97664226E-02-1.39896442E-02-3.85212117E-02
37  1-9.44470349E-03 3.67522557E-03 3.71866654E-05 7.69176812E-02 2.50040903E-02
37  2 5.36935793E-02 1.99293532E-01 5.44992845E-02 9.32794465E-02-1.13889708E+00
37  3-2.75619003E-01-4.69419008E-01-5.18852639E-03 4.71332077E-03-2.08583266E-04
37  4-3.45629687E-02-1.34044628E-02-2.77974782E-02-6.90168759E-02-5.27173191E-02
37  5 3.92687309E-02-4.16552726E-01 1.76787796E-01-1.92562003E-01-1.00068669E-01
37  6-1.36388129E-01-3.82454209E-02 2.17177067E-01-3.36627413E-02 7.78885251E-02
37  7-1.41080928E-02 1.82745184E-02-1.95642993E-02-7.68336868E-03 4.52692192E-02
37  8-6.97664226E-02 1.30213473E+00 1.83568201E-01 5.53395747E-01
38  1 1.08901808E-03 9.55082317E-04 4.00911576E-04-1.62093164E-02 2.25944494E-03
38  2-6.74212454E-03-1.75157560E-02 5.33255288E-03 5.04139188E-02-1.27454037E-01
38  3-2.05380049E-01 5.13244263E-03 9.74270021E-04-5.56768901E-03-1.91561089E-03
38  4 1.98872495E-02 9.30193034E-03 1.46431120E-02 3.95171965E-03 1.75563096E-02
38  5-1.03513358E-02-8.73500945E-02-4.21878563E-02 4.21968626E-02 1.47578986E-03
38  6-2.23688646E-03-3.77465929E-03 2.44723484E-02-5.83155113E-03-4.33518384E-02
38  7 6.91132021E-03-1.34688496E-02 1.17946799E-02 6.19928646E-03-2.97791860E-02
38  8-1.39896442E-02 1.83568201E-01 2.69046748E-01-4.44567143E-02
39  1 3.57234978E-03-4.45462184E-04 6.91840641E-04 7.18328937E-03 7.21461290E-03
39  2 6.48577163E-03 4.86033984E-02 3.20947677E-02 7.60444109E-02-4.49272860E-01
39  3 1.22741073E-02-5.36460548E-01-1.26012915E-03-1.75875373E-03 1.38867025E-04
39  4 1.12037063E-02 6.34898878E-03 7.66148151E-03-2.83266151E-02-6.19191829E-04
39  5-2.39084298E-04-2.02810024E-01 1.25831650E-01-1.08703625E-01-4.69647248E-02
39  6-9.45386908E-02-3.59910761E-02 1.02533730E-01-2.18264306E-02 2.68635875E-02
39  7-1.46468618E-03-9.36176351E-03 5.82351843E-03 3.60681833E-03-1.07571199E-02
39  8-3.85212117E-02 5.53395747E-01-4.44567143E-02 5.96206069E-01
 $END
 $VIB   
         IVIB=   0 IATOM=   0 ICOORD=   0 E=     -306.3400961547
 5.369893385E-07-2.072287586E-06 2.517463330E-06-2.435791935E-05 3.084460070E-06
-1.208473557E-05 2.449219060E-05 1.174303743E-05 2.754649218E-05-4.512437055E-06
 1.108541505E-06-6.519110774E-06-1.607516381E-06-3.158159372E-06-5.089169025E-06
 9.765685210E-06 6.297412581E-06 6.500285730E-06-3.477583703E-05-2.026651200E-05
-1.456519195E-05-1.751420472E-05-1.100241961E-06-3.641990598E-06-2.783799697E-06
-7.313485530E-06-5.786772816E-07 2.032103601E-05 2.167747923E-05 8.087308534E-06
 7.491387188E-06-2.138830895E-05-1.612141276E-06 8.763548892E-08 2.842407017E-06
-1.357176332E-05 2.285679039E-05 8.545657561E-06 1.301123003E-05
-8.335589794E-01-1.938426102E+00-1.615417492E+00
 $END
 --- SOLUTE ELECTROSTATIC MOMENTS ---
 MOMENTS AT POINT    1 X,Y,Z=  6.012618  2.717988 -5.559816
 DIPOLE      -0.830656 -1.939603 -1.616539
 --- SOLUTE ELECTROSTATIC MOMENTS ---
 MOMENTS AT POINT    1 X,Y,Z=  6.012492  2.718114 -5.559816
 DIPOLE      -0.834593 -1.936547 -1.617426
 --- SOLUTE ELECTROSTATIC MOMENTS ---
 MOMENTS AT POINT    1 X,Y,Z=  6.012492  2.717988 -5.559690
 DIPOLE      -0.834382 -1.939613 -1.616943
 --- SOLUTE ELECTROSTATIC MOMENTS ---
 MOMENTS AT POINT    1 X,Y,Z=  6.013991  2.717988 -5.559816
 DIPOLE      -0.833002 -1.939348 -1.613666
 --- SOLUTE ELECTROSTATIC MOMENTS ---
 MOMENTS AT POINT    1 X,Y,Z=  6.012492  2.719487 -5.559816
 DIPOLE      -0.834272 -1.940527 -1.613515
 --- SOLUTE ELECTROSTATIC MOMENTS ---
 MOMENTS AT POINT    1 X,Y,Z=  6.012492  2.717988 -5.558317
 DIPOLE      -0.832669 -1.936085 -1.620761
 --- SOLUTE ELECTROSTATIC MOMENTS ---
 MOMENTS AT POINT    1 X,Y,Z=  6.013991  2.717988 -5.559816
 DIPOLE      -0.816919 -1.942145 -1.611494
 --- SOLUTE ELECTROSTATIC MOMENTS ---
 MOMENTS AT POINT    1 X,Y,Z=  6.012492  2.719487 -5.559816
 DIPOLE      -0.838939 -1.901180 -1.609298
 --- SOLUTE ELECTROSTATIC MOMENTS ---
 MOMENTS AT POINT    1 X,Y,Z=  6.012492  2.717988 -5.558317
 DIPOLE      -0.831389 -1.934407 -1.583163
 --- SOLUTE ELECTROSTATIC MOMENTS ---
 MOMENTS AT POINT    1 X,Y,Z=  6.014490  2.717988 -5.559816
 DIPOLE      -0.852022 -1.934130 -1.616640
 --- SOLUTE ELECTROSTATIC MOMENTS ---
 MOMENTS AT POINT    1 X,Y,Z=  6.012492  2.719986 -5.559816
 DIPOLE      -0.830864 -1.972779 -1.615762
 --- SOLUTE ELECTROSTATIC MOMENTS ---
 MOMENTS AT POINT    1 X,Y,Z=  6.012492  2.717988 -5.557817
 DIPOLE      -0.836480 -1.935636 -1.637832
 --- SOLUTE ELECTROSTATIC MOMENTS ---
 MOMENTS AT POINT    1 X,Y,Z=  6.012618  2.717988 -5.559816
 DIPOLE      -0.836573 -1.939733 -1.615631
 --- SOLUTE ELECTROSTATIC MOMENTS ---
 MOMENTS AT POINT    1 X,Y,Z=  6.012492  2.718114 -5.559816
 DIPOLE      -0.833827 -1.935867 -1.614865
 --- SOLUTE ELECTROSTATIC MOMENTS ---
 MOMENTS AT POINT    1 X,Y,Z=  6.012492  2.717988 -5.559690
 DIPOLE      -0.835300 -1.938324 -1.613306
 --- SOLUTE ELECTROSTATIC MOMENTS ---
 MOMENTS AT POINT    1 X,Y,Z=  6.012618  2.717988 -5.559816
 DIPOLE      -0.831993 -1.935986 -1.614897
 --- SOLUTE ELECTROSTATIC MOMENTS ---
 MOMENTS AT POINT    1 X,Y,Z=  6.012492  2.718114 -5.559816
 DIPOLE      -0.831660 -1.939853 -1.614956
 --- SOLUTE ELECTROSTATIC MOMENTS ---
 MOMENTS AT POINT    1 X,Y,Z=  6.012492  2.717988 -5.559690
 DIPOLE      -0.832695 -1.939170 -1.612865
 --- SOLUTE ELECTROSTATIC MOMENTS ---
 MOMENTS AT POINT    1 X,Y,Z=  6.014490  2.717988 -5.559816
 DIPOLE      -0.846406 -1.938959 -1.620797
 --- SOLUTE ELECTROSTATIC MOMENTS ---
 MOMENTS AT POINT    1 X,Y,Z=  6.012492  2.719986 -5.559816
 DIPOLE      -0.832766 -1.966447 -1.617834
 --- SOLUTE ELECTROSTATIC MOMENTS ---
 MOMENTS AT POINT    1 X,Y,Z=  6.012492  2.717988 -5.557817
 DIPOLE      -0.835480 -1.942950 -1.646731
 --- SOLUTE ELECTROSTATIC MOMENTS ---
 MOMENTS AT POINT    1 X,Y,Z=  6.014490  2.717988 -5.559816
 DIPOLE      -0.856712 -1.939550 -1.609702
 --- SOLUTE ELECTROSTATIC MOMENTS ---
 MOMENTS AT POINT    1 X,Y,Z=  6.012492  2.719986 -5.559816
 DIPOLE      -0.833978 -1.962354 -1.610643
 --- SOLUTE ELECTROSTATIC MOMENTS ---
 MOMENTS AT POINT    1 X,Y,Z=  6.012492  2.717988 -5.557817
 DIPOLE      -0.828758 -1.934153 -1.636832
 --- SOLUTE ELECTROSTATIC MOMENTS ---
 MOMENTS AT POINT    1 X,Y,Z=  6.012618  2.717988 -5.559816
 DIPOLE      -0.821683 -1.938451 -1.617221
 --- SOLUTE ELECTROSTATIC MOMENTS ---
 MOMENTS AT POINT    1 X,Y,Z=  6.012492  2.718114 -5.559816
 DIPOLE      -0.833939 -1.927778 -1.616010
 --- SOLUTE ELECTROSTATIC MOMENTS ---
 MOMENTS AT POINT    1 X,Y,Z=  6.012492  2.717988 -5.559690
 DIPOLE      -0.835124 -1.937334 -1.608196
 --- SOLUTE ELECTROSTATIC MOMENTS ---
 MOMENTS AT POINT    1 X,Y,Z=  6.012618  2.717988 -5.559816
 DIPOLE      -0.822482 -1.937744 -1.618505
 --- SOLUTE ELECTROSTATIC MOMENTS ---
 MOMENTS AT POINT    1 X,Y,Z=  6.012492  2.718114 -5.559816
 DIPOLE      -0.832367 -1.923386 -1.621231
 --- SOLUTE ELECTROSTATIC MOMENTS ---
 MOMENTS AT POINT    1 X,Y,Z=  6.012492  2.717988 -5.559690
 DIPOLE      -0.836294 -1.943455 -1.603398
 --- SOLUTE ELECTROSTATIC MOMENTS ---
 MOMENTS AT POINT    1 X,Y,Z=  6.012618  2.717988 -5.559816
 DIPOLE      -0.827355 -1.939771 -1.614107
 --- SOLUTE ELECTROSTATIC MOMENTS ---
 MOMENTS AT POINT    1 X,Y,Z=  6.012492  2.718114 -5.559816
 DIPOLE      -0.833952 -1.926466 -1.616059
 --- SOLUTE ELECTROSTATIC MOMENTS ---
 MOMENTS AT POINT    1 X,Y,Z=  6.012492  2.717988 -5.559690
 DIPOLE      -0.830709 -1.938663 -1.606418
 --- SOLUTE ELECTROSTATIC MOMENTS ---
 MOMENTS AT POINT    1 X,Y,Z=  6.012618  2.717988 -5.559816
 DIPOLE      -0.836648 -1.938196 -1.615325
 --- SOLUTE ELECTROSTATIC MOMENTS ---
 MOMENTS AT POINT    1 X,Y,Z=  6.012492  2.718114 -5.559816
 DIPOLE      -0.833649 -1.939123 -1.615362
 --- SOLUTE ELECTROSTATIC MOMENTS ---
 MOMENTS AT POINT    1 X,Y,Z=  6.012492  2.717988 -5.559690
 DIPOLE      -0.832683 -1.938618 -1.615365
 --- SOLUTE ELECTROSTATIC MOMENTS ---
 MOMENTS AT POINT    1 X,Y,Z=  6.012618  2.717988 -5.559816
 DIPOLE      -0.823806 -1.935874 -1.615867
 --- SOLUTE ELECTROSTATIC MOMENTS ---
 MOMENTS AT POINT    1 X,Y,Z=  6.012492  2.718114 -5.559816
 DIPOLE      -0.831487 -1.927194 -1.617376
 --- SOLUTE ELECTROSTATIC MOMENTS ---
 MOMENTS AT POINT    1 X,Y,Z=  6.012492  2.717988 -5.559690
 DIPOLE      -0.834258 -1.941179 -1.598598
 --- SOLUTE ELECTROSTATIC MOMENTS ---
 MOMENTS AT POINT    1 X,Y,Z=  6.012366  2.717988 -5.559816
 DIPOLE      -0.836484 -1.937275 -1.614342
 --- SOLUTE ELECTROSTATIC MOMENTS ---
 MOMENTS AT POINT    1 X,Y,Z=  6.012492  2.717862 -5.559816
 DIPOLE      -0.832516 -1.940328 -1.613440
 --- SOLUTE ELECTROSTATIC MOMENTS ---
 MOMENTS AT POINT    1 X,Y,Z=  6.012492  2.717988 -5.559942
 DIPOLE      -0.832748 -1.937257 -1.613941
 --- SOLUTE ELECTROSTATIC MOMENTS ---
 MOMENTS AT POINT    1 X,Y,Z=  6.010993  2.717988 -5.559816
 DIPOLE      -0.833995 -1.937457 -1.617221
 --- SOLUTE ELECTROSTATIC MOMENTS ---
 MOMENTS AT POINT    1 X,Y,Z=  6.012492  2.716489 -5.559816
 DIPOLE      -0.832871 -1.936283 -1.617370
 --- SOLUTE ELECTROSTATIC MOMENTS ---
 MOMENTS AT POINT    1 X,Y,Z=  6.012492  2.717988 -5.561315
 DIPOLE      -0.834445 -1.940800 -1.610109
 --- SOLUTE ELECTROSTATIC MOMENTS ---
 MOMENTS AT POINT    1 X,Y,Z=  6.010993  2.717988 -5.559816
 DIPOLE      -0.850459 -1.934686 -1.619340
 --- SOLUTE ELECTROSTATIC MOMENTS ---
 MOMENTS AT POINT    1 X,Y,Z=  6.012492  2.716489 -5.559816
 DIPOLE      -0.828165 -1.975668 -1.621495
 --- SOLUTE ELECTROSTATIC MOMENTS ---
 MOMENTS AT POINT    1 X,Y,Z=  6.012492  2.717988 -5.561315
 DIPOLE      -0.835736 -1.942441 -1.647605
 --- SOLUTE ELECTROSTATIC MOMENTS ---
 MOMENTS AT POINT    1 X,Y,Z=  6.010494  2.717988 -5.559816
 DIPOLE      -0.815160 -1.942732 -1.614240
 --- SOLUTE ELECTROSTATIC MOMENTS ---
 MOMENTS AT POINT    1 X,Y,Z=  6.012492  2.715989 -5.559816
 DIPOLE      -0.836290 -1.904021 -1.615066
 --- SOLUTE ELECTROSTATIC MOMENTS ---
 MOMENTS AT POINT    1 X,Y,Z=  6.012492  2.717988 -5.561814
 DIPOLE      -0.830588 -1.941309 -1.592970
 --- SOLUTE ELECTROSTATIC MOMENTS ---
 MOMENTS AT POINT    1 X,Y,Z=  6.012366  2.717988 -5.559816
 DIPOLE      -0.830491 -1.937114 -1.615214
 --- SOLUTE ELECTROSTATIC MOMENTS ---
 MOMENTS AT POINT    1 X,Y,Z=  6.012492  2.717862 -5.559816
 DIPOLE      -0.833251 -1.940992 -1.615970
 --- SOLUTE ELECTROSTATIC MOMENTS ---
 MOMENTS AT POINT    1 X,Y,Z=  6.012492  2.717988 -5.559942
 DIPOLE      -0.831775 -1.938508 -1.617505
 --- SOLUTE ELECTROSTATIC MOMENTS ---
 MOMENTS AT POINT    1 X,Y,Z=  6.012366  2.717988 -5.559816
 DIPOLE      -0.835151 -1.940856 -1.615942
 --- SOLUTE ELECTROSTATIC MOMENTS ---
 MOMENTS AT POINT    1 X,Y,Z=  6.012492  2.717862 -5.559816
 DIPOLE      -0.835477 -1.936965 -1.615881
 --- SOLUTE ELECTROSTATIC MOMENTS ---
 MOMENTS AT POINT    1 X,Y,Z=  6.012492  2.717988 -5.559942
 DIPOLE      -0.834423 -1.937657 -1.617958
 --- SOLUTE ELECTROSTATIC MOMENTS ---
 MOMENTS AT POINT    1 X,Y,Z=  6.010494  2.717988 -5.559816
 DIPOLE      -0.820594 -1.937813 -1.609911
 --- SOLUTE ELECTROSTATIC MOMENTS ---
 MOMENTS AT POINT    1 X,Y,Z=  6.012492  2.715989 -5.559816
 DIPOLE      -0.834320 -1.910354 -1.612979
 --- SOLUTE ELECTROSTATIC MOMENTS ---
 MOMENTS AT POINT    1 X,Y,Z=  6.012492  2.717988 -5.561814
 DIPOLE      -0.831641 -1.933895 -1.584157
 --- SOLUTE ELECTROSTATIC MOMENTS ---
 MOMENTS AT POINT    1 X,Y,Z=  6.010494  2.717988 -5.559816
 DIPOLE      -0.810318 -1.937308 -1.621060
 --- SOLUTE ELECTROSTATIC MOMENTS ---
 MOMENTS AT POINT    1 X,Y,Z=  6.012492  2.715989 -5.559816
 DIPOLE      -0.833151 -1.914524 -1.620144
 --- SOLUTE ELECTROSTATIC MOMENTS ---
 MOMENTS AT POINT    1 X,Y,Z=  6.012492  2.717988 -5.561814
 DIPOLE      -0.838386 -1.942760 -1.593896
 --- SOLUTE ELECTROSTATIC MOMENTS ---
 MOMENTS AT POINT    1 X,Y,Z=  6.012366  2.717988 -5.559816
 DIPOLE      -0.845385 -1.938417 -1.613573
 --- SOLUTE ELECTROSTATIC MOMENTS ---
 MOMENTS AT POINT    1 X,Y,Z=  6.012492  2.717862 -5.559816
 DIPOLE      -0.833161 -1.949084 -1.614778
 --- SOLUTE ELECTROSTATIC MOMENTS ---
 MOMENTS AT POINT    1 X,Y,Z=  6.012492  2.717988 -5.559942
 DIPOLE      -0.831999 -1.939537 -1.622597
 --- SOLUTE ELECTROSTATIC MOMENTS ---
 MOMENTS AT POINT    1 X,Y,Z=  6.012366  2.717988 -5.559816
 DIPOLE      -0.844611 -1.939103 -1.612330
 --- SOLUTE ELECTROSTATIC MOMENTS ---
 MOMENTS AT POINT    1 X,Y,Z=  6.012492  2.717862 -5.559816
 DIPOLE      -0.834799 -1.953600 -1.609505
 --- SOLUTE ELECTROSTATIC MOMENTS ---
 MOMENTS AT POINT    1 X,Y,Z=  6.012492  2.717988 -5.559942
 DIPOLE      -0.830842 -1.933422 -1.627415
 --- SOLUTE ELECTROSTATIC MOMENTS ---
 MOMENTS AT POINT    1 X,Y,Z=  6.012366  2.717988 -5.559816
 DIPOLE      -0.839722 -1.937075 -1.616702
 --- SOLUTE ELECTROSTATIC MOMENTS ---
 MOMENTS AT POINT    1 X,Y,Z=  6.012492  2.717862 -5.559816
 DIPOLE      -0.833132 -1.950347 -1.614776
 --- SOLUTE ELECTROSTATIC MOMENTS ---
 MOMENTS AT POINT    1 X,Y,Z=  6.012492  2.717988 -5.559942
 DIPOLE      -0.836379 -1.938163 -1.624415
 --- SOLUTE ELECTROSTATIC MOMENTS ---
 MOMENTS AT POINT    1 X,Y,Z=  6.012366  2.717988 -5.559816
 DIPOLE      -0.830564 -1.938660 -1.615514
 --- SOLUTE ELECTROSTATIC MOMENTS ---
 MOMENTS AT POINT    1 X,Y,Z=  6.012492  2.717862 -5.559816
 DIPOLE      -0.833509 -1.937718 -1.615475
 --- SOLUTE ELECTROSTATIC MOMENTS ---
 MOMENTS AT POINT    1 X,Y,Z=  6.012492  2.717988 -5.559942
 DIPOLE      -0.834478 -1.938250 -1.615471
 --- SOLUTE ELECTROSTATIC MOMENTS ---
 MOMENTS AT POINT    1 X,Y,Z=  6.012366  2.717988 -5.559816
 DIPOLE      -0.843336 -1.940975 -1.614989
 --- SOLUTE ELECTROSTATIC MOMENTS ---
 MOMENTS AT POINT    1 X,Y,Z=  6.012492  2.717862 -5.559816
 DIPOLE      -0.835641 -1.949649 -1.613448
 --- SOLUTE ELECTROSTATIC MOMENTS ---
 MOMENTS AT POINT    1 X,Y,Z=  6.012492  2.717988 -5.559942
 DIPOLE      -0.832787 -1.935607 -1.632385
 $GRAD  
E=     -306.3400961547  GMAX=   0.0000348  GRMS=   0.0000136
H            1.    5.3698933849E-07   -2.0722875859E-06    2.5174633300E-06
C            6.   -2.4357919348E-05    3.0844600704E-06   -1.2084735572E-05
C            6.    2.4492190600E-05    1.1743037428E-05    2.7546492182E-05
O            8.   -4.5124370546E-06    1.1085415054E-06   -6.5191107744E-06
H            1.   -1.6075163814E-06   -3.1581593723E-06   -5.0891690252E-06
H            1.    9.7656852099E-06    6.2974125815E-06    6.5002857297E-06
O            8.   -3.4775837029E-05   -2.0266511996E-05   -1.4565191954E-05
O            8.   -1.7514204722E-05   -1.1002419606E-06   -3.6419905980E-06
H            1.   -2.7837996972E-06   -7.3134855305E-06   -5.7867728161E-07
H            1.    2.0321036015E-05    2.1677479233E-05    8.0873085343E-06
H            1.    7.4913871884E-06   -2.1388308951E-05   -1.6121412762E-06
H            1.    8.7635488922E-08    2.8424070166E-06   -1.3571763322E-05
H            1.    2.2856790392E-05    8.5456575607E-06    1.3011230028E-05
 $END
 $HESS
ENERGY IS     -306.3400961547 E(NUC) IS      199.1996997356
 1  1 6.19190026E-02 3.24935069E-02 5.98964304E-02-6.08395055E-02-2.97642316E-02
 1  2-5.75238539E-02 1.12164613E-03 5.45940344E-03 9.29793357E-03 2.48320835E-04
 1  3 6.24039949E-04-3.66487259E-04-5.83908536E-03-1.34288890E-02-2.84356226E-02
 1  4 2.80017056E-03 5.25102086E-03 1.34453119E-02 8.29244315E-04-1.10103569E-03
 1  5 3.51911875E-03-1.10317239E-04-8.20074141E-05-3.50987650E-05 2.90867056E-05
 1  6 2.35611835E-06 2.15927575E-05 5.85684566E-05 1.81570370E-04-6.38260781E-05
 1  7-2.90009996E-04-1.76922758E-04 5.94311179E-04 1.80205759E-04 5.73830342E-04
 1  8-4.01346475E-04-1.07327281E-04-3.26415163E-05 5.15365329E-05
 2  1 3.24935069E-02 1.04535192E-01 1.12357398E-01-2.95006666E-02-9.94191954E-02
 2  2-1.08500895E-01 6.05896992E-03 7.12881518E-03 1.82308337E-02-1.25935614E-04
 2  3 2.18433953E-04 1.50061544E-04-9.96562840E-05-2.27545791E-03-2.80240799E-03
 2  4-7.71624242E-03-1.01123413E-02-2.44141346E-02-1.03173510E-03-5.81271770E-04
 2  5 5.83631180E-03 3.36516885E-05-2.76503965E-04-3.82783330E-05 2.64199588E-05
 2  6 4.96276322E-05-2.58789929E-06 1.15099288E-04 3.67479623E-04-7.14862913E-05
 2  7-3.02595772E-04-4.26398886E-04 2.11428850E-05 1.62778411E-04 4.92009498E-04
 2  8-7.04889630E-04-1.13594402E-04 2.99611278E-04-6.10686068E-05
 3  1 5.98964304E-02 1.12357398E-01 2.84229056E-01-5.54454166E-02-1.01765227E-01
 3  2-2.60307055E-01-8.16271848E-03-1.46251048E-02-2.20093304E-02 9.63935858E-06
 3  3-1.27647093E-04 2.06494414E-03 7.66654323E-04 1.51560728E-04-1.63860986E-04
 3  4-5.54958980E-05 8.84897268E-04 8.24761816E-05 1.49725799E-03 2.71406871E-03
 3  5-5.96197123E-03 1.11177255E-04 3.50501014E-04-7.74465642E-06 2.18674880E-05
 3  6 4.47697817E-05 2.51273333E-05-1.92828321E-04-6.18917731E-04 3.45190620E-04
 3  7 9.36640306E-04 3.20729424E-04 7.68535527E-04 3.61125502E-04 8.29973104E-05
 3  8 7.90295628E-04 2.55666646E-04 2.29974148E-04 1.44336204E-04
 4  1-6.08395055E-02-2.95006666E-02-5.54454166E-02 5.81743671E-01-2.55356748E-02
 4  2 2.64789434E-02-1.04398673E-01-3.41018100E-02 3.81400156E-02 6.77485807E-03
 4  3 2.06146833E-02-1.62268104E-02-3.16481413E-01-3.17449217E-02-1.65336124E-02
 4  4-1.06121653E-01 1.11905036E-01 1.08467387E-02 4.89665398E-03 2.38746179E-03
 4  5-1.06409897E-02-1.82132144E-04-4.49329052E-04-9.32833120E-04 6.38516772E-04
 4  6 2.35730174E-04 2.78207136E-04-4.34691235E-04-1.59067971E-04-1.49481388E-04
 4  7 2.17561587E-03 1.65882921E-03-1.58734961E-03-5.56699679E-03-1.94049246E-02
 4  8 2.48847487E-02-2.20425143E-03 4.09465417E-03 8.87839724E-04
 5  1-2.97642316E-02-9.94191954E-02-1.01765227E-01-2.55356748E-02 5.64326645E-01
 5  2 5.71002244E-02-2.51774120E-02-1.14347233E-01 5.03627007E-02-5.34765203E-03
 5  3-3.43188210E-02 3.03215132E-02-3.50850223E-02-5.13689773E-02-1.78358762E-03
 5  4 1.14821200E-01-2.67355300E-01-1.88141934E-02 2.28641477E-03 7.75943771E-03
 5  5-2.12523030E-02-7.65222801E-04 5.90442671E-04 7.24518983E-04 7.07401088E-05
 5  6 4.79982768E-04 1.39665355E-04-1.81789503E-04-1.52113410E-03 4.61880224E-04
 5  7 1.90334866E-03 4.84669143E-04 6.77084982E-04-9.34838768E-04-1.14157522E-03
 5  8 5.68952338E-03 3.71013984E-03-4.16894215E-03-1.86180023E-03
 6  1-5.75238539E-02-1.08500895E-01-2.60307055E-01 2.64789434E-02 5.71002244E-02
 6  2 5.27019221E-01 2.53553213E-02 4.97151094E-02-1.32842577E-01 2.85808706E-04
 6  3 2.54271978E-03 1.69055219E-03-1.26027446E-02-7.39515408E-04-4.85821078E-02
 6  4 8.25778183E-03-1.17619055E-02-4.93056348E-02 9.53866434E-03 1.17721729E-02
 6  5-4.22367466E-02-1.17339186E-04 5.82153258E-04-1.67965251E-04 2.03339493E-04
 6  6 3.72991934E-04 5.61208055E-05-5.49759477E-04-1.73854977E-03 9.47143166E-04
 6  7 3.30444429E-04 7.56992440E-04 2.39792645E-03-5.18553921E-04 1.20110893E-03
 6  8 1.15910138E-03 8.61947588E-04-1.30260743E-03 1.72021027E-04
 7  1 1.12164613E-03 6.05896992E-03-8.16271848E-03-1.04398673E-01-2.51774120E-02
 7  2 2.53553213E-02 6.57528586E-01 6.11319282E-02-1.18689414E-02-1.16648528E-01
 7  3 6.41172956E-02 4.77310596E-03-1.40242428E-02-2.44941988E-02 3.15817565E-02
 7  4 3.39091479E-03 1.10214902E-02-1.36701696E-02-9.95012356E-02-1.73709192E-02
 7  5 2.07777565E-03-2.44153605E-03-1.36868460E-03 3.41138768E-03-2.99173869E-04
 7  6 3.70111417E-04-2.92480831E-04 2.77847526E-03 1.72222342E-03-6.97544082E-04
 7  7-6.60212579E-03-1.82399345E-02-4.17927459E-02-3.27738636E-01-5.11823876E-02
 7  8 9.54972659E-03 6.83452836E-03-6.58848208E-03-2.64473496E-04
 8  1 5.45940344E-03 7.12881518E-03-1.46251048E-02-3.41018100E-02-1.14347233E-01
 8  2 4.97151094E-02 6.11319282E-02 4.23589345E-01-7.51742642E-02 3.65608796E-02
 8  3-1.36388281E-01 2.83386260E-02-8.37890902E-04-5.10906117E-03 6.00223189E-03
 8  4-1.03578742E-02-1.71786722E-02 2.31336242E-02-2.43625924E-02-6.34752548E-02
 8  5-4.30288633E-03 1.56314380E-03-2.15402865E-03-6.05087785E-03 6.90232785E-04
 8  6-1.03678018E-03-8.98260222E-04 6.70002927E-04 7.27860964E-03 1.63404722E-03
 8  7-1.62095496E-03-7.18862154E-03-1.69262788E-02-5.00268955E-02-5.59586472E-02
 8  8 9.81422833E-03 1.52324272E-02-3.51601912E-02-6.60194687E-04
 9  1 9.29793357E-03 1.82308337E-02-2.20093304E-02 3.81400156E-02 5.03627007E-02
 9  2-1.32842577E-01-1.18689414E-02-7.51742642E-02 4.25436376E-01 1.57956988E-02
 9  3 1.23901558E-02-7.79104184E-02-2.18789043E-03-4.24340361E-04-1.78692836E-03
 9  4-7.55622122E-04-5.90949854E-03 2.08769632E-04-3.38195773E-02-3.10706965E-02
 9  5-1.33926693E-01 5.54585270E-05-5.23527134E-03 8.03008515E-04-4.68113281E-04
 9  6-6.96960322E-04-3.31455890E-04 3.07289830E-03 6.11811144E-03-9.84872927E-03
 9  7 2.43350284E-03-4.83764803E-03-7.14968311E-03-2.31657725E-04 6.51331358E-03
 9  8-4.77838268E-02-1.94637054E-02 2.97335640E-02 7.14148733E-03
10  1 2.48320835E-04-1.25935614E-04 9.63935858E-06 6.77485807E-03-5.34765203E-03
10  2 2.85808706E-04-1.16648528E-01 3.65608796E-02 1.57956988E-02 1.84943063E-01
10  3-2.40827000E-02-1.42946098E-01 1.53980984E-03 2.55124351E-04-1.08224776E-03
10  4 2.25162000E-04-1.64840694E-03 1.88001640E-03 1.15840856E-02 6.78826845E-03
10  5 8.70773445E-03 2.47605529E-03-1.88503584E-03 5.26660125E-03-9.93500124E-04
10  6 5.85100245E-04 9.35732877E-04-6.98917021E-04-4.66081090E-05-3.62516536E-04
10  7 3.21629025E-05 6.43637397E-04 1.43506138E-03-1.45923271E-02 3.99908121E-02
10  8 2.51083126E-03-7.48902459E-02-5.16874836E-02 1.07563738E-01
11  1 6.24039949E-04 2.18433953E-04-1.27647093E-04 2.06146833E-02-3.43188210E-02
11  2 2.54271978E-03 6.41172956E-02-1.36388281E-01 1.23901558E-02-2.40827000E-02
11  3 3.84263150E-01-1.94758378E-01 3.83036243E-04 1.65595914E-03-2.84295306E-03
11  4-2.09746708E-03-3.37164590E-03 4.88900055E-03 1.14862167E-02-3.54012175E-02
11  5-3.32028689E-02-2.38811313E-03 1.66659787E-03 7.67651044E-03-6.74275641E-04
11  6 1.79586533E-03 4.31195944E-04-5.55832839E-04-3.81258276E-03 1.54641124E-03
11  7 6.81244216E-04 1.00930049E-03 1.29939285E-03 8.67857025E-03-1.15278702E-02
11  8-2.18291964E-03-7.67866977E-02-1.65788889E-01 2.02339380E-01
12  1-3.66487259E-04 1.50061544E-04 2.06494414E-03-1.62268104E-02 3.03215132E-02
12  2 1.69055219E-03 4.77310596E-03 2.83386260E-02-7.79104184E-02-1.42946098E-01
12  3-1.94758378E-01 3.81990754E-01-4.27527958E-04-1.03913483E-03 1.10613436E-03
12  4 2.07896320E-03 4.49342291E-03-4.20455480E-03 1.72952743E-02-3.93124837E-02
12  5-1.27917991E-02 6.45076271E-03 5.93855901E-03-1.56576738E-02 2.22453348E-03
12  6-2.54067798E-03-7.83508831E-04-1.95681481E-03 1.27548967E-03 1.61210113E-03
12  7 9.16106497E-04 1.68639003E-03 1.03404336E-03 1.33797433E-03-1.38671892E-03
12  8 4.89365003E-03 1.26847018E-01 1.66833331E-01-2.83044224E-01
13  1-5.83908536E-03-9.96562840E-05 7.66654323E-04-3.16481413E-01-3.50850223E-02
13  2-1.26027446E-02-1.40242428E-02-8.37890902E-04-2.18789043E-03 1.53980984E-03
13  3 3.83036243E-04-4.27527958E-04 3.43723192E-01 3.91409077E-02 1.24231076E-02
13  4-1.19289523E-02-3.24268422E-03-9.40996571E-04 2.20189404E-03 7.50154751E-04
13  5 2.81799620E-04-8.05577542E-05-1.02719839E-04-5.83192834E-05 5.36846399E-05
13  6 3.49060308E-05 4.70090945E-06-1.84372657E-05 5.25089636E-05-6.71169376E-05
13  7-4.75446669E-04 2.19888132E-05 1.28528030E-03 9.88024882E-04-1.10987936E-03
13  8 1.54969293E-03 3.41530231E-04 9.43503601E-05-2.66399056E-05
14  1-1.34288890E-02-2.27545791E-03 1.51560728E-04-3.17449217E-02-5.13689773E-02
14  2-7.39515408E-04-2.44941988E-02-5.10906117E-03-4.24340361E-04 2.55124351E-04
14  3 1.65595914E-03-1.03913483E-03 3.91409077E-02 5.23872397E-02-1.28079654E-03
14  4 2.87209283E-02 5.36837342E-03 1.75248647E-03 1.57306411E-03 1.02913758E-04
14  5-1.28952706E-03-7.39239756E-06-1.15140984E-04-9.57538063E-07 6.82646000E-06
14  6 9.54872416E-07-1.69811929E-05-5.39062175E-06 8.22784468E-05-1.74803129E-04
14  7 2.58418384E-04 7.04705220E-04-4.22272952E-05-4.09969971E-04-1.69145331E-03
14  8 3.09038634E-03 1.35493235E-04 2.57666158E-04 1.38498213E-05
15  1-2.84356226E-02-2.80240799E-03-1.63860986E-04-1.65336124E-02-1.78358762E-03
15  2-4.85821078E-02 3.15817565E-02 6.00223189E-03-1.78692836E-03-1.08224776E-03
15  3-2.84295306E-03 1.10613436E-03 1.24231076E-02-1.28079654E-03 5.20428393E-02
15  4 2.04967797E-03 3.14362232E-04-1.04063409E-03-4.71575426E-05-6.34287939E-05
15  5 2.94583735E-03-2.22572444E-04-1.03735156E-04-2.69368583E-05-9.14805052E-06
15  6-8.79322505E-06 4.43905677E-06 1.24009066E-04 1.68156578E-04-2.30835130E-05
15  7-5.16031847E-04-2.88878973E-04-1.10562290E-03 6.53900057E-04 3.02374812E-03
15  8-3.23313659E-03 1.39414431E-05-3.33917457E-04-1.36938912E-04
16  1 2.80017056E-03-7.71624242E-03-5.54958980E-05-1.06121653E-01 1.14821200E-01
16  2 8.25778183E-03 3.39091479E-03-1.03578742E-02-7.55622122E-04 2.25162000E-04
16  3-2.09746708E-03 2.07896320E-03-1.19289523E-02 2.87209283E-02 2.04967797E-03
16  4 1.10562053E-01-1.23244970E-01-1.03917645E-02 1.44499313E-04-3.27921739E-04
16  5-5.84445924E-04-1.76916079E-04-1.96239940E-05 2.81789645E-05 4.90839314E-05
16  6 3.77718779E-05 1.54707420E-05 1.28944284E-05 2.10488258E-05-1.47579966E-06
16  7-1.27608347E-04 3.01509259E-04-9.80765563E-05 2.66586914E-04 2.53780835E-04
16  8-6.62979977E-04 9.03764475E-04-3.92140292E-04 1.19788030E-04
17  1 5.25102086E-03-1.01123413E-02 8.84897268E-04 1.11905036E-01-2.67355300E-01
17  2-1.17619055E-02 1.10214902E-02-1.71786722E-02-5.90949854E-03-1.64840694E-03
17  3-3.37164590E-03 4.49342291E-03-3.24268422E-03 5.36837342E-03 3.14362232E-04
17  4-1.23244970E-01 2.90733229E-01 1.32630344E-02-4.26032558E-04 1.96561329E-03
17  5-1.07236844E-03-1.98799371E-04-4.95737843E-05 3.58415691E-04-8.26843725E-06
17  6 8.97060282E-05 3.64246733E-05 2.16860587E-05-8.57708756E-05-6.18162782E-05
17  7 1.53599419E-04-1.76820105E-04 2.03985519E-04-4.99662907E-04 4.83309444E-04
17  8-8.80480343E-05 9.15991673E-04-3.10107053E-04-6.60905897E-04
18  1 1.34453119E-02-2.44141346E-02 8.24761816E-05 1.08467387E-02-1.88141934E-02
18  2-4.93056348E-02-1.36701696E-02 2.31336242E-02 2.08769632E-04 1.88001640E-03
18  3 4.88900055E-03-4.20455480E-03-9.40996571E-04 1.75248647E-03-1.04063409E-03
18  4-1.03917645E-02 1.32630344E-02 5.21146228E-02-1.63880864E-04-6.85107157E-04
18  5 1.47100597E-03 4.71752933E-05-4.16629765E-05-1.42928827E-04 1.49577015E-05
18  6 2.71771002E-05 2.00800084E-06 4.31387572E-05 1.95961464E-04 1.70984014E-05
18  7-4.36444426E-04 3.74201035E-04-4.22989147E-04 5.76669081E-05-7.79647798E-04
18  8 4.90725502E-04-7.31749687E-04 1.09926080E-03 7.30035130E-04
19  1 8.29244315E-04-1.03173510E-03 1.49725799E-03 4.89665398E-03 2.28641477E-03
19  2 9.53866434E-03-9.95012356E-02-2.43625924E-02-3.38195773E-02 1.15840856E-02
19  3 1.14862167E-02 1.72952743E-02 2.20189404E-03 1.57306411E-03-4.71575426E-05
19  4 1.44499313E-04-4.26032558E-04-1.63880864E-04 5.49241125E-01 1.89953170E-01
19  5 2.70767809E-02 1.84521574E-03-4.04620279E-03 2.10428612E-03 6.47857253E-05
19  6-7.38698850E-04-1.74769288E-05-5.38895742E-03 6.35995835E-04-9.56189666E-04
19  7-4.59490608E-01-1.57516780E-01 1.44508419E-02-5.71585465E-03-1.65253309E-02
19  8-3.63367575E-02-7.10848182E-04-1.28748903E-03-6.22065690E-04
20  1-1.10103569E-03-5.81271770E-04 2.71406871E-03 2.38746179E-03 7.75943771E-03
20  2 1.17721729E-02-1.73709192E-02-6.34752548E-02-3.10706965E-02 6.78826845E-03
20  3-3.54012175E-02-3.93124837E-02 7.50154751E-04 1.02913758E-04-6.34287939E-05
20  4-3.27921739E-04 1.96561329E-03-6.85107157E-04 1.89953170E-01 1.74097318E-01
20  5 7.72622928E-02-3.21740433E-03-1.19876380E-02 9.84162300E-03-1.48035451E-03
20  6-1.90549456E-03-7.38454069E-04 2.95260191E-03 7.05443478E-04-7.33563396E-03
20  7-1.76147923E-01-7.25192285E-02-6.09366834E-03-3.72042660E-03-4.42375158E-03
20  8-1.60845207E-02 5.34328344E-04 5.66313033E-03-2.06164033E-04
21  1 3.51911875E-03 5.83631180E-03-5.96197123E-03-1.06409897E-02-2.12523030E-02
21  2-4.22367466E-02 2.07777565E-03-4.30288633E-03-1.33926693E-01 8.70773445E-03
21  3-3.32028689E-02-1.27917991E-02 2.81799620E-04-1.28952706E-03 2.94583735E-03
21  4-5.84445924E-04-1.07236844E-03 1.47100597E-03 2.70767809E-02 7.72622928E-02
21  5 2.49176498E-01 1.61017398E-03 8.99087572E-03-1.83669929E-03 5.67258672E-04
21  6 1.38545153E-03 1.03690429E-03-4.44730107E-03-6.74560133E-03 1.49794972E-03
21  7-2.74838659E-02-2.03461793E-02-4.26517275E-02-2.39136889E-03-7.62932419E-03
21  8-1.36148889E-02 1.70732945E-03 2.36612676E-03-3.10767021E-03
22  1-1.10317239E-04 3.36516885E-05 1.11177255E-04-1.82132144E-04-7.65222801E-04
22  2-1.17339186E-04-2.44153605E-03 1.56314380E-03 5.54585270E-05 2.47605529E-03
22  3-2.38811313E-03 6.45076271E-03-8.05577542E-05-7.39239756E-06-2.22572444E-04
22  4-1.76916079E-04-1.98799371E-04 4.71752933E-05 1.84521574E-03-3.21740433E-03
22  5 1.61017398E-03 6.94830450E-02 3.97555034E-02 1.36758328E-01-4.00170582E-02
22  6 4.16111312E-02-1.17584905E-01-2.68865708E-02-7.76339431E-02-2.23866005E-02
22  7 3.35553342E-04 1.07020280E-03-1.69570284E-04 5.03087401E-04-1.98533074E-04
22  8 9.09816224E-05-4.74786854E-03 3.75775331E-04-4.64306959E-03
23  1-8.20074141E-05-2.76503965E-04 3.50501014E-04-4.49329052E-04 5.90442671E-04
23  2 5.82153258E-04-1.36868460E-03-2.15402865E-03-5.23527134E-03-1.88503584E-03
23  3 1.66659787E-03 5.93855901E-03-1.02719839E-04-1.15140984E-04-1.03735156E-04
23  4-1.96239940E-05-4.95737843E-05-4.16629765E-05-4.04620279E-03-1.19876380E-02
23  5 8.99087572E-03 3.97555034E-02 6.17616511E-01-1.61616578E-01 5.96082281E-02
23  6-1.44552153E-01 2.15045911E-01-9.50432509E-02-4.55059538E-01-6.37625735E-02
23  7 1.05895137E-03 3.46287106E-04 1.94009860E-03-9.44827378E-05 2.05951537E-04
23  8 1.14032447E-05 2.66865432E-03-6.23121486E-03-2.09968098E-03
24  1-3.50987650E-05-3.82783330E-05-7.74465642E-06-9.32833120E-04 7.24518983E-04
24  2-1.67965251E-04 3.41138768E-03-6.05087785E-03 8.03008515E-04 5.26660125E-03
24  3 7.67651044E-03-1.56576738E-02-5.83192834E-05-9.57538063E-07-2.69368583E-05
24  4 2.81789645E-05 3.58415691E-04-1.42928827E-04 2.10428612E-03 9.84162300E-03
24  5-1.83669929E-03 1.36758328E-01-1.61616578E-01 4.67658236E-01-1.26493633E-01
24  6 1.66384062E-01-4.10893216E-01-1.69526222E-02-1.70538750E-02-4.59784313E-02
24  7-3.19753497E-04 1.20273799E-04-8.80075236E-04-7.40858092E-05 6.78995712E-05
24  8 1.41361630E-04-2.70243585E-03-4.12736701E-04 6.98906464E-03
25  1 2.90867056E-05 2.64199588E-05 2.18674880E-05 6.38516772E-04 7.07401088E-05
25  2 2.03339493E-04-2.99173869E-04 6.90232785E-04-4.68113281E-04-9.93500124E-04
25  3-6.74275641E-04 2.22453348E-03 5.36846399E-05 6.82646000E-06-9.14805052E-06
25  4 4.90839314E-05-8.26843725E-06 1.49577015E-05 6.47857253E-05-1.48035451E-03
25  5 5.67258672E-04-4.00170582E-02 5.96082281E-02-1.26493633E-01 3.94077410E-02
25  6-5.26464798E-02 1.18233196E-01 1.39768832E-04-4.93835321E-03 6.94846101E-03
25  7 6.22744703E-05-1.65397017E-05 1.12913902E-04 1.39456913E-04-3.51255316E-05
25  8 5.83829539E-05 7.25333221E-04-6.03050587E-04-1.41401672E-03
26  1 2.35611835E-06 4.96276322E-05 4.47697817E-05 2.35730174E-04 4.79982768E-04
26  2 3.72991934E-04 3.70111417E-04-1.03678018E-03-6.96960322E-04 5.85100245E-04
26  3 1.79586533E-03-2.54067798E-03 3.49060308E-05 9.54872416E-07-8.79322505E-06
26  4 3.77718779E-05 8.97060282E-05 2.71771002E-05-7.38698850E-04-1.90549456E-03
26  5 1.38545153E-03 4.16111312E-02-1.44552153E-01 1.66384062E-01-5.26464798E-02
26  6 1.55344266E-01-2.05097216E-01 1.28056572E-02-9.52231251E-03 3.65273876E-02
26  7 1.04285102E-04-3.49366075E-04 3.78709689E-04 4.31587469E-05 6.79934389E-05
26  8 9.56965053E-05-2.44502945E-03-4.62289982E-04 3.12740174E-03
27  1 2.15927575E-05-2.58789929E-06 2.51273333E-05 2.78207136E-04 1.39665355E-04
27  2 5.61208055E-05-2.92480831E-04-8.98260222E-04-3.31455890E-04 9.35732877E-04
27  3 4.31195944E-04-7.83508831E-04 4.70090945E-06-1.69811929E-05 4.43905677E-06
27  4 1.54707420E-05 3.64246733E-05 2.00800084E-06-1.74769288E-05-7.38454069E-04
27  5 1.03690429E-03-1.17584905E-01 2.15045911E-01-4.10893216E-01 1.18233196E-01
27  6-2.05097216E-01 4.07365733E-01 7.20529977E-05-9.83865789E-03 3.41894093E-03
27  7-6.80807562E-05 8.76798932E-05 4.17793471E-05 2.96612811E-05 1.45057421E-05
27  8 1.91254141E-05-1.62767166E-03 8.36774784E-04 3.80021080E-05
28  1 5.85684566E-05 1.15099288E-04-1.92828321E-04-4.34691235E-04-1.81789503E-04
28  2-5.49759477E-04 2.77847526E-03 6.70002927E-04 3.07289830E-03-6.98917021E-04
28  3-5.55832839E-04-1.95681481E-03-1.84372657E-05-5.39062175E-06 1.24009066E-04
28  4 1.28944284E-05 2.16860587E-05 4.31387572E-05-5.38895742E-03 2.95260191E-03
28  5-4.44730107E-03-2.68865708E-02-9.50432509E-02-1.69526222E-02 1.39768832E-04
28  6 1.28056572E-02 7.20529977E-05 3.04660310E-02 7.96119799E-02 1.64123019E-02
28  7-6.70275479E-04-2.78972168E-03 1.74605170E-03-5.56847951E-04 7.70777924E-05
28  8-5.06790198E-04 1.19895919E-03 2.32188051E-03 3.13566337E-03
29  1 1.81570370E-04 3.67479623E-04-6.18917731E-04-1.59067971E-04-1.52113410E-03
29  2-1.73854977E-03 1.72222342E-03 7.27860964E-03 6.11811144E-03-4.66081090E-05
29  3-3.81258276E-03 1.27548967E-03 5.25089636E-05 8.22784468E-05 1.68156578E-04
29  4 2.10488258E-05-8.57708756E-05 1.95961464E-04 6.35995835E-04 7.05443478E-04
29  5-6.74560133E-03-7.76339431E-02-4.55059538E-01-1.70538750E-02-4.93835321E-03
29  6-9.52231251E-03-9.83865789E-03 7.96119799E-02 4.62232957E-01 3.60837152E-02
29  7-9.47730124E-04-8.92618362E-04-2.04525966E-03-1.85494051E-04-2.84633683E-04
29  8-2.79963832E-04 1.68586926E-03 5.11821743E-04-5.52060914E-03
30  1-6.38260781E-05-7.14862913E-05 3.45190620E-04-1.49481388E-04 4.61880224E-04
30  2 9.47143166E-04-6.97544082E-04 1.63404722E-03-9.84872927E-03-3.62516536E-04
30  3 1.54641124E-03 1.61210113E-03-6.71169376E-05-1.74803129E-04-2.30835130E-05
30  4-1.47579966E-06-6.18162782E-05 1.70984014E-05-9.56189666E-04-7.33563396E-03
30  5 1.49794972E-03-2.23866005E-02-6.37625735E-02-4.59784313E-02 6.94846101E-03
30  6 3.65273876E-02 3.41894093E-03 1.64123019E-02 3.60837152E-02 4.99627345E-02
30  7 7.00558433E-04 5.10597476E-04 1.92081804E-03-3.43738627E-04 2.02385141E-04
30  8-1.12310734E-04 9.67168316E-04-5.56011089E-03-3.75942164E-03
31  1-2.90009996E-04-3.02595772E-04 9.36640306E-04 2.17561587E-03 1.90334866E-03
31  2 3.30444429E-04-6.60212579E-03-1.62095496E-03 2.43350284E-03 3.21629025E-05
31  3 6.81244216E-04 9.16106497E-04-4.75446669E-04 2.58418384E-04-5.16031847E-04
31  4-1.27608347E-04 1.53599419E-04-4.36444426E-04-4.59490608E-01-1.76147923E-01
31  5-2.74838659E-02 3.35553342E-04 1.05895137E-03-3.19753497E-04 6.22744703E-05
31  6 1.04285102E-04-6.80807562E-05-6.70275479E-04-9.47730124E-04 7.00558433E-04
31  7 4.63085571E-01 1.75679391E-01 2.47816130E-02 2.17638735E-03-4.75459023E-04
31  8-1.18851903E-03-2.11491405E-04-3.44574296E-04-8.61701167E-05
32  1-1.76922758E-04-4.26398886E-04 3.20729424E-04 1.65882921E-03 4.84669143E-04
32  2 7.56992440E-04-1.82399345E-02-7.18862154E-03-4.83764803E-03 6.43637397E-04
32  3 1.00930049E-03 1.68639003E-03 2.19888132E-05 7.04705220E-04-2.88878973E-04
32  4 3.01509259E-04-1.76820105E-04 3.74201035E-04-1.57516780E-01-7.25192285E-02
32  5-2.03461793E-02 1.07020280E-03 3.46287106E-04 1.20273799E-04-1.65397017E-05
32  6-3.49366075E-04 8.76798932E-05-2.78972168E-03-8.92618362E-04 5.10597476E-04
32  7 1.75679391E-01 7.95434905E-02 2.36384101E-02 1.70321091E-04 8.35860882E-04
32  8-1.75201062E-03-8.05980251E-04-1.37125982E-03-2.70557240E-04
33  1 5.94311179E-04 2.11428850E-05 7.68535527E-04-1.58734961E-03 6.77084982E-04
33  2 2.39792645E-03-4.17927459E-02-1.69262788E-02-7.14968311E-03 1.43506138E-03
33  3 1.29939285E-03 1.03404336E-03 1.28528030E-03-4.22272952E-05-1.10562290E-03
33  4-9.80765563E-05 2.03985519E-04-4.22989147E-04 1.44508419E-02-6.09366834E-03
33  5-4.26517275E-02-1.69570284E-04 1.94009860E-03-8.80075236E-04 1.12913902E-04
33  6 3.78709689E-04 4.17793471E-05 1.74605170E-03-2.04525966E-03 1.92081804E-03
33  7 2.47816130E-02 2.36384101E-02 5.22396199E-02-8.51846748E-04-2.88154177E-03
33  8-6.16453307E-03 9.35157273E-05-1.69848682E-04-2.80917040E-05
34  1 1.80205759E-04 1.62778411E-04 3.61125502E-04-5.56699679E-03-9.34838768E-04
34  2-5.18553921E-04-3.27738636E-01-5.00268955E-02-2.31657725E-04-1.45923271E-02
34  3 8.67857025E-03 1.33797433E-03 9.88024882E-04-4.09969971E-04 6.53900057E-04
34  4 2.66586914E-04-4.99662907E-04 5.76669081E-05-5.71585465E-03-3.72042660E-03
34  5-2.39136889E-03 5.03087401E-04-9.44827378E-05-7.40858092E-05 1.39456913E-04
34  6 4.31587469E-05 2.96612811E-05-5.56847951E-04-1.85494051E-04-3.43738627E-04
34  7 2.17638735E-03 1.70321091E-04-8.51846748E-04 3.50212172E-01 4.72837795E-02
34  8 1.12695840E-03-2.95259342E-04-4.66837375E-04 8.43965238E-04
35  1 5.73830342E-04 4.92009498E-04 8.29973104E-05-1.94049246E-02-1.14157522E-03
35  2 1.20110893E-03-5.11823876E-02-5.59586472E-02 6.51331358E-03 3.99908121E-02
35  3-1.15278702E-02-1.38671892E-03-1.10987936E-03-1.69145331E-03 3.02374812E-03
35  4 2.53780835E-04 4.83309444E-04-7.79647798E-04-1.65253309E-02-4.42375158E-03
35  5-7.62932419E-03-1.98533074E-04 2.05951537E-04 6.78995712E-05-3.51255316E-05
35  6 6.79934389E-05 1.45057421E-05 7.70777924E-05-2.84633683E-04 2.02385141E-04
35  7-4.75459023E-04 8.35860882E-04-2.88154177E-03 4.72837795E-02 7.15679020E-02
35  8 2.79381969E-03 7.52359566E-04 1.37490429E-03-1.22254540E-03
36  1-4.01346475E-04-7.04889630E-04 7.90295628E-04 2.48847487E-02 5.68952338E-03
36  2 1.15910138E-03 9.54972659E-03 9.81422833E-03-4.77838268E-02 2.51083126E-03
36  3-2.18291964E-03 4.89365003E-03 1.54969293E-03 3.09038634E-03-3.23313659E-03
36  4-6.62979977E-04-8.80480343E-05 4.90725502E-04-3.63367575E-02-1.60845207E-02
36  5-1.36148889E-02 9.09816224E-05 1.14032447E-05 1.41361630E-04 5.83829539E-05
36  6 9.56965053E-05 1.91254141E-05-5.06790198E-04-2.79963832E-04-1.12310734E-04
36  7-1.18851903E-03-1.75201062E-03-6.16453307E-03 1.12695840E-03 2.79381969E-03
36  8 6.35699625E-02-6.74929263E-04-4.02704997E-04-1.55525931E-04
37  1-1.07327281E-04-1.13594402E-04 2.55666646E-04-2.20425143E-03 3.71013984E-03
37  2 8.61947588E-04 6.83452836E-03 1.52324272E-02-1.94637054E-02-7.48902459E-02
37  3-7.67866977E-02 1.26847018E-01 3.41530231E-04 1.35493235E-04 1.39414431E-05
37  4 9.03764475E-04 9.15991673E-04-7.31749687E-04-7.10848182E-04 5.34328344E-04
37  5 1.70732945E-03-4.74786854E-03 2.66865432E-03-2.70243585E-03 7.25333221E-04
37  6-2.44502945E-03-1.62767166E-03 1.19895919E-03 1.68586926E-03 9.67168316E-04
37  7-2.11491405E-04-8.05980251E-04 9.35157273E-05-2.95259342E-04 7.52359566E-04
37  8-6.74929263E-04 7.31631766E-02 5.45160384E-02-1.05546095E-01
38  1-3.26415163E-05 2.99611278E-04 2.29974148E-04 4.09465417E-03-4.16894215E-03
38  2-1.30260743E-03-6.58848208E-03-3.51601912E-02 2.97335640E-02-5.16874836E-02
38  3-1.65788889E-01 1.66833331E-01 9.43503601E-05 2.57666158E-04-3.33917457E-04
38  4-3.92140292E-04-3.10107053E-04 1.09926080E-03-1.28748903E-03 5.66313033E-03
38  5 2.36612676E-03 3.75775331E-04-6.23121486E-03-4.12736701E-04-6.03050587E-04
38  6-4.62289982E-04 8.36774784E-04 2.32188051E-03 5.11821743E-04-5.56011089E-03
38  7-3.44574296E-04-1.37125982E-03-1.69848682E-04-4.66837375E-04 1.37490429E-03
38  8-4.02704997E-04 5.45160384E-02 2.05385760E-01-1.92917105E-01
39  1 5.15365329E-05-6.10686068E-05 1.44336204E-04 8.87839724E-04-1.86180023E-03
39  2 1.72021027E-04-2.64473496E-04-6.60194687E-04 7.14148733E-03 1.07563738E-01
39  3 2.02339380E-01-2.83044224E-01-2.66399056E-05 1.38498213E-05-1.36938912E-04
39  4 1.19788030E-04-6.60905897E-04 7.30035130E-04-6.22065690E-04-2.06164033E-04
39  5-3.10767021E-03-4.64306959E-03-2.09968098E-03 6.98906464E-03-1.41401672E-03
39  6 3.12740174E-03 3.80021080E-05 3.13566337E-03-5.52060914E-03-3.75942164E-03
39  7-8.61701167E-05-2.70557240E-04-2.80917040E-05 8.43965238E-04-1.22254540E-03
39  8-1.55525931E-04-1.05546095E-01-1.92917105E-01 2.75016926E-01
 $END
 $DIPDR
  5.93006040E-01-2.26206116E-01-2.21673961E-01
 -2.10276563E-01 3.80899669E-01-3.98869543E-01
 -1.58517792E-01-2.15532974E-01-2.90299027E-01
  1.36362460E-01-1.14092888E-01 2.34436358E-01
 -1.45343545E-01-2.57197109E-01 1.91476858E-01
  1.64382328E-01 5.59900026E-01-1.14776039E+00
  3.20657936E+00-6.91561422E-01 7.06050107E-01
 -1.13504643E+00 7.13212782E+00 1.09560031E+00
  3.23702435E-01 8.13520643E-01 6.06546037E+00
 -2.76436791E+00 5.69876199E-01-2.95549565E-01
  7.09566898E-01-6.50228309E+00-1.61221510E-01
 -2.81370162E-01 3.62885268E-01-4.16636336E+00
 -5.76769590E-01-2.40001842E-01-4.76290990E-02
 -2.09913413E-02 4.82211772E-01 8.95219175E-02
 -3.06800864E-01 2.15864747E-02 3.77825659E-01
  2.69649798E-01 4.78167687E-01 9.12781909E-02
  3.44228673E-01-2.55108466E-01 7.37202460E-02
  1.45444068E-01-1.21734478E-01 4.64012239E-01
 -3.22718851E+00 1.60589877E-01-9.54785255E-01
  2.19588097E-01-5.40690832E+00-3.63715843E-01
 -4.35737923E-01-7.19282692E-01-6.04526023E+00
 -4.36116770E+00-3.32557177E-01 1.21179104E+00
 -2.16897641E-01-4.65630828E+00 1.13985368E+00
  8.02739566E-01 6.62252242E-01-3.81435134E+00
  2.23370240E+00-1.12109635E-02-3.31712850E-01
 -7.03978534E-02 1.99423210E+00-9.44326628E-02
 -2.93762123E-01 1.93373869E-01 1.37827556E+00
  2.06027435E+00 1.33266033E-01-5.73651271E-01
  2.27239259E-01 2.84322734E+00-1.09224331E+00
 -5.22197730E-01-9.50222102E-01 2.27562917E+00
  1.10695383E+00-2.33237466E-01 2.50235139E-01
 -4.40922601E-02 2.23796714E+00-1.15475257E-01
  5.52114064E-01-4.11617280E-02 1.68436344E+00
 -5.66200955E-01 4.27219999E-02 1.47229692E-02
 -5.71191249E-02-1.11290747E-01 6.55946047E-03
  1.36130143E-01-2.51637431E-02 1.53164228E-02
  1.88916643E+00 4.64246080E-01-8.35118008E-02
  3.99541828E-01 2.11843017E+00-3.70774350E-01
 -1.26126010E-01-5.40420805E-01 3.20315148E+00
 $END
----- START OF NORMAL MODES FOR -MOLPLT- PROGRAM -----
ATOMIC MASSES
     1.00782    12.00000    12.00000    15.99491     1.00782
     1.00782    15.99491    15.99491     1.00782     1.00782
     1.00782     1.00782     1.00782
MODE     1   FREQUENCY=   0.00003 (CM**-1)
  8.407868018E-02 -1.074869288E-01  5.106473196E-02
  2.272227058E-02 -6.003577464E-02  4.400787763E-02
  1.100706647E-02 -3.592824156E-02  5.811620458E-02
  6.828334446E-02 -8.951966398E-03  1.379100896E-01
  1.463308403E-02 -1.220603409E-02  8.577963367E-02
 -2.115410608E-02 -7.867510882E-02 -1.503729965E-02
 -7.268010504E-02  2.498856792E-02  4.458348222E-02
 -1.477910789E-02  4.084802311E-02  1.135269391E-01
 -3.245441272E-02  8.275888250E-02  1.405018229E-01
 -5.848256268E-02  5.155142809E-02  8.477811354E-02
 -8.900149054E-02  6.497501113E-02  7.081293822E-02
  1.848350400E-02 -8.172583868E-02  1.787452723E-02
  5.902526797E-02  7.461323230E-03  1.463497956E-01
MODE     2   FREQUENCY=   0.00001 (CM**-1)
  8.838099418E-02 -4.177480299E-02 -8.485276948E-02
  4.426434444E-02  1.878788975E-03 -9.455504189E-02
  4.842190464E-02  2.390055051E-02 -7.559246276E-02
  1.002227797E-01  4.887013844E-02 -1.156117082E-02
  3.742820493E-02  4.610103430E-02 -7.019159921E-02
  4.509725697E-03 -1.537429544E-02 -1.423770428E-01
 -1.155417879E-02  7.992007454E-02 -9.108010805E-02
  5.610030264E-02  9.432998326E-02 -2.002138216E-02
  5.063875542E-02  1.328915604E-01  1.674612816E-03
  1.667671968E-02  1.042105955E-01 -4.880695742E-02
 -2.606504781E-02  1.168897841E-01 -7.865704742E-02
  5.526514777E-02 -1.845278800E-02 -9.865889848E-02
  1.015552454E-01  6.386905948E-02  0.000000000E+00
MODE     3   FREQUENCY=   0.00000 (CM**-1)
  2.525726922E-02  1.161165944E-01  6.984956012E-02
  5.388328467E-02  8.508747186E-02  7.745736299E-02
  6.906107808E-02  5.816382967E-02  6.255710652E-02
  5.053524285E-02  5.138527852E-02  9.068454191E-03
  5.687005351E-02  6.953188996E-02  5.597869394E-02
  6.801887018E-02  8.975140604E-02  1.173513338E-01
  1.082575678E-01  1.675594978E-02  7.492529092E-02
  1.013318106E-01 -6.477516496E-03  1.750220664E-02
  1.151729530E-01 -3.353526105E-02 -6.154577025E-04
  1.155462831E-01 -1.106452890E-02  4.084501879E-02
  1.137298529E-01  3.693529224E-03  6.348645712E-02
  6.670578176E-02  7.234759806E-02  8.296083060E-02
  6.102196666E-02  3.346138799E-02  0.000000000E+00
MODE     4   FREQUENCY=   0.00000 (CM**-1)
  1.667297945E-01  2.976369714E-03 -2.849243129E-03
  1.652968727E-01 -1.537966050E-02  6.433630116E-03
  6.761066386E-02  1.343218783E-02 -1.091799192E-02
 -1.326422770E-02 -3.412382797E-02  1.098431340E-02
  1.730043043E-01 -8.760995738E-02  4.333279663E-02
  2.278135379E-01  1.754671567E-02 -8.549395495E-03
  6.413174452E-02 -4.755938717E-03 -1.777332694E-03
 -1.360018922E-01  3.306801541E-02 -2.655708741E-02
 -1.925298327E-01  1.566422977E-02 -1.929108995E-02
 -7.508163329E-02  2.068391480E-02 -1.857203358E-02
  8.524011675E-02 -6.494445050E-02  2.937892946E-02
  5.642259399E-02  8.502318802E-02 -4.758933237E-02
 -7.533947144E-02 -1.589762122E-02  0.000000000E+00
MODE     5   FREQUENCY=   0.00002 (CM**-1)
 -3.444708244E-02  1.209919652E-01  2.482274352E-02
 -3.835785945E-02  1.079432754E-01  3.217465883E-02
 -5.323833595E-02  9.784805918E-02  1.817742075E-02
 -6.151597917E-02  9.380320161E-02  8.724279942E-03
 -3.772775890E-02  9.967310546E-02  4.199631035E-02
 -3.193515635E-02  1.107319551E-01  3.988057194E-02
 -5.879363636E-02  8.060777830E-02  2.724623395E-02
 -8.433703591E-02  7.225168459E-02 -6.302221530E-03
 -9.360548114E-02  6.083476331E-02 -9.578199149E-03
 -7.813552230E-02  7.005748694E-02  6.323668473E-03
 -5.671598497E-02  7.367586092E-02  3.805155214E-02
 -5.441042788E-02  1.055460633E-01  8.062906075E-03
 -7.108131081E-02  8.705632434E-02  0.000000000E+00
MODE     6   FREQUENCY=   0.00002 (CM**-1)
 -1.384816168E-01 -6.506394153E-02 -1.088196044E-02
 -4.232432459E-02 -5.290729454E-02 -4.181906284E-02
 -2.064064895E-02  1.028551418E-02  1.658268868E-02
 -1.075985160E-01 -3.829936844E-02  3.905135956E-03
 -2.991643550E-02 -1.209779918E-01 -1.211259382E-01
  2.427037680E-02 -1.923664961E-02 -3.593548547E-02
  1.105652562E-01  3.393065417E-02 -1.799809836E-02
  2.669791549E-02  1.037135152E-01  9.592194255E-02
  5.631315424E-02  1.126702562E-01  9.203117024E-02
  9.307622191E-02  9.413129241E-02  5.512683693E-02
  1.354107870E-01 -2.268274865E-02 -9.061612181E-02
 -3.196997211E-02  7.909632962E-02  9.619551851E-02
 -9.097871266E-02  2.646593749E-03  4.056856092E-02
MODE     7   FREQUENCY=  83.51814 (CM**-1)
  1.997266578E-01  4.623361372E-02 -2.145254047E-02
  1.279558960E-01  1.976706531E-02  1.013244724E-02
 -3.216602534E-02  2.957967007E-02 -4.591156673E-02
 -1.062068993E-01 -1.525137796E-02 -1.571009263E-02
  1.314476633E-01 -4.434961133E-02  1.219357833E-01
  1.777493515E-01  4.766420953E-02 -2.744612411E-02
 -9.400688388E-02 -5.735815561E-03 -1.798633892E-02
  1.015045097E-01 -2.620428155E-02  5.599322164E-02
  1.331492984E-01 -1.296240634E-04  6.005612278E-02
  2.945419373E-02 -1.121258012E-02  3.285743957E-02
 -9.852670048E-02  4.114421756E-04  2.730926388E-02
 -4.296688929E-02  1.000259439E-01 -1.355907554E-01
 -1.039997918E-01  2.275622621E-02  1.448052219E-02
MODE     8   FREQUENCY= 152.42041 (CM**-1)
 -3.885522297E-02 -1.249776399E-01 -3.348569281E-03
  8.441051596E-03 -6.337166326E-02 -4.533431559E-02
 -5.333837651E-03  3.882266696E-02  3.124740108E-02
 -4.186814869E-02  1.745266667E-02  1.047497372E-01
  1.686227890E-02 -1.150179085E-01 -8.361237856E-02
  5.984730533E-02 -3.309748049E-02 -1.071672612E-01
  1.783834307E-02  1.199617980E-01 -9.424963885E-03
  1.977323825E-02 -9.247405189E-02 -7.917759483E-02
  5.196194779E-02 -2.398490382E-01 -1.648150774E-01
 -1.777422975E-02 -1.046565570E-01  1.177216417E-01
  3.874578125E-02  6.708774134E-02 -2.939023107E-02
 -1.118119401E-02  7.189606645E-02  5.252943310E-02
 -6.904893626E-02  5.767873878E-02  1.295455508E-01
MODE     9   FREQUENCY= 199.24540 (CM**-1)
 -2.238120896E-02  2.297608745E-02 -4.886496427E-02
 -6.685054558E-03  3.570493310E-02 -5.898404195E-02
  1.987366104E-02  4.092390930E-02 -3.828808819E-02
  3.284532590E-02  4.313957569E-02 -3.437659503E-02
 -7.824392575E-03  5.200780390E-02 -8.317236536E-02
 -1.858467386E-02  2.972379271E-02 -5.823805314E-02
  2.758946660E-02  2.567062209E-02 -4.229152391E-02
 -7.149900057E-02 -1.202388876E-01  1.531172347E-01
  2.627307738E-02 -1.134691696E-01  1.288553983E-01
 -4.046360325E-02 -1.294016881E-01  1.335651774E-01
  4.093685011E-02 -1.073806977E-02 -3.432191871E-02
  2.180270785E-02  2.882599331E-02 -3.295667765E-02
  1.880372651E-02  2.387914046E-02 -5.996660310E-02
MODE    10   FREQUENCY= 260.04761 (CM**-1)
  4.869594408E-01 -2.428436663E-01  2.786530052E-03
 -6.435149840E-03  1.193416942E-02  6.257551097E-03
  1.694934754E-03  3.361919269E-03  2.825773292E-03
 -3.496180528E-02 -1.574199804E-02 -1.120282460E-03
 -7.954288626E-02  4.759358671E-01  3.127206904E-01
 -4.273078024E-01 -1.831582372E-01 -2.901720186E-01
  4.044940406E-02  4.321773092E-03 -4.064118825E-03
 -5.057643597E-03 -1.083122930E-04 -4.447334803E-03
  2.637357152E-02 -3.830444008E-02 -3.341484582E-02
  1.242652124E-02 -6.877314481E-03  3.001559039E-02
  5.728321265E-02 -3.841372053E-02 -1.825662036E-02
 -1.939722008E-03  2.417886697E-02  1.750939241E-02
 -2.463510382E-02  1.032093614E-02  2.352029270E-02
MODE    11   FREQUENCY= 299.50735 (CM**-1)
 -5.675670596E-05  2.662977273E-02  4.227558112E-03
  7.353171881E-03  2.034379281E-03  1.403554620E-02
  4.307606796E-03 -1.515946276E-02 -2.478091831E-03
  1.166514770E-02 -1.083197507E-02 -7.991164400E-04
  9.512616440E-03 -1.236631833E-02  1.290171264E-02
  1.861516901E-02  6.476768883E-03  3.570915960E-02
 -9.986032471E-03 -1.217603171E-02  1.434192693E-03
 -6.845132341E-02  3.808536547E-02  1.365875258E-02
  7.887035279E-01 -1.980810737E-01 -3.587592798E-01
  2.211779020E-01 -1.725961032E-02  2.973216823E-02
 -6.944364252E-02  1.509620772E-01 -5.167048748E-02
  6.699362781E-03 -2.778387688E-02 -1.248853779E-02
 -5.432795031E-02 -1.158817632E-02 -2.411830517E-02
MODE    12   FREQUENCY= 385.39961 (CM**-1)
  2.635736932E-02  1.124601070E-01  1.061120547E-02
 -7.657512543E-04  2.288910838E-02  5.939575547E-02
  5.333791228E-03 -3.937778792E-02  5.783377030E-03
 -3.168101499E-03 -5.308668630E-02 -1.960447666E-02
 -1.549964952E-03  2.924584491E-02  9.121766876E-02
 -9.237711330E-03  1.419220832E-02  1.372028028E-01
  1.308796314E-02  4.120601165E-02 -4.271874296E-02
 -7.739546280E-04  3.657213263E-04  6.979221747E-03
 -3.299276502E-01 -1.759295713E-01  1.074292209E-02
  3.242076412E-01 -7.658901077E-02  1.558014651E-01
 -1.930512442E-01  6.107043543E-01 -2.746734131E-01
  1.162208806E-02 -7.069565831E-02  1.155029440E-02
 -2.796354298E-02 -6.430976670E-02 -4.018055200E-02
MODE    13   FREQUENCY= 401.52924 (CM**-1)
  4.224831307E-02 -3.074049807E-01  5.389732859E-02
  2.364484721E-02 -9.465640195E-02 -4.430999703E-02
 -9.222662593E-03  5.077818922E-02  5.359621603E-02
  4.821527768E-03  7.172714802E-02 -8.602126265E-02
  2.948912746E-02 -1.413933736E-01 -5.130313038E-02
  5.505474959E-02 -6.518557093E-02 -2.782565815E-01
 -1.661804280E-02 -2.513508770E-02  1.003810082E-01
 -7.035880503E-03  1.053968720E-03  4.212446845E-03
 -7.076371868E-02  2.080535500E-02  3.278205074E-02
  2.040958470E-01 -2.965174335E-02 -8.100345162E-02
 -1.362564698E-01  2.966147172E-01  3.857726236E-02
 -7.637353531E-03  4.574529653E-02  6.526640936E-02
  1.093072459E-02 -5.325618406E-02 -1.852834049E-01
MODE    14   FREQUENCY= 459.46495 (CM**-1)
  6.286111038E-02 -1.054713336E-02  5.580399275E-02
  4.164764150E-03 -4.482597360E-02  8.547611581E-02
 -1.839675609E-02 -3.510827867E-02  4.510254914E-02
  7.412284143E-03 -2.137156289E-02 -7.152403666E-02
  6.291283726E-03 -7.901134283E-02  1.630152029E-01
  3.541010871E-02 -3.084373798E-02  9.058388519E-02
  5.020878559E-03  1.243175926E-01 -2.646024985E-02
 -1.137011810E-02 -4.524839371E-02  4.226237577E-04
  2.238726975E-01  3.221777823E-01  1.248536035E-01
 -2.374532098E-01  3.044965543E-02 -3.345627684E-01
  4.871172680E-02  1.303306113E-02 -3.408594258E-02
 -1.418868351E-02 -5.790214927E-02  9.602475601E-02
  2.708157650E-02 -1.512957752E-01 -1.680365834E-01
MODE    15   FREQUENCY= 490.09350 (CM**-1)
 -8.969789246E-02  2.645097696E-02 -2.375151263E-02
 -6.234924152E-03  5.292365844E-02 -5.733775612E-02
  7.327438558E-02  2.777963905E-02 -1.381802064E-02
 -3.686854407E-02 -4.445514298E-02  6.068838723E-02
 -1.414131961E-02  1.463806607E-01 -1.857820730E-01
 -9.129554080E-02  9.244706497E-03 -2.159643736E-02
  1.555034964E-02 -4.139410518E-02  3.213323276E-02
 -4.432407971E-03 -4.249138290E-02 -1.111944119E-02
  1.523971666E-01  3.364693493E-01  1.419759939E-01
 -1.730318991E-01  2.969057307E-02 -3.776217228E-01
 -1.676084737E-01  4.424061193E-01 -2.327975629E-02
  6.463649426E-02  7.061580183E-02 -5.117130362E-02
 -7.080530098E-02  1.467987044E-02  9.179394847E-02
MODE    16   FREQUENCY= 535.31337 (CM**-1)
  1.164087455E-01  3.194760515E-02 -2.332839768E-02
  3.534847387E-03 -1.346148039E-02  2.669695800E-02
 -1.101533179E-01 -2.168603662E-03 -2.820817779E-02
  1.424830989E-02  9.943818577E-02  8.707981806E-02
  1.161933284E-02 -1.185502517E-01  1.905915621E-01
  8.972126919E-02  3.196746503E-02 -1.194458257E-02
  5.485517491E-02 -6.719999300E-02 -5.813644872E-02
 -1.104785995E-02 -2.358102079E-02 -5.309671018E-03
  9.536914163E-03  1.687589792E-01  8.969924712E-02
  2.705539930E-01 -4.385630994E-02 -3.109748744E-01
  3.584089614E-02  8.577717039E-03 -2.412959692E-01
 -1.080181340E-01 -1.786875148E-02 -1.080200519E-02
 -7.755977355E-02 -1.226728066E-02 -3.903499103E-02
MODE    17   FREQUENCY= 543.96314 (CM**-1)
 -5.953537184E-02  2.274110964E-02 -1.344595377E-02
 -6.443462564E-03  2.181358911E-02 -2.625852130E-02
  5.011799670E-02 -6.441318411E-03 -8.871658783E-03
  9.420419921E-03 -3.024130768E-02  3.292255196E-02
 -1.572331609E-02  1.126151319E-01 -1.071052938E-01
 -7.619216670E-02 -1.677250921E-02  2.956105412E-02
 -4.069495600E-02  5.079885424E-02  1.720730542E-02
 -1.692049465E-03 -3.362888861E-03  4.305845598E-03
 -8.704509158E-02  3.101110494E-02  4.681166885E-02
  5.306637118E-01 -8.002381849E-02 -2.272150655E-01
  7.526903216E-02 -2.694500795E-01  1.769281273E-01
  4.840469287E-02  1.013666715E-02 -3.390157575E-02
 -4.126632017E-01 -2.661842315E-01 -3.172777997E-01
MODE    18   FREQUENCY= 752.13330 (CM**-1)
  1.562691134E-02  3.821733158E-02 -3.410959424E-02
  5.245525677E-03  1.544747418E-02 -1.949411550E-02
 -2.024774075E-02  2.298451059E-03 -1.356908255E-02
 -1.395181455E-02 -4.617216014E-02 -2.291318835E-02
  5.978202812E-03 -5.632808173E-03  5.878567669E-03
  1.893333382E-02  2.207141435E-02 -1.019420743E-02
 -1.381374644E-02  4.015265993E-02  3.078345271E-02
 -2.953924437E-02 -1.753529278E-02 -3.472036820E-04
 -1.874474876E-02  7.880115147E-02  4.996514879E-02
  4.714767435E-01 -8.213223366E-02 -2.512896922E-01
  4.978845401E-02 -1.227936522E-01  7.594119714E-02
 -1.959246133E-02  7.662100201E-03  2.560542528E-02
  5.646309873E-01  2.263405599E-01  4.124846009E-01
MODE    19   FREQUENCY= 836.64330 (CM**-1)
  1.953281458E-01  2.015778081E-01 -2.314079810E-01
 -1.160232721E-03  5.206460868E-02 -1.072727287E-01
 -9.673826409E-02 -6.967541596E-02 -5.712319301E-02
  3.383240974E-02 -3.766471561E-02  7.281435325E-03
  7.417932265E-03 -6.918163267E-02  1.560982256E-01
  1.305626329E-01  1.168503909E-01 -6.526223439E-02
  2.963515722E-02  4.299659500E-02  1.252542117E-01
  5.220489495E-03  2.042708862E-03  8.541256213E-04
  4.570315895E-03 -1.493186467E-02 -8.709435163E-03
 -1.292873746E-01  2.361136811E-02  5.886938548E-02
  3.946536338E-02  5.234992148E-02 -7.936210045E-02
 -8.733570830E-02 -1.254344255E-01  8.638865359E-02
 -8.518966183E-02 -9.219273084E-02 -7.617232242E-02
MODE    20   FREQUENCY= 893.03365 (CM**-1)
 -3.028403728E-02  1.600594658E-01 -9.296887050E-02
  1.628016053E-02 -8.240515692E-02  1.209833036E-02
  6.590157415E-02 -1.185362698E-01 -1.020431764E-01
 -6.328211413E-02  1.129789382E-01 -4.830656022E-03
 -1.246823756E-02  1.249743789E-01 -1.790856279E-02
 -1.564569870E-01 -1.887438927E-01  3.200559979E-01
  1.105941578E-02  2.416629867E-02  5.551824765E-02
 -1.971271187E-03 -1.899127055E-03  4.053918736E-03
 -9.488875785E-03 -1.081748247E-02  1.620216141E-03
  4.085466068E-03  1.385479043E-03 -4.464159547E-04
  5.233833399E-03  4.573586718E-02  4.902393323E-02
  4.095421033E-02  2.378176077E-02 -7.538507714E-02
  3.999816404E-02  8.974628603E-02  1.817941465E-02
MODE    21   FREQUENCY=1053.19854 (CM**-1)
  2.097062953E-01  2.159598547E-01 -2.453296174E-01
 -2.507721852E-02  7.074980383E-03 -9.067213149E-02
  6.638415461E-02 -3.864568746E-02  1.177949978E-01
 -4.299139433E-02  4.162804651E-02  4.256344282E-03
 -2.141058641E-02 -4.267550222E-02  2.178076977E-01
  1.349444730E-01  8.040277508E-02  7.363288682E-02
 -1.481003207E-02 -2.742306658E-02 -6.757640137E-02
 -1.456356941E-03  1.602837495E-03 -6.368264212E-04
  3.715562292E-03  9.230850289E-04 -2.205948720E-03
  3.226650569E-02 -6.078700412E-03 -7.157195478E-03
 -7.050790865E-02  5.313035496E-02  3.110639147E-01
  7.731259250E-02 -1.179048801E-01  3.720884830E-01
  8.260222133E-02 -5.873144392E-02 -2.780566051E-02
MODE    22   FREQUENCY=1080.08688 (CM**-1)
 -1.471398524E-01  2.495509417E-02  2.143493790E-02
  1.063862534E-01  4.494963845E-02 -4.800816344E-02
 -5.894810082E-02 -8.085161226E-02  1.218844157E-01
 -2.044288616E-02  3.059892573E-02  3.879716827E-03
  8.396610510E-02  2.870955099E-01 -3.603913850E-01
 -1.288316498E-01 -6.792238976E-02 -2.358813474E-03
 -1.305738151E-02 -1.345480096E-03 -8.673221438E-03
 -1.418866189E-03  2.559568626E-03 -2.820044028E-03
  1.602400398E-02  7.204050829E-03 -5.146736623E-03
 -1.791403148E-02  5.227390657E-04  2.453100197E-02
  3.860328331E-02 -9.087949022E-02 -3.246416740E-01
 -7.160268796E-02 -3.172542554E-02 -2.185937927E-02
  2.162487078E-01 -2.066669159E-01 -9.036734832E-02
MODE    23   FREQUENCY=1129.77809 (CM**-1)
 -2.970696524E-02  3.140769264E-01 -2.167174780E-01
  2.782807641E-02 -1.043594751E-01 -4.025242652E-02
 -6.924716661E-02  1.246922134E-01  2.691581978E-02
  4.568295353E-02 -4.101377515E-02 -4.813101924E-03
 -2.601011529E-02  2.241111836E-01  8.973471471E-02
 -1.383905919E-01 -2.012780507E-01  3.908893461E-01
  2.639922076E-03 -1.381680042E-02 -5.709014889E-04
  1.530172354E-03  2.484427271E-03 -1.913524397E-03
  3.511578352E-03 -6.059318532E-03 -7.434606239E-03
 -1.264743361E-02 -9.783462688E-05  1.238725834E-02
 -2.172823302E-02  3.939197589E-02  5.811445479E-02
 -9.526120297E-02  2.837690732E-01 -1.553733780E-02
  2.219914541E-02 -6.524124778E-02 -3.682262292E-02
MODE    24   FREQUENCY=1294.30758 (CM**-1)
 -1.600209405E-01 -7.358936578E-02  1.280579666E-01
  5.712791416E-02  3.296502371E-02  2.971080947E-02
 -8.972215838E-02 -5.013269333E-02 -6.509406095E-02
  1.811597902E-02 -2.500504510E-03  1.084726037E-02
  5.276517616E-02  3.180300751E-02 -1.493497724E-01
 -1.303126036E-01 -5.461444902E-02 -1.100557533E-01
  3.307818721E-02  2.914379040E-03 -3.675657568E-02
  2.128785028E-03  2.513553726E-03  4.432665911E-03
 -1.403996309E-02 -5.793975795E-02 -2.479866281E-02
 -2.250144629E-02  1.270072578E-02 -1.666880691E-02
 -8.322151440E-02  1.870163286E-01  5.996332432E-01
 -1.379339864E-01  1.822943487E-01  3.679247156E-01
  3.708565798E-02 -6.971872912E-02 -3.259067945E-02
MODE    25   FREQUENCY=1336.69268 (CM**-1)
  1.298405820E-01 -6.923327875E-02 -1.096787856E-02
 -6.067117032E-02  2.450221777E-02 -5.106193767E-03
  2.829522018E-02 -5.016585589E-02  8.169215881E-03
 -3.790894833E-03  2.353761481E-03  2.474181050E-02
 -3.572695684E-02 -1.567640926E-01  8.741373460E-02
  7.539927471E-02  9.044785723E-02 -2.701960799E-02
  4.374901625E-03  2.689442524E-03 -2.844819563E-03
  6.582872124E-04  6.369064247E-03  2.254906392E-03
 -3.273337499E-03 -5.659839841E-02 -3.153815657E-02
 -2.940401120E-02  8.729372976E-03  9.107211090E-03
 -1.047014543E-02  3.147876509E-02  4.899998691E-02
 -8.409568577E-02  6.453544281E-01 -3.563052772E-01
  3.235090818E-01 -3.689630336E-01 -1.394689317E-01
MODE    26   FREQUENCY=1403.37210 (CM**-1)
  1.222671331E-01  2.480701584E-02 -3.017085439E-02
 -1.034365737E-02 -1.448682543E-03  1.985166770E-02
  4.065829131E-02 -3.067587624E-02 -2.098558977E-02
  2.714961061E-02 -5.419460564E-03 -1.245756096E-02
  2.070341275E-03  1.663590172E-04 -1.340943504E-01
  3.310606342E-02  1.983338117E-02 -3.305753520E-02
 -4.779853576E-02 -9.263162156E-03  7.999006025E-03
 -1.462462936E-03 -3.890485568E-03 -2.221472172E-03
  6.275889497E-03  4.746429240E-02  2.454590547E-02
  1.714824581E-02 -6.861340472E-03  1.274264007E-02
  1.666548892E-02 -1.068837843E-01 -3.903829518E-01
 -4.881643043E-02  5.154698297E-01  6.001716561E-01
 -1.587442115E-01  1.832745078E-01  6.976375694E-02
MODE    27   FREQUENCY=1425.62966 (CM**-1)
 -1.583417320E-01 -4.173688735E-01  2.079771574E-01
  3.597685242E-02  7.160082868E-02 -8.761423986E-02
  9.799625791E-03  1.067173211E-02 -1.093091846E-02
 -2.076267725E-03 -1.708404793E-03  3.280138723E-03
  5.906782385E-02 -3.025937958E-01  3.656712124E-01
 -2.784199488E-01 -1.324751602E-01  4.624325469E-01
 -1.085951336E-02 -3.089602895E-03  4.359087160E-03
  1.012916565E-04  5.477452061E-04  1.437443737E-05
  1.954065687E-04 -3.565847160E-03 -2.386046682E-03
 -5.723439366E-03  1.115065775E-03  1.654486743E-03
  7.255500500E-03 -2.930713390E-02 -1.165129656E-01
  1.084641215E-02  4.890135198E-03  1.454706133E-01
  2.375988466E-02 -3.284497571E-02 -1.241480933E-02
MODE    28   FREQUENCY=1479.56221 (CM**-1)
  2.831147944E-02 -2.270822905E-01  6.584192032E-02
 -7.196659007E-03  8.676744700E-03 -4.278994152E-02
 -4.083346223E-02 -8.480368844E-02  7.887150181E-02
  3.412856007E-02  2.533977705E-03 -3.598667625E-02
 -2.850619395E-02  2.007648671E-01  2.275575218E-02
  2.131328253E-01  1.080794478E-01  2.128566345E-01
  1.621708663E-02  9.182650013E-03 -1.302325304E-02
 -4.091333516E-03 -9.553732191E-03 -8.055910627E-03
  2.090126056E-02  1.253429674E-01  6.167093484E-02
  6.786556883E-02 -2.374594070E-02  6.832590491E-02
 -1.388899061E-02  5.115058209E-02  1.772954467E-01
 -9.815199342E-02  2.059725025E-01 -2.938573981E-01
 -3.518668402E-01  4.316216577E-01  1.611698923E-01
MODE    29   FREQUENCY=1486.31126 (CM**-1)
  3.209451709E-01 -3.741744174E-01  9.196354190E-02
 -3.535556631E-02 -1.535201342E-02  5.617788792E-04
 -1.636323156E-02  3.837510591E-02 -5.321036677E-02
 -1.255544995E-02 -1.516421924E-03  1.665776417E-02
 -5.469250948E-02  3.194609134E-01 -2.872982445E-01
  3.803766080E-01  1.655159398E-01  4.145302047E-01
  7.991607213E-04 -2.888167197E-03  2.933168953E-03
  2.709019490E-03  5.162971844E-03  5.806716126E-03
 -1.649940894E-02 -7.996442282E-02 -3.733639151E-02
 -3.958445239E-02  1.620190092E-02 -5.363980568E-02
 -4.273551632E-03  9.297134102E-03  9.689456770E-04
  1.333630759E-02 -1.542518819E-01  1.625157489E-01
  1.597854208E-01 -1.882532738E-01 -6.790528365E-02
MODE    30   FREQUENCY=1494.00929 (CM**-1)
  5.268282925E-01  3.317692074E-02 -1.309846446E-01
 -1.251880497E-02  3.525381048E-02  2.178912242E-02
 -2.217911139E-02  8.799032009E-03  3.036304001E-02
  6.713697531E-03 -8.404371008E-04 -8.257785661E-03
  7.678335978E-02 -4.506323741E-01 -4.848574986E-01
 -3.334839467E-01 -1.520428678E-01  1.867078036E-01
  7.777361639E-03  9.123250142E-04 -4.178416210E-03
 -7.136879020E-04 -1.884501964E-03 -2.150409944E-03
  5.463633188E-03  2.835960503E-02  1.328602737E-02
  1.500819348E-02 -5.940809118E-03  1.801914193E-02
 -4.038766706E-03  1.613153290E-02  8.880423478E-02
 -1.475303875E-02 -5.426576270E-02 -1.101589956E-01
 -7.732239175E-02  8.945158277E-02  2.971710309E-02
MODE    31   FREQUENCY=1553.52737 (CM**-1)
  1.534300651E-03 -1.515224848E-02  1.329718573E-02
 -1.958551849E-03 -1.499756475E-03  7.567530401E-03
  9.469569704E-04  1.448080290E-02 -2.954627154E-02
 -7.988440866E-03  6.537751898E-05  1.119171736E-02
 -3.489143073E-03  1.095192895E-02 -9.977197200E-03
  1.505187971E-02  6.808401585E-03  1.263125212E-03
  1.044129359E-04 -5.178365970E-03  2.262222618E-03
 -2.115541650E-02 -2.253260585E-02 -5.411298211E-02
  1.740058127E-01  5.647767670E-01  2.291571049E-01
  1.915084483E-01 -1.171500510E-01  6.523102170E-01
 -6.136761622E-03  2.819597329E-05  4.205893225E-02
  1.068309973E-02 -3.373708521E-02  4.420718411E-02
  8.976418898E-02 -1.323334788E-01 -6.533109994E-02
MODE    32   FREQUENCY=3092.42469 (CM**-1)
 -1.217720135E-01 -2.211824851E-01 -4.412241659E-01
 -2.472365185E-02 -2.783322515E-02  3.274252225E-02
  5.960778896E-04  1.317613006E-03 -1.652050708E-03
  6.210807869E-05  3.164029036E-05 -9.884988858E-05
  6.538977997E-01  8.136496884E-02  3.411348086E-02
 -2.405831667E-01  4.583041747E-01  3.345518611E-02
 -1.179915500E-04 -1.021446729E-05  5.202139637E-05
 -6.748598660E-06  6.632224036E-05  2.924293018E-05
 -1.698438274E-05 -9.603210955E-06  1.131493240E-05
 -1.403766078E-04 -9.527664209E-04 -6.312281103E-04
  2.882682427E-03  1.489526424E-03  2.099841853E-03
 -6.524818106E-03 -2.439178142E-03  1.590884899E-03
  5.337921821E-04 -2.250400878E-03  6.748507298E-04
MODE    33   FREQUENCY=3170.08279 (CM**-1)
  8.075309724E-02  1.784624832E-01  3.549327240E-01
 -6.716340906E-02  5.677414570E-03 -2.924851877E-02
  4.310009491E-02  7.968267152E-03 -8.042597986E-04
  6.950975004E-05 -3.709879882E-04  2.885594440E-05
  5.718905134E-01  7.447563470E-02  2.334820759E-02
  1.528090634E-01 -3.224597660E-01 -2.811295795E-02
 -6.449984357E-04 -1.369441294E-04  5.395062381E-04
 -2.416498108E-05  1.867459726E-04  3.319111636E-06
 -1.057734067E-04 -2.198807969E-05  2.131244443E-05
  5.164369345E-04 -2.345618551E-03  4.383648934E-04
  9.792041750E-03  2.886853927E-03  2.003650843E-04
 -5.215231027E-01 -8.557720121E-02 -2.794627677E-03
  1.902428137E-03 -2.799741709E-03  7.269141818E-04
MODE    34   FREQUENCY=3190.05260 (CM**-1)
  1.602868359E-01  2.914400987E-01  6.121210993E-01
 -9.074340561E-03 -5.919105005E-02 -5.241839644E-02
 -3.475147139E-02 -7.718044158E-03 -1.037236387E-03
  1.393375963E-04  5.433748264E-04 -2.348596329E-05
  1.711873071E-01  1.167061664E-02 -4.690270355E-03
 -2.191692300E-01  4.129769291E-01  1.959501644E-02
  8.301830320E-04  3.727384493E-04  1.011204467E-04
  4.027501835E-06 -2.313557833E-04 -2.195704313E-05
  1.638353024E-04  2.578537220E-05  2.536088603E-04
 -1.644023800E-04  3.066156683E-03  2.135756496E-04
 -7.924507869E-03 -2.545624010E-03  4.554538269E-03
  4.039317506E-01  6.837370108E-02  8.041753597E-04
 -1.936048660E-03  7.998884362E-04  2.751697802E-03
MODE    35   FREQUENCY=3191.63384 (CM**-1)
 -3.524191596E-02 -4.312899683E-02 -9.672691421E-02
 -4.567570063E-02  4.043569011E-02  8.506990052E-03
 -5.859106535E-02 -9.697191873E-03  9.953822965E-04
  2.420826504E-04 -5.840410189E-05  2.796818526E-04
  3.463397921E-01  5.609665654E-02  1.452601072E-02
  2.463166004E-01 -4.928341867E-01 -2.946453348E-02
  1.166029684E-03  2.364748089E-05 -4.495538500E-04
  3.558645996E-05 -2.295439982E-04 -5.158087473E-05
  2.056018143E-04 -6.589787335E-05 -1.104983878E-04
 -6.908133438E-04  3.066756391E-03 -2.721701718E-04
 -1.079951988E-02 -1.538071158E-03  5.273556161E-03
  6.723674285E-01  1.121437946E-01 -2.600766023E-04
  7.684411223E-05  4.456542475E-03 -2.593880407E-03
MODE    36   FREQUENCY=3607.90805 (CM**-1)
  7.006573757E-05 -6.240273250E-04 -2.674186687E-03
  1.240496584E-05 -3.125870949E-04  1.183651630E-04
  4.206960201E-04  2.299365351E-03  1.262596423E-04
  1.510908310E-02  3.125886695E-02 -3.998174832E-02
 -4.981544989E-04 -8.022602870E-05  5.248427323E-05
  1.023720182E-03 -4.322032019E-03  1.173705934E-03
 -2.345561263E-04 -3.880067865E-04 -9.948850255E-04
 -7.497755153E-03 -2.526435547E-02 -7.775979155E-03
  2.688880997E-02 -5.725372798E-02  1.042378581E-01
  8.469048857E-02  4.548108215E-01  4.160280381E-02
  3.211485513E-03  1.605277619E-03 -1.314351793E-03
  1.946253884E-03 -3.544285902E-03 -2.298759369E-04
 -2.395642207E-01 -5.032273041E-01  6.279779971E-01
MODE    37   FREQUENCY=3650.32995 (CM**-1)
  1.616796467E-04  8.363390026E-04 -1.035439294E-03
 -4.293669066E-05 -8.973114721E-05 -3.195910879E-04
  4.405644925E-04  2.822661473E-04  1.095187191E-03
 -8.440471960E-03 -1.792770510E-02  2.240095992E-02
  5.745347371E-04  2.251782450E-04  4.813962439E-04
 -4.915360489E-04  2.068838513E-03 -1.401795959E-04
 -1.680258546E-03 -3.545935605E-04 -6.372221493E-04
 -1.187614284E-02 -4.459087168E-02 -1.381393583E-02
  4.412848155E-02 -1.022188181E-01  1.581695716E-01
  1.432738756E-01  8.058436837E-01  7.035112918E-02
  2.412349675E-02  7.099631366E-03 -1.432999193E-03
 -4.965839932E-03  7.286791749E-04 -7.763559700E-04
  1.375670744E-01  2.809665696E-01 -3.610211066E-01
MODE    38   FREQUENCY=3852.57423 (CM**-1)
 -2.744418123E-04 -1.636730079E-04  3.021726355E-03
  4.903814262E-04  2.580354199E-04 -9.938265294E-05
 -2.332331725E-03 -5.485944573E-04  4.832277838E-04
  1.058224608E-04  4.722453898E-04 -2.303654007E-04
 -2.679186521E-03  6.064974271E-04 -1.426005990E-03
 -4.387646903E-06  1.374982642E-04 -4.640101441E-04
 -5.589104587E-02 -2.214155023E-02 -4.304842702E-03
  5.272980413E-04  7.572862924E-04  9.158070457E-04
 -4.018599303E-03  8.689641356E-03 -1.479105632E-02
 -5.214326457E-03 -1.986832797E-02  9.047544806E-04
  8.988945106E-01  3.491848063E-01  5.868289617E-02
  1.545360988E-02  3.256631563E-03  8.126332651E-04
 -3.242241480E-03 -6.494612537E-03  6.131190361E-03
MODE    39   FREQUENCY=3942.29138 (CM**-1)
 -1.110228329E-05 -1.484644978E-04  4.151949955E-04
  6.389744255E-05  4.151540972E-05  3.323854403E-05
 -2.527777525E-04 -2.565422247E-04 -1.954327596E-04
 -1.541642543E-04 -3.276272749E-04  5.871790045E-04
 -1.234643356E-04 -4.116131911E-05 -9.684988193E-05
  1.419969950E-05 -1.214328887E-05 -9.814265202E-05
 -6.602412492E-04 -3.755364395E-04  1.998712527E-04
 -1.164992361E-02  4.029810400E-02 -4.840656767E-02
  2.300373439E-01 -4.357407298E-01  8.001985589E-01
 -4.415427632E-02 -2.011933747E-01 -3.616867161E-02
  1.130883329E-02  5.150083168E-03  1.261738324E-03
  9.517072038E-04  2.309678435E-04  1.293855437E-04
  2.043621779E-03  5.914835949E-03 -7.953891163E-03
----- END OF NORMAL MODES FOR -MOLPLT- PROGRAM -----
